S01C00006275696C642F64656275672F67656E657261746F722E7333379C
S3150800600008040020853B0108893B0108893B0108F3
S31508006010893B0108893B0108893B0108893B01083E
S31508006020893B0108893B0108893B0108C1790108B8
S31508006030893B0108089B010865790108CF89010891
S31508006040893B0108893B0108893B0108893B01080E
S31508006050893B0108893B0108893B0108893B0108FE
S31508006060893B0108893B0108893B0108893B0108EE
S31508006070893B0108893B0108893B0108893B0108DE
S31508006080893B0108893B0108893B0108893B0108CE
S31508006090893B0108893B0108893B0108893B0108BE
S315080060A0893B0108893B0108893B0108893B0108AE
S315080060B0893B0108893B0108893B0108893B01089E
S315080060C0893B0108893B0108893B0108893B01088E
S315080060D0893B0108893B0108893B0108893B01087E
S315080060E0893B0108893B0108893B0108893B01086E
S315080060F0893B0108893B0108893B0108893B01085E
S31508006100893B0108893B0108893B0108893B01084D
S31508006110893B0108893B0108893B0108893B01083D
S31508006120893B0108893B0108893B0108893B01082D
S31508006130893B0108893B0108893B0108893B01081D
S31508006140893B0108893B0108893B0108893B01080D
S31508006150893B0108893B0108893B0108893B0108FD
S31508006160893B0108893B0108893B0108893B0108ED
S31508006170893B0108893B0108893B0108893B0108DD
S31508006180893B010895B80008893B0108893B010845
S31508006190893B0108893B0108893B0108893B0108BD
S315080061A0893B0108893B0108893B0108893B0108AD
S309080061B0893B010810
S315080061B4F0B5114A114C124E00F00105E3695F0768
S315080061C413D40DB9334213D103EA00078F4207D11A
S315080061D40B4A1A40002A14BF6FF001000020F0BDD4
S315080061E4013AEBD16FF00200F9E74FF0FF30F6E71A
S315080061F46FF00100F3E700BF809698000000035093
S31508006204020001000B4B70B5D96911F480310DD128
S3150800621401244FF48072084E084DF46020462C641D
S315080062241A61FFF7C5FF3464EC6070BD6FF00100B6
S31508006234FBE700BF00000350001003500020035082
S315080062444FF4803238B50E4B0E4C9A66E56941F622
S31508006254713315400122E3630B4B0021DA600223F4
S31508006264606121202361FFF7A3FF10B92120FFF7FE
S315080062749FFF0122054BDA600DB10023E36338BDA5
S3150800628400900050000003500010035000200350F3
S3150800629470B5134C6061E3695B071ED40E4656F865
S315080062A4043B8D18A361AE420BD10423002121209F
S315080062B42361FFF77DFF58B9BDE870402120FFF739
S315080062C477BF08210846FFF773FF10B1042323613B
S315080062D470BD56F8043BA361E5E74FF0FF30F7E7D6
S315080062E4000003502DE9F84316464FF48032184B44
S315080062F489469A6603F51C33DA69074602F4803838
S3150800630441F67132DA63012203F58053114DDA60DE
S3150800631466B930460122104BDA60B8F1000F03D093
S315080063240022A3F50053DA63BDE8F88307F50054A1
S315080063342C40E41BB44228BF344649462246384614
S31508006344FFF7A6FF0028E5D12744A144361BDFE75B
S311080063540090005000E0FFFF00200350FE
S315080063600348044B834202D0034B03B118477047D6
S31508006370442D0020442D002000000000064B07494C
S31508006380C91A891048BF0131491003D0044B0BB113
S3150800639001481847704700BF442D0020442D0020AF
S315080063A00000000010B5064C237843B9FFF7D8FF64
S315080063B0044B13B10448AFF300800123237010BDCA
S315080063C0B81E00200000000004B3010808B5054BFC
S315080063D01BB105490548AFF30080BDE80840FFF743
S315080063E0CDBF00BF000000007004002004B3010800
S315080063F0A3F5803A704700BF174B002B08BF134B15
S315080064009D46FFF7F5FF00218B460F461348144AB1
S31508006410121A10F0B7FA0E4B002B00D098470D4B06
S31508006420002B00D098470020002104000D000D48DD
S31508006430002802D00C48AFF3008008F081FD200048
S3150800644029000FF08AFD08F05BFB00BF000008007A
S3150800645000000000000000000804002008040020D6
S315080064608820002000000000000000004FF00063B4
S315080064709B6A03F17842B2F5C04F03D21968064AFF
S31508006480914203D000230370836070470122027093
S315080064909A689B694260F7E707B0CD5E30B52A4A2D
S315080064A00446137885B01BB10223137005B030BDBE
S315080064B0CDE9013303930028F8D00125157013F0B0
S315080064C05EF9224B18600AF01CF8214B21495A6ED6
S315080064D0E2619B6E23624FF480438B661E4B5A68BB
S315080064E062621E4A9A601A6E22605A6E62609A6EDC
S315080064F0A260D3F87021E2601A6C22615A6C62615C
S315080065009A6CA261164A106C1864506C5864926CA6
S315080065109A644D661B6E180410D5124AD368D907BB
S31508006520FCD403AA02A901A809F0CEFF019A0E4BD2
S315080065301A66029A5A66039A9A66B7E70B4AD368A6
S31508006540DB07FCD4EDE700BFBA1E0020B00400202C
S3150800655000800050009000500080004455CEAC00EA
S3150800656000C000540000044000900044000004509D
S3150800657070B51E4D04462E78012E02D001232B70CD
S3150800658070BD0028FCD009F0BEFF01300BD009F021
S31508006590BAFF40F20113984205D0154B154A5E66BC
S315080065A0D368D907FCD42268134B1A6662685A6600
S315080065B0A2689A66E268C3F8702122691A64626959
S315080065C05A64A2699A64626AD20744BF00229A6032
S315080065D0E2690A4B5A66226A9A6609F093FF084BE3
S315080065E0186813F0C7F80023C9E700BFBA1E0020D1
S315080065F000900040000004400080004400800050E5
S31508006600B004002038B54FF00064A36A03F178425D
S31508006610B2F5C04F17D21A680D4B9A4213D10D4DD9
S315080066202B7813F0FD0F11D10B48FFF737FFA36A3C
S31508006630DB69984704460848FFF79AFF0CB9012317
S315080066402B70204638BD4FF48174FAE70024F8E72A
S3150800665007B0CD5EB91E002088040020002307B5C8
S315080066600193054B1B6812F01FFC019B002BFCD005
S3150800667003B05DF804FB00BF38220020EFF3058362
S315080066800F2B84BF034A9B5C4FF0E023D3F80C3DE5
S31508006690704700BFF0E300E030B5074C2568246872
S315080066A06A40D2B2891A101A090A41EA10216340CF
S315080066B023EA0100C0B230BD58100020044B1B6805
S315080066C0584043085B4240421843C017704700BF12
S315080066D058100020054B01311B680132434022EA5D
S315080066E0030208400243501E00B2704758100020AB
S315080066F02DE9F04F99B0CDE9021000211846019214
S3150800670005930AF091FB002800F0E7814FF0010994
S315080067108E4B05991493019815ABADF83090ADF8EA
S315080067203890CDF84090CDF8489013930AF005FBC1
S3150800673001301ED1039B33B9029B9BB9002318462F
S3150800674019B0BDE8F08F002103980AF067FA00280F
S31508006750F2D00024A046A2462746264600946FF0AB
S315080067600F03D5E0DDE901100AF022FA0028F0D17E
S31508006770E4E7002501990BA80B95ADF832500AF00D
S3150800678017FA0B9E0446BDF83270002840F09E8129
S315080067900D90ADF83A0005990DA80AF009FADDF84A
S315080067A034A00546BDF83A80002840F09481019B44
S315080067B00F90D9880FA80231ADF83890ADF830900F
S315080067C00AF08EF9044618B10F9B2C460093C6E7CB
S315080067D001460FA80AF022FA0F9B00930028BED1A3
S315080067E0019B1190D98811A802310AF079F9119CF8
S315080067F083460028B3D10DA80AF04FFA00F01F000F
S315080068001F2870D0C0F11F0319460BA804930AF07D
S315080068106CFA0B9EBDF832700028A0D104990DA819
S315080068200AF063FADDF834A0BDF83A80002896D15C
S31508006830C1463D46A7EB080B4FEA4B1319460DA870
S31508006840CDF834A0ADF83A8007930AF04EFADDF891
S3150800685034A0BDF83A80002881D1009B03EB8B0B4E
S315080068600DA90BA80B96ADF83270CDF834A0ADF88B
S315080068703A800AF091FA00283ADA09F1FF330799C3
S315080068800DA806930AF050FA09F1FF330AEB8303C1
S31508006890079309F18043023B0AEB830305F1FF3BAB
S315080068A005F180450893013D009BA5EB090503EB1F
S315080068B08505069B9B454BD8039B73B118460FA9C4
S315080068C00AF076F900287FF44AAF019B059A9B885F
S315080068D0928813FB02F3039A9380029B002B40F0E5
S315080068E0D880002314E0C1463D46CDF810B0A1E794
S315080068F0DBF800300BA90133CBF8003008460DAAA7
S315080069000AF081FB0B9E0346BDF832700028A7D01B
S315080069100BA801930B96ADF832700AF0D3F80DA8C0
S31508006920CDF834A0ADF83A800AF0CCF8009B0FA851
S315080069300F930AF0C7F811A811940AF0C3F80C21AE
S3150800694015A801F0E7F9019BF9E600BF010003006D
S31508006950079B56F82B101A684FEA8B09A9F1040011
S315080069603318914209934AD20023305807F000FFA2
S31508006970002914BF4FF0FF330346BBF1010F2B600C
S315080069800EBF0023B14459F8083C1593099B1B68B0
S31508006990169306EB8B031B6817932B6801332B6042
S315080069A02B680021013B2B6011A811940AF036F9D7
S315080069B0119C00287FF4D3AE069B1BB3089B1B686B
S315080069C02360079B11A91B68084663602A680AF0BA
S315080069D0A3FB119C00287FF4C2AE13A911A80AF0E4
S315080069E0DBF90028DCDC2A680DA911A8CDF834A04B
S315080069F0ADF83A800AF090FB30B1119CAFE64FF043
S31508006A00FF33BAE7069BDBE76FF00709009B11A87F
S31508006A1009FB03F909EBC50949460AF066F9119C11
S31508006A2000287FF49CAE0BA9084611AA0B96ADF870
S31508006A3032700AF0E8FA0B9E0346BDF83270002859
S31508006A407FF466AF01460BA80AF0EEF900281CDAB7
S31508006A500DA911A80AF0ACF80028CED1494611A80C
S31508006A600AF043F9119C00287FF479AE0BA9084671
S31508006A7011AA0AF0C5FA0B9E0346BDF83270002823
S31508006A807FF446AF2B68013B2B600BF1FF3B043DBF
S31508006A900FE704990BA80B96ADF832700AF044F983
S31508006AA0019B0BA99B880298ADF830300AF080F854
S31508006AB0014600287FF453AE02980AF0B5F900287B
S31508006AC07FF40FAF0123029A93800AE72C46A84663
S31508006AD0AA46009543E6009441E66FF00B032EE6BE
S31508006AE0044B1B68584043085B4240421843C01792
S31508006AF0704700BF5810002010B50B4C2268236859
S31508006B004240594081EA0200C00FFFF7E9FF2368B7
S31508006B10521A434022EA030208401043C00FBDE858
S31508006B201040FFF7DDBF00BF58100020F8B50D462E
S31508006B30014628681746FFF7DFFF0124C143074BC4
S31508006B401E68BC4202D346EA0100F8BD55F8240087
S31508006B50FFF7C6FF01340643F3E700BF58100020CD
S31508006B602DE9F04707460F4B88461E6819681D68C9
S31508006B70541E631C02D13046BDE8F08758F824A09D
S31508006B8057F8249050464946FFF7B6FF5146054345
S31508006B904846FFF7B1FF20EA05031E430543013CBB
S31508006BA0E7E700BF581000208842F0B504D000255A
S31508006BB0084F0438AA4200D1F0BD3E6850F8044F89
S31508006BC05E4024EA060451F8256001351E40344328
S31508006BD00460EFE7581000202DE9F04F1C4685B0F9
S31508006BE0DFF884900391064621461046D9F800300E
S31508006BF0D9F800300AF037FDC51D282D904634BF58
S31508006C004FF0FA0A4FF01E0AEB0825F00705029323
S31508006C102D1A0F9B2146009330460E9B029A0AF0C6
S31508006C201EFF0746C0B92A46214630460AF094FD9B
S31508006C30BAF1010A14D0224631460398FFF776FFC7
S31508006C402246834641463046FFF78AFFD9F8002098
S31508006C500BEA00039A42DCD0384605B0BDE8F08F4F
S31508006C606FF00D07F8E700BF5810002070B50C4606
S31508006C700646114620461A460AF0E1F90546A0B925
S31508006C80B36C33B921462046321DBDE870400AF080
S31508006C9075BAB4F90430002B09DB204609F0FDFF6C
S31508006CA0F36BB0EB430F09D9184D284670BD014662
S31508006CB020460AF0B9F80028EFD0F5E72046B36C6D
S31508006CC0984705460028F0D10436B4F90430002B5D
S31508006CD004DA002120460AF0A7F868B931462046AA
S31508006CE00AF05AF80028E0DB3246214620460AF028
S31508006CF000F90028F2D006E03246214620460AF07E
S31508006D007FF90028E1D00546CFE700BF80B0FFFF36
S31508006D10F0B514461F46054685B002A80E4609F08A
S31508006D20CCFE2346022100972A1D02A80AF0D3FAB0
S31508006D30044648BB06F110021146284602ABFFF787
S31508006D4095FF044600BB06F108073A463946284629
S31508006D5002ABFFF78BFF0446B0B902AB1A461946D9
S31508006D602846FFF783FF044670B93246314628465F
S31508006D7002ABFFF77BFF044630B93A463946284648
S31508006D8002ABFFF773FF044602A809F09BFE03480F
S31508006D9014F10E0F18BF204605B0F0BD00B3FFFF73
S31508006DA02DE9F14F9A461B6904460E4691460A9DFF
S31508006DB01BB9724801B0BDE8F08F02F11007002137
S31508006DC038460AF031F830B95146304601B0BDE8C8
S31508006DD0F04F0BF028B90AF11008002140460AF0D6
S31508006DE023F808B94946F0E7012140460AF01CF89D
S31508006DF00028DED13B463A4629462046FFF736FFAD
S31508006E000028D7D105F108083B462A4641462046C0
S31508006E10FFF72CFF0028CDD153462A46294620469F
S31508006E20FFF724FF0028C5D14246414620460AF10D
S31508006E300803FFF71BFF0028BCD14B462A46294604
S31508006E4020460AF0E6FE0028B4D109F1080B5B4695
S31508006E504246414620460AF0DCFE0028AAD1002117
S31508006E60284609F0E1FF014690B9404609F0DCFFE3
S31508006E7040B92B464A463146204601B0BDE8F04F98
S31508006E800AF041BF304601B0BDE8F04F0BF0E1B85B
S31508006E902B463A46204606F11001FFF7E7FE002882
S31508006EA088D105F110072B462A4639462046FFF7B2
S31508006EB0DDFE00287FF47EAF05F1180A2B463A4618
S31508006EC051462046FFF7D2FE00287FF473AF4B46A3
S31508006ED03A4639462046FFF7C9FE00287FF46AAFCE
S31508006EE03946284609F064FE00287FF463AF294630
S31508006EF020460AF0F9FE00287FF45CAF4346424676
S31508006F0031462046FFF7B2FE00287FF453AF2B46E2
S31508006F103246314620460AF07CFE00287FF44AAF06
S31508006F2053463246314620460AF073FE00287FF45F
S31508006F3041AF33463A46394620460AF06AFE0028EB
S31508006F407FF438AF43463A4639462046FFF78EFE69
S31508006F5000287FF42FAF5B46524651462046FFF77E
S31508006F6085FE00287FF426AF53463A46204606F1AA
S31508006F70080101B0BDE8F04F0AF04BBE80B0FFFF34
S31508006F802DE9F047012A8246DDE908490E46904672
S31508006F901F4644D8043009F084FE054650460AF0D8
S31508006FA0B8FF012882463CD1002106F1100009F0FD
S31508006FB03BFF48B9B9F1000F02D11B48BDE8F0877D
S31508006FC02070C7F800A0F9E7B8F1000F17D16B00D9
S31508006FD001334B453B60F0D8214604232A46304608
S31508006FE001F8013B09F07BFE0028E7D12A46691C17
S31508006FF0214406F10800BDE8F04709F070BE6B1C95
S315080070004B453B60D9D8002106F1080009F022FE5D
S315080070102146023001F8010B2A463046EBE70348C1
S31508007020CCE70348CAE700BF00B1FFFF80B0FFFF07
S3150800703080B1FFFF2DE9F84380460C4615461F46EA
S3150800704013B91D48BDE8F883043009F02AFE064640
S3150800705040460AF05EFF012881462AD12B7833B9CB
S31508007060012FEED12046BDE8F8430AF0F2BF06F13B
S315080070700108B845E5D832462046691C09F017FECE
S315080070800028DFD1494604F1100009F0C7FD0028A1
S31508007090D8D12B78042BD4D173000133BB42D0D17D
S315080070A0324605EB080104F10800BDE8F84309F08B
S315080070B0FEBD0248C6E700BF80B0FFFF80B1FFFFF4
S315080070C02DE9FF410E460546012106F1100009F09B
S315080070D0ABFE044650B928460AF01BFF01287AD1B0
S315080070E02146304609F0A0FE002801DA3B4C6EE046
S315080070F006F108082146404609F096FE0028F5DB09
S315080071002F1D3946304609F047FE0028EEDA394683
S31508007110404609F041FE0028E8DA684609F0CDFC49
S3150800712002A809F0CAFC4346424669462846FFF7C4
S315080071309DFD0446002844D133463246284602A916
S31508007140FFF794FD044600283BD1EB687BBB02A9F8
S315080071500322084609F05BFF044690BBBDF90C30D4
S31508007160002B04DA002102A809F05EFEC8B902AABB
S31508007170334611462846FFF779FD044608BB02AA9E
S315080071801146284605F114030AF027FD0446C0B93E
S31508007190684602A909F000FE104B041E18BF1C46DB
S315080071A00FE002A93A46084609F02AFFD4E702AAE0
S315080071B01146284605F10C030AF00FFD044600287F
S315080071C0D5D0684609F07EFC02A809F07BFC20466B
S315080071D004B0BDE8F081024CF9E700BF80B3FFFFB9
S315080071E080B0FFFF38B505460AF093FE01280C4625
S315080071F001460DD1204609F017FE002806DB204679
S3150800720005F1340109F0C8FD002803DB024838BD42
S315080072100248FCE70020FAE780B3FFFF80B0FFFFD3
S315080072202DE9F04F8846B5B01146054691469B466E
S31508007230FFF7D8FF0446002840F0938059462846B1
S31508007240FFF73EFF0446002840F08B8028460AF0E8
S3150800725060FE012840F07A81182102202F6C0EF07A
S3150800726046FC013706467F08002800F06D8106F1C6
S31508007270180A0AF057FE50460AF054FE13AB1819BE
S31508007280083409F01AFC202CF8D1594630460AF081
S31508007290CAFE0446B0BB83465F451ED15146284602
S315080072A00AF020FC044668BB13AB009332465346EB
S315080072B051462846FFF774FD044618BB5146284632
S315080072C00AF010FC0446E8B906F1100009F0FAFBCA
S315080072D006F1280009F0F6FB14E0BBFBF7F30122E0
S315080072E002FA03F1182207FB13B3C9B202FB0162C3
S315080072F0002B3AD01146284613AB0AF004FD044683
S3150800730000283FD04FF0000A13AB03EB0A000AF13E
S31508007310080A09F0D7FBBAF1200FF5D17CB905A800
S3150800732009F0CBFB05F1340A0BA809F0C6FB214688
S31508007330504609F08FFC012827D0A4F59F44AB6D71
S315080073409E420AD04EB130460AF029FE06F11800D0
S315080073500AF025FE304612F0B8FB14B140460AF092
S315080073601EFE204635B0BDE8F08F182349081046A2
S3150800737003FB016102920AF056FE029A04460028AF
S31508007380B8D0BFE70BF1010B86E72146484609F05E
S3150800739061FCB0FA80F349465B0905A8029309F037
S315080073A007FC0446002851D14A4651460BA809F065
S315080073B02AFE0446002849D1029A0BA905A809F015
S315080073C0B3FB0446002841D101467A1C13A80DF1E7
S315080073D04C090FF0D7FAA2464B465745039363D09C
S315080073E0514605A809F036FC039B07EB0A0193F8FA
S315080073F000B00AF1010A4BEA000B05A809F02AFCBD
S315080074005FFA8BFB039B4BEA400B03F801BBE4E7EF
S3150800741099F8010099F800E080EA0201CB4303F0ED
S31508007420010B43F300030EEA0303104001EA0302CB
S31508007430594009F8011F19F8013C024343EACB13E6
S3150800744009F8013C0CF1010CE245E1D20DF12C09D9
S31508007450484609F037FB05A809F034FB002C7FF4F1
S315080074606EAF05A80AF05EFD09EB0400083409F0C2
S3150800747024FB202CF8D107F1D0036B443246414651
S31508007480284613F8843C0AF0F1FB044670BB3E9B81
S31508007490002B4AD0DDE93E2341462846FFF738FC53
S315080074A0002842D0044621E000224FF0010CCBE729
S315080074B05346424641462846013F0AF024FC002826
S315080074C0F0D1324628461BF8073005A90AF0CEFB4C
S315080074D00028E7D1424641462846CDF800A005AB2C
S315080074E0FFF75EFC0028DDD1002FE1D105A80AF0E0
S315080074F0AFFB002709EB0700083709F0E3FA202F4E
S31508007500F8D1002C7FF41BAF41462846029A0AF0B0
S315080075102DFB044600287FF412AF3E9B53B9414623
S3150800752028460AF0DFFA044609E70DF12C0A0DF1A0
S315080075304C0BD9E74146DDE93E232846FFF7E8FB31
S3150800754004460028EBD0FAE6014CF8E6014C08E7B9
S3150800755080B2FFFF80B0FFFF30B4DDE9024524B1F9
S31508007560CDE9024530BCFFF75BBE014830BC704729
S3150800757080B0FFFF73B505461E460AF0CAFC01280F
S315080075800C4601460ED113462046009605F13402F4
S3150800759009F0A1FE044B10F10E0F18BF034618465A
S315080075A002B070BD014BFAE700B3FFFF80B0FFFFE2
S315080075B02DE9F0410D46014628461746984600F043
S315080075C047F80446B0B928460AF0A3FC012805F195
S315080075D0600612D142463946304609F068FB044631
S315080075E028B931462846FFF7FDFD044610B1304656
S315080075F009F068FA2046BDE8F081014CF7E700BFBC
S3150800760080B1FFFF70B5066C0D460736B3EBD60F93
S31508007610114604464FEAD60203D200230A482B60D5
S3150800762070BDB0F866302A604BB10AF072FC0128CA
S3150800763007D104F16000BDE8704009F050BB03486B
S31508007640EEE76FF06D00EBE700B1FFFF80B0FFFFDC
S3150800765038B504460D460AF0A6FC20460AF070FC2A
S31508007660032D257023D1144B144AA360A361A36389
S315080076702362A362124B626063624FF00113114AE0
S3150800768023636261104A114B6263114AE362E26145
S31508007690201D09F002FBE06304F1340009F0FDFA4D
S315080076A0206400200123C4E91600636438BD002362
S315080076B008482370FAE700BF01000800B0A80108CF
S315080076C050A8010890A8010830A80108D0A8010808
S315080076D070A8010880B1FFFF0538C0B206289ABF16
S315080076E0024B53F820000020704700BFD4A80108B9
S315080076F00023F0B5044603600A276FF067000C4EB6
S315080077000B68934203D21D78303D092D00D9F0BD90
S315080077102568B54209D87D43256013F8010B28442E
S315080077203038206000200B60EAE76FF06700EEE76C
S315080077309999991970B5094C256815B96FF02D00F6
S3150800774009E0667C864207D1267C8E4204D1002059
S31508007750156062681A6070BD1434EDE778A90108EF
S3150800776030B5084B1C6814B96FF02D0006E01D7C77
S31508007770854204D100205B680C60136030BD143369
S31508007780F0E700BF28A9010830B5084B1C6814B9F2
S315080077906FF02D0006E01D7C854204D100205B6851
S315080077A00C60136030BD1433F0E700BF00A9010870
S315080077B02DE9F04F0F460021054687B0084600938D
S315080077C090469B46134605AA109E09F0EFF82846F0
S315080077D00FF04CF9044638460FF048F90599022986
S315080077E00A4638BF02224B1C023A03EB9213234483
S315080077F01844119B984207D96FF02908129B186004
S31508007800404607B0BDE8F08F39B101200EF06FF998
S31508007810044618B9DFF8A080F2E70C46434620462E
S315080078200599CDF800B005AA09F0C0F8804618B148
S31508007830204612F04AF9E3E728460FF017F92946D9
S31508007840024630460FF005F928460FF00FF9A14613
S315080078504FF00A0A3518DDF814B0BBF1000F18D13D
S3150800786038460FF003F93946024628460FF0F1F874
S3150800787038460FF0FBF802462B18581C129B05F8E1
S3150800788002B0821B1A60119B59469A1A0FF07AF8B1
S31508007890CEE75A46402A28BF402249462846039240
S315080078A00FF0D7F8039AABEB020015440590914404
S315080078B005F801ABCFE700BF80EEFFFFF0B5054640
S315080078C087B00E461822002168460FF05BF81DB9EE
S315080078D0114C204607B0F0BD2B68002BF8D169463D
S315080078E030460BF002F804460028F1D1BDF80070C6
S315080078F068460BF0E0FA27F0FF03B3F5E24F07D02E
S3150800790047F201039F4205D1044B2B60AE60E0E7C6
S31508007910034BFAE7034CDCE780C1FFFFF0A9010837
S3150800792020AA010880C6FFFF2DE9F74F1646DDE9B4
S315080079300C89DDE90EAB04460D46109A01B923B150
S315080079401EB9124803B0BDE8F08F21680029F8D0A7
S315080079504BB928460192FFF7BFFE0AF0A2FB019A2F
S3150800796003460028EDD021684F696FB1CDE90FB203
S31508007970294632462046BC46CDE90D9ACDF83080D8
S3150800798003B0BDE8F04F60470148DBE780C1FFFF61
S3150800799000C1FFFF0048704780C6FFFF2DE9F04F82
S315080079A004468BB00E46DDE9149A0021174604A852
S315080079B018229846169D0EF0E5FF204604A90AF0FF
S315080079C094FF38B10722194B19490BF08CFE0BB0FE
S315080079D0BDE8F08F04A8BDF812B00BF06CFA46F0BB
S315080079E0C06143463A462046CDE901A5CDF8009048
S315080079F041F4E0610BF0D9F8034670B18533E1D163
S31508007A0043463A462046CDE901A5CDF8009046F012
S31508007A1006210BF0CAF80028D4D1CDE900A54B46BB
S31508007A20494658462A680BF084FED0E7818D00083F
S31508007A3086AA01082DE9F0471E469AB0804689466F
S31508007A4014460021182204A80EF09CFF0023F51DF9
S31508007A50ED0802936D00002C4CD04FF400534FF004
S31508007A60062A0AAF384644F482440A93ADF8104011
S31508007A700AF007FC0A9B4A460693414602AB04A84D
S31508007A80CDF81CA000F074FC18B101F079F9044691
S31508007A9002E0402D0DD9194C029800F073FB0346FD
S31508007AA054BB10B101F06CF9034618461AB0BDE88C
S31508007AB0F08703AB01934023DDE924120093304697
S31508007AC03B460BF08AFE04460028E5D1039BAB42F1
S31508007AD0E1D1CDE90073DDE92223514602980BF086
S31508007AE0A7F804460028D7D00722054B05490BF00E
S31508007AF0FAFDCCE7014BD8E72346D6E780C1FFFF5E
S31508007B00818D000886AA01082DE9F04105469CB03A
S31508007B100021164605A818221F460EF033FFA8684E
S31508007B2005A90AF0E2FE38B10722144B14490BF0F6
S31508007B30DAFD1CB0BDE8F081BDF8144005A804F4D0
S31508007B404F43B3F5824F18BF0024BDF816800BF0DB
S31508007B50B2F94122A86804AB0BA90AF01CFF002859
S31508007B60E2D1239B04990393229B0096CDE90173E6
S31508007B70E2B243460BA8FFF75DFFDAE7818D0008FE
S31508007B8086AA010870B5002306460846BEB0CDE9A8
S31508007B9003334122806803AB05A90AF0FCFE0446BC
S31508007BA018B101F0EDF83EB070BD16ADA022314611
S31508007BB028460EF04EFF28460AF05EFB023831468C
S31508007BC002284FF0A002284698BF179C0EF041FFE6
S31508007BD028460AF051FB0238022888BF00214FF0D8
S31508007BE0410398BF1799CDE900530022204604ABFC
S31508007BF06831FFF7C5F90028D5D1DDE903239A4294
S31508007C0008D1294605A80EF094FE034B002818BF94
S31508007C101846C8E70048C6E780C1FFFF2DE9F041CE
S31508007C2090460027ACB004ADA02206460C4628466E
S31508007C30414603970EF00DFF28460AF01DFB023851
S31508007C400228404698BF059F0AF016FB072811D15F
S31508007C5041222946D8F8080003AB0AF09CFE00BB6F
S31508007C603068039A041B944214D26FF06B002CB050
S31508007C70BDE8F08141230022CDE90053384603AB25
S31508007C8007F16801FFF77CF90028F0D13068A042B7
S31508007C90E7D2EAE7801A294630600EF0DAFE039842
S31508007CA0E5E70148E3E700BF80C1FFFF73B5054676
S31508007CB010460C4616460AF0DFFA022806D1324666
S31508007CC021462846FFF7AAFF02B070BD30460AF0E3
S31508007CD0D3FA072817D100232A680193944201D9B9
S31508007CE00A48F1E72146B06801AB121B0AF053FEB9
S31508007CF00028F5D12868019A2146801A28600EF0D6
S31508007D0028FE0198E0E70248DEE700BF80C1FFFFD2
S31508007D1080C6FFFF10B50A46044619B1024B00217A
S31508007D201B68984710BD00BF50AA0108F8B50D4E4C
S31508007D300D4C0E4D33680E48984767782B680C48EB
S31508007D40984733680B489847022F08D12478E31FD1
S31508007D505C425C412B68074898472046F8BD0024DA
S31508007D60F8E700BF402200205C1000203C220020DB
S31508007D705C110020C01100200E4B0340B3F1607F58
S31508007D8006D1B1F5885F0CBF00206FF086007047FA
S31508007D90B3F1707F0BD101F4E043B3F5005F06D170
S31508007DA011F4E06F14BF00206FF0860070476FF083
S31508007DB0860070470000C07F8A42F8B506460D4621
S31508007DC000F0CD806A4B22F4FF7121F0010199423F
S31508007DD010D0684922F0FF038B420BD022F47F7043
S31508007DE020F00300A1F57061884203D001F5A06177
S31508007DF08B4227D15E4B25F4FF7121F00101994290
S31508007E0010D05C4925F0FF038B420BD025F47F7018
S31508007E1020F00300A1F57061884203D001F5A06146
S31508007E208B420FD115F0FF000BD0534B40F000707A
S31508007E30984240F0968082EA0500FF288CBF002011
S31508007E400120F8BD05F0FE43B3F1A06F11D102F091
S31508007E50FE43B3F1A06F72D182EA050333F47E13B1
S31508007E606DD128046BD5C5F30540C2F3054290428F
S31508007E70E4E7B3F1407F62D102F0FE43B3F1407FFD
S31508007E805DD182EA050030F47E1458D13146284681
S31508007E90FFF772FF002864D1384912F47C1701EA0B
S31508007EA0020116D0B1F1607FC2F3054336D1D1B2D3
S31508007EB041F0007101F17E410339102901D830489B
S31508007EC0445C15F47C1F2FD19C4214BF002001206E
S31508007ED0B7E7B1F1607F0AD1D3B243F0007303F17B
S31508007EE07E43033B102B40D82649CB5CDFE7B1F134
S31508007EF0707F17D106F4E043B3F5005F33D1012351
S31508007F00C6F302218B4006F4E041B1F5005FD8D1F3
S31508007F100120C6F3022600FA06F4D2E7B1F1707F13
S31508007F20CFD1F0E73B46CCE71FB9C5F30541A142DF
S31508007F3015D0290403D5C5F3054098427EE725F4F4
S31508007F407F03B3F1106F0CD102F0FE43B3F1106F4B
S31508007F5007D10D48104040F01060A842B5E701204F
S31508007F606FE700206DE73B46CDE73B469FE700BF3E
S31508007F700002000600130006FF0000020000C07F92
S31508007F8054AA010854AA01080000FFF610B521F00A
S31508007F90FF02F0B1324C21F4875323F01F03A342AA
S31508007FA02ED0304B9A422BD021F4FF7323F00103D5
S31508007FB0B3F1062F24D004F5C064A24220D0A4F55C
S31508007FC0A064A3421CD0284B994235D06FF0860096
S31508007FD042E0244B21F4FF7424F001049C420FD0A4
S31508007FE003F588539A420BD021F47F7424F00304D6
S31508007FF0A3F570639C4203D003F5A0639A422BD184
S3150800800011F0FF0310D0194A43F000739342DDD0F4
S31508008010174A934221D003F17E43083B042B34BF11
S3150800802000206FF0850017E0B0B10E4B21F4FF7009
S3150800803020F001009842C9D00E4B9A42C6D06FF381
S315080080400901A3F570639942C0D003F5A0639A426B
S315080080500CBF6FF08600002010BD0020FCE700BFB3
S31508008060000300060002000600080006FF000002E2
S31508008070050000020013000637B505460C46FFF753
S3150800808055FE78B10023224601932946074801ABDD
S315080080900CF08EFE20B9019BA34218BF6FF0930027
S315080080A003B030BD6FF08800FAE700BF601000200B
S315080080B02DE9F843884617461C4600F033FD054669
S315080080C0002844D1D8F80060B6F8009009F4E043D7
S315080080D0B3F5804FB36808BF27F0010737EA0303F3
S315080080E02DD1A4B3244B24F4FF7222F001029A4244
S315080080F010D0224A24F0FF0393420BD024F47F7158
S3150800810021F00301A2F57062914203D002F5A06244
S3150800811093421FD114F0FF0304D0194A43F00073A9
S3150800812093421ED022464846F168FFF745FE0746A9
S3150800813068B9224648463169FFF73EFED0B96FF066
S31508008140840500233046C8F8003000F063FD284651
S31508008150BDE8F88304F0FE43B3F1407F04D123045D
S31508008160E0D56FF08605ECE7B3F1A06FF7D0044BC6
S315080081709C42D6E73D46EAE70002000600130006E1
S31508008180FF00000237B5044620B301A900F0CAFC77
S315080081900446F8B91D4B1E481B6898471D4D58B133
S315080081A0002401980BF017F92B68002818BF04461D
S315080081B01748984770B10AE00198037E032B11D13E
S315080081C00BF009F92B6804461148984728B10CB9F1
S315080081D06FF08F04204603B030BD002C08BF6FF047
S315080081E08704F7E7022B0BD1032303760379FF2BCA
S315080081F009D0002BD4D040690BF02EF90446D0E7FD
S315080082006FF09604CDE76FF08404CAE74022002099
S31508008210241200203C2200202DE9F3410D46194680
S3150800822000236F680B6038461646D5F814800BF0A5
S31508008230E7F8044688B938460BF0E4F8044660B90E
S31508008240FFB277B9B8F1000F05D1AB6823F47F43C5
S3150800825023F0030363B16FF08604204602B0BDE83D
S31508008260F081014668690BF0A5F80028EDD1F2E720
S315080082704FF6F8736A889A4227D8154B15481B6833
S315080082802F79984710B16FF08F04E6E707B901A870
S31508008290314600F007FC104B04461B680D4898470A
S315080082A010B1002CD9D1EEE7002CD6D10FCDD6F8D7
S315080082B000C066460FC695E8030086E80300002F4F
S315080082C0CBD1019BCCF81430C7E76FF08504C4E71F
S315080082D040220020241200203C220020154B70B5B5
S315080082E01B68054614481646984718B16FF08F0460
S315080082F0204670BD2B794BB96B69002433602B7E01
S31508008300012B14D034606FF0960407E02846D5E9AF
S3150800831008120BF0BCF804460028EDD0074B0648B7
S315080083201B6898470028E3D0002CE1D1DEE702233A
S315080083302B76F3E740220020241200203C2200205E
S3150800834010B5044660B1074B07481B689847204696
S315080083500AF0AEFABDE81040044B03481B681847FC
S3150800836010BD00BF40220020241200203C2200201D
S315080083702DE9F04F064600208BB00F461446994665
S31508008380CDE9060009921860002A00F09880B2F13B
S31508008390005F80F0978006AA314607ABFFF73CFFDF
S315080083A0024628BB069B5A6A8AB1069DA8466A6891
S315080083B06B88120A012A089358F824AF2B6A6DD0E5
S315080083C042498A425FD01AB36FF0860210E073689A
S315080083D01B0A15D0012B04D03C498B420FD00992B9
S315080083E0F2E7304609A909940AF069FD024638B150
S315080083F0DDE906010592FFF7A3FF059A3FE0099418
S31508008400099906980AF0DFF902460028CDD0EFE769
S315080084100DF1200B224639462846CDE9018BCDF8C9
S3150800842000A005930CF028FF10F1860F0246059B65
S3150800843009D1224639462846CDE9018BCDF800A058
S315080084400AF0E4F902460698002AD1D14288089B28
S315080084507ABB43804FF6F87293422DD8338813B10E
S3150800846002889A42B0D1738813B142889A42ABD136
S315080084704A460799FFF732FF02460028B8D1104648
S315080084800BB0BDE8F08F08AACDE90182394622462D
S315080084902846CDF800A00CF0EFFED3E708AACDE9F0
S315080084A00182394622462846CDF800A00CF010FE77
S315080084B0C8E79A42CED087E76FF0850298E76FF053
S315080084C08602DCE76FF08502D9E700BF020080006C
S315080084D047F2010102888A4211D10F4A23F4FF713B
S315080084E021F00101914214D023F0FF0302F58852CE
S315080084F093420CBF6FF085006FF08600704702F458
S315080085004F42B2F5824F04D16FF30803B3F1062F39
S31508008510EFE76FF085007047000200062DE9F0418D
S3150800852017461C4623F4FF721F4B22F001029A429B
S3150800853005460E4698B010D01C4A24F0FF03934215
S315080085400BD024F47F7121F00301A2F570629142E9
S3150800855003D002F5A062934222D1DDE91E1207ABD1
S315080085600193402314F0FF000DF1200818BF40F0D6
S3150800857000700093434609F0C0FF70B9229B3A4643
S315080085800493219B31460393209B28460293079B1D
S31508008590CDE9008323460AF03AFA18B0BDE8F0811F
S315080085A06FF08500F9E700BF000200060013000619
S315080085B044F20101028822F44050884211D10F4A40
S315080085C023F4FF7121F00101914214D023F0FF0337
S315080085D002F5885293420CBF6FF085006FF0860053
S315080085E0704702F44F42B2F5824F04D16FF3080385
S315080085F0B3F1062FEFE76FF085007047000200061B
S31508008600002307B51A46009102490AF069FB03B030
S315080086105DF804FB68AA010870B51B4E1B4C33684D
S315080086201B4898472378580744BF03F0FB03237079
S31508008630990705D500F01CFA237823F00203237066
S31508008640144D13482B68984733681348984763783E
S315080086501BB10023114A63605360002308210F48A9
S315080086606370FFF757FB2B680B4898473368084831
S31508008670984723780648DA0744BF23F00103237096
S315080086802B68BDE870401847402200205C10002087
S31508008690C01100203C2200205C1100206010002040
S315080086A02DE9F041FFF742FB18B100242046BDE84A
S315080086B0F081364F36483B689847044620B16FF03C
S315080086C08F04FFF7A9FFF1E7324D2B78D8070AD4B4
S315080086D00CF063FB044610B90CF068FB04462B78D3
S315080086E043F001032B702C4E29483368984710B184
S315080086F0002CE4D0E5E7002CE3D13B6824489847F2
S3150800870004460028DBD12B78990706D400F0A8F98F
S3150800871004462B7843F002032B7033681C489847AD
S315080087200028E5D1002CCCD13B6819489847002889
S31508008730C5D13368164895F8008098470028BED1F9
S315080087403B68164898470028B9D16B783BB918F0AA
S31508008750010F04D0124B6C605C6002236B703368A7
S315080087600E4898470028AAD13B6809489847002828
S31508008770A5D12B7806485A075CBF43F004032B7033
S3150800878033689847002890D099E700BF4022002018
S31508008790C01100205C1000203C2200205C11002043
S315080087A0601000202DE9F74300F4E040B0F5804F53
S315080087B00D4616461F46DDF828902CD101F16808AB
S315080087C0404609F05AFC88B94B46002241462846DD
S315080087D0CDE90067FEF7D4FB09F0B6FE0446B0B152
S315080087E03A46002130460EF0CDF810E000230193FA
S315080087F00D4B4146009305F1600205F11C0328461E
S3150800880009F044FC09F0A0FE04460028DCD0204606
S3150800881003B0BDE8F08349462846FEF7F3FE03B0E9
S31508008820BDE8F04309F090BE1F370108F0B51D46B4
S315080088300388174603F44F42B2F5824F18BF002348
S315080088400E46A1B04188D8B20AF05FFF0446F8B1D7
S31508008850684609F096FB21466846FEF7F9FE044687
S3150800886070B903460C4A684618A9FEF783FE044603
S3150800887030B93B46324629466846FEF7C3FE0446EB
S31508008880684609F0C0FB204609F05EFE21B0F0BD3F
S315080088906FF08500FAE700BF1F3701080368114A21
S315080088A010B59342044609D8023A934215D88BB1BB
S315080088B0023A93420BD06FF088000DE003F17E4335
S315080088C00A3B012BF7D804300CF0FBF902E0043020
S315080088D00CF0FFF90020206010BD04300CF0F5F90B
S315080088E0F8E700BF0900000210B503680F4CA34261
S315080088F008D8023CA34215D8023CA3420BD06FF01D
S31508008900880010BD03F17E430A3B012BF7D80430DB
S3150800891003F012FD02E0043003F066FDBDE81040E6
S3150800892009F012BE043003F039FDF7E7090000022A
S315080089302DE9F0411D460478064644F0007404F11A
S315080089407E44033C102C98BF1B4B0F4690468CBFA9
S3150800895000241C5D2A601AB1212138460EF012F84F
S31508008960444525D83268154B9A4208D8023B9A42A4
S3150800897019D8023B9A420CD06FF0880011E002F138
S315080089807E420A3A012AF7D83946301D03F0DEFC42
S3150800899003E03946301D03F031FD09F0D5FD00B975
S315080089A02C60BDE8F0813946301D03F001FDF4E77F
S315080089B06FF08900F5E700BF6CAA010809000002FC
S315080089C0064B10B51B6806489847064B044893F8AB
S315080089D0F040054B1B689847204610BD40220020F2
S315080089E0C0110020681000203C22002000F14043FE
S315080089F0052B70B505460E460CD82822174C02FBE7
S31508008A000344237E022B02D1636983421ED06FF092
S31508008A108B0021E001210AF0CDFC70B10F4B00223A
S31508008A201C46197E022902D15969A9420BD0013286
S31508008A30062A03F12803F4D1E9E76FF087000BE073
S31508008A406FF0960008E0282303FB024420460AF04C
S31508008A50A4FC0028F4D1346070BD00BF6810002063
S31508008A600122024B002083F8F0207047681000208E
S31508008A702DE9F0410A4C002526464FF00108032748
S31508008A802046C4F81C802776013509F011FF062D0B
S31508008A9004F12804F4D1002386F8F030BDE8F0810B
S31508008AA068100020F8B506460F46FFF789FF88B319
S31508008AB000241B4B22461D46197ED1B13CB902291A
S31508008AC005D1D96919B91979002918BF1C46013287
S31508008AD0062A03F12803EFD114B96FF08C0006E0DB
S31508008AE020460AF05AFC204609F0E2FE10B100249E
S31508008AF00EE01C46237E83B9012323763EB1651B0F
S31508008B00ED1003F1CC335D4305F180453560002057
S31508008B103C60F8BD6FF08800E9E76FF09600E6E77D
S31508008B206810002000232DE9F3410B6007460D4627
S31508008B30FFF746FF002864D0334B34481B68984734
S31508008B40064628B16FF08F04204602B0BDE8F081D2
S31508008B5029463846FFF74AFF10F18C0F0446DFF81E
S31508008B60B08008D0D8F80030284898470028EBD0BD
S31508008B70002CE9D1E6E729463046FFF793FF04467D
S31508008B8020B1D8F8003021489847DDE701232E6840
S31508008B90CDE90000694630467761736001AA0AF09C
S31508008BA0C8FC044628B9DDE90012304609F01EFE65
S31508008BB00446DDE900010AF0BAFC28684CB109F060
S31508008BC077FE14F18C0F08BF6FF0870400232B6023
S31508008BD0C8E78368D90444BF43F4806383609A0472
S31508008BE044BF43F400638360037E012B04BF022362
S31508008BF003760AF0D2FB04460028B3D06FF0960439
S31508008C00E4E76FF088049FE7402200202412002042
S31508008C103C2200200B4B10B51B6804460A489847AF
S31508008C2018B16FF08F04204610BD20460AF0D3FB1A
S31508008C30064B04461B68044898470028F3D0002CC6
S31508008C40F1D1EEE740220020241200203C22002029
S31508008C5037B5044630B1164B16481B68984720B1FD
S31508008C606FF08F04204603B030BD204601A9FFF7F8
S31508008C70BDFE114D044640B110F18C0F2B680D480E
S31508008C8008BF6FF087049847ECE70198C369012B82
S31508008C900AD109F00DFE04462B68064898470028B5
S31508008CA0E0D0002CDED1DBE70AF095FBF3E700BF46
S31508008CB040220020241200203C22002030B40D4D12
S31508008CC02C681C606C685C6000249C605468DC60DE
S31508008CD014881C8254885C8294685C61D4689C61A0
S31508008CE0126930BCDA6119620A46014603F12400AA
S31508008CF00DF0AFBE7DAA01082DE9F84323290446E5
S31508008D000F4691469846089E04D86FF0980528465F
S31508008D10BDE8F883082219490DF00BFE0546002820
S31508008D20F3D1A368002BF0D1216A243F8F42C8F8FB
S31508008D300010EAD3B1F5005FE7D271B9C9F80000AF
S31508008D40E3687360238A3380638A73806369B360D8
S31508008D50A369F360E3693361D9E701200CF0C7FE24
S31508008D60C9F8000030B1D8F8002004F124010DF04C
S31508008D7070FEE5E76FF08C05C9E700BF7DAA01081C
S31508008D8000F19903142B1AD8DFE803F017171919FD
S31508008D9019191917191919191319191B150B0F0D63
S31508008DA0110009487047094870470948704709483B
S31508008DB070470948704709487047094870470AF0DC
S31508008DC075BC0848704700BF00C3FFFF80C6FFFF99
S31508008DD080C5FFFF00C1FFFF80C0FFFF80C1FFFF06
S31508008DE000C2FFFF80C7FFFF70B5094D0446286023
S31508008DF008480160084909480A60094A1360A047FB
S31508008E002B68084898472B680748BDE870401847FC
S31508008E10482200204422002040220020241200205C
S31508008E203C220020C01100205C1100202DE9F04FE3
S31508008E30CDB0049008460C460DF018FE23180522FE
S31508008E400293002309AEC6E90023B3600793049B87
S31508008E500DF11C0BD3F80080B8F1000F40F01D810E
S31508008E6025464FF0010A8F4FCDF80C80029B9D4294
S31508008E7006D9B06800285BD138464DB0BDE8F08FFA
S31508008E80BAF1000F36D02B783D2B40F00481DFF87D
S31508008E9028922A1BD9F80080B8F1000F06D121467E
S31508008EA0304609F026F910B37E4FE5E7D9F80430C5
S31508008EB09A4206D12146404603920DF078FD039A60
S31508008EC010B109F11009E5E70390D9F808000DF08B
S31508008ED0CDFD0146706001200CF009FE7268D9F8D4
S31508008EE00810B0600DF0B5FD039BC8469A466C1C89
S31508008EF0CDF80CA02B782C2B03D115F8013C5C2B54
S31508008F0003D1029B9D4240F0C480A54203D1B068BC
S31508008F1010F0DBFDC8E72378232B74D100222B1B26
S31508008F2003F1FF3A1AF00109089204D05D4FB068C0
S31508008F3010F0CBFDA0E7033BB3F5027F4FEA5A0AD0
S31508008F40F4D2514601200CF0D2FD0746002858D02D
S31508008F50013420460AF0B2FC431C4ED007F809003B
S31508008F6009F10109CA4504F10204F2D83B4613F88F
S31508008F70014B5A4607EB0A0108A8089307F0F4FACA
S31508008F8000283AD1DBF80020B2F5807F35D81F2CAF
S31508008F90089907D8444BE340D80703D50B46501821
S31508008FA0984225D10CA80DF054FD384610F08DFDD9
S31508008FB0DBF8003004980093D6E901210CAB07F0E2
S31508008FC06FFC0746B06810F080FD0023B360002FE1
S31508008FD065D02B46FC601D46029A013395421C4615
S31508008FE002D06A78202AF6D04FF0010A002752E00C
S31508008FF013F801CBBCF1000FD2D1384610F065FD4D
S3150800900094E72A4F93E7039B002B80D10DF1300993
S31508009010A54207D80CABA9EB0303D8F80C40CBF84C
S315080090200030C5E794F800A0BAF15C0F2DD1A21C58
S31508009030954204F10107059217D938460AF03EFC15
S31508009040431C12D000283FF462AF059A09F1010CBF
S315080090505FFA80FA0CABACEB030CBCF5807F09F821
S3150800906001AB3FF454AF541CD2E7BD427FF64FAF75
S3150800907094F801A00E4851460DF08CFC00283FF4E8
S3150800908046AF3A4609F1010CE4E7224609F1010C1C
S31508009090E0E74FF0000A0135E8E6064FECE6034F35
S315080090A0EAE600BF80DCFFFF0010585080D7FFFFBC
S315080090B01EA4010800D8FFFFA4AA01082DE9F04F55
S315080090C00746A1B00D4601204B21144609930CF022
S315080090D00EFD8046002800F01C8100230B933B7A86
S315080090E029460893FA682B190CA807930C930AF0DB
S315080090F0A7FC041EC0F2F480264643D02246294621
S315080091000CA807F0DFFA041EC0F2EA8030222946CE
S315080091100DEB020007F0FAFA0028C0F2EF8034449B
S315080091200619324629460CA807F0CCFA041EC0F2E6
S31508009130D780312229460CA807F0E8FAB0F10009D1
S31508009140C0F2DA8009232946734A0CA807F047FBC0
S315080091500028C0F2D38026444E4400EB06094A464E
S3150800916029460CA807F0AEFA041EC0F2B9803022D0
S3150800917029460DEB020007F0C9FA061EC0F2C080A8
S31508009180A1444E44324629460CA807F09BFAB0F192
S31508009190000AC0F2AF80A02229460CA807F0B6FA4A
S315080091A0B0F10009C0F2A8800C9A29463868521B0B
S315080091B009F00EF9041EC0F293800C9B29461B1B6E
S315080091C07A680CA80C930AF08BFBA346041EC0F21F
S315080091D08780002229460CA807F04BFB0028C0F21E
S315080091E08D8056444E445E44264400EB06094A46A2
S315080091F029460CA807F066FA041E71DB30222946B8
S315080092000DEB020007F082FA061E79DB0FAB01931D
S3150800921040230898A1444E44009332466B440C9967
S3150800922040F0007009F0E0FB034600286AD12A9A4C
S315080092300492099A03920EAA02924B22CDE9008261
S3150800924010AA397A386809F005F80446002847D183
S315080092500121386808F0F5FF002848D1042138684C
S3150800926008F0EFFF002850D04FF004094846397A35
S315080092700BAB0AAAFEF75EFA044688BB32460C997F
S3150800928028460DF066FB079BCDF808900D930E9BBC
S31508009290A919CDE90083DDE90A230DA80AF086FBA2
S315080092A0041E1DDB0D983246801B294626440D9068
S315080092B00DF04FFB324629460DA807F003FA041EA7
S315080092C00EDB302229460DA807F020FA071E1EDB02
S315080092D00D9A00212846521B0DF054FB34443C4499
S315080092E0404610F0F2FB204621B0BDE8F08F4FF063
S315080092F00109BBE75446F3E74C46F1E70446EFE7B6
S315080093003446EDE76FF06F04EAE7044CE8E73C46BD
S31508009310E6E7034CE7E700BF3FA4010800DDFFFFCF
S3150800932080D7FFFF70B5002686B005960A9E0C46C4
S3150800933000961546FFF7C2FE00280ADB2A1A05AB77
S31508009340CDE9015304490346009404482244FEF734
S315080093502FFA06B070BD00BF49A401086CA4010825
S31508009360BFF34F8F0549064BCA6802F4E062134300
S31508009370CB60BFF34F8F00BFFDE700BF00ED00E0F5
S315080093800400FA050348044A0449121A92100AF01E
S31508009390FCBB00BFB4610008606300088820002099
S315080093A008B5154B83F30A8800F030F8FFF7EAFF93
S315080093B0124B13498B4212D30020124B12498B428F
S315080093C018D3FDF719F8186850F82240586840F87D
S315080093D02240013298688242F5D30C33EAE700222C
S315080093E0F8E71C6844F8220001325C68A242F8D308
S315080093F00833E4E70022F8E7080000200CB3010868
S3150800940018B3010818B3010818B301084FF48041CE
S31508009410144B154A70B59A60D3F88820134D42F458
S315080094207002C3F88820124A05F5005491664FF079
S31508009430FF3222666FF4003262660D22A2660222AD
S31508009440C3F8D020BFF34F8FBFF36F8F4FF440366A
S31508009450002003F0D3FD0020E66003F0C1FD2E6175
S3150800946070BD00BF00ED00E0006000080080004409
S31508009470009000502DE9F04F144606460F4689B075
S315080094800393C36B01225B6904A960689847F36B71
S3150800949001225B6905A93846984704A80AF0D7FF50
S315080094A0054650B10023A37563754FF0FF33A360DB
S315080094B00025284609B0BDE8F08F05A80AF0D4FFB4
S315080094C00123A375237E04EBC303DF611D84636850
S315080094D0BB420ED1206005A80AF0E7FF4FF0FF3324
S315080094E02075A360237D043B022B26D80023A37591
S315080094F0DEE723681A1A53425341A37505A80AF0F2
S31508009500D4FF237D834218BFA57505A80AF0B0FFCE
S31508009510804604A80AF0ACFF804518BF002305A8BA
S3150800952018BFA3750AF0ABFF804604A80AF0A7FF88
S3150800953080451CBF0023A375D4E705A80AF098FF49
S3150800954080B1F36B022238465B6906A9984706A8DC
S315080095500AF09CFF0346207D032839D8DFE800F08F
S315080095603838040905A8F3E7CC22237E04EBC303A5
S315080095701A8401F095FA129B187005A894F81880B9
S315080095800AF06AFF04EBC80888F82200237E05A8BB
S3150800959004EBC303B3F820A093F822800AF068FF0F
S315080095A0814605A80AF06BFF8346B9F1000F14D06F
S315080095B0F36B022238465B6906A9984706A80AF0A3
S315080095C02BFF607568B90023A3754FF000093CE0CE
S315080095D0227E04EBC2021384CBE705A80AF007FF34
S315080095E0EFE794F81690B9F1000FEED0BAF1000F34
S315080095F00DD1B8F1000F1DD00123E375637E002B52
S315080096003FD1B8F1010F30D184F8198014E0736C9A
S3150800961007EB0B015A4287EA010010421CBF0022E1
S31508009620A2755A1E0A409B1A9A45CCD8A37D002BD0
S31508009630DFD1CAE7E37D43B94FF0000953465A46DE
S31508009640394630460AF04EFCA060A37D13B1226964
S31508009650524422611F49227E097891421AD9013261
S315080096602276039ACAB91D4623E796F834307BB9A1
S31508009670F36A0133E2D1B8F1030FDFD10123A376F0
S31508009680DAE7B8F1010FE0D0B8F1030FD4D1F5E766
S315080096909946D3E70023A3750BE7002B3FF409AFE0
S315080096A0E57D002DDFD0B9F1000F11D1B8F1030F18
S315080096B03FF4FFAEA1684B1C3FF4FBAE129B22465B
S315080096C0009330460123FFF7D5FE0546A075F0E660
S315080096D04D46EEE694AC01082DE9F04F0E46984645
S315080096E000238BB004464FF0FF31104617468DF81D
S315080096F0133001F0BFF9B6F5801F20D2314605AA0E
S3150800970004F108000AF0F5FD451C014603D1237C47
S31508009710BBB92D2010E0384601F0ACF901223946D4
S3150800972020460DF113030AF02FFC0028EFD09DF810
S31508009730133088F8003000200BB0BDE8F08FB01C5D
S31508009740E5D1E56A691C36D12046616A0AF010FB44
S315080097500546B31C18BF0123DFF8CC900193636A52
S31508009760626C0293236805A902FB053AE36B05229E
S315080097705B695046984705A80AF003FF0AF026FFDA
S3150800978050460AF02EFF4FF0000B824601464B1C4E
S3150800979005D0636C81EA0A025B42134211D029465E
S315080097A020460AF0E5FA029BAB422CD0BBF1000F2B
S315080097B02CD10546D3E72368ED1A636CB5FBF3F5A0
S315080097C0C7E7484601F056F90DF113034946204606
S315080097D0019A0AF0D9FB034690B1B21C03D0D9F816
S315080097E00020B2420CD19DF8132003930D4B88F844
S315080097F0002049461A6838460DF02BF9039B9B460C
S31508009800D9F80810C3E7BBF1000F82D0B6F5801F60
S3150800981091D2314698F800307A6804F1080001F0D0
S315080098206FF888E790AC0108BC1200202DE9F341D7
S315080098300446174698460E46184D816AE36A8B42D7
S3150800984001D04B1C02D102B0BDE8F081284601F0D8
S3150800985011F90122294620460DF107030AF094FB67
S3150800986038B14346294620469DF80720B8470028C0
S31508009870E9D0A9684A1C04D1696820460AF005FBA4
S315080098800146012EDAD16B6881EA0302636C5B42FA
S315080098901A4218BF4FF0FF31D0E700BF90120020E0
S315080098A02DE9F0474FF0FF334FF6FF7200250446C7
S315080098B000F108078AB0C0E90923C3620562056397
S315080098C0384688460AF0E6FC20460AF0D1F960BB1D
S315080098D0204641460AF09CFA20460AF0C9F960BBC0
S315080098E05E200AB0BDE8F0872368E26B606C5669B3
S315080098F000FB0530052205A9B04705A80AF041FE78
S31508009900012806460CD1294620460AF052FA012EAD
S31508009910024600D10132294620460AF0C8F903E07A
S315080099200AF059FE0028EED10135E3699D42DBD3E2
S3150800993020460AF09DF90028CAD020460AF0C8F940
S315080099404FF6FF72636A934200F0A680E26B666C7C
S315080099502068694606FB030055690522A84768463C
S315080099600AF0E6FD626A2368606C4C4D00FB023023
S315080099700AF037FE4FF0FF33A062E3622A466FF023
S315080099800101204605ABFFF7A7FE002846D1AD68C2
S3150800999029462046E5620AF047F9206320B92046A1
S315080099A0E16A0AF072FAE062294620460AF06DFA80
S315080099B00546A36A9D4233D120460AF0F3F80026ED
S315080099C08046B146E36999453CD3B04559D9204606
S315080099D0616A0AF0CDF90027054604F1400AB74244
S315080099E012D3626C2368694602FB0539E36B0522CC
S315080099F05B694846984768460AF09AFD5346024608
S31508009A004946E06B0AF0EFFD294620460AF0B0F910
S31508009A100137B8450546E2D1642062E7A56AB7E78B
S31508009A20294620460AF000F9236B294603440646D0
S31508009A30236320460AF029FA0546002EB9D1C4E95F
S31508009A400B06B6E7636C2568052203FB0955E36B2D
S31508009A5005A95B692846984705A80AF092FD0AF009
S31508009A60B5FD58B128460AF0BCFD014620460AF065
S31508009A70DBF8636C143B984208BF013609F101090B
S31508009A80A0E738460AF006FC002320461946044A91
S31508009A90FFF7CCFE002024E7672022E7E812002023
S31508009AA0773F01082DE9F041036B9046826B90B031
S31508009AB09A4288BF8363426C436A07680E4602FB74
S31508009AC00377C36B01A905225B69044638469847A4
S31508009AD001A80AF056FD01280146307057D0656C7A
S31508009AE0E26B2368606AD2F814C005FB00300522D1
S31508009AF006A9E04706A80AF044FD01284FF000052C
S31508009B0023D0D4E90A3201219342CDE90B458DF8D9
S31508009B1034800E958DF83C102AD1194620460AF055
S31508009B20B4F9236B626C14339B1AE06223630C9BB3
S31508009B3053B99DF83C303BB1626A616C2368E06BAF
S31508009B4001FB02310AF0D5FC0C9DE36B05225B692B
S31508009B5001A93846984701A80AF013FD307028462F
S31508009B60236BA26B9A4288BFA36310B0BDE8F0814D
S31508009B70237C33B91C490BAA04F1080000F00EFF38
S31508009B80D5E72046194A0BABFFF750FECFE7237CF3
S31508009B9023BB2246164904F1080000F0FFFE616A5D
S31508009BA020460AF006F9616A421C20460AF07FF848
S31508009BB0054620B9236B626C1344143B2363204685
S31508009BC0A16A0AF062F92368A062C01A636CB0FB46
S31508009BD0F3F0606220460AF09BF9B6E700232046B8
S31508009BE0044AFFF723FEDAE719A3000895A200083E
S31508009BF011400108AD3F010873B50D46D11E4A4212
S31508009C001C461B7E4A419A4226D1296823689942F6
S31508009C1022D3636899421FD8114E0DF107033246C5
S31508009C20FFF75AFDC0B972686B689A4214D19DF85D
S31508009C300730DA1E53425341227E93420CD16369A0
S31508009C4001336361D4E90323934205D22968A268E4
S31508009C5042F8231001332361012002B070BD00BF12
S31508009C60E81200202DE9F04F9A468BB09DF8503047
S31508009C70DFF850B10293DBF81030804653450D46A5
S31508009C801646C0F09880D146DBF804300193B9F146
S31508009C90000F00F08C80D8F83C3001225B6907A9D8
S31508009CA00198984707A80AF0DFFBDBF800309842CE
S31508009CB040F0848007A80AF0E2FB0428074614D17E
S31508009CC007A80AF0E3FB019B029A04463B44002AD4
S31508009CD03ED1864212D91446361A404601990AF0F0
S31508009CE0D4F8A9EB04090190D1E7D8F83C30022250
S31508009CF05B69019808A9984708A8E2E7841B5445B8
S31508009D0028BF5446032C03EB0607AAEB040A1DD901
S31508009D10D8F83C30294638465B69A208984724F0AB
S31508009D20030304F003061F441D44002ED5D0D8F8BB
S31508009D303C3001225B6908A93846984732462846CE
S31508009D4008A935440CF085FE0026C6E72646ECE74A
S31508009D50074600F00302039203442A180492059367
S31508009D60049BDD1B059BD81B039B9F420FD1002F2D
S31508009D70B3D0D8F83C30012208A95B6998473A461F
S31508009D80284608A90CF0D5FD78B93D44A5E7D8F8CA
S31508009D903C30012208A95B6998470422284608A98D
S31508009DA00CF0C7FD08B9043FDAE74FF03609484614
S31508009DB00BB0BDE8F08F4FF06309F8E74FF06F0975
S31508009DC0F5E700BF141300202DE9F0410F461646AB
S31508009DD09846044688B060B390F83450FDB1012126
S31508009DE009F03BFF00210E9BCDE90511CDE90237AD
S31508009DF09DF83C30CDF804808DF81C30237C049601
S31508009E008BB90D4901AA04F1080000F0C7FDDDE988
S31508009E100553E06B002E08BF1D460AF007F92846D1
S31508009E2008B0BDE8F0812046044A01ABFFF7FEFC06
S31508009E30EDE70546F3E700BFDB3F0108F99B00089D
S31508009E402DE9F04F99B0CDE90B230E460A69416C0E
S31508009E50D31D1439B3FBF1F3013302EBC302036BD1
S31508009E6004469342C0F00F820023DFF8209409933A
S31508009E70E36A48461946079300F0FCFDD6E903371E
S31508009E8005930C9B022B1CD1CC2F40F074810B9BA5
S31508009E908BB1314620460AF027F9656C14900B9B66
S31508009EA063B1E36B01225B69706816A9984716A827
S31508009EB00AF0DEFA0CE0059B1B68149308230E9340
S31508009EC00DE0782F656CEAD80B9B002BE9D1F07D65
S31508009ED000280CBF04230823782F0E9328D90123C2
S31508009EE00025089308230393336808990C98C9F842
S31508009EF00030C9F810700AF0DCFA00230F930D93AE
S31508009F0006930A93039BDDF81CA09B0889F81400A6
S31508009F101193616C03984A1E0AEA02028B1AEFB182
S31508009F200544AB421CD8236B5B1A1344236386E0B3
S31508009F30079A6B1E1340EB1A3A1D934207D257B184
S31508009F40082BCCD80023042508930395CCE70025D5
S31508009F5004230895C7E704250897F6E78342E2D362
S31508009F60039AB8469B1A9F4228BF984652449F4276
S31508009F70049278D90123D9F8102089F81730974226
S31508009F8076D1C9F804A0069399F81730002B71D03A
S31508009F9099F818200699D31C09EBC3030132C3F8B4
S31508009FA004A0A3F80880997289F81820B8F1000F60
S31508009FB014D00C9B022B60D10F9B7BB90D9B43449D
S31508009FC0032B0BD9E36B01229B69049814A99847C4
S31508009FD00546002840F0D58001230F93069B16A856
S31508009FE00193089B009399F814204346316800F0C2
S31508009FF0F7FCE36B50469B69119A16A99847051E0C
S3150800A000099B18BF5346039A09935146434620466F
S3150800A01009F068FF236B039AC9F808009B1A08F130
S3150800A020030222F003029B1A2363002D40F0A98045
S3150800A0300D9BDDF810A04344A7EB08070D93514686
S3150800A040204609F022FF00258246002F7FF461AFE3
S3150800A0508E4A3168936804F10800E36252680C9BE3
S3150800A06000F04EFC89E0069B002B18BF03238AE705
S3150800A070022388E7C9F804A098E70B9B002B30D188
S3150800A080059BB8F1030F03EB080B27D9DDE904019B
S3150800A090E36B4FEA98029B6998470546002864D106
S3150800A0A018F003025ED0059B28F003052B440593A0
S3150800A0B0049B1D444FF0FF33059915A815930CF022
S3150800A0C0C8FCE36B284601229B6915A998470546F3
S3150800A0D0CDF814B0002D81D0049B94E74246049D28
S3150800A0E0E8E706F12003DDF810B01093F37D7068F9
S3150800A0F09BB10023357E0A9AD9B2A94211D210998A
S3150800A10003F1010C31F83310914225D90E9906EB6B
S3150800A110C303D8690A44104403E00E9B0A9A134401
S3150800A1201844E36B01225B6915A99847159B012220
S3150800A13013930A9B584604330A93E36B13A99B6946
S3150800A1409847049B05464344A3EB0B03042B06D907
S3150800A15070B90BF1040BC9E76346521ACCE7CDF880
S3150800A16010B0B7E7CDF814B038E7CDF814B0B3E7B8
S3150800A170CDF810B0B0E770252F46384619B0BDE8BF
S3150800A180F08F3D2DF8D104F1080303932368079A4D
S3150800A190606CD71AB7FBF0F700FB07300AF021FA14
S3150800A1A0E16A8246204609F070FEA16AD4F830E0DA
S3150800A1B08142626C59D0D9F8083002F1FF3CAEEB07
S3150800A1C0020103EA0C030B44236309992368E0623E
S3150800A1D0CB1AB3FBF2F847453BD1079BB3EB0A070B
S3150800A1E011D0E36BBA0851469B6998478346E36AE0
S3150800A1F0079A3B44E362236B03989B1A53442363F1
S3150800A2000AF048F85F462368616CE06B01FB083189
S3150800A2100AF05CF9204609F02BFD204609F058FDA6
S3150800A220626A2368606C00FB02300AF0DAF9A06201
S3150800A230204609F06DFE20636FB13269616CD31D4B
S3150800A2401439B3FBF1F3013302EBC30290429DD2FA
S3150800A25092E70027D7E704F108000AF01BF83B4607
S3150800A260394620460A4AFFF7E1FA3269616CD31D7E
S3150800A2701439B3FBF1F3013302EBC302236B9342A8
S3150800A280BFF4F6AD78E71C2777E700BFBC120020BD
S3150800A290773F0108032A2DE9F34106460D4617467E
S3150800A2A01C4606D1237A012B23D0012002B0BDE833
S3150800A2B0F081DFF86080096842460DF10703FFF771
S3150800A2C00BFA60600028EDD19DF80730032BE9D022
S3150800A2D0D8F804206B689A42E4D1237A2969012BBD
S3150800A2E0D4F80CC007D172690CEB0103934202D96A
S3150800A2F02074207CDAE708316144E1603B4601229C
S3150800A30029463046FFF79CFD60600028CAD0002029
S3150800A310CCE700BFE81200202DE9F341032A1746CF
S3150800A320089C06D1237A012B25D0012002B0BDE86E
S3150800A330F0812668DFF89080304642460DF1070323
S3150800A340FFF7CAF960600028ECD12568D8F8040040
S3150800A350A96A6A6C4840534210EA030CE2D1237A90
S3150800A360012B0AD1E068D8F810300344706983429B
S3150800A37003D984F810C0207CD8E72868EB6A1B1A32
S3150800A380081AB3FBF2F3B0FBF2F083420BD1706C00
S3150800A390F36A421E1340326B121A1344284633637B
S3150800A3A009F073FDE862D8F81020E3680832134410
S3150800A3B0E36001223B4604492068FFF741FD6060DF
S3150800A3C00028AFD00020B1E7E81200202DE9F041BF
S3150800A3D00025604B0E46D3F8008004461D6018B968
S3150800A3E021252846BDE8F08190F8347007B30A683D
S3150800A3F003689A4240F0A4804A6843689A4240F04B
S3150800A4009F808A6883689A4240F09A80CA68C368BF
S3150800A4109A4240F095800A6943699A4240F09080D2
S3150800A4208A69C36B9A4240F08B804B698361D8E78F
S3150800A43068223946856B0CF0A5FAD6E9021233680C
S3150800A44004F1080023607368A56363603369636178
S3150800A4507369A36109F030FFB36904F14000E3634F
S3150800A4609B68984720B9676C17B16368B3FBF7F721
S3150800A47094F84330E761002BB2D00023656C23665D
S3150800A480002D65D0002F63D02368B3FBF5F205FBDA
S3150800A4901233002B56D16668B6FBF5F305FB13633A
S3150800A4A0002B4FD1204609F0AFFBA36904330344C0
S3150800A4B09E4249D340F634726369CC3B934245D8F1
S3150800A4C0B5F5805F44D30321204609F0C6FBD4E9DD
S3150800A4D00001E36B1B6898470546E36B0220DB68BF
S3150800A4E09847D5B941462046FFF7DAF96428054664
S3150800A4F004D141462046FFF7D3F905466DB9636C8A
S3150800A500226A143B204602FB03F609F07DFBA36989
S3150800A510043303449E4238BF5A25002D0CBF01233D
S3150800A520002384F8343007D1D4E900010A4A1368B5
S3150800A5300133136009F05AFFE06B09F077FD50E725
S3150800A5405D254EE759254CE75A254AE75F2548E732
S3150800A5505B2546E78C120020881200202DE9FF4172
S3150800A5600C4616461F46054688B390F8343083B322
S3150800A570B1F5801F2FD2DFF86480012109F06DFB49
S3150800A5804246214628460DF10F03FFF7A5F8024675
S3150800A590C8B99DF80F30012B10D1D8F81030BB423E
S3150800A5A013D1009031462846FFF75CFB0446E86B5A
S3150800A5B009F03CFD204604B0BDE8F081022B0CBF33
S3150800A5C060242D24F3E72D24F1E76324EFE7212403
S3150800A5D0F0E71124EEE72924ECE700BF1413002066
S3150800A5E02DE9F04385B00E4617461C460546DDF8AC
S3150800A5F03080A0B390F834309BB3B1F5801F32D2C7
S3150800A600DFF86890012109F028FB4A4631462846BA
S3150800A6100DF10F03FFF760F8E8B99DF80F30012B2D
S3150800A62014D1D9F8102004EB08039A4215D3224610
S3150800A6300090434639462846FFF714FB0446E86B64
S3150800A64009F0F4FC204605B0BDE8F083022B0CBFE8
S3150800A65060242D24F3E72D24F1E76324EFE7212472
S3150800A660F0E71124EEE72924ECE700BF14130020D5
S3150800A6702DE9F3411E4600230C461746054633606E
S3150800A68050B390F834304BB3B1F5801F28D2DFF8B9
S3150800A6905480012109F0E1FA2146424628460DF187
S3150800A6A00703FFF719F80446A0B99DF80730032BEE
S3150800A6B010D0022B03BF01233B600423D8F81030C7
S3150800A6C018BF38603360E86B09F0B0FC204602B06A
S3150800A6D0BDE8F0812D24F6E72124F7E71124F5E7F4
S3150800A6E02924F3E71413002073B50446416909F0D9
S3150800A6F070FA626E236B024493422CBF0022012239
S3150800A700834294BF00231B1A207C84F8502063657B
S3150800A71084F85800A8B100230B4E1A46194620465D
S3150800A720009609F0A5FD002305461A461946204657
S3150800A730009609F0A6FDE3682844984294BF0020D5
S3150800A740C01AE06502B070BDFFFF0F002DE9F347A0
S3150800A7501E4643690446B342884617469DF8289024
S3150800A7604FD300258DF807502046616909F031FA64
S3150800A770D4F830A082450AD2236AB5EB430F06D235
S3150800A780002220460DF10701FFF78CF9B8B39DF8B2
S3150800A7900730012B05D1002220460DF10701FFF7EE
S3150800A7A081F9B9F1030F06D03146204609F011FAAE
S3150800A7B0256B854227D3154D4FF0FF31284600F00B
S3150800A7C059F94B46294600222046C5E90376C5F8BD
S3150800A7D00080FFF735FB236E054663B12046FFF779
S3150800A7E083FF94F8503013B994F858301BB1236E90
S3150800A7F004F150009847284602B0BDE8F0870135B5
S3150800A800B2E76225F7E71C25F5E700BFE812002046
S3150800A8102DE9FF410F4690461E46054698B390F827
S3150800A820343093B3B1F5801F31D21A4C022109F0A6
S3150800A83014FA2246394628460DF10F03FEF74CFF57
S3150800A840024678B1012342460093394633462846E4
S3150800A850FFF77CFF0446E86B09F0E8FB204604B0E6
S3150800A860BDE8F0819DF80F30012BEBD12169B1428B
S3150800A870E8D10093414633462846FFF7F3F90446E4
S3150800A8800028DFD1E7E72124E8E71124E6E72924B1
S3150800A890E4E700BF1413002030B50C46054685B022
S3150800A8A028B390F8343023B3B1F5801F23D20221A0
S3150800A8B009F0D3F90DF10F03214628460F4AFEF792
S3150800A8C00BFF034688B99DF80F20032A0DD00322F3
S3150800A8D02146009202462846FFF738FF0446E86BF1
S3150800A8E009F0A4FB204605B030BD2D24F7E7212446
S3150800A8F0F8E71124F6E72924F4E700BF141300202B
S3150800A9002DE9F043466886B3056898464FF0000C73
S3150800A910A946AE4655F83C400CF1010CC4F31307A2
S3150800A920013401D0B94217D0B4450EF1080EF1D161
S3150800A9302F46002403E0B44207F1080712D055F861
S3150800A940343001340133F6D1C1F3130141EA085119
S3150800A950C7E90012BDE8F08341EA0851CEE90012C2
S3150800A960BDE8F083B8F1030F03D101230372BDE8F4
S3150800A970F083002303E0B34209F10809F5D055F83E
S3150800A98033400133C4F30754032CF4D1C1F3130342
S3150800A99043EA0853C9E90032BDE8F0832DE9F041DE
S3150800A9A00646406882B0B8B10F4690460024336820
S3150800A9B053F8345003EBC403C5F30752C5F3130128
S3150800A9C0013506D05B683046CDF80080B84718B127
S3150800A9D0706801348442EAD302B0BDE8F08100BF52
S3150800A9E073B504462248012A00EAC1119DF8185099
S3150800A9F023F07C4007D9961E012E28D9073303F089
S3150800AA007F03194308E09DF81C300A43DB0603F070
S3150800AA10C053134343F060410023C4E900108DF886
S3150800AA200730B5B1202221460DF1070009F0F5FDE2
S3150800AA301A220DF10700211D09F0EFFD08206368B1
S3150800AA409DF8072043EA8263636002B070BD114334
S3150800AA50E2E71B220DF10700214609F0DEFD236817
S3150800AA609DF80720042043EAC2632360EDE700BF90
S3150800AA7080FFFF0738B5094B0D461A6800210446C2
S3150800AA800BF080FF00234FF0FF322383C4E9002533
S3150800AA902361A260E382A37638BD00BF90AC0108AB
S3150800AAA00138C0B205289ABF014B185C01207047CF
S3150800AAB095AC01082DE9F0410746154600240E46D7
S3150800AAC0596888B0490A012922464FEA510104F11A
S3150800AAD00104F8D8DC78997824031B88C90201F4A4
S3150800AAE0006104F480540C43C3F30A03520323445D
S3150800AAF092B24FF000089C18274B6FEA0444039360
S3150800AB0025F07843ED4302A90DF107001B220293B5
S3150800AB108DF8078009F081FD9DF80720029B02A9A0
S3150800AB2043EAC2630DF107001B2225F0784504931A
S3150800AB3002958DF8078009F070FD9DF80720029BA5
S3150800AB406FEA144443EAC26305934FF0FF33079450
S3150800AB50069307A9BB69012206F110009847BB694D
S3150800AB6005A90446012206F108009847BB69404535
S3150800AB7018BF044604A90122301D98470122404502
S3150800AB8018BF0446BB69304603A99847404508BF25
S3150800AB90204608B0BDE8F08101009AB2044BD3F80C
S3150800ABA08420D206FBD4D3F88400C0F38110704702
S3150800ABB00040005038B5174B0546D3F828310C46E7
S3150800ABC003F00703013B052B20D8DFE803F0031346
S3150800ABD01B0F0B170DF0D2FD052305B1286004B134
S3150800ABE0236038BD0DF0CAFD0623F6E70DF006FE14
S3150800ABF00723F2E70DF0FCFD0323EEE70DF0F8FD61
S3150800AC000423EAE70DF0F0FD0223E6E700231846E1
S3150800AC10E3E700BF00800050002337B50193164BC9
S3150800AC200546D3F820320C4603F00703042B21D837
S3150800AC30DFE803F0030B11161B0001230DB1019A7F
S3150800AC402A6004B1236003B030BD002101A8FFF7D4
S3150800AC50B1FF1223F2E70DF0D1FD07230190EDE7CE
S3150800AC600EF0A2FD0A230190E8E70DF01BFE09236A
S3150800AC700190E3E70023E1E70080005038B5104B68
S3150800AC800546D3F850320C4603F00303022B12D0C4
S3150800AC90032B08D0012B0AD00023184605B12860DB
S3150800ACA004B1236038BD0EF082FD0C23F6E70EF0E2
S3150800ACB07BFD0A23F2E70DF0F5FD0923EEE700BF59
S3150800ACC00080005038B5104B0546D3F880300C4646
S3150800ACD003F00303022B0BD0032B0DD0012B0FD14E
S3150800ACE00DF052FD0E2305B1286004B1236038BD6E
S3150800ACF00DF084FD0723F6E70DF040FD0623F2E785
S3150800AD0000231846EFE700BF0080005038B5104B07
S3150800AD100546D3F800310C4603F00303022B0BD08B
S3150800AD20032B0DD0012B0FD10DF062FD032305B1C6
S3150800AD30286004B1236038BD0DF0B4FD0923F6E799
S3150800AD400EF030FD0823F2E701230020EFE700BFED
S3150800AD500080005038B5184B0546D3F820010C463C
S3150800AD6000F00700062823D8DFE800F0040A0E16CC
S3150800AD70121A1E00012305B1286004B1236038BDEC
S3150800AD800DF0FCFC0523F6E70DF032FD0323F2E790
S3150800AD900DF034FD0723EEE70DF026FD0223EAE762
S3150800ADA00DF0ECFC0623E6E70DF022FD0423E2E7AE
S3150800ADB000231846DFE700BF0080005038B5104B67
S3150800ADC00546D3F840310C4603F00303022B0BD09B
S3150800ADD0032B0DD0012B0FD10EF0E6FC0A2305B18B
S3150800ADE0286004B1236038BD0DF05CFD0923F6E741
S3150800ADF00EF0DDFC0C23F2E701230020EFE700BF8D
S3150800AE0000800050002337B50193164B0546D3F84A
S3150800AE1060320C4603F00703013B032B1FD8DFE81B
S3150800AE2003F0020E1914002101A8FFF793FF10235F
S3150800AE300DB1019A2A6004B1236003B030BD002128
S3150800AE4001A8FFF7BBFF1123F2E70DF0D7FC072394
S3150800AE500190EDE70DF0C8FC02230190E8E7002316
S3150800AE60E6E700BF00800050002337B50193164B74
S3150800AE700546D3F894320C4603F00703013B032B2F
S3150800AE801FD8DFE803F0020E1914002101A8FFF706
S3150800AE9061FF10230DB1019A2A6004B1236003B043
S3150800AEA030BD002101A8FFF789FF1123F2E70DF055
S3150800AEB0A5FC07230190EDE70DF096FC022301900F
S3150800AEC0E8E70023E6E700BF0080005038B5104BDE
S3150800AED00546D3F860310C4603F00303022B0BD06A
S3150800AEE0032B0DD0012B0FD10EF05EFC0A2305B102
S3150800AEF0286004B1236038BD0DF0D4FC0923F6E7B9
S3150800AF000EF055FC0C23F2E701230020EFE700BF03
S3150800AF100080005073B50D460021114B0191D3F8FE
S3150800AF208041064604F00304022C13D0032C0CD0EF
S3150800AF30012C13D101A8FFF70DFF10240EB1019BB8
S3150800AF40336005B12C6002B070BD0DF057FC0724C4
S3150800AF500190F3E70DF048FC0190EFE70C46EDE7AA
S3150800AF600080005038B5104B0546D3F840320C46E1
S3150800AF7003F00303022B0BD0032B0DD0012B0FD1AB
S3150800AF800EF012FC0A2305B1286004B1236038BD0F
S3150800AF900DF088FC0923F6E70EF009FC0C23F2E70E
S3150800AFA001230020EFE700BF0080005038B5144B9E
S3150800AFB00546D3F800020C4600F0070004281BD803
S3150800AFC0DFE800F003090D111500012305B128601B
S3150800AFD004B1236038BD0EF0E7FB0A23F6E70DF04F
S3150800AFE061FC0923F2E70EF0E2FB0C23EEE70DF015
S3150800AFF0E5FB0F23800AE9E700231846E6E700BFCA
S3150800B0000080005038B5144B0546D3F808020C46A4
S3150800B01000F0070004281BD8DFE800F003090D112B
S3150800B0201500012305B1286004B1236038BD0EF070
S3150800B030BBFB0A23F6E70DF035FC0923F2E70EF011
S3150800B040B6FB0C23EEE70DF0B9FB0F23800AE9E700
S3150800B05000231846E6E700BF00800050B0F5207FC1
S3150800B0601FD009D8B0F5007F15D003D868B1B0F560
S3150800B070C07F0AD000200CE0B0F5607FFAD10B4BF8
S3150800B080D3F88000C0F3011003E0084B186FC0F333
S3150800B090033001307047054BD3F89000C0F30460C5
S3150800B0A0F7E7024B186FC0F38020F2E700800050E4
S3150800B0B002464FF48030104B10B598660020FFF713
S3150800B0C0CDFF504341F671320C4BDC69DA635A689E
S3150800B0D004F4803422F4401259B90949884294BFCD
S3150800B0E000200120000502435A600CB10022DA63F1
S3150800B0F010BD0449F2E700BF00900050000003505D
S3150800B100005A6202002D31014209531E022B96BFD6
S3150800B110074B002303EB820300F01F0029B103F558
S3150800B1208053012282401A60704703F50053F8E7FE
S3150800B130608000501FB50021B0F5807F0446CDE938
S3150800B140001100F0CF803BD8002800F0A480A0F1C1
S3150800B1502004602C44D8602C42D8DFE804F09CA474
S3150800B1609CA4B4B4B4B4B4A4BE4AD46A4AA4A4A4ED
S3150800B1704141414141414141A4A4A47CDEA441414D
S3150800B18041414141414141414141E3B49C9C9CD9E3
S3150800B1904A4A88E85FB94141414141939C41B4B468
S3150800B1A0B4B4B4B9B9A441A4A4414141414141410F
S3150800B1B0414141414141414141414141414198005B
S3150800B1C0B0F5E06F00F0A98038D8B0F5607F75D08B
S3150800B1D01AD8B0F5007F61D005D8B0F5C07F5AD02F
S3150800B1E0009804B010BDB0F5207F5CD0B0F5407F64
S3150800B1F0F6D10DF0E3FA02464FF42070FFF72EFF62
S3150800B200B2FBF0F2520857E0B0F5B06F65D00AD835
S3150800B210B0F5806F57D0B0F5A06FE1D10021684630
S3150800B220FFF7FAFCDCE7B0F5C06F6CD0B0F5D06F6D
S3150800B230D6D100216846FFF7B9FED1E7B0F5186FF9
S3150800B24070D00DD8B0F5086F7FD0B0F5106F5FD00D
S3150800B250B0F5F06FC4D100216846FFF737FEBFE7A7
S3150800B260B0F5286F63D007D8B0F5206FB8D10021A4
S3150800B2706846FFF7C7FDB3E7B0F5406F28D0B0F5CD
S3150800B280486FADD100216846FFF7EEFDA8E70DF03F
S3150800B2907BFA0090A4E70DF091FAFAE70DF074FA3C
S3150800B2A00246204604E00DF089FA02464FF4207063
S3150800B2B0FFF7D4FEB2FBF0F2009291E701A8FFF780
S3150800B2C001FD019AEDE700216846FFF743FD87E790
S3150800B2D000216846FFF76EFC82E700216846FFF703
S3150800B2E019FE7DE74FF0E02302911B695B0705D540
S3150800B2F00DF064FA0290029B009371E703A902A875
S3150800B300FFF75CFDF7E700216846FFF757FD67E79B
S3150800B31000216846FFF776FE62E700216846FFF7D8
S3150800B32021FE5DE700216846FFF7A8FC58E70021E3
S3150800B330084B0391D3F8703203F00303012B02D1B3
S3150800B34003A8FFF73BFD039BD6E76846FFF7DEFC3D
S3150800B35046E700BF0080005008B58020FFF7EAFEE8
S3150800B360034B98429EBF4FF48032024B1A6708BDC2
S3150800B370005A620200A00050B0F5207F10B50C46B6
S3150800B38057D008D8B0F5007F48D003D830B3B0F509
S3150800B390C07F23D010BDB0F5607FFBD12949013CA1
S3150800B3A0D1F8FC2012F080721EBFD1F8FC3023F0D1
S3150800B3B08073C1F8FC302449D1F8803023F030037B
S3150800B3C043EA0414C1F88040002AE3D01D4AD2F8A3
S3150800B3D0FC3043F08073C2F8FC30DBE709F03BF938
S3150800B3E009F047F94FF48031184B174A1967136F5C
S3150800B3F0013C23F4704343EA043414670DF0DEF984
S3150800B4000446FFF7CBFBC0F10201204609F02BF9F1
S3150800B41000F036F8BDE81040FFF79EBF0A4A4C1EFA
S3150800B420D2F8903023F0F85343EA0464C2F8904007
S3150800B430B0E7054A4C1E136F23F4806343EA84235E
S3150800B4401367A7E700ED00E0008000500090005069
S3150800B45008B50121022000F057F84FF42070FFF7D5
S3150800B460FDFD054B187009F0F6F809F002F94FF4DE
S3150800B4708032024B1A6708BD5B1F002000900050FF
S3150800B48008B54FF4C070FFF755FEBDE808400449FB
S3150800B490884294BF012102214FF42070FFF76CBF48
S3150800B4A080F0FA0238B504460DF088F90546FFF72C
S3150800B4B075FBC0F10201284609F0D5F801210020E4
S3150800B4C000F062F82CB1FFF7DBFFBDE83840FFF764
S3150800B4D043BF034B4FF420701978FFF74DFFF4E78D
S3150800B4E05B1F0020024A536B0342FCD1704700BF22
S3150800B4F000800950034A0179D36E23F030030B43C9
S3150800B500D366704700400050F8B504461C4BD3F884
S3150800B5108420D106FBD4D3F88430C3F381139C422C
S3150800B5202CD00DF031F9012C064602D1214609F03E
S3150800B5309AF80EF01BF94FF00072124B07465A663E
S3150800B540204609F09BF84FF480630D4D621E934028
S3150800B5502B676B6E9A0103D4D5F884309B060AD5FF
S3150800B56038460EF0FEF8022C08D13046BDE8F84001
S3150800B570002109F078B8D5F88430EAE7F8BD00BFAD
S3150800B580004000500060005010B50C4608B90DF098
S3150800B590FBF8074B21461B783BB1064B984204D86B
S3150800B5A00120BDE81040FFF7AFBF0220F9E700BF52
S3150800B5B05C1F0020005A62024FF0004238B5244B47
S3150800B5C0244C5A664AF6CD33656C014605F00105EA
S3150800B5D0236430BB0120FFF785FF6368DB0708D4C7
S3150800B5E0002415B11B4B1C4A1A6409F048F820467A
S3150800B5F038BD1A4B58600846194B226BD20705D43A
S3150800B600984201D10724ECE70130F6E79842E7D1E2
S3150800B610F8E70132236B13F0080305D08A42F8D104
S3150800B620F0E700220E49F5E78A42EBD020210B4AC3
S3150800B63091620121A2F5805251600649084A886A3A
S3150800B640800603D49342DDD00133F8E79342DEE760
S3150800B65000900050008009503254FFFF00A00950A6
S3150800B66040420F004FF0004238B5164B01465A6665
S3150800B6704AF6CD33144C154A656C236443780B207F
S3150800B6805B0043F00103D363FFF72CFF63688A78F6
S3150800B69023F4F87343EA02136360CA784B7943EAE2
S3150800B6A00223A3600A798B7943EA02232361087887
S3150800B6B0FFF782FFEB0744BF054B236408F0DFFF63
S3150800B6C0012038BD0090005000800950004000500D
S3150800B6D03254FFFF4FF00042124B70B55D6E03F512
S3150800B6E080535A664AF6CD3304460F4980204E6C7D
S3150800B6F00B64FFF7F7FE0B6A23F00F030F2C94BFBA
S3150800B700234343F00F030B62F30744BF074B0B6455
S3150800B710002DA2BF4FF00042054B5A6608F0AFFF56
S3150800B72070BD00BF00800050008009503254FFFFF2
S3150800B73000A000504FF48032054B9A6641F67132EC
S3150800B74003F51C33DA63012203F50053DA60704708
S3150800B750009000500B4B01219B6EDB035EBF4FF43C
S3150800B7608032094B9A6641F67132084BDA63084A09
S3150800B770D1600022DA634FF48032A3F518339A6653
S3150800B780704700BF00800050009000500000035032
S3150800B79000200350044B1868421C02BF034AD2F823
S3150800B7A094001860704700BF5C22002000400050DB
S3150800B7B04FF48032084B5A6603F5EE239B69C3F3B0
S3150800B7C0461203F00F010A434280C3F30342C3F350
S3150800B7D00333427003707047009000500120034BFA
S3150800B7E09B680A3303F01F03984070470080E00FF8
S3150800B7F02DE9F843234B1B680BF094FF01280646F6
S3150800B80005D90DF0F1F8051E02DA012419E0002524
S3150800B8101D4F3B7803F0FF088BBB4FF050091B4CBC
S3150800B82004EB0900A465C4F85C900DF07CF9206669
S3150800B83050B90124012E04D928460DF0EBF844EA44
S3150800B840D0742046BDE8F883114C414604F1100334
S3150800B85022460120C4F80080C4F80480A360C4F816
S3150800B8600C900DF00AFA20660028E2D00321512038
S3150800B87009F0CDFF512001F0B3FB01233B700024F2
S3150800B880D8E700BF602200205D1F0020A413002017
S3150800B8904013002008B54FF098435B6CD90208D5D1
S3150800B8A00BF040FF0238012803D8094B186E0DF03B
S3150800B8B061FA4FF098435A6CD202FCD55B6D054A83
S3150800B8C003F4702313605120BDE8084001F096BBCD
S3150800B8D0401300206022002000232DE9F0478EB097
S3150800B8E00E46174604460193002869D00AB1002976
S3150800B8F066D037F0030807F0030A28D04FF0E06354
S3150800B9004FF0000923600123C4F80490C4F8089096
S3150800B9100896099348F000530A9308AA02AB07CA87
S3150800B920C4F8209083E80700194620460DF0A2FFC8
S3150800B930414620460DF078FF20460CF0D9FF054613
S3150800B94028B14246494630460BF01CF803E0BAF1E6
S3150800B950000F04D1002528460EB0BDE8F0874FF049
S3150800B960E0634FF00009236001ABC4F80490C4F803
S3150800B97008900B9301230C93124B0EAA0D9305AB5B
S3150800B98012E90700C4F8209083E807001946204604
S3150800B9900DF070FF042120460DF046FF20460CF0FE
S3150800B9A0A7FF054608B13A46CCE7019A4644EB009C
S3150800B9B0013522FA03F3AA4506F8013BF7D1C9E790
S3150800B9C02125C8E7040000202DE9F0410F4601783B
S3150800B9D004460139904692B004295BD8DFE801F0A5
S3150800B9E003464B505500402514262B490C3400229B
S3150800B9F05D437A6038463960BA6029463A620DF086
S3150800BA0013FF4FF0010C45F00055CDF8248009AB23
S3150800BA10CDF828C046F000560B9593E8070003AB0F
S3150800BA208DE807000C940CAACDF834C00E9607CA08
S3150800BA3083E807000F9412AACDF840C006AC119609
S3150800BA4012E9070084E807001946384609F026F97E
S3150800BA506946384609F022F9384621460DF00AFFAC
S3150800BA6038460CF045FF12B0BDE8F0814025202687
S3150800BA700A490C34BBE74025202609490C34B6E7A9
S3150800BA808025402607491434B1E780254026064913
S3150800BA901434ACE72120E6E70002010300030103A2
S3150800BAA000040103000501030006010310B591B166
S3150800BAB088B10023C0E90133084B00F10C0203F1F9
S3150800BAC0200153F8044B8B4242F8044BF9D1012369
S3150800BAD00370002010BD2120FCE700BFA0AC0108C0
S3150800BAE010B591B188B10023C0E90133084B00F1C4
S3150800BAF00C0203F1200153F8044B8B4242F8044B25
S3150800BB00F9D102230370002010BD2120FCE700BFF5
S3150800BB1091A4010810B591B188B10023C0E9013399
S3150800BB20084B00F10C0203F1200153F8044B8B4239
S3150800BB3042F8044BF9D103230370002010BD2120DD
S3150800BB40FCE700BFB2A4010810B5A1B198B1002363
S3150800BB50C0E90133C0E90333084B00F1140203F1CD
S3150800BB60400153F8044B8B4242F8044BF9D10423A5
S3150800BB700370002010BD2120FCE700BFD3A40108F4
S3150800BB8010B5A1B198B10023C0E90133C0E9033368
S3150800BB90084B00F1140203F1400153F8044B8B42A1
S3150800BBA042F8044BF9D105230370002010BD21206B
S3150800BBB0FCE700BF14A501082DE9F04F0D4617460E
S3150800BBC093B0002800F0A380002900F0A080002A86
S3150800BBD000F09D800278013A042A00F29880DFE896
S3150800BBE002F0030E747E8B004FF0140B4A4A00F1E4
S3150800BBF00C0A00F1040900F12C04D8460AE04FF0BB
S3150800BC00200B4FF01C08454A00F10C0A00F1040904
S3150800BC1000F12C044021984579D840290CBF02230D
S3150800BC20042309F1040609EB830356F8040B0028DC
S3150800BC306FD19E42F9D1D9F80030013901EA0306DD
S3150800BC4031462A6068602862A86028460DF0ECFD37
S3150800BC502846D9F800100DF0E7FD4FF0010E4BF01D
S3150800BC600053CDF824A046F00056CDF828E00B93F3
S3150800BC7009AB93E807000CAB8DE807000C94CDF8E8
S3150800BC8034E00E9693E8070003AE48F0005386E8C2
S3150800BC90070006AC0F97CDF840E0119312AB13E9F5
S3150800BCA0070084E807006946284608F0F7FF31468A
S3150800BCB0284608F0F3FF284621460DF0DBFD284606
S3150800BCC00CF016FE13B0BDE8F08F4FF0200B144AA7
S3150800BCD000F10C0A00F1040900F12C048DE74FF07D
S3150800BCE0400B4FF030080F4A00F1140A00F104091E
S3150800BCF000F1540480218EE74FF0400B0A4AD846DB
S3150800BD0000F1140A00F1040900F15404F2E72120B5
S3150800BD10D8E70F20D6E700BF00020303000303039A
S3150800BD200004030300050303000603032DE9F0439B
S3150800BD308DB00D4691461E460446149F002840D0F5
S3150800BD40002F3ED00AB9002B3BD16B1EDBB2042B69
S3150800BD5037D81D4A12F80380159B984531D8002319
S3150800BD602802012500F1407000F5807063603146B5
S3150800BD70A3602362206046F0005620460DF054FD6D
S3150800BD80CDF8189006AA0795089607CA8DE8070001
S3150800BD9048F0005209970A950B9203AD0CAA12E9CE
S3150800BDA0070085E807006946204608F077FF204621
S3150800BDB029460DF05FFD20460CF09AFD0DB0BDE852
S3150800BDC0F0832120FAE700BF9BAC0108F0B50F46C7
S3150800BDD016461D46044693B010B9212013B0F0BD8F
S3150800BDE00029FAD0002AF8D0002BF6D000233146D5
S3150800BDF01A46384608F03AFD0028EFD1304602A91F
S3150800BE0008F0CBFC0028E9D1EB68022B0AD0396888
S3150800BE103F48029A81426B6902D01830814270D13C
S3150800BE209A42DAD82B68002BD7D14FF0606263604C
S3150800BE3038462260A360236201A908F078FD00282D
S3150800BE40CCD10199204621F4F06101910DF0ECFC6A
S3150800BE506946284608F06BFD0028BFD120460099A0
S3150800BE600DF0E2FC384609A900F054F80028B5D1CF
S3150800BE70204609A908F012FF38460CA908F020FE4A
S3150800BE800028ABD120460CA908F008FFEB684BB197
S3150800BE90284606A900F03EF800289FD1204606A9A4
S3150800BEA008F0FCFE304603A908F00AFE002895D1E2
S3150800BEB0B368DA040CD59B0427D50621F3693269E1
S3150800BEC01B6801FB03225B0043F0005303920593B2
S3150800BED0204603A908F0E2FE28460FA908F0F0FD5F
S3150800BEE000287FF47BAF20460FA90DF0C3FC03257D
S3150800BEF020460CF0FDFC01287FF470AF013DF7D118
S3150800BF006CE7B3EB420F8DD267E7292066E700BFDF
S3150800BF10200000B090B189B101234B60C368013B92
S3150800BF20012B08D88269064B1AB10A6000208B607B
S3150800BF307047044AF9E74FF00053F7E721207047A6
S3150800BF4008000020C0AC0108F0B50E4615460446A8
S3150800BF508FB0002862D0002960D0002A5ED0012365
S3150800BF6029461A46304608F081FC002856D1B3689F
S3150800BF7013F4C04F52D0AB6803F4C043B3F5005F67
S3150800BF804CD1284B0BAF60602062A0603946304622
S3150800BF90236008F0CCFC00283ED120460B990DF012
S3150800BFA043FC304602A9FFF7B5FF002836D12046E4
S3150800BFB008F074FE304605A908F082FD60BB2046ED
S3150800BFC005A908F06BFEEB6843BBAB6803F4C043F6
S3150800BFD0B3F5005F22D1284601A908F008FCE8B9A4
S3150800BFE0019B6A699A421BD32A6943F000530B9254
S3150800BFF001220C920D9308AB97E8070083E8070027
S3150800C000194620460DF036FC032520460CF070FC38
S3150800C010012801D1013DF8D10FB0F0BD2120FBE781
S3150800C0201D20F9E7000001022DE9F04798B00D46FA
S3150800C030DDE920860446DDF88890002800F0978020
S3150800C040002900F09480B9F1000F00F09080B8F153
S3150800C050000F02D1002E40F08A80296801F0704155
S3150800C060B1F1404F7ED0002B7ED1013A042A7ED80A
S3150800C070DFE802F06F7203756C004FF4806343F0DB
S3150800C080C0632360002315AF636039462846A36062
S3150800C090236208F04CFC002855D1204615990DF06E
S3150800C0A0C3FB314620460DF0BFFB69462846FFF71D
S3150800C0B031FF002847D16946204608F0EFFD28469B
S3150800C0C003A908F0FDFC00283DD14FF0010A2046DF
S3150800C0D003A946F0005608F0E1FDCDF83C8006AB12
S3150800C0E0CDF840A00FAA119607CA83E8070019469B
S3150800C0F0204608F0D3FDCDF8488009ABCDF84CA012
S3150800C10012AA149607CA83E807002A6802F0704242
S3150800C110B2F1404F03D11946204608F0BFFD01236E
S3150800C120CDF854901693239B43F0005317930CAB0A
S3150800C13097E8070083E80700204619460DF09AFBA2
S3150800C14020460CF0D5FB18B0BDE8F0874FF4C06365
S3150800C15095E74FF4007392E74FF440738FE74FF477
S3150800C160A0638CE7034B8CE74FF0C06389E7212077
S3150800C170E9E700BF000002062DE9F04393B00D463B
S3150800C180DDE91A960446DDF87080002800F09580EF
S3150800C190002900F09280B9F1000F02D1002E40F07C
S3150800C1A08C80B8F1000F00F08880A968890440F1F6
S3150800C1B08480296801F07041B1F1404F73D0002B9B
S3150800C1C073D1013A042A78D8DFE802F06467036A73
S3150800C1D061004FF4806343F0C06343F48033236007
S3150800C1E000230FAF636039462846A360236208F030
S3150800C1F09EFB002848D120460F990DF015FB3146C5
S3150800C20020460DF011FB69462846FFF783FE0028F5
S3150800C2103AD16946204608F041FD284603A908F0A8
S3150800C2204FFC88BB204603A908F038FD4FF0010CE7
S3150800C23046F00056CDF830900CABCDF834C00E96CB
S3150800C24093E807001D9B0DF1180943F0005389E890
S3150800C2500700CDF83C80CDF840C011932B6809AE95
S3150800C26003F07043B3F1404F97E8070086E80700EC
S3150800C2701DD13146204608F011FD4946204608F0F2
S3150800C2800DFD20460CF034FB13B0BDE8F0834FF4E7
S3150800C290C063A0E74FF400739DE74FF440739AE735
S3150800C2A04FF4A06397E7064B99E7064B97E749468D
S3150800C2B0204608F0F3FC3146E0E72120E4E700BF1A
S3150800C2C0000003060000010610F1860F14D010F1D5
S3150800C2D0850F07DA10F1930F11D0873007D04FF08A
S3150800C2E0FF307047003818BF012040427047054BA1
S3150800C2F0194411F9050C70476FF0710070476FF01B
S3150800C3006F007047C8AC0106012908B50CDC084B5C
S3150800C310084A002918BF1A46114609F0CBF9BDE8A4
S3150800C32008400449FFF7D0BF6FF0740008BD00BF8E
S3150800C3300A0000020B00000208B509F0FBF9BDE887
S3150800C34008400149FFF7C0BF0B000002002307B5EC
S3150800C3504022019301AB09F009FA034903B05DF8DD
S3150800C36004EBFFF7B1BF00BF0B000002012908B5B7
S3150800C3700CDC084B084A002918BF1A46114609F072
S3150800C38099F9BDE808400449FFF79EBF6FF07300AE
S3150800C39008BD00BF080000020900000208B509F040
S3150800C3A0C9F9BDE808400149FFF78EBF0900000238
S3150800C3B0002307B52022019301AB09F0D7F90349F9
S3150800C3C003B05DF804EBFFF77FBF00BF090000026A
S3150800C3D008B5044909F06EF9BDE808400149FFF7B8
S3150800C3E073BF00BF0500000208B509F0A3F9BDE850
S3150800C3F008400149FFF768BF05000002002307B59A
S3150800C4001422019301AB09F0B1F9034903B05DF8B1
S3150800C41004EBFFF759BF00BF0500000238B5134DFE
S3150800C420FFF7E6F9124B134A13491448FCF7DCFCEC
S3150800C4302B7803F0FF04BBB90BF074F9012802D975
S3150800C4400CF0D2FA04462B782BB90D4B0D481B6815
S3150800C450984701232B700BF065F9012804D920466B
S3150800C460BDE838400CF0D6BA38BD00BF5E1F0020C4
S3150800C470F54C0108D74C01080F4D0108194D010864
S3150800C480482200202412002000F01F02A0F50620F2
S3150800C490A0F55060812810D8012309494009934026
S3150800C4A051F820201A4341F82020064951F8202047
S3150800C4B022EA030241F8202070474FF0FF30704708
S3150800C4C01C1400200814002000F01F03A0F5062005
S3150800C4D0A0F55060812810B519D801210D4A4009E8
S3150800C4E0994052F820300B430B4942F82030D1E9E5
S3150800C4F0003423448C682344CC68096923445B18B8
S3150800C50004D1C2E90033C2E90233136110BD4FF00A
S3150800C510FF30FBE7081400201C1400202DE9F04F1B
S3150800C520A7B003921D4604460822CDE904014140FE
S3150800C53021FA02F34B40980702F1080218BF9B0044
S3150800C540202A1C44F4D18123B4FBF3F303EBC31371
S3150800C550E41A784B04F506241B7804F55064002B7E
S3150800C56039D102F08FF8064600286ED101464022DE
S3150800C57006A80AF007FA3146402216A80AF002FA77
S3150800C5806D4E6E4FB0461036B74228BF37466C48D8
S3150800C590013F009743461022006806A907F068FE87
S3150800C5A04FF0000B81460DF1180AD94540D1644871
S3150800C5B0009743461022006816A907F062FE4FF05E
S3150800C5C00008834616AFC34545D15E4B9E42D8D177
S3150800C5D00122584B1A7081270026DFF878A1DFF868
S3150800C5E078B16309A3F58643683B5AF8232004F01B
S3150800C5F01F01CA40D20744D45BF82330CB40DB077F
S3150800C60032D5002E08BF26468123A4F50624A4F6B3
S3150800C610FF44B4FBF3F303EBC313E41A04F506244F
S3150800C620013F04F55064DCD1039BFBB12EBB1DE032
S3150800C6305AF8040BFFF728FF013009D100223D4BB9
S3150800C6401A703C4B1B78002BC5D16FF091000FE098
S3150800C6500BF1010BA9E757F8040BFFF735FF01307B
S3150800C660EFD008F10108AEE7039B23B96FF08B0002
S3150800C67027B0BDE8F08F06B92646329B00201E601B
S3150800C680F6E7309B13B10023309A1360319B13B140
S3150800C6900023319A13604FF01009DFF8A480CDF813
S3150800C6A0009000232A462146D8F80000FDF798FF97
S3150800C6B0002836D1309B0BB1C3F800902A68224B6C
S3150800C6C09A4217D02146D8F80000FEF7E5F8002868
S3150800C6D0CCD1D5E90223DDE90410834208BF8A429A
S3150800C6E092D1039B002BC7D06B68012BC4D16FF086
S3150800C6F08400BDE7309B002BEBD0319B002BE8D0A4
S3150800C7002146D8F8000016AAFDF7B2FF48B9319BB2
S3150800C710309A1B681268934297D39B1A319A136012
S3150800C720D7E70A4B9842CDD06328CBD0084B98421E
S3150800C730CFD08AE75F1F0020006D0800816D0800D2
S3150800C740AC220020906D0800105D175EFFDF00F038
S3150800C750FEDF00F01C1400200814002070B5124DEE
S3150800C7602B7803F0FF04CBB90AF0DCFF012802D9C5
S3150800C7700CF03AF904462B784BB90C48436D43F054
S3150800C780010343650A4B1B68984701232B700AF07F
S3150800C790C9FF012802D920460CF03CF9BDE87040D3
S3150800C7A0044B02481B681847601F002030140020FD
S3150800C7B04822002040220020034B1B781BB1034B64
S3150800C7C003481B6818477047601F00203C2200205A
S3150800C7D0301400202DE9F04F87B0824689469846E6
S3150800C7E01646DDF840B02AB1002B55D040F26C73DE
S3150800C7F09A4254D8BBF1010F54D8002406F1100709
S3150800C80039460120059409F072F9054600284CD0EE
S3150800C810394608F08EFAFFF7A1FF05ABCDE90143CB
S3150800C82000942B46012250464946FFF777FE0446F8
S3150800C83088B110F18C0F08BF6FF08D043946284671
S3150800C84008F077FA28460DF040F9FFF7B5FF2046BD
S3150800C85007B0BDE8F08F164BC5E902A92B60C5F8ED
S3150800C86004B02EB13246414605F110000AF0F1F83F
S3150800C870059E10483B462A4631460068FDF7C8FF24
S3150800C88038B93046FFF700FE013008BF6FF086045E
S3150800C890D4E76FF09104D1E76FF08604D7E76FF01D
S3150800C8A09104D4E76FF08504D1E76FF08C04CEE7E6
S3150800C8B0105D175EAC2200202DE9F0478CB081464A
S3150800C8C0DDE914780C4616461D465BB1B8F1000F33
S3150800C8D047D0B7F1005F44D3C3F1005303F50023F3
S3150800C8E09F423ED84FF0000A1022002108A80AF0FD
S3150800C8F049F8CDE905AAFFF731FF07AB029305AB67
S3150800C900019306AB214600935246484608ABFFF70B
S3150800C91005FE0446D0B9059B3DB1B3421CD853EA7F
S3150800C920060504D06FF0860410E0B342FAD3069BDE
S3150800C9300D48C8F8005000953A46079900683344F0
S3150800C940FDF74EFE002818BF6FF09104FFF734FF7D
S3150800C95020460CB0BDE8F0879B1B9D4228BF1D46AC
S3150800C960E5E76FF08604F3E7AC22002070B50026F1
S3150800C9700C4605468CB01022002108A80AF002F8D9
S3150800C980CDE90566FFF7EAFE07AB029305AB01930F
S3150800C99006AB214600933246284608ABFFF7BEFD94
S3150800C9A0044608BB099B012B23D0079D144B294637
S3150800C9B01868FDF771FFF8B9A5F50623A3F55063C6
S3150800C9C0812B05F01F020DD801210E485B09914005
S3150800C9D050F823204A4040F823202846FFF774FDE4
S3150800C9E0013001D16FF08604FFF7E6FE20460CB051
S3150800C9F070BD6FF08404F7E76FF09104F4E700BFA9
S3150800CA00AC2200201C1400202DE9F0438846144669
S3150800CA101D46C5B0002839D0002937D0B2B3ABB30C
S3150800CA20038803F44F42B2F5824F04D06FF08500B5
S3150800CA3045B0BDE8F083DAB2122AF7D123F0FF0336
S3150800CA40B3F5E24F25D143882B60DBB9E3002B60B1
S3150800CA50B3F5807FEAD1002318463F4908EB040561
S3150800CA60214415F8012D11F8014D1043121B18BF6A
S3150800CA700023A84543EA0203F3D138B1002B05DAAF
S3150800CA800020D5E7DA1DB4EBD20FE1D06FF08600AF
S3150800CA90CEE7B3F5824F5BD10B78042BF6D128226B
S3150800CAA0002118A809F06EFF18A80CF0B3FE00289C
S3150800CAB04BD14FF0880922AF4A460021384609F083
S3150800CAC061FF01232022002168468DF8883009F08D
S3150800CAD059FF2022013C08F10103002105940DEBC2
S3150800CAE00200E4000493640809F04CFF20220021A8
S3150800CAF010A8CDE90C7909F045FFE02C6E46CDE982
S3150800CB0014792C6002D0B4F5807FBFD1134B07345B
S3150800CB10336008934FF40053B3604FF48043E4083E
S3150800CB200A93640010AB08A9324618A81194FFF7B7
S3150800CB304DF92B6804460733DB08590013B138460C
S3150800CB4008F075F9002C9BD0A0E76FF092006FE70C
S3150800CB506FF096006CE700BFCFAC0108200000809C
S3150800CB60F8B5134642880C460732072A4FEAD2011F
S3150800CB7001D0A1425AD1D0E901670588202218467A
S3150800CB80002109F0FFFE360A034616B1012E50D1E0
S3150800CB90C660002C4AD041F20102954205D0B5F58F
S3150800CBA0885F02D0B5F5905F08D15C6026B1B907F9
S3150800CBB007F0010212D4A2B3002011E0B5F5105F08
S3150800CBC007D1182C03D0202C01D0102C2ED11C6094
S3150800CBD0EBE705F44F42B2F5824F02D06FF08500BD
S3150800CBE0F8BDEAB2122AF9D1202CF7D1124A25F05B
S3150800CBF0FF05B5F5E24F1A600CD0B5F5824F15D191
S3150800CC004FF4005217F4705F09D017F4864F04D01A
S3150800CC109A60E3E74FF48042F4E742F480629A6050
S3150800CC20C4E79A6842F080729A60C5E76FF086009A
S3150800CC30D6E76FF08B00D3E7200000802DE9F0419E
S3150800CC40164600221C4643688CB01B0A80460D46D1
S3150800CC50009204D0012B56D06FF08B008EE000882E
S3150800CC6020F0FF03B3F5824F15D1B8F802700737E5
S3150800CC70FF08009708F0B8F8002800F0E6800B785F
S3150800CC80042B05D1013EB6EB470F05F1010504D08B
S3150800CC906FF0860072E037460096224639464046CF
S3150800CCA0FFF75EFF002869D1F21CC4E9030522F0EC
S3150800CCB003026261002F00F0AA802022002101A849
S3150800CCC009F060FE394601AA4046FFF749FFDDE94B
S3150800CCD00176DDE9072C0399002840F0988023683F
S3150800CCE0A568BB4240F093806768B74240F08F80E2
S3150800CCF08D4240F08C80A169914240F08880E269BB
S3150800CD0062453BD083E0032EC2D90B78012B40F055
S3150800CD109F80497800294BD0F73908299CD801A368
S3150800CD2053F821F08DCD000849CD000859CC0008EC
S3150800CD3083CD000859CC0008A7CD000859CC0008B7
S3150800CD4097CD00089FCD00084FF41056F825424F9E
S3150800CD501C22002102A809F015FE03230197CDE93C
S3150800CD600435039601AA09AD134603CBAB422060EE
S3150800CD7061601A4604F10804F6D100200CB0BDE83B
S3150800CD80F08110274FF08076FA25E1E720274FF04B
S3150800CD900076F725DCE7FE252F4F304ED8E7FF252E
S3150800CDA02D4F2F4ED4E74FF41056FC252A4FCFE7C8
S3150800CDB02B2E7FF66DAF2022204609F0E3FD05F104
S3150800CDC0100315F0030723610DD001AB05F1280CFC
S3150800CDD01A4628686968083503C265451346F7D1B7
S3150800CDE0286801AD10606B68103E2360AB6863600D
S3150800CDF0EB686661A3600123E3601FB12C2101A8DB
S3150800CE0008F015F86946204607F0C7FC20B120212E
S3150800CE10204608F00CF83BE7B8F80030009F03F40A
S3150800CE204F42B2F5824F0ED1DAB2122A0BD123F055
S3150800CE30FF03B3F5824F06D17B0062691C339A4221
S3150800CE40BFF438AFE3E73B46F7E76FF0850095E7B1
S3150800CE506FF0910092E700BF2000008000440002B6
S3150800CE6000440003194B20F4FF7222F001029A4293
S3150800CE7010D0174A20F0FF0393420BD020F47F719D
S3150800CE8021F00301A2F57062914203D002F5A06277
S3150800CE90934217D110F0FF0017D040F0007000F150
S3150800CEA07E40053806280DD8DFE800F0040C0C0E85
S3150800CEB006080A00012070470320704704207047BF
S3150800CEC005207047002070470220704700020006C0
S3150800CED000130006038830B503F44F44B4F5824FB7
S3150800CEE018BF0023114D21F0FF046FF30801A94272
S3150800CEF0DBB214D005F58855AC4210D0122B11D1EF
S3150800CF0052B1B4F1062F0DD14388B3F5807F14BF13
S3150800CF106FF08500002030BDB1F1062FF3E76FF002
S3150800CF208600F8E76FF08500F5E700BF0002000607
S3150800CF3007B5094B186899889B7900906846ADF83B
S3150800CF4004108DF80630FEF78DFB0C20FEF7C2FBA9
S3150800CF50002003B05DF804FBEFAC010813B500240C
S3150800CF60064A6846536F43F00103536700948DF8E9
S3150800CF700440FEF7BFFA204602B010BD004000503C
S3150800CF800028ACBF00F16040064B4FEA0111C9B258
S3150800CF90ABBF00F5614000F00F0080F8001319548C
S3150800CFA0704700BF14ED00E008B50CF0E8FB0B4B2A
S3150800CFB01A7872B901221A700CF0DCFB6FF00402C1
S3150800CFC010460132052152B2FFF7DAFF5D2AF7D182
S3150800CFD008BDBDE808400CF0CDBB00BF611F0020AE
S3150800CFE0002807DB01234109034A00F01F0083409C
S3150800CFF042F82130704700BF00E100E0002808DB56
S3150800D00001224309034900F01F008240603341F8BA
S3150800D0102320704700E100E010B504460CF0AFFB92
S3150800D020024B1C600CF0A6FB002010BD94140020D7
S3150800D03013B5002301241A4619461846009400F031
S3150800D04067F9002300941A461946184600F092F923
S3150800D0500248FFF7E1FF002002B010BD742200204D
S3150800D06013B50A4C23787BB900F048F8684600F0F7
S3150800D0703DF8DDE900010222054B08F050FF08B92A
S3150800D0800123237002B010BD1220FBE7621F0020A7
S3150800D0909814002007B5009313460A46014603482C
S3150800D0A008F010FC03B05DF804FB00BF98140020DC
S3150800D0B013460A460146014808F0F3BC98140020B6
S3150800D0C007B5009313460A460146034808F0F3FCE1
S3150800D0D003B05DF804FB00BF9814002013460A4607
S3150800D0E00146014808F00DBD98140020024AD2E90D
S3150800D0F00021C0E900217047C01400200349044BF1
S3150800D100044A5B1A11605360704700BF482D00201F
S3150800D11000000820C014002008B509F0DAFA034B0D
S3150800D1201868BDE808400BF0E4BC00BFC81400202E
S3150800D13000B58BB02022002102A809F023FC084B79
S3150800D1404FF48052019337230021CDE90623054881
S3150800D15001AA0BF081FC044B18600BB05DF804FBC8
S3150800D1601D9D010819D10008C814002008B5154BE3
S3150800D1704FF4FC720021184609F004FC0A22034603
S3150800D180026142611048114A98614FF48061DA6180
S3150800D190002219629A625A62DA62C3F808010C48D8
S3150800D1A0C3F80C01C3F810110A49C3F81821C3F8CB
S3150800D1B01421C3F81C2111F8010D98540132102AC4
S3150800D1C0F9D108BD4C2B002059A501084C27002091
S3150800D1D04C23002006AD01082DE9F84FDFF88880BA
S3150800D1E0824698F800308946532B164601D0FFF739
S3150800D1F0BDFF182707FB0A87D7F81851D7F814B1C7
S3150800D2005D452FD9D7F81041D7F80C11641BB442E5
S3150800D21028BF344648462944224609F01AFCD7F85E
S3150800D22010312544AB4208BF0025A144361BABEBA1
S3150800D230050B5E4528BF5E465EB1182303FB0A83CD
S3150800D240D3F80C1132462944484609F002FC344406
S3150800D250354424B1182303FB0A88C8F81851204618
S3150800D260BDE8F88F0024E2E74C2B0020F8B5182714
S3150800D27000FB0775124B0E461D4407FB0033DB6A9D
S3150800D2801446012B0AD0022B14D023B9284608F0DD
S3150800D290A7FE844208D900242046F8BD284608F08F
S3150800D2A09FFE844228BF044622463146284608F097
S3150800D2B0A0FEF1E72846BDE8F84008F0B5BE00BF75
S3150800D2C04C2B0020F8B50B4B04461B780D46532B08
S3150800D2D0164601D0FFF74AFFEFF311874FF02001FA
S3150800D2E081F31188324629462046FFF7BFFF87F3A8
S3150800D2F01188F8BD4C2B00201822044B02FB003382
S3150800D300D3F81401D3F81831C01A70474C2B0020F3
S3150800D3102DE9F041164C1E4623780546532B8846C0
S3150800D320174601D0FFF722FF092D1DD8EFF3118C00
S3150800D3304FF0200181F3118865B1182005FB000321
S3150800D34044F80380E2180023576000FB0542166282
S3150800D35093625362182303FB0544069BE3628CF32E
S3150800D36011880020BDE8F0814FF0FF30FAE700BFD2
S3150800D3704C2B00202DE9F843174E1F4633780546F7
S3150800D380532B8946904601D0FFF7F0FE092D1FD88A
S3150800D390EFF311824FF0200181F311886DB1182443
S3150800D3A0002304FB0564C4F80891C4F80C81C4F88A
S3150800D3B01071C4F81831C4F81431182303FB056634
S3150800D3C0089BC6F81C3182F311880020BDE8F88353
S3150800D3D04FF0FF30FAE700BF4C2B002002490A68DD
S3150800D3E002604A684260704760AE0108002307B5CC
S3150800D3F00348019301AB00F0F3FF03B05DF804FBAB
S3150800D40000720800002307B50348019301AB00F03A
S3150800D410E7FF03B05DF804FB0D720800002307B5AB
S3150800D4200348019301AB00F0DBFF03B05DF804FB92
S3150800D4300E720800002307B50348019301AB00F0FC
S3150800D440CFFF03B05DF804FB10720800002307B590
S3150800D4500348019301AB00F0C3FF03B05DF804FB7A
S3150800D46011720800002307B50348019301AB00F0C9
S3150800D470B7FF03B05DF804FB12720800014800F01C
S3150800D480AFBF00BF04720800014800F0A9BF00BF83
S3150800D49009720800014800F0A3BF00BF0A7208001D
S3150800D4A0014800F09DBF00BF2972080010B5064864
S3150800D4B00C4600F041FF40F20123984202BF4FF6A6
S3150800D4C0F1730020238010BD0C72080010B50648C1
S3150800D4D00C4600F031FF40F20123984202BF48F2A1
S3150800D4E001030020238010BD0B72080010B5054803
S3150800D4F00C4600F021FF40F20123984204BF0020A9
S3150800D500208010BD1872080007B500200090034857
S3150800D51000F0BCFF03B05DF804FB00BF1F720800F3
S3150800D52007B500200090034800F0B0FF03B05DF88F
S3150800D53004FB00BF05720800014800F029BF00BFC0
S3150800D5403072080010B506480C4600F021FF40F27C
S3150800D5500123984202BF4FF47A730020236010BD5E
S3150800D5600872080010B50C480C4600F0E5FE40F2BB
S3150800D5700123984204D14FF47063238000200AE007
S3150800D58048B92388B3F5805FF8D304482F22DF21F2
S3150800D59000F0ACFD2F2010BD0772080062A5010837
S3150800D5A073B5002601AB0E480C461546019600F0E9
S3150800D5B017FF40F2012398420BD164B10C2D0CD908
S3150800D5C020462A46074909F004FA30462C4404F84E
S3150800D5D0016C02B070BD0B20FBE71920F9E700BF0C
S3150800D5E00F72080082A501081FB500234A680C4679
S3150800D5F00F2A039310D9009310220968074803AB32
S3150800D60000F044FF30B963680F2B01D809F081F8A0
S3150800D6101023636004B010BD1920FBE717720800D9
S3150800D6202DE9F0431E46002389B0074608460D46F5
S3150800D6301446CDE9053300F041FE18B9D82009B0E3
S3150800D640BDE8F083284605A900F0A2FE0028F6D119
S3150800D650204600F033FE0028F0D0204606A900F048
S3150800D66097FE0028EBD1DDE90595079007A915482F
S3150800D67000F08EFE044608BB079919EB010802D193
S3150800D6800DB109F046F8022008F089FF48B1079B5A
S3150800D690022100931F203B46CDE901950A4A08F06E
S3150800D6A071FF73689D420BD83DB12A4641463068E2
S3150800D6B009F04FF973689D42E3D875602046BEE7C6
S3150800D6C01924FBE7217208008FA501080B46024AB8
S3150800D6D002490348FFF7A4BF27720800267208000C
S3150800D6E0ADA501080B46024A02490348FFF798BF51
S3150800D6F02572080024720800C9A501080B46024ACB
S3150800D70002490348FFF78CBF2372080022720800FB
S3150800D710EFA5010810B5094CD4E8AF3FDB070BD4D9
S3150800D720204608F0E7FF38B1054A0649064808F0DA
S3150800D730DCFF204608F0EAFF034810BDCC140020A1
S3150800D74034220020B560010884220020014800F038
S3150800D75025BF00BF00720800014800F01FBF00BFC8
S3150800D7600D720800014800F019BF00BF0E720800CC
S3150800D770014800F013BF00BF10720800014800F00E
S3150800D7800DBF00BF11720800014800F007BF00BFB7
S3150800D79012720800014800F001BF00BF0F720800AE
S3150800D7A0014800F0FBBE00BF04720800014800F003
S3150800D7B0F5BE00BF09720800014800F0EFBE00BFC1
S3150800D7C00A720800014800F0E9BE00BF2972080085
S3150800D7D0014800F0B5BE00BF0C720800014800F011
S3150800D7E0AFBE00BF0B720800014800F0A9BE00BF1B
S3150800D7F018720800014800F0A3BE00BF07720800AF
S3150800D800014800F0E5BE00BF1F720800014800F09D
S3150800D810DFBE00BF05720800014800F0A9BE00BFC0
S3150800D82008720800014800F0A3BE00BF2172080074
S3150800D830032307B5D1E9001201A8019300F0BEFC45
S3150800D84018B90199024800F093FE03B05DF804FB8D
S3150800D85030720800014800F09BBD00BF2172080025
S3150800D860014800F055BE00BF28720800014800F0C4
S3150800D87037BD00BF287208004A68102A03D1096814
S3150800D880024800F0A5BE2F20704700BF1772080097
S3150800D89010B5094CD4E8AF3FDB070BD4204608F097
S3150800D8A029FF38B1054A0649064808F01EFF2046F2
S3150800D8B008F02CFF034810BDD414002034220020A1
S3150800D8C08B6101089822002000232DE9F04F85B0CE
S3150800D8D080460F462C4803A91546039300F058FDC9
S3150800D8E0002838D1294E336823B90399284808F007
S3150800D8F08DFE80BBD5E90014039B326802EB030B4F
S3150800D90014F003031BD10A4623465946204808F05B
S3150800D91083FE00BB4046316800F02AFED8B9384677
S3150800D920696800F025FEB0B933686A6800201344B8
S3150800D93013F03F021CBF40339B1A33600BE004F11F
S3150800D940040AAAEB030A5046019100F017FC019954
S3150800D950814618B9AC2005B0BDE8F08F224609F01B
S3150800D96078F8AAEB0402FF2109EB040009F00AF88B
S3150800D97053464A465946064808F04EFE0446484667
S3150800D98000F00CFC2046C4E721720800D0140020E1
S3150800D990EC1400200A4602480249FFF795BF00BF6B
S3150800D9A022720800237208000A4602480249FFF755
S3150800D9B08BBF00BF24720800257208000A46024879
S3150800D9C00249FFF781BF00BF2672080027720800C8
S3150800D9D000200A4B10B5186032B9094C2146BDE83B
S3150800D9E01040084800F0C4BDA1F500518C1806483F
S3150800D9F008F027FE204600F04FFEEFE7D01400207F
S3150800DA0000E0310821720800EC14002010B5094C1A
S3150800DA10D4E8AF3FDB070BD4204608F06BFE38B1DD
S3150800DA20054A0649064808F060FE204608F06EFEDC
S3150800DA30034810BDD814002034220020AD61010827
S3150800DA409C220020002307B5074801A9019300F08E
S3150800DA509FFC30B90198002808BF022003B05DF882
S3150800DA6004FB0220FAE700BF2072080070B553686D
S3150800DA700E463F2B154686B02DD9194800F01EFCD8
S3150800DA8058B30023164804A9049300F081FC044601
S3150800DA90E0B905AB02936B68059001932B681149B1
S3150800DAA000930498D6E9002305F070F810F1880F62
S3150800DAB013D010F18C0F10D058B9059B402B08D104
S3150800DAC06A683F2A01D808F024FE6B60204606B033
S3150800DAD070BDAC24FAE71924F8E7D824F6E700BFA6
S3150800DAE0207208000906000610B5044686B00B46E3
S3150800DAF00B4A052104A801F025F89DF813301021DA
S3150800DB0002939DF81230204601939DF81130054A7C
S3150800DB1000939DF8103001F015F8002006B010BDEE
S3150800DB2008A601080DA60108436810B5DAB204462E
S3150800DB30416122B923F0FF0343F001034360074B19
S3150800DB40074923604FF47053C4E9023107F0EFF830
S3150800DB50000240F00100606010BD00BF12710001B4
S3150800DB60090600062DE9F041D2F804800746B8F107
S3150800DB70400F0E4615461C46F6B003D92F2076B040
S3150800DB80BDE8F0814122002115A808F0FBFEB8F196
S3150800DB90000F37D04246296815A808F05AFF03AD8A
S3150800DBA039462846FFF7A0FF0028E8D107AF3146D7
S3150800DBB03846FFF799FF01460028E0D1A02226A89B
S3150800DBC008F0E0FEA021374A15ABCDE9005726A894
S3150800DBD000F0B8FFFFF736FF05464EA804F01CFB19
S3150800DBE00BA805F097FF26A90BA805F0ACFF06467B
S3150800DBF0C8B1AC240BA805F091FF4EA804F011FBA0
S3150800DC002046BCE7284A15AB02F1080C1D461068E9
S3150800DC105168083203C562452B46F7D110689288C9
S3150800DC202860AA80BBE709210BA805F088FF2846CB
S3150800DC30FAF7A8FA182231460FA808F0A3FE2946D3
S3150800DC400FA8FFF771FF02A90FA80E60FAF7D8FC14
S3150800DC5006460FA805F02FF9002ECAD129464EA868
S3150800DC60F9F72CFE06460028C3D14EA90BA805F0E5
S3150800DC7068FF00963346D4E900120BA8FBF752FB5F
S3150800DC800028B6D1206808F0F1FE63680130984292
S3150800DC9001D908F03EFD60602946044800F068FC9A
S3150800DCA00446A7E731A6010823A601082072080042
S3150800DCB070B54D6888B015B92F2008B070BD00241E
S3150800DCC00968CDE9064405910D44FFF7BBFE0C4BE8
S3150800DCD006AECDE901430690234622462946039619
S3150800DCE0009405A802F083FC10B99DF81C300BB906
S3150800DCF0AC20E2E70699034800F03AFCDDE700BFEE
S3150800DD006B6201082072080010B5094CD4E8AF3FD1
S3150800DD10DB070BD4204608F0EDFC38B1054A064966
S3150800DD20064808F0E2FC204608F0F0FC034810BD5F
S3150800DD30DC1400203422002053620108A0220020AF
S3150800DD40012903BF034B00201B78A62008BF1370C8
S3150800DD50704700BF831F0020022938B514461D46A8
S3150800DD600FD120220021084808F00CFE3CB1202DD6
S3150800DD702A46214628BF2022034808F06AFE0020CA
S3150800DD8038BDA620FCE700BF631F0020104608B573
S3150800DD906AB163B102290CD1202B28BF20231A4669
S3150800DDA0029B05491A6008F054FE002008BD2F2082
S3150800DDB0FCE7A620FAE700BF631F0020012905D16A
S3150800DDC002B11278024B00201A707047A6207047DD
S3150800DDD0831F0020014B00200B6070472542340149
S3150800DDE02DE9F041054600248EB0884617460021E5
S3150800DDF0112209A81E4608F0C5FD1122284602ABC5
S3150800DE0009A9CDE90644CDE902448DF82040FFF77B
S3150800DE1035FB00284BD1029B0A2B45D19DF82830AB
S3150800DE202D2B47D19DF82B302D2B43D10BAB0193CE
S3150800DE300DF129030093092109AB1F4A06A800F032
S3150800DE4081FE082306AD029300242B680A2203A943
S3150800DE5004A804938DF8144000F0D8FF039A05AB84
S3150800DE609A42A8F8000021D1AB880A2203A904A87F
S3150800DE70ADF810308DF8124000F0C8FF3870039FD7
S3150800DE800DF112039F4211D1EB880A2203A904A8B7
S3150800DE90ADF810308DF8124000F0B8FF039B3070D3
S3150800DEA0BB4203D1204602E0072B03D82F200EB031
S3150800DEB0BDE8F08109ADC7E76BA601080023F0B5F8
S3150800DEC087B001930C46D1E9001201ABFFF71CFBA2
S3150800DED040F20123984225D102AD2A46144B03F19C
S3150800DEE010072E4618685968083303C6BB423546DC
S3150800DEF0F7D163680F2B02D8192007B0F0BD256843
S3150800DF00134603CB696006A98B4228601A4605F1B9
S3150800DF100805F5D110230193019B6268934204D941
S3150800DF2008F0F7FB0028E8D1F6E700206360E4E78D
S3150800DF3070AF010870B596B004462D220D460AA8A2
S3150800DF40002108F01FFD00232D220193204601AB76
S3150800DF500AA9FFF799FA40F20123984229D1182312
S3150800DF600193194B0AAC03F118062246186859683A
S3150800DF70083303C2B3421446F7D12022002102A86F
S3150800DF8008F000FD019902AA0AA800F07BF8A0F1A2
S3150800DF901003102B044613D86B68984212D8024611
S3150800DFA002A9286808F055FD6B689C4205D908F057
S3150800DFB0B0FB0028E1D016B070BD00206C60FAE70F
S3150800DFC02F20F8E71920F6E778A6010870B54B6800
S3150800DFD00646602B0C461546A4B02CD9852200218E
S3150800DFE002A808F0CFFC002385220193304601AB36
S3150800DFF002A9FFF74FFA40F20123984212D1842270
S3150800E0000E4902A8019208F024FD2268019902A887
S3150800E01000F038F8612828600BD16368602B05D8B2
S3150800E02008F077FB0028F0D024B070BD60600020AF
S3150800E030FAE72F20F8E71920F6E700BF91A60108AE
S3150800E040024A0349034808F050BB00BF34220020A7
S3150800E050EB630108A42200201FB513460022039291
S3150800E06003AA0192202200920A460146044804F0B7
S3150800E070BBFC002814BFAC20002005B05DF804FBEB
S3150800E08009000002014B08F059BA00BF5F64010895
S3150800E09038B5094BD3E8EF2F541CC3E8E54F002DDC
S3150800E0A0F8D1002A04DC00F04DF808B108F031FB7D
S3150800E0B04FF0000038BD00BFE01400202D2828BF0F
S3150800E0C0002010B4074C04EB8000074CD4E8AF4F8F
S3150800E0D01CB1A4465DF8044B60475DF8044B08F094
S3150800E0E069BA00BFB8AF0108E414002007B50346B3
S3150800E0F0CDE9001200200121024A08F043FA03B0D4
S3150800E1005DF804FB16A70108024BD3E88F0FC0B2CF
S3150800E110704700BF2C230020024608B5064BD3E8FB
S3150800E120AF3F3BB9054B06491B68D86800F0E6FDCA
S3150800E13008F0EFFA08BD00BFE8140020DC22002032
S3150800E14027A7010808B50A4BD3E8EF2F511CC3E8E7
S3150800E150E01F0028F8D1002A07DD064B06481B6891
S3150800E160D96800F0DDFD08F0D4FA002008BD00BF2C
S3150800E170E8140020DC2200206FA7010838B5044601
S3150800E1800548FFF7C9FF204600F0CCFC05462146A6
S3150800E19008F00EFA284638BDA2A7010810B50446AD
S3150800E1A00548FFF7B9FF2046002108F002FA204685
S3150800E1B0BDE8104000F0BEBCAEA7010870B5044625
S3150800E1C088B000680D46164608F0F5F923684FF43E
S3150800E1D00071079301230B4A02A8CDE902230A4BD3
S3150800E1E03246CDE9041300232946069301ABFAF714
S3150800E1F0BFF8014618B1054800F066FEAC2008B025
S3150800E20070BD00BF002480000010C004B9A7010833
S3150800E210014B0360704700BFB8B0010810B504464B
S3150800E220034B0821036007F0D3FD204610BD00BF4D
S3150800E230B8B00108044A054B054913600023024893
S3150800E2405360044A08F051BAEC140020B8B001082B
S3150800E25011E200083422002037B50E4D2C686CB93F
S3150800E260032322462146009301200B4B0BF075F938
S3150800E27023462246214628600AF0CAFE286808B9BD
S3150800E28008F047FA4FF0FF3103B0BDE830400BF015
S3150800E29002B800BF44150020F4140020064B10B540
S3150800E2A0186808B908F035FA0023BDE810401A4680
S3150800E2B019460AF0ADBE00BF4415002007B5014651
S3150800E2C006486A4601AB0068FCF7D2F908F0C5F9BA
S3150800E2D0B0FA80F0400903B05DF804FBAC220020D8
S3150800E2E07FB5002304460D468DF8073008F0C1F9BE
S3150800E2F0D0B1104E2146306803AB02AAFCF7B8F934
S3150800E30008F0ABF970B9039B012B10D12146306890
S3150800E3100DF10702FCF722F908F09FF910B99DF8EC
S3150800E32007302B7004B070BD40F20120FAE72F20A9
S3150800E330F8E700BFAC2200207FB5002304460D464F
S3150800E340ADF8063008F095F9D0B1104E2146306880
S3150800E35003AB02AAFCF78CF908F07FF970B9039BA6
S3150800E360022B10D1214630680DF10602FCF7F6F8AB
S3150800E37008F073F910B9BDF806302B8004B070BDEB
S3150800E38040F20120FAE72F20F8E700BFAC22002070
S3150800E3907FB5002304460D46039308F06AF9C0B119
S3150800E3A00E4E2146306802AB01AAFCF761F908F067
S3150800E3B054F960B9029B042B0ED12146306803AA92
S3150800E3C0FCF7CCF808F049F908B9039B2B6004B0B0
S3150800E3D070BD40F20120FAE72F20F8E7AC220020B2
S3150800E3E02DE9F0431D46002385B02B6007460E46EF
S3150800E3F0914608F03EF900283ED0DFF88C80394671
S3150800E400D8F8000003AB02AAFCF732F908F025F9A0
S3150800E4100446B8B9039B93B3C6B14B4531D23246CD
S3150800E4203946D8F80000FCF799F808F016F9D8B973
S3150800E430039B012B03D13378003B18BF012300222D
S3150800E4402B60F254204605B0BDE8F083012B01D0BD
S3150800E4502B60F7E73946D8F800000DF10702FCF7FC
S3150800E4607DF808F0FAF808B10446EBE79DF807309E
S3150800E47003B103982860E5E740F20124E2E71E2489
S3150800E480E0E71924DEE700BFAC2200202DE9FF47AC
S3150800E4901C460023236006460F461546DDF83090D5
S3150800E4A008F0E7F878B3DFF864A03146DAF8000038
S3150800E4B003AB02AAFCF7DCF808F0CFF898B997B1D5
S3150800E4C0039BDAF80000A3EB0908A8450ED84B46CB
S3150800E4D03A463146CDF80080FCF782F808F0BDF8D8
S3150800E4E008B9C4F8008004B0BDE8F0874B463A4640
S3150800E4F031460095FCF774F808F0AFF80028F2D119
S3150800E50019202560EFE740F20120ECE7AC22002055
S3150800E51013B504468DF8071008F0ABF858B107484C
S3150800E5200123214600680DF10702FCF771F908F08E
S3150800E53094F802B010BD2F20FBE700BFAC220020E4
S3150800E54013B50446ADF8061008F093F858B1074815
S3150800E5500223214600680DF10602FCF759F908F076
S3150800E5607CF802B010BD2F20FBE700BFAC220020CC
S3150800E57013B50446019108F07CF858B104230648FF
S3150800E580214600680DEB0302FCF742F908F065F82E
S3150800E59002B010BD2F20FBE7AC22002010B50446C0
S3150800E5A008F067F868B179B10848012A1346006887
S3150800E5B038BF01230A462146FCF72AF908F04DF828
S3150800E5C010BD40F20120FBE72F20F9E7AC2200201E
S3150800E5D010B5044608F04DF858B101B962B90748B4
S3150800E5E0134600680A462146FCF712F908F035F882
S3150800E5F010BD40F20120FBE72F20F9E7AC220020EE
S3150800E60038B501F01BF90446FFF742F90546FFF74E
S3150800E61081F82A460146204608F05CFEFFF774FB9F
S3150800E620E060FFF7F3F9054B206701212046636791
S3150800E63008F09AFB204601F0C1F8FBE779E60008E6
S3150800E64007B508F025F800210846FFF721FD074B16
S3150800E6504FF4806201933723054900930548002348
S3150800E6600BF011F803B05DF804FB00BF4815002055
S3150800E670DBA7010801E60008014807F0E0BF00BF74
S3150800E680EC140020024B1968024B1868FBF79EBE73
S3150800E690A8220020AC2200204FF42042034BA0F50C
S3150800E6A020401B6818605A60FFF7ECBFA8220020BC
S3150800E6B010B5254CFCF7CCFE236F012023F0070389
S3150800E6C043F002032367FCF7EDFED4F8203101215D
S3150800E6D023F0070343F00103C4F82031D4F82831A6
S3150800E6E03E2023F0070343F00103C4F82831D4F889
S3150800E6F0403123F0030343F00103C4F84031D4F852
S3150800E700603123F0030343F00103C4F86031FCF7DA
S3150800E710FBFCD4F84032002023F0030343F0010346
S3150800E720C4F84032D4F8003223F0070343F001035B
S3150800E730C4F80032D4F8083223F0070343F0010383
S3150800E740C4F8083210BD00BF00800050064B1B6895
S3150800E7501A7A022A01D81AB97047032A00D07047D4
S3150800E7601B68024A13607047CC2200208C1B0020CD
S3150800E77053B94AB9002908BF00281CBF4FF0FF311A
S3150800E7804FF0FF3000F0B2B9ADF1080C6DE904CED8
S3150800E79000F006F8DDF804E0DDE9022304B070476E
S3150800E7A02DE9F04F8C46099E04460F46002B48D1AA
S3150800E7B08A4215465ED9B2FA82F33BB1C3F120020A
S3150800E7C09F409D409C4020FA02F217434FEA154E9F
S3150800E7D01FFA85FC220CB7FBFEF10EFB117701FB35
S3150800E7E00CF042EA0742904207D9AA1801F1FF370E
S3150800E7F002D2904200F258813946121AA4B2B2FBEC
S3150800E800FEF00EFB102200FB0CFC44EA0244A44571
S3150800E8100BD92C1900F1FF322CBF01270027A4457C
S3150800E82002D9002F00F04381104640EA0140A4EBCC
S3150800E8300C0400211EB1DC400023C6E90043BDE8F4
S3150800E840F08F8B4206D90EB1C6E9000100210846B1
S3150800E850BDE8F08FB3FA83F1002951D16345C0F0C2
S3150800E8601681824240F213810846002EE7D0C6E997
S3150800E8700047E4E7002A00F0AF80B2FA82F3002BE3
S3150800E88040F0C2808A1A4FEA154EAFB20121200C19
S3150800E890B2FBFEFC0EFB1C2240EA024207FB0CF010
S3150800E8A090420ED9AA180CF1FF382CBF4FF0010977
S3150800E8B04FF00009904203D9B9F1000F00F0F0803B
S3150800E8C0C446121AA4B2B2FBFEF00EFB102200FBDD
S3150800E8D007F744EA0244A7420ED92C1900F1FF3281
S3150800E8E02CBF4FF0010E4FF0000EA74203D9BEF120
S3150800E8F0000F00F0D2801046E41B40EA0C4099E76E
S3150800E900C1F120058B400CFA01F400FA01F922FA4C
S3150800E91005F72CFA05FC8A401F4320FA05F3380C44
S3150800E92023431FFA87FE1C0CBCFBF0F800FB18CC2F
S3150800E93044EA0C4408FB0EFCA4450ED93C1908F120
S3150800E940FF3A2CBF4FF0010B4FF0000BA44503D93B
S3150800E950BBF1000F00F0B880D046A4EB0C041FFAF8
S3150800E96083FCB4FBF0F300FB134403FB0EFE4CEAF6
S3150800E9700444A6450ED93C1903F1FF302CBF4FF0CD
S3150800E980010C4FF0000CA64503D9BCF1000F00F0AE
S3150800E9909F80034643EA0840A4EB0E04A0FB02EC62
S3150800E9A064457346E04602D307D1F14505D2BEEB6E
S3150800E9B002036CEB070C0138E0465EB1B9EB0302C3
S3150800E9C064EB080404FA05F522FA01F3CC401D436A
S3150800E9D0C6E90054002132E742082F464B08AC46E8
S3150800E9E042EAC172AE46C407110C92B241EA03412B
S3150800E9F042EA0142B1FBF5F1B3FBF5F01F23A2EBA6
S3150800EA000C0241EA004142E79D40C3F120029940C9
S3150800EA109C402CFA02FC4FEA154E20FA02F2AFB2DD
S3150800EA20BCFBFEF80A430EFB18CC110C41EA0C415C
S3150800EA3008FB07FC8C4550D9691808F1FF302CBF34
S3150800EA404FF001094FF000098C4502D9B9F1000FC2
S3150800EA5030D0A1EB0C01B1FBFEF808FB07FC0EFB5E
S3150800EA60181192B242EA0142624534D2AA1808F154
S3150800EA70FF312CBF4FF001094FF000096245BED2A5
S3150800EA80B9F1000FBBD1A8F102012A44B7E7841AED
S3150800EA906CEB030201201746E7E62C4402382BE705
S3150800EAA0ACF1020C2A440CE702392A44A5E62C44A8
S3150800EAB00238BAE6A5EB0C0CA8F102006144B1FBDA
S3150800EAC0FEF808FB07FCCAE7A8F102083C4444E73D
S3150800EAD0023B3C445EE7414691E7A1EB0C01404608
S3150800EAE0B1FBFEF808FB07FCB9E700BF704700BF9B
S3150800EAF0024B0344587800F01700704700B101082C
S3150800EB0008B5064B044613B10021AFF30080044B49
S3150800EB101B6803B19847204605F024F8000000005A
S3150800EB20C81C0020024B0146186807F053B900BFFD
S3150800EB30DC220020024B0146186807F04EB900BFD8
S3150800EB40DC2200200CB4194B30B50C1E9DB01D6894
S3150800EB5008DA8B234FF0FF302B601DB0BDE830403C
S3150800EB6002B070474FF402730290069002A9ADF8FE
S3150800EB7014304FF00003209A28461B9314BF04F163
S3150800EB80FF332346049307934FF6FF73ADF8163009
S3150800EB9021AB019300F018FA431CBCBF8B232B60F2
S3150800EBA0002CDAD0029B00221A70D6E7DC2200205D
S3150800EBB0002310B504468360818119464366C281E5
S3150800EBC008228361C0E90033C0E904335C3007F0EA
S3150800EBD0D9FE0D4B246263620C4BA3620C4BE362B5
S3150800EBE00C4B23630C4B9C4206D003F168029442FB
S3150800EBF002D0D0339C4205D104F15800BDE810403C
S3150800EC0007F024BF10BD00BFC36C0108E56C0108FE
S3150800EC101D6D0108436D0108901B0020024A034937
S3150800EC20034807F00BBE00BFD0220020736C010812
S3150800EC30E022002041680C4B994210B5044601D0E9
S3150800EC4008F017F8A168094B994202D0204608F047
S3150800EC5010F8E168064B994204D02046BDE81040FA
S3150800EC6008F007B810BD00BF901B0020F81B002055
S3150800EC70601C00200C4B04210C4A0D4810B51A6084
S3150800EC800022FFF795FF0A4B012209211C4603F1D2
S3150800EC906800FFF78DFF022204F1D0001221BDE8BB
S3150800ECA01040FFF785BF00BFC81C00201DEC0008F8
S3150800ECB0901B0020014807F0CABE00BF841F002031
S3150800ECC0014807F0C5BE00BF841F002010B50446E2
S3150800ECD0FFF7F0FF236A1BB1BDE81040FFF7F0BF4E
S3150800ECE0044B2362044B1B68002BF5D1FFF7C2FFC8
S3150800ECF0F2E700BF35EC0008C81C00200EB403B5C7
S3150800ED0003AB0146054853F8042B0068019300F04D
S3150800ED1057FA02B05DF804EB03B07047DC22002016
S3150800ED20024B0A460146186807F0FABCDC220020A6
S3150800ED302DE9F04386460D46334E284615F8014B15
S3150800ED40375D17F00807F8D12D2C10D12C7801273C
S3150800ED50851C33F0100015D1302C0DD1287800F021
S3150800ED60DF00582808D16C78023510230AE02B2CCE
S3150800ED7004BF2C78851CECE7002BF6D1302C14BF89
S3150800ED800A2308234FF0FF380026B8FBF3F803FBE5
S3150800ED9008F930466FEA0909A4F1300CBCF1090FED
S3150800EDA010D86446A3421EDDB6F1FF3F07D0804562
S3150800EDB016D301D1A14513DB00FB0340012615F844
S3150800EDC0014BE9E7A4F1410CBCF1190F01D8373C16
S3150800EDD0E8E7A4F1610CBCF1190F04D8573CE1E748
S3150800EDE04FF0FF36EBE7731C06D122233046CEF8E8
S3150800EDF0003032B9BDE8F08307B14042002AF9D0A5
S3150800EE0006B1691E1160F5E701B1010813460A4605
S3150800EE10014602480068FFF78BBF00BFDC220020CE
S3150800EE2038B5284B05460C46186818B1036A0BB95D
S3150800EE30FFF74CFFB4F90C301A0721D4D80607D4CB
S3150800EE4009222A6043F040034FF0FF30A38130E0E7
S3150800EE50590712D5616B41B104F14403994202D0B6
S3150800EE60284606F0BAFF002363630022B4F90C3083
S3150800EE70626023F024032269226043F00803A38119
S3150800EE8022693AB99A0501D5180603D521462846B6
S3150800EE9007F016FDB4F90C3013F001020AD000226F
S3150800EEA0A26062695242A261226942B913F08000E7
S3150800EEB0C8D138BD990758BF6269A260F4E7002037
S3150800EEC0F7E700BFDC2200200FB407B5064904ABFC
S3150800EED0086853F8042B8168019300F071F903B0B0
S3150800EEE05DF804EB04B07047DC220020024B0146B3
S3150800EEF0186807F081BD00BFDC22002038B5002362
S3150800EF00054D044608462B6004F031FE431C02D129
S3150800EF102B6803B1236038BDCC1C002038B500230C
S3150800EF20064D0446084611462B6004F022FE431C93
S3150800EF3002D12B6803B1236038BD00BFCC1C00206A
S3150800EF4070B50D4B00260D4D5B1B9C10A64209D1D2
S3150800EF500B4D0AF0C5FD0B4B00265B1B9C10A64209
S3150800EF6005D170BD55F8043B01369847EEE755F8CC
S3150800EF70043B01369847F2E734230020302300206B
S3150800EF80342300204823002038B50023064D0446C4
S3150800EF90084611462B6004F0E6FD431C02D12B6897
S3150800EFA003B1236038BD00BFCC1C002010B5044651
S3150800EFB00448134620B10A4602202146AFF30080D2
S3150800EFC010BD00BF000000002DE9F04F98468B8960
S3150800EFD09DB007461B060D46144610D50B6973B936
S3150800EFE0402106F0F7FE2860286130B90C233B6003
S3150800EFF04FF0FF301DB0BDE8F08F40236B61002352
S3150800F000CDF80C804FF00109DFF8A0810993202381
S3150800F0108DF8293030238DF82A3023469A4613F87E
S3150800F020012B0AB1252AF9D1BAEB040B0BD05B46A2
S3150800F03022462946384607F021FD013000F0A78010
S3150800F040099A5A4409929AF80030002B00F09F80DA
S3150800F05000234FF0FF320AF1010A049307938DF853
S3150800F06053301A93CDE90523544605224F4814F820
S3150800F070011B07F06AFE049AD8B9D00644BF2023BC
S3150800F0808DF85330110744BF2B238DF853309AF867
S3150800F09000302A2B15D0079A544600204FF00A0C48
S3150800F0A0214611F8013B303B092B4BD9B0B10792E9
S3150800F0B014E0A0EB0803A24609FA03F313430493EA
S3150800F0C0D2E7039B191D1B68002B0391BBBF5B424C
S3150800F0D042F0020207930793B8BF049223782E2BB7
S3150800F0E00AD163782A2B32D1039B02341A1D1B6876
S3150800F0F043EAE37303920593DFF8C0A0032221785D
S3150800F100504607F022FE38B1A0EB0A004022049BC5
S3150800F110013482401343049314F8011B0622244841
S3150800F1208DF8281007F011FE002836D0214B1BBB9E
S3150800F130039B073323F0070308330393099B3344E0
S3150800F14009936AE70CFB02320C460120A8E7002364
S3150800F15001344FF00A0C19460593204610F8012B86
S3150800F160303A092A03D9002BC6D00591C4E70CFB0F
S3150800F170012104460123F0E703AB2A4604A93846D1
S3150800F18000930D4BAFF30080421C0646D6D1AB89DF
S3150800F1905B063FF52DAF09982CE703AB2A4604A971
S3150800F1A038460093044B00F023F9EDE7EAA7010877
S3150800F1B0F4A70108000000007D6A0108F0A701080D
S3150800F1C02DE9F04F0D469DB014469846064618B1EF
S3150800F1D0036A0BB9FFF77AFD6B6ED90705D4AB89BD
S3150800F1E09A0502D4A86D07F032FCAB891B0701D536
S3150800F1F02B699BB929463046FFF712FE70B16B6E34
S3150800F200DC0704D54FF0FF301DB0BDE8F08FAB89A1
S3150800F2109805F7D4A86D07F01BFCF3E70023CDF893
S3150800F2200C804FF00109DFF8B481099320238DF88B
S3150800F230293030238DF82A3023469A4613F8012BB5
S3150800F2400AB1252AF9D1BAEB040B0BD05B46224644
S3150800F2502946304607F089FC013000F0A780099A54
S3150800F2605A4409929AF80030002B00F09F80002338
S3150800F2704FF0FF320AF1010A049307938DF85330D1
S3150800F2801A93CDE9052354460522544814F8011B60
S3150800F29007F05BFD049AD8B9D10644BF20238DF840
S3150800F2A05330130744BF2B238DF853309AF8003098
S3150800F2B02A2B15D0079A544600204FF00A0C2146EF
S3150800F2C011F8013B303B092B4BD9B0B1079214E03A
S3150800F2D0A0EB0803A24609FA03F313430493D2E703
S3150800F2E0039B191D1B68002B0391BBBF5B4242F0B1
S3150800F2F0020207930793B8BF049223782E2B0AD1EC
S3150800F30063782A2B32D1039B02341A1D1B6843EA01
S3150800F310E37303920593DFF8D4A0032221785046BD
S3150800F32007F013FD38B1A0EB0A004022049B013414
S3150800F33082401343049314F8011B062228488DF8CB
S3150800F340281007F002FD00283FD0264B1BBB039B65
S3150800F350073323F0070308330393099B3B440993B8
S3150800F3606AE70CFB02320C460120A8E700230134A9
S3150800F3704FF00A0C19460593204610F8012B303A2F
S3150800F380092A03D9002BC6D00591C4E70CFB012135
S3150800F39004460123F0E703AB2A4604A93046009346
S3150800F3A0114BAFF300800746781CD6D16B6ED90790
S3150800F3B005D4AB899A0502D4A86D07F049FBAB8939
S3150800F3C05B063FF51FAF09981EE703AB2A4604A95B
S3150800F3D030460093044B00F00BF8E4E7EAA701086F
S3150800F3E0F4A70108000000006B6B0108F0A70108EC
S3150800F3F02DE9FF470F7E914680460C46782F9A46A0
S3150800F4000C9E01F1430207D8622F0AD8002F00F09C
S3150800F410D280582F00F0B78004F1420684F8427073
S3150800F4203AE0A7F16303152BF6D801A151F823F0AA
S3150800F43089F400089DF4000819F4000819F4000876
S3150800F44019F4000819F400089DF4000819F40008D6
S3150800F45019F4000819F4000819F400089DF50008C5
S3150800F460C7F4000853F5000819F4000819F4000851
S3150800F470BFF5000819F40008C7F4000819F40008D5
S3150800F48019F400085BF5000833681A1D1B6832601A
S3150800F49004F1420684F8423001239DE0336820686F
S3150800F4A0191D3160060601D51D6803E04506FBD522
S3150800F4B0B3F90050002D03DA2D236D4284F843304A
S3150800F4C059480A2310E021683368080653F8045B94
S3150800F4D002D4490648BFADB26F2F5348336059D19D
S3150800F4E00823002184F843106668002EA66005DB11
S3150800F4F021682E4321F0040121604DD01646B5FB44
S3150800F500F3F103FB1157C75D06F8017D2F460D463B
S3150800F510BB42F4D9082B0BD12368DF0708D523692A
S3150800F52061689942DEBF302306F8013C06F1FF36D2
S3150800F530921B22614B4603AA21464046CDF800A0FD
S3150800F54007F025FB01304CD14FF0FF3004B0BDE881
S3150800F550F087236843F0200323607827334823681D
S3150800F56084F845701F06316851F8045B02D45F06BB
S3150800F57048BFADB23160D90744BF43F020032360CA
S3150800F5801DB11023ADE72848E9E7236823F02003D7
S3150800F5902360F6E70A23A4E71646BBE7336825681F
S3150800F5A0181D616930602E061B6801D5196002E0D6
S3150800F5B06806FBD51980002316462361BAE7336827
S3150800F5C000211A1D32601E686268304607F0BDFBCE
S3150800F5D008B1801B606063682361002384F84330A8
S3150800F5E0A8E72369324649464046D0470130ABD0A2
S3150800F5F023689B0713D4E068039B9842B8BF184654
S3150800F600A4E70123324649464046D04701309BD0FD
S3150800F6100135E36803995B1AAB42F2DCEBE7002598
S3150800F62004F11906F5E700BFFBA701080CA80108B5
S3150800F630B1F90C202DE9F041160705460C4651D4C0
S3150800F6404B68002B02DC0B6C002B49DDE66A002EAA
S3150800F65046D0002312F480522F682B6031D0626D99
S3150800F660A389590705D56368D21A636B0BB1236C56
S3150800F670D21A0023E66A216A2846B047421CB4F922
S3150800F6800C3006D129681D2945D8284ACA40D6070C
S3150800F69041D50022D90462602269226004D5421C41
S3150800F6A001D12B6803B96065616B2F60C1B104F1A4
S3150800F6B04403994202D0284606F08FFB0023636371
S3150800F6C00EE00123216A2846B0470246501CC7D1DE
S3150800F6D02B68002BC4D01D2B01D0162B19D12F60F7
S3150800F6E000201DE00F69002FFAD093070E680F60FF
S3150800F6F00CBF4B690023A6EB07088B60B8F1000F17
S3150800F700EEDD43463A46216A2846A66AB0470028EF
S3150800F71008DCB4F90C3043F040034FF0FF30A38106
S3150800F720BDE8F0810744A8EB0008E7E701004020A0
S3150800F73038B50446064D0846114600222A601A4680
S3150800F74004F01AFA431C02D12B6803B1236038BDB2
S3150800F750CC1C002038B50446064D08461146002242
S3150800F7602A601A4604F00AFA431C02D12B6803B130
S3150800F770236038BDCC1C002038B50446064D084623
S3150800F780114600222A601A4604F0FAF9431C02D1EF
S3150800F7902B6803B1236038BDCC1C002038B5002384
S3150800F7A0054D044608462B6004F0D9F9431C02D1DE
S3150800F7B02B6803B1236038BDCC1C0020F0B5036F5D
S3150800F7C0044687B05BB3002390F87D20019322B1ED
S3150800F7D0A0F87C30436F03B198470025154E206F7B
S3150800F7E0C5F1800203687119DF6801ABB847C8B173
S3150800F7F0E5B1114B04AA0493802302A92046059378
S3150800F800CDE9026507F0CEFADDE9041280F00100C1
S3150800F81084F87D00206F03681B69984730B1002083
S3150800F82007B0F0BD019B01901D44D8E794F87C0011
S3150800F830F6E700BF05200020851F00200048704716
S3150800F840D01C002010B5094C204600F027FB0023E9
S3150800F850C4E91C33064B2046A3670123A4F87C3071
S3150800F860044A0549BDE8104006F03FBFD01C0020F9
S3150800F8700CB2010834220020676D010810B58368B0
S3150800F88004460BB92F2010BD1A499A6AD1E900130C
S3150800F8908B4298BF002302F1040288BF5B1A9A4282
S3150800F8A004D000231348194607F07AFBA3681249C7
S3150800F8B09A6AD1E900138B4298BF002302F1080225
S3150800F8C088BF5B1A9A4204D000230B48194607F0F2
S3150800F8D067FBD4E90312A06807F0FFFC0028D2D121
S3150800F8E0237E2BB16169A06807F006FD0028CAD1FE
S3150800F8F00020C8E7881E0020581E00202DE9F7437F
S3150800F900054608460C4607F081FB0746002845D001
S3150800F910264807F06EFB254E58B187423A463146CF
S3150800F92028BF0246204607F0AEFD10B103B0BDE879
S3150800F930F083DFF87C801D4F28E03368013AC6E97A
S3150800F9400233D8F80031C8F8042158F823100133D7
S3150800F95003F03F03C8F800312B6801913A46284660
S3150800F960DB6901A998470028E0D1204607F04EFB3D
S3150800F9708146384607F03DFB81454A46394628BF49
S3150800F9800246204607F07FFD0028CFD1204607F023
S3150800F9903DFB18B1D8F80421002ACED128462B6899
S3150800F9A0DB6803B0BDE8F043184700BF581E0020C7
S3150800F9B0501D002070B504460D460E4E284607F029
S3150800F9C018FB28B923682046BDE870409B6818478D
S3150800F9D03146284600F00EFD0D28EFD048B92368B9
S3150800F9E020469B690349984718B9024807F01BFB4C
S3150800F9F0E4E770BD881E002038B50C4694F8273019
S3150800FA000546498A23B1227D194807F02FFB38BBE2
S3150800FA10638AB3F5827F0AD8B3F5807F0BD9A3F53D
S3150800FA208173022B09D8DFE803F00C0A0F0040F2B5
S3150800FA303B12934211D0A62012E0E36AEB60002045
S3150800FA400EE0E36A2B61FAE794F8243083F00103A9
S3150800FA502B7603B1E36A6B61F1E7AA680AB92F202E
S3150800FA6038BDA38D002B08BF4FF400739362E6E7F9
S3150800FA70501D002008B503480A7D498A07F0F6FAA2
S3150800FA8008BD00BF501D002070B585680C460DB92D
S3150800FA902F2070BD91F8263003B96C3594F82730BD
S3150800FAA0227D2BB1618A184807F0E0FA0028F0D1C8
S3150800FAB0237D032B26D8DFE803F016020E112B68E8
S3150800FAC09B6894F82420618A5AB904F12C022846C6
S3150800FAD0BDE8704018472B681B69F2E72B689B69DD
S3150800FAE0EFE70022F3E72B68618ADE6A94F8243090
S3150800FAF033B9E26A2846B446A369BDE87040604750
S3150800FB000022F7E72620C4E7501D002010B50A4654
S3150800FB10498AB1F5A27F15D008D840F20513994253
S3150800FB201AD0B1F5A17F0DD0A6200AE040F2A113A4
S3150800FB309942F9D1806838B10368DC6A9369D26A58
S3150800FB40A04710BD806808B92F20FAE703682C3251
S3150800FB501B69BDE810401847127D024807F086FA6F
S3150800FB60EFE700BF501D00202DE9F0414FF00008D7
S3150800FB701546526896B0052A0E461F468DF805802A
S3150800FB808DF806808DF8078040F2B2800123296837
S3150800FB90023A04A807F01BFA0DF1050104A807F0BC
S3150800FBA0ACFC0446002840F09B800DF1060104A831
S3150800FBB007F0A3FC0446002840F092800DF10701E7
S3150800FBC004A807F09AFC0446002840F089806B6870
S3150800FBD0802B00F284807B687F2B40F2878039680F
S3150800FBE003467622083109A807F0F1F99DF8063090
S3150800FBF0013B042B71D8DFE803F0032F646A5D002C
S3150800FC0001238DF83C305C4B10960E930023CDE90A
S3150800FC10113313938DF85030DEB1B56A00232A1DCF
S3150800FC201946564807F0BCF9544807F0FCF9002372
S3150800FC3005F108021946524807F0B2F90022514B5D
S3150800FC40C3F8042109AA04A90EA807F034FA054640
S3150800FC5009E04FF40075E1E7484807F093F948488A
S3150800FC6007F090F900250B9A099B09A89A4288BFC4
S3150800FC70D41A07F087F904A85FFA84F807F082F91E
S3150800FC802C4600230822396809A807F0A0F90021A4
S3150800FC901C220FA80E9106F075FE022109A807F08E
S3150800FCA06AFB38B3002409A807F06CF9204616B099
S3150800FCB0BDE8F08101238DF83C30334B10960E9346
S3150800FCC0C0E7032310968DF83C30304BF7E7042342
S3150800FCD010968DF83C302E4BF1E72A25C3E7C2244F
S3150800FCE004A807F04FF94FF00008CAE71924F7E708
S3150800FCF01924C6E79DF8061009A841F0800107F007
S3150800FD003AFB0028CED19DF8071009A807F033FB67
S3150800FD100028C7D1214609A807F052FB0028C1D1FF
S3150800FD20414609A807F027FB0028BBD17A6808F1E5
S3150800FD300A03934201D906F0ECFC7B600EAB0293F2
S3150800FD4020230393002EADD03B6808F10804CDE9C3
S3150800FD500434002BEFD0304602AA04A907F0FCFAB7
S3150800FD6000289FD1BDF838203B681A539DF80640F5
S3150800FD70023C18BF012496E720B20108881E00201D
S3150800FD80581E0020501D002048B2010870B2010814
S3150800FD9098B20108002270B50D4C0E4E0E4D114654
S3150800FDA0204607F04FF932462946204606F09DFCC4
S3150800FDB000220A4C1146204607F044F932462946E5
S3150800FDC0204606F092FC0022054BC3E9402270BD8E
S3150800FDD0881E002034220020E76F0108581E0020E4
S3150800FDE0501D002010B40346806818B903205DF83A
S3150800FDF0044B704740F26314A14212D0B1F5B27FAA
S3150800FE0007D2B1F5827F1FD0B1F5B17F17D0A620F2
S3150800FE10EDE740F297108142F9D102B112685A62B1
S3150800FE2010E00AB92F20E2E711680A4BA1F57A72A9
S3150800FE309A42F7D80368DB6B5DF8044B184702B1A2
S3150800FE4012681A620020D2E7002AEBD0036811680C
S3150800FE501B6FF1E7B88201004B000133212B70B507
S3150800FE6017D800230C4D0138561C994203D100209F
S3150800FE7002F8110070BD10F8014F24092C5D02F834
S3150800FE801340047804F00F042C5D06F81340013380
S3150800FE90EBE71920EEE700BFF0B201080C4B10B5EE
S3150800FEA0002103604FF400730446C0E90111C0E95C
S3150800FEB00311C0E90511C0E90711416283624022B6
S3150800FEC02C3006F05FFD034B2046E36610BD00BFED
S3150800FED0C0B2010840AF01082DE9F041B1F5AA7F8B
S3150800FEE096B0044616461F461C9D3DD8B1F5A07F20
S3150800FEF009D840F2051399426FD040F2111399427E
S3150800FF0062D0A620B8E06FF4A07319441329F8D874
S3150800FF1001A353F821F000BF1300010803FF0008EE
S3150800FF202F00010803FF0008370001083F000108F9
S3150800FF30470001084F00010803FF000803FF0008F7
S3150800FF4003FF000803FF000803FF000803FF00087B
S3150800FF5003FF000803FF000803FF00085700010815
S3150800FF605F00010867000108B1F5C17F00F0AB80AA
S3150800FF700FD840F26513994200F09D80B1F5B37F22
S3150800FF8000F09D80B1F5B27FBBD1406803681C6C58
S3150800FF901DE040F29513994200F0A38040F2B11398
S3150800FFA0994200F0AC8040F293139942A9D1CDE969
S3150800FFB0092702B9F7B9606809A903685B6D98470C
S3150800FFC0002859D10A9B22E040680368DC6D2B465D
S3150800FFD03A463146A04740B34EE000F12C08404669
S3150800FFE006F044FD0130CDE90406CDF80C800697ED
S3150800FFF016B90FB106F08DFB05AB00932046628A51
S31508010000218A03AB07F09BF9002835D1069B2B60A3
S315080100100BE0406803689B683A46314698470028D2
S315080100202AD1304606F022FD2860002024E04068E7
S3150801003003681B69F0E7406803689B69ECE7406859
S315080100400368DB69E8E7406803681B6AE4E7406818
S3150801005003685B6AE0E740680368DB6ADCE74068D7
S3150801006003681C6BB3E74068212203680DA95C6B22
S315080100702B46A047044610B116B0BDE8F0810F2FF4
S3150801008017D906F1FF380DA90F36087807F0F7F8E2
S315080100900746487807F0F3F8FF2F0AD0FF2808D05B
S315080100A040EA071008F8010FB04501F10201ECD149
S315080100B010242C60B9E7406803685C6C87E74068E0
S315080100C003689C6C83E7CDE907230AB9002B91D114
S315080100D0606807A903681B6D98470028CCD1089B5F
S315080100E095E7CDE90B270AB9002F83D160680BA9DB
S315080100F003689B6D98470028BED10C9B87E7CDE91D
S315080101000D2712B9002F7FF475AF60680DA9036832
S315080101101B6E98470028AFD10E9B78E72DE9F04F63
S315080101200546AC6810461E4691B00CB9032097E007
S31508010130B1F5B27F00F0CF8017D840F2111399427A
S315080101405AD06FF4A07319448BB2132B26D81329EE
S3150801015024D8DFE801F05623622365686B6E2323F2
S3150801016023232323232323718B9940F29513994241
S3150801017000F01881B1F5CB7F1BD240F28113994269
S3150801018000F0FA80B1F5C17F0AD240F265139942AF
S3150801019000F0A880B1F5B37F00F0A780A6205FE044
S315080101A000F0F88040F293139942F7D123685D6D08
S315080101B0F2E0B1F5D17F00F00D8112D8B1F5CB7F10
S315080101C000F0F38040F2A1139942E7D1002A40F0EA
S315080101D0F3804022002105F12C0006F0D3FB002014
S315080101E03EE040F2B1139942D8D1002A47D0002EF9
S315080101F045D023681D6ECFE02368DB6D3246014684
S3150801020006E023689B6808B1002EF7D100227649DB
S31508010210204611B0BDE8F04F184723681B69F2E77D
S3150801022023689B69EFE72368DB69ECE723681B6AA8
S31508010230E9E723685B6AE6E702B1A6B900211C2251
S3150801024008A8079106F09EFB2021684AAB8A07A8F1
S31508010250FEF778FC0246A8680168CC6A07A9A04798
S3150801026011B0BDE8F08F2368DB6AC7E702B126B98A
S31508010270236808221B6B5E49CAE7102E01D92F2075
S31508010280EEE723681B6BB9E702B1FEB9E8680028F7
S315080102903FF44CAF102603AC01940296036801A9FA
S315080102A09B6898470028DBD13146204607AAFFF705
S315080102B0D3FD0028D4D107A806F0D8FB0246AC68BE
S315080102C023685B6B204607A99847C9E7102ED6D83D
S315080102D0314607AAEBE7002AD1D0002BCFD02368F5
S315080102E01B6C8BE723685B6C88E70AB1002E40D14B
S315080102F0D5E90698002603233246314607A8B5F8FC
S3150801030010B0B5F812A0EF8ACDE907662D6ACDF8C7
S31508010310236006F0C8FF102301465A4607A806F0CF
S31508010320C2FF10230146524607A806F0BCFF022366
S3150801033001464A4607A806F0B6FF08230146424683
S3150801034007A806F0B0FF0C2301463A4607A806F0AF
S31508010350AAFF1B2301462A4607A806F0A4FF042381
S315080103600146324607A806F09EFF23680B229B6CBE
S31508010370A8E723689B6C41E72368DD6C02B15EB987
S31508010380002303AACDE907238DF80C30204607A9D7
S31508010390A84765E723681D6D0146324607A806F09A
S315080103A0E2FFF3E723689D6DF6E7EC68002C3FF45E
S315080103B0BDAE23681D69EFE73F2E3FF660AF0146E4
S315080103C0324605F12C0006F044FB0023354485F836
S315080103D02C3004E7002A3FF452AF002E3FF44FAF0A
S315080103E023685D6ED8E700BF1D9D01081DA8010899
S315080103F020A8010838B504460D46204606F0F9FD41
S315080104006B7C002857D0052B59D0032B17D0042B0A
S3150801041038D0012B4DD102222146284607F04FF844
S31508010420002833D12946284607F08DF870BB95F880
S315080104302430002B0CBF032305236B74DDE795F8E5
S3150801044025209AB1214628462A7F07F038F8E8B9C7
S315080104502946284607F0B8F8C0B995F8253073B982
S315080104600223AA691A442A620423E6E72B7D013B83
S31508010470DBB2022B9CBF134AD25CAA61F0E72B7F41
S315080104800233EEE795F824300BB1232038BDAA696B
S315080104900AB91820FAE72146284607F010F8002875
S315080104A0F4D12946284607F0B7F80028EED10523E6
S315080104B0C3E70320EAE7052B01D00D20E6E7002074
S315080104C0E4E700BF01B301084FF00063F0B59F6A86
S315080104D0044607F17843B3F5C04F0D46164685B075
S315080104E00DD201A8F5F7C2FF039B5B0507D5324676
S315080104F0294620463B6C05B0BDE8F040184705B0D3
S31508010500F0BD704770471FB54FF000639B6A03F152
S315080105107842B2F5C04F04D340F2011005B05DF838
S3150801052004FB1B6B03F17843B3F5C04FF4D20123E7
S315080105308DF80430002301A8CDE90233F5F796FFBB
S31508010540039BDB03E8D5029B1A0EE5D0012A03D1EA
S31508010550C3F307430A2BDFD94FF000639B6A1B6B72
S315080105601B6C9847DAE770470368F0B5CC1A002C7C
S3150801057002DC6FF05F00F0BD93F900601D78002E74
S3150801058008DB5C1C04601B781360091B9942F0D3D5
S315080105900020F0E705F07F056F1E032F2E460FD8C2
S315080105A0AC42E6DD5C1C27460023013E136007606A
S315080105B001D22C44E9E717F801CB4CEA0323F4E707
S315080105C06FF06300D7E770B404680E1B002E07DDD1
S315080105D026789E4208D10134046070BCFFF7C4BF77
S315080105E06FF05F0070BC70476FF06100FAE72DE9A4
S315080105F0F04F85B00092984603AA302305460E4669
S315080106009DF838A09DF83CB0FFF7DDFF044600BB16
S315080106102B68039A1A44964219D06FF0650418E0BC
S315080106205A1C2A6093F80090009B09EA0303434584
S3150801063021D13146284603AAFFF796FFC8B909EA28
S315080106400A025A45039B08D02A6813442B609E4226
S31508010650E6D8204605B0BDE8F08F109A002AF3D0F7
S31508010660DDE9107049462A680193B847019B0028BD
S31508010670EAD00446EDE76FF06104EAE738B50546C6
S315080106802C6804B938BDA369A0682B6009F01DFA66
S31508010690606909F01AFA204609F017FAF0E770B509
S315080106A00E46154604460CB9204670BD6368AB4232
S315080106B006D12A463146A06806F03BF90028F3D050
S315080106C0A469F0E77F2A034610B51AD91446012012
S315080106D0240A00F10100FBD11C68641A844212DB6A
S315080106E019684C1E1C6001F8012C120AF8D1012860
S315080106F006D01A68511E196000F17F0302F8013C01
S3150801070010BD0120E8E76FF06B00F9E70368591A95
S315080107100029C1BF03F1FF310160012003F8012C53
S31508010720D8BF6FF06B0070472DE9F04106460F46BA
S3150801073015469846FFF7C6FF041E03DA6FF06B00ED
S31508010740BDE8F081424639463046FFF7DFFF00280B
S3150801075005F10105F2DB6019F2E7F0B4144600254C
S315080107600668721A002A1CDD771E076006F8014C16
S315080107702412002C05F1010211DC046894F90060C9
S31508010780002E08DA621A002A0BDD621E02600022B8
S3150801079004F8012CAA1CDBB2F0BCFFF7C5BF15464D
S315080107A0DEE76FF06B00F0BC704770B50D46064684
S315080107B000681146A8421C460AD3451B9D4207D329
S315080107C0C01A306013B11A4606F043F9204670BDC7
S315080107D06FF06B00FBE705230022FFF7A5BF70B595
S315080107E004460D46FFF7E1FF021E06DB29462046B1
S315080107F0BDE870400623FFF797BF6FF06B0070BD29
S315080108002DE9F0419846DDE9066304460D4617468B
S31508010810ABB126B9FFF7DFFF002812DB06464346D0
S315080108203A4629462046FFF7DAFF002809DB8219EE
S3150801083029462046BDE8F0413023FFF775BF1E461D
S31508010840EDE7BDE8F08130B40468651A002D0CDDCA
S31508010850003A18BF01220123651E5242056004F8B9
S31508010860012C30BC1A46FFF75FBF6FF06B0030BC36
S3150801087070470223FFF771BF70B516461A46049BE7
S3150801088004460D46FFF791FF021E06DB2946204660
S31508010890F3B2BDE87040FFF747BF6FF06B0070BD5C
S315080108A02DE9F84307460068894690461E46089D85
S315080108B0FFF7F5FE044688BB2021012005F017F94C
S315080108C0044650B1C0F804804146012005F00FF9ED
S315080108D0A06030B9204609F0F8F800242046BDE8A2
S315080108E0F8834246494606F0B4F825614DB12946D2
S315080108F0012005F0FCF8606118B9A06809F0E5F86F
S31508010900E8E73B68A3613C60002EE7D0002DE5D0FF
S315080109102A463146606906F09CF8DFE72DB9406939
S3150801092009F0D3F8C4E90455D8E70369AB420BD0FB
S315080109302946012005F0DBF807460028CDD0606975
S3150801094009F0C3F8C4E90457002EC7D0E0E738B563
S3150801095000F14103054602461921DBB20020F5F7ED
S315080109609BFE05F147032A4604463321DBB21A20CA
S31508010970F5F792FE2B1F2A463D210443DBB23420AC
S31508010980F5F78AFE3E21E4B22A462B23044308469C
S31508010990F5F782FE3F21E4B22F232A46044308468F
S315080109A0F5F77AFEE4B22043C0B238BD2DE9F74F18
S315080109B00C9F0546164617B91760002012E0032456
S315080109C0B7FBF4F404EB4408474518BF0134B4F106
S315080109D0804F0AD2A40001348C4200D840B96FF086
S315080109E02900346003B0BDE8F08F4FF0FF34F6E715
S315080109F081460024444503F1030209F1040A2ED372
S31508010A00BC424A4626D293F800800134BC424FEADA
S31508010A1098002CBF4FF0000B93F801B0FFF797FF32
S31508010A2089F800004FEA081000F0300000EB1B10AF
S31508010A30FFF78DFFBC4289F801003CD24FEA8B00D3
S31508010A4000F03C00FFF783FF3D23524689F8020078
S31508010A5089F803300023551B35601370ADE712F88A
S31508010A60033C12F8029C980812F801BC0192009303
S31508010A70FFF76DFF009B0AF8040C180100F030001F
S31508010A8000EB1910FFF763FF0AF8030C4FEA890018
S31508010A9000F03C0000EB9B10FFF759FF0AF8020C27
S31508010AA00BF03F00FFF753FF019AD14613460AF8A8
S31508010AB0010C03349EE73D20C6E700220123C0E965
S31508010AC00023704710B5044648B1006818B1E1889B
S31508010AD0890001F0FCFC00220123C4E9002310BDB2
S31508010AE042F21073994270B504460D4602D96FF069
S31508010AF00F0070BDC3888B4201D30020F9E704219A
S31508010B00284604F0F4FF06460028F0D0216841B1D2
S31508010B10E288920005F09DFFE1882068890001F0CE
S31508010B20D6FCE5802660E8E7F8B50D46C98804468F
S31508010B301646FFF7D5FF0746A8B93046F5F7BEFDB5
S31508010B400646B4F90420B5F90410F5F7C3FD334692
S31508010B50F643A080EA8820682968F6F725F8EB8825
S31508010B60E088984201D83846F8BD216851F8232013
S31508010B70324041F823200133F3E738B504460D46E0
S31508010B8019B9FFF79FFF002038BDC2888A4207D1ED
S31508010B9000210068920005F0F5FE0123A380F2E723
S31508010BA0FFF790FF29462046BDE83840FFF798BF72
S31508010BB0884270B505460E4609D0C988C28841B92A
S31508010BC02AB1012392008380006805F0DBFE00202C
S31508010BD070BD4C1E6CB9B6F904300134A242AB8023
S31508010BE00ED221462846FFF77BFF88B16FF00F002A
S31508010BF0EEE7336853F82430002BECD1013CE9E7E2
S31508010C002868121B0021920000EB840005F0BAFE49
S31508010C1031682868A20005F01CFFD8E770B50C46B4
S31508010C2001210546FFF75CFF064688B9EA880146B1
S31508010C309200286805F0A6FE84EAE472A2EBE47243
S31508010C40E40FC4EBC4342B68640001341A60AC8029
S31508010C50304670BDC388B1EB431F3FBF03684A09DD
S31508010C6053F8220001F01F013ABFC84000F0010005
S31508010C70002070470022C188914201D800207047A0
S31508010C80036853F8223033B193FAA3F0B0FA80F02F
S31508010C9000EB421070470132EEE7C188006800F0A8
S31508010CA0E2BC08B5FFF7F9FF0730C00808BD70B503
S31508010CB00E4612F0030118BF012101EB9201054608
S31508010CC01446FFF75AFF38B923463246E988286899
S31508010CD0BDE8704000F0E9BC6FF00F0070BD134627
S31508010CE00A46C188006800F005BD38B504460D46B8
S31508010CF0FFF7D3FFE3882844B0EB431F06D82068E3
S31508010D002A46E18800F060FD002038BD10F01F0179
S31508010D1018BF012101EB50112046FFF7E1FE00281B
S31508010D20EDD06FF00F00F0E70A46C18808B511B19A
S31508010D30006800F011FD002008BD10B5C38823B96D
S31508010D40CA885AB9ABB1012017E0026802EB8302DF
S31508010D5052F8042C002AF3D1013BF0E70C6804EBA6
S31508010D60820454F8044C0CB9013AEAE79A42EAD3E8
S31508010D700FD8013B5A1C01D1002010BD026852F858
S31508010D8023400A6852F823209442DCD803F1FF3342
S31508010D90F0D24FF0FF30F0E730B5C38823B9CA88DF
S31508010DA05AB9002B3DD136E0026802EB830252F8AC
S31508010DB0042C002AF3D1013BF0E70C6804EB820509
S31508010DC055F8045C4DBB013AEAE7B1F9045003D280
S31508010DD0B1F90400404226E0B0F90420002A03DDF7
S31508010DE0002D0CDA01201EE0002D08DD3AB14FF086
S31508010DF0FF3018E003F1FF330BD2504213E0013BF9
S31508010E00016851F8235054F823108D42F2D910463F
S31508010E1009E0591CF4D1002005E0002BD8D09342F3
S31508010E20D3D9B0F9040030BD1FB581EAE173A3EB4C
S31508010E30E17301930123C90FC1EBC13149000131A6
S31508010E40ADF80C10ADF80E3002A901AB0293FFF70D
S31508010E50A3FF05B05DF804FB90422DE9F041064673
S31508010E600F46144602D0884206D127460123FC883C
S31508010E70B3804CB9002005E0FFF79AFE0028F4D0AC
S31508010E806FF00F00BDE8F0813B684FEA840803EB79
S31508010E90840353F8043C0BB9013CEAE72146304682
S31508010EA0FFF71EFE0028EBD1356823463A68294626
S31508010EB0284600F0BFFC074605EB0803002FD9D0EA
S31508010EC0F288651CA24208D829463046FFF708FE73
S31508010ED00028D5D1336803EB84031A682C46D21946
S31508010EE02CBF01270027003F18BF012743F8042B11
S31508010EF0E4E72DE9F04105460E469046D4886CBBD9
S31508010F00F1882846FFF7ECFD0746002842D1F2880A
S31508010F10A2420BD9AE4209D028683168121B920049
S31508010F2001EB840100EB840005F093FDEA88F08863
S31508010F30824207D92B68121A0021920003EB80001E
S31508010F4005F020FDD8F8002023463168286800F00E
S31508010F5087FC024698B90123AB800DE0D8F800302A
S31508010F6003EB840353F8043C0BB9013CC7E7F1884A
S31508010F70A142C6D26FF009073846BDE8F081296853
S31508010F80EB8801EB840108461B1B00F097FD00283E
S31508010F90E1D0EFE76FF00F07EEE72DE9F843B2F876
S31508010FA004C0B1F9044005461CFB04FC67467B43B3
S31508010FB00E4691461DD511463046FFF7BEFEB0F1E5
S31508010FC0FF3F80460CD04A4631462846FFF791FF37
S31508010FD068B9B8F1000F08BF01240020AC8006E00B
S31508010FE032462846FFF785FF08B96442AC80BDE85A
S31508010FF0F883FFF731FF0028EFD06FF00F00F6E70F
S315080110000123FFF7CABF4FF0FF33FFF7C6BF1FB56E
S3150801101082EAE273A3EBE27301930123D20FC2EBD7
S31508011020C23252000132ADF80C20ADF80E3002AAD8
S3150801103001AB0293FFF7E7FF05B05DF804FB2DE965
S31508011040F04701231446002286B0884206460D461B
S31508011050CDE90223CDE9042310D102A8FFF7A8FDA3
S3150801106058B16FF00F0904A8FFF72CFD02A8FFF786
S3150801107029FD484606B0BDE8F08702ADA64206D16D
S31508011080314604A8FFF794FD0028EAD104ACEF889D
S315080110904FBBB7FA87FAB4F806804FEA5A1AB8F17D
S315080110A0000F29D107EB08013046FFF719FDB8F102
S315080110B0000F08BF4AF0010A01460028D1D130467F
S315080110C0FFF7ACFD81460028CBD1CDF800803A4622
S315080110D023682968306800F0A1FCBAF1000F15D021
S315080110E00123B380BFE72B6803EB870353F8043C5E
S315080110F0002BCED1013FCBE7236803EB880353F8D6
S31508011100043C002BCED108F1FF38C8E7AB88A2888A
S3150801111013FB02F39BB2E4E72DE9F34104460F46BC
S315080111201546CE8836B13B6803EB860353F8043C73
S315080111303BB145B90021204602B0BDE8F041FFF7B1
S315080111406DBD013EEEE72046711CFFF7C9FC28B1CB
S315080111506FF00F08404602B0BDE8F08139462046D7
S31508011160FFF726FD80460028F2D1013D009533465A
S315080111703A68E188206800F090FBEBE770B5044611
S315080111800D46104600211646FFF74EFE002824DBC1
S315080111902A46334621460020F5F7AAFA054638B10C
S315080111A0284670BD324621462046FFF729FF90B9E9
S315080111B000212046FFF738FE0028F3DB314620469A
S315080111C0FFF7EAFD0028EBDB324621462046FFF70A
S315080111D01AFF0028F2D00546E2E76FF00905DFE7B6
S315080111E0F0B501231546002285B0064668460C4629
S315080111F0CDE90023CDE90223FFF7DAFC50B16FF000
S315080112000F046846FFF75EFC02A8FFF75BFC204661
S3150801121005B0F0BD294602A8FFF7CAFC0028EED1A1
S315080112206846FFF727FD074602A8FFF723FD05468F
S3150801123050B9014602A8FFF70DFD28B921463046E7
S31508011240FFF7B6FC0446DCE70123ADF80C30ADF830
S31508011250043000216846FFF7E7FD80B9AF423946F9
S3150801126002A828BF2946FFF740FD0028C7D1304606
S3150801127002A9FFF79DFC04460028C2D0BFE76846CD
S31508011280FFF7F8FC01466846FFF74EFD02A8FFF78F
S31508011290F1FC014602A8FFF747FD684602A9FFF7D8
S315080112A07BFD00280CDB6946684602AAFFF721FE8A
S315080112B004460028A5D101216846FFF735FDC8E790
S315080112C002A96A460846FFF714FE0446002898D183
S315080112D0012102A8F1E7F7B50E1E044615461F4679
S315080112E014DB1046FFF7A0FD00280FDD2046E9882C
S315080112F0FFF743FC68B9089B3146CDE90073E388DB
S315080113002A682068F5F768FC03B0F0BD6FF00300A2
S31508011310FAE76FF00F00F7E72DE9F04F95B0019066
S315080113200F46104601219046FFF77EFD002840F33F
S315080113309781012600254246394602A8CDE9045679
S31508011340CDE90256CDE90C56079609960B960F96E6
S3150801135011961396FFF744FF0446002840F06D8165
S31508011360314602A8FFF760FD0546002840F05C817A
S315080113704246394604A8FFF701FF0446002840F013
S315080113805C81069004A906A8FFF712FCDDF818A0EF
S3150801139020B941460CA8FFF70BFC40B14FF0000BF2
S315080113A05D46D9465E465F466FF00F0409E10E9029
S315080113B041460EA8FFF7FCFBDDF83890002840F0FF
S315080113C042813146089008A8FFF728FC089F014684
S315080113D0002840F03B810A900AA8FFF71FFC0A9EE5
S315080113E08346002840F036810146109010A8FFF781
S315080113F015FC109D002840F03081012112A8CDF876
S3150801140048B0FFF70BFCDDF848B00028CCD1DAF874
S315080114100020D00753D5D9F80020D3077AD50EA9CD
S3150801142006A8CDF818A0CDF83890FFF7B5FC002826
S31508011430C0F29F8006A908460EAAFFF7E4FDDDF86B
S3150801144018A00446002840F0BC8008A9084610AA3E
S3150801145008971095FFF7D7FD089F0446002840F026
S31508011460B0800AA9084612AA0A96CDF848B0FFF72D
S31508011470CAFD0A9E0446002840F0A380002106A85A
S31508011480CDF818A0FFF7D0FC0028C0D1002110A87C
S315080114901095FFF7C9FC0028C0F28980414610A8BB
S315080114A01095FFF779FC002880F2B380019810A9FE
S315080114B0FFF77EFB041E18BF6FF00F0481E00121C0
S315080114C006A8CDF818A0FFF72FFC3A68D30702D46F
S315080114D03268D40713D508A908460CAA0897FFF756
S315080114E08FFD089F044600286BD10AA9084604AA5D
S315080114F00A96FFF788FD0A9E0446002861D1012154
S3150801150008A80897FFF710FC01210AA80A96FFF711
S315080115100BFC7CE701210EA8CDF83890FFF704FCF7
S315080115202A68D10703D4DBF80020D20715D510A9FC
S3150801153008460CAA1095FFF763FD109D044600287E
S315080115403FD112A9084604AACDF848B0FFF75BFDBA
S31508011550DDF848B00446002833D1012110A81095BA
S31508011560FFF7E2FB012112A8CDF848B0FFF7DCFB33
S3150801157051E70EA9084606AAFFF745FDDDF838909A
S315080115800446F0B910A9084608AA10950897FFF766
S315080115903AFD109D0446A0B912A908460AAACDF833
S315080115A048B00A96FFF72FFDDDF848B062E710A9A3
S315080115B042460846FFF724FD109D044600283FF4DD
S315080115C065AF04A8FFF77EFA06A8CDF818A0FFF7BD
S315080115D079FA08A80897FFF775FA0AA80A96FFF78D
S315080115E071FA02A8FFF76EFA0CA8FFF76BFA0EA8B4
S315080115F0CDF83890FFF766FA10A81095FFF762FA4A
S3150801160012A8CDF848B0FFF75DFA204615B0BDE837
S31508011610F08F10A942460846FFF7F5FC109D0446CF
S3150801162000283FF43BAFCCE7A3462546A14626460C
S315080116302746A2466FF00D04C3E7AB46A9462E46D8
S315080116402F46AA46BDE7A3462546ABE6A346254649
S315080116502646A9E6A3462546A6E64FF0000BA3E6CD
S315080116606FF00304D1E70139002901DA0020704738
S3150801167050F82130002BF6D0B3FA83F00131C0EBD4
S315080116804110704739B101F18041013900EB8101FF
S315080116908142034600D270471B680A681BBA12BA10
S315080116A040F8042B41F80439F2E72DE9F0411C46CC
S315080116B013F0030318BF012303EB94038B42064679
S315080116C00D46904613D879B18F003A46002105F0A8
S315080116D059F92CB1381B22464146304405F0B9F96F
S315080116E029463046FFF7CEFF0020BDE8F0816FF0AE
S315080116F00700FAE7B3EB810F70B504464FEA810597
S31508011700104619D95A1B8618002105F03BF93046AF
S315080117102B460021C2188B4210D1002070BD22F041
S315080117200301615802F00306F600F140C9B281B916
S315080117300132AA42F3D3ECE71A46FAE721F003008D
S31508011740205801F00305ED00E84002F8010D0131CA
S31508011750E1E76FF00700E1E753098B42F0B402F0C5
S315080117601F0401D805D13CB3F0BC8A00002105F05D
S3150801177009B91F2A22D834B1002200EB8101C4F12C
S31508011780200681420FD1F0BC704752F8047B45F818
S31508011790047FB242F9D10022CB1A8B42EBD240F830
S315080117A023200133F9E751F8045D25FA04F31343BD
S315080117B00B6005FA06F2E4E71F2AE4D900EB830277
S315080117C0051F00EB8106E4E71F2AF0B54FEA52141C
S315080117D002F01F0512D96FF003060B4606FB040635
S315080117E09C4203F1FF3212D3631A8C4288BF00234D
S315080117F000220B4400EB830383420ED135B100224C
S3150801180000EB8400C5F120078C4209D3F0BD56F8D8
S31508011810223040F822301346E2E743F8042DEBE77D
S315080118200668013406FA05F3134340F8043B26FA21
S3150801183007F2E9E7F0B50024844620469C4200D128
S31508011840F0BD51F8245052F824702E182CBF0125EA
S315080118500025BF194CF8247045F100000134EDE765
S31508011860F0B50024064620469C4200D1F0BD51F849
S3150801187024C052F82470ACEB0005AF4294BF4FF078
S31508011880000E4FF0010EED1B46F8245084452CBF7F
S3150801189070460EF101000134E6E78B4228BF0B467C
S315080118A02DE9F047DD08A1EB030E074603F007080B
S315080118B011460346AC460020089C0CF1FF3CBCF1DE
S315080118C0FF3F03F1200301F1200112D102EB45117B
S315080118D04FEA880607EB451501EB880CBA1A6145EC
S315080118E040F082803544BEF1010E80F08C80BDE85F
S315080118F0F08751F8206CA6FB049610EB090953F8FA
S31508011900200C46F1000610EB090043F8200C51F8AB
S315080119101C0C46F10006A0FB0409361853F81C0CEA
S3150801192049F10009801943F81C0C51F8180C49F1C2
S315080119300009A0FB040619EB000953F8180C46F137
S31508011940000610EB090043F8180C51F8140C46F17F
S315080119500006A0FB0409361853F8140C49F10009CE
S31508011960801943F8140C51F8100C49F10009A0FB31
S31508011970040619EB000953F8100C46F1000610EBA2
S31508011980090043F8100C51F80C0C46F10006A0FBAF
S315080119900409361853F80C0C49F10009801943F863
S315080119A00C0C51F8080C49F10009A0FB040619EBC7
S315080119B0000953F8080C46F1000610EB090043F834
S315080119C0080C51F8040C46F10006A0FB040A16EBB4
S315080119D0000953F8046C4AF1000016EB090640F1B8
S315080119E0000043F8046C68E70F4657F8043BA3FB6D
S315080119F00438C318885848F10008C3188B5048F1B1
S31508011A00000039466BE72B681B182CBF0120002004
S31508011A10003818BF012045F8043B64E72DE9F34770
S31508011A20DDF8289015464A440F46920000210646DD
S31508011A309846002404F0A6FF05F1010A4C4502D197
S31508011A4002B0BDE8F08758F8243006EB840000930D
S31508011A503A462B465146FFF720FF0134EEE72DE9BA
S31508011A60F04712F0030418BF012404EB92048C42D8
S31508011A700646884617461D464FEA840AC2EB84097C
S31508011A8019D84A46002104F07DFFA8EB040200217B
S31508011A90920006EB0A0004F075FF3A46089806EB31
S31508011AA00901A847054618B921463046FFF7EAFD58
S31508011AB02846BDE8F0876FF00305F9E770B50646D5
S31508011AC0002410469C4200D170BD51F82420151AF5
S31508011AD034BF01220022101E46F8245018BF0120E7
S31508011AE00134EFE72DE9F34101F1100506460F46EA
S31508011AF028460021FFF798F9044698B36846FEF789
S31508011B00DCFF29466846321DFFF706FC044630BB52
S31508011B1007F108086B46424641463046F5F7A6F8EE
S31508011B200446E0B96B466A4669463046F5F79EF8BB
S31508011B300446A0B96B463A4639463046F5F796F853
S31508011B40044660B96B46424641463046F5F78EF87B
S31508011B50044620B901212846FFF760F8044668467D
S31508011B60FEF7B0FF204602B0BDE8F081F7B50D4695
S31508011B700446083568461646FEF79FFF00212846A3
S31508011B80FFF752F9211D07462A466846FFF73BFA31
S31508011B90044648B9002F0CBF002206F00102694627
S31508011BA02846FEF7C1FF04466846FEF78BFF204626
S31508011BB003B0F0BD38B50C46051D29462046FFF78A
S31508011BC0EBF8002801DA002006E02A4621462046DD
S31508011BD0FFF78FF90028F0D038BD70B50C460546D9
S31508011BE0114620461A46FFF70BFA064630B9043560
S31508011BF029462046FFF7D0F8002801DA304670BD9D
S31508011C002A4621462046FFF774F90028F0D00646F1
S31508011C10F4E770B50C460646114620461A46FFF704
S31508011C20F2F9054648B90436B4F90430002B04DA4A
S31508011C3000212046FFF7F8F808B9284670BD324654
S31508011C4021462046FFF7DCF90028EDD00546F4E7E2
S31508011C5010B50446FEF736FF04F10800FEF732FF19
S31508011C6004F11000BDE81040FEF72CBF2DE9F0473E
S31508011C70C3F34508B8FA88FA0C4615464FEA5A1AC4
S31508011C8007465246294620461E46FEF74DFF48BBE3
S31508011C9004F108095246484605F10801FEF744FFD2
S31508011CA000BB08F1FF33D3F1000848EB03084246AD
S31508011CB0204605F11801FEF737FF98B9424648460E
S31508011CC005F12001FEF730FF60B921463846F209D1
S31508011CD0FFF74CFF30B904F110000121BDE8F047C8
S31508011CE0FEF79CBFBDE8F08738B50C4605460121CD
S31508011CF02046FEF7FAFF28B921462846BDE83840AE
S31508011D00FFF758BF38BD2DE9F84F1E4603F1080500
S31508011D10C36804468A469046002B40F0C08002F10B
S31508011D2010031A462946F4F7A1FF002840F0EF8070
S31508011D3006F110072B46424639462046FFF74DFF66
S31508011D40002840F0E48006F118092B464246494628
S31508011D502046FFF75EFF002840F0D9804B463A46F9
S31508011D6029462046F4F782FF002840F0D080032256
S31508011D7029463046FFF7D0F9002840F0C880314699
S31508011D802046FFF717FF002840F0C18008F1080B2D
S31508011D9006F110075B465A4639462046F4F766FFB0
S31508011DA0002840F0B48039462046FFF79DFF0028F9
S31508011DB040F0AD803B46424629462046F4F756FF99
S31508011DC0002840F0A48029462046FFF78DFF002809
S31508011DD040F09D8006F118093B463A464946204699
S31508011DE0F4F744FF002840F0928049462046FFF761
S31508011DF07BFF002840F08B80334632463946204621
S31508011E00F4F734FF002840F082802B463A463946DB
S31508011E102046FFF7FEFE002879D12B463A46394679
S31508011E202046FFF7F6FE002871D13B462A46294689
S31508011E302046FFF7EEFE002869D133462A46294691
S31508011E402046F4F713FF002861D14B462A46294656
S31508011E502046FFF7DEFE002859D15A464946204654
S31508011E6008F11003F4F702FF002850D1494620462D
S31508011E70FFF73AFF00284AD139465046FEF798FE41
S31508011E80002844D129460AF10800FEF791FEF0BB65
S31508011E9049460AF11000BDE8F84FFEF789BE134618
S31508011EA02946F4F7E3FE90BB032229463046FFF79D
S31508011EB033F960BB31462046FFF77CFE38BB04F197
S31508011EC00C0701463846FEF7AFFF00283FF45EAF20
S31508011ED008F110031A4629462046F4F7C7FEB0B999
S31508011EE006F110092B462A4649462046F4F7BEFE56
S31508011EF068B93B464A4629462046F4F7B7FE30B943
S31508011F002B46324631462046FFF767FE3BE7BDE8DA
S31508011F10F88F0346C06920B15B6A002B14BF012004
S31508011F200220704710B50446FEF7C7FD04F1080004
S31508011F30FEF7C3FD04F11000BDE81040FEF7BDBD74
S31508011F4038B50025044600F8045BFEF7B6FD04F132
S31508011F500C00FEF7B2FD04F11400FEF7AEFD04F124
S31508011F601C00FFF7DFFF04F13400FEF7A6FDC4E904
S31508011F700F55C4E91155C4E91355C4E91555E56565
S31508011F8038BD10B50446FFF7DBFF04F16000FEF724
S31508011F9094FD04F16800BDE81040FFF7C3BF08B11E
S31508011FA0FFF756BE704770B5044658B3436C012B0C
S31508011FB011D00C30FEF786FD04F11400FEF782FD00
S31508011FC004F11C00FFF7EBFF04F13400FEF77AFD7C
S31508011FD0201DFEF777FDA36D8BB92046BDE870403D
S31508011FE06021F5F797BE06FB0500FFF7D8FF013517
S31508011FF0D4E91603AB42F6D807F067FDEDE70025ED
S315080120001826F5E770BD10B5044658B1FFF7CBFFA2
S3150801201004F16000FEF756FD04F16800BDE81040C2
S31508012020FFF7BDBF10BD38B504460D46FEF7C0FD26
S3150801203070B905F1080104F10800FEF7B9FD38B9D0
S3150801204005F1100104F11000BDE83840FEF7B0BDF6
S3150801205038BD10B501210446FEF7E0FD60B901213E
S3150801206004F10800FEF7DAFD30B9014604F1100063
S31508012070BDE81040FEF7D2BD10BD002108B51030ED
S31508012080FEF7D2FEB0FA80F0400908BD1FB500245C
S315080120900294079C0194069C0094F5F75DFA04B036
S315080120A010BD00B14078704770B500231446E409A5
S315080120B01D4603F10103FAD10468091B994212D39B
S315080120C002F07F0161550224D2099C42016803D9B5
S315080120D019440160002070BD1D1B62F07F064E5534
S315080120E0D2090134F1E76FF00A00F4E76FF02D0029
S315080120F070472DE9F0410446002086B001918E18FB
S315080121000290B14246D1431E7E2B7FD800EB800850
S315080121100121404603F0EBFC0546A060002878D073
S315080121200590324601A903A8F5F7E2FA002867D116
S31508012130039F022F64D8019BB34261D218782E28D7
S315080121405ED1013304A80193F5F7D2FA002857D1D5
S31508012150022F02D0049B272B52D8019BB34204D2EB
S315080121601A782E2A4CD10133019328235F43049B05
S31508012170FA1845D2A844414605A8FFF795FF054632
S3150801218018B36FF00A05A06807F09FFC0023C4E99D
S31508012190013331E011F8013B2E2B08BF0130B0E7BE
S315080121A0324601A902A8F5F7A3FA48BB019BB34237
S315080121B004D21A782E2A23D1013301934146029A71
S315080121C005A8FFF771FF0028DBD1019BB342E7D3CE
S315080121D0A368059E0121F61A304603F088FC0746D6
S315080121E088B13246A16804F034FCA06807F06DFC9A
S315080121F00623C4E901672360284606B0BDE8F081D5
S315080122006FF06705BFE76FF06905BCE76FF0670513
S31508012210F2E76FF06905EFE70023C0E90033836051
S31508012220704710B5044658B103681BB19B6A0BB1D8
S31508012230406898472046BDE81040A021F5F76ABDD9
S3150801224010BD034608461BB11B680BB1DB6818476E
S315080122500020704710B5002486B005940C9C0494A0
S315080122600B9C03940A9C0294099C0194089C009473
S31508012270F5F75AFB06B010BD10B1006800B1007839
S3150801228070470368D90444BF43F4806303609A0422
S3150801229044BF43F4006303607047022803D0031F59
S315080122A058425841704701207047012802D0831FC0
S315080122B058425841704710B5044686B00021182285
S315080122C0684604F05FFB6946A06800F00EFB38B962
S315080122D06846BDF8024000F0EEFD204606B010BD86
S315080122E00024FAE78068F5F759BB37B504460D4669
S315080122F01046694601AAF5F747FA28B9DDE9002328
S3150801230029462046FEF76BFA03B030BD10B5A8B0D2
S315080123100446FFF7B1FF072820D1A4680021182237
S31508012320684604F02FFB6946204600F0DEFA18B12C
S315080123300024204628B010BDBDF80000BDF80210E3
S3150801234000F44F43B3F5824F18BF0020C0B201F025
S31508012350DCF90446684600F0AEFDEAE7A02221460C
S31508012360684604F076FB6846FFF786FF02380228BE
S3150801237002D8019B1C78DCE700231B78FFDE10B529
S3150801238086B00446FFF778FF07281BD1A468002109
S315080123901822684604F0F6FA6946204600F0A5FABE
S315080123A090B9BDF80040684600F085FD04F44F4336
S315080123B0B3F5824F0AD044F2010324F44050C31AFC
S315080123C05842584106B010BD0020FBE70220F9E744
S315080123D02DE9F04F002787B080460E46CDE90477F0
S315080123E02AB96FF06B04204607B0BDE8F08F0A449E
S315080123F00392024603A8F5F759FC041EF3DB039B77
S315080124009A1B002AEDDD5A1E651C039231462A469F
S3150801241003F8017C03A8FEF755F9B0F1000A52DB6F
S315080124200322314603A8FEF771F9B0F100094CDB26
S315080124304046FFF7A4FF83464046FFF7A0FF022860
S3150801244036D14046FFF762FF00F0FB03092B02462F
S3150801245027D104AA05A9FFF749FE04460028C2D1D7
S315080124600746049B33B3DDE90432CDE900743146EE
S3150801247003A8FEF7C5F9041EB5DB55444D442544AA
S315080124802A46314603A8FEF71DF9041EABDB3022A6
S31508012490314603A8FEF73AF9002812DB2544441908
S315080124A0A1E7314603A8FFF720FF041E9BDB274659
S315080124B00124D6E7584604AA05A9F5F751F90028D3
S315080124C0D1D004468FE754468DE74C468BE710B5C5
S315080124D0044608B1F5F71EFC2046BDE8104007F092
S315080124E0F4BA00F4E040B0F5805F04D0A0F50053DB
S315080124F0584258417047012070472DE9F743DDE9F5
S315080125000A89CDE9008904460D4616461F4603F099
S3150801251081F810F1860F0AD13B46324629462046F4
S31508012520CDE90A8903B0BDE8F04300F009BF03B05D
S31508012530BDE8F0833AB1002918BF00232121D21A38
S31508012540184404F01FBA7047434213F07F0320D0A2
S31508012550584210F15F0F80F2CA8010F16C0F48DA09
S3150801256010F1700F00F0F78010F16F0F80F2B7804D
S3150801257010F5645F00F08F8000F3A68010F5685FA0
S315080125806ED000F39E8010F56C5F1DD010F56A5F62
S3150801259064E010F56E5F00F0DB80DADC10F59C4F25
S315080125A079D060DC10F5C44F00F0C98034DC10F531
S315080125B0C74F00F0C780C0F2D48010F5C64F6AD065
S315080125C010F5C54F40F0CD806FF0860070470123A6
S315080125D000F10E02934040F215521342F4D100283D
S315080125E040D010F1080F14BF6FF083006FF0890017
S315080125F07047012300F16C02934041F25052134295
S31508012600E2D1DB0700F1AA8010F16A0F14BF6FF05F
S3150801261083006FF08C00704710F5A24FD4D010DC00
S3150801262010F5C14F1CD005DC10F5C34F06D010F5C7
S31508012630C24FC7E710F5A34F40F093806FF08C00A7
S31508012640704710F59E4F00F0898005DC10F5A14F03
S3150801265006D010F59F4FB5E710F59D4F40F08180E4
S315080126606FF08500704710F5785F6ED01BDC10F5AA
S31508012670994FA9D008DC10F59B4FDFD010F59A4F7A
S315080126806FD16FF09300704710F57E5FD6D005DCE9
S3150801269010F5984F65D16FF09400704720F08000CF
S315080126A010F57C5F8EE710F5705F51D059DC10F597
S315080126B0725FD5D055DC10F5765F85D010F5745F5D
S315080126C080E710F5665FC9E710F5625F46D010F13D
S315080126D0720F14BF6FF083006FF08500704710F119
S315080126E06E0F14BF6FF083006FF0960070470028D5
S315080126F037DC10F10E0FBFF66AAF10F13B0F0ADA9D
S3150801270010F13D0FBDDA10F1400F14BF6FF08300D1
S315080127106FF09300704710F1200FA1D010F11F0F31
S315080127200ADA10F1220F9BD010F1210F14BF6FF0B6
S3150801273083006FF08600704710F1100F66E76FF09F
S31508012740950070476FF0960070476FF091007047DB
S315080127506FF0840070476FF0920070476FF0890040
S3150801276070476FF08300704741F2052398421AD8E3
S31508012770B0F5905F09D241F2010398420CD0B0F549
S31508012780885F09D06FF0850070472923A0F590501E
S3150801279080B2C340DB07F5D511F0070F14BF6FF000
S315080127A0860000207047B0F5105FEBD121F0400399
S315080127B0802B06D0B1F5807F14BF6FF0860000200C
S315080127C070470020704770B5046A05460E463CB945
S315080127D0012003F08CF9286228B120466E6270BD8B
S315080127E06FF08A00FBE76FF08C00F8E7F8B50F4643
S315080127F0114606461546FFF7E6FF044620B92A465E
S315080128003946306A04F025F92046F8BD2DE9F14F1D
S315080128100C9F8346DDE90A9A88461E4615460488B2
S31508012820C2B32046FFF75DFEE0B1396809B9D100A8
S3150801283039602046FFF798FF044678B90731B5EBAA
S31508012840D10F21D14D4522D82A464146304604F0BA
S3150801285000F93B680733DB08CAF80030204601B0A7
S31508012860BDE8F08F630415D504F44F44B4F5824FDF
S3150801287010D133465846CDE90BA7CDF8289001B0BB
S31508012880BDE8F04F00F0B1BC6FF08604E6E76FF0E3
S315080128908904E3E76FF08504E0E710B50446006AAA
S315080128A010B1616AFFF713FE0020C4E9080010BDE4
S315080128B038B50446FFF7F1FF237E012B0FD0023B03
S315080128C0012B0FD8E369012B14BF6FF0960500257C
S315080128D028220021204604F055F8284638BDE36928
S315080128E0002BF1E76FF09605F2E773B50546084642
S315080128F00C4600F0E0FA002328461A4601A9F5F726
S31508012900D7FB50B9019E35460FCD0FC495E8030094
S3150801291084E803003046F6F77DF902B070BD2DE96B
S31508012920F0411446DDE90656028802F4E047B7F598
S31508012930804F22F4405C44F2010718D1BC4507D008
S3150801294002F44F47B7F5824F02D0B7F5844F10D13D
S31508012950AC421AD82246184604F07BF800212A1BF5
S31508012960204404F00FF800203460BDE8F081BC452E
S315080129700ED002F44F42B2F5824F09D12246CDE973
S315080129800656BDE8F04100F05FBC6FF08900ECE740
S315080129906FF08500E9E7F0B50F461E46154685B086
S315080129A0FAB1002303A91A463360F5F781FB0446F9
S315080129B088B9039803885B0410D5CDE900563B46D0
S315080129C0D0E9081200F03AFB04460398F6F722F913
S315080129D0002C08BF0446204605B0F0BD6FF08604FA
S315080129E0F3E76FF08904F6E770B40024DDE90365BF
S315080129F02C6000F0FE44B4F1007F04D1CDE90365F3
S31508012A0070BCFFF77ABD6FF0860070BC70472DE980
S31508012A10F04F456889B02D0A0446DDE91267DDE9FC
S31508012A2014899B46CDE90612DDF858A006D0012D7A
S31508012A301CD06FF0860009B0BDE8F08FCDE9039A86
S31508012A40CDE90178009602F0E1FD10F1860FF2D189
S31508012A50DDE906125B462046CDE9159ACDE91378DC
S31508012A60129609B0BDE8F04FF5F732BDCDE9159AD2
S31508012A70CDE91378129609B0BDE8F04F02F0C0BD52
S31508012A802DE9F04F8B46994600238BB0DDF85C8023
S31508012A900546DDE915A711465846C8F80030164619
S31508012AA0F5F774FA044600285AD1002F6BD0BBF10A
S31508012AB0000F33460CBF4FF480524FF4806228460C
S31508012AC009A9F5F7F5FA044600283CD1099D2B8892
S31508012AD003F4E043B3F5E04F52D1D5E90812BBF14F
S31508012AE0000F41D06B681B0A0DD0012B1FD0149B18
S31508012AF02846CDE90093CDE903783346CDF808A0F9
S31508012B00F5F70CFD1EE0149B2846CDE90093CDE9A7
S31508012B1003783346CDF808A0CDE9061202F074FD14
S31508012B2010F1860F04460ED1DDE90612DFE7149B84
S31508012B302846CDE90093CDE903783346CDF808A0B8
S31508012B4002F05CFD044621463A465046D8F8003064
S31508012B50FFF7F0FC0998F6F75DF8002C08BF044664
S31508012B6020460BB0BDE8F08F149B2846CDE90093AB
S31508012B70CDE903783346CDF808A0FFF748FFE1E72A
S31508012B806FF08604DFE76FF08904E9E71FB5089C53
S31508012B900394079C0294069CCDE9003413460A4621
S31508012BA00121FFF76DFF04B010BD1FB5089C039402
S31508012BB0079C0294069CCDE9003413460A46002177
S31508012BC0FFF75EFF04B010BD2DE9F04F456887B0E9
S31508012BD02D0A0446DDE91067DDE9128992469B460E
S31508012BE0059106D0012D1AD06FF0860007B0BDE811
S31508012BF0F08FCDE90289CDE9006702F009FD10F1F0
S31508012C00860FF3D15B46524620460599CDE91289CE
S31508012C10CDE9106707B0BDE8F04FF5F7C9BCCDE9B6
S31508012C201289CDE9106707B0BDE8F04F02F0EABC9A
S31508012C302DE9F041804686B000200D4616461F460E
S31508012C40F5F7A4F90446D8B92B464FF40052404685
S31508012C5005A9F5F72DFA044690B90D9B0598039336
S31508012C600C9B0096CDE901732B46D0E90812FFF7B4
S31508012C70ABFF04460598F5F7CDFF002C08BF0446BF
S31508012C80204606B0BDE8F08103681943B1FA81F020
S31508012C9040097047F5F7F0B970B504880546DDE9CE
S31508012CA0046220460699FFF71CFC28B13046BDE8A8
S31508012CB070401146F5F7E0B904F44F43B3F5824F76
S31508012CC00BD104F4E044B4F5E04F06D10B4628468F
S31508012CD03146BDE87040F5F7A9BD6FF0850070BDB6
S31508012CE02DE9F04F1E46002389B01746129ACDE901
S31508012CF005331360438881460D46002B00F0D880C2
S31508012D00038803F4E043B3F5804F00F0D1803146E0
S31508012D102846FFF7B9FF002800F0CA804946012076
S31508012D2006AB05AAF5F778FA0446002840F08B8029
S31508012D30059B5B6AA3B1DDF81490CA46D9F804303D
S31508012D40D9F820B01B0A5AF8248F00F08180012B8C
S31508012D5000F0A7806FF086040598FFF79EFD72E0E4
S31508012D60D9F804301A0A67D1B9F800A0B9F80210DF
S31508012D705046FFF7B6FB80B15046FFF7F5FC04460F
S31508012D80002860D10AF4E043B3F5805F02D0B3F5B9
S31508012D90005F0FD10731CA081CE00AF44F43B3F5A7
S31508012DA0824F04D10AF4E043B3F5E04F07D06FF040
S31508012DB0850448E00AF44F43B3F5844FEAD047F255
S31508012DC001039A450FD149080131C90801EBC1012F
S31508012DD001F13B02079207990598FFF7F4FC0446AF
S31508012DE00028A8D02FE044F201039A4503D1C90867
S31508012DF001F11002EEE747F202039A4505D1C90827
S31508012E0001EB410101F15A02E4E744F202039A4552
S31508012E1005D1C90801EB410101F14A02DAE72AF0B5
S31508012E20FF00B0F5E24FB5D0B0F5824F01BFCC1D1A
S31508012E30E4086400621CCDE7484607A900F03FF89C
S31508012E4004460028C7D0DDE90501F5F779FA24E03B
S31508012E50B9F800305B040BD433463A46294648464E
S31508012E60CDE9018ACDF800B0FFF716FF044609E05F
S31508012E70534642465946484602F0D9F910F1860F9B
S31508012E800446E9D0002C7FF467AFDDE90501129A03
S31508012E90F5F724FA04460028D5D1204609B0BDE83D
S31508012EA0F08F534642465946484602F00DF9DDE78A
S31508012EB06FF08604F1E71822002103F063BD10B50F
S31508012EC044680288240A438806D0012C56D0002378
S31508012ED06FF086000B6022E002F4E040B0F5805FF7
S31508012EE002D0B0F5005F05D10733DB0840D16FF09A
S31508012EF0850014E002F44F40B0F5844F03D107333F
S31508012F00DB0853B9F3E747F20100824208D15B08AF
S31508012F100133DB0803EBC3033B3300200B6010BD11
S31508012F2044F20100824202D1DB081033F5E747F289
S31508012F300200824204D1DB0803EB43035A33ECE770
S31508012F4044F20200824204D1DB0803EB43034A330D
S31508012F50E3E722F0FF02B2F5E24FD0D0B2F5824F95
S31508012F60C5D10733DB085B000133012BD5D1BEE799
S31508012F7022F0FF02B2F5824FF7D0CEE702F4E04421
S31508012F80B4F5805F03F1070002D0B4F5005F08D1FC
S31508012F90C308002B4AD022F0FF04B4F5824F43D070
S31508012FA00EE002F44F44B4F5844FF1D047F2010420
S31508012FB0A24215D15B080133DB0803EBC3033B339C
S31508012FC0033310F0180F23F0030301D1072805D1A5
S31508012FD022F0FF02B2F5824F08BF04332C339CE777
S31508012FE044F20104A24202D1DB081033E8E747F2B2
S31508012FF00204A24204D1DB0803EB43035A33DFE799
S3150801300044F20204A24204D1DB0803EB43034A3328
S31508013010D6E722F0FF03B3F5E24FB9D0B3F5824FF5
S3150801302004D1C3085B000133012B05D122F0FF044B
S31508013030B4F5824F0B68C3D1013BC1E72DE9F347CC
S3150801304045680446DDE90A672D0A884691469A4687
S3150801305006D0012D16D06FF0860002B0BDE8F087C4
S31508013060CDE9006702F0F6F810F1860FF5D153465F
S315080130704A4641462046CDE90A6702B0BDE8F0470F
S31508013080FFF74DBCCDE90A6702B0BDE8F04702F08B
S315080130901DB82DE9F04700F4E04ABAF5804F064617
S315080130A00C4691469846089F14D100F44F43B3F550
S315080130B0824F02D1C3B2412B0CD018F0010F06D0B2
S315080130C04FEA580344B1E21DB3EBD20F05D06FF0B6
S315080130D0860661E04346F5E7DC008021012002F01F
S315080130E006FD054600287DD0FEF74BFF06F44F4343
S315080130F0B3F5824F07D1F0B2302858D00DD812282F
S3150801310015D017285BD06FF086042846FEF77BFF9B
S31508013110284606F0DAFC26463EE04128F3D1B4F506
S31508013120807F51D0B4F5E07F0ED0FF2C0BE040F242
S3150801313009239C4208D035D8B4F5807F04D02ED80F
S3150801314024F02003C02BDED1214600F0DEFA014629
S31508013150002842D02846F4F77BFAFFF7F5F9064628
S3150801316000283DD1BAF5804F30D105F1680A4346AA
S315080131704A4651462846F3F75DFFFFF7E5F9044647
S315080131800028C2D151462846F3F79AFFFFF7DCF922
S3150801319004460028B9D13D603046BDE8F087B4F54C
S315080131A0C07FD0E7B4F5047FADD11C46CCE724F047
S315080131B08003B3F5807FC7D0B4F5007FC3E7C02C81
S315080131C0C2D0B4F5807FBEE7FF24BDE743464A4631
S315080131D029462878F4F7ECF9D8E76FF0850494E7DF
S315080131E0044692E76FF08C06D6E7F0B51F46002332
S315080131F085B0039303AB0093054613460A464188F7
S315080132000088FFF746FF039E0446A0B92888336C59
S3150801321000F44F42B2F5824F03D1C2B2412A08BF28
S3150801322001330C9A314613600B9B3A4600930A9B6D
S31508013230F5F7B8FA04463046FEF7E5FE304606F0DD
S3150801324044FC204605B0F0BD7FB51E460023039316
S3150801325003AB0093054613460A4641880088FFF7E3
S3150801326018FF0446D0B92888039D00F44F43B3F5E7
S31508013270824F099B0CBFC0B24FF4824032462946A1
S3150801328008BF40F482400093089BF5F78BFA044681
S315080132902846FEF7B8FE284606F017FC204604B075
S315080132A070BD036870B505460E46002B45D101F180
S315080132B07E43053B062B32D8DFE803F00431311390
S315080132C01C222B00041D204601F001FD2046F9F7BA
S315080132D07FF8044668BB2E602046BDE87040FFF7BC
S315080132E033B9041D204601F0EEFC01212046F9F709
S315080132F03DF8EEE7041D204601F0E5FC0021F5E75F
S31508013300041D204601F0DBFC01212046F8F7FCFFED
S31508013310DFE7041D204601F0D2FC0021F5E701F0A4
S31508013320FE46B6F1007F14BF6FF086006FF0850088
S3150801333070BD2846F5F7B2FACEE76FF08800F7E7D1
S315080133402DE9F0430446B9B00E46DDE9408900216E
S31508013350174601A8DC221D4603F014FB2146C9F8CD
S31508013360008001A8FFF79DFF044668B93A46314631
S3150801337001A8F5F7B9FA044630B94B46424629463B
S3150801338001A8F5F7D5FA044601A8F5F787FA002C3E
S3150801339018BF204639B0BDE8F083037E022B06D15B
S315080133A0C3695A1C03D00133C361002070476FF00B
S315080133B09600704703466FF040420846591E9142EF
S315080133C007D338B103F1404393428CBF0020012053
S315080133D0704701207047034668B1017E8A1E012A9B
S315080133E00BD80329C26903D1012A01D1FFF760BAB3
S315080133F01AB1013ADA61002070476FF096007047FA
S3150801340000207047C0B2FF280CBF6FF0860000206D
S31508013410704737B50C4601A90546F5F783FB30B960
S315080134200198256003B0BDE83040F5F7F3BB10F10C
S31508013430880F4FF0000308BF6FF08B00236003B0BD
S3150801344030BD07B500216A4601F07CFC8C3018BFF7
S31508013450012003B05DF804FB13B500216A46044652
S3150801346001F070FC8C3002D1002002B010BD0021A1
S315080134702046F9F77BFA014610B16FF09800F4E798
S315080134806A46204601F05EFC8C30EDD0F5E72DE961
S31508013490FF4107461446884600293FD0002A3DD0F9
S315080134A0B2F5005F3DD202F124063146012002F051
S315080134B01EFB0546C0B303463A4621464046F5F784
S315080134C0FDFB7F6900243846FFF7BBFF01281FD0A3
S315080134D021462B46324638460094F9F77BF90146D0
S315080134E0C8B9384602AA01F02DFC044620B9029B48
S315080134F09E4205D06FF0980438460021F9F736FA4E
S3150801350031462846FEF7E3FF204604B0BDE8F081C0
S315080135106FF08A04F4E76FF09804F1E76FF0860418
S31508013520F2E76FF08D04EFE76FF08C04ECE7FEF736
S31508013530CEBF2DE9F047D0F814A086B0814688465B
S3150801354017465046002104AA01F0FCFB044610BBAD
S31508013550049E0120314602F0CAFA0546002837D0F2
S315080135602146504604AA039401F0ECFB044670B9BF
S3150801357003AB02462146CDE9005350463346F9F7D7
S315080135809BF9039B04469E4209D06FF09804314685
S315080135902846FEF79CFF204606B0BDE8F0870028BE
S315080135A0F5D13B46424631462846CDF80090F5F717
S315080135B0A3FB04460028EAD1D8F800302BB13B68B2
S315080135C0002B08BF6FF09104E1E76FF09104DEE785
S315080135D06FF08C04DFE773B50C46164602783AB1EC
S315080135E09A1BA2420BDA6FF06B05284602B070BD32
S315080135F0013C00F10100F1D16FF06705F5E71B1BEE
S31508013600224601461846019303F023FA90F9002051
S31508013610002A08DA821B002AE5DD421E01920022F1
S31508013620013400F8012C2246314601A8FDF74AF873
S31508013630051EDADB0222314601A8FDF767F80028E4
S3150801364002DB25440544D0E70546CEE72DE9F341DB
S31508013650074690461E46009001440223684601AA81
S31508013660FCF7B1FF18B9019D25B96FF0670002B0E3
S31508013670BDE8F081009B93F900101A780029F4DB64
S315080136803AB95A1C013D0092019525B15B78002B88
S31508013690EBD0AE42E9D3009C761B21462A4608EBBD
S315080136A006002C4403F0D5F9E01BE0E710F1860F7C
S315080136B013D010F1850F0BDA20F0020393330FD0E4
S315080136C010F1970F0CBF6FF06D004FF0FF30704788
S315080136D0003818BF0120404270476FF071007047EB
S315080136E06FF06F00704730B40024944201D130BCAA
S315080136F0184731F92450854201D00134F5E701EB29
S315080137008401B1F9020030BC7047122805D1B1F520
S31508013710807F14BF002003207047002070470846A9
S3150801372008B51146FFF7B6FA002818BF6FF03B0037
S3150801373008BDF0B51D4693B0189CC31D2C440F4611
S31508013740DE080194002840D0B2EB460F3DD1B3F50F
S31508013750847F3DD2324602A803F07BF93246B91975
S315080137600AA803F076F923462A4631460AA8FFF73E
S3150801377032FF041E26DB019B2A461B1B314602A883
S315080137800193FFF728FF2746041E1BDB019B2744ED
S315080137901B1B3A46294601A80193FCF793FF041E11
S315080137A010DB3022294601A8FCF7B0FF002812DBFE
S315080137B03C44044422462846019903F0CAF8199B59
S315080137C01C600024204613B0F0BD6FF06704F9E7CA
S315080137D06FF06B04F6E70446F4E72DE9F047C51DDB
S315080137E092B00E4691469A460091ED0800283ED0C1
S315080137F01A9B6F00B3EB450F3CD3402F3AD83023C1
S31508013800684601AA4944FCF7DEFE044658BB0DF199
S31508013810080801463A46404603F0B4F8DDE90001D6
S3150801382042462B46FFF712FF021E26DB0098019936
S315080138301044891A2B4608EB050200900191FFF7FF
S3150801384005FF051E1BDB009B019A2B4400939B1B5E
S31508013850521B4B45019214D13A464146504603F054
S31508013860F8F81B9B1F60204612B0BDE8F0876FF081
S315080138706704F8E76FF06B04F5E71446F3E72C469F
S31508013880F1E76FF06504EEE76FF01B0070477047CC
S3150801389003463038C2B2092A0FD9A3F16102052AB3
S315080138A002D8A3F157007047A3F14102052A02D8AD
S315080138B0A3F1370070474FF0FF30704710B5044643
S315080138C00078FFF7E5FF01466078FFF7E1FF4A1C3C
S315080138D004D0431C0CBF014640EA0111084610BD3D
S315080138E02DE9F34706460F4690464FF00009B8F111
S315080138F0000F14D14A4639463046FCF7E3FE041E4A
S3150801390009DB302239463046FCF700FF00284BDB3D
S31508013910A14400EB0904204602B0BDE8F087D8F8B7
S315080139201030D8E901A5009339463046D8F8143045
S31508013930D8F80C20FCF7A0FF041EECDB2A465346F8
S3150801394039463046FCF74BFF051E2BDB25442A4634
S3150801395039463046FCF7B6FEB0F1000A20DB3022C4
S3150801396039463046FCF7D2FE041ED4DBAA44A244EB
S31508013970524639463046FCF7A5FE051E12DB3122B2
S3150801398039463046FCF7C2FE041EC4DB05EB0A03C2
S315080139902344002B1C46BEDBD8F818809944A6E7B9
S315080139A05446B8E72C46B6E70446B4E72DE9F74F7F
S315080139B0064600680F468842904699460D9C05D2F0
S315080139C06FF06B05284603B0BDE8F08F431AA34292
S315080139D0F6D3001B22460C99306003F03AF8336897
S315080139E0DA1B002AECDD4FF0000B5A1E0134326057
S315080139F039462246304603F801BCFCF763FE051E2C
S31508013A00E0DB032239463046FCF780FEB0F1000AB6
S31508013A1012DB9DF838304246043B18BF012339466C
S31508013A20CDE900B330464B46FCF7EAFE002805DB34
S31508013A302C4454440519C5E75546C3E70546C1E76D
S31508013A402DE9F84F0746884616464FF000091EB974
S31508013A504C462046BDE8F88FD6E904324146384639
S31508013A60013B0132FCF7A1FE041EF2DB3269414635
S31508013A703846013AFCF726FEB0F1000A48DB042273
S31508013A8041463846FCF742FE051E3DDB7369A244F2
S31508013A901B7855443BB1012241463846FCF7D3FE13
S31508013AA0041ED6DB25444146D6E901323846FCF7E1
S31508013AB07CFEB0F1000B29DB414638467268FCF7FB
S31508013AC001FEB0F1000A23DB062241463846FCF71F
S31508013AD01DFE041EBDDB5D44554425442A46414668
S31508013AE03846FCF7EFFDB0F1000A11DB30224146FA
S31508013AF03846FCF70BFE041EABDBAA4414EB0A049A
S31508013B00A7D4B669A144A2E72C46A2E75C46A0E77A
S31508013B1054469EE71022002102F034BF10B5044630
S31508013B2060B10430FCF7AAFD04F10C00FCF7A6FD10
S31508013B302046BDE810401021F4F7ECB810BD01721B
S31508013B4070470160704738B50D46041D2046FCF7DD
S31508013B5095FD29462046BDE83840F5F767B94FF087
S31508013B60FF307047FEE700207047012070470120AB
S31508013B7070474FF0FF3070470020704700207047AC
S31508013B8000207047F5F70CBCFEE700239A4200D1E6
S31508013B90704710B550F8234041F8234001339A4243
S31508013BA0F8D110BD416C436910B5DA1CA1F11404B2
S31508013BB0B2FBF4F203EBC2000330B0FBF4F0B1F54B
S31508013BC0805F00F1010002D1012828BF01200130E0
S31508013BD010BD38B505460C46FFF7E4FF6B6CA3F13B
S31508013BE01402B3F5805F02FB00F005D140F6E873D5
S31508013BF06969994288BFCC30E31DB3FBF2F30133FF
S31508013C0004EBC304204438BD38B50546446921464A
S31508013C10FFF7DFFF6A6CE31D143AB3FBF2F30133D6
S31508013C2004EBC304204438BDF7B507460E46002504
S31508013C307C6CA819644280EA06031C4003D02C4612
S31508013C40204603B0F0BDFB6B01225B6901A99847C9
S31508013C50019B0133F4D10435EAE770B505460C46F4
S31508013C60FAF7FAFAEB6B2046BDE87040DB681847AD
S31508013C7070B50025044686B00562E369AB4202D8F1
S31508013C80206A06B070BD666C2068E36B05225B6925
S31508013C9001A906FB0500984701A800F072FC00F08F
S31508013CA095FC10B1236A013323620135E5E738B57E
S31508013CB00446456C006804F1400305FB0101E06B0D
S31508013CC000F091FC05462046FFF7D2FF284638BD8D
S31508013CD02DE9F04700254FF0FF384FF6FF730446EC
S31508013CE0C1462F4686B0C0E90853E369BB420DD8E1
S31508013CF0A5EB0805012D06D94FF6FF73002563626A
S31508013D00E369AB4226D806B0BDE8F0872368E26BC3
S31508013D10606C566900FB0730052201A9B04701A866
S31508013D2000F02FFC824601A800F002FC0646504628
S31508013D3000F04CFC60B1B14588BF6762B04528BF49
S31508013D40B046B54238BF3546B146236A01332362C8
S31508013D500137CAE7666C2068E36B052206FB050096
S31508013D605B6901A9984701A800F0E2FB0135C7E79D
S31508013D70F0B50546002687B0EC69013CB44203D884
S31508013D800C46204607B0F0BD01B14C1E6F6C286881
S31508013D90EB6B05225B6901A907FB0400984701A89B
S31508013DA000F0EFFB00F012FC0028EAD121460136AB
S31508013DB0E2E7F0B504460D46466CE36B006887B04A
S31508013DC005225B6901A906FB0500984701A800F0D1
S31508013DD0D8FB00F0FBFB20B101A800F0A9FB07B056
S31508013DE0F0BD29462046FFF7C3FF0646676C2068E3
S31508013DF0E36B05225B6901A907FB0600984701A841
S31508013E0000F096FB431CEAD0B54238BF0130E6E71D
S31508013E102DE9F0434FF6FF79D0F8248004460E4683
S31508013E20C84514BF45460025002787B0E369BB424C
S31508013E3002D807B0BDE8F083E26B2368606CD2F85C
S31508013E4014C000FB0530052201A9E04701A800F0CE
S31508013E5098FB022806D0C8450CD1721C2946204673
S31508013E60FFF725FFE3690135B5FBF3F2013703FBDC
S31508013E701255DBE729462046FFF79BFFB0F1FF3FC6
S31508013E8014BF024632460132E8E70368F0B5CC1A98
S31508013E90436C0646B4FBF3F4002587B0F36937682B
S31508013EA05A1E9542706C08D3706C336800FB043057
S31508013EB007B0BDE8F04000F094BB0134B4FBF3F25F
S31508013EC003FB1244F36B05225B6901A900FB04702D
S31508013ED0984701A800F055FB00F078FB0028E3D1CC
S31508013EE00135DBE710B423F0030422449B070A4497
S31508013EF0436C18BF04325B4281EA0204234203D0B1
S31508013F005DF8044BFFF7C1BF10465DF8044B7047D7
S31508013F102DE9F041D0E90A369E42044686B028D1F9
S31508013F201422C369456802FB1355284606B0BDE845
S31508013F30F0812068676C331AB3FBF7F3E26B07FB72
S31508013F400300D2F8148001A90522C04701A800F090
S31508013F5018FB012804D0636C1D44013B3340ED1A5C
S31508013F6031462046FFF791FF0646A36AB342E0D1E0
S31508013F70DBE70025F9E708B508301346D1E9001251
S31508013F80F6F7BEFC012008BD13B50C4600212176C3
S31508013F900093616813462246F5F76CFA18B1E37D7A
S31508013FA003B1A07EA075A07D02B010BD73B51646FB
S31508013FB000F108050C46284609680DF1070200F0CC
S31508013FC098F9032E06D16368834203D128462168EE
S31508013FD000F076F9012002B070BDD01E009B424266
S31508013FE04241187E824211D11A688A420ED85A680D
S31508013FF08A420BD35A6901325A61D3E903028242D2
S315080140003FBF986840F8221001321A6101207047B3
S3150801401010B5032A029C07D1A26A5340626C524228
S31508014020134201D100F04CF9012010BD08B5C3684F
S3150801403000209847BDE80840FAF730B9012814BFAF
S315080140400420022070B5002442431C70CC7D101D4B
S3150801405002F002024CB91AB1012220F003001A70CB
S3150801406000F108034868184470BD1AB1012220F00E
S3150801407003001A7000230C7E01F12005DAB294427E
S3150801408001D80020F0E735F833205E1C824206D9B4
S3150801409001EBC30300F10802D8691044E4E733468B
S315080140A0801AEBE773B5054690F842601C46304620
S315080140B00DF10303FFF7C2FFEB6B012E5B690DD10F
S315080140C0324601A998479DF8033013B1BDF8063069
S315080140D00193BDF80430236002B070BD0122214668
S315080140E002B0BDE870401847F0B505460024486897
S315080140F0EB6B87B00E4601225B69029402A9083070
S315080141009847274695F84230012B40F0AC80632C3E
S3150801411000F2AB80612C08D805AB22463146284609
S31508014120FFF7C0FF9DF814305BB3224605AB314655
S3150801413028468DF81070FFF7B5FF95F84220059BC4
S31508014140012A7FD14FF6FF72934256D0082205A95C
S3150801415004A800F062FA059B9DF81010C3F3072224
S3150801416091424AD1DBB2029A1A44029245E0DCD066
S3150801417005AB224631462846FFF794FFBDF81430B1
S31508014180D2E795F84230012B39D1612C2ED8224637
S315080141903146284603ABFFF785FF3146284604AB6F
S315080141A0621CFFF77FFF3146284605ABA21CFFF7C5
S315080141B079FF102208230DEB02010DF107008DF896
S315080141C0073000F02AFA102205A90DF1070000F0C0
S315080141D024FA039BDAB24AB99DF80720B2EB132FEA
S315080141E004D1DDE9043203EB0243029395F8423028
S315080141F0012B14BF012302231C44013482E7302C0E
S31508014200F4D822463146284603ABFFF74BFF314621
S31508014210284604AB621CFFF745FF102320220DEB4D
S3150801422003010DF107008DF8073000F0F6F9039B3D
S315080142309AB2002ADAD19DF80720B2EB134FD5D1ED
S31508014240049BD2E70133D8D0102205A90DEB020051
S3150801425000F0E3F9059B9DF81010C3F3074291425C
S31508014260CBD19BB27FE7312C81D9029807B0F0BD3B
S3150801427013B500240194049C0094F5F7A5FD02B03A
S3150801428010BD13B501240194049C0094F5F79CFD17
S3150801429002B010BD00234FF0FF3230B544689C428E
S315080142A002D10023037230BD016801EBC30541F851
S315080142B033206A600133F2E7C0E90012FFF7EABF6B
S315080142C0002370B545689D4210D0046854F8332020
S315080142D004EBC306B2F1FF3F09D0C2F313029142C0
S315080142E005D14FF0FF3244F83320726070BD0133B7
S315080142F0E9E70023F0B545689D4202D14FF0FF304A
S315080143000EE00468DE0054F83340671C09D0C4F394
S315080143101307B94205D1240D14700368334458684C
S31508014320F0BD0133E8E7704770B5940022460546AB
S315080143300E4605F0E1FB431C0AD058B92246314620
S31508014340284602F0F6FA002814BF3D20002070BD69
S315080143506E20FCE77120FAE713B5044601A8F7F7C2
S3150801436027FABDF8063023804FF480736380F7F788
S3150801437035FA6060002002B010BDF7F7EBB908B551
S31508014380F7F7D8F9002008BD10B5044644EA010339
S3150801439013F00303084609D1934201D1002010BD49
S315080143A054F8231040F823100133F5E7214692000B
S315080143B002F04FFBF2E710B5044605F0A1FB431CDA
S315080143C010D088B9F7F70AFA234620F003002044EB
S315080143D0984201D1002010BD53F8042B0132F7D0C1
S315080143E03E20F8E76E20F6E77120F4E7704713B52B
S315080143F00023044601461B220DF107008DF80730FC
S3150801440000F00BF922689DF80730B3EBD26F0CBFA9
S315080144100120002002B010BD13B500230446014651
S3150801442020220DF107008DF8073000F0F6F80DF19E
S3150801443007001A22211D00F0F0F862689DF807307E
S31508014440B3EB926F0CBF0120002002B010BD0068CB
S31508014450431C584258417047006810F07E0F0CBF44
S31508014460C0F3C160002070470068C0F3D3107047DD
S31508014470006800F07E00B0FA80F0400970470368D2
S3150801448013F07E0F14BF042008207047036813F049
S315080144907E0F03D1406820F07C40704713F0780006
S315080144A01CBF03F07F03D81F7047006800F07F0028
S315080144B07047032809D0022803D1C1F10201C8B205
S315080144C0704700290CBF07200020704737B50546FD
S315080144D001F10C0443696946012220469847BDF853
S315080144E00030012201932046AB6901A9984703B020
S315080144F030BD37B501F10C04436901226946054609
S31508014500204698474FF6FF72009B99B291420DD10A
S315080145106FF30F0343F4254343F0A50301930122E7
S315080145202046AB6901A9984703B030BD0020FBE7D7
S3150801453037B5044600251B22011D0DF107008DF82C
S31508014540075000F06AF860689DF80720B2EBD06F53
S3150801455003D120F0784003B030BD0DF107001B22CE
S3150801456004F108018DF8075000F057F8A0689DF886
S315080145700730B3EBD06F01D1C043EAE74FF0FF3004
S31508014580E9E74BF29A22036810B5B2EB134F0446DA
S3150801459013D19BB2012B13D1FFF7CAFF01300CD0FF
S315080145A04FF6FF72E068B2EB104F4FEA104309D19C
S315080145B080B2C01A18BF012010BD2368013303D089
S315080145C00420F9E70220F7E70320F5E701288CBF65
S315080145D0002001207047033801288CBF00200120E4
S315080145E07047143070472DE9F0410546984603692E
S315080145F008460E4617469847044638B943463A468A
S3150801460031462846F6F756FA044618B13146284681
S31508014610FFF75CFF2046BDE8F0811F2A0B689EBFA5
S315080146204FF0FF3191408B43590801F055315B1A20
S3150801463003F033319B0803F033330B44017803EB62
S3150801464013130A444FF0013103F00F334B43A2EB26
S3150801465013620270704708B504F0C2F8BDE8084055
S315080146600021F6F725BD0029CCBF01210021F6F767
S315080146701FBD02214FF42070F6F77EBE70477047C2
S315080146804FF050234FF400321A677047704708B14C
S3150801469005F0C0B8212070472DE9F84F054689462F
S315080146A016461C46002B58D028B121B11AB10378F9
S315080146B0032B02D85BB9212050E0043B012BFAD821
S315080146C04FF080084168021D00F1540A05E04FF0D9
S315080146D040084168021D00F12C0A134608194FEAE1
S315080146E0581C43F8040B3BD202EB8C0253F8040B1B
S315080146F000284CD19A42F9D108F1FF370F4048D02A
S31508014700A8EB070B5C4544D35A4631460AEB07002A
S3150801471002F09FF90123524649462846F7F754F90C
S31508014720E0B9A4EB08043C44A0455E440FD807460B
S31508014730B4FBF8FB32465B4649462846F7F744F987
S3150801474060B938460BFB08FB5E44A4EB0B0424B1A5
S3150801475022463146504402F07CF90020BDE8F88F24
S31508014760BCF1020F0CBF4FF0010E4FF0030E1F46AE
S31508014770506802EB8E0E01305060BE45B4D057F832
S31508014780040B0028F9D1386801303860F5E70F20A5
S31508014790E4E7A045CCD93846DAE710B508B92120AF
S315080147A010BD0029FBD0036813F0704205D1C3F38D
S315080147B00E030B60B3B10020F2E703F05044B4F1E5
S315080147C0004F05D0B2F1304F02D0B2F1404FE6D1D9
S315080147D08268D20404D5C369002BE0D01B68E8E7D8
S315080147E0DBB2E6E74368002BD9D00B60E3E737B5C0
S315080147F00C46054610B9212003B030BD0029FAD070
S31508014800002301A90193FFF7C8FF0028F3D12968FE
S3150801481011F0704102D1019B2360EDE7AA68B1F15D
S31508014820204FC2F38033C2F34035C2F3003217D0AA
S315080148300ED8B1F1004FDED152B2002A18BF0622B6
S3150801484003EB450308BF00221344019A5343E3E7E8
S31508014850B1F1304F02D0B1F1404FCCD12B44F4E73E
S3150801486052B2002A18BF05222B44EBE72DE9F7437C
S315080148700D4690461F460646E8B1E1B10468D1F8EF
S3150801488000904C451BD004F03043B3F1004F12D1D0
S3150801489084EA0903B3F1805F3CD2002301A901939D
S315080148A0FFF77BFF38B9019AC2F30E02144349EAAE
S315080148B002039C422ED0212003B0BDE8F08314F0F8
S315080148C0704427D4B4F1805F29D000236946304665
S315080148D00093FFF762FF0028EDD1019001A9284650
S315080148E0FFF75BFF0028E6D1DDE900239A42E3D012
S315080148F0E1E70023B8F1000F06D043F48053B2680C
S31508014900A9684A401A42D6D1002FDED0AB689B046B
S31508014910DBD4D0E7002FECD14FF4C043EAE7002BF4
S31508014920F4D1B8F1000FD0D04FF4C043E7E7F7B59B
S315080149300C460546002800F0BF80002900F0BC801F
S3150801494000230B60036803F070430B60C268032AF7
S3150801495000F2B280012A6AD812B143F000632360DB
S31508014960AA68900166D402F08072EB6813B9002A2E
S3150801497040F0A280236823F0407313432360EA685A
S31508014980022A08D12A69032A00F2968023F47F03B2
S3150801499043EA02432360EB68032B04D12B69F62B08
S315080149A040F28A80A370AB68190442BF236843F4B6
S315080149B000432360EB68032B1FBF23682A6862F351
S315080149C00E0323602A68AB6802F07042B2F1805F79
S315080149D003F4805703F4806634D213F4F84F6BD18D
S315080149E00023284601A90193FFF7D7FE002863D1C2
S315080149F02B6813F070414ED12368019A62F30E03B6
S31508014A00236097B1EA69002A56D0B1F1004F55D112
S31508014A10117F19B116B143F400732360537F23B193
S31508014A201EB1236843F48073236003B0F0BD43F0DD
S31508014A30806394E702F04072B2F1407F18BF4FF0ED
S31508014A40007292E75A0403F400511DD4002933D0A9
S31508014A50226842F4005222601B0542BF236843F4D0
S31508014A60006323601FB1236843F4805323602B68D6
S31508014A7003F07043B3F1404FB2D0002EB0D0236893
S31508014A8043F480632360ABE7226842F480422260E4
S31508014A900029E1D0DCE703F05043B3F1004F05D01C
S31508014AA0B1F1304F02D0B1F1404F05D1019B5A1EE9
S31508014AB0236862F30703A3E72120B6E70F20B4E7CB
S31508014AC073B50C46054608B921201BE00029FBD021
S31508014AD00123C6684B609E4218D8002301A9019399
S31508014AE0FFF785FE0028EFD1019B06B11C336A69E1
S31508014AF09A4209D32A69002AE6D0226043F0005374
S31508014B000020A36002B070BD1D20FBE7023E012E06
S31508014B10DAD80023F4E72DE9F0410D46044698B0AA
S31508014B2018B9212018B0BDE8F0810029F9D04FF055
S31508014B3000730360002315A9436003628360284656
S31508014B40FFF7F5FE0028EDD12046159904F06CFE15
S31508014B50AB68DB043CD52B68002B50DA4FF0010813
S31508014B60EE696946376873682046CDF80480009374
S31508014B70029700F093F8B368204603A9CDF8108090
S31508014B800393059700F08AF8F368204606A9CDF83D
S31508014B901C800693089700F081F83369204609A915
S31508014BA0CDF8288009930B9700F078F873692046A9
S31508014BB00CA9CDF834800C930E9700F06FF8B36901
S31508014BC020460FA9CDF840800F93119700F066F89B
S31508014BD0284612A9F7F79EF90028A2D1204600F027
S31508014BE05DF8284615A9FFF76BFF00289AD12046DC
S31508014BF015A904F03FFE204603F07AFE92E70F203E
S31508014C0090E770B50E46154604468AB010B92120BC
S31508014C100AB070BD0029FAD0002AF8D00023012273
S31508014C2029463046FFF722FE0028F0D1F368002B0B
S31508014C30EDD1EA68013A012AE9D84FF0807263603A
S31508014C4028462260A360236207A9FFF770FE0028A1
S31508014C50DED12046079904F0E7FD304601A9FFF7A2
S31508014C602FFF0028D4D1204601A900F017F82846BD
S31508014C7004A9F7F74FF90028C9D1204600F00EF824
S31508014C80284607A9FFF71CFF0028C1D1204607A916
S31508014C9004F0F0FD204603F02BFEB9E7436882B025
S31508014CA013B9416002B0704743680193019B5B6881
S31508014CB0012B019B01D15960F4E75B68F5E700F028
S31508014CC098BD00F096BD00F094BD00F092BD00F0CD
S31508014CD090BD00F08EBD08B548B14FF0FF3104F024
S31508014CE0F5FD002814BF6FF01D00002008BD6FF008
S31508014CF01B00FBE708B538B104F006FE002814BF0F
S31508014D006FF01D00002008BD6FF01B00FBE710B116
S31508014D10006E03F09ABF704710B5044630B15023B0
S31508014D208065C365184403F0FEFE206610BD0120A8
S31508014D30704738B505460C4619B10A46002101F0F7
S31508014D4021FE38BDF0B506460C4615468DB00AB3A8
S31508014D5000271022002108A801F014FECDE90577E5
S31508014D60F7F7FCFC07AB029305AB019306AB2146AB
S31508014D7000933A46304608ABF7F7D0FB044620B114
S31508014D80F7F71AFD20460DB0F0BD099B6B60059B30
S31508014D902B60F5E76FF08604F4E708B5F6F728FD0A
S31508014DA0002814BF6FF09200002008BDFFF7F5BF79
S31508014DB0F0B51C4600238BB023600F461646F6F75E
S31508014DC017FD70B9684604F025FD054648B932460F
S31508014DD039466846F6F780FD10B926600BB0F0BD76
S31508014DE025606FF09200F9E720F0FF03B3F5824FD3
S31508014DF006D14138C0B2012894BF0020012070476E
S31508014E000020704710B50024436814601B0A04D0BB
S31508014E10012B09D06FF0850010BD0088FFF7E4FF6C
S31508014E20084410600020F7E72C311160FAE738B51D
S31508014E300A460C460021054601F0A4FD38BD406826
S31508014E4010B5000A029C04D0012808D06FF08B0027
S31508014E5010BD93420CD8C4E904120020F8E703F107
S31508014E602C00904204D810311C3321616361F4E7A8
S31508014E706FF08C00ECE7F0B50B46C16804460129D2
S31508014E808DB002D000200DB0F0BD2B2A02D86FF0EC
S31508014E908900F8E713F003071A460DD001AD03F1AF
S31508014EA0280C2E4610685168083203C662453546F5
S31508014EB0F7D1106801AA30600121118000215180C3
S31508014EC02168516061689160A168D160002FD9D0CD
S31508014ED001AA0BAD144603CCAC42186059602246B0
S31508014EE003F10803F6D120682C21186001A8FFF701
S31508014EF09EFFC7E72DE9F0470F4690469A460546B5
S31508014F0094B090B189B182B14288D31D072B4FEA7B
S31508014F10D3095CD0038803F4E043B3F5805F02D07C
S31508014F20B3F5005F04D1530705D06FF0860424E07A
S31508014F30B3F5804F4BD002AE20220021304601F056
S31508014F4021FD324649462846F7F70AFE0446A0B926
S31508014F504B464246394628460096FFF770FF0446F7
S31508014F6058B9282201460DEB020001F00BFD0AA8EB
S31508014F7004F050FC28B16FF09204204614B0BDE845
S31508014F80F08731460AA8FFF7C6FD58B1482814BF6D
S31508014F906FF092046FF085040AA8FFF778FB0028E2
S31508014FA0EBD0E8E76B681B0A012B06D05246494647
S31508014FB02846FFF727FF0446EEE7424639463046BC
S31508014FC0FFF759FF0028F1D06FF08904E4E76FF085
S31508014FD08504D2E72DE9F0439DB00D46DDE9248924
S31508014FE016461F460446002868D0002966D0002ABE
S31508014FF064D0002B62D0B8F1000F5FD0B9F1000F71
S315080150005CD02022002102A801F0BCFC20463246D1
S31508015010294602ABF7F712FE0446F8B90AAD02AE05
S315080150200FCE0FC596E80F0085E80F000C9A7B1C7A
S3150801503022F080720E9322F4804208F1020323F0D3
S31508015040030342F4005201A90AA80D940F930C9286
S315080150500194FFF7CCFB28B16FF0920420461DB0EE
S31508015060BDE8F083019B01334345019329D82822E2
S31508015070214612A801F086FC12A804F0CBFB0028F1
S31508015080EAD10AAA02A912A8F6F75EFF012812D0E8
S3150801509058B1482814BF6FF092046FF0850412A81E
S315080150A0FFF7F5FA0028D9D0D6E704233B70019B10
S315080150B0C9F80030F3E76FF08B04F0E76FF0860468
S315080150C0CCE76FF08904C9E7FFF714BFFFF782BF82
S315080150D02DE9F04F9FB01546DDE928AB0F469946F5
S315080150E006462A9A002800F09C80002B00F0998039
S315080150F0BAF1000F00F09580002900F09280002D8A
S3150801510000F08F80BBF1000F00F08B80002A00F0C1
S3150801511088800023B0F80080CBF8003008F44F41AE
S31508015120EB00B1F5824F13605ED15FFA88F112295F
S315080151300DD128F0FF01B1F5824F02BF083B5B088C
S315080151401360B3F5047F04BF40F2092313600023FB
S315080151502A4603933946304603ABF7F755FC04460E
S3150801516000283DD1039C40460734E408FFF73CFE7E
S3150801517008B1013D01370DF11008202200214046F2
S31508015180039401F0FFFB214642463046F7F7E8FC57
S31508015190044628BBC6460DF1300CBEE80F00ACE844
S315080151A00F009EE80F008CE80F00EB1C214623F048
S315080151B00303282214A8CDE90F47119301F0E2FB56
S315080151C02B46524649463046CDF80080FFF737FE52
S315080151D0044628B914A804F01DFB38B16FF09204EF
S315080151E020461FB0BDE8F08F2C46C4E742460CA9FD
S315080151F014A8FFF706FD88B9524649464046FFF707
S315080152003AFE88B95A4629463046FFF7FBFD044659
S3150801521014A8FFF73CFA0028E2D0DFE76FF0920402
S31508015220F6E76FF08604DBE76FF08904D8E710B478
S31508015230048804F4E044B4F5805F06D0B4F5005F51
S3150801524003D05DF8044BFFF755BE6FF085005DF896
S31508015250044B704770B40488DDE9035604F4E0444E
S31508015260B4F5804F04D0CDE9035670BCFFF7B2BE42
S315080152706FF0850070BC7047F8B51E4603880F4667
S3150801528003F44F43B3F5824F154610D1089BF7F740
S31508015290BBFB044648B9069B9D420BD82A463946AC
S315080152A0304601F0D6FB079B1D602046F8BD6FF01E
S315080152B08504FAE76FF08904F7E72DE9F04FC1B0E5
S315080152C00C46DDE94A89DDE94CA793461E460546A3
S315080152D0002800F09A80002900F09780002A00F043
S315080152E09480B8F1000F00F09080B9F1000F00F03A
S315080152F08C80BAF1000F08D1002F40F086806FF03C
S315080153009404204641B0BDE8F08F002FF7D028223B
S31508015310002114A801F036FB2022002104A801F07F
S3150801532031FB21465A46284604ABF7F787FC044663
S315080153300028E6D16A880732D208B7EB420FDED1D8
S31508015340024631462846F7F7C5FD04460028D8D156
S3150801535088260DF1780B32460021584601F012FBDA
S315080153602B8823F0FF03B3F5E24F2CD10CAD0DF1D9
S31508015370100CBCE80F000FC59CE80F0085E80F006C
S315080153800E9B14A823F0407323F4804343F400537F
S315080153900E9300231196CDE90F3B04F03BFA70BB3F
S315080153A00CAA04A914A8F6F7CFFD054614A8FFF719
S315080153B06EF9284323D104AD0CAE0FCE0FC596E87E
S315080153C00F0085E80F0014A804F024FA0246B0B9C4
S315080153D00123CDE902A7CDE9008904A914A8F6F7A6
S315080153E0CBFE38B12C280DD0012814BF6FF09204DA
S315080153F06FF08B0414A8FFF74AF9002881D06FF0E3
S3150801540092047EE76FF09404F4E76FF0860478E778
S315080154102DE9F04F97B00D46DDE9219ADDE923B86C
S3150801542016461F46044628B96FF08605284617B062
S31508015430BDE8F08F0029F7D0002AF5D0209B002B74
S31508015440F2D0B9F1000FEFD0BAF1000FECD0BBF1F1
S31508015450000FE9D0B8F1000FE6D0282200210CA8E8
S3150801546001F090FA2022002104A801F08BFA2946BE
S315080154703246204604ABF7F7E1FB05460028D5D1AD
S31508015480238823F0FF03B3F5E24FCDD10122394634
S315080154902046F7F71FFD05460028C7D1638807335D
S315080154A0DB08BBEB430F03FA02F421D30CA804F083
S315080154B0B1F998B9209B2A460093CDE902A40123A4
S315080154C0CDF8049004A90CA8F6F7AEFD48B9C8F8BA
S315080154D000400CA8FFF7DBF80028A7D06FF092056B
S315080154E0A4E7012814BF6FF092056FF08B05F0E76A
S315080154F06FF089059AE72DE9F04F97B00E46DDE979
S3150801550022AB17461D460446DDF8909000286CD05C
S3150801551000296AD0002A68D0209B13B9219B002B49
S3150801552063D1BAF1000F60D0BBF1000F5DD0B9F1BC
S31508015530000F5AD0238823F0FF03B3F5E24F54D165
S31508015540012229462046F7F7C5FC804600283CD1AA
S315080155502846F7F787FC0546002849D04146282200
S315080155600CA801F00FFA4146202204A801F00AFA14
S315080155703A463146204604ABF7F760FB804620BB26
S3150801558062880732D208BBEB420F4FEA420632D392
S315080155900CA804F03FF9B0B9219B2A460193209B38
S315080155A0CDE902A6009304A943460CA8F6F73CFDEB
S315080155B078B962880732D2085200C9F800200CA8C7
S315080155C0FFF765F808B16FF09208404617B0BDE8D5
S315080155D0F08F012806D0482814BF6FF092086FF0A3
S315080155E08508ECE76FF08B08E9E76FF08608ECE7CA
S315080155F06FF08508E9E76FF08908E6E7FFF77BBFF3
S31508015600FFF706BFFFF759BEFFF775BFFFF700BFE4
S31508015610FFF753BE2DE9F0478CB09046DDE914A596
S3150801562099460F4609B9002A3ED1B9F1000F02D1B0
S31508015630BAF1000F38D1002D36D000F17E40053879
S31508015640062834D8DFE800F019333304101316009E
S315080156501C2002248245286012D200236FF089009B
S315080156602B600CB0BDE8F08720200324F2E7302038
S315080156700424EFE740200524ECE714200124E9E798
S3150801568002A804F0C7F8064610B16FF09200E8E7E1
S3150801569043463A462146CDE9009A02A8F6F746FB63
S315080156A00028DED02E60F0E76FF08600D9E76FF0AC
S315080156B08500D6E730B50D4604468BB0A0B3031D69
S315080156C00021D422184601F05DF905F17E4105391C
S315080156D006292CD8DFE801F0042B2B10161C220012
S315080156E0012269462270F6F7E1F9002814BF6FF026
S315080156F0920000200BB030BD022269462270F6F7EF
S31508015700EFF9F2E7032269462270F6F703FAECE7A6
S31508015710042269462270F6F717FAE6E70522694672
S315080157202270F6F72DFAE0E76FF08600E2E76FF0F0
S315080157308500DFE770B50D46164604468AB090B176
S3150801574001B982B9684604F065F818B16FF092009C
S315080157500AB070BD33462A466946201DFEF79CFFEE
S315080157600028F5D0F2E76FF08600F1E72DE9F0435E
S315080157700E4691461C4605468BB0A0B301B992BBAD
S315080157808CB3684604F046F8804620B16FF0920063
S315080157900BB0BDE8F0832F1D324669464B463846A5
S315080157A0F6F70AFA0646D4224146384601F0EAF8DF
S315080157B0A6B92B78013B042B18D8DFE803F00307B9
S315080157C0090B0D00142300202360E1E71C23FAE7E7
S315080157D02023F8E73023F6E74023F4E7212ED5D135
S315080157E06FF08900D4E76FF08600D1E76FF0880083
S315080157F0CEE708B518B1D822002101F0C3F8002078
S3150801580008BD00F000B800207047F3F7A9BD40B203
S31508015810F7F7B6BB10B500201C4600F02EFC002891
S3150801582020600CBF1B20002010BD08B50020F7F72B
S3150801583049FD002008BDF8B50C468D1807355242BA
S315080158401540A5F108070646384600F0CDFAA088A6
S315080158503B1B618800EBE30080B2A1EBE30125F86D
S31508015860040C25F8061CA188DA10D1B1A4EBC101F4
S31508015870B1F802C0C88002EB0C004880E188B9B1D2
S315080158808A1A92B204EBC10125F8022C8A80A288F1
S315080158908AB9B2681344F268B360934288BFF36069
S315080158A00EE015F8081C41F0020105F8081CE5E7A9
S315080158B025F8021CEBE7A4EBC2042278D207E8D448
S315080158C03846F8BD2DE9F04F17464FF0000887B066
S315080158D07A1C109A054614BF3C460824CDF8148054
S315080158E0002A00F0CA80C2F80080002900F0C780AB
S315080158F042688A4240F2C380073103F0010A21F067
S31508015900070603F03CFF05AACDE9008281463A461F
S3150801591053463146284600F06BFA059F834607B180
S3150801592030B9484603F026FF192007B0BDE8F08FC5
S31508015930B7F8028029694FEAC802C0EBC8080139DD
S31508015940B8F1270F29617DD9BAF1000F54D18642E2
S3150801595006F108084BD0224639462846FFF76BFF61
S3150801596004460590A044404600F03EFA059906F122
S315080159700F004A88C308A2EBD002A8F80220CA88F9
S31508015980A8F80430002A34D0D31A9BB201EBC2021C
S31508015990A8F8063093808B88F608A380B8F80430F7
S315080159A03A46E380414600232846668000F087FA96
S315080159B0AB68EA6808339342AB6088BFEB6023782B
S315080159C043F0010323702B6901332B616288AB68AD
S315080159D0083403EBC203EA68AB60934288BFEB6005
S315080159E0109B48461C6003F0C5FE00209DE73C4617
S315080159F0B8E7A8F80620CEE707EB08042046039285
S31508015A0000F0F2F90BF10703DB080599638008F149
S31508015A100703DB08A380CB8893B1DB00039AD81D63
S31508015A20821A5A44C2F3CF020B44E2809A80A388B1
S31508015A3008F1FF384FEAD808A1F80280CB80B7E70A
S31508015A40E380F4E7BAF1000F1BD007F10803B3FBB3
S31508015A50F4F204FB1233B3B1224639462846FFF75E
S31508015A60EAFE044623783A4643F0010323702146A9
S31508015A700123284600F023FAA8E7222055E721202A
S31508015A8053E78642E8D13C46ECE707B500224FF0DA
S31508015A90FF3101AB0192F7F7FDFA019803B05DF802
S31508015AA004FB07B5009313464FF0FF32FFF70AFFD1
S31508015AB003B05DF804FB70B5049E15461A4696B107
S31508015AC0002333608DB181B14D4333462946FFF733
S31508015AD0E8FF044628B9306818B12A46214600F07D
S31508015AE051FF204670BD2224FBE72124F9E707B5BB
S31508015AF0002201AB0192F7F7E3FA019803B05DF8CA
S31508015B0004FB2DE9F74F06460D4614469B46002B26
S31508015B1000F0408100221A604268A24240F23C81AC
S31508015B2049B9002C00F038810A46214603B0BDE880
S31508015B30F04FFFF7B6BF2CB9084603B0BDE8F04FE2
S31508015B4003F0BFBF03F01BFE35F8067C07344FEAA6
S31508015B50C70A24F00704A2458046A5F1080180F08A
S31508015B60978035F8023C002B70D0DA1B012A6DD1DB
S31508015B7001EBC30911F83330D80767D4B9F8022005
S31508015B80AAEB040313EBC20360D41F2B3CDD2F19C8
S31508015B90C4F3CF0425F8064C0134384625F8024CDF
S31508015BA0009300F021F935F8022C009BBA80B9F868
S31508015BB00620DB087B802AB3B9F80210511A11FABC
S31508015BC083F39BB209EBC202FB8093804A4600230A
S31508015BD03946304600F073F9484600F005F90022C7
S31508015BE035F8061CB368CBF8005003EBC103F1681E
S31508015BF0A3EB0A038B42B36048D8002A41D0083B7D
S31508015C00B3603EE0FA80E1E733690137013B33616E
S31508015C10B9F80630174425F8067CA3B1B9F802206D
S31508015C209A1A12FA87F7BFB209EBC30325F8027C61
S31508015C309F804A460123304600F041F9484600F064
S31508015C40D3F80122CCE725F8023CF2E721465B4668
S31508015C5000223046FFF725FF044630B1404603F0DF
S31508015C6089FD204603B0BDE8F08F52462946DBF888
S31508015C70000000F0EEFE284603F023FF0446002844
S31508015C80ECD1404603F076FD0024EAE7F360B4E779
S31508015C9076D935F8022CAAEB0409531EDB1B002A18
S31508015CA03CD001EBC20711F83220D20737D4002BBA
S31508015CB035D1C4F3CF03291925F8063C0133084623
S31508015CC025F8023C009100F08FF8009935F8022C6E
S31508015CD07B888A80FA8803EBD9034B80DAB1788806
S31508015CE0101A10FA83F39BB207EBC202CB8093809A
S31508015CF000233A46304600F0E2F8384600F074F8D8
S31508015D000023B268CBF800501444A4EB0A04002B14
S31508015D1039D1B460B5E70023CB80E9E71746B9F175
S31508015D20270F2DD9C4F3CF02291925F8062C0132DC
S31508015D30084625F8022C0091019309F1FF3900F074
S31508015D4053F8009935F8022C4FEAD909A1F80290BF
S31508015D508A809FB1019B013313FA89F91FFA89F9E0
S31508015D60A1F80690A7F804903369304601333361E8
S31508015D7000231A4600F0A3F80123C2E7CF80F3E710
S31508015D80CBF800507DE7F36808349C42B46088BFBD
S31508015D90F46076E7222464E7212462E7002307B545
S31508015DA001AA0193F7F79AF9019803B05DF804FB84
S31508015DB0F7F756B913B5002401AA21460194F7F756
S31508015DC077F900B10194019802B010BD03F079BECC
S31508015DD003F077BE0846FFF758BE084603F075BEBE
S31508015DE008461146FFF7DABF002303604360704790
S31508015DF0F0B5D0E90554561C08BF0822002B4FF010
S31508015E00000008BF2C46069F3860002C38D09DF844
S31508015E1014606588F60006EBC505C2F1000C20780A
S31508015E20C00708D523BBE08898B104EBC004658890
S31508015E3006EBC505F3E78D42F4D35BB904F1080017
S31508015E40B0FBF2FE02FB1E00C0B10844A842EAD824
S31508015E503C60F0BD082A11D06088013004EBC0000F
S31508015E60A0EB010E0EEA0C0EA0EB0E008542EFD256
S31508015E70A0880028EDD0A4EBC004D8E70846E7E7D8
S31508015E802046E6E703460069C0B10AB951B91A685E
S31508015E9010460378DB0711D531B9C3885BB100EB2E
S31508015EA0C300F6E79A69F3E7012904D1838823B188
S31508015EB0A0EBC300EDE700207047184670472DE9AF
S31508015EC0F041D0E90554074688461646ABB19542D6
S31508015ED000D00ABB424600213846FFF7D3FFB44239
S31508015EE0054600D02EB9424601213846FFF7CAFFBA
S31508015EF00446C7E90554BDE8F081954208D08D42AC
S31508015F0028BF0D46B44205D0444538BF4446F0E79C
S31508015F100D46F7E74446ECE79442EAD1E3E738B59C
S31508015F201C46C3E900010023C4E90500C4E902339C
S31508015F30236122776362FFF757FF23690139C9088D
S31508015F40013341802361A368E268083393424FF025
S31508015F500000A36088BFE36038BD08B500F016F8F5
S31508015F6000F03AF8FEE7704770477047704708B582
S31508015F7000F093FB00F09DFB00F09CFBFFF7F5FF9B
S31508015F8000F0A5FBBDE8084000F0A2BB08B5FEF786
S31508015F907DFBFFF7E8FFF7F707F8F6F7C9FFF8F70C
S31508015FA087FBF6F7DBFFFFF7DFFF01F0A5FB00F044
S31508015FB007F800F07BFBBDE80840F7F7B9B870476A
S31508015FC008B500F066FB00F065FB00F064FB00F025
S31508015FD063FBFFF7F4FF08BD00F069BB00207047BB
S31508015FE00369C26893429CBF81685B18013B981A92
S31508015FF070472DE9F041D0E902840546A8EB04066D
S315080160004068964220440F46144404D900F021FD05
S31508016010EC60BDE8F0813246A4EB080400F019FDF6
S3150801602022466868B919F1E72DE9F8430646894613
S3150801603017464FF00008C5683369B4689D4228BF02
S315080160401B19641BBC4228BF3C46013B5B1B9C4297
S3150801605028BF1C46706849462844224600F0F9FCC8
S31508016060B3682544AB4208BF00253F1BA044A144A1
S31508016070F560E1D14046BDE8F88310B50B46EFF36C
S3150801608011844FF0200181F311881946F7F7A4F816
S3150801609084F3118810BD002070472D2070472D20EC
S315080160A070472D207047037900200B7070470171E6
S315080160B0002070477047043870470C38704710380D
S315080160C070476C20704710B504461421FFF780FE0F
S315080160D0204610BDA0F11000F5E7A0F10C00F2E78B
S315080160E0A0F10400EFE7002048607047A0F1100016
S315080160F0FFF7F9BFA0F10400F7F778B9A0F104009A
S31508016100F7F780B9A0F10400F7F788B9A0F1040000
S31508016110F7F790B9A0F10400F7F798B9A0F10400D0
S31508016120F7F7A0B9A0F10400F7F7C0B9A0F1040088
S31508016130F7F7CCB9A0F10400F7F7D8B9A0F10C002C
S31508016140F7F700BAA0F10C00F7F70CBAA0F10400B2
S31508016150F7F726BAA0F11000F7F7B8BAA0F11000C0
S31508016160F7F7C0BAA0F11000F7F7C8BA38B50C4668
S315080161701546F7F7C9FD2A462146BDE83840F7F71F
S3150801618075BCA0F11000FFF7F1BF704700207047FA
S31508016190002070474FF4005300200B60704710B57C
S315080161A004460421FFF714FE204610BD704700205F
S315080161B0704710B504460421FFF70AFE204610BDB4
S315080161C013B5002301241A46194618460094F7F711
S315080161D09FF800280CDB002300941A461946184636
S315080161E0F7F7C8F80028ACBF0020AC2002B010BDF4
S315080161F0AC20FBE7F8B517461D460E4691B10024BB
S3150801620020461C60F7F778F850B187423A4631467E
S3150801621028BF02462046FFF730FF28602046F8BD12
S31508016220AE20FCE72F20FAE770B515460E4671B188
S315080162300024A54201D8002070BD00202A1B31196F
S31508016240F7F740F808B10444F3E7AF20F4E72F2045
S31508016250F2E7704710B504460421FFF7B9FD204659
S3150801626010BDD1E9000100F0EEB8F0B504290546E4
S3150801627014461E4689B01FD107683846F1F782FFD2
S315080162801822002102A800F07DFB394602A8F7F77B
S315080162904BFC002321463246019302A801ABF2F7D3
S315080162A067F8044602A8FCF706FEB4FA84F35B090C
S315080162B02B71204609B0F0BD0024FAE710B4084650
S315080162C011461A46019B1C683CB15C68B4F5007F0F
S315080162D003D35DF8044BF7F745BC19205DF8044B69
S315080162E0704710B5144652681F2A01D8192010BDE7
S315080162F02268D1E90001F7F7AFFE0028F7D16368F4
S315080163001F2B01D800F005FA20236360EFE72D2043
S315080163107047A6207047704710B504460421FFF759
S3150801632057FD204610BDA0F10C00F7F753BD6C20B0
S3150801633070476C2070476C2070476C207047A0F13D
S315080163400400F7F74DBD30B587B0044611220D4656
S3150801635001A8002100F016FB002311220093204614
S315080163606B4601A9F7F78AF858B9009C0A2C0AD195
S315080163709DF808302D2B06D19DF80B302D2B02D117
S31508016380686007B030BD082C38BF08246B68083C24
S31508016390A34201D21920F4E74CB12246286803A981
S315080163A000F057FB6B689C4201D900F0B2F9002056
S315080163B06C60E6E7A0F10400FFF7C5BFA0F1040091
S315080163C0F7F77CBDA0F10C00F7F7B4BDA0F10C00FE
S315080163D0F7F7FCBD2D2070472D207047012202805A
S315080163E0428082800022C2807047704710B50446F9
S315080163F00421FFF7EDFC204610BD19B903681146C3
S315080164001B6918472D20704719B9036811469B69FE
S3150801641018472D20704738B5049D92B91BB9012933
S3150801642003D002290AD02F2007E003681B692946F1
S31508016430984710B96A68059B1A6038BD03689B6955
S31508016440F5E72D20F9E708B538B131B1FCF722FC9B
S3150801645000280CBF0020AC2008BD2F20FCE72B2804
S31508016460034612D02F2812D0A0F13002092A02D8E9
S315080164700433D8B270474138C0B219280AD9A3F1F2
S315080164806102192A05D8473BF3E73E2070473F20AA
S315080164907047FF2070472DE9F84F0C4693469A46F8
S315080164A000F10408961CB51E2CB118F8047C384670
S315080164B0F8F71EFB18B9A5EB0B0080B203E0012C17
S315080164C003D14FF6FF70BDE8F88F3846D0478146AD
S315080164D018F8030CD047B9F1FF0F0746F1D0FF288A
S315080164E0EFD04FEA890949EA1019022C06F1FF355E
S315080164F006F8029CDFD018F8020C3D28DBD0D047FD
S31508016500FF280546DDD03F0147EA9007032C06F828
S31508016510017C11D018F8010C3D280DD0D047043C58
S31508016520FF28A4B208F1040806F10306C9D040EA17
S31508016530851006F8030CB6E73546BCE72DE9F84F92
S3150801654006460C4615469B4600274FF6FC794FF63C
S31508016550FF7A4C45A04628BFC8465B462A463046C0
S315080165601FFA88F1FFF797FF504506D0B4EB0804E8
S31508016570074404D046440544EBE74FF0FF37384655
S31508016580BDE8F88F0CB407B504AB53F8042B019397
S31508016590F7F794FD03B05DF804EB02B0704708B550
S315080165A00246F7F7B1FD904234BF0020012008BD2D
S315080165B070477047704737B501A90546FCF729FFAB
S315080165C00446284624B1F2F743FB204603B030BD02
S315080165D0F1F7D8FD0446F8E72D2070472D207047BE
S315080165E00020704770470020704770472D2070477C
S315080165F0002070472D20704700207047406870477B
S31508016600036853F81C3C18444068704708B50846A7
S3150801661003F076FA002008BD08B5084611461A4661
S3150801662003F06AFA002008BD10B5044600F02EF8FA
S31508016630F5F7B0F86060FEF723F8002010BDFFF704
S31508016640E4B808B5F5F776F8002008BD0A680260CF
S31508016650496852F84C2C8150704748B12D2805D00D
S31508016660C0B200F5300040F00040704740F201200A
S315080166707047A0F50723A3F50073B0F5803F28BF3F
S31508016680B3F5A06F34BF0120002070470020704782
S315080166907047704770477047704708B5FFF7B1F8FC
S315080166A0EFF7B0FFBDE80840F7F7ECBF704701F018
S315080166B049B8704708B5F5F7B1FEF1F7F1FFF5F7F7
S315080166C097F8F6F7B5FCBDE80840F8F73FB8704704
S315080166D0704708B5FFF74BFCF7F7B2FFFFF77EFCEB
S315080166E000B908BDFFF742FCF8E70B460146184614
S315080166F0F8F75CBC02680346D20705D4427802B1B2
S31508016700FFDE01205870704700207047012303609F
S315080167107047062008B5F8F7E9FB0120FDF722FACC
S3150801672070B50D461446064618B1036A0BB9F8F753
S31508016730CDFA636ED90705D4A3899A0502D4A06D4B
S3150801674000F085F9A3891B0701D5236973BB214687
S315080167503046F8F765FB48B3636EDA0702D4A389B6
S315080167609B0529D54FF0FF3018E0A368013B002BA4
S31508016770A36004DAA269934211DB0A290FD02368C0
S315080167805A1C2260197015F8011F0029EDD1636E94
S31508016790D80702D4A38999050AD5002070BD2246D7
S315080167A0304600F00DF80130EDD1D5E7013DEAE7B5
S315080167B0A06D00F04DF9F0E7A06D00F049F9D1E7B9
S315080167C0F8B50E461446054618B1036A0BB9F8F72B
S315080167D07DFAA369A360A3891A0701D5236943B979
S315080167E021462846F8F71CFB18B14FF0FF37384603
S315080167F0F8BD2368F6B222693746981A6369834257
S3150801680005DC2146284600F034FA0028EDD1A368B4
S31508016810013BA36023685A1C22601E70431C6269EF
S315080168209A4204D0A389DB07E1D50A2EDFD1214696
S31508016830284600F01EFA0028D9D0D6E72DE9F843F4
S315080168400746884614460026D4E90195B9F1010997
S3150801685005D52468002CF7D13046BDE8F883AB8905
S31508016860012B07D9B5F90E30013303D0294638462D
S31508016870C04706436835E9E770B50C46B1F90E100D
S3150801688096B0154600291E460ADAA18911F080013B
S3150801689013D14FF48062002031602A6016B070BDB2
S315080168A06A46F8F771FB0028EFDB019901F470419C
S315080168B0A1F5005359425941EBE700214022EAE785
S315080168C08B8973B59E0705460C4607D504F1470320
S315080168D0236023610123636102B070BD01AB6A467F
S315080168E0FFF7CAFF009E28463146FFF773FAB4F947
S315080168F00C3038B99A05EFD423F0030343F00203A9
S31508016900A381E3E743F080032060A381019BC4E9E7
S315080169100406002BE0D0B4F90E102846F8F7EEFA73
S315080169200028D9D0A38923F0030343F00103A381E7
S31508016930D2E70139024410B5904201D1002005E0A1
S31508016940037811F8014FA34201D0181B10BD01307D
S31508016950F2E7884210B501EB020402D984422346C4
S3150801696007D8431EA14207D011F8012B03F8012FBE
S31508016970F8E70244824200D110BD13F8011D02F85E
S31508016980011DF7E702440346934200D1704703F815
S31508016990011BF9E7C9B20346184613F8012B12B1D0
S315080169A08A42F9D17047002918BF0020704710B5EF
S315080169B06AB10139841810F8012B11F8013F9A427E
S315080169C003D1A04201D0002AF5D1D01A10BD104634
S315080169D0FCE70139034610B532B111F8014F013A06
S315080169E003F8014B002CF7D11A440021934200D138
S315080169F010BD03F8011BF9E71F2938B505460C46F2
S31508016A0004D9162303604FF0FF3038BDC26B12B1AB
S31508016A1052F821304BB9284600F016F822460146AD
S31508016A202846BDE83840F8F779BA012B0AD0591C2F
S31508016A3003D1162303600120E7E70021204642F827
S31508016A40241098470020E0E7FDF78FB87047704794
S31508016A5070470A44431E914200D1704710B511F898
S31508016A60014B914203F8014FF9D110BD034613F8C2
S31508016A70012B002AFBD1181A013870472DE9F04776
S31508016A801F468E6882460C46BE429046334653D808
S31508016A90B1F90C0010F4906F2BD065692368096968
S31508016AA005EB4505A3EB010905EBD5757B1C6D10B7
S31508016AB04B442A46AB4284BF1D462A46430527D581
S31508016AC011465046FFF786F9064658B34A462169E4
S31508016AD0FFF7BFFFA38923F4906343F08003A381E3
S31508016AE026614E4465613B46A5EB090526603E468F
S31508016AF0A5601F463A4641462068FFF72AFFA36864
S31508016B0000209B1BA36023683B442360BDE8F087F4
S31508016B105046FFF765F906460028E1D12169504636
S31508016B20FFF75BF90C234FF0FF30CAF80030A38951
S31508016B3043F04003A381E9E73E46DBE79368013B5F
S31508016B40002B10B4936008DA9469A34201DB0A2981
S31508016B5003D15DF8044BFFF733BE1368581C106068
S31508016B60084619705DF8044B7047F8B506460F4696
S31508016B701446D518AC4201D1002007E03A4614F86C
S31508016B80011B3046FFF7DAFF431CF3D1F8BD2DE9A7
S31508016B90F047164698468A6807460B690C46DDF89B
S31508016BA020909342B8BF1346336091F843200AB147
S31508016BB0013333602368990642BF33680233336071
S31508016BC0256815F0060506D104F1190AE368326845
S31508016BD09B1AAB422BDC94F843302268003B18BF62
S31508016BE00123920630D404F1430241463846C84788
S31508016BF0013023D023681A3454F80A2C03F006030B
S31508016C00042B0ABF54F80E5C002533684FF00006C2
S31508016C1008BFED1A54F8123C08BF25EAE5759342F8
S31508016C20C4BF9B1AED18B5421AD1002008E001230A
S31508016C30524641463846C847013003D14FF0FF3026
S31508016C40BDE8F0870135C1E7E1185A1C3020023347
S31508016C50224481F8430094F8451082F84310C2E7AC
S31508016C600123224641463846C8470130E6D0013657
S31508016C70D9E738B50B6905460C4613B900252846E8
S31508016C8038BD18B1036A0BB9F8F720F8B4F90C3016
S31508016C90002BF3D0626ED00704D4990502D4A06DF7
S31508016CA0FFF7D5FE28462146F8F7C2FC636E05466E
S31508016CB0DA07E4D4A3899B05E1D4A06DFFF7C8FEE2
S31508016CC0DDE710B50C46B1F90E10F8F743FD0028BB
S31508016CD0ABBF636DA3891B1823F48053ACBF6365EF
S31508016CE0A38110BD2DE9F0411F468B8905460C4647
S31508016CF0DB05164605D502230022B1F90E10F8F771
S31508016D0017FDA3893246B4F90E10284623F4805399
S31508016D10A3813B46BDE8F041F8F72EBD10B50C46F8
S31508016D20B1F90E10F8F704FD421CB4F90C3015BF81
S31508016D30606523F4805343F48053A38118BFA3816C
S31508016D4010BDB1F90E10F8F729BDC9B203460244C0
S31508016D5010B59342184601D1002003E004780133A7
S31508016D608C42F6D110BD704738B50D4600F17C014D
S31508016D70044600F0DDFA08B184F87C5094F87C30BA
S31508016D8073B1206F08B9032038BD03689B6898471B
S31508016D9001460028F8D1204600F0C3FA0028F3D1AD
S31508016DA00020F1E713464A68012A0AD90A681278C7
S31508016DB0022A04D10A4601467830F8F7D5BE0022E0
S31508016DC05A600020704700207047002070477047BE
S31508016DD0704770477047704737B5154640F203123A
S31508016DE00B880C46934204D0B3F5827F16D0A620B1
S31508016DF004E000238068019310B92F2003B030BD49
S31508016E0001A900F087FA0028F8D12A46208801A9A5
S31508016E1000F047FC0028F1D10020EFE70023806845
S31508016E2001930028E9D001A900F06DFAEBE72DE9F5
S31508016E30F04383680D46164685B01BB92F2005B069
S31508016E40BDE8F083CA7842B903F16C04AA78032A2B
S31508016E506DD8DFE802F048041D331C46F6E7002723
S31508016E608DF80C7023682046DB68298803AA9847A1
S31508016E70D828044602D048B12046E0E739463246CA
S31508016E80288800F0E7FB0028F6D0D8E703A9F6E73B
S31508016E900027ADF80C70236820465B69298803AA88
S31508016EA09847D828044603D00028E5D103A900E06D
S31508016EB039463246288800F0E0FBE4E700270397C5
S31508016EC023682046DB69298803AA9847D8280446F7
S31508016ED003D00028D0D103A900E0394632462888D4
S31508016EE000F0DFFBCFE74FF00008986AF7F71AFEC4
S31508016EF0CDF80C80236803AA0092D3F8289002469D
S31508016F0007464FF4007320462988C847D8280446FF
S31508016F100BD030B939463346039A288800F0D5FB99
S31508016F2004463846F7F706FEA6E74146F3E7262064
S31508016F3085E7806808B100F0D7B92F20704710B5EA
S31508016F4004461C21FEF744FF204610BD10B5044631
S31508016F500C21FEF73DFF204610BD10B504460C2155
S31508016F60FEF736FF204610BD10B504460C21FEF784
S31508016F702FFF204610BD10B504460421FEF728FF51
S31508016F80204610BD10B50446006818B1237C0BB124
S31508016F90FEF71CFF0023C4E90233C4E9003310BD20
S31508016FA0F8B50C46064615461F46FFF7EBFF2CB902
S31508016FB0284600F09EFB0123044633742544756078
S31508016FC0002F08BF2546C6E902543460F8BD38B516
S31508016FD000250446C0E90055C0E902550574FFF7C6
S31508016FE0DFFF204638BD10B50446FFF7CBFF204624
S31508016FF010BD01688268C3688A4294BF0022521A8A
S315080170008B4294BF00235B1AD01A70478368D0E974
S3150801701000128A4294BF0022521A8B4294BF00235F
S315080170205B1AD01A70470368C0E902330123437417
S315080170300023C0E9083343820375836103778362BA
S31508017040C362704710B500230446FFF7C0FF01234A
S31508017050637400232046C4E9083363822375A36158
S315080170602377A362FFF7DFFF204610BD30B5D0F8BE
S3150801707004413F2C1DD80025AC42D0F800310FD170
S31508017080234403F03F0320F8231000EB8305C1F3E3
S3150801709000210134AA70E970C0F80441002030BD0E
S315080170A02B4403F03F0330F823308B42F6D00135E9
S315080170B0E2E71920F3E773B50D46002304460DF1FF
S315080170C00701284616468DF8073000F016FA38B932
S315080170D02846FFF78EFF9DF80730834202D0182015
S315080170E002B070BD2368294620461B6998470028C7
S315080170F0F6D12368314620465B699847F0E740F2A6
S315080171006713994204D0B1F5B47F06D0A62070471B
S3150801711002B1127882610020704712B11378C361F7
S31508017120F9E70623FBE740F26713994204D0B1F564
S31508017130B47F05D0A6207047037E002013707047E0
S31508017140037FFAE773B50446806810B9032002B0D5
S3150801715070BD40F2511399423AD0B1F5A97F07D2D1
S31508017160B1F5A17F22D0B1F5A27F2AD0A620EEE7FC
S3150801717040F261139942F9D1002A31D1E368002B13
S31508017180E4D0022604F11605CDE90056E068694601
S3150801719003689B6898470028D9D1E38AB3F5805FCD
S315080171A0F2D2A068E18A03689B6B06E00AB92F2030
S315080171B0CDE7118821820368DB6802B0BDE870401B
S315080171C01847002AF3D01188618203685B69F4E7DE
S315080171D022B11188A18203689B6AEEE71146F9E795
S315080171E01388E382DDE70B46114640F251129342BA
S315080171F01AD0B3F5A97F07D2B3F5A17F0CD0B3F5A1
S31508017200A27F0DD0A620704740F261129342F9D1B0
S31508017210406803689B6B02E040680368DB681847AF
S31508017220406803685B69FAE7406803689B6AF6E7A2
S315080172300B46B3F5B17F11460ED040F26312934265
S3150801724006D0B3F5827F0ED1806848B9032070470E
S3150801725040680368DB6B1847036A002013607047B0
S3150801726003685B6FF7E7A6207047A620704770474B
S3150801727010B504467021FEF7ABFD204610BD034646
S315080172803038C0B209280DD9A3F16102052A02D8FE
S31508017290573BD8B27047A3F14102052A01D8373BBB
S315080172A0F7E7FF207047F0B50446C81858280FD8E5
S315080172B0012602B9F0BDD30707D5CD08675D01F0F0
S315080172C0070306FA03F33B43635501315208F0E716
S315080172D00020EFE7C0E901127047806810B1036822
S315080172E09B6E184703207047806818B10368D3F866
S315080172F08030184703207047806810B103681B6FF8
S31508017300184703207047806810B103685B6F1847F8
S3150801731003207047806810B10368DB6E18470320A5
S315080173207047806810B103689B6F18470320704740
S31508017330806810B10368DB6F18470320704710B4E3
S31508017340C06828B104686469A4465DF8044B6047BF
S3150801735003205DF8044B7047C06810B10368DB6809
S3150801736018470320704708B5C0E9001211B90AB1D8
S31508017370FFF7CFF908BD70B5856804460E463DB1DD
S31508017380FFF744FE30B100206B1CA3602E7070BD60
S315080173902F20FCE71920FAE770B5866804460D46E2
S315080173A056B1FFF733FE012808D900206DBA35809A
S315080173B0A3680233A36070BD2F20FCE71920FAE702
S315080173C070B5866804460D4656B1FFF71FFE0328B9
S315080173D008D900202DBA3560A3680433A36070BDAF
S315080173E02F20FCE71920FAE72DE9F0410E469846C9
S315080173F01546F2B1FE2A1ED94FF6FE77BA428CBF60
S3150801740003270227C0F3080444EA063444EA87241A
S3150801741024B24046A1B2FFF7BFFFA0B996B98FB112
S31508017420012F0AD0022F10D029464046FFF7C8FF80
S3150801743007E01746E6E70127E4E74046E9B2FFF722
S315080174409AFF00B90020BDE8F0814046A9B2FFF7CE
S31508017450A3FFF6E7F8B5044615460E4679B18768DF
S315080174606FB1FFF7D3FDA8420BD32A4631463846FA
S31508017470FFF7EFFA0020A3682B44A360F8BD2F207D
S31508017480FCE71920FAE770B5144606460D46FFF7DC
S31508017490BDFDA04211D32846FFF7ABFDA0420CD390
S315080174A02246E968B068FFF7D4FA0020B368234496
S315080174B0B360EB682344EB6070BD1920FCE7F8B5AF
S315080174C0154606460F46FFF794FDA842044612D212
S315080174D03846FFF78EFD2A1B824228BF02463946E7
S315080174E03046FFF7D0FF28B93046FFF782FDA8429C
S315080174F001D20D20F8BD0020FCE770B5C468054629
S315080175000E4644B1FFF775FD38B1002014F8012B7A
S31508017510EC60327070BD2F20FCE71920FAE770B5D0
S31508017520C46805460E4654B1FFF763FD012808D91C
S31508017530002034F8022B53BAEC60338070BD2F203B
S31508017540FCE71920FAE7002313B5044608460DF1AE
S315080175500601ADF80630FFF7E2FFF8B9BDF80620D7
S31508017560A061C2F308036382C2F3402384F827307B
S31508017570C2F38123032B08BF04232377B3FA83F3CA
S31508017580110B5B0984F82430B1FA81F3C2F30022A6
S315080175905B09217584F8253084F8262002B010BDD0
S315080175A070B5C46805460E4654B1FFF722FD032897
S315080175B008D9002054F8042B12BAEC60326070BD69
S315080175C02F20FCE71920FAE713B50446227F08465F
S315080175D0012A4FF000030BD101A98DF80430FFF7FA
S315080175E08CFF18B99DF804300020A36102B010BDC4
S315080175F0022A09D101A9ADF80430FFF790FF002846
S31508017600F4D1BDF80430EFE701A90193FFF7C8FFEC
S315080176100028EBD1019BE7E703460022DA621A7DCF
S31508017620084610B503F12C01032A11D8DFE802F048
S315080176300C020609FFF761FF40B110BDFFF76FFFA6
S31508017640FAE7FFF7ADFFF7E7C268DA620020F4E769
S315080176502620F2E738B5154613460A1E0C4618BF0A
S3150801766001220121FFF7C0FE30B924B1284621784D
S31508017670FFF781FE00B9002038BD38B515460A1E48
S3150801768018BF01220C462B4602215200FFF7ACFE19
S3150801769030B924B128462188FFF77EFE00B90020BB
S315080176A038BD38B515460A1E18BF01220C462B46A9
S315080176B003219200FFF798FE30B924B128462168C4
S315080176C0FFF77EFE00B9002038BD70B50C1E1546C1
S315080176D04FF0000108BF00221E46FFF785FE38B9A4
S315080176E02CB12A4621463046FFF7B4FE00B90020E0
S315080176F070BDFEF75FBB000008B501F053F948B944
S3150801770000F0C0FD0128034607D1054A106820B9D3
S31508017710136008BD6FF00500FBE74FF0FF30F8E78F
S31508017720740A002008B500F0ADFD38B1022804D06E
S31508017730034B1868431E5842584108BD0320FCE70D
S31508017740740A002010B501F02DF9044668B900F055
S3150801775099FD01280CD1084B1A68012A08D1022281
S315080177601A6000F009FB204610BD6FF00500FBE723
S315080177704FF0FF30F8E700BF740A0020034B03609F
S31508017780034B0B60A0231360704700BF140A002047
S3150801779094070020034B0360034B0B60A02313607F
S315080177A0704700BF34070020B404002010B54FF01D
S315080177B0807440E90224184A4FF0123440F80C2C20
S315080177C04FF003324FF0023C40E905244FF00132F5
S315080177D040F8203C40E9072C4FF010334FF01132A6
S315080177E04FF0093440E90A324FF008334FF0073CAD
S315080177F040E90C344FF006334FF0053240E90E3CB0
S315080178004FF0043340E910326FF0020340F8443C6C
S3150801781040F8481D10BD00BF5D6600084FF0E02224
S315080178200423136100234FF47A719361044B1B6897
S31508017830B3FBF1F3013B536107231361704700BFA3
S315080178404C220020002313B54FF07F4201934FF0DD
S31508017850E023C3F81C2DD3F81C3D1B0E8DF803300D
S315080178609DF803309DF803309DF8033013F0800F1F
S31508017870019B29D1082B0CBF0023019B174A18BF6E
S31508017880C3F107031B0203F4E06313604FF0E0231F
S315080178900024D3F8202D42F47F02C3F8202DD3F813
S315080178A0202D42F07F42C3F8202DC3F81C4DFFF767
S315080178B0B5FF0B4B1C6000F045F800F091FCEEF7A4
S315080178C0CDFE204602B010BD013301939DF8033069
S315080178D05B00DBB28DF80330C6E700BF780A0020EB
S315080178E03822002008B501F0DFFA044A136801338B
S315080178F01360BFF34F8FBFF36F8F08BD3822002087
S31508017900044B1A681A68013A1A60186808B901F02E
S31508017910D6BA704738220020094A1168086806C88D
S3150801792081F30B88022181F31488203080F30988BA
S31508017930BFF36F8F4FF0000080F3118810470000E6
S31508017940C80F002006480068006880F3088862B6F8
S3150801795061B6BFF34F8FBFF36F8F66DF00BF0000BD
S3150801796008ED00E0EFF309801EF0100F08BF20EDC7
S31508017970108AEFF30B82734620E9FC0F0F4A116850
S3150801798008604FF0300080F31188BFF34F8FBFF3C3
S315080179906F8F00F025FC4FF0000080F31188074A2D
S315080179A011680868B0E8FC0F13F0100F08BFB0ECB7
S315080179B0108A82F30B8880F309881847C80F0020BC
S315080179C01EF0040F0CBFEFF30880EFF3098001499D
S315080179D0084700007D8E010870B5B9B100230C4A2D
S315080179E01C4615465668864204D105EBC403C3E90D
S315080179F000100BE01BB91668002E08BF13460134A8
S31508017A000A2C02F10802EDD1002BF0D170BD00BF9E
S31508017A107C0A0020002310B5084A52F83310DC000E
S31508017A20814206D10021064A42F8331022445160A8
S31508017A3010BD01330A2BF0D1FAE700BF800A0020F6
S31508017A407C0A002000222DE9F84306461E4B1F4CEE
S31508017A501D681F4B0F46D3F800801E4BD3F80090C4
S31508017A602368206883F85E20043001F0DBF9731C73
S31508017A7014D19FB1184B21685A688A6090682168A9
S31508017A80C860216804314160216804319160226827
S31508017A9053611A6801321A60BDE8F88323682168C0
S31508017AA0AD195D6001F1040104D34846BDE8F84308
S31508017AB001F096B9404601F093F9084B1A68AA42B3
S31508017AC088BF1D60E8E700BFF00A0020C80F002044
S31508017AD03C0B0020380B0020F80A0020D40A0020AD
S31508017AE0064A13681968064B19B94FF0FF321A602E
S31508017AF070471268D2681268F9E700BF3C0B00208C
S31508017B00D40A0020F8B50C4C0C4F0D4D236803B967
S31508017B10F8BDFFF7E7FEFB68DE68301D01F082F964
S31508017B202B68013B2B602368013B2360FFF7E8FEC6
S31508017B30304601F057FDE9E70C0B0020100B002039
S31508017B40F40A00202DE9F0410446FFF7CBFE304B3D
S31508017B50304E1A68304F01321A603568002D4AD105
S31508017B6034601B68012B1FD1B8464046013501F028
S31508017B7029F9382D08F11408F7D1DFF8C480274D03
S31508017B80404601F01FF9284601F01CF9244801F086
S31508017B9019F9244801F016F9234801F013F9234B82
S31508017BA0C3F80080224B1D60224A201D1368013349
S31508017BB01360214A23641168E36A8B4288BF136004
S31508017BC014225343F9184A689568A260E56068600B
S31508017BD09060FA5861610132FA50FFF791FE174B2E
S31508017BE01B689BB13368DA6AE36A9A420ED2BDE82A
S31508017BF0F04101F026B9114B1B68002BD4D133682B
S31508017C00DA6AE36A9A4298BF3460CDE7BDE8F08143
S31508017C10F40A0020C80F0020680B0020400B002042
S31508017C20240B0020100B0020F80A00203C0B002032
S31508017C30380B0020D80A0020EC0A0020E80A0020A8
S31508017C40540B002008B5044CFFF75CFF2368012B91
S31508017C50FAD901F0F6F8F7E7680B0020F8B50446FB
S31508017C601D4DFFF73FFE04B92C68271D384601F064
S31508017C70D9F8A36A1BB104F1180001F0D3F8174A21
S31508017C80174E1368013313602B683268B2B1A342E9
S31508017C9014D13946134801F0BAF8134A1368013367
S31508017CA01360FFF72DFE3368A3B12B68A34211D1E8
S31508017CB00E4B1B68BDE8F84001F0C3B80C4A1368BF
S31508017CC0013B1360FFF70CFFFFF71AFE204601F090
S31508017CD089FCE8E7F8BD00BFC80F0020D80A0020D4
S31508017CE0E80A0020100B00200C0B0020CC0A00200B
S31508017CF0F40A00201A4B2DE9F0411B680446834219
S31508017D0026D0FFF7EFFD174BD4F828801F68164BCE
S31508017D1065691E68FFF7F4FD144B98451AD0BD42F4
S31508017D201AD0B54218D0124B9D4209D1A36A9BB904
S31508017D3094F85C30012B0CBF02200320BDE8F081CA
S31508017D400C4B9D420AD0002D0CBF04200120F5E7FB
S31508017D500020F3E70120F1E70220EFE70420EDE731
S31508017D60C80F00203C0B0020380B0020240B0020F4
S31508017D70F80A0020100B002030B5194A8BB007AB62
S31508017D8012F8014B03F8014B002CF9D106AA05A9F3
S31508017D9004A8CDE90444FFF7F1FC049B069A029373
S31508017DA0059B1048CDE9004307A9234601F099FC34
S31508017DB00D4B186080B100F0B7FC012805460BD1C0
S31508017DC001F072F84FF0FF32084B1A60084B1D603C
S31508017DD0084B1C60FFF736FD074B1B680BB030BD1F
S31508017DE0589B0108457C0108D00A0020D40A0020C6
S31508017DF0E80A0020F00A00202CA80108024A1368A4
S31508017E0001331360704700BFCC0A0020014B186884
S31508017E10704700BFF00A0020014B1868704700BF81
S31508017E20F40A00202DE9F84F4E4B1B68002B40F051
S31508017E3093804D4B1C6801341C6064B94B4B1A681E
S31508017E404B4A19681068186011604A4A1368013369
S31508017E501360FFF745FE484D00222B684749A342A8
S31508017E60DFF824B109D81746DFF820C13F4B1B6854
S31508017E701B689BB94FF0FF332B604148DBF8003094
S31508017E8004681420DB6A4343C858012898BF002CAC
S31508017E9014BF012000201043BDE8F88F334B1B683F
S31508017EA0DB68DB685868844201D22860E5E7D3F8C5
S31508017EB01480D3E90209C0F80890C9F80400D8F873
S31508017EC0040003F1040E7045D8F8000008BFC8F88D
S31508017ED0049001385F61C8F80000D3F82880B8F12A
S31508017EE0000F13D0D3E90709C0F80890C9F80400B0
S31508017EF0D8F8040003F1180A5045D8F8000008BF5D
S31508017F00C8F8049001389F62C8F800001426D86A98
S31508017F10DCF80080404506FB00F801EB080ADAF8B0
S31508017F20049088BFCCF80000D9F80860C3F8089017
S31508017F30DE60C6F804E0C9F808E0C3F814A051F8F1
S31508017F400830013341F80830DBF80030DB6A984223
S31508017F5088BF42F0010289E70A4A00201368013303
S31508017F60136099E7CC0A0020F00A00203C0B002098
S31508017F70380B0020DC0A0020D40A0020680B0020F8
S31508017F80E00A0020E40A0020C80F0020EC0A0020BD
S31508017F902DE9F84FFFF7A6FC434B1A681A68013A10
S31508017FA01A601B682BB10024FFF7AAFC2046BDE81E
S31508017FB0F88F3E4A1268002AF5D014264FF0010CB4
S31508017FC03B483C4C3C4A3D4F3D4D51E0C368DB685C
S31508017FD0D3F828E0D3E90718C1F80880C8F80410CF
S31508017FE0DEF8041003F1180949454FF0000108BFEE
S31508017FF0CEF804809962DEF800100139CEF8001037
S31508018000D3F814E0D3E90218C1F80880C8F80410B7
S31508018010DEF8041003F104094945DEF8001008BF2B
S31508018020CEF804800139CEF80010D3F82CE0216887
S3150801803006FB0EF802EB080A8E45DAF8041088BF2B
S31508018040C4F800E0D1F808B09960C3F80CB0CBF8D1
S315080180500490C1F8089052F80810C3F814A0013129
S3150801806042F808103968C96A8E4501D9C5F800C0B1
S3150801807001680029AAD10BB1FFF732FD114D2C6811
S3150801808044B101270E4EFFF7CDFE00B13760013C22
S31508018090F9D12C600A4B1B68002B84D0074B0124AD
S315080180A01B6800F0CEFE7FE7CC0A0020F40A002008
S315080180B0240B0020EC0A0020680B0020C80F0020C2
S315080180C0E00A0020E40A002010B50C46054B1968A1
S315080180D0183100F085FE2046BDE810400121FFF762
S315080180E0B1BC00BFC80F00200F4B70B444681D68AF
S315080180F0A668EC611D68002A2E621D6805F118053F
S3150801810075601D681B6805F11805A5609862036806
S3150801811070BC03F1010303600CBF08464FF0FF3042
S315080181201146FFF78FBC00BFC80F0020C368F0B522
S31508018130DB689A6AD3E9070181604860506803F1F0
S315080181401804A04208BF51600021996211680139DB
S3150801815011601D4AD96A1268002A29D1D3E9024059
S315080181605A69A060446054681D1DAC4208BF50603E
S31508018170106801381060154A1068814288BF11607D
S3150801818014224A43124886187468A7689C60DF60FF
S315080181907D60A5605E618358013383500D4B1B6872
S315080181A0DB6A994285BF01200B4B00201860F0BDA0
S315080181B00A4A50688568D8611D626C6084609A6253
S315080181C0136801331360E9E7CC0A0020EC0A0020A2
S315080181D0680B0020C80F0020E00A0020240B0020AD
S315080181E0F8B51D4B1A681D4B12B101221A60F8BD6C
S315080181F01B4C1A6023681B6B1A68B2F1A53F0BD199
S315080182005A68B2F1A53F07D19A68B2F1A53F03D1E1
S31508018210DB68B3F1A53F04D0216820683431F8F74B
S31508018220A2F914270F4E104D316807FB01F3EA58DE
S31508018230581972B14268083352682B449A4242600F
S3150801824008BFC268D36808BF4260236031602368EB
S31508018250CDE70139E9E700BFCC0A0020E00A002092
S31508018260C80F0020EC0A0020680B0020014B186893
S31508018270704700BFC80F00200122014B1A607047E2
S31508018280E00A0020054B1B6833B1054B1868B0FAA4
S3150801829080F040094000704701207047E80A002035
S315080182A0CC0A0020F8B5044600282ED01D4DC36A15
S315080182B02A68D26A93422DD282691B4E002AA1BF2F
S315080182C02A68D26AC2F138028261142202FB036368
S315080182D042699A421AD1071D384600F0A3FD2B6858
S315080182E0124ADB6A1168E3628B4288BF1360142263
S315080182F05343F1184A689068A260E0604760976046
S31508018300F25861610132F2500120F8BD2B68DB6A2F
S31508018310C362F9E72B68806CDB6A98422CBF0020A0
S315080183200120F2E7C80F0020680B0020EC0A0020A4
S3150801833070B5044608B9002070BD154BC16A1B68A3
S31508018340826CC36C914203F1FF33C364F3D0002BF3
S31508018350F1D1051D284600F065FDA36CC3F138026D
S31508018360A2610C4AE36211688B424FF0140188BF7F
S3150801837013604B43084AD01841688E68A160E660CD
S3150801838075608D60D158606101310120D150D3E704
S31508018390C80F0020EC0A0020680B002070B50446BF
S315080183A0002831D0836C994238BF1946C36A8B427B
S315080183B02AD0C26C012A27D1144A154D126882693E
S315080183C0C162002A4FF0140202FB03534269A4BF9B
S315080183D0C1F1380181619A4216D1061D304600F075
S315080183E021FD0C4AE36A11688B4288BF1360142287
S315080183F05343E9184A689068A260E060466096604F
S31508018400EA5861610132EA5070BD00BFC80F002009
S31508018410680B0020EC0A0020034B186810B1C36CE6
S315080184200133C364704700BFC80F0020034B1B68A4
S315080184300360034B1B684360704700BFDC0A0020DA
S31508018440F00A002070B50D460446FFF74BFA144BA7
S315080184501968144B1A6892F85E2042B100221B680B
S3150801846083F85E200124FFF74BFA204670BD2B687E
S315080184705A1C13D00C48266800686268864204D0E4
S315080184808A4202D800232B60ECE7881A8342F9D97D
S315080184905B1A134420462B60FFF7C8FF0024E2E766
S315080184A0F00A0020C80F0020DC0A0020914208B516
S315080184B0416000610AD8D21A83699A420DD2084BE3
S315080184C0011D186800F08CFC002008BD9A4201D2F3
S315080184D0994202D2034B011DF3E70120F5E700BFDC
S315080184E0281000202C1000200E4B70B51B6805467D
S315080184F0DB680E46DC68201D00F094FC94F82830F1
S315080185005A0709D532462946204601F017F9204669
S31508018510236ABDE87040184723F0010384F8283020
S31508018520F5E700BF2C10002010B5084C23681A681F
S3150801853022B9074A11681360216010BDDB684FF044
S31508018540FF311868FFF7D0FFF0E700BF2C100020B5
S3150801855028100020F7B5114CFFF7C4F92568BDB9F5
S315080185600F4F104E384600F02DFC304600F02AFC1D
S315080185700D4B10211F600D4B0A201E600C4A0D4B36
S31508018580009500F0EAFF206010B10B49FFF724FAC5
S3150801859003B0BDE8F040FFF7B3B900BF24100020CF
S315080185A044100020301000202C1000202810002034
S315080185B0BB1E0020D00F00205D9B01082DE9FF415D
S315080185C0554E564B1B681F680FB30025DB681F689D
S315080185D0FFF714FCFFF71AFC336804469842DFF8E4
S315080185E0448116D33060002D40D04D4B1B681D6861
S315080185F0B5FA85F56D092A46D8F80000391B00F049
S3150801860011FFFFF7C5FC48B900F01BFC06E0012580
S31508018610DEE7FFF789FF3460FFF7BAFC1022002175
S315080186206846FEF7AFF900226946D8F8000000F05F
S3150801863067FD0028C5D0009B0298002B1FDB029C12
S3150801864063691BBBFFF7E2FB33680546984201D213
S31508018650FFF76AFF009B3560013B082BE3D8DFE88B
S3150801866003F019193C435219193C43008742C2D8F1
S31508018670FFF78EFC21463846FFF736FFCEE7019B0A
S3150801868003999847009B002BCDDBD8E7201D00F006
S31508018690C9FBD7E794F82830A16943F0010384F8A8
S315080186A02830019B2A4620461944FFF7FFFE002879
S315080186B0B9D094F8283059070AD5A36901992A46E9
S315080186C02046194401F03AF82046236A9847AAE752
S315080186D023F0010384F82830F6E794F8283023F0CC
S315080186E0010384F828309EE794F82830019943F06D
S315080186F0010384F82830A1612B462A4620462944DD
S31508018700FFF7D4FE8FE794F828309A07E7D4204676
S3150801871000F0E8FB87E700BFCC0F00202C100020F3
S31508018720281000202410002010B588B0FFF712FF8A
S315080187300E4B00241868B8B107AA06A905A8CDE901
S315080187400544FFF727F8059B079A0293069B0849F4
S315080187500193282307480093234600F0C2FF064BDE
S315080187601860001B18BF012008B010BD2410002096
S31508018770629B0108BD85010820100020014B18687D
S31508018780704700BF50220020084B1B6F03F00703F8
S31508018790022B04D0032B05D0012B05D0FEE7044B91
S315080187A018687047034BFBE7034870470080005081
S315080187B05022002058220020002D310108B5FFF76C
S315080187C0E3FF054B1B6FC3F303330133B0FBF3F030
S315080187D0024B186008BD00BF008000504C220020E3
S315080187E00048704700B4C40400487047002D3101A1
S315080187F0014B1868704700BF582200204FF4002229
S315080188001B4B5A664FF0B4429368C3F304430C2BCF
S315080188100AD8DFE803F00B0709092709191B1D1FE9
S31508018820212325001348704700207047936803F0F9
S315080188304073B3F1807F17D0B3F1007F16D0002BB8
S315080188400D4818BF002070470C4870470C48704700
S315080188500C4870470C4870470C4870470C487047DD
S315080188600C4870470C4870470C4870470C487047CD
S3150801887000900050404B4C0000093D00405DC60089
S315080188800024F400C0EA2101002D310180BA8C01CF
S315080188900048E801005A62028096980080841E000A
S315080188A040420F00014B1868704700BF5422002050
S315080188B008B54FF0FF31064801F008F838B94FF40A
S315080188C08062044B9A66BFF34F8FBFF36F8F08BD63
S315080188D0A4130020009000504FF48062024B034815
S315080188E09A6601F011B800BF00A00050A413002039
S315080188F038B5054600283FD0FFF7DAFF044640BBE6
S31508018900284600F09AFF95F8243043B94FF098436A
S315080189105A6CD202FCD55D6D05F4702522E04FF044
S315080189209842936D43F002039365FEF7FBFE022816
S3150801893011D1124B4FF0FF31186E00F0EDF94FF0DF
S315080189409842936D23F00203936530B1FFF7C4FF94
S315080189500124204638BD2046F1E74FF4A022084BF2
S315080189601D681A60FFF7B8FF0446002DF1D02846A6
S31508018970BDE8384000F01EBF2124EAE74013002075
S31508018980602200200346064802689A4203D84168D5
S315080189900A44934202D3406A0028F5D1704700BFC2
S315080189A09814002010B5EFF3058414B1012420466C
S315080189B010BDFFF767FC0128F9D0EFF31083002BF0
S315080189C0F4D1EFF31184003C18BF0124EFE708B591
S315080189D04FF0E0231B69FFF755FC012803D0BDE8DA
S315080189E0084000F039BA08BD10B5FFF7DBFF0446A9
S315080189F040B9FFF747FC40B1022808D1FFF7FEF955
S31508018A00204610BD6FF00500FBE70120F9E74FF09E
S31508018A10FF30F6E710B50446FFF7C4FFB0B9FFF714
S31508018A2031FC30F0020314D1012C03D1FFF7E6F92A
S31508018A30204610BD6CB9FFF7ABFA0128F8D0FFF74D
S31508018A4021FC841E18BF4FF0FF34F1E76FF00504CF
S31508018A50EEE74FF0FF34EBE70023F0B587B00646A3
S31508018A600F4614460593FFF79DFF18BB16B364B36B
S31508018A70A56925B16B1E372B02D907B0F0BD18259C
S31508018A806368DB0731D46369B3B19A082168D4E90D
S31508018A9002C0BCF1000F11D05F280BD9206948B17B
S31508018AA043B1013DCDE9010C3B463046009500F046
S31508018AB018FE05900598E0E7A022E7E70028F9D116
S31508018AC02369002BF6D10C4601E01825A02205AB37
S31508018AD0013D019321463B463046009500F0D3FD02
S31508018AE001281CBF00230593E4E70020C5E7FFF72B
S31508018AF0BDBB38B50546FFF755FF044650B965B104
S31508018B002846FFF7F7F804280AD02846FFF7A6F8FB
S31508018B10204638BD6FF00500FBE76FF00300F8E764
S31508018B206FF00200F5E770B50546FFF73BFF10B198
S31508018B300024204670BD1DB36E683307F8D4D5E905
S31508018B40021306F0010691B14F2BF1D9B6B10420F3
S31508018B5000F028FD04460028EAD0296811B120460C
S31508018B60FEF73AFF002EE4D044F00104E1E7002BBA
S31508018B70DED12EB1042000F0D7FCEBE70120E7E7B0
S31508018B80012000F0D1FC04460028D1D0002DD0D018
S31508018B900026E2E7F8B505460C4620F0010600F086
S31508018BA00107FFF7FFFEA0B9012D15D92146304669
S31508018BB067B100F003FC012801D10020F8BD002CA3
S31508018BC014BF6FF001006FF00200F7E700F063FBD6
S31508018BD0F1E76FF00500F1E76FF00300EEE770B516
S31508018BE0044620F0010500F00106FFF7DBFE90B907
S31508018BF0012C13D946B1284600F0F4FB01280CBF15
S31508018C0000206FF0020070BD3346324631462846D1
S31508018C1000F0FEF9F2E76FF00500F4E76FF00300E4
S31508018C20F1E7012810B50ED920F00104FFF7BAFEC5
S31508018C3020B12046BDE8104000F0BABB2046BDE889
S31508018C40104000F0A8BB002010BD70B5054620F005
S31508018C500106FFF7A7FE044648B9012D0AD9304691
S31508018C60FEF7D8FE304600F0D2FB204670BD6FF005
S31508018C700500FBE76FF00300F8E773B504460E46F7
S31508018C801546FFF78FFE40B93CB1B44205D355B13D
S31508018C90D5E902322BB14F2A25D80024204602B045
S31508018CA070BD002AF9D1012C08D02046314600F0C2
S31508018CB046FC04460028F0D075B9EFE703220021E7
S31508018CC0012000F007FC17E020461A46314600F05D
S31508018CD077FC04460028E0D029680029DED0204622
S31508018CE0FEF77AFEDAE7012CEED10322014600925D
S31508018CF00246204600F031FC04460028CDD0002E5D
S31508018D00DAD000231A46194600F082F90128D3D091
S31508018D10204600F07CFBC0E737B50C46054618B976
S31508018D206FF0030003B030BDFFF73CFEB8B1002C6D
S31508018D30F6D12146284601AA019400F078FA0128BD
S31508018D4002D06FF00200EDE7019B0BB90020E9E7BD
S31508018D504FF0E0234FF08052C3F8042DF6E7214681
S31508018D60284600F098FA0128F0D0002CE9D06FF0D7
S31508018D700100D7E713B5044608B3FFF713FE034608
S31508018D80A8B10023204601A9019300F022FA01287F
S31508018D9003D06FF0020002B010BD019B2BB14FF05A
S31508018DA0E0234FF08052C3F8042D0020F3E7024672
S31508018DB00146204600F02CF90128F6D0E9E76FF0C4
S31508018DC00300E8E74FF0FF3200F10803C0E9022388
S31508018DD04360036100230360704700230361704702
S31508018DE030B50C68631C0AD103695A684A609160F8
S31508018DF08B605960036808610133036030BD00F177
S31508018E000802134652681568A542FAD9EDE7436880
S31508018E109A684B608A6051609960036808610133FA
S31508018E20036070470369D0E901128A605160596885
S31508018E30814208BF5A600022026118680138186029
S31508018E4070474FF0E0234FF08052C3F8042DBFF36B
S31508018E504F8FBFF36F8F704710B500F025F80446A2
S31508018E60FEF7E0FF28B14FF0E0234FF08052C3F838
S31508018E70042D2046BDE8104000F021B8836913F897
S31508018E80023C662B0FD14FF0E023D3F8882D42F42C
S31508018E907002C3F8882DD3F8342F42F04042C3F844
S31508018EA0342FFEF739BD7047EFF311804FF03001CB
S31508018EB081F31188BFF34F8FBFF36F8F704780F32C
S31508018EC01188BFF34F8FBFF36F8F704710B50446F4
S31508018ED0FEF794FF2046FCF7D8FD0446FFF758F83D
S31508018EE0204610BD10B5044640B1FEF787FF20465F
S31508018EF000F0EBFDBDE81040FFF74AB810BD70B5AC
S31508018F000446FEF7EFFC94F8455004F124066DB2C9
S31508018F10002D01DD636AB3B9FF2384F84530FEF7F6
S31508018F20EFFCFEF7DFFC94F8445004F110066DB22D
S31508018F30002D01DD23697BB9FF2384F84430BDE8A0
S31508018F407040FEF7DDBC3046FFF7F0F808B1FFF7D1
S31508018F5093F9013D6DB2DBE73046FFF7E7F808B153
S31508018F60FFF78AF9013D6DB2E2E710B50446FEF74F
S31508018F70B9FCA46BFEF7C4FCB4FA84F0400910BD31
S31508018F8070B51646026C0446856B42B906689EB9E9
S31508018F908068FFF7CDF9A6600135A56370BD6EB986
S31508018FA04068FDF756FD6368226C1344A268636046
S31508018FB0934224BF236863600020EDE7C068FDF78C
S31508018FC048FD226CE36851429B1A2268E36093428A
S31508018FD03EBFA3685B18E360022EEDD10DB1013DDA
S31508018FE0EAE72846D8E703461A6C084610B462B180
S31508018FF0DC68A1189C68D960A14228BF19685DF888
S31508019000044B28BFD960FDF724BD5DF8044B7047B2
S315080190102DE9FF41002704460E461D460192B84632
S31508019020FFF730F9FEF75EFCA26BE36B9A4213D2A7
S315080190302A4631462046FFF7A3FF636A1BB104F1AE
S315080190402400FFF773F808B1FFF7FBFEFEF758FC9B
S31508019050012004B0BDE8F081022DE9D0019B1BB9BE
S31508019060FEF74EFC0020F4E717B902A8FFF7DEF970
S31508019070FEF746FCFEF7C2FEFEF734FC94F84430D0
S31508019080FF2B08BF84F8448094F84530FF2B08BFAE
S3150801909084F84580FEF734FC01A902A8FFF7D2F946
S315080190A0F0B9FEF71FFCA26BE36B9A420FD1FEF7EC
S315080190B027FC019904F11000FFF706F82046FFF78F
S315080190C01EFFFEF765FF48B9FFF7BBFE06E0FEF790
S315080190D017FC2046FFF713FFFEF75AFF0127A1E702
S315080190E02046FFF70CFFFEF753FFBBE738B1002315
S315080190F01A46194683600360C360FFF789BF704744
S315080191002DE9FF41002704460E460192B846FFF7AE
S31508019110B9F8FEF7E7FBA56BA5B131462046FFF77F
S3150801912062FF2369013DA56333B104F11000FEF71F
S31508019130FDFF08B1FFF785FEFEF7E2FB012004B04B
S31508019140BDE8F081019B1BB9FEF7DAFB0020F6E7C3
S3150801915017B902A8FFF76AF9FEF7D2FBFEF74EFE2A
S31508019160FEF7C0FB94F84430FF2B08BF84F844800F
S3150801917094F84530FF2B08BF84F84580FEF7C0FBFD
S3150801918001A902A8FFF75EF9C0B92046FFF7EDFE6F
S3150801919070B1019904F12400FEF796FF2046FFF706
S315080191A0AEFEFEF7F5FE08B9FFF74BFE0127B0E75D
S315080191B02046FFF7A4FEFEF7EBFEF7E72046FFF78A
S315080191C09EFEFEF7E5FE2046FFF7CFFE0028EDD00E
S315080191D0BCE7F8B504460E46EDF750FAFFF764FE0C
S315080191E0A36BE26B07469A421FD994F845200133CF
S315080191F0FF2A55B2A3630FD1636A3BB104F1240078
S31508019200FEF794FF10B10EB10123336001243846ED
S31508019210FFF755FE2046F8BDFEF7FEFD8542F5D25D
S3150801922001356DB284F84550F0E70024EFE72DE9E2
S31508019230F843044689469046EDF720FAFFF734FECF
S31508019240A66B0746C6B194F84450494620466DB206
S31508019250FFF7C9FE013E6B1CA66313D1236953B1FF
S3150801926004F11000FEF762FF28B1B8F1000F02D031
S315080192700123C8F8003001263846FFF720FE30469C
S31508019280BDE8F883FEF7C8FD8542F4D201356DB213
S3150801929084F84450EFE7F0B5002585B004460191FE
S315080192A02E46FEF7EFFF2F46FEF71CFBA36BA3B175
S315080192B0013BA363236813B9FFF7AEF8A0602369DE
S315080192C033B104F11000FEF731FF08B1FFF7B9FD1C
S315080192D0FEF716FB012005B0F0BD019B1BB9FEF791
S315080192E00FFB0020F7E716B902A8FFF79FF8FEF76C
S315080192F007FBFEF783FDFEF7F5FA94F84430FF2BDA
S3150801930008BF84F8447094F84530FF2B08BF84F8E9
S315080193104570FEF7F5FA01A902A8FFF793F810BB05
S315080193202046FFF722FEC0B123683BB9FEF7DAFAF9
S31508019330A068FEF7B7FF0546FEF7E2FA019904F1C0
S315080193402400FEF7C1FE2046FFF7D9FDFEF720FEF1
S3150801935008B9FFF776FD0126A6E72046FFF7CFFDF8
S31508019360FEF716FEF7E72046FFF7C9FDFEF710FEE2
S315080193702046FFF7FAFD0028EDD0002DB1D0FEF703
S31508019380B1FA616A19B1236B1968C1F13801A0688C
S31508019390FFF704F8A3E710B50446FEF7A3FA236816
S315080193A023B9A468FEF7ACFA204610BD0024F9E7F4
S315080193B003680BB9806870470020704770B58668E6
S315080193C004460D46FEF752FF864204D1E3680120A2
S315080193D00133E36005E029462046FFF75CFF0028D4
S315080193E0F4D170BD38B585680446FEF73FFF85425E
S315080193F00BD1E368013BE3600BB1012038BD1A4686
S3150801940019462046FFF704FEF7E70020F6E710B5F0
S31508019410FEF700FB90F846301BB9BDE81040FFF790
S3150801942061BD10BD70B504460D461646FEF75AFADB
S3150801943094F84430FF2B04BF002384F8443094F891
S315080194404530FF2B04BF002384F84530FEF758FA50
S31508019450A36B2BB93246294604F12400FEF744FED4
S315080194602046BDE87040FFF74ABD70B50E46044672
S3150801947010B3C06B00B3236CA3FB0035DDB9FEF74F
S3150801948031FAD4E90F314B432268A563D0185B1A28
S3150801949062601A44FF23A06084F84430E26084F8CD
S315080194A0453056B104F11000FFF78CFC04F1240095
S315080194B0FFF788FC0AE0002070BD236933B104F187
S315080194C01000FEF733FE08B1FFF7BBFCFEF718FAEA
S315080194D00120F1E72DE9F0410D461746064618B970
S315080194E000242046BDE8F081A1FB0038B8F1000F41
S315080194F0F6D1484310F1510FF2D85030FFF7E6FC88
S3150801950004460028ECD080F846805DB100F150038E
S3150801951001212046C4E90F652360FFF7A6FF84F8F9
S315080195204C70DEE70346F3E7024610B50021012039
S31508019530FFF7D0FF0446FFF7D9FD204610BD10B549
S315080195400C4640B1884206D302220021FFF7C2FF2A
S3150801955000B1846310BD0020FCE737B50D461C46F3
S31508019560E0B113B122B121B90C46204603B030BD92
S31508019570B1B950230121002D08BF22460193C4E940
S315080195800F0584F8461020462260019B019BFFF7D0
S315080195906CFF9DF8183084F84C30E6E70446E4E79A
S315080195A01446E2E7002213B50B4600901146012046
S315080195B0FFF7D3FF0446FFF799FD204602B010BD19
S315080195C037B513460D4658B1884209D3022200928F
S315080195D000221146FFF7C1FF00B1856303B030BD14
S315080195E00020FBE710B590F85D3004463BB9006BE7
S315080195F0FFF778FC2046BDE81040FFF773BC012B46
S31508019600F9D010BD2DE9F8430D46DDE90994960018
S3150801961032460746A521206B9846FDF7B3F9236B19
S31508019620043E1E4426F007066DB16B1E04F1330293
S31508019630093513F8011F02F8011F09B1AB42F8D128
S31508019640002384F83D30089D201D372D28BF372576
S31508019650E562A564FFF7C1FBC5F1380504F11800F9
S31508019660FFF7BBFB43463A463046216B2461A561A9
S315080196706462FEF79BF82060B9F1000F01D0C9F8C2
S315080196800040BDE8F8832DE9F043074685B0900010
S31508019690884616469946FFF719FC0546F0B160203B
S315080196A0FFF714FC0446B0B160220021FDF76AF900
S315080196B00D9B256301930C9B324641463846009320
S315080196C002944B46FFF79EFF2046FEF73BFA012020
S315080196D005B0BDE8F0832846FFF704FC4FF0FF30DC
S315080196E0F6E72DE9F043174660220E46002187B0BA
S315080196F005929846DDE90F94059B0546059B04915D
S31508019700C4B1B9F1000F15D02046FDF73BF9022384
S3150801971084F85D3004ABC4F8309001930E9B28465B
S3150801972000933A46434631460294FFF76BFF2046BB
S31508019730FEF708FA049807B0BDE8F08370B5044649
S315080197400D461646A1692B46324620462944FEF7A0
S31508019750ADFE00B970BDA36920461D44236A98472A
S31508019760F0E710B962B6BFF36F8F7047EFF3108059
S3150801977072B6704780F31188BFF36F8F7047EFF3A6
S315080197801180302383F311887047EFF31083DB07C9
S3150801979006D4EFF311802F2894BF002001207047CB
S315080197A001207047002070474FF4004070474FF47E
S315080197B07A707047B0F5802F24D010D8B0F5003FE5
S315080197C022D006D828B3B0F5803F14BF012048201F
S315080197D07047B0F5403F14BF01202C207047B0F503
S315080197E0302F13D008D8B0F5E02F11D0B0F5202FBF
S315080197F014BF012010207047B0F57F0F14BF012058
S31508019800062070474B2070472A2070471120704761
S315080198102120704708B528B128220021FDF7B2F8A2
S31508019820002008BD2120FCE7036A042B9FBF00EB3B
S3150801983083020133D16003627047036A052B14D88A
S315080198404FF09842116CC902FCD504339B0013658D
S315080198500168103B11604168116050F8081F1160DA
S315080198604FF098420344984200D1704750F8041FBC
S315080198701160F8E7836882B013B9816002B0704756
S3150801988083680193019B5B68012B019B01D1596098
S31508019890F4E75B68F5E770B50546A8B1FFF766FF1B
S315080198A00646286EFFF7BDF9044640B1FFF71FF9D2
S315080198B0844209BF6C6D0124E44304F00104304677
S315080198C0FFF74FFF204670BD0124FBE738B50D466B
S315080198D00446B8B1FDF726FF02280FD1FFF755FF59
S315080198E020B12046BDE83840FFF7D5BF2946206E8E
S315080198F0FFF750F9003818BF012038BD0328F0D00A
S315080199000020FAE70120F8E710B50446B0B1FDF7E3
S3150801991009FF02280ED1FFF738FF20B12046BDE81E
S315080199201040FFF7B8BF206EFFF759F9003818BF86
S31508019930012010BD0328F1D00020FAE70120F8E73D
S315080199402DE9F74F0D46002900F0B9800846FFF7C3
S3150801995019F80446D0E90578FFF711FF15F808EC60
S3150801996035F8061C1EF0010F019000D031B9019897
S31508019970FFF700FF012003B0BDE8F08FA668D4F811
S3150801998010A035F8049CA6EBC1060AF10103A5F15E
S31508019990080C4A1CA6602361B9F1000F00F0858006
S315080199A04FEAC9031846ACEBC90393F800B00EF0A9
S315080199B0020E1BF0010F69D1BEF1000F69D1B3F890
S315080199C00290B3F806E0AEEB090EBEF1010F6CD1B9
S315080199D08A1C083E4A44C4F810A0A66035F802EC71
S315080199E0BEF1000F65D0D4E900600CEBCE0A06EB98
S315080199F00009CA455DD21CF83EC056461CF0010C4A
S31508019A0015D1AEEB0101012911D1BAF80210AAF854
S31508019A1002C001310A44BAF80610002947D00AEBF8
S31508019A20C106216901392161A1680839A16015F8C2
S31508019A30081C013A21F0010105F8081C002125F846
S31508019A40061C5A801A7861F300021A709EB3C3F194
S31508019A5007023244C2F3CF02DA80B2806FB3BB4247
S31508019A602BD37A88002A08BF1F46B8F1000F06D003
S31508019A70434504D8B8F80220002A18BF434601987E
S31508019A80C4E90573FFF776FE002074E7BEF1000FFF
S31508019A900BD0361AA66015F8086C4A4426F0020659
S31508019AA005F8086C00269E8098E7634696E70E46F9
S31508019AB0B7E70026BBE7DE80D0E71F46D5E72220B9
S31508019AC059E701460020FFF73BBFFFF7FABF000041
S31508019AD00000000000000000000000000000000077
S31508019AE0F8B500BFF8BC08BC9E467047F8B500BF7C
S31508019AF0F8BC08BC9E4670475FF800F0BD210020FF
S31508019B005FF800F01921002013B779FAC925DDB7E6
S31508019B10ADF3CFE0F1B614B8010200000000000071
S31508019B20FFFFFFFF10000000010000000000000019
S31508019B300000000000000000000000000000000016
S31508019B400000000000000000000000000000000006
S31508019B50000000000000000049444C4500546D72A5
S31508019B605100546D7220537663002A864886F70D94
S31508019B70020700686D61635348413100484D41430E
S31508019B802D5348412D31002A864886F70D020800D3
S31508019B90686D616353484132323400484D41432D63
S31508019BA05348412D323234002A864886F70D020978
S31508019BB000686D616353484132353600484D41436B
S31508019BC02D5348412D323536002A864886F70D022F
S31508019BD00A00686D616353484133383400484D4182
S31508019BE0432D5348412D333834002A864886F70DCC
S31508019BF0020B00686D616353484135313200484DA7
S31508019C0041432D5348412D353132002B0E03021A9B
S31508019C100069642D73686131006086480165030433
S31508019C2002040069642D7368613232340060864823
S31508019C300165030402010069642D736861323536D2
S31508019C40006086480165030402020069642D736891
S31508019C5061333834006086480165030402030069EC
S31508019C60642D736861353132002B0E0302070064D7
S31508019C706573434243004445532D434243002A86B4
S31508019C804886F70D0307006465732D656465332DF2
S31508019C90636263004445532D454445332D4342438E
S31508019CA0006086480165030401020061657331326B
S31508019CB0382D636263004145533132382D4342439F
S31508019CC00060864801650304011600616573313930
S31508019CD0322D636263004145533139322D43424384
S31508019CE00060864801650304012A006165733235FF
S31508019CF0362D636263004145533235362D4342435F
S31508019D00002A8648CE3D0301070073656370323524
S31508019D10367231002A864886F70D010101007273F1
S31508019D2061456E6372797074696F6E0052534100B2
S31508019D302A8648CE3D02010069642D656350756225
S31508019D406C69634B65790047656E65726963204581
S31508019D5043206B6579002B8104010C0069642D652C
S31508019D60634448004543206B657920666F72204538
S31508019D70434448002A8648CE3D040100656364735E
S31508019D80612D776974682D53484131004543445321
S31508019D904120776974682053484131002A8648CEA4
S31508019DA03D0403010065636473612D776974682D49
S31508019DB0534841323234004543445341207769744C
S31508019DC06820534841323234002A8648CE3D04037E
S31508019DD0020065636473612D776974682D53484180
S31508019DE03235360045434453412077697468205318
S31508019DF04841323536002A8648CE3D0403030065BC
S31508019E00636473612D776974682D53484133383417
S31508019E1000454344534120776974682053484133C8
S31508019E203834002A8648CE3D04030400656364730A
S31508019E30612D776974682D534841353132004543A0
S31508019E4044534120776974682053484135313200BB
S31508019E50616E79506F6C69637900416E7920506F34
S31508019E606C696379002B060105050703010069641E
S31508019E702D6B702D73657276657241757468005421
S31508019E804C53205765622053657276657220417579
S31508019E907468656E7469636174696F6E002B060177
S31508019EA005050703020069642D6B702D636C6965EE
S31508019EB06E744175746800544C532057656220438B
S31508019EC06C69656E742041757468656E7469636141
S31508019ED074696F6E002B06010505070303006964A3
S31508019EE02D6B702D636F64655369676E696E6700C4
S31508019EF0436F6465205369676E696E67002B0601B7
S31508019F0005050703040069642D6B702D656D61698C
S31508019F106C50726F74656374696F6E00452D6D615F
S31508019F20696C2050726F74656374696F6E002B06D5
S31508019F300105050703080069642D6B702D74696DA9
S31508019F40655374616D70696E670054696D65205358
S31508019F5074616D70696E67002B06010505070309B3
S31508019F600069642D6B702D4F4353505369676E69B1
S31508019F706E67004F435350205369676E696E6700D9
S31508019F802B0601040182E425010069642D6B702DFD
S31508019F90776973756E2D66616E2D6465766963657D
S31508019FA00057692D53554E20416C6C69616E636586
S31508019FB0204669656C642041726561204E65747737
S31508019FC06F726B202846414E2900551D130069649E
S31508019FD02D63652D6261736963436F6E7374726174
S31508019FE0696E747300426173696320436F6E73749B
S31508019FF07261696E747300551D0F0069642D63657E
S3150801A0002D6B6579557361676500551D2500696472
S3150801A0102D63652D6578744B6579557361676500A0
S3150801A020457874656E646564204B6579205573615E
S3150801A030676500551D110069642D63652D73756289
S3150801A0406A656374416C744E616D65005375626A25
S3150801A05065637420416C74204E616D6500608648A5
S3150801A0600186F84201010069642D6E6574736361A6
S3150801A07070652D6365727474797065004E657473C5
S3150801A08063617065204365727469666963617465A5
S3150801A090205479706500551D200069642D63652D6E
S3150801A0A06365727469666963617465506F6C696327
S3150801A0B069657300436572746966696361746520CD
S3150801A0C0506F6C696369657300551D0E0069642DCF
S3150801A0D063652D7375626A6563744B657949646551
S3150801A0E06E746966696572005375626A6563742080
S3150801A0F04B6579204964656E7469666965720055B0
S3150801A1001D230069642D63652D617574686F726915
S3150801A11074794B65794964656E7469666965720017
S3150801A120417574686F72697479204B657920496441
S3150801A130656E746966696572005504030069642D64
S3150801A14061742D636F6D6D6F6E4E616D6500436F42
S3150801A1506D6D6F6E204E616D6500434E00550406A8
S3150801A1600069642D61742D636F756E7472794E6121
S3150801A1706D6500436F756E74727900550407006941
S3150801A180642D61742D6C6F63616C697479004C6F11
S3150801A19063616C697479005504080069642D6174FA
S3150801A1A02D737461746500537461746500535400AA
S3150801A1B055040A0069642D61742D6F7267616E69B1
S3150801A1C07A6174696F6E4E616D65004F7267616E73
S3150801A1D0697A6174696F6E004F0055040B006964F2
S3150801A1E02D61742D6F7267616E697A6174696F6E1C
S3150801A1F0616C556E69744E616D65004F72672055C5
S3150801A2006E6974004F55002A864886F70D010901C3
S3150801A21000656D61696C4164647265737300452DEF
S3150801A2206D61696C20616464726573730055040518
S3150801A2300069642D61742D73657269616C4E756D63
S3150801A2406265720053657269616C206E756D62652F
S3150801A25072005504100069642D61742D706F737452
S3150801A260616C4164647265737300506F7374616CD9
S3150801A2702061646472657373005504110069642D65
S3150801A28061742D706F7374616C436F646500506FF0
S3150801A2907374616C20636F64650055040400696416
S3150801A2A02D61742D7375724E616D65005375726EED
S3150801A2B0616D6500534E0055042A0069642D617469
S3150801A2C02D676976656E4E616D6500476976656EBF
S3150801A2D0206E616D6500474E0055042B0069642D9B
S3150801A2E061742D696E697469616C7300496E69746C
S3150801A2F069616C730055042C0069642D61742D67BE
S3150801A300656E65726174696F6E5175616C696669AE
S3150801A31065720047656E65726174696F6E20717545
S3150801A320616C69666965720055040C0069642D6182
S3150801A330742D7469746C65005469746C65005504F0
S3150801A3402E0069642D61742D646E5175616C6966A0
S3150801A3506965720044697374696E677569736865BE
S3150801A36064204E616D65207175616C6966696572F7
S3150801A370005504410069642D61742D707365756417
S3150801A3806F6E796D0050736575646F6E796D00092E
S3150801A39092268993F22C6401010069642D7569641A
S3150801A3A00055736572204964000992268993F22C37
S3150801A3B06401190069642D646F6D61696E436F6D7F
S3150801A3C0706F6E656E7400446F6D61696E20636FA0
S3150801A3D06D706F6E656E740044430055042D0069F7
S3150801A3E0642D61742D756E697175654964656E7440
S3150801A3F0696669657200556E697175652049646596
S3150801A4006E746966696572004F706171756500459C
S3150801A410434453410045435F444800454300202CCB
S3150801A4203D2B3C3E233B225C0052007374617465EC
S3150801A4304F7250726F76696E63654E616D65002A5B
S3150801A440864886F70D01090E002D2D2D2D2D454E19
S3150801A45044204345525449464943415445205245AF
S3150801A46051554553542D2D2D2D2D0A002D2D2D2DAC
S3150801A4702D424547494E2043455254494649434191
S3150801A480544520524551554553542D2D2D2D2D0AF0
S3150801A49000C1059ED8367CD5073070DD17F70E59F1
S3150801A4A039FFC00B316858151164F98FA7BEFA4FE9
S3150801A4B0A4006A09E667BB67AE853C6EF372A54FD1
S3150801A4C0F53A510E527F9B05688C1F83D9AB5BE029
S3150801A4D0CD1900CBBB9D5DC1059ED8629A292A3646
S3150801A4E07CD5079159015A3070DD17152FECD8F72D
S3150801A4F00E593967332667FFC00B318EB44A876810
S3150801A500581511DB0C2E0D64F98FA747B5481DBEEA
S3150801A510FA4FA4006A09E667F3BCC908BB67AE85AA
S3150801A52084CAA73B3C6EF372FE94F82BA54FF53A05
S3150801A5305F1D36F1510E527FADE682D19B05688CBF
S3150801A5402B3E6C1F1F83D9ABFB41BD6B5BE0CD195D
S3150801A550137E217900727474005465726D696E6197
S3150801A5606C0076616C7565203C3D206B4D617844C5
S3150801A57069736372696D696E61746F7256616C7520
S3150801A5806500544553545F56455253494F4E00256D
S3150801A590732C20616464723A3078253036782B251D
S3150801A5A03033752C2073697A653A257500476574C9
S3150801A5B043657274696669636174696F6E4465633C
S3150801A5C06C61726174696F6E0047657450726F646D
S3150801A5D07563744174746573746174696F6E496ED9
S3150801A5E07465726D65646961746543657274004763
S3150801A5F065744465766963654174746573746174D9
S3150801A600696F6E43657274002530345800233043F0
S3150801A61030342530325825303258253032582530D5
S3150801A6203258004D617474657220446576696365B4
S3150801A63000434E3D25732C20312E332E362E312ED6
S3150801A640342E312E33373234342E322E313D2573A2
S3150801A6502C20312E332E362E312E342E312E3337F1
S3150801A6603234342E322E323D257300252E3473258D
S3150801A6702E3273252E3273005531424253305579A5
S3150801A6805543424C5A586B675532467364413D3DB2
S3150801A6900075574677717567444E476945636B2F51
S3150801A6A0706F374B4877774D7777715A674E3130E8
S3150801A6B058757942616A504775797A5545562F69B1
S3150801A6C0726565346C4F72616F354775776E6C517B
S3150801A6D03635434A7A6265554234397333314548CA
S3150801A6E02B4E456B67304A5649354D474351474DC1
S3150801A6F04D542F535250464E524F446D3377482F7F
S3150801A7004D4269656875466336464A2F4E48365244
S3150801A7106D7A773D3D0025733A25642066616C7331
S3150801A720653A20256C780041424F52543A206368B5
S3150801A73069703A3A506C6174666F726D3A3A25736C
S3150801A74028292063616C6C6564206265666F726591
S3150801A75020636869703A3A506C6174666F726D3A33
S3150801A7603A4D656D6F7279496E697428290A0041F7
S3150801A770424F52543A20636869703A3A506C617490
S3150801A780666F726D3A3A4D656D6F7279496E697485
S3150801A79028292063616C6C65642074776963652E6A
S3150801A7A00A004D656D6F7279416C6C6F63004D657A
S3150801A7B06D6F727946726565004661696C656420DC
S3150801A7C0746F20696D706F72742061206B657920D2
S3150801A7D06572726F723A256C640A0050726F7669F7
S3150801A7E073696F6E205461736B00232D302B200023
S3150801A7F0686C4C006566674546470030313233342C
S3150801A80035363738394142434445460030313233CB
S3150801A8103435363738396162636465660025640004
S3150801A8203030303030303030000000003700000062
S3150801A830512563FCC2CAB9F3849E17A7ADFAE6BCD3
S3150801A840FFFFFFFFFFFFFFFF00000000FFFFFFFF05
S3150801A850F551BF376840B6CBCE5E316B5733CE2B39
S3150801A860169E0F7C4AEBE78E9B7F1AFEE242E34F68
S3150801A87096C298D84539A1F4A033EB2D817D03778B
S3150801A880F240A463E5E6BCF847422CE1F2D1176B26
S3150801A8904B60D2273E3CCE3BF6B053CCB0061D6585
S3150801A8A0BC86987655BDEBB3E7933AAAD835C65A0E
S3150801A8B0FFFFFFFFFFFFFFFFFFFFFFFF0000000095
S3150801A8C0000000000000000001000000FFFFFFFF7C
S3150801A8D001000000FCA801080000000000000000BB
S3150801A8E0F9A80108F6A80108F3A80108F0A80108C3
S3150801A8F00B40800A3080092040081C40051440009E
S3150801A900019D0108080000000A9D01080A9D010829
S3150801A9100300000000000000000000000000000025
S3150801A9200000000000000000149D01080900000055
S3150801A9301E9D01082C9D010801000000309D01089B
S3150801A94007000000389D0108479D01080200000024
S3150801A950569D0108050000005C9D0108649D0108DB
S3150801A96003000000000000000000000000000000D5
S3150801A9700000000000000000749D010807000000A7
S3150801A9807C9D01088C9D0108050400009C9D010819
S3150801A99008000000A59D0108B79D010808040000EC
S3150801A9A0C99D010808000000D29D0108E49D01081F
S3150801A9B009040000F69D010808000000FF9D010832
S3150801A9C0119E01080A040000239E010808000000E0
S3150801A9D02C9E01083E9E01080B04000000000000A1
S3150801A9E00000000000000000000000000000000058
S3150801A9F00700000008A40108B7220108AB220108D4
S3150801AA000000000095790008000000000000000021
S3150801AA100000000000000000000000000000000027
S3150801AA200700000008A40108B72201089B220108B3
S3150801AA30097B0008E522010800000000000000006B
S3150801AA40857B0008000000000000000000000000EF
S3150801AA508569010810141400101C2030401C2000C0
S3150801AA60001C2030400000000000000010141400F3
S3150801AA70101C2030401C2000001C2030405053413F
S3150801AA80004B45590000000000007BFF80B079FFAC
S3150801AA9080B078FF80B176FF00B16CFF00B36BFF21
S3150801AAA000B200005AA101080200000039A10108FC
S3150801AAB00C00000043A101080A00000039A10108A1
S3150801AAC00C000000DF9C0108010000005DA10108DF
S3150801AAD01300000067A101080B0000005DA1010831
S3150801AAE013000000D8A1010801000000B0A1010867
S3150801AAF00C000000BAA1010810000000B0A101086D
S3150801AB000C000000F2A70108010000007BA1010862
S3150801AB100C00000085A10108080000007BA10108BE
S3150801AB200C00000029A401080100000007A2010881
S3150801AB301600000004A2010802000000DAA10108BB
S3150801AB400C000000E4A1010816000000DAA10108C2
S3150801AB500C000000ADA101080200000097A1010840
S3150801AB600C0000002BA401081300000097A101089E
S3150801AB700C00000011A201080C00000007A2010840
S3150801AB801600000037A201080C0000002DA20108DA
S3150801AB90130000005CA201080D00000052A2010882
S3150801ABA01300000083A201080A00000079A2010827
S3150801ABB01300000048A301080B0000003EA301088A
S3150801ABC01300000032A301080500000028A30108AC
S3150801ABD00C000000A4A20108070000009AA20108BF
S3150801ABE00C000000B4A20108020000009AA20108A4
S3150801ABF00C000000C1A2010809000000B7A2010863
S3150801AC000C000000D6A2010802000000B7A2010844
S3150801AC100C000000E3A2010808000000D9A20108FF
S3150801AC200C0000007BA301080900000071A30108BC
S3150801AC300C000000FFA2010813000000F5A201089C
S3150801AC400C000000B7A301080F000000A9A3010822
S3150801AC5016000000D8A3010802000000A9A30108F4
S3150801AC6016000000000000000000000000000000BF
S3150801AC70050000007F4301087B4301085943010889
S3150801AC8027430108B74301088943010829430108F5
S3150801AC902C00000002020203000000141C203040B0
S3150801ACA067452301EFCDAB8998BADCFE103254769D
S3150801ACB0C3D2E1F00000000000000000000000001F
S3150801ACC000000000000000008D92928C8C8B8BFF97
S3150801ACD0FFFFFF00000000FFFFFFFFFFFFFFFFBCB4
S3150801ACE0E6FAADA7179E84F3B9CAC2FC63255101DA
S3150801ACF0031001010903000000000000545452200A
S3150801AD005245474745530000000000000000000077
S3150801AD10B5600108C7600108EDD30008ADD4000885
S3150801AD2005D40008CDD400081DD4000835D4000880
S3150801AD304DD4000865D40008EDD40008A1D5000853
S3150801AD407DD4000809D5000865D5000845D5000851
S3150801AD5089D4000895D4000821D50008E7600108C0
S3150801AD60CDD60008E5D60008FDD60008A1D400080E
S3150801AD70E9D5000839D50008C3600108E1DD0008F6
S3150801AD8047630108BDDE00082F630108D5DD000809
S3150801AD903763010835DF0008CDDF00086D6101085A
S3150801ADA0FCFFFFFF00000000B7600108E160010831
S3150801ADB0FD60010825610108056101082D61010889
S3150801ADC01D610108156101080D610108F560010899
S3150801ADD03F630108B5630108356101084D61010842
S3150801ADE0BD6301089B6001089F600108A360010813
S3150801ADF0A7600108AF600108DDD30008F4FFFFFF73
S3150801AE0000000000BB600108DB600108456101081C
S3150801AE10336301083D610108C5630108CD63010873
S3150801AE20276301083B630108F0FFFFFF00000000EC
S3150801AE30BF600108D560010855610108ED60010888
S3150801AE4065610108FB6301085D6101080964010880
S3150801AE50DD63010897600108176401088361010829
S3150801AE60040004002D002D00000000000000000071
S3150801AE708B6101089F6101084DD70008D1D70008E9
S3150801AE8059D70008DDD7000865D7000871D700082B
S3150801AE907DD7000889D70008E9D7000895D70008A3
S3150801AEA0A1D7000801D80008F5D7000819D8000865
S3150801AEB0ADD70008B9D700080DD800088D6101087B
S3150801AEC0BDD90008A9D9000895D90008C5D7000831
S3150801AED079D8000831D80008D1D900089561010848
S3150801AEE025D8000855D8000861D800086DD800088B
S3150801AEF0916101080000000000000000AD61010831
S3150801AF00B3610108C1610108F561010829620108F7
S3150801AF10AF6101080000000000000000536201084B
S3150801AF205562010863620108E3620108B1DC0008A1
S3150801AF30BD6201086DDA000800000000000000008B
S3150801AF401763010819630108BDDD000841DD000822
S3150801AF500F6301080F6301080F6301080F630108F6
S3150801AF6013630108136301088DDD000859DD000824
S3150801AF7000112233445566778899AABBCCDDEEFFCA
S3150801AF800000000000000000EB630108ED63010802
S3150801AF90D5630108D5630108D5630108FB63010878
S3150801AFA0D563010809640108DD6301089760010892
S3150801AFB017640108D96301082D000000494E0000F5
S3150801AFC0424C45004D4C0000534D0000454D0000D4
S3150801AFD0544C560041534E004352000043544C0012
S3150801AFE0414C00005343000042445800444D470079
S3150801AFF044430000444400004543480046500000CD
S3150801B0004E5000005344000053500000535755005A
S3150801B01046530000545300004842000043534C0075
S3150801B02045564C0053505400544F4F005A434C0058
S3150801B03053480000444C000053504C0053565200EC
S3150801B04044495300494D0000545354004F5353008B
S3150801B05041544D0043534D004943440046530000B3
S3150801B0605041460043414D004A4600000000000099
S3150801B07000000000000000000000000000000000C1
S3150801B08000000000000000000000000000000000B1
S3150801B09000000000000000000000000000000000A1
S3150801B0A00000000000000000000000000000000091
S3150801B0B0000000000000000029660108D9650108A2
S3150801B0C0DD650108E1650108FD650108E565010819
S3150801B0D0E7650108EB650108ED650108F1650108F9
S3150801B0E0F5650108436601080D6601081966010838
S3150801B0F0F96501083F66010811E200081DE200082A
S3150801B1000020202020202020202028282828282028
S3150801B1102020202020202020202020202020202020
S3150801B1202088101010101010101010101010101088
S3150801B1301004040404040404040404101010101078
S3150801B1401010414141414141010101010101010142
S3150801B1500101010101010101010101011010101094
S3150801B1601010424242424242020202020202020214
S3150801B1700202020202020202020202021010101068
S3150801B1802000000000000000000000000000000090
S3150801B19000000000000000000000000000000000A0
S3150801B1A00000000000000000000000000000000090
S3150801B1B00000000000000000000000000000000080
S3150801B1C00000000000000000000000000000000070
S3150801B1D00000000000000000000000000000000060
S3150801B1E00000000000000000000000000000000050
S3150801B1F00000000000000000000000000000000040
S3150801B200000000000000000000000000D76D0108E2
S3150801B210776F010869FB00080000000000000000C4
S3150801B220D56D01083F6F01087DF80008CB6D01084F
S3150801B230B5F90008FDF80008F9F90008D96D010803
S3150801B2400000000000000000D36D01084D6F0108E1
S3150801B250C76D0108CB6D0108B5F90008FDF80008AE
S3150801B2600DFB00082F6E0108000000000000000019
S3150801B270D16D01085B6F0108336F0108CB6D0108B9
S3150801B280B5F90008FDF8000889FA00082F6E0108CB
S3150801B2900000000000000000CF6D0108696F010879
S3150801B2A0C76D0108CB6D0108B5F90008FDF800085E
S3150801B2B075FA00082F6E0108000000000000000062
S3150801B2C06F72010871720108FF7001082771010880
S3150801B2D045710108E7710108E5FD000831720108A9
S3150801B2E06B7201086B720108D9FE00081D0101087D
S3150801B2F030313233343536373839616263646566DD
S3090801B3000001020433
S30D0801B304ECB0FE7F0100000018
S3110801B30C18B3010834220020C402000016
S3150801B31800000000AAAAAAAA8938010889380108DA
S3150801B3288F3801088F380108C0EA2101C0EA2101CE
S3150801B33800800000C0175302FFFFFFFF0000050049
S3150801B3487422002055A501080100000031D0000823
S3150801B358000000002B5801080000000015580108D4
S3150801B36810AD0108A8AD01080000000004AE0108E7
S3150801B37830AE010870AE0108FCAE01081CAF010821
S3150801B38888AF0108B0220020080400200000000048
S3150801B398000000004C150020C8000000FE0000004F
S3150801B3A80000000074AC01086422002000000000B7
S3150801B3B803000000901B0020E02200200000000086
S3150801B3C8901B0020F81B0020601C002000000000CC
S3150801B3D80000000000000000000000000000000056
S3150801B3E80000000000000000000000000000000046
S3150801B3F80000000000000000000000000000000036
S3150801B408000000000000000004000000B15D01080A
S3150801B418CD63000841E0000835E2000845F8000850
S3150801B42895FD0008A563000800000000000000005B
S3150801B43800000000000000000000000000000000F5
S3150801B44800000000000000000000000000000000E5
S3150801B45800000000000000000000000000000000D5
S3150801B46800000000000000000000000000000000C5
S3150801B47800000000000000000000000000000000B5
S3150801B48800000000000000000000000000000000A5
S3150801B4980000000000000000000000000000000095
S3150801B4A80000000000000000000000000000000085
S3150801B4B80000000000000000000000000000000075
S3150801B4C80000000000000000000000000000000065
S3150801B4D80000000000000000000000000000000055
S3150801B4E80000000000000000000000000000000045
S3150801B4F80000000000000000000000000000000035
S3150801B5080000000000000000000000000000000024
S3150801B5180000000000000000000000000000000014
S3150801B5280000000000000000000000000000000004
S3150801B53800000000000000000000000000000000F4
S3150801B54800000000000000000000000000000000E4
S3150801B55800000000000000000000000000000000D4
S3150801B56800000000000000000000000000000000C4
S3150801B57800000000000000000000000000000000B4
S3150801B58800000000000000000000000000000000A4
S3150801B5980000000000000000000000000000000094
S3150801B5A80000000000000000000000000000000084
S3150801B5B80000000000000000000000000000000074
S3150801B5C80000000000000000000000000000000064
S3150801B5D80000000000000000000000000000000054
S3150801B5E80000000000000000000000000000000044
S3150801B5F80000000000000000000000000000000034
S3150801B6080000000000000000000000000000000023
S3150801B6180000000000000000000000000000000013
S3150801B6280000000000000000000000000000000003
S3150801B63800000000000000000000000000000000F3
S3150801B64800000000000000000000000000000000E3
S3150801B65800000000000000000000000000000000D3
S3150801B66800000000000000000000000000000000C3
S3150801B67800000000000000000000000000000000B3
S3150801B68800000000000000000000000000000000A3
S3150801B6980000000000000000000000000000000093
S3150801B6A80000000000000000000000000000000083
S3150801B6B80000000000000000000000000000000073
S3150801B6C80000000000000000000000000000000063
S3150801B6D80000000000000000000000000000000053
S3150801B6E80000000000000000000000000000000043
S3150801B6F80000000000000000000000000000000033
S3150801B7080000000000000000000000000000000022
S3150801B7180000000000000000000000000000000012
S3150801B7280000000000000000000000000000000002
S3150801B73800000000000000000000000000000000F2
S3150801B74800000000000000000000000000000000E2
S3150801B75800000000000000000000000000000000D2
S3150801B76800000000000000000000000000000000C2
S3150801B77800000000000000000000000000000000B2
S3150801B78800000000000000000000000000000000A2
S3150801B7980000000000000000000000000000000092
S3150801B7A80000000000000000000000000000000082
S3150801B7B80000000000000000000000000000000072
S3150801B7C80000000000000000000000000000000062
S3150801B7D80000000000000000000000000000000052
S3150801B7E80000000000000000000000000000000042
S3150801B7F80000000000000000000000000000000032
S3150801B8080000000000000000000000000000000021
S3150801B8180000000000000000000000000000000011
S3150801B8280000000000000000000000000000000001
S3150801B83800000000000000000000000000000000F1
S3150801B84800000000000000000000000000000000E1
S3150801B85800000000000000000000000000000000D1
S3150801B86800000000000000000000000000000000C1
S3150801B87800000000000000000000000000000000B1
S3150801B88800000000000000000000000000000000A1
S3150801B8980000000000000000000000000000000091
S3150801B8A80000000000000000000000000000000081
S3150801B8B80000000000000000000000000000000071
S3150801B8C80000000000000000000000000000000061
S3150801B8D80000000000000000000000000000000051
S3150801B8E80000000000000000000000000000000041
S3150801B8F80000000000000000000000000000000031
S3150801B9080000000000000000000000000000000020
S3150801B9180000000000000000000000000000000010
S3150801B9280000000000000000000000000000000000
S3150801B93800000000000000000000000000000000F0
S3150801B94800000000000000000000000000000000E0
S3150801B95800000000000000000000000000000000D0
S3150801B96800000000000000000000000000000000C0
S3150801B97800000000000000000000000000000000B0
S3150801B98800000000000000000000000000000000A0
S3150801B9980000000000000000000000000000000090
S3150801B9A80000000000000000000000000000000080
S3150801B9B80000000000000000000000000000000070
S3150801B9C80000000000000000000000000000000060
S3150801B9D80000000000000000000000000000000050
S3150801B9E80000000000000000000000000000000040
S3150801B9F80000000000000000000000000000000030
S3150801BA08000000000000000000000000000000001F
S3150801BA18000000000000000000000000000000000F
S3150801BA2800000000000000000000000000000000FF
S3150801BA3800000000000000000000000000000000EF
S3150801BA4800000000000000000000000000000000DF
S3150801BA5800000000000000000000000000000000CF
S3150801BA6800000000000000000000000000000000BF
S3150801BA7800000000000000000000000000000000AF
S3150801BA88000000000000000000000000000000009F
S3150801BA98000000000000000000000000000000008F
S3150801BAA8000000000000000000000000000000007F
S3150801BAB8000000000000000000000000000000006F
S3150801BAC8000000000000000000000000000000005F
S3150801BAD8000000000000000000000000000000004F
S3150801BAE8000000000000000000000000000000003F
S3150801BAF8000000000000000000000000000000002F
S3150801BB08000000000000000000000000000000001E
S3150801BB18000000000000000000000000000000000E
S3150801BB2800000000000000000000000000000000FE
S3150801BB3800000000000000000000000000000000EE
S3150801BB4800000000000000000000000000000000DE
S3150801BB5800000000000000000000000000000000CE
S3150801BB6800000000000000000000000000000000BE
S3150801BB7800000000000000000000000000000000AE
S3150801BB88000000000000000000000000000000009E
S3150801BB98000000000000000000000000000000008E
S3150801BBA8000000000000000000000000000000007E
S3150801BBB8000000000000000000000000000000006E
S3150801BBC8000000000000000000000000000000005E
S3150801BBD8000000000000000000000000000000004E
S3150801BBE8000000000000000000000000000000003E
S3150801BBF8000000000000000000000000000000002E
S3150801BC08000000000000000000000000000000001D
S3150801BC18000000000000000000000000000000000D
S3150801BC2800000000000000000000000000000000FD
S3150801BC3800000000000000000000000000000000ED
S3150801BC4800000000000000000000000000000000DD
S3150801BC5800000000000000000000000000000000CD
S3150801BC6800000000000000000000000000000000BD
S3150801BC7800000000000000000000000000000000AD
S3150801BC88000000000000000000000000000000009D
S3150801BC98000000000000000000000000000000008D
S3150801BCA8000000000000000000000000000000007D
S3150801BCB8000000000000000000000000000000006D
S3150801BCC8000000000000000000000000000000005D
S3150801BCD8000000000000000000000000000000004D
S3150801BCE8000000000000000000000000000000003D
S3150801BCF8000000000000000000000000000000002D
S3150801BD08000000000000000000000000000000001C
S3150801BD18000000000000000000000000000000000C
S3150801BD2800000000000000000000000000000000FC
S3150801BD3800000000000000000000000000000000EC
S3150801BD4800000000000000000000000000000000DC
S3150801BD5800000000000000000000000000000000CC
S3150801BD6800000000000000000000000000000000BC
S3150801BD7800000000000000000000000000000000AC
S3150801BD88000000000000000000000000000000009C
S3150801BD98000000000000000000000000000000008C
S3150801BDA8000000000000000000000000000000007C
S3150801BDB8000000000000000000000000000000006C
S3150801BDC8000000000000000000000000000000005C
S3150801BDD8000000000000000000000000000000004C
S3150801BDE8000000000000000000000000000000003C
S3150801BDF8000000000000000000000000000000002C
S3150801BE08000000000000000000000000000000001B
S3150801BE18000000000000000000000000000000000B
S70508013B8531
