S01C00006275696C642F64656275672F67656E657261746F722E7333379C
S3150800000000040020B1220008D3AC0008D3AC0008D5
S31508000010D3AC0008D3AC0008D3AC0008D3AC0008B6
S31508000020D3AC0008D3AC0008D3AC000839160108D5
S31508000030D3AC0008F83A0108DD1501081B260108AB
S31508000040D3AC0008D3AC0008D3AC0008D3AC000886
S31508000050D3AC0008D3AC0008D3AC0008D3AC000876
S31508000060D3AC0008D3AC0008D3AC0008D3AC000866
S31508000070D3AC0008D3AC0008D3AC0008D3AC000856
S31508000080D3AC0008D3AC0008D3AC0008D3AC000846
S31508000090D3AC0008D3AC0008D3AC0008D3AC000836
S315080000A0D3AC0008D3AC0008D3AC0008D3AC000826
S315080000B0D3AC0008D3AC0008D3AC0008D3AC000816
S315080000C0D3AC0008D3AC0008D3AC0008D3AC000806
S315080000D0D3AC0008D3AC0008D3AC0008D3AC0008F6
S315080000E0D3AC0008D3AC0008D3AC0008D3AC0008E6
S315080000F0D3AC0008D3AC0008D3AC0008D3AC0008D6
S31508000100D3AC0008D3AC0008D3AC0008D3AC0008C5
S31508000110D3AC0008D3AC0008D3AC0008D3AC0008B5
S31508000120D3AC0008D3AC0008D3AC0008D3AC0008A5
S31508000130D3AC0008D3AC0008D3AC0008D3AC000895
S31508000140D3AC0008D3AC0008D3AC0008D3AC000885
S31508000150D3AC0008D3AC0008D3AC0008D3AC000875
S31508000160D3AC0008D3AC0008D3AC0008D3AC000865
S31508000170D3AC0008D3AC0008D3AC0008D3AC000855
S31508000180D3AC000819480008D3AC0008D3AC000863
S31508000190D3AC0008D3AC0008D3AC0008D3AC000835
S315080001A0D3AC0008D3AC0008D3AC0008D3AC000825
S309080001B0D3AC0008B6
S315080001B4F0B5114A114C124E00F00105E3695F07C8
S315080001C413D40DB9334213D103EA00078F4207D17A
S315080001D40B4A1A40002A0CBF00206FF00100F0BD3C
S315080001E4013AEBD16FF00200F9E74FF0FF30F6E77A
S315080001F46FF00100F3E700BF8096980000000350F3
S31508000204020001000B4B70B5D96911F480310DD188
S3150800021401244FF48072084E084DF46020462C647D
S315080002241A61FFF7C5FF3464EC6070BD6FF0010016
S31508000234FBE700BF000003500010035000200350E2
S315080002444FF4803238B50E4B0E4C9A66E56941F682
S31508000254713315400122E3630B4B0021DA60022354
S31508000264606121202361FFF7A3FF10B92120FFF75E
S315080002749FFF0122054BDA600DB10023E36338BD05
S315080002840090005000000350001003500020035053
S3150800029470B5134C6061E3695B071ED40E4656F8C5
S315080002A4043B8D18A361AE420BD1042300212120FF
S315080002B42361FFF77DFF58B9BDE870402120FFF799
S315080002C477BF08210846FFF773FF10B1042323619B
S315080002D470BD56F8043BA361E5E74FF0FF30F7E736
S315080002E4000003502DE9F84315464FF48032184BA5
S315080002F489469A6603F51C33DF690646174041F6B4
S315080003047132DA63012203F58053DFF84C80DA6030
S3150800031455B9284601220F4BDA601FB10022A3F50E
S315080003240053DA63BDE8F88306F5005404EA0804C2
S31508000334A41BAC4228BF2C46494622463046FFF742
S31508000344A7FF0028E6D12644A1442D1BE0E700BFF9
S31108000354009000500020035000E0FFFF5E
S315080003600348044B834202D0034B03B11847704736
S31508000370F42C0020F42C002000000000064B07494E
S31508000380C91A891048BF0131491003D0044B0BB173
S3150800039001481847704700BFF42C0020F42C0020B1
S315080003A00000000010B5064C237843B9FFF7D8FFC4
S315080003B0044B13B10448AFF300800123237010BD2A
S315080003C0F41D002000000000844B010808B5054B09
S315080003D01BB105490548AFF30080BDE80840FFF7A3
S315080003E0CDBF00BF0000000068040020844B010850
S315080003F0A3F5803A704700BF174B002B08BF134B75
S315080004009D46FFF7F5FF00218B460F461348144A11
S31508000410121A10F0C8FD0E4B002B00D098470D4B52
S31508000420002B00D098470020002104000D000D483D
S31508000430002802D00C48AFF3008008F0BBFF20006C
S3150800044029000CF0D5FE08F01FFF00BF00000800C9
S315080004500000000000000000000400200004002046
S31508000460C01F0020000000000000000030B589B061
S31508000470044609F00AFD01230E4A0025CDE90223A8
S315080004800D4B01A805934FF47053CDE9065401931B
S3150800049009F0EEFC019B04930BF094FC000240F07B
S315080004A001000390694602A8009507F0CFFC09B041
S315080004B030BD00BF1271000109060006F0B589B00B
S315080004C00C461546064609F0E0FC0123114A0027AA
S315080004D0CDE90223104B01A805934FF47053CDE9DB
S315080004E00676019309F0C4FC019B04930BF06AFCA1
S315080004F0000240F0010021466B462A46039002A8F6
S3150800050000970FF0EEF8044602A80FF0A9FB204664
S3150800051009B0F0BD127100010906000610B50A4BB4
S3150800052086B0144602930023059103901A46CDE936
S315080005300033214405A80CF0DFFE002814BFAC20C8
S31508000540002006B010BD00BFAD9E00082DE9F041A1
S31508000550CEB0549D1C462B6806460F469046002B87
S3150800056055D06B68B3F5007F51D302A810F0B0F9E7
S315080005706368E3B12468274B2278002A08BF1C4623
S3150800058000217C2207A8069110F00DFD8021234644
S31508000590CDE90078204A06A809F0B8FA06A902A803
S315080005A010F0AFF928B1AC204EB0BDE8F081194C77
S315080005B0E6E7092102A810F0A0F93068FFF756FF10
S315080005C026A80EF089FC316826A806F015FE044612
S315080005D00028E8D126A902A810F091F9009423462C
S315080005E0D5E9001202A808F0E3FA04460028DAD191
S315080005F0286810F045FC6B680130984201D910F064
S31508000600C3FB686002A810F067F92046CCE72F20E4
S31508000610CAE700BF4834010856340108F0B50C464D
S31508000620002197B00646154607A83C22069110F009
S31508000630BAFC402305AACDE9013206AF0097059317
S315080006400E49D4E9002330680FF08EF9044698B9AC
S31508000650059E6B689E420DD832463946286810F0CA
S3150800066088FC6B689E4201D910F08EFB20466E60AE
S3150800067017B0F0BD1920FBE7AC20F9E7090600061C
S31508000680044808B500680CF0E4F8002814BFAE204A
S31508000690002008BD5C22002008B5034B18680CF042
S315080006A0C7F8002008BD00BF5C22002038B5044604
S315080006B00D46204609F009FC6B7C002857D0052B0F
S315080006C059D0032B17D0042B38D0012B4DD1022239
S315080006D02146284609F0B7FC002833D12946284682
S315080006E009F0F5FC70BB95F82430002B0CBF0323EA
S315080006F005236B74DDE795F825209AB1214628462F
S315080007002A7F09F0A0FCE8B92946284609F020FD09
S31508000710C0B995F8253073B90223AA691A442A6222
S315080007200423E6E72B7D013BDBB2022B9CBF134A71
S31508000730D25CAA61F0E72B7F0233EEE795F8243006
S315080007400BB1232038BDAA690AB91820FAE7214651
S31508000750284609F078FC0028F4D12946284609F0ED
S315080007601FFD0028EED10523C3E70320EAE7052B82
S3150800077001D00D20E6E70020E4E700BF9434010825
S315080007800048704770210020024A0349034810F0C8
S3150800079048B900BF6C2100207BA200087021002008
S315080007A00023F0B590F8C12087B00446019322B122
S315080007B0A0F8C03017480AF049FA0025164F04F188
S315080007C0B806304601ABC5F180027919FFF758FF24
S315080007D0C0B1DDB1114B04AA0493802302A92046B7
S315080007E0CDE90275059309F05FFDDDE9041280F095
S315080007F0010084F8C1003046FFF74EFF30B10020F3
S3150800080007B0F0BD019B01901D44DAE794F8C000DB
S31508000810F6E700BFFC050020751E0020F51D002028
S31508000820836810B504460BB92F2010BD1A491A6BF8
S31508000830D1E900138B4298BF002302F1040288BF56
S315080008405B1A9A4204D000231348194609F026FE7B
S31508000850A36812491A6BD1E900138B4298BF00238B
S3150800086002F1080288BF5B1A9A4204D000230B489B
S31508000870194609F013FED4E90312A06801F076F9C7
S315080008800028D2D1237E2BB16169A06801F0F6F861
S315080008900028CAD10020C8E7B8050020880500202E
S315080008A02DE9F341054608460C4609F01BFB0646AA
S315080008B078B1254809F009FB58B1864232462249E3
S315080008C028BF0246204609F0A2FB10B102B0BDE8D7
S315080008D0F0811E4F1C4E27E03368013AC6E9023301
S315080008E0D7F80031C7F8042157F82300013303F07D
S315080008F03F030190C7F800312846CB69124A01A97F
S3150800090098470028E2D1204609F0ECFA804630469E
S3150800091009F0DBFA80454246314628BF02462046A2
S3150800092009F075FB0028D1D1204609F0DBFA2968C1
S3150800093018B1D7F80421002ACED12846CB6802B0D0
S31508000940BDE8F041184700BF880500208004002054
S3150800095070B504460D460E4E284609F0B6FA28B973
S3150800096023682046BDE870409B68184731462846EC
S31508000970FFF79CFE0D28EFD048B9236820469B69EF
S315080009800349984718B9024809F0ABFDE4E770BD7A
S31508000990B805002091F8273070B506460C464D8AF2
S315080009A02BB10A7D1948294609F0BEFD30BBB5F5BD
S315080009B0827F0AD8B5F5807F0BD9A5F58175022DFA
S315080009C009D8DFE805F00C0A0F0040F23B139D42F8
S315080009D011D0A62012E0E36AF36000200EE0E36A75
S315080009E03361FAE794F8243083F00103337603B1D0
S315080009F0E36A7361F1E7B2680AB92F2070BDA38D67
S31508000A00002B08BF4FF400731363E6E78004002049
S31508000A1008B503480A7D498A09F086FD08BD00BF66
S31508000A208004002070B586680C460EB92F2070BD6C
S31508000A3091F8263003B9B43694F82730257D33B1BA
S31508000A402A46618A174809F06FFD0028EFD1032D61
S31508000A5026D8DFE805F016020E1133689B6894F86D
S31508000A602420618A5AB904F12C023046BDE8704048
S31508000A70184733681B69F2E733689B69EFE700227A
S31508000A80F3E73368618ADD6A94F8243033B9E26A99
S31508000A903046AC46A369BDE8704060470022F7E7D8
S31508000AA02620C4E7800400200A46498A10B5B1F515
S31508000AB0A27F15D008D840F2051399421AD0B1F58D
S31508000AC0A17F0DD0A6200AE040F2A1139942F9D1E0
S31508000AD0806838B10368DC6A9369D26AA04710BD9A
S31508000AE0806808B92F20FAE703682C321B69BDE82D
S31508000AF010401847127D024809F016FDEFE700BFBF
S31508000B00800400202DE9F04100251746526894B06C
S31508000B10052A88461E468DF805508DF806508DF82C
S31508000B20075040F2A78001233968023A02A809F063
S31508000B30CCFC0DF1050102A809F0A3FA0446002829
S31508000B4040F094800DF1060102A809F09AFA0446CD
S31508000B50002840F08B800DF1070102A809F091FAF0
S31508000B600446002840F082807B683168802B7CD858
S31508000B7073687F2B7CD903467622083107A809F0CB
S31508000B80A4FC9DF80630013B042B6CD8DFE803F083
S31508000B9003325D64550001238DF83430514BCDF88E
S31508000BA038800C930023CDE90F3311938DF8483024
S31508000BB0B8F1000F1BD0D8F8305000232A1D19466B
S31508000BC0494809F06BFC484809F08BFC002305F1FD
S31508000BD008021946454809F061FC0022444BC3F84F
S31508000BE0042107AA02A90CA809F0C3FC09E04FF4DE
S31508000BF00075E2E73C4809F043FC3C4809F040FC34
S31508000C000020099A079B9A4288BFD41AE5B204467F
S31508000C1000230822316807A809F057FC00211C2286
S31508000C200DA80C9110F0BFF9022107A809F067F981
S31508000C3010B3002014B0BDE8F08101238DF83430DC
S31508000C402C4BCDF838800C93CBE70323CDF83880AE
S31508000C508DF83430284BF6E70423CDF838808DF824
S31508000C603430264BEFE72A20CBE7C2240025CFE70E
S31508000C701924FBE71924CBE79DF8061007A841F0CD
S31508000C80800109F03CF90028D3D19DF8071007A880
S31508000C9009F035F90028CCD1214607A809F054F9FE
S31508000CA00028C6D1294607A809F029F90028C0D185
S31508000CB0726805F10A03934201D910F065F8083500
S31508000CC02946306873600CAA00F0F8FF0028B0D1F6
S31508000CD09DF80600BDF830203368023818BF012099
S31508000CE05A53A7E7B4340108B80500208805002040
S31508000CF080040020DC340108043501082C3501087D
S31508000D00002208B51146064809F0FAFB00220548F4
S31508000D10114609F0F5FB0022034BC3E9402208BD42
S31508000D20B8050020880500208004002002490A68CA
S31508000D3002604A68426070479037010810B440F272
S31508000D406314A142034612D0B1F5B27F07D2B1F5BA
S31508000D50827F20D0B1F5B17F18D0A62009E040F2F5
S31508000D6097108142F9D102B11268DA6211E01AB914
S31508000D702F205DF8044B704711680A4BA1F57A726B
S31508000D809A42F5D85DF8044B00F0D0BD02B112685E
S31508000D909A620020EDE7002AEAD011685DF8044B54
S31508000DA000F06CBEB88201002DE9F0470024054624
S31508000DB08EB08846174621460D2205A80DF128094A
S31508000DC01E46049410F0EFF821460D224846099471
S31508000DD010F0E9F81122284602AB04A9CDE902442D
S31508000DE000F05AFD044600285DD1029B0A2B51D11A
S31508000DF09DF814302D2B2FD00025049B0A2203A919
S31508000E0009A809938DF8285008F0C2FA039BA8F898
S31508000E1000004B4541D1BDF814300A2203A909A8A0
S31508000E20ADF824308DF8265008F0B2FA3870039FD2
S31508000E300DF126039F4230D1BDF816300A2203A9C8
S31508000E4009A8ADF824308DF8265008F0A1FA039BBE
S31508000E503070BB4221D125E09DF817302D2BCBD120
S31508000E600823029306AB01930DF1150311210F4ACE
S31508000E70009309A804AB08F049FEDDF808A009A903
S31508000E80524604A80FF073FF5246284604A900F0FC
S31508000E90FDFC40B9029B072BAED8054804A908F00B
S31508000EA0ADFA2F2420460EB0BDE8F0874C35010870
S31508000EB0593501080023F0B587B001930C46D1E9EE
S31508000EC0001201AB00F0F4FC40F20123984225D150
S31508000ED002AD2A46144B03F110072E4618685968C6
S31508000EE0083303C6BB423546F7D163680F2B02D8D1
S31508000EF0192007B0F0BD256806AE134603CBB342EA
S31508000F00286069601A4605F10805F6D11023019391
S31508000F10019B6268934204D90FF036FF0028E8D196
S31508000F20F6E700206360E4E798370108F0B5B1F505
S31508000F30AA7F99B0154606461A461E9C3CD8B1F5B6
S31508000F40A07F09D840F2051399426CD040F21113DC
S31508000F50994261D0A62064E06FF4A073194413295E
S31508000F60F8D801A353F821F061100008550F0008BE
S31508000F707B100008550F000881100008871000082C
S31508000F808D10000893100008550F0008550F00082B
S31508000F90550F0008550F0008550F0008550F000893
S31508000FA0550F0008550F0008550F0008991000083E
S31508000FB09F100008A9100008B1F5C17F00F09180C4
S31508000FC010D840F26513994200F08180B1F5B37FDD
S31508000FD000F08280B1F5B27FBCD12346294600F0E5
S31508000FE0C1FC1DE040F29513994200F0888040F25A
S31508000FF0B113994200F0928040F293139942A9D115
S31508001000CDE90B5205B9E2B933683046DB6F0BA957
S31508001010984730B90C9B21E02346294600F040FD4D
S3150800102048B319B0F0BD00F13407384603920FF003
S3150800103027FF039A0130CDE906050597089215B9E9
S315080010400AB10FF0A1FE07AB00933046728B318BC5
S3150800105005AB00F0CFFC0028E3D1089B23600AE02B
S3150800106003681B6B2946304698470028D9D128467D
S315080010700FF006FF20600020D3E703689B6BF1E7BB
S3150800108003681B6CEEE703685B6CEBE703689B6C15
S31508001090E8E70368DB6CE5E703685B6DE2E7234690
S315080010A0294600F0F9FBBBE721230E9303680FAF2F
S315080010B00392DB6D0D970DA99847039A0028B0D1C6
S315080010C0134620212A46384609F05BFDD2E7234617
S315080010D0294600F053FCA3E72346294600F0ECFC1A
S315080010E09EE7CDE909530DB9002BAAD133683046DE
S315080010F09B6F09A99847002893D10A9BAEE7CDE9CB
S315080011000D520DB9002A9CD133683046D3F8803089
S315080011100DA99847002884D10E9B9FE7CDE90F5269
S315080011200DB9002A8DD133683046D3F888300FA917
S31508001130984700287FF475AF109B8FE7F0B54B688A
S315080011400646602B0C461546A5B029D900278222EB
S31508001150394603A802970FF026FF01AB86223046D0
S3150800116002A9019700F00AFC40F20123984210D127
S3150800117084220C4902A801920FF0F9FD2268019910
S3150800118002A800F0B1FD28606368984205D90FF0FF
S31508001190FBFD0028F2D025B0F0BD60600020FAE71C
S315080011A01920F8E77835010870B50026044696B088
S315080011B02A220D460BA831460A960FF0F4FE01AB1B
S315080011C02E2220460AA9019600F0CCFB40F2012304
S315080011D0984227D118230193174B0AAC03F1180636
S315080011E0224618685968083303C2B3421446F7D131
S315080011F000241C22214603A802940FF0D4FE01996C
S3150800120002AA0AA800F070FD6B680646984210D834
S31508001210024602A928680FF0AAFD6B689E4205D906
S315080012200FF0B2FD0028E3D016B070BD20466E6000
S31508001230FAE71920F8E700BFFD35010870B5B1F5E2
S31508001240B27F054616461C4692B000F01D8121D88D
S3150800125040F21113994271D06FF4A07319448BB2FE
S31508001260132B30D813292ED8DFE811F06F002D0084
S315080012707C002D0089009600A300B0002D002D00EB
S315080012802D002D002D002D002D002D002D00BD0058
S31508001290D900EA0040F29513994200F04481B1F56D
S315080012A0CB7F22D240F28113994200F01F81B1F51B
S315080012B0C17F0AD240F26513994200F0F080B1F579
S315080012C0B37F00F0F380A620A0E000F0228140F270
S315080012D093139942F7D13146224609A809F0B8FA7C
S315080012E0284609A900F0D2FC90E0B1F5D17F00F0BC
S315080012F03B8111D8B1F5CB7F00F01F8140F2A113D5
S315080013009942E0D1002A40F02281802231463430C9
S315080013100FF049FE002079E040F2B1139942D2D18C
S31508001320002AF7D0002CF5D03146224609A809F044
S315080013308FFA284609A900F0EFFB67E022463146F6
S3150800134012B0BDE8704000F0A5BB02B13CB900225E
S315080013508D49284612B0BDE8704000F0C1B9224652
S315080013603146F6E702B13CB900228749284612B051
S31508001370BDE8704000F0DCB922463146F6E702B116
S315080013803CB900228049284612B0BDE8704000F0FA
S31508001390F7B922463146F6E702B13CB900227A4946
S315080013A0284612B0BDE8704000F0FCB92246314626
S315080013B0F6E702B13CB900227349284612B0BDE8E7
S315080013C0704000F001BA22463146F6E702B13CB950
S315080013D000226D49284612B0BDE8704000F006BAF2
S315080013E022463146F6E702B194B900211C220AA822
S315080013F009910FF0D8FD2021644AAB8B09A808F0A3
S3150800140085FB09A90246284600F016FA12B070BDF7
S315080014102246314612B0BDE8704000F00DBA02B15E
S315080014203CB908225A49284612B0BDE8704000F077
S315080014302DBA102C01D92F20E8E722463146F2E7CB
S3150800144002B1C4B9102105A809F079FA0028DDD13E
S31508001450022310210093212309AA05A809F051FBAC
S315080014600028D3D109A80FF00BFD09A90246284682
S3150800147000F018FACAE7102CDDD80223214600939B
S315080014803046212309AAE9E7002AD4D0002BD2D076
S315080014901A46314612B0BDE8704000F05DBA2246E1
S315080014A0314612B0BDE8704000F062BA02B1B4B974
S315080014B00023CDE90933CDF82B30AB6A09A802938E
S315080014C0EB8B01936B6A00936A8B298B2B6A09F065
S315080014D07AF90B22284609A900F0E8FA96E7224687
S315080014E0314612B0BDE8704000F0E0BA02B154B916
S315080014F0002305AACDE909238DF81430284609A941
S3150800150009F0F8F982E72246314609A809F0A0F958
S31508001510F4E73146224609A809F09AF9284609A9A6
S3150800152000F0C0FB72E73146224609A809F090F997
S31508001530284609A900F09EFB68E73146224609A815
S3150800154009F086F9284609A900F042FA5EE77F2CD9
S315080015503FF671AF2246314634300FF008FC0023BF
S315080015602C4484F83430D5E6002A3FF464AF002CC6
S315080015703FF461AF3146224609A809F069F92846C1
S3150800158009A900F0B1FA41E7643F010816360108D7
S3150800159019360108012903BF034B00201B78A62032
S315080015A008BF1370704700BF151F0020022938B501
S315080015B014461D460FD12022002108480FF0F3FCDF
S315080015C03CB1202D2A46214628BF202203480FF089
S315080015D0CEFB002038BDA620FCE700BFF51E002084
S315080015E0104608B56AB163B102290CD1202B28BF71
S315080015F020231A46029B05491A600FF0B8FB002003
S3150800160008BD2F20FCE7A620FAE700BFF51E00203C
S31508001610012905D102B11278024B00201A707047D1
S31508001620A6207047151F00202DE9F0431D4600230C
S3150800163089B0074608460E461446CDE9053300F03C
S315080016406DFC18B9D82009B0BDE8F083304605A965
S3150800165000F0CEFC0028F6D1204600F05FFC0028FA
S31508001660F0D0204606A900F0C3FC0028EBD1DDE93E
S315080016700596079007A9184800F0BAFC044600BB6F
S31508001680079919EB01081ED10EB10FF07DFB022058
S3150800169009F08BFAA0B1079B022100931F203B4655
S315080016A0CDE901960D4A09F073FA6B689E4210D887
S315080016B03246414628680FF05CFC6B689E42E4D8C7
S315080016C06E602046BFE7022009F06FFA0028ECD0CA
S315080016D0E1E71924F5E700BF21720800E0370108A1
S315080016E0014800F093BD00BF00720800002307B54B
S315080016F00348019301AB00F0A3FC03B05DF804FBBB
S3150800170000720800014800F053BD00BF0C720800C3
S3150800171010B506480C4600F03FFC40F201239842FB
S3150800172002BF4FF6F1730020238010BD0C7208002B
S31508001730014800F06BBD00BF0D720800002307B515
S315080017400348019301AB00F07BFC03B05DF804FB92
S315080017500D720800014800F02BBD00BF0B7208008F
S3150800176010B506480C4600F017FC40F201239842D3
S3150800177002BF48F201030020238010BD0B72080047
S31508001780014800F043BD00BF0E720800002307B5EC
S315080017900348019301AB00F053FC03B05DF804FB6A
S315080017A00E720800014800F031BD00BF1072080033
S315080017B0002307B50348019301AB00F041FC03B0D1
S315080017C05DF804FB10720800014800F01FBD00BF59
S315080017D011720800002307B50348019301AB00F016
S315080017E02FFC03B05DF804FB11720800014800F0F5
S315080017F00DBD00BF12720800002307B50348019308
S3150800180001AB00F01DFC03B05DF804FB1272080082
S31508001810014800F0CDBC00BF1872080010B5054895
S315080018200C4600F0B9FB40F20123984204BF0020A1
S31508001830208010BD18720800014800F0E7BC00BF00
S315080018400F72080073B5002601AB0E480C46154604
S31508001850019600F0F5FB40F2012398420BD164B1E2
S315080018600C2D0CD920462A4607490FF0A6FA304611
S315080018702C4404F8016C02B070BD0B20FBE719205C
S31508001880F9E700BF0F720800FE370108014800F0AB
S31508001890BDBC00BF04720800014800F0D1BB00BF00
S315080018A004720800014800F0CBBC00BF1F72080094
S315080018B007B500200090034800F018FC03B05DF857
S315080018C004FB00BF1F720800014800F071BC00BF8E
S315080018D00772080037B512480D4600F05DFB40F266
S315080018E001239842044604D14FF470632B800020EC
S315080018F014E098B92B88B3F5805FF8D3012009F076
S3150800190054F950B14FF4C2732F220121CDE90032A8
S315080019102046044B044A09F03BF92F2003B030BD9A
S31508001920077208000B3801082B380108014800F037
S3150800193057BC00BF0872080010B506480C4600F0F0
S3150800194057FB40F20123984202BF4FF47A730020F6
S31508001950236010BD08720800014800F057BC00BF9C
S3150800196009720800014800F06BBB00BF0972080045
S31508001970014800F04BBC00BF0A720800014800F09D
S315080019805FBB00BF0A7208000B46024A02490348B9
S31508001990FFF74ABE27720800267208003C3801087D
S315080019A00B46024A02490348FFF73EBE2572080065
S315080019B024720800583801080B46024A02490348AF
S315080019C0FFF732BE23720800227208007E3801082B
S315080019D0022307B5D1E9001201A80193FEF79EFD7F
S315080019E018B90199024800F0FBFB03B05DF804FB47
S315080019F0207208001FB5022003900698009003A8DD
S31508001A00FEF7A4FD18B90399024800F0E9FB05B0F2
S31508001A105DF804FB20720800002370B5154886B0EF
S31508001A200D461646049300F079FA08B3114804A93E
S31508001A3000F0DEFAD0B9049B3246002B08BF022319
S31508001A40294605A80593FEF7E9FD0446022009F094
S31508001A50ACF850B102947368022101936B681F2099
S31508001A600093054A049B09F093F8204606B070BD1A
S31508001A70D824EBE72072080097380108014800F0DF
S31508001A80AFBB00BF21720800014800F0B1BA00BF21
S31508001A9021720800014800F0B9BB00BF297208008E
S31508001AA0014800F0CDBA00BF29720800014800F0CD
S31508001AB0C7BB00BF0572080007B5002000900348A1
S31508001AC000F014FB03B05DF804FB00BF05720800C4
S31508001AD0014800F055BB00BF28720800014800F015
S31508001AE02FBA00BF28720800032307B5D1E90012F0
S31508001AF001A8019300F086F918B90199024800F087
S31508001B006FFB03B05DF804FB30720800014800F073
S31508001B106FBA00BF307208004A6808B5102A01D0AB
S31508001B202F2008BD0968024800F08AFBF9E700BFC4
S31508001B30177208001FB500234A680C460F2A03933C
S31508001B400FD90093102203AB0968074800F0CEFAB4
S31508001B5063680F2B01D80FF017F91023636004B0E0
S31508001B6010BD1920FBE700BF1772080000200A4BBA
S31508001B7010B5186032B9094C2146BDE8104008482E
S31508001B8000F02EBBA1F500518C18064809F060F844
S31508001B90204607F07DF9EFE7E805002000E0310868
S31508001BA021720800FC05002000232DE9F04F85B0BE
S31508001BB080460F462C4803A91546039300F018FAE9
S31508001BC0002838D1294E039933681BB9284809F0EB
S31508001BD022F880BBD5E900143368039A02EB030B9D
S31508001BE014F003031BD10A4623465946204809F038
S31508001BF018F800BB4046316800F0F2FAD8B9384602
S31508001C00696800F0EDFAB0B932686B6800201344D1
S31508001C1013F03F021CBF40339B1A33600BE004F1FC
S31508001C20040AAAEB030A5046019100F0CBF8019981
S31508001C30814618B9AC2005B0BDE8F08F22460FF0F2
S31508001C4096F8AAEB0402FF2109EB04000FF0ABF9A2
S31508001C5053464A465946064808F0E3FF04464846AE
S31508001C6000F0C0F82046C4E721720800E805002005
S31508001C70FC05002008B50A4602480349FFF794FF09
S31508001C8008BD00BF227208002372080008B50A467C
S31508001C9002480349FFF788FF08BD00BF2472080001
S31508001CA02572080008B50A4602480349FFF77CFF73
S31508001CB008BD00BF26720800277208001FB5134624
S31508001CC00022039203AA0192202200920A460146A4
S31508001CD004480DF079FD002814BFAC20002005B09B
S31508001CE05DF804FB09000002014B08F0A2BE00BF24
S31508001CF057A9000838B5094BD3E8EF2F541CC3E899
S31508001D00E54F002DF8D1002A04DC00F03FF808B1B1
S31508001D100FF03AF84FF0000038BD00BFEC05002080
S31508001D202D2828BF002010B4074C04EB8000074C70
S31508001D30D4E8AF4F1CB1A4465DF8044B60475DF884
S31508001D40044B08F03DBF00BFE2380108F00500204B
S31508001D50024BD3E88F0FC0B2704700BF1023002094
S31508001D60024608B5064BD3E8AF3F3BB9054B0649D3
S31508001D701B68D86807F0B0FE0FF006F808BD00BF6C
S31508001D80F4050020B42200209639010808B50A4B4C
S31508001D90D3E8EF2F511CC3E8E01F0028F8D1002A2A
S31508001DA007DD064B06481B68D96807F0A7FE0EF044
S31508001DB0EBFF002008BD00BFF4050020B422002078
S31508001DC0DE39010838B504460548FFF7C9FF20463D
S31508001DD007F0C0FD0546214608F0F0FE284638BD46
S31508001DE0113A010810B504460548FFF7B9FF204621
S31508001DF0002108F0E4FE2046BDE8104007F0B2BD19
S31508001E001D3A010870B5044688B000680D461646A6
S31508001E1008F0D7FE23684FF40071079301230B4A95
S31508001E2002A8CDE902230A4B3246CDE90413002362
S31508001E302946069301AB0DF054FC014618B1054836
S31508001E4007F0DCFAAC2008B070BD00BF00248000A3
S31508001E500010C004283A0108014B1960704700BFFA
S31508001E60F8050020014B1960704700BFF8050020EF
S31508001E70014B0360704700BFA43A010810B5044639
S31508001E80034B082103600BF0E2F8204610BD00BFA3
S31508001E90A43A01080448054B054A0360002305498E
S31508001EA043600EF0BEBD00BFFC050020A43A010841
S31508001EB06C210020711E000837B50E4D2C686CB9D0
S31508001EC0032322462146009301200B4B11F092F979
S31508001ED0234622462146286010F0D3FE286808B912
S31508001EE00EF052FF4FF0FF3103B0BDE8304011F05D
S31508001EF01CB800BF5406002004060020064B10B587
S31508001F00186808B90EF040FF0023BDE810401A46CD
S31508001F10194610F0B6BE00BF5406002007B50146A4
S31508001F2006486A4601AB006801F068FB08F09CFEAB
S31508001F30B0FA80F0400903B05DF804FB9022002057
S31508001F407FB5002304460D468DF8073008F098FE45
S31508001F50D0B1104E2146306803AB02AA01F04EFB01
S31508001F6008F082FE70B9039B012B10D12146306818
S31508001F700DF1070201F0BCFA08F076FE10B99DF8DB
S31508001F8007302B7004B070BD40F20120FAE72F200D
S31508001F90F8E700BF902200207FB5002304460D46CF
S31508001FA0ADF8063008F06CFED0B1104E2146306808
S31508001FB003AB02AA01F022FB08F056FE70B9039B98
S31508001FC0022B10D1214630680DF1060201F090FA75
S31508001FD008F04AFE10B9BDF806302B8004B070BD73
S31508001FE040F20120FAE72F20F8E700BF90220020F0
S31508001FF07FB5002304460D46039308F041FEC0B1A1
S315080020000E4E2146306802AB01AA01F0F7FA08F035
S315080020102BFE60B9029B042B0ED12146306803AA19
S3150800202001F066FA08F020FE08B9039B2B6004B09D
S3150800203070BD40F20120FAE72F20F8E79022002031
S315080020402DE9F0431D46002385B02B6007460E4652
S31508002050914608F015FE00283ED0DFF88C803946F8
S31508002060D8F8000003AB02AA01F0C8FA08F0FCFD94
S315080020700446B8B9039B93B3C6B14B4531D2324631
S315080020803946D8F8000001F033FA08F0EDFDD8B962
S31508002090039B012B03D13378003B18BF0123002291
S315080020A02B60F254204605B0BDE8F083012B01D021
S315080020B02B60F7E73946D8F800000DF1070201F062
S315080020C017FA08F0D1FD08B10446EBE79DF807308A
S315080020D003B103982860E5E740F20124E2E71E24ED
S315080020E0E0E71924DEE700BF902200202DE9F04F33
S315080020F01D46002385B02B60074688461646DDF840
S3150800210038A008F0BDFDA0B3DFF870B03946DBF89B
S31508002110000003AB02AA01F071FA08F0A5FD044617
S31508002120A8B9B8F1000F12D0039BDBF80000A3EBA7
S315080021300A09B1450FD8534642463946CDF80090AC
S3150800214001F016FA08F090FDB0B9C5F800902046DF
S3150800215005B0BDE8F08F534642463946009601F071
S3150800216007FA08F081FD04460028F0D119242E60EC
S31508002170EDE740F20124EAE70446E8E7902200206A
S3150800218013B504468DF8071008F07AFD58B10748CC
S315080021900123214600680DF1070201F0FDFA08F057
S315080021A063FD02B010BD2F20FBE700BF9022002080
S315080021B013B50446ADF8061008F062FD58B1074895
S315080021C00223214600680DF1060201F0E5FA08F03F
S315080021D04BFD02B010BD2F20FBE700BF9022002068
S315080021E013B50446019108F04BFD58B1042306487F
S315080021F0214600680DEB030201F0CEFA08F034FD23
S3150800220002B010BD2F20FBE79022002010B504462F
S3150800221008F036FD68B179B10848012A1346006806
S3150800222038BF01230A46214601F0B6FA08F01CFD1C
S3150800223010BD40F20120FBE72F20F9E7902200208D
S3150800224010B5044608F01CFD58B101B962B9074833
S31508002250134600680A46214601F09EFA08F004FD76
S3150800226010BD40F20120FBE72F20F9E7902200205D
S31508002270BFF34F8F0549064BCA6802F4E062134361
S31508002280CB60BFF34F8F00BFFDE700BF00ED00E056
S315080022900400FA050348044A0449121A921008F081
S315080022A019BD00BFB401000860030008C01F002064
S315080022B008B5154B83F30A8800F030F8FFF7EAFFF4
S315080022C0124B13498B4212D30020124B12498B42F0
S315080022D018D3FEF791F8186850F82240586840F865
S315080022E02240013298688242F5D30C33EAE700228D
S315080022F0F8E71C6844F8220001325C68A242F8D369
S315080023000833E4E70022F8E7000000208C4B0108B8
S31508002310984B0108984B0108984B01084FF48041E7
S31508002320144B154A70B59A60D3F88820134D42F4B9
S315080023307002C3F88820124A05F5005491664FF0DA
S31508002340FF3222666FF4003262660D22A26602220E
S31508002350C3F8D020BFF34F8FBFF36F8F4FF44036CB
S31508002360002003F08FFD0020E66003F07DFD2E615E
S3150800237070BD00BF00ED00E00000000800800044CA
S31508002380009000502DE9F04F144605460E469B4630
S31508002390C36B87B001225B6902A960689847EB6B3B
S315080023A001225B6903A93046984702A809F098F804
S315080023B0074648B10023A37563754FF0FF33A36042
S315080023C0002007B0BDE8F08F03A809F096F80123AE
S315080023D0A375237E04EBC303DE611F846368B342DF
S315080023E00ED1206003A809F0AAF84FF0FF33207534
S315080023F0A360237D043B022B26D80023A375DFE7C1
S3150800240023681A1A53425341A37503A809F097F88B
S31508002410237D834218BFA77503A809F072F80746FB
S3150800242002A809F06EF8874218BF002303A818BF50
S31508002430A37509F06EF8074602A809F06AF88742FC
S315080024401CBF0023A375D4E703A809F05AF880B186
S31508002450EB6B022230465B6904A9984704A809F089
S315080024605FF80346207D032839D8DFE800F03838BE
S31508002470040903A8F3E7CC22237E04EBC3031A84DA
S3150800248001F0D2FA109B187003A8277E09F02DF8E0
S3150800249004EBC70787F82200237E03A804EBC303CF
S315080024A0B3F8209093F8227009F02BF8804603A819
S315080024B009F02FF88246B8F1000F15D0EB6B02220F
S315080024C030465B6904A9984704A808F0EEFF6075D2
S315080024D0637D6BB90023A3754FF0000838E0227EB0
S315080024E004EBC2021384CBE703A808F0C9FFEEE7A2
S315080024F094F81680B8F1000FEED0B9F1000F09D1A3
S31508002500DFB10123E375637E002B4FD1012F42D142
S31508002510677614E06B6C06EB0A02594286EA0200FB
S3150800252008421CBF0021A175591E0A409B1A9945ED
S31508002530D0D8A37D002BE3D1CEE7E37D43B94FF096
S3150800254000084B4652463146284608F00BFDA06067
S31508002550A27D12B123694B4423611A49237E097867
S3150800256099422AD901332376BBF1000F27D032B31B
S31508002570E37D23B3B8F1000F21D1032F1FD0A16843
S315080025804B1C1CD0109B2246009328460123FFF7BC
S31508002590F9FEA07513E095F8343063B9EB6A013398
S315080025A0CFD1032FCDD10123A376C8E7012FCFD0F2
S315080025B0032FC4D1F7E79846C3E70023A375A07D88
S315080025C0FFE600BF683B01082DE9F04F0E46984626
S315080025D000238BB004464FF0FF31104617468DF89E
S315080025E0133001F00BFAB6F5801F3BD3B21C53D15A
S315080025F0E56A6B1C57D12046616A08F0F9FB054667
S31508002600B31C18BF0123DFF810910193636A626C4B
S315080026100293236805A902FB053AE36B05225B6969
S315080026205046984705A808F0F6FF09F019F85046ED
S3150800263009F021F84FF0000B824601464B1C05D0E5
S31508002640636C81EA0A025B42134232D0294620466D
S3150800265008F0CEFB029BAB424DD0BBF1000F4DD12B
S315080026600546D3E7314605AA04F1080008F08AFEB4
S315080026700146481C10D0384601F0C0F901223946F7
S3150800268020460DF1130308F0BFFC28B19DF813305E
S3150800269088F80030002003E0237C002BA8D12D20E9
S315080026A00BB0BDE8F08F2368ED1A636CB5FBF3F544
S315080026B0A6E7484601F0A2F90DF11303494620465C
S315080026C0019A08F0A1FC034690B1B21C03D0D9F8D0
S315080026D00020B2420CD19DF8132003930D4B88F8C5
S315080026E0002049461A6838460EF041FB039B9B4674
S315080026F0D9F80810A2E7BBF1000FD0D0B6F5801FB5
S31508002700C8D2314698F800307A6804F1080001F01A
S31508002710BBF8BFE7643B01088C0600202DE9F341AE
S315080027200446174698460E46194D816AE36A8B4257
S315080027302AD04B1C18E0284601F060F901222946E8
S3150800274020460DF1070308F05FFC30B143462946E1
S3150800275020469DF80720B847B0B1A9684A1C05D09D
S31508002760012E0AD0E36A9942E5D10DE06968204650
S3150800277008F0CBFB012E0146D8D16B6881EA03022B
S31508002780636C5B421A42D1D002B0BDE8F08100BF4B
S31508002790600600202DE9F04F4FF0FF334FF6FF7229
S315080027A00025044600F10806C0E909238BB0C36278
S315080027B00562056330460F4608F0B5FD204608F069
S315080027C0E7FA20BB2046394608F062FB204608F0A7
S315080027D0DFFA20BB5E200BB0BDE8F08FE26B236802
S315080027E0606CD2F814C000FB0530052205A9E04745
S315080027F005A808F010FF012828D12946204608F028
S3150800280018FB421C2946204608F0E1FA0135E3691F
S315080028109D42E3D3204608F0BBFA0028D2D0002513
S315080028204FF0FF394FF6FF73CA46A846C4E9085366
S31508002830E369984514D3A5EB0905012D36D84FF65B
S31508002840FF72636A934246D16720C4E708F00DFF1A
S315080028500028DBD02946204608F0EBFA0246D1E7E5
S315080028602368E26B606C576900FB0830052205A9EE
S31508002870B84705A808F0CFFE834605A808F0A2FECB
S315080028800746584608F0ECFE68B1574538BFC4F805
S315080028902480B94528BFB946BD4238BF3D46BA4629
S315080028A0236A0133236208F10108C1E74FF6FF7373
S315080028B000256362E3699D42C1D2676C2068E36BB9
S315080028C0052207FB05005B6905A9984705A808F0D6
S315080028D079FE0135EEE7E26B676C2068694607FB0F
S315080028E0030055690522A847684608F06BFE626A28
S315080028F02368606C4B4D00FB023008F0BCFE4FF0BD
S31508002900FF33A062E3622A466FF00101204605AB59
S31508002910FFF75AFE002846D1AD6829462046E562EB
S3150800292008F012FA206320B92046E16A08F0EDFAA9
S31508002930E0622946204608F0E8FA0546A36A9D4261
S3150800294033D1204608F0D3F900278046B946E36913
S3150800295099453CD3B84559D92046616A08F048FAE2
S315080029600026054604F1400AB74212D8626C23686D
S31508002970694602FB0539E36B05225B6948469847B9
S31508002980684608F01FFE534602464946E06B08F0C3
S3150800299074FE2946204608F02BFA0136B04505464E
S315080029A0E2D1642017E7A56AB7E72946204608F06A
S315080029B0CBF9236B2946034407462363204608F0D0
S315080029C0A4FA0546002FB9D1C4E90B07B6E7636C2C
S315080029D02568052203FB0955E36B05A95B692846AB
S315080029E0984705A808F017FE08F03AFE58B1284699
S315080029F008F041FE0146204608F0A6F9636C143B30
S31508002A00984208BF013709F10109A0E7304608F0E6
S31508002A108AFC002320461946034AFFF77FFE00205A
S31508002A20D9E600BFB8060020F7AF00082DE9F04147
S31508002A30036B9046826B07689A4288BF8363426C31
S31508002A40436A90B002FB0377C36B0E46052201A9C1
S31508002A505B6904463846984701A808F0DCFD01285A
S31508002A600146307057D0656CE26B2368606AD2F80D
S31508002A7014C005FB0030052206A9E04706A808F0A1
S31508002A80CAFD01284FF0000523D0D4E90A320121F6
S31508002A909342CDE90B458DF834800E958DF83C10A0
S31508002AA02AD11946204608F030FA236B626C143393
S31508002AB09B1AE06223630C9B53B99DF83C303BB1EB
S31508002AC0626A616C2368E06B01FB023108F05BFD0A
S31508002AD00C9DE36B05225B6901A93846984701A856
S31508002AE008F099FD30702846236BA26B9A4288BF7E
S31508002AF0A36310B0BDE8F081237C33B91C490BAA47
S31508002B0004F1080000F00EFFD5E72046194A0BAB82
S31508002B10FFF704FECFE7237C23BB2246164904F1C0
S31508002B20080000F0FFFE616A204608F082F9616A33
S31508002B30421C204608F04BF9054620B9236B626C07
S31508002B401344143B23632046A16A08F0DEF9236880
S31508002B50A062C01A636CB0FBF3F06062204608F00E
S31508002B6017FAB6E700232046044AFFF7D7FDDAE747
S31508002B70A13200081D32000891B000082DB00008E7
S31508002B8073B50D46D11E4A421C461B7E4A419A42DF
S31508002B9026D129682368994222D3636899421FD8A7
S31508002BA0114E0DF107033246FFF70EFDC0B97268E4
S31508002BB06B689A4214D19DF80730DA1E5342534186
S31508002BC0227E93420CD1636901336361D4E90323FE
S31508002BD0934205D22968A26842F82310013323617B
S31508002BE0012002B070BD00BFB80600202DE9F04FE5
S31508002BF09A468BB09DF85030DFF850B10293DBF857
S31508002C001030804653450D461646C0F09980D14689
S31508002C10DBF804300193B9F1000F00F08D80D8F885
S31508002C203C3001225B6907A90198984707A808F074
S31508002C3064FCDBF80030984240F0858007A808F06D
S31508002C4068FC0428074614D107A808F069FC019B0C
S31508002C50029A04463B44002A3FD1864212D91446BA
S31508002C60361A4046019908F050F9A9EB0409019073
S31508002C70D1E7D8F83C3002225B69019808A9984741
S31508002C8008A8E2E7841B544528BF5446032C03EBE7
S31508002C900607AAEB040A4FEA94021CD9D8F83C3076
S31508002CA0294638465B69984724F0030304F003066F
S31508002CB01F441D44002ED4D0D8F83C3001225B694D
S31508002CC008A9384698473246284608A935440EF0DA
S31508002CD04EF80026C5E72646ECE7074600F003024D
S31508002CE0039203442A1804920593049BDD1B059B53
S31508002CF0D81B039B9F420FD1002FB2D0D8F83C3087
S31508002D00012208A95B6998473A46284608A90EF0A1
S31508002D1020F978B93D44A4E7D8F83C30012208A93F
S31508002D205B6998470422284608A90EF012F908B9E3
S31508002D30043FDAE74FF0360948460BB0BDE8F08F96
S31508002D404FF06309F8E74FF06F09F5E7E40600204E
S31508002D502DE9F0410F4616469846044688B060B3FA
S31508002D6090F83450FDB1012108F007F800210E9BB8
S31508002D70CDE90511CDE902379DF83C30CDF8048040
S31508002D808DF81C30237C04968BB90D4901AA04F1F1
S31508002D90080000F0C7FDDDE90553E06B002E08BF0B
S31508002DA01D4608F083F9284608B0BDE8F08120469C
S31508002DB0044A01ABFFF7B2FCEDE70546F3E700BFAF
S31508002DC05BB00008812B00082DE9F04F99B00F463B
S31508002DD009920A69416C0E931439D31DB3FBF1F3BA
S31508002DE0013302EBC302036B04469342C0F0B3817E
S31508002DF00023DFF824940D93E36A4846194607939F
S31508002E0000F0FCFDD7E9033604930E9B022B4ED146
S31508002E10CC2E40F08A81099B002B42D039462046A9
S31508002E2008F0A2F9656C079A6B1E13401490ED1A08
S31508002E30E36B01225B6916A97868984716A808F01B
S31508002E4060FB00280CBF04230823782E06933DD97F
S31508002E50012300254FF0080A05933B6805990E984B
S31508002E60C9F80030C9F8106008F06DFB4FEA9A03FC
S31508002E7010930023DDF81CB089F814000B930F9308
S31508002E8008930C93616C4A1E0BEA02028B1A002EF9
S31508002E9038D05544AB4240D8236B5B1A134423639E
S31508002EA0ABE0049B1B68149308230693D0E7656C74
S31508002EB0079A6B1E1340782EA5EB030516D8FB7DE3
S31508002EC07BB9099B002BB3D104230693331DAB4270
S31508002ED010D9A6B1082DBBD804250023AA46059308
S31508002EE0BBE7099B002BA3D10823EEE7099B002B20
S31508002EF09ED1D9E7002505954FF0040AADE70425CC
S31508002F000596F9E75345C7D3B0460BEB0A03039377
S31508002F10089B002B18BF032313E0A3EB0A039E426A
S31508002F20B0460BEB0A0228BF98469E420392EFD999
S31508002F300123D9F8102089F81730964271D1C9F8BB
S31508002F4004B0089399F81730002B6CD099F818201C
S31508002F500899D31C09EBC3030132C3F804B0A3F8DC
S31508002F600880997289F81820B8F1000F14D00E9BC2
S31508002F70022B5BD10B9B7BB90F9B4344032B0BD9CD
S31508002F80E36B01229B69039814A998470546002814
S31508002F9040F0E38001230B93089B16A80193059B39
S31508002FA0009399F814204346396800F0DDFCE36B7A
S31508002FB058469B69109A16A99847051E0D9B18BF77
S31508002FC05B4652460D9359464346204607F0CAFFCC
S31508002FD0236B08F10302A3EB0A0322F003029B1AF0
S31508002FE0C9F808002363002D40F0B7800F9BDDF871
S31508002FF00CB04344A6EB08060F935946204607F043
S3150800300084FF00258346002E7FF43CAF824A396848
S31508003010936804F10800E36252680E9B00F034FCE2
S3150800302084E002238DE7C9F804B09DE7099B002BCD
S3150800303030D1049BB8F1030F43440A9327D9DDE93D
S315080030400301E36B4FEA98029B69984705460028F7
S3150800305065D118F003025FD0049B28F003052B44C2
S315080030600493039B1D444FF0FF33049915A8159349
S315080030700DF07DFEE36B28469B69012215A998474A
S3150800308005460A9B0493002D86D0039B99E7424682
S31508003090039DE8E7039B0A9307F120031193FB7D41
S315080030A078689BB100233D7E0C9AD9B28D4211D91E
S315080030B0119903F1010C31F83310914226D906997A
S315080030C007EBC303D8690A44104403E00C9B069A2D
S315080030D013441844E36B01225B6915A99847159BAD
S315080030E0012213930C9B0A9804330C93E36B13A9E0
S315080030F09B699847039B0A9A43449B1A042B0546E7
S3150800310007D978B9134604330A93C8E76346521AAF
S31508003110CBE70A9B0393B6E70A9B04933CE70A9B13
S315080031200493B2E70A9B0393AFE77026304619B0BB
S31508003130BDE8F08F4FF0000A4FE03A69616CD31D85
S315080031401439B3FBF1F3013302EBC302236B934249
S31508003150BFF452AE5DE01C26E8E73D2D59D104F1D7
S31508003160080303932368079A606CA2EB030ABAFB69
S31508003170F0FA00FB0A3008F07EFAE16A804620463B
S3150800318007F0C3FEA26A8242D7D0626CD9F808302B
S31508003190511E0B40216B2668891A0B4423630D9B2D
S315080031A0E0629E1BB6FBF2F6B245C3D1079BB3EBB2
S315080031B0080A12D0E36B4FEA9A0241469B69984780
S315080031C08346E36A079A5344E362236B03989B1A80
S315080031D04344236308F0A7F8DA462368616CE06B7A
S315080031E001FB063108F0BCF9204607F0D1FD204660
S315080031F007F0CEFE2063BAF1000F9ED03A69616CE3
S31508003200D31D1439B3FBF1F3013302EBC302904229
S31508003210A8D22E468AE700BF8C060020032A2DE98D
S31508003220F34106460D4617461C4606D1237A012B5E
S3150800323023D0012002B0BDE8F081DFF8608009687C
S3150800324042460DF10703FFF7BFF960600028EDD18C
S315080032509DF80720237A032AE8D0D8F804106A686C
S315080032609142E3D1012B2969D4F80CC007D17269C0
S315080032700CEB0103934202D92074207CDAE708316B
S315080032806144E1603B46012229463046FFF79CFD32
S3150800329060600028CAD00020CCE700BFB80600202E
S315080032A02DE9F341089C032A1746266806D1237A96
S315080032B0012B24D0012002B0BDE8F081DFF8908010
S315080032C0304642460DF10703FFF77EF96060002895
S315080032D0EDD12568D8F80400A96AD5F844C0484055
S315080032E0CCF100031840227AE1D1012A09D1E2681B
S315080032F0D8F8103013447269934202D92074207C9E
S31508003300D9E72868EB6A1B1A081AB3FBFCF3B0FB6B
S31508003310FCF083420BD1706CF36A421E1340326B89
S31508003320121A13442846336307F0EFFDE862D8F80B
S315080033301020E36808321344E36001223B4604493F
S315080033402068FFF741FD60600028B0D00020B2E792
S31508003350B80600202DE9F0410025634B0E46D3F848
S31508003360008004461D6018B921252846BDE8F0816D
S3150800337090F8347007B30A6803689A4240F0AA8046
S315080033804A6843689A4240F0A5808A6883689A42E8
S3150800339040F0A080CA68C3689A4240F09B800A69D8
S315080033A043699A4240F096808A69C36B9A4240F014
S315080033B091804B698361D8E768223946856B0DF0A1
S315080033C0F2FDD6E90212336804F108002360736837
S315080033D0A5636360336963617369A36107F0B5FF29
S315080033E0B36904F14000E3639B68984720B9676CAA
S315080033F017B16368B3FBF7F794F84330E761002B1E
S31508003400B2D00023656C2366002D6BD0002F69D0DF
S315080034102368B3FBF5F205FB1233002B5CD1676812
S31508003420B7FBF5F605FB1676002E55D1204607F0B4
S315080034307BFCA369043303449F424FD340F634729E
S315080034406369CC3B93424BD8B5F5805F4AD30321D9
S31508003450204607F092FCD4E90001E36B1B68984705
S315080034600546E36B0220DB6898472DB184F8346083
S31508003470E06B07F01BFE78E741462046FFF78AF91E
S315080034806428054604D141462046FFF783F90546D8
S31508003490636C143BD5B9226A204602FB03F607F093
S315080034A043FCA369043303449E4203D284F8345090
S315080034B05A25DDE70123D4E900010C4A84F83430A3
S315080034C013680133136007F0DAFFD1E7002384F8A5
S315080034D03430CDE75D2548E7592546E75A2544E7C0
S315080034E05F2542E75B2540E75C060020580600207A
S315080034F02DE9FF410C4616461F46054680B390F84F
S3150800350034307BB3B1F5801F2ED2DFF860800121FD
S3150800351007F033FC2146424628460DF10F03FFF714
S3150800352053F8044670B99DF80F30012B11D1D8F81D
S315080035301030BB4212D10246009031462846FFF7AA
S3150800354055FB0446E86B07F0B1FD204604B0BDE81C
S31508003550F081022B14BF2D246024F3E76324F1E7DE
S315080035602124F2E71124F0E72924EEE7E4060020F7
S315080035702DE9F04385B00C4617461E460546DDF88C
S31508003580308098B390F8343093B3B1F5801F31D2B8
S31508003590DFF86490012107F0F0FB21464A462846E9
S315080035A00DF10F03FFF710F8044688B99DF80F30A0
S315080035B0012B14D1D9F8102006EB08039A4213D32D
S315080035C000904346324639462846FFF70FFB044625
S315080035D0E86B07F06BFD204605B0BDE8F083022BCB
S315080035E014BF2D246024F3E76324F1E72124F2E7CE
S315080035F01124F0E72924EEE7E40600202DE9F3413B
S315080036001F4600230C46164605463B6050B390F805
S3150800361034304BB3B1F5801F28D2DFF8548001212E
S3150800362007F0ABFB2146424628460DF10703FEF795
S31508003630CBFF0446A0B99DF80730032B10D0022B08
S315080036400AD10123336004233B60E86B07F02EFDA3
S31508003650204602B0BDE8F081D8F810303060F3E7B4
S315080036602D24F2E72124F3E71124F1E72924EFE7D3
S31508003670E406002073B50446056B07F055FB636E38
S3150800368003449D422CBF00230123854294BF002595
S315080036902D1A207C84F85030656584F85800A8B146
S315080036A000230C4E1A4619462046009607F029FEB6
S315080036B0002305461A4619462046009607F02AFEB4
S315080036C0E3682844984294BF0020C01AE06502B017
S315080036D070BD00BFFFFF0F002DE9F3471E46436983
S315080036E00446B342884617469DF828904ED30025CF
S315080036F08DF80750204607F017FBD4F830A082450E
S315080037000AD2236AB5EB430F06D2002220460DF1F2
S315080037100701FFF78BF9B8B39DF80730012B05D1E0
S31508003720002220460DF10701FFF780F9B9F1030FD2
S3150800373006D03146204607F0E7FA256B854227D39F
S31508003740144D4FF0FF31284600F058F94B462946EC
S3150800375000222046C5E90376C5F80080FFF734FB4A
S31508003760236E054663B12046FFF784FF94F8503070
S3150800377013B994F858301BB1236E04F150009847DA
S31508003780284602B0BDE8F0870135B3E76225F7E7BA
S315080037901C25F5E7B80600202DE9FF410F4690469F
S315080037A01E46054698B390F8343093B3B1F5801F9A
S315080037B031D21A4C022107F0E0FA22463946284649
S315080037C00DF10F03FEF700FF024678B101234246CA
S315080037D00093394633462846FFF77EFF0446E86BD2
S315080037E007F064FC204604B0BDE8F0819DF80F3070
S315080037F0012BEBD12169B142E8D10093414633460A
S315080038002846FFF7F3F904460028DFD1E7E7212425
S31508003810E8E71124E6E72924E4E700BFE4060020E8
S3150800382030B50C46054685B028B390F8343023B336
S31508003830B1F5801F23D2022107F09FFA0DF10F037D
S31508003840214628460F4AFEF7BFFE034688B99DF86B
S315080038500F20032A0DD0032221460092024628464D
S31508003860FFF73AFF0446E86B07F020FC204605B050
S3150800387030BD2D24F7E72124F8E71124F6E729249B
S31508003880F4E700BFE40600202DE9F043466886B356
S31508003890056898464FF0000CA946AE4655F83C40D8
S315080038A00CF1010CC4F31307013401D0B94217D047
S315080038B066450EF1080EF1D12F46002403E0A64214
S315080038C007F1080712D055F8343001340133F6D120
S315080038D0C1F3130141EA0851C7E90012BDE8F083B4
S315080038E041EA0851CEE90012BDE8F083B8F1030FAA
S315080038F003D101230372BDE8F083002303E09E424F
S3150800390009F10809F5D055F833400133C4F30754D3
S31508003910032CF4D1C1F3130343EA0853C9E900326F
S31508003920BDE8F0832DE9F0410646406882B0C0B193
S315080039300F4690460024336853F8345003EBC4030B
S31508003940C5F30752C5F31301013504F1010406D086
S315080039505B683046CDF80080B84710B1706884427D
S31508003960E9D302B0BDE8F08173B504462248012ABE
S3150800397000EAC1119DF8185023F07C4007D9961E1D
S31508003980012E28D9073303F07F03194308E09DF871
S315080039901C300A43DB0603F0C053134343F060416F
S315080039A00023C4E900108DF80730B5B1202221465E
S315080039B00DF1070007F07BFE1A220DF10700211D05
S315080039C007F075FE082063689DF8072043EA8263BE
S315080039D0636002B070BD1143E2E71B220DF10700D8
S315080039E0214607F064FE23689DF80720042043EA71
S315080039F0C2632360EDE700BF80FFFF0738B5094BB8
S31508003A000D461A68002104460DF0CDFA00234FF042
S31508003A10FF322383C4E900252361A260E382A376EB
S31508003A2038BD00BF643B01080138C0B205289ABFFB
S31508003A30014B185C01207047693B01082DE9F041EC
S31508003A400746154600240E46596888B0490A0129D2
S31508003A5022464FEA510104F10104F8D8DC78997836
S31508003A6024031B88C90201F4006104F480540C4342
S31508003A70C3F30A035203234492B24FF000089C187A
S31508003A80274B6FEA0444039325F07843ED4302A9D4
S31508003A900DF107001B2202938DF8078007F007FE39
S31508003AA09DF80720029B02A943EAC2630DF10700AD
S31508003AB01B2225F07845049302958DF8078007F0B8
S31508003AC0F6FD9DF80720029B6FEA144443EAC26399
S31508003AD005934FF0FF330794069307A9BB690122A4
S31508003AE006F110009847BB6905A90446012206F1AC
S31508003AF008009847BB69404518BF044604A9012237
S31508003B00301D98470122404518BF0446BB69304618
S31508003B1003A99847404508BF204608B0BDE8F0818C
S31508003B2001009AB2044BD3F88420D206FBD4D3F80A
S31508003B308400C0F3811070470040005038B5174B19
S31508003B400546D3F828310C4603F00703013B052B3D
S31508003B5020D8DFE803F003131B0F0B170DF014FB37
S31508003B60052305B1286004B1236038BD0DF00CFBB0
S31508003B700623F6E70DF048FB0723F2E70DF03EFBB8
S31508003B800323EEE70DF03AFB0423EAE70DF032FBD8
S31508003B900223E6E700231846E3E700BF008000504B
S31508003BA0002337B50193164B0546D3F820320C4649
S31508003BB003F00703042B21D8DFE803F0030B1116E3
S31508003BC01B0001230DB1019A2A6004B1236003B0DA
S31508003BD030BD002101A8FFF7B1FF1223F2E70DF06F
S31508003BE013FB07230190EDE70EF043FC0A2301902F
S31508003BF0E8E70DF051FB09230190E3E70023E1E72D
S31508003C000080005038B5104B0546D3F850320C46A4
S31508003C1003F00303022B12D0032B08D0012B0AD082
S31508003C200023184605B1286004B1236038BD0EF09C
S31508003C3023FC0C23F6E70EF01CFC0A23F2E70DF032
S31508003C402BFB0923EEE700BF0080005038B5104B68
S31508003C500546D3F880300C4603F00303022B0BD03D
S31508003C60032B0DD0012B0FD10DF094FA0E2305B1BD
S31508003C70286004B1236038BD0DF0C6FA0723F6E7BD
S31508003C800DF082FA0623F2E700231846EFE700BF95
S31508003C900080005038B5104B0546D3F800310C4665
S31508003CA003F00303022B0BD0032B0DD0012B0FD1EE
S31508003CB00DF0A4FA032305B1286004B1236038BDCA
S31508003CC00DF0EAFA0923F6E70EF0D1FB0823F2E72E
S31508003CD001230020EFE700BF0080005038B5184BDD
S31508003CE00546D3F820010C4600F00700062823D81D
S31508003CF0DFE800F0040A0E16121A1E00012305B1A9
S31508003D00286004B1236038BD0DF03EFA0523F6E7B6
S31508003D100DF074FA0323F2E70DF076FA0723EEE7BF
S31508003D200DF068FA0223EAE70DF02EFA0623E6E715
S31508003D300DF064FA0423E2E700231846DFE700BF24
S31508003D400080005038B5104B0546D3F840310C4674
S31508003D5003F00303022B0BD0032B0DD0012B0FD13D
S31508003D600EF087FB0A2305B1286004B1236038BD2D
S31508003D700DF092FA0923F6E70EF07EFB0C23F2E724
S31508003D8001230020EFE700BF00800050002337B56D
S31508003D900193164B0546D3F860320C4603F0070329
S31508003DA0013B032B1FD8DFE803F0020E191400218C
S31508003DB001A8FFF793FF10230DB1019A2A6004B1F9
S31508003DC0236003B030BD002101A8FFF7BBFF112314
S31508003DD0F2E70DF019FA07230190EDE70DF00AFA5C
S31508003DE002230190E8E70023E6E700BF00800050C1
S31508003DF0002337B50193164B0546D3F894320C4683
S31508003E0003F00703013B032B1FD8DFE803F0020E7C
S31508003E101914002101A8FFF761FF10230DB1019ABB
S31508003E202A6004B1236003B030BD002101A8FFF762
S31508003E3089FF1123F2E70DF0E7F907230190EDE773
S31508003E400DF0D8F902230190E8E70023E6E700BF62
S31508003E500080005038B5104B0546D3F860310C4643
S31508003E6003F00303022B0BD0032B0DD0012B0FD12C
S31508003E700EF0FFFA0A2305B1286004B1236038BDA5
S31508003E800DF00AFA0923F6E70EF0F6FA0C23F2E724
S31508003E9001230020EFE700BF0080005073B50D46F0
S31508003EA00021114B0191D3F88041064604F0030422
S31508003EB0022C13D0032C0CD0012C13D101A8FFF728
S31508003EC00DFF10240EB1019B336005B12C6002B0C2
S31508003ED070BD0DF099F907240190F3E70DF08AF902
S31508003EE00190EFE70C46EDE70080005038B5104B1F
S31508003EF00546D3F840320C4603F00303022B0BD0D9
S31508003F00032B0DD0012B0FD10EF0B3FA0A2305B1FE
S31508003F10286004B1236038BD0DF0BEF90923F6E721
S31508003F200EF0AAFA0C23F2E701230020EFE700BF00
S31508003F300080005038B5144B0546D3F800020C46ED
S31508003F4000F0070004281BD8DFE800F003090D116C
S31508003F501500012305B1286004B1236038BD0EF0B1
S31508003F6088FA0A23F6E70DF097F90923F2E70EF027
S31508003F7083FA0C23EEE70DF027F90F23800AE9E709
S31508003F8000231846E6E700BF0080005038B5144BFA
S31508003F900546D3F808020C4600F0070004281BD88B
S31508003FA0DFE800F003090D111500012305B12860AB
S31508003FB004B1236038BD0EF05CFA0A23F6E70DF06B
S31508003FC06BF90923F2E70EF057FA0C23EEE70DF02A
S31508003FD0FBF80F23800AE9E700231846E6E700BF47
S31508003FE000800050B0F5207F1FD009D8B0F5007FBB
S31508003FF015D003D868B1B0F5C07F0AD000200CE010
S31508004000B0F5607FFAD10B4BD3F88000C0F30110EE
S3150800401003E0084B186FC0F3033001307047054BB7
S31508004020D3F89000C0F30460F7E7024B186FC0F3AB
S315080040308020F2E70080005002464FF48030104B93
S3150800404010B598660020FFF7CDFF504341F6713250
S315080040500C4BDC69DA635A6804F4803422F44012A3
S3150800406059B90949884294BF002001200005024336
S315080040705A600CB10022DA6310BD0449F2E700BFAA
S315080040800090005000000350005A6202002D3101D2
S315080040904209531E022B96BF074B002303EB8203EC
S315080040A000F01F0029B103F58053012282401A60EF
S315080040B0704703F50053F8E7608000501FB50021EC
S315080040C0B0F5807F0446CDE9001100F0CF803BD8DB
S315080040D0002800F0A480A0F12004602C44D8602CAD
S315080040E042D8DFE804F09CA49CA4B4B4B4B4B4A445
S315080040F0BE4AD46A4AA4A4A441414141414141412E
S31508004100A4A4A47CDEA4414141414141414141412D
S315080041104141E3B49C9C9CD94A4A88E85FB941412D
S31508004120414141939C41B4B4B4B4B4B9B9A441A4CF
S31508004130A4414141414141414141414141414141FE
S315080041404141414141419800B0F5E06F00F0A98036
S3150800415038D8B0F5607F75D01AD8B0F5007F61D031
S3150800416005D8B0F5C07F5AD0009804B010BDB0F598
S31508004170207F5CD0B0F5407FF6D10DF025F80246D9
S315080041804FF42070FFF72EFFB2FBF0F2520857E00B
S31508004190B0F5B06F65D00AD8B0F5806F57D0B0F5D6
S315080041A0A06FE1D100216846FFF7FAFCDCE7B0F51D
S315080041B0C06F6CD0B0F5D06FD6D100216846FFF736
S315080041C0B9FED1E7B0F5186F70D00DD8B0F5086F05
S315080041D07FD0B0F5106F5FD0B0F5F06FC4D1002175
S315080041E06846FFF737FEBFE7B0F5286F63D007D8F4
S315080041F0B0F5206FB8D100216846FFF7C7FDB3E7D1
S31508004200B0F5406F28D0B0F5486FADD100216846AB
S31508004210FFF7EEFDA8E70CF0BDFF0090A4E70CF051
S31508004220D3FFFAE70CF0B6FF0246204604E00CF08E
S31508004230CBFF02464FF42070FFF7D4FEB2FBF0F234
S31508004240009291E701A8FFF701FD019AEDE7002129
S315080042506846FFF743FD87E700216846FFF76EFCCF
S3150800426082E700216846FFF719FE7DE74FF0E02355
S3150800427002911B695B0705D50CF0A6FF0290029B0D
S31508004280009371E703A902A8FFF75CFDF7E7002191
S315080042906846FFF757FD67E700216846FFF776FE91
S315080042A062E700216846FFF721FE5DE700216846C0
S315080042B0FFF7A8FC58E70021084B0391D3F87032A2
S315080042C003F00303012B02D103A8FFF73BFD039B71
S315080042D0D6E76846FFF7DEFC46E700BF00800050D9
S315080042E008B58020FFF7EAFE034B98429EBF4FF4BD
S315080042F08032024B1A6708BD005A620200A00050BD
S31508004300B0F5207F10B50C465DD008D8B0F5007F13
S315080043104ED003D8C0B1B0F5C07F15D010BDB0F5EA
S31508004320607FFBD12C4B4C1ED3F8FC202B4912F096
S31508004330807F4FEA041427D1D1F8803023F0300368
S315080043402343C1F88030E9E707F0CFF907F0DBF936
S315080043504FF48031224B214A1967136F013C23F42D
S31508004360704343EA043313670CF02EFF0446FFF745
S31508004370D9FBC0F10201204607F0BFF900F04AF860
S31508004380BDE81040FFF7ACBFD3F8FC2022F08072DE
S31508004390C3F8FC20D1F8802022F030022243C1F86D
S315080043A08020D3F8FC2042F08072C3F8FC20B5E7E1
S315080043B00A4A4C1ED2F8903023F0F85343EA0463B5
S315080043C0C2F89030AAE7054A4C1E136F23F480639F
S315080043D043EA84231367A1E700ED00E0008000505C
S315080043E00090005008B50121022000F057F84FF45C
S315080043F02070FFF7F7FD054B187007F076F907F000
S3150800440082F94FF48032024B1A6708BD161F002046
S315080044100090005008B54FF4C070FFF74FFEBDE896
S3150800442008400449884294BF012102214FF42070B4
S31508004430FFF766BF80F0FA0238B504460CF0C4FEF2
S315080044400546FFF76FFBC0F10201284607F055F94C
S315080044500121002000F062F82CB1FFF7DBFFBDE870
S315080044603840FFF73DBF034B4FF420701978FFF72C
S3150800447047FFF4E7161F0020024A536B0342FCD19C
S31508004480704700BF00800950034A0179D36E23F0B4
S3150800449030030B43D366704700400050F8B5044616
S315080044A01C4BD3F88420D106FBD4D3F88430C3F34D
S315080044B081139C422CD00CF06DFE012C064602D1CD
S315080044C0214607F01AF90DF0B6FF4FF00072124BAD
S315080044D007465A66204607F01BF94FF480630D4DD0
S315080044E0621E93402B676B6E9A0103D4D5F884300D
S315080044F09B060AD538460DF099FF022C08D130469E
S31508004500BDE8F840002107F0F8B8D5F88430EAE7A6
S31508004510F8BD00BF004000500060005010B50C46C2
S3150800452008B90CF037FE074B21461B783BB1064B02
S31508004530984204D80120BDE81040FFF7AFBF02201B
S31508004540F9E700BF171F0020005A62024FF0004229
S3150800455038B5244B244C5A664AF6CD33656C014669
S3150800456005F00105236428BB0120FFF785FF636872
S31508004570DB0715D51D4B586008461D4B226BD20725
S315080045800CD4984208D1072415B1174B194A1A6456
S3150800459007F0BFF8204638BD0130EFE79842F2D061
S315080045A00024F1E70132236B13F0080305D08A4291
S315080045B0F8D1E8E700220E49F5E78A42E3D0202140
S315080045C00A4A91620121A2F5805251600649084AB9
S315080045D0886A800603D49342D5D00133F8E793421C
S315080045E0DDE700BF009000500080095000A0095088
S315080045F040420F003254FFFF4FF0004238B5164BC9
S3150800460001465A664AF6CD33144C154A656C23643E
S3150800461043780B205B0043F00103D363FFF72CFFBD
S3150800462063688A7823F4F87343EA02136360CA78E6
S315080046304B7943EA0223A3600A798B7943EA02237A
S3150800464023610878FFF782FFEB0744BF054B236415
S3150800465007F05FF8012038BD00900050008009502F
S31508004660004000503254FFFF4FF00042124B70B525
S315080046705D6E03F580535A664AF6CD3304460F49F4
S3150800468080204E6C0B64FFF7F7FE0B6A23F00F03CE
S315080046900F2C94BF234343F00F030B62F30744BF69
S315080046A0074B0B64002DA2BF4FF00042054B5A661C
S315080046B007F02FF870BD00BF008000500080095039
S315080046C03254FFFF00A000504FF48032054B9A6623
S315080046D041F6713203F51C33DA63012203F5005300
S315080046E0DA6070470090005041F671320121064B9E
S315080046F0DA6303F50052D1600022DA634FF48032A0
S31508004700A3F518339A66704700000350044B1868DF
S31508004710421C02BF034AD2F894001860704700BFD3
S3150800472044220020004000504FF48032084B5A665D
S3150800473003F5EE239B69C3F3461203F00F010A4300
S315080047404280C3F30342C3F30333427003707047D6
S31508004750009000500120034B9B680A3303F01F03A7
S31508004760984070470080E00F274B2DE9F0411B6801
S315080047700CF014FE0128074620D90DF05BFF051E34
S3150800478003DA01242046BDE8F081204B1B78002B74
S3150800479038D14FF050081E4C04EB0800A465C4F845
S315080047A05C800DF0EEFF206680B90124012FE9D95F
S315080047B028460DF055FF0028E4DAE2E7134B1B788C
S315080047C003F0FF05002BE4D00024DBE70024114E9C
S315080047D0214606F110033246012034607460B36046
S315080047E0C6F80C800EF07DF830660028DDD003216F
S315080047F0512008F01AF8512001F036FB0122034B2C
S315080048001A70D3E70024D3E748220020181F002097
S31508004810740700201007002008B54FF098435B6C1A
S31508004820D90208D50CF0BAFD0238012803D8094B7D
S31508004830186E0EF0D5F84FF098435A6CD202FCD594
S315080048405B6D054A03F4702313605120BDE80840E8
S3150800485001F018BB10070020482200202DE9FF4769
S315080048604FF000080E4617460446CDF8008000288B
S3150800487059D022B90025284604B0BDE8F08700299A
S3150800488051D032F0030902F0030A1FD04FF0E0635B
S31508004890C0E9003801230191C0F808800293C0F8E6
S315080048A0208049F0005301A903930DF046FE4946BE
S315080048B020460DF01CFE20460CF012FD054628B1D8
S315080048C04A46414630460CF06EFBD4E7BAF1000F73
S315080048D0D0D04FF000084FF0E063C4E90038012358
S315080048E0CDF804D00293114B204601A9C4F80880DC
S315080048F0C4F8208003930DF020FE042120460DF015
S31508004900F6FD20460CF0ECFC054608B13A46D8E719
S31508004910009A4E44EB00013522FA03F3AA4506F83D
S31508004920013BF7D1A6E72125A5E700BF0400002033
S315080049302DE9F0410F4601780446013990468AB0C0
S31508004940042947D8DFE801F00332373C4100402507
S31508004950142621490C3400225D43C7E901223A6234
S315080049603846396029460DF0C2FD0123384646F01F
S31508004970005604A945F00055CDF804800293039526
S3150800498004940593069607940893099607F0D8F9B0
S31508004990384601A907F0D4F9384607A90DF0CDFD28
S315080049A038460CF09DFC0AB0BDE8F081402520266B
S315080049B00A490C34CFE74025202609490C34CAE7B2
S315080049C08025402607491434C5E780254026064930
S315080049D01434C0E72120E6E70002010300030103BF
S315080049E000040103000501030006010310B591B197
S315080049F088B10023C0E90133084B00F10C0203F12A
S31508004A00200153F8044B8B4242F8044BF9D1012399
S31508004A100370002010BD2120FCE700BF383C0108C8
S31508004A2010B591B188B10023C0E90133084B00F1F4
S31508004A300C0203F1200153F8044B8B4242F8044B55
S31508004A40F9D102230370002010BD2120FCE700BF26
S31508004A506F3B010810B591B188B10023C0E9013355
S31508004A60084B00F10C0203F1200153F8044B8B426A
S31508004A7042F8044BF9D103230370002010BD21200E
S31508004A80FCE700BF903B010810B5A1B198B100231F
S31508004A90C0E90133C0E90333084B00F1140203F1FE
S31508004AA0400153F8044B8B4242F8044BF9D10423D6
S31508004AB00370002010BD2120FCE700BFB13B0108B0
S31508004AC010B5A1B198B10023C0E90133C0E9033399
S31508004AD0084B00F1140203F1400153F8044B8B42D2
S31508004AE042F8044BF9D105230370002010BD21209C
S31508004AF0FCE700BFF23B01082DE9F04F0D46904652
S31508004B0004468BB000287DD000297BD0002A79D0B6
S31508004B100278013A042A75D8DFE802F0030C5860D7
S31508004B206B001427394A00F10C0B00F1040A2C34E7
S31508004B30B94608E020274FF01C09354A00F10C0B4E
S31508004B4000F1040A2C34402199455BD80AF1040384
S31508004B500AEBD10653F8040B002855D1B342F9D114
S31508004B60DAF80030013901EA0306C5E900203146C2
S31508004B70A860286228460DF0BAFC2846DAF8001024
S31508004B800DF0B5FC012249F00053284601A947F06B
S31508004B90005746F00056CDF804B0029203970494E5
S31508004BA005920696CDF81C800892099307F0C8F876
S31508004BB0284604A907F0C4F8284607A90DF0BDFC45
S31508004BC028460CF08DFB0BB0BDE8F08F2027114A64
S31508004BD000F10C0B00F1040A2C34A9E740274FF02A
S31508004BE030090D4A00F1140B00F1040A54348021EF
S31508004BF0AAE74027094AB94600F1140B00F1040A4E
S31508004C005434F4E72120DEE70F20DCE70002030333
S31508004C10000303030004030300050303000603035C
S31508004C202DE9F04387B00D4691461E460446DDF849
S31508004C303880002836D0B8F1000F33D002B98BBBC4
S31508004C406B1EDBB2042B2DD8174AD75C0F9B9F42ED
S31508004C5028D80023280200F1407000F580703146FC
S31508004C60C4E901332060236220460DF040FC01238D
S31508004C706946204646F0005647F00057CDF80090A2
S31508004C8001930296CDF80C800493059707F058F81F
S31508004C90204603A90DF051FC20460CF021FB07B075
S31508004CA0BDE8F0832120FAE7333C0108F0B50F464A
S31508004CB016461D46044693B010B9212013B0F0BD20
S31508004CC00029FAD0002AF8D0002BF6D00023314666
S31508004CD01A46384606F00BFE0028EFD1304602A9E0
S31508004CE006F0A1FD0028E9D1EB68022B0AD0396845
S31508004CF03F48029A81426B6902D01830814270D1CE
S31508004D009A42DAD82B68002BD7D14FF06062384622
S31508004D10C4E90023A360236201A906F043FE002824
S31508004D20CCD10199204621F4F06101910DF0DFFB09
S31508004D306946284606F036FE0028BFD12046009967
S31508004D400DF0D5FB384609A900F054F80028B5D16E
S31508004D50204609A906F0F4FF38460CA906F009FF13
S31508004D600028ABD120460CA906F0EAFFEB684BB148
S31508004D70284606A900F03EF800289FD1204606A935
S31508004D8006F0DEFF304603A906F0F3FE002895D1AB
S31508004D90B368DA040CD59B0427D50621F369326972
S31508004DA01B6801FB03225B0043F000530392059343
S31508004DB0204603A906F0C4FF28460FA906F0D9FE27
S31508004DC000287FF47BAF20460FA90DF0B6FB03251C
S31508004DD020460CF085FA01287FF470AF013DF7D123
S31508004DE06CE7B3EB420F8DD267E7292066E700BF71
S31508004DF0200000B090B189B101234B60C368013B24
S31508004E00012B08D88269064B1AB10A6000208B600C
S31508004E107047044AF9E74FF00053F7E72120704737
S31508004E2008000020583C010870B50E461546044691
S31508004E308AB000285BD0002959D0002A57D0012310
S31508004E4029461A46304606F052FD00284DD1B36869
S31508004E5013F4C04F4BD0AB6803F4C043B3F5005FFF
S31508004E6045D1254BA060C4E90030206207A9304629
S31508004E7006F098FD002838D1204607990DF037FB33
S31508004E80304601A9FFF7B6FF78BB204606F058FF63
S31508004E90304604A906F06DFE38BB204604A906F084
S31508004EA04FFFEB681BBBAB6803F4C043B3F5005F69
S31508004EB01DD16946284606F0E1FCB0B9009B6A692F
S31508004EC09A4216D32A6943F00053079201222046D4
S31508004ED007A90892032509930DF02FFB20460CF02D
S31508004EE0FFF9012801D1013DF8D10AB070BD212092
S31508004EF0FBE71D20F9E700BF000001022DE9F0439A
S31508004F0091B00D46DDE918760446DDF8688000287C
S31508004F106ED000296CD0B8F1000F69D00FB9002EF9
S31508004F2066D1296801F07041B1F1404F5BD0002B82
S31508004F305BD1531E042B5BD8120202F1C06202F544
S31508004F40807200232846C4E90133226023620DA932
S31508004F5006F028FD002843D120460D990DF0C7FA22
S31508004F60314620460DF0C3FA284601A9FFF742FF4D
S31508004F70002835D1204601A906F0E2FE284604A9F4
S31508004F8006F0F7FD60BB4FF00109204604A906F0BC
S31508004F90D7FE46F00056204607A90797CDF8209079
S31508004FA0099606F0CDFE2B680A9703F07043B3F115
S31508004FB0404FCDF82C900C9603D120460AA906F04E
S31508004FC0BFFE0123CDF834800E931B9B204643F089
S31508004FD000530DA90F930DF0B0FA20460CF080F996
S31508004FE011B0BDE8F083034AABE74FF0C062A8E70B
S31508004FF02120F5E7000002062DE9F0418CB00D46A8
S31508005000DDE912860446149F002869D0002967D076
S31508005010B8F1000F01D1002E62D1002F60D0A96827
S3150800502089045DD5296801F07041B1F1404F4DD032
S31508005030002B4DD1531E042B52D82A4B03EB0222C8
S3150800504000232846C4E901332260236209A906F031
S31508005050A9FC002837D1204609990DF048FA3146AF
S3150800506020460DF044FA69462846FFF7C3FE50BBB2
S315080050706946204606F064FE284603A906F079FD2F
S3150800508008BB204603A906F05BFE012346F000563E
S31508005090CDF818800793089609970A93159B43F04D
S315080050A000530B932B6803F07043B3F1404F11D1B3
S315080050B009A9204606F044FE06A9204606F040FE49
S315080050C020460CF00DF90CB0BDE8F081064AB7E7AA
S315080050D0064AB5E706A9204606F032FE09A9ECE716
S315080050E02120F0E700010106000003060000010682
S315080050F010F1860F14D010F1850F07DA10F1930F0F
S3150800510011D0873007D04FF0FF307047003818BFEE
S31508005110012040427047054B194411F9050C7047A8
S315080051206FF0710070476FF06F007047603C0106C2
S31508005130012910B50CDC084C084B00290CBF214688
S31508005140194607F0C9FA2146BDE81040FFF7D0BF57
S315080051506FF0740010BD00BF0B0000020A000002C9
S3150800516008B507F0F9FABDE808400149FFF7C0BFDE
S315080051700B000002002307B54022019301AB07F09C
S3150800518007FB034903B05DF804EBFFF7B1BF00BFA7
S315080051900B000002012910B50CDC084C084B00294D
S315080051A00CBF2146194607F097FA2146BDE810407C
S315080051B0FFF79EBF6FF0730010BD00BF0900000225
S315080051C00800000208B507F0C7FABDE8084001491B
S315080051D0FFF78EBF09000002002307B520220193BE
S315080051E001AB07F0D5FA034903B05DF804EBFFF706
S315080051F07FBF00BF0900000210B5044C214607F026
S315080052006BFA2146BDE81040FFF772BF05000002A1
S3150800521008B507F0A1FABDE808400149FFF768BFDD
S3150800522005000002002307B51422019301AB07F01D
S31508005230AFFA034903B05DF804EBFFF759BF00BFA7
S315080052400500000238B5134DFFF78EFA124B134AC4
S315080052501349144803F01EFA2B7803F0FF04BBB970
S315080052600CF09CF8012802D90DF0E4F904462B78D5
S315080052702BB90D4B0D481B68984701232B700CF072
S315080052808DF8012804D92046BDE838400DF0E8B964
S3150800529038BD00BF191F00208BBD00086DBD000872
S315080052A0A5BD0008AFBD000888220020081600200A
S315080052B000F01F02A0F50620A0F55060812810D83E
S315080052C0012309494009934051F820201A4341F81F
S315080052D02020064951F8202022EA030241F820201E
S315080052E070474FF0FF307047EC070020D8070020C2
S315080052F000F01F03A0F50620A0F55060812810B520
S3150800530019D801210D4A4009994052F820300B431B
S315080053100B4942F82030D1E9004323448C682344E2
S31508005320CC68096923445B1804D1C2E90033C2E991
S315080053300233136110BD4FF0FF30FBE7D80700209A
S31508005340EC0700202DE9F04FA7B003921F4604464C
S315080053500822CDE90401414021FA02F34B4098079F
S3150800536002F1080218BF9B00202A1C44F4D18123AD
S31508005370B4FBF3F303EBC313E41A7F4B04F50624DB
S315080053801B7804F55064002B39D103F077FD0546E8
S3150800539000286FD10146402206A80BF004FE2946D4
S315080053A0402216A80BF0FFFD744D754EA846103521
S315080053B0AE4228BF2E467348013E00964346102249
S315080053C0006806A905F09DFF4FF0000B81460DF118
S315080053D0180AD94541D16B48009643461022006801
S315080053E016A905F097FF4FF00008834616AEC34589
S315080053F046D1654B9D42D8D101225F4B1A704FF0BA
S3150800540081080026DFF894B1A4F50625A5F55063B2
S315080054105B095BF8232004F01F01CA40D20746D473
S315080054205A4A52F82330CB40DB0732D58123002E67
S3150800543008BF2646A5F6FF44B4FBF3F303EBC313F4
S31508005440E41A04F50624B8F1010804F55064DBD122
S31508005450039B03B3FEB1344625E05AF8040BFFF765
S3150800546027FF013009D10022434B1A70424B1B78A3
S31508005470002BC4D16FF091000FE00BF1010BA8E7E8
S3150800548056F8040BFFF734FF0130EFD008F1010896
S31508005490ADE7039B23B96FF08B0027B0BDE8F08F0B
S315080054A0002E18BF3446329B00201C60F5E7309B5F
S315080054B013B10023309A1360319B13B10023319A3C
S315080054C013604FF0100ADFF8BC90CDF800A0002357
S315080054D03A462146D9F80000FEF74AF8002838D19E
S315080054E030993A682A4BE9B19A42C1F800A01CD013
S315080054F02146D9F80000FEF793F90028CBD1D7E961
S315080055000223DDE90410834208BF8A422AD0812398
S31508005510A5F6FF45B5FBF3F303EBC313ED1A05F543
S31508005520062490E79A42EAD0E2E7319B002BE6D0C0
S315080055302146D9F8000016AAFEF760F848B9319B4B
S31508005540309A1B681268934294D39B1A319A136057
S31508005550D5E7104B9842CBD06328C9D00E4B98425A
S31508005560CDD087E7039B002B9DD07B68012B9AD172
S315080055706FF0840091E700BF1A1F0020006D080035
S31508005580816D080090220020906D0800D807002041
S31508005590105D175EFFDF00F0FEDF00F0EC0700206D
S315080055A070B5124D2B7803F0FF04CBB90BF0F6FE5D
S315080055B0012802D90DF03EF804462B784BB90C4861
S315080055C0436D43F0010343650A4B1B689847012363
S315080055D02B700BF0E3FE012802D920460DF040F8A7
S315080055E0BDE87040044B02481B6818471B1F002083
S315080055F0000800208822002080220020034B1B7808
S315080056001BB1034B03481B68184770471B1F002034
S315080056107C220020000800202DE9F04F87B0824642
S31508005620894698461646DDF840B02AB1002B57D071
S3150800563040F26C739A4256D8BBF1010F56D8002433
S3150800564006F1100739460120059407F082FB054646
S3150800565000284ED021463A460BF0A5FCFFF7A0FFDE
S3150800566005ABCDE9014300942B4601225046494635
S31508005670FFF768FE044690B110F18C0F08BF6FF073
S315080056808D043A46002128460BF08DFC284607F083
S3150800569042FBFFF7B3FF204607B0BDE8F08F164B75
S315080056A0C5E902A92B60C5F804B02EB132464146B9
S315080056B005F110000BF05BFB059E10483B462A4699
S315080056C031460068FEF768F838B93046FFF7F0FD4E
S315080056D0013008BF6FF08604D3E76FF09104D0E776
S315080056E06FF08604D7E76FF09104D4E76FF085046E
S315080056F0D1E76FF08C04CEE7105D175E902200208C
S315080057002DE9F0478CB08146DDE914780C4616463B
S315080057101D466BB1B8F1000F49D0002F47D0B7F13D
S31508005720005F44D3C3F1005303F500239F423ED8DC
S315080057304FF0000A1022002108A80BF034FCCDE92E
S3150800574005AAFFF72DFF07AB029305AB019306AB3E
S31508005750214600935246484608ABFFF7F3FD044638
S31508005760D0B9059B3DB1B3421CD853EA060504D00F
S315080057706FF0860410E0B342FAD3069B0D48C8F8CA
S31508005780005000953A46079900683344FDF7F0FE45
S31508005790002818BF6FF09104FFF730FF20460CB0C1
S315080057A0BDE8F0879B1B9D4228BF1D46E5E76FF0C5
S315080057B08604F3E79022002070B500260C460546BD
S315080057C08CB01022002108A80BF0EDFBCDE9056688
S315080057D0FFF7E6FE07AB029305AB019306AB21463E
S315080057E000933246284608ABFFF7ACFD044608BBD3
S315080057F0099B012B23D0079D144B29461868FEF7F1
S315080058000FF8F8B9A5F50623A3F55063812B05F023
S315080058101F020DD801210E485B09914050F823203C
S315080058204A4040F823202846FFF762FD013001D19F
S315080058306FF08604FFF7E2FE20460CB070BD6FF0ED
S315080058408404F7E76FF09104F4E700BF9022002084
S31508005850EC0700202DE9F0410D4614461E46C4B05B
S3150800586010B96FF086000DE00029FAD0002AF8D0AA
S31508005870002BF6D0038803F44F42B2F5824F04D0CA
S315080058806FF0850044B0BDE8F081DAB2122AF7D18C
S3150800589023F0FF03B3F5E24F27D143883360FBB902
S315080058A0E3003360B3F5807FEAD100231846424906
S315080058B02E19214411F8014D16F8012D1043121B1B
S315080058C00CBF4FF0FF340024B54203EA040343EA51
S315080058D00203EFD10028C4D0002BC2DA0020D1E79A
S315080058E0DA1DB4EBD20FDDD0BBE7B3F5824F60D13A
S315080058F00B78042BB5D12822002118A80BF053FBEE
S3150800590018A80CF0EAFD002850D100278422394651
S3150800591023A822970BF047FB012320223946684625
S315080059208DF888300BF03FFB20224FF08808013CA9
S315080059303946013505940DEB0200E4000495640828
S315080059400BF031FB22AD2022394610A80C95CDF874
S3150800595034800BF028FBE02CCDE91458346003D0D2
S31508005960B4F5807F7FF47DAF144B0734009308931A
S315080059704FF4005302934FF48043E4086A460A93AF
S31508005980640010AB08A918A81194FFF78FF93368BB
S315080059900733DB085A0033B10021531E013B297037
S315080059A005F10105FAD2002898D05AE76FF092005F
S315080059B068E76FF0960065E7673C010820000080FD
S315080059C0F8B5134642880C460732072A4FEAD20131
S315080059D001D0A1426DD1D0E9016705882022184679
S315080059E000210BF0E0FA360A034626B1012E11D043
S315080059F06FF08B00F8BD002C5BD041F20102954296
S31508005A0005D0B5F5885F02D0B5F5905F1BD15C600F
S31508005A100020EFE7C660002C4BD041F20102954208
S31508005A200BD15C60B90707F001021FD4002AEFD139
S31508005A309A6842F080729A60EAE7B5F5885FF0D016
S31508005A40B5F5905FEDD0B5F5105F0AD1182C03D0E7
S31508005A50202C01D0102C2CD1C3E90044002ED7D01D
S31508005A60E0E705F44F42B2F5824F02D06FF08500A9
S31508005A70C0E7EAB2122AF9D1202CF7D10E4A25F04E
S31508005A80FF05B5F5E24F1A600CD0B5F5824F10D177
S31508005A904FF4005217F4705F09D017F4864F04D0FC
S31508005AA09A60E3E74FF48042F4E742F480629A6032
S31508005AB0D4E76FF086009DE7200000802DE9F041CD
S31508005AC0174600221C4643688CB01B0A80460D46C2
S31508005AD0009204D0012B56D06FF08B008EE0008820
S31508005AE020F0FF03B3F5824F15D1B8F8022007322C
S31508005AF0D208009206F0BAF9002800F0E1800B7887
S31508005B00042B05D1013FB7EB420F05F1010503D080
S31508005B106FF0860072E00097009E224631464046A6
S31508005B20FFF74EFF002869D1FA1CC4E9030522F0E5
S31508005B3003026261002E00F0A4802022002101A841
S31508005B400BF031FA3146404601AAFFF739FF002823
S31508005B5040F097802368019A9A4240F092806368E1
S31508005B60029A9A4240F08D80A368039A9A4240F0BE
S31508005B708880A369079A9A4240F08380E369089A65
S31508005B809A423BD07DE0032FC2D90B78012B40F017
S31508005B909A80497800294BD0F73908299CD801A35F
S31508005BA053F821F00D5C0008C95B0008D95A0008B3
S31508005BB0035C0008D95A0008275C0008D95A00086F
S31508005BC0175C00081F5C00084FF41056F8253F4F75
S31508005BD01C22002102A80BF0E6F903230197CDE960
S31508005BE00435039601AA09AD134603CBAB422060E0
S31508005BF061601A4604F10804F6D100200CB0BDE82D
S31508005C00F08110274FF08076FA25E1E720274FF03C
S31508005C100076F725DCE7FE252C4F2D4ED8E7FF2525
S31508005C202A4F2C4ED4E74FF41056FC25274FCFE7C2
S31508005C302B2F7FF66DAF202220460BF0B4F905F125
S31508005C4010032361AB070DD001AB05F128061A46F0
S31508005C5028686968083503C2B5421346F7D128682B
S31508005C6001AD10606B68103F2360AB6869466360DE
S31508005C70EB682046A36001236761E36005F0D3FD66
S31508005C8028B12022002120460BF08DF940E7B8F80C
S31508005C900030009E03F44F42B2F5824F0ED1DAB2BD
S31508005CA0122A0BD123F0FF03B3F5824F06D17300F6
S31508005CB062691C339A42BFF43DAFE2E73346F7E721
S31508005CC06FF085009AE76FF0910097E72000008053
S31508005CD00044000200440003038810B503F44F4251
S31508005CE0B2F5824F21F0FF0221F4FF71134C21F027
S31508005CF0010109D0A1421AD0114B9A4214BF6FF084
S31508005D0085006FF0860010BDA142DBB20FD00C49AA
S31508005D108A420CD0122B0DD14388B3F5807F09D166
S31508005D20B2F1062F0CBF00206FF08500EBE76FF08D
S31508005D308600E8E76FF08500E5E700BF0002000689
S31508005D4000130006184A20F4FF7323F00103934258
S31508005D500ED0164B20F0FF029A4209D0144920F4BF
S31508005D607F7323F003038B4202D0124B9A4217D15A
S31508005D7010F0FF0017D040F0007000F17E400538A3
S31508005D8006280DD8DFE800F0040C0C0E06080A00F9
S31508005D90012070470320704704207047052070478C
S31508005DA00020704702207047000200060013000614
S31508005DB0000400060009000607B5094B18689A880A
S31508005DC09B7900906846ADF804208DF80630FEF7FA
S31508005DD013FC0C20FEF748FC002003B05DF804FB1A
S31508005DE0873C010813B50024064A6846536F43F0FA
S31508005DF00103536700948DF80440FEF745FB2046DF
S31508005E0002B010BD004000500028ACBF00F1604051
S31508005E10064B4FEA0111C9B2ABBF00F5614000F06D
S31508005E200F0080F800131954704700BF14ED00E006
S31508005E3008B50CF009FB0B4B1A7872B901221A70D7
S31508005E400CF0FDFA6FF0040210460132052152B239
S31508005E50FFF7DAFF5D2AF7D108BDBDE808400CF068
S31508005E60EEBA00BF1C1F0020002807DB01234109EA
S31508005E70034A00F01F00834042F82130704700BFF4
S31508005E8000E100E0002808DB01224309034900F08D
S31508005E901F008240603341F82320704700E100E08C
S31508005EA073B50CF0C8FA0D4D0D4B2E781C680CF026
S31508005EB0BDFA0CF04AFC38B1FF2E05D0002029782F
S31508005EC001AA04F0FFFE019C2CB90CF0B4FA054BAC
S31508005ED01C680CF0ABFA204602B070BD11230020F6
S31508005EE0640800206808002010B504460CF0A3FAE0
S31508005EF0024B1C600CF09AFA002010BD68080020BE
S31508005F0013B5002301241A4619461846009402F0D0
S31508005F1033FF002300941A461946184602F05EFF1E
S31508005F200248FFF7E1FF002002B010BD6022002002
S31508005F3007B5684600F030F8DDE900010022034B9A
S31508005F4003B05DF804EB07F035B900BF6C08002014
S31508005F5007B5009313460A460146034806F0E9FCCE
S31508005F6003B05DF804FB00BF6C08002013460A4620
S31508005F700146014806F0CCBD6C08002007B5009321
S31508005F8013460A460146034806F0C7FE03B05DF805
S31508005F9004FB00BF6C0800200249034A0160521A3C
S31508005FA042607047F82C002000000820004870471F
S31508005FB06C08002008B50AF028FD034B1868BDE8F0
S31508005FC008400CF0C4BB00BF9408002030B5094D4A
S31508005FD08BB001AC0FCD0FC40FCD0FC42B680021B9
S31508005FE001AA054823600CF05DFB044B18600BB052
S31508005FF030BD00BF943C0108B55F00089408002036
S31508006000002307B50193054B1B680CF083FD019B24
S31508006010002BFCD003B05DF804FB00BF7022002003
S31508006020EFF305830F2B84BF034A9B5C4FF0E023F5
S31508006030D3F80C3D704700BFF0E300E030B5074CDD
S31508006040256824686A40D2B2891A101A090A41EAF0
S315080060501021634023EA0100C0B230BD3C14002081
S31508006060044B1B68584043085B4240421843C0171C
S31508006070704700BF3C140020054B01311B680132F4
S31508006080434022EA030208400243501E00B270470A
S315080060903C1400202DE9F04F834699B00F46184668
S315080060A000211646049307F039FD002800F0878181
S315080060B000240125774B30461493049915ABCDE996
S315080060C00B45CDE90D45CDE90F45CDE911451393AE
S315080060D007F0ADFCA04228DABBF1000F05D1E7B9FD
S315080060E00024204619B0BDE8F08F2146584607F02F
S315080060F013FC04460028F2D00BA807F062FB0DA893
S3150800610007F05FFB0FA807F05CFB11A807F059FB27
S315080061100C2115A801F0B0FAE3E73146384607F036
S31508006120C6FB04460028E7D1DAE731460BA807F094
S31508006130BEFB04460028DFD104990DA807F0B7FB7B
S3150800614004460028D8D1F1880FA80231ADF8385096
S31508006150ADF8305007F043FB04460028CCD1014681
S315080061600FA807F0D9FB04460028C5D1F18811A865
S31508006170023107F034FB04460028BDD10DA807F00C
S315080061800AFC00F01F001F2873D0C0F11F03194630
S315080061900BA8019307F025FC04460028ACD1019909
S315080061A00DA807F01EFC04460028A5D1BDF83250FC
S315080061B0BDF83A800DA8A5EB080A4FEA4A194946E0
S315080061C007F00FFC0446002896D14FEA8A0A0DA963
S315080061D00BA807F05BFC00284DDA49460DA807F026
S315080061E01DFC0446002887D108F1FF3302939B0063
S315080061F005F1FF3A069305F1804508F18043023B15
S31508006200013D9B00A5EB08050993AB000393029B90
S315080062109A4541D8BBF1000F0DD058460FA907F093
S3150800622046FB002840F0C780049AB388928813FB7F
S3150800623002F3ABF80430002F3FF45EAF01990BA8C8
S3150800624007F0ECFB002840F0B680B3880BA9384667
S31508006250ADF8303007F02BFB0146002840F0AD8042
S31508006260384607F05BFC00287FF446AF0123BB8065
S3150800627042E701949AE70F9A0BA952F80A300846A2
S31508006280013342F80A300DAA07F02DFD044600280E
S315080062909DD031E7010003000D9B069A0593134430
S315080062A0DDF82C900893059B4FEA8A089A5859F806
S315080062B02A10A8F104030F9D0793039B91421D44DE
S315080062C074D20798002359F8000002F04DFE002901
S315080062D014BF4FF0FF330346BAF1010F2B600EBF10
S315080062E0002309EB080353F8083C099A1593079B02
S315080062F059F80330169359F8083017932B68013369
S315080063002B60059B134498462B680021013B2B60A4
S3150800631011A807F001FB00284DD1029B002B48D09D
S31508006320D8F80020119B11A91A60089A0846126825
S315080063305A602A6807F05FFD00283CD113A911A806
S3150800634007F0A4FB0028DFDC2A680DA911A807F0CE
S3150800635052FD80BB039B11A84FEAC308414607F0CC
S3150800636040FB40BB0BA9084611AA07F0BCFC014636
S3150800637018BB0BA807F0D2FB002812DA0DA911A842
S3150800638007F095FAB8B9414611A807F02AFB90B963
S315080063900BA9084611AA07F0A3FC60B92B68013BB4
S315080063A02B60039B0AF1FF3A043B2FE74FF0FF33BC
S315080063B092E7029AB6E704469EE60C469CE66FF01C
S315080063C00B048EE6044B1B68584043085B42404268
S315080063D01843C017704700BF3C14002010B50B4C7B
S315080063E0226823684240594081EA0200C00FFFF73D
S315080063F0E9FF2368521A434022EA03020840104381
S31508006400C00FBDE81040FFF7DDBF00BF3C140020F9
S31508006410F8B50D46014628681746FFF7DFFF012441
S31508006420C143074B1E68BC4202D346EA0100F8BDC9
S3150800643055F82400FFF7C6FF01340643F3E700BF0B
S315080064403C1400202DE9F04707460F4B88461E6886
S3150800645019681D68541E631C02D13046BDE8F087D2
S3150800646058F824A057F8249050464946FFF7B6FF37
S31508006470514605434846FFF7B1FF20EA05031E4388
S315080064800543013CE7E700BF3C1400208842F0B50D
S3150800649004D00025084F0438AA4200D1F0BD3E6852
S315080064A050F8044F5E4024EA060451F82560013589
S315080064B01E4034430460EFE73C1400202DE9F04FFA
S315080064C01C4685B0DFF8849003910646214610469F
S315080064D0D9F80030D9F8003007F0DDFEC51D272DA4
S315080064E090468CBF4FF01E0A4FF0FA0AEB0825F0CB
S315080064F0070502932D1A0F9B2146009330460E9BE3
S31508006500029A08F0C5F80746C0B92A462146304619
S3150800651007F03AFFBAF1010A14D022463146039829
S31508006520FFF776FF2246834641463046FFF78AFF45
S31508006530D9F800200BEA00039A42DCD0384605B0A9
S31508006540BDE8F08F6FF00D07F8E700BF3C14002098
S3150800655070B50C460646114620461A4607F0DFFB7C
S315080065600546A0B9B36C33B921462046321DBDE8AD
S31508006570704007F071BCB4F90430002B09DB2046E3
S3150800658007F009FAF36BB0EB430F09D9184D284603
S3150800659070BD0146204607F0C1FA0028EFD0F5E79E
S315080065A02046B36C984705460028F0D10436B4F95E
S315080065B00430002B04DA0021204607F0AFFA68B948
S315080065C03146204607F062FA0028E0DB32462146CB
S315080065D0204607F003FB0028F2D006E032462146A3
S315080065E0204607F07DFB0028E1D00546CFE700BF2F
S315080065F080B0FFFFF0B514461F46054685B002A8D1
S315080066000E4607F0D9F82346022100972A1D02A84C
S3150800661007F0D0FC044648BB06F11002114628468E
S3150800662002ABFFF795FF044600BB06F108073A469A
S315080066303946284602ABFFF78BFF0446B0B902ABD2
S315080066401A4619462846FFF783FF044670B93246AC
S315080066503146284602ABFFF77BFF044630B93A4677
S315080066603946284602ABFFF773FF044602A807F02F
S31508006670A8F8034814F10E0F18BF204605B0F0BD60
S3150800668000B3FFFF0246044803780BB91846704763
S315080066909342FCD00C30F7E7D43C01082DE9F14FC2
S315080066A09A461B6904460E4691460A9D1BB97248CE
S315080066B001B0BDE8F08F02F110070021384607F057
S315080066C02DFA30B95146304601B0BDE8F04F08F012
S315080066D0C3BA0AF110080021404607F01FFA08B9A4
S315080066E04946F0E70121404607F018FA0028DED1AE
S315080066F03B463A4629462046FFF72AFF0028D7D1C7
S3150800670005F108083B462A4641462046FFF720FF82
S315080067100028CDD153462A4629462046FFF718FFBA
S315080067200028C5D14246414620460AF10803FFF72C
S315080067300FFF0028BCD14B462A462946204608F0BA
S315080067407EF80028B4D109F1080B5B46424641465B
S31508006750204608F074F80028AAD10021284607F038
S31508006760DDF9014690B9404607F0D8F940B92B46FD
S315080067704A463146204601B0BDE8F04F08F0DCB87D
S31508006780304601B0BDE8F04F08F07CBA2B463A46D1
S31508006790204606F11001FFF7DBFE002888D105F137
S315080067A010072B462A4639462046FFF7D1FE002811
S315080067B07FF47EAF05F1180A2B463A465146204625
S315080067C0FFF7C6FE00287FF473AF4B463A463946B4
S315080067D02046FFF7BDFE00287FF46AAF39462846F3
S315080067E007F065F800287FF463AF2946204608F0CD
S315080067F094F800287FF45CAF43464246314620466B
S31508006800FFF7A6FE00287FF453AF2B4632463146E3
S31508006810204608F014F800287FF44AAF534632465B
S315080068203146204608F00BF800287FF441AF33467E
S315080068303A463946204608F002F800287FF438AF71
S3150800684043463A4639462046FFF782FE00287FF43B
S315080068502FAF5B46524651462046FFF779FE002881
S315080068607FF426AF53463A46204606F1080101B0A2
S31508006870BDE8F04F07F0E3BF80B0FFFF2DE9F04712
S31508006880012A8246DDE908490E4690461F4644D845
S31508006890043007F084F80546504608F053F90128F5
S315080068A082463CD1002106F1100007F037F948B9B5
S315080068B0B9F1000F02D11B48BDE8F0872070C7F870
S315080068C000A0F9E7B8F1000F17D16B0001334B456B
S315080068D03B60F0D8214604232A46304601F8013B9E
S315080068E007F079F80028E7D12A46691C214406F101
S315080068F00800BDE8F04707F06EB86B1C4B453B60D7
S31508006900D9D8002106F1080007F022F821460230FE
S3150800691001F8010B2A463046EBE70348CCE7034863
S31508006920CAE700BF00B1FFFF80B0FFFF80B1FFFFDD
S315080069302DE9F84380460C4615461F4613B91D48EF
S31508006940BDE8F883043007F02AF80646404608F002
S31508006950F9F8012881462AD12B7833B9012FEED1CF
S315080069602046BDE8F84308F08DB906F10108B84598
S31508006970E5D832462046691C07F017F80028DFD10B
S31508006980494604F1100006F0C7FF0028D8D12B7835
S31508006990042BD4D173000133BB42D0D1324605EB68
S315080069A0080104F10800BDE8F84306F0FEBF0248F6
S315080069B0C6E700BF80B0FFFF80B1FFFF2DE9FF41AA
S315080069C00E460546012106F1100007F0A7F8044611
S315080069D050B9284608F0B6F801287AD1214630463B
S315080069E007F09CF8002801DA3B4C6EE006F108082F
S315080069F02146404607F092F80028F5DB2F1D394658
S31508006A00304607F043F80028EEDA3946404607F0E4
S31508006A103DF80028E8DA684606F0CEFE02A806F039
S31508006A20CBFE4346424669462846FFF791FD044693
S31508006A30002844D133463246284602A9FFF788FD86
S31508006A40044600283BD1EB687BBB02A90322084613
S31508006A5007F04DF9044690BBBDF90C30002B04DA5B
S31508006A60002102A807F05AF8C8B902AA3346114607
S31508006A702846FFF76DFD044608BB02AA11462846BC
S31508006A8005F1140307F0BFFE0446C0B9684602A91B
S31508006A9006F0FCFF104B041E18BF1C460FE002A9A7
S31508006AA03A46084607F01CF9D4E702AA11462846D2
S31508006AB005F10C0307F0A7FE04460028D5D0684662
S31508006AC006F07FFE02A806F07CFE204604B0BDE86C
S31508006AD0F081024CF9E700BF80B3FFFF80B0FFFFEB
S31508006AE038B5054608F02EF801280C4601460DD1A2
S31508006AF0204607F013F8002806DB204605F1340186
S31508006B0006F0C4FF002803DB024838BD0248FCE74C
S31508006B100020FAE780B3FFFF80B0FFFF2DE9F04FB2
S31508006B200F46B5B0114606469A460292FFF7D8FFB9
S31508006B300446002840F09F8151463046FFF73EFF45
S31508006B400446002840F09781304607F0FBFF0128ED
S31508006B5040F09A81336C1821013302204FEA530919
S31508006B6006F0F7F80546002800F08C8105F11808AC
S31508006B7007F0F1FF404607F0EEFF0DF14C0B0BEB6B
S31508006B800400083406F018FE202CF8D15146284691
S31508006B9008F062F8044698BB8246D1451ED14146A4
S31508006BA0304607F0B5FD044650BB43462A464146E3
S31508006BB03046CDF800B0FFF771FD044600BB4146EC
S31508006BC0304607F0A5FD0446D0B905F1100006F0D9
S31508006BD0F8FD05F1280006F0F4FD11E0BAFBF9F11D
S31508006BE0012318228B4009FB11A1DBB202FB0352D9
S31508006BF0F9B11146304613AB07F09EFE044638B38A
S31508006C004FF0000A0BEB0A000AF1080A06F0D9FD54
S31508006C10BAF1200FF6D1F4B1B36D9D422DD02846B6
S31508006C2007F0D6FF404607F0D3FF284606F073F86C
S31508006C3023E003F0FE0101EB5301104605EBC10109
S31508006C40039208F009F8039A04460028D1D0D7E73A
S31508006C500AF1010AA1E705A806F0AEFD06F1340B14
S31508006C600BA806F0A9FD2146584606F071FE012834
S31508006C7011D0B36D9D4204D1844C384607F0A8FF65
S31508006C80F9E0284607F0A4FF404607F0A1FF28468A
S31508006C9006F041F8F0E72146029806F059FE0299F7
S31508006CA0824605A806F003FE044630B10BA806F096
S31508006CB088FD05A806F085FDAEE75946029A0BA899
S31508006CC007F011F804460028F0D1BAFA8AFA4FEA12
S31508006CD05A1A52460BA905A806F0A5FD044600282F
S31508006CE0E4D1014609F1010213A80AF05CF913ABD5
S31508006CF01A46A346D94502925DD0594605A803937C
S31508006D0006F026FE029A09EB0B0114780BF1010B2B
S31508006D10044305A806F01CFEE4B2029A44EA4004BD
S31508006D20039B02F8014BE5E75C781A7884EA010EC2
S31508006D306FEA0E0000F0010012FB00F20C4002EAB6
S31508006D400E0182EA0E0203F8012F13F8012C2143E3
S31508006D5042EAC01203F8012C0CF1010CE345E3D218
S31508006D600BA806F02EFD05A806F02BFD05A807F0D2
S31508006D70F2FE00240BAB1819083406F01DFD202C72
S31508006D80F8D10BF1D0036B442A463946304613F83E
S31508006D90843C07F081FD0446002831D13E9B002B38
S31508006DA06DD0DDE93E2339463046FFF723FC00283F
S31508006DB065D0044624E000214FF0010CCEE74B468F
S31508006DC03A46394630460BF1FF3B07F0B5FD002839
S31508006DD0EFD113AB2A46304613F80B3005A907F056
S31508006DE05BFD0028E5D13A4639463046CDF8009095
S31508006DF005ABFFF753FC0028DBD1BBF1000FDED152
S31508006E0005A807F03BFD4FF000090BAB03EB0900A3
S31508006E1009F1080906F0D5FCB9F1200FF5D1002CC7
S31508006E207FF4FAAE52463946304607F0B5FC0446BA
S31508006E3000287FF4F1AE3E9B4BB1DDE93E2339468F
S31508006E403046FFF7D7FB044600287FF4E5AE3946FF
S31508006E50304607F05DFCB36D04469D4208D02846CF
S31508006E6007F0B6FE404607F0B3FE284605F053FF86
S31508006E70002C7FF402AF204635B0BDE8F08F0DF147
S31508006E802C09BAE7024CF8E6004CF4E780B0FFFF9D
S31508006E9080B2FFFF30B4DDE9024524B1CDE90245F1
S31508006EA030BCFFF73BBE014830BC704780B0FFFFDF
S31508006EB073B505461E4607F045FE01280C460146F1
S31508006EC00ED113462046009605F1340207F072F8F3
S31508006ED0044B10F10E0F18BF0346184602B070BDDA
S31508006EE0014BFAE700B3FFFF80B0FFFF2DE9F04141
S31508006EF00D46014628461746984600F047F80446C8
S31508006F00B0B9284607F01EFE012805F1600612D121
S31508006F1042463946304606F048FD044628B9314609
S31508006F202846FFF7DDFD044610B1304606F049FC59
S31508006F302046BDE8F081014CF7E700BF80B1FFFFAE
S31508006F4070B5066C0D460736B3EBD60F11460446E8
S31508006F504FEAD60203D200230A482B6070BDB0F868
S31508006F6066302A604BB107F0EDFD012807D104F120
S31508006F706000BDE8704006F02EBD0348EEE76FF0EE
S31508006F806D00EBE700B1FFFF80B0FFFF38B50446A0
S31508006F900D4607F021FE204607F0EBFD032D257070
S31508006FA023D1144B144AA360A361A3632362A3628B
S31508006FB0124B626063624FF00113114A23636261E8
S31508006FC0104A114B6263114AE362E261201D06F022
S31508006FD0E2FCE06304F1340006F0DDFC20640020E6
S31508006FE00123C4E91600636438BD002308482370EA
S31508006FF0FAE700BF010008006C3D01080C3D0108D6
S315080070004C3D0108EC3C01088C3D01082C3D01086B
S3150800701080B1FFFF0538C0B206289ABF024B53F865
S3150800702020000020704700BF903D01080023F0B5FE
S31508007030044603600A276FF067000C4E0B689342FC
S3150800704003D21D78303D092D00D9F0BD2568B5421B
S3150800705009D87D43256013F8010B28443038206091
S3150800706000200B60EAE76FF06700EEE79999991937
S3150800707070B5094C256815B96FF02D0009E0667CD6
S31508007080864207D1267C8E4204D1002015606268AC
S315080070901A6070BD1434EDE7C846010830B5084BD0
S315080070A01C6814B96FF02D0006E01D7C854204D1DA
S315080070B000205B680C60136030BD1433F0E700BF36
S315080070C07846010830B5084B1C6814B96FF02D00D6
S315080070D006E01D7C854204D100205B680C601360C5
S315080070E030BD1433F0E700BF504601082DE9F04FD4
S315080070F00F460021054687B00846009390469B46F2
S31508007100134605AA109E06F0D0FA284609F0B8FEDE
S315080071100446384609F0B4FE059902290A4638BFDE
S3150800712002224B1C023A03EB921323441844119B88
S31508007130984207D96FF02908129B1860404607B095
S31508007140BDE8F08F39B1012005F003FE044618B9F1
S31508007150DFF8A080F2E70C46434620460599CDF8AD
S3150800716000B005AA06F0A1FA804618B1204605F037
S31508007170D2FDE3E7284609F083FE29460246304653
S3150800718009F0F5FD284609F07BFEA1464FF00A0AEC
S315080071903518DDF814B0BBF1000F18D1384609F0E0
S315080071A06FFE39460246284609F0E1FD384609F0E1
S315080071B067FE02462B18581C129B05F802B0821B64
S315080071C01A60119B59469A1A09F0EDFECEE75A46FF
S315080071D0402A28BF402249462846039209F0C7FD9F
S315080071E0039AABEB020015440590914405F801ABF0
S315080071F0CFE700BF80EEFFFFF0B5054687B00E4625
S3150800720018220021684609F0CEFE1DB9114C204609
S3150800721007B0F0BD2B68002BF8D16946304608F058
S31508007220DCF904460028F1D1BDF80070684608F07C
S3150800723017FD27F0FF03B3F5E24F07D047F2010326
S315080072409F4205D1044B2B60AE60E0E7034BFAE79B
S31508007250034CDCE780C1FFFF58470108884701084F
S3150800726080C6FFFF2DE9F74F1646DDE90C89DDE9F3
S315080072700EAB04460D46109AE1B92BB9036803BB59
S31508007280164803B0BDE8F08F002EF9D00168002932
S31508007290F6D021684F69FFB1CDE90FB229463246CB
S315080072A02046BC46CDE90D9ACDF8308003B0BDE83E
S315080072B0F04F6047002EE3D001680029E0D0002B8C
S315080072C0E7D128460192FFF7A5FE07F03DFD019A92
S315080072D003460028DDD1D3E70148D2E780C1FFFF86
S315080072E000C1FFFF0048704780C6FFFF2DE9F04F39
S315080072F004468BB00E46DDE9149A0021174604A809
S3150800730018229846169D09F04EFE204604A908F054
S3150800731064F938B10722194B194909F0CAF80BB0B4
S31508007320BDE8F08F04A8BDF812B008F099FC46F045
S31508007330C06143463A462046CDE901A5CDF80090FE
S3150800734041F4E06108F01FFB034670B18533E1D1D3
S3150800735043463A462046CDE901A5CDF8009046F0C9
S31508007360062108F010FB0028D4D1CDE900A54B462C
S31508007370494658462A6809F0C2F8D0E72D8600081B
S31508007380C44701082DE9F0431E469BB007468846C8
S3150800739014460021182204A809F005FE0023F51D4D
S315080073A0ED0802936D0024B92A4C20461BB0BDE8AF
S315080073B0F0834FF006294FF4005144F4824404A8A0
S315080073C0ADF8104007F0ADFD4246394602ABCDF8A0
S315080073D01C9008F086F948B101F028F9054602988C
S315080073E000F04AFC04463DB32C46DEE7402D03D99F
S315080073F0029800F041FCD7E703AB01934023DDE98F
S3150800740024120AAF009330463B4609F0CAF80446F0
S31508007410029814B100F030FCC7E7039BAB42E8D1F1
S31508007420CDE90073DDE92223494608F0EFFA50B9A1
S31508007430029800F021FC0446002CB6D0204601F044
S31508007440F5F80446B1E70722034B044909F031F879
S31508007450C4E700BF80C1FFFF2D860008C4470108A6
S315080074602DE9F04105469CB00021164605A81822CC
S315080074701F4609F098FDA86805A908F0AEF838B1C6
S315080074800722144B144909F014F81CB0BDE8F08122
S31508007490BDF8144005A804F44F43B3F5824F18BF4E
S315080074A00024BDF8168008F0DBFB4122A86804AB6F
S315080074B00BA908F0EBF80028E2D1239B0499039363
S315080074C0229B0096CDE90173E2B243460BA8FFF76B
S315080074D059FFDAE72D860008C447010870B500236E
S315080074E006460846BEB0CDE903334122806803ABA1
S315080074F005A908F0CBF8044618B101F097F83EB094
S3150800750070BD16ADA0223146284609F030FC284643
S3150800751007F002FD0238314602284FF0A00228463D
S3150800752098BF179C09F023FC284607F0F5FC02389B
S31508007530022888BF00214FF0410398BF1799CDE96B
S3150800754000530022204604AB6831FFF797F900285C
S31508007550D5D1DDE903239A4208D1294605A809F0C1
S31508007560F8FC034B002818BF1846C8E70048C6E7CA
S3150800757080C1FFFF2DE9F04190460027ACB004AD6D
S31508007580A02206460C4628464146039709F0EFFB1B
S31508007590284607F0C1FC02380228404698BF059FD6
S315080075A007F0BAFC072811D141222946D8F8080065
S315080075B003AB08F06BF800BB3068039A041B9442CF
S315080075C014D26FF06B002CB0BDE8F0814123002285
S315080075D0CDE90053384603AB07F16801FFF74EF9CA
S315080075E00028F0D13068A042E7D2EAE7801A294697
S315080075F0306009F0BCFB0398E5E70148E3E700BF04
S3150800760080C1FFFF73B5054610460C46164607F0BF
S3150800761083FC022809D1324621462846FFF7AAFFED
S3150800762000280DDB034618460AE0304607F074FCCE
S3150800763007281BD100232A680193944202D90C48D3
S3150800764002B070BD2146B06801AB121B08F01EF8E7
S315080076500028F4D12868019A2146801A286009F082
S3150800766088FC019B002B1846DDDAE9E70148E7E7C5
S3150800767080C1FFFF80C6FFFF10B50A46044619B150
S31508007680024B00211B68984710BD00BF78220020D6
S31508007690F8B50D4E0D4C0E4D33680E489847677871
S315080076A02B680C48984733680B489847022F08D12F
S315080076B02478E31F5C425C412B68074898472046BC
S315080076C0F8BD0024F8E700BF8022002040140020FF
S315080076D07C22002040150020A41500200E4B0340F4
S315080076E0B3F1607F06D1B1F5885F14BF6FF08600ED
S315080076F000207047B3F1707F0BD101F4E043B3F576
S31508007700005F06D111F4E06F0CBF6FF08600002011
S3150800771070476FF0860070470000C07F8A42F8B550
S3150800772007460C4600F019818F4922F4FF7323F0AF
S3150800773001038B420ED08D4B22F0FF01994209D0EE
S315080077408B4822F47F7323F00303834202D0894BCC
S31508007750994228D1884B24F0FF0199420FD114F0A1
S31508007760FF000BD0854B40F00070984240F0F78040
S3150800777082EA0400FF288CBF00200120F8BD7B4B5D
S315080077809942ECD0A3F588539942E8D024F4FF73C4
S3150800779023F00103B3F1062FE1D076488142DED00B
S315080077A073498B42DBD004F0FE43B3F1A06F14D1CA
S315080077B002F0FE43B3F1A06F40F0D18082EA0403E1
S315080077C033F47E1340F0CB8014F40040D6D0C4F3D3
S315080077D00540C2F305429042CDE7B3F1407F40F041
S315080077E0A88002F0FE43B3F1407F40F0B88082EAF9
S315080077F0040535F47E1540F0B28039462046FFF779
S315080078006DFF002840F0AB805D4B12F47C1603EA4E
S31508007810020319D0B3F1607FC2F3054679D15949FD
S31508007820D3B243F000738B4277D003F17E43043B17
S315080078300F2B5CD8DFE803F05A5A5B716567696BF2
S3150800784065675B5B6567696BB3F1607F34D14D49EA
S31508007850D3B243F000738B4244D003F17E43043B1A
S315080078600F2BDCD801A151F823F000BFE9780008F6
S31508007870E97800081F780008E578000863790008A9
S31508007880AD780008B1780008B57800086379000873
S31508007890AD7800081F7800081F780008637900088B
S315080078A0AD780008B1780008B57800082026B6E754
S315080078B03026B4E74026B2E7B3F1707F17D107F454
S315080078C0E043B3F5005F03D10126C7F302239E40C8
S315080078D007F4E043B3F5005F09D10125C7F3022198
S315080078E08D4004E010269AE7142698E7142514F428
S315080078F07C1FC4F3054312D1B54214BF00200120F2
S315080079003CE71C25F3E72025F1E73025EFE740257E
S31508007910EDE7B3F1707FEAD1DAE71025E7E712F46D
S315080079207C1F01D1AB4218D022047FF527AFB342A2
S3150800793021E7B3F1106F12D124F01F6020F47020F4
S3150800794068B902F0FE43B3F1106F7FF417AF0E4823
S31508007950104040F01060A042CFE701200EE700205B
S315080079600CE71C265BE700BF0002000600130006B2
S31508007970000400060009000600030006FF000002D6
S315080079800000C07F030000020000FFF637B5054679
S315080079900C46FFF77DFE78B100232246019329465F
S315080079A0074801AB04F046FA20B9019BA34218BF69
S315080079B06FF0930003B030BD6FF08800FAE700BFA0
S315080079C04414002021F4FF7210B521F0FF031A4C6D
S315080079D022F00102F8B121F4BF6020F00700A042AE
S315080079E012D0164883420FD0A0F5206083420BD0F0
S315080079F0134B9A4208D003F58063994208BF0020CA
S31508007A0018BF6FF0860005E0C9B2002914BF002030
S31508007A106FF0860010BDA242FCD0084A9342F9D006
S31508007A2021F47F7121F00301A2F570629142F1D031
S31508007A3002F5A0629342E3E700020006001300067F
S31508007A40000400062DE9F843884617461C4600F050
S31508007A50BBFC054688BBD8F80060B6F8009009F468
S31508007A60E043B3F5804FB36808BF27F0010737EA4C
S31508007A7003031AD10CB3254B24F0FF029A421FD1F7
S31508007A8014F0FF0304D0224A43F00073934232D025
S31508007A9022464846F168FFF741FE074668B922467E
S31508007AA048463169FFF73AFE70BB6FF0840500233C
S31508007AB03046C8F8003000F003FD2846BDE8F883D4
S31508007AC0144B9A42DCD0A3F588539A42D8D024F4B2
S31508007AD0FF7323F00103B3F1062FD1D00E498A4272
S31508007AE0CED00E4A9342CBD004F0FE43B3F1407F8A
S31508007AF004D12304CCD56FF08605D8E7B3F1A06F7F
S31508007B00F7D0034B9C42C2E73D46D6E70003000682
S31508007B10FF00000200130006000900060004000624
S31508007B20154B70B51B68054614480E46984718B19C
S31508007B306FF08F04204670BD2B794BB96B69002412
S31508007B4033602B7E012B14D034606FF0960407E067
S31508007B502846D5E9081208F07CFB04460028EDD033
S31508007B60074B06481B6898470028E3D0002CE1D14C
S31508007B70DEE702232B76F3E7802200200816002092
S31508007B807C22002000232DE9F3414768D0F81480B1
S31508007B9005460E4638461146136008F013FB0446A0
S31508007BA088B9384608F010FB044660B9FFB277B9C1
S31508007BB0B8F1000F05D1AB6823F47F4323F0030324
S31508007BC063B16FF08604204602B0BDE8F081014635
S31508007BD0686908F0D1FA0028EDD1F2E74FF6F87394
S31508007BE06A889A4227D8154B15481B682F799847F3
S31508007BF010B16FF08F04E6E707B901A8314600F027
S31508007C00A3FB104B04461B680D48984710B1002C7F
S31508007C10D9D1EEE7002CD6D10FCDD6F800C06646EE
S31508007C200FC695E8030086E80300002FCBD1019B19
S31508007C30CCF81430C7E76FF08504C4E7802200202B
S31508007C40081600207C22002010B5044660B1074BB8
S31508007C5007481B689847204607F0A2FCBDE8104075
S31508007C60044B03481B68184710BD00BF802200203C
S31508007C70081600207C22002037B50446C0B101A9A9
S31508007C8000F0A2FB044698B91C4B1D481B68984790
S31508007C901C4D08BB0198037E032B11D108F07DFA11
S31508007CA02B6804461648984728B10CB96FF08F041C
S31508007CB0204603B030BD002C08BF6FF08704F7E7F5
S31508007CC0022B15D1032303760379FF2B13D01BB19F
S31508007CD0406908F0A3FA0446019808F05EFA2B6892
S31508007CE0002818BF0446064898470028E0D0DCE775
S31508007CF06FF09604F0E76FF08404EDE78022002029
S31508007D00081600207C22002047F2010102888A42D8
S31508007D1010D1104923F4FF7222F001028A4215D0CD
S31508007D200D4A23F0FF03934214BF6FF086006FF0ED
S31508007D308500704702F44F42B2F5824F06D123F40C
S31508007D40FF7323F00103B3F1062FEDE76FF085000B
S31508007D50704700BF00020006001300062DE9F04137
S31508007D6017461C461F4A23F4FF7323F00103934268
S31508007D7005460E4698B00ED01B4B24F0FF029A42D9
S31508007D8009D01A4924F47F7323F003038B4202D0E7
S31508007D90174B9A4222D1DDE91E1207AB0193402305
S31508007DA014F0FF000DF1200818BF40F00070009392
S31508007DB0434607F0FAF970B9229B3A460493219B89
S31508007DC031460393209B28460293079BCDE90083FF
S31508007DD0234607F00CFD18B0BDE8F0816FF085006A
S31508007DE0F9E700BF000200060013000600040006BB
S31508007DF00009000644F20101028822F44050884234
S31508007E0010D1104923F4FF7222F001028A4215D0DC
S31508007E100D4A23F0FF03934214BF6FF086006FF0FC
S31508007E208500704702F44F42B2F5824F06D123F41B
S31508007E30FF7323F00103B3F1062FEDE76FF085001A
S31508007E40704700BF0002000600130006002307B5AE
S31508007E501A460091024907F027FE03B05DF804FBB5
S31508007E60B847010870B51C4E1C4C33681C48984727
S31508007E702378580744BF23F004032370237899070F
S31508007E8005D500F047FA237823F002032370154D31
S31508007E9013482B68984733681348984763781BB18B
S31508007EA00023124A63605360002308210F48637059
S31508007EB0FFF7E2FB2B680C48984733680848984751
S31508007EC023780748DA0744BF23F0010323702B6899
S31508007ED0BDE87040184700BF8022002040140020EB
S31508007EE0A41500207C220020401500204414002000
S31508007EF02DE9F041FFF7CCFB18B100242046BDE878
S31508007F00F081364F36483B689847044620B16FF0F3
S31508007F108F04FFF7A7FFF1E7324D2B78D8070AD46D
S31508007F2003F07DFF044610B903F082FF04462B7860
S31508007F3043F001032B702C4E29483368984710B13B
S31508007F40002CE4D0E5E7002CE3D13B6824489847A9
S31508007F5004460028DBD12B78990706D400F0D2F91D
S31508007F6004462B7843F002032B7033681C48984765
S31508007F700028E5D1002CCCD13B6819489847002841
S31508007F80C5D13368164895F8008098470028BED1B1
S31508007F903B68164898470028B9D16B783BB918F062
S31508007FA0010F04D0124B6C605C6002236B7033685F
S31508007FB00E4898470028AAD13B68094898470028E0
S31508007FC0A5D12B7806485A075CBF43F004032B70EB
S31508007FD033689847002890D099E700BF8022002090
S31508007FE0A4150020401400207C2200204015002003
S31508007FF0441400202DE9F74300F4E040B0F5804F23
S315080080000D4616461F46DDF828902CD101F1680862
S31508008010404606F04BFE88B94B46002241462846A4
S31508008020CDE90067FEF72AFC07F0DCF80446B0B194
S315080080303A460021304608F0B6FF10E000230193C7
S315080080400D4B4146009305F1600205F11C032846D5
S3150800805006F035FE07F0C6F804460028DCD02046B0
S3150800806003B0BDE8F08349462846FEF769FF03B02A
S31508008070BDE8F04307F0B6B8EB040108F0B504888C
S315080080801D4604F44F43B3F5824F18BF0024A1B030
S315080080900E464188E0B2174608F01DFA0446FEF778
S315080080A0F1FA14B308B3684606F084FD20460023A7
S315080080B069460F4A06F034FE044648B1684606F09B
S315080080C0BBFD204607F08EF80446204621B0F0BDD9
S315080080D03B46324629466846FEF732FF07F082F8E5
S315080080E00446684606F0A8FDEFE76FF08504ECE75E
S315080080F0EB0401080368114A10B59342044609D8EF
S31508008100023A934215D88BB1023A93420BD06FF0DC
S3150800811088000DE003F17E430A3B012BF7D80430B3
S3150800812003F01AFE02E0043003F01EFE0020206071
S3150800813010BD043003F014FEF8E700BF0900000282
S3150800814010B503680F4CA34208D8023CA34215D8C1
S31508008150023CA3420BD06FF0880010BD03F17E43AA
S315080081600A3B012BF7D80430FCF7FAFF02E004308B
S31508008170FDF74EF8BDE8104007F034B80430FDF7B7
S3150800818021F8F7E7090000022DE9F04114461D46DB
S315080081900378334A43F000739342074688462C60B7
S315080081A037D003F17E43043B0F2B09D8DFE803F0F1
S315080081B01C1C08312125292D212508082125292DB2
S315080081C024B122462121404608F0EDFE00263B68F0
S315080081D0244A93422AD8023A93423BD8023A934217
S315080081E02ED06FF0880002E0F4B96FF08900BDE880
S315080081F0F081002CF9D01C260EE0002CF5D02026A4
S315080082000AE0002CF1D0302606E0002CEDD04026FE
S3150800821002E0002CE9D0102622462121404608F02B
S31508008220C2FEB442D3D2E0E71426F5E703F17E4353
S315080082300A3B012BD5D84146381DFCF79BFF03E0C6
S315080082404146381DFCF7EEFF06F0CCFF0028CED1DC
S315080082502E60CCE74146381DFCF7BEFFF4E700BFA9
S31508008260030000020900000238B5074C074B2046F8
S315080082701B689847064B204693F8F050054B1B6839
S315080082809847284638BD00BFA41500208022002044
S315080082904C1400207C22002000F14043052B70B5C9
S315080082A005460E460CD82822154C02FB0344237EAD
S315080082B0022B02D16369834218D06FF08B001AE053
S315080082C0012107F059FFB8B10D4B00221C46197E53
S315080082D0022902D15969A94205D00132062A03F1B9
S315080082E02803F4D1E9E7282303FB0244204607F0D4
S315080082F036FF00B9346070BD6FF08700FBE700BF3A
S315080083004C1400200122024B002083F8F02070470D
S315080083104C1400202DE9F0410A4C002526464FF062
S31508008320010803272046C4F81C802776013507F084
S3150800833037F9062D04F12804F4D1002386F8F03025
S31508008340BDE8F0814C140020F8B506460F46FFF745
S315080083508BFF88B300241B4B22461D46197ED1B1DC
S315080083603CB9022905D1D96919B91979002918BF63
S315080083701C460132062A03F12803EFD114B96FF01F
S315080083808C0006E0204607F0EAFE204607F008F9CA
S3150800839010B100240EE01C46237E83B90123237600
S315080083A03EB1651BED1003F1CC335D4305F1804505
S315080083B0356000203C60F8BD6FF08800E9E76FF093
S315080083C09600E6E74C14002000232DE9F3410B60E4
S315080083D080460D46FFF748FF002867D0354B3648DC
S315080083E01B689847074628B16FF08F04204602B0ED
S315080083F0BDE8F08129464046FFF74EFF10F18C0F85
S3150800840004462E4E07D033682B4898470028EDD0EF
S31508008410002CEBD1E8E729463846FFF795FF0446D6
S3150800842018B1336824489847E0E701232F68CDE957
S31508008430000069463846C7F814807B6001AA07F031
S315080084405AFF044670B1DDE9000107F052FF2868BB
S3150800845007F0A6F814F18C0F08BF6FF08704002305
S315080084602B60D0E7DDE90012384607F004F8044629
S31508008470DDE9000107F03DFF002CE8D12868836894
S31508008480D90444BF43F48063836083689A0444BF75
S3150800849043F400638360037E012B04BF0223037643
S315080084A007F05DFE04460028ADD0D8E76FF08804D3
S315080084B09CE700BF80220020081600207C220020AE
S315080084C00B4B10B51B6804460A48984718B16FF05D
S315080084D08F04204610BD204607F05FFE064B044673
S315080084E01B68044898470028F3D0002CF1D1EEE722
S315080084F080220020081600207C22002037B504467A
S3150800850030B1164B16481B68984720B16FF08F0498
S31508008510204603B030BD204601A9FFF7BDFE114D28
S31508008520044640B110F18C0F2B680D4808BF6FF058
S3150800853087049847ECE70198C369012B0AD107F02D
S315080085402FF804462B68064898470028E0D0002CE8
S31508008550DED1DBE707F021FEF3E700BF802200202B
S31508008560081600207C22002030B40D4D2C681C60B3
S315080085706C685C6000249C605468DC6014881C820B
S3150800858054885C8294685C61D4689C61126930BCCA
S31508008590DA6119620A46014603F1240008F0E7BBCE
S315080085A0BC4701082DE9F843232904460F4691469E
S315080085B09846089E04D86FF098052846BDE8F883C3
S315080085C00822194908F0C5FC05460028F3D1A36816
S315080085D0002BF0D1216A243F8F42C8F80010EAD355
S315080085E0B1F5005FE7D271B9C9F80000E3687360B6
S315080085F0238A3380638A73806369B360A369F360EF
S31508008600E3693361D9E7012004F0A3FBC9F8000048
S3150800861030B1D8F8002004F1240108F0A8FBE5E7FA
S315080086206FF08C05C9E700BFBC47010800F1990344
S31508008630142B1AD8DFE803F017171919191919177F
S31508008640191919191319191B150B0F0D11000948BA
S3150800865070470948704709487047094870470948EC
S315080086607047094870470948704707F005BF08482A
S31508008670704700BF00C3FFFF80C6FFFF80C5FFFF2E
S3150800868000C1FFFF80C0FFFF80C1FFFF00C2FFFFE0
S3150800869080C7FFFF70B5094D044628600848016089
S315080086A0084909480A60094A1360A0472B68084820
S315080086B098472B680748BDE870401847882200206D
S315080086C08422002080220020081600207C22002018
S315080086D0A4150020401500202DE9F04FCBB00290DC
S315080086E008460C4608F0CCFB0026052327180298F6
S315080086F0CDE9073609960596254604F045FE4FF05E
S31508008700010BB046DFF834A2BD4206D90998002805
S3150800871036D150464BB0BDE8F08F2B78BBF1000F31
S3150800872000F0F3803D2B40F0D880814E2A1BD6F806
S315080087300080B8F1000F07D1214607A806F02CFBE8
S31508008740002800F0E080EFE073689A4208D12146DD
S315080087504046039208F01FFB039A002800F0C280E7
S315080087601036E4E72378232B7AD100232A1B02F15B
S31508008770FF3B1BF00109069305D0DFF8C0A1099855
S3150800878004F0C9FAC5E7033AB2F5027F4FEA5B0B74
S31508008790F3D25946012004F0DCFA824600285CD060
S315080087A0BBF1000F0ED1534613F8014B05AA0AEB8D
S315080087B00B0106A8069304F05AFD90B1504604F042
S315080087C0AAFADAE70134204607F056FF0028F5DB57
S315080087D00AF8090009F10109CB4504F10204F2D1AE
S315080087E0E1E7059AB2F5807FE8D81F2C069907D8E5
S315080087F0504BE340D80703D50B465018984226D16C
S315080088000AA808F0B4FA504604F085FADDE908210A
S31508008810059B029800930AAB04F0C1FE82460998AC
S3150800882004F079FA00230993BAF1000F57D02B46C2
S31508008830CAF80C401D460133AF421C4602D06A787E
S31508008840202AF7D04FF0010B4FF0000A45E013F845
S3150800885001CBBCF1000FD1D1B0E7DFF8E4A08EE779
S31508008860002E5ED10DF12809CB46A54205D8A9EB05
S315080088700B03D8F80C400593C8E721785C2926D164
S31508008880A21C954204F1010A039213D9504607F037
S31508008890F3FE431C0ED0002843D0039A09F1010CBD
S315080088A0C1B2ACEB0B0CBCF5807F09F8011B38D0C4
S315080088B0541CDAE7554534D961781F48039108F006
S315080088C01EF970B35246039909F1010CE9E72246ED
S315080088D009F1010CE5E74FF0000B013514E7DFF865
S315080088E060A016E70390B06808F0CAFA0146089037
S315080088F0012004F02EFA089AB168099008F037FAB0
S31508008900039BB0469B465E466C1C2B782C2B03D1EA
S3150800891015F8013C5C2B01D1BD42DCD1A5427FF4A0
S3150800892021AF099804F0F7F9DFF810A0F1E600BFC7
S315080089300448010800105850E047010880DCFFFF92
S3150800894080D7FFFF2DE9F04F0746A1B00D4601205D
S315080089504B211446099304F0FCF98046002800F0E0
S315080089601F8100230B933B7A29460893FA682B1933
S315080089700CA807930C9307F041FF041EC0F2F5807C
S3150800898000F0FA80224629460CA804F021FDA146EB
S31508008990041EC0F2EA80302229460DEB020004F0DC
S315080089A03BFD061EC0F2F380A1444E4432462946DA
S315080089B00CA804F00DFD041EC0F2D780312229460A
S315080089C00CA804F029FDB0F10009C0F2DC800923E7
S315080089D02946744A0CA804F085FD0028C0F2D58003
S315080089E026444E4400EB06094A4629460CA804F0DC
S315080089F0EFFC041EC0F2B980302229460DEB0200B6
S31508008A0004F00AFD061EC0F2C280A1444E44324656
S31508008A1029460CA804F0DCFCB0F1000AC0F2B180CB
S31508008A20A02229460CA804F0F7FCB0F10009C0F210
S31508008A30AA800C9A29463868521B06F017FB041EB2
S31508008A40C0F293800C9B29461B1B7A680CA80C93D2
S31508008A5007F024FEA346041EC0F28780002229469A
S31508008A600CA804F087FD0028C0F28F8056444E44B7
S31508008A705E44264400EB06094A4629460CA804F03B
S31508008A80A7FC041E71DB302229460DEB020004F018
S31508008A90C3FC061E7BDB0FAB019340230898A14459
S31508008AA04E44009332466B440C9940F0007006F031
S31508008AB08BFE034600286CD12A9A0492099A0392DF
S31508008AC00EAA02924B22CDE9008210AA397A38689A
S31508008AD006F010FA0446002847D10121386806F046
S31508008AE000FA00284AD10421386806F0FAF9002865
S31508008AF052D04FF004094846397A0BAB0AAAFEF75A
S31508008B00B7FA044688BB32460C99284608F031FA6B
S31508008B10079BCDF808900D930E9BA919CDE9008304
S31508008B20DDE90A230DA807F01FFE041E1DDB0D98BC
S31508008B303246801B294626440D9008F01AFA32461A
S31508008B4029460DA804F044FC041E0EDB30222946F3
S31508008B500DA804F061FC071E20DB0D9A00212846AB
S31508008B60521B08F020FA34443C44404604F0D3F83B
S31508008B70204621B0BDE8F08F264648E74FF00109A8
S31508008B80B9E75446F1E74C46EFE70446EDE73446C5
S31508008B90EBE76FF06F04E8E7034CE6E73C46E4E7EB
S31508008BA0024CE5E7D449010800DDFFFF80D7FFFF47
S31508008BB070B5002686B005960A9E0C4600961546A0
S31508008BC0FFF7C0FE00280ADB2A1A05ABCDE90153D8
S31508008BD004490346009404482244FEF787FA06B07F
S31508008BE070BD00BFDE490108014A010808B5154BEA
S31508008BF04FF4E4720021184608F0D5F90922034615
S31508008C00026142611048114A98614FF48061DA6145
S31508008C10002219629A625A62DA62C3F8F0000C48B6
S31508008C20C3F8F400C3F8F8100A49C3F80021C3F8DA
S31508008C30FC20C3F8042111F8010D98540132102ABA
S31508008C40F9D108BD2C2B0020264A01082C27002024
S31508008C502C2300203F4A01082DE9F84FDFF88880C9
S31508008C60824698F800308946532B164601D0FFF7FE
S31508008C70BDFF182707FB0A87D7F80051D7F8FCB0BD
S31508008C805D452FD9D7F8F840D7F8F410641BB442DD
S31508008C9028BF344648462944224608F068F8D7F8DB
S31508008CA0F8302544AB4208BF0025A144361BABEB80
S31508008CB0050B5E4528BF5E465EB1182303FB0A8393
S31508008CC0D3F8F41032462944484608F050F834449C
S31508008CD0354424B1182303FB0A88C8F800512046F6
S31508008CE0BDE8F88F0024E2E72C2B0020F8B51827FA
S31508008CF000FB0775124B0E461D4407FB0033DB6A63
S31508008D001446012B0AD0022B14D023B9284607F0A3
S31508008D10FBFD844208D900242046F8BD284607F002
S31508008D20F3FD844228BF044622463146284607F00A
S31508008D30F4FDF1E72846BDE8F84007F009BE00BF94
S31508008D402C2B0020F8B50B4B04461B780D46532BED
S31508008D50164601D0FFF74AFFEFF311874FF02001BF
S31508008D6081F31188324629462046FFF7BFFF87F36D
S31508008D701188F8BD2C2B00202DE9F041164C1E4613
S31508008D8023780546532B8846174601D0FFF72EFF52
S31508008D90082D1DD8EFF3118C4FF0200181F31188AF
S31508008DA065B1182005FB000344F80380E218002388
S31508008DB0576000FB0542166293625362182303FB51
S31508008DC00544069BE3628CF311880020BDE8F08118
S31508008DD04FF0FF30FAE700BF2C2B00202DE9F843AF
S31508008DE0174E1F4633780546532B8946904601D0C1
S31508008DF0FFF7FCFE082D1FD8EFF311824FF0200174
S31508008E0081F311886DB11824002304FB0564C4F8A6
S31508008E10F090C4F8F480C4F8F870C4F80031C4F8C7
S31508008E20FC30182303FB0566089BC6F8043182F359
S31508008E3011880020BDE8F8834FF0FF30FAE700BF3D
S31508008E402C2B002007B507F0C6FD00210846F8F7C9
S31508008E5051FF074B4FF4806201933723054900936E
S31508008E60054800230AF05FFA03B05DF804FB00BF6B
S31508008E706C160020404A0108BF090108024B196810
S31508008E80024B1868FAF766BA8C2200209022002056
S31508008E904FF42042034BA0F520401B6818605A6027
S31508008EA0FFF7ECBF8C22002010B5254CFBF79AFA89
S31508008EB0236F012023F0070343F002032367FBF720
S31508008EC0BBFAD4F82031012123F0070343F001034C
S31508008ED0C4F82031D4F828313E2023F0070343F0A4
S31508008EE00103C4F82831D4F8403123F0030343F0D2
S31508008EF00103C4F84031D4F8603123F0030343F08A
S31508008F000103C4F86031FBF7C3F8D4F840320020F7
S31508008F1023F0030343F00103C4F84032D4F80032C7
S31508008F2023F0070343F00103C4F80032D4F80832EB
S31508008F3023F0070343F00103C4F8083210BD00BF4D
S31508008F4000800050064B1B681A7A022A04D812B110
S31508008F501B68044A13607047032AF9D0704700BF9C
S31508008F60B0220020B01C002053B94AB9002908BF16
S31508008F7000281CBF4FF0FF314FF0FF3000F082B9D8
S31508008F80ADF1080C6DE904CE00F006F8DDF804E052
S31508008F90DDE9022304B070472DE9F04F099D0C4620
S31508008FA0002B4DD18A420F4684469646B2FA82F382
S31508008FB060D94BB102FA03FEC3F120029F4000FAC2
S31508008FC003FC20FA02F217434FEA1E461FFA8EF4F4
S31508008FD04FEA1C42B7FBF6F106FB117701FB04F0DA
S31508008FE042EA0742904208D91EEB020201F1FF3716
S31508008FF002D2904200F231813946121A1FFA8CFCCD
S31508009000B2FBF6F006FB102200FB04F44CEA024C15
S31508009010644508D91EEB0C0C00F1FF3202D26445F8
S3150800902000F21E81104640EA0140ACEB040C002118
S3150800903025B12CFA03F30022C5E90032BDE8F08F0A
S315080090408B4205D90DB1C5E9000100210846F5E7AF
S31508009050B3FA83F100294DD1A342C0F0F3809042C0
S3150800906080F0F080064623460846002DE6D0C5E97E
S315080090700063E3E7002B40F0A3808A1A4FEA1E47F5
S315080090801FFA8EF60121B2FBF7F407FB14204FEA0C
S315080090901C4242EA004206FB04F090420FD91EEB3E
S315080090A0020204F1FF382CBF4FF001094FF0000906
S315080090B0904203D9B9F1000F00F0CC804446121A49
S315080090C01FFA8CFCB2FBF7F007FB102200FB06F632
S315080090D04CEA024C664508D91EEB0C0C00F1FF322F
S315080090E002D2664500F2B3801046ACEB060C40EAA5
S315080090F004409DE7C1F120068B4004FA01FE22FADE
S3150800910006F720FA06FCF4408A401F434EEA0C0391
S3150800911000FA01FE4FEA17484FEA13491FFA87FC7F
S31508009120B4FBF8F008FB104449EA044400FB0CF9C8
S31508009130A1450ED93C1900F1FF3A2CBF4FF0010B9F
S315080091404FF0000BA14503D9BBF1000F00F08B804F
S315080091505046A4EB09041FFA83F9B4FBF8F308FB9D
S31508009160134403FB0CFC49EA0444A44506D93C19FC
S3150800917003F1FF3801D2A4457BD8434643EA0040B1
S31508009180A4EB0C04A0FB02984445CC46434602D304
S3150800919006D1CE4504D20138B9EB020C68EB0703B9
S315080091A0002D6CD0BEEB0C0264EB030422FA01F32B
S315080091B004FA06F6CC4000211E43C5E900643DE7E3
S315080091C002FA03FEC3F1200104FA03F200FA03FCD3
S315080091D0CC404FEA1E4720FA01F11FFA8EF6B4FB7F
S315080091E0F7F00A4307FB1044110C41EA044100FB5F
S315080091F006F48C420ED91EEB010100F1FF382CBF94
S315080092004FF001094FF000098C4202D9B9F1000F5D
S315080092102CD04046091B92B2B1FBF7F407FB141198
S3150800922042EA014204FB06F1914207D91EEB02020B
S3150800923004F1FF3801D291421ED84446521A44EA34
S31508009240004120E7861A64EB030301200DE7F44486
S3150800925002384AE7023C724431E702397244CCE6E6
S31508009260F4440238DFE602383C4472E702387144B7
S31508009270D0E7023B3C4481E7023C7244DEE72946DC
S31508009280DCE600BF704700BF08B5064B044613B1BD
S315080092900021AFF30080044B1B6803B198472046B2
S315080092A001F000FD00000000EC1D00202DE9F04350
S315080092B086460D46354E284615F8014B375D17F09C
S315080092C00807F8D12D2C26D12C780127851C3BBB05
S315080092D0302C32D00A234FF0FF380026B8FBF3F8BB
S315080092E003FB08F930466FEA0909A4F1300CBCF112
S315080092F0090F29D86446A34237DDB6F1FF3F07D0E8
S3150800930080452FD301D1A1452CDB00FB0340012664
S3150800931015F8014BE9E72B2C04BF2C78851CD6E7FA
S31508009320102BD8D1302CD6D1287800F0DF00582859
S31508009330D1D16C7810230235CDE72B7803F0DF0303
S31508009340582BF6D00823C6E7A4F1410CBCF1190F37
S3150800935001D8373CCFE7A4F1610CBCF1190F04D84A
S31508009360573CC8E74FF0FF36D2E7731C06D12223D5
S315080093703046CEF8003032B9BDE8F08307B1404236
S31508009380002AF9D006B1691E1160F5E7834A01087B
S3150800939013460A46014602480068FFF787BF00BF22
S315080093A0B4220020024B0344587800F01700704797
S315080093B0824A010870B50D4D00260D4C641BA41099
S315080093C0A64209D10B4D00260B4C0AF029F8641B5E
S315080093D0A410A64205D170BD55F8043B013698473E
S315080093E0EEE755F8043B01369847F2E714230020C8
S315080093F01823002018230020282300200FB407B5BF
S31508009400064904AB086853F8042B8168019300F0F9
S3150800941007F803B05DF804EB04B07047B4220020E7
S315080094202DE9F04F0D469DB014469846064618B1EC
S31508009430036A0BB900F038FB6B6ED90705D4AB8904
S315080094409A0502D4A86D07F0B7FDAB891B0701D5AD
S315080094502B699BB92946304600F0FAF870B16B6E55
S31508009460DC0704D54FF0FF301DB0BDE8F08FAB899F
S315080094709805F7D4A86D07F0A0FDF3E70023CDF80B
S315080094800C804FF00109DFF8B481099320238DF889
S31508009490293030238DF82A3023469A4613F8012BB3
S315080094A00AB1252AF9D1BAEB040B0BD05B46224642
S315080094B02946304607F0D3FA013000F0A780099A0A
S315080094C05A4409929AF80030002B00F09F80002336
S315080094D04FF0FF320AF1010A049307938DF85330CF
S315080094E01A93CDE9052354460522544814F8011B5E
S315080094F007F02FFC049AD8B9D10644BF20238DF86B
S315080095005330130744BF2B238DF853309AF8003095
S315080095102A2B15D0079A544600204FF00A0C2146EC
S3150800952011F8013B303B092B4BD9B0B1079214E037
S31508009530A0EB0803A24609FA03F313430493D2E700
S31508009540039B191D1B68002B0391BBBF5B4242F0AE
S31508009550020207930793B8BF049223782E2B0AD1E9
S3150800956063782A2B32D1039B02341A1D1B6843EAFF
S31508009570E37303920593DFF8D4A0032221785046BB
S3150800958007F0E7FB38B1A0EB0A004022049B013440
S3150800959082401343049314F8011B062228488DF8C9
S315080095A0281007F0D6FB00283FD0264B1BBB039B91
S315080095B0073323F0070308330393099B3B440993B6
S315080095C06AE70CFB02320C460120A8E700230134A7
S315080095D04FF00A0C19460593204610F8012B303A2D
S315080095E0092A03D9002BC6D00591C4E70CFB012133
S315080095F004460123F0E703AB2A4604A93046009344
S31508009600114BAFF300800746781CD6D16B6ED9078D
S3150800961005D4AB899A0502D4A86D07F0CEFCAB89B0
S315080096205B063FF51FAF09981EE703AB2A4604A958
S3150800963030460093044B00F061F8E4E74F4A01080E
S31508009640594A0108000000005F0A0108554A010846
S3150800965038B5294B05460C46186818B1036A0BB984
S3150800966000F022FAB4F90C30190722D4DA0607D426
S3150800967009222A6043F040034FF0FF30A38133E00C
S31508009680580712D5616B41B104F14403994202D0DF
S31508009690284603F0E1FC00236363A38923F024032F
S315080096A0A3810023636023692360A38943F0080329
S315080096B0A38123694BB9A38903F42073B3F5007F0B
S315080096C003D02146284607F09EFCB4F90C3013F067
S315080096D001020AD00022A26062695242A26122698E
S315080096E042B913F08000C5D138BD990758BF6269E1
S315080096F0A260F4E70020F7E7B42200202DE9FF472F
S315080097000F7E914680460C46782F9A460C9E01F1AC
S31508009710430207D8622F0AD8002F00F0DD80582FA1
S3150800972000F0C38004F1420684F842703AE0A7F1DB
S315080097306303152BF6D801A151F823F09597000875
S31508009740A997000825970008259700082597000877
S3150800975025970008A9970008259700082597000867
S315080097602597000825970008BF980008379800082D
S31508009770779800082597000825970008E1980008BB
S3150800978025970008379800082597000825970008A8
S315080097907F98000833681A1D1B68326004F1420678
S315080097A084F842300123A8E031682368081D306038
S315080097B01E0601D50D6803E05D06FBD5B1F900501C
S315080097C0002D616878DA2D200029A16084F843000D
S315080097D02DDA6D425D480A231646B5FBF3F103FB05
S315080097E01157C75D06F8017D2F460D46BB42F4D9D1
S315080097F0082B0BD12368DF0708D5236961689942CE
S31508009800DEBF302306F8013C06F1FF36921B2261C3
S315080098104B4603AA21464046CDF800A007F07CF93E
S3150800982001306FD14FF0FF3004B0BDE8F08723F068
S3150800983004032360CDE721683368080653F8045B00
S3150800984002D4490648BFADB26F2F33603F4814BFF4
S315080098500A230823002184F843106668002EA660B0
S31508009860BADB216821F004012160002DB4D1002E55
S31508009870B2D11646BCE7236843F020032360782755
S315080098803348236884F845701F06316851F8045B2D
S3150800989002D45F0648BFADB23160D90744BF43F072
S315080098A0200323601DB11023D4E72848E9E723687D
S315080098B023F020032360F6E724480A23CDE733681C
S315080098C02568181D616930602E061B6801D5196068
S315080098D002E06806FBD5198000231646236197E740
S315080098E0336800211A1D32601E686268304607F028
S315080098F030FA08B1801B606063682361002384F82E
S31508009900433085E72369324649464046D047013009
S3150800991088D023689B0714D4E068039B9842B8BF95
S31508009920184681E70123324649464046D04701306A
S315080099303FF478AF0135E36803995B1AAB42F1DC73
S31508009940EAE7002504F11906F5E700BF604A0108B1
S31508009950714A0108024B0146186803F07ABB00BF3A
S31508009960B4220020024B0146186803F075BB00BFFD
S31508009970B422002010B504460448134620B10A460E
S3150800998002202146AFF3008010BD00BF0000000092
S31508009990002310B504468360818119464366C28157
S315080099A008228361C0E90033C0E904335C3007F05C
S315080099B0FAFA0D4B246263620C4BA3620C4BE3620A
S315080099C00C4B23630C4B9C4206D003F1680294426D
S315080099D002D0D0339C4205D104F15800BDE81040AE
S315080099E007F0E9BA10BD00BF910E0108B30E0108D1
S315080099F0EB0E01080F0F0108B41C0020024A0349A8
S31508009A00034807F088BA00BF04230020030D0108A5
S31508009A10B822002041680C4B994210B5044601D083
S31508009A2007F06FF9A168094B994202D0204607F062
S31508009A3068F9E168064B994204D02046BDE8104013
S31508009A4007F05FB910BD00BFB41C00201C1D002024
S31508009A50841D002010B50B4B04210B4C0B4A2046E5
S31508009A601A600022FFF794FF04F168000122092119
S31508009A70FFF78EFF04F1D00002221221BDE8104044
S31508009A80FFF786BFEC1D0020B41C0020FD990008D6
S31508009A90014807F091BA00BFBD1F0020014807F032
S31508009AA08CBA00BFBD1F002010B50446FFF7F0FFB3
S31508009AB0236A1BB1BDE81040FFF7F0BF044B2362D1
S31508009AC0044B1B68002BF5D1FFF7C4FFF2E700BF74
S31508009AD0159A0008EC1D00200EB403B503AB014629
S31508009AE0054853F8042B00680193FFF799FC02B068
S31508009AF05DF804EB03B07047B4220020024B0A4617
S31508009B000146186807F06CB9B42200200CB4184B4B
S31508009B1030B50C1E9DB01D6808DA8B234FF0FF3058
S31508009B202B601DB0BDE8304002B070474FF4027399
S31508009B300290069002A9ADF8143014BF04F1FF3361
S31508009B402346209A2846049307934FF6FF73ADF8E9
S31508009B50163021AB019300F01FF8431CBCBF8B23C2
S31508009B602B60002CDDD0029B00221A70D9E700BFBB
S31508009B70B422002038B50446064D08461146002290
S31508009B802A601A4601F09CF8431C02D12B6803B1DF
S31508009B90236038BDF01D00202DE9F04F98468B89CB
S31508009BA09DB007461B060D46144610D50B6973B9BA
S31508009BB0402103F04EFA2860286130B90C233B6037
S31508009BC04FF0FF301DB0BDE8F08F40236B610023D6
S31508009BD0CDF80C804FF00109DFF8A0810993202306
S31508009BE08DF8293030238DF82A3023469A4613F803
S31508009BF0012B0AB1252AF9D1BAEB040B0BD05B4627
S31508009C0022462946384607F03AFA013000F0A7807E
S31508009C10099A5A4409929AF80030002B00F09F805E
S31508009C2000234FF0FF320AF1010A049307938DF8D7
S31508009C3053301A93CDE90523544605224F4814F8A4
S31508009C40011B07F086F8049AD8B9D00644BF20232A
S31508009C508DF85330110744BF2B238DF853309AF8EB
S31508009C6000302A2B15D0079A544600204FF00A0CCC
S31508009C70214611F8013B303B092B4BD9B0B107926D
S31508009C8014E0A0EB0803A24609FA03F3134304936E
S31508009C90D2E7039B191D1B68002B0391BBBF5B42D0
S31508009CA042F0020207930793B8BF049223782E2B3B
S31508009CB00AD163782A2B32D1039B02341A1D1B68FA
S31508009CC043EAE37303920593DFF8C0A003222178E1
S31508009CD0504607F03EF838B1A0EB0A004022049B34
S31508009CE0013482401343049314F8011B06222448C6
S31508009CF08DF8281007F02DF8002836D0214B1BBB0D
S31508009D00039B073323F0070308330393099B334464
S31508009D1009936AE70CFB02320C460120A8E70023E8
S31508009D2001344FF00A0C19460593204610F8012B0A
S31508009D30303A092A03D9002BC6D00591C4E70CFB93
S31508009D40012104460123F0E703AB2A4604A9384655
S31508009D5000930D4BAFF30080421C0646D6D1AB8963
S31508009D605B063FF52DAF09982CE703AB2A4604A9F5
S31508009D7038460093044BFFF7C1FCEDE74F4A01084C
S31508009D80594A0108000000007F100108554A0108D9
S31508009D9038B50023054D044608462B6000F07FFFC2
S31508009DA0431C02D12B6803B1236038BDF01D002087
S31508009DB0024B0146186807F0BDB900BFB42200205F
S31508009DC038B50023064D0446084611462B6000F0B8
S31508009DD06AFF431C02D12B6803B1236038BD00BF5C
S31508009DE0F01D002038B50023054D044608462B60B3
S31508009DF000F05DFF431C02D12B6803B1236038BD18
S31508009E00F01D002038B50446064D084611460022C6
S31508009E102A601A4600F050FF431C02D12B6803B192
S31508009E20236038BDF01D002038B50446064D0846A7
S31508009E30114600222A601A4600F040FF431C02D150
S31508009E402B6803B1236038BDF01D002038B5002308
S31508009E50064D0446084611462B6000F02AFF431CAF
S31508009E6002D12B6803B1236038BD00BFF01D002066
S31508009E700368D90444BF43F48063036003689A0403
S31508009E8044BF43F400630360704737B501A905462C
S31508009E9006F0A1F90446284624B1FEF72FFB204612
S31508009EA003B030BDFDF7E8FE0446F8E710B40C46EB
S31508009EB0042C11461A4604D100685DF8044BF6F7DF
S31508009EC0FDBA00205DF8044B704701688268C368D4
S31508009ED08A4294BF0022521A8B4294BF00235B1A0F
S31508009EE0D01A70478368D0E900128A4294BF0022CC
S31508009EF0521A8B4294BF00235B1AD01A704770B56A
S31508009F00856804460E463DB1FFF7ECFF30B10020E8
S31508009F106B1CA3602E7070BD2F20FCE71920FAE792
S31508009F2070B5866804460D4656B1FFF7DBFF012873
S31508009F3008D900206DBA3580A3680233A36070BDC6
S31508009F402F20FCE71920FAE770B5866804460D4607
S31508009F5056B1FFF7C7FF032808D900202DBA356088
S31508009F60A3680433A36070BD2F20FCE71920FAE725
S31508009F702DE9F0410E4698461546F2B1FE2A1ED93D
S31508009F804FF6FE77BA428CBF03270227C0F30804B0
S31508009F9044EA063444EA872424B24046A1B2FFF7CD
S31508009FA0BFFFA0B996B98FB1012F0AD0022F10D0E2
S31508009FB029464046FFF7C8FF07E01746E6E70127A8
S31508009FC0E4E74046E9B2FFF79AFF00B90020BDE88A
S31508009FD0F0814046A9B2FFF7A3FFF6E7F8B50446B5
S31508009FE015460E4679B187686FB1FFF77BFFA84221
S31508009FF00BD32A463146384606F0B9FE0020A36838
S3150800A0002B44A360F8BD2F20FCE71920FAE770B5AA
S3150800A010144606460D46FFF765FFA04211D32846AB
S3150800A020FFF753FFA0420CD32246E968B06806F052
S3150800A0309EFE0020B3682344B360EB682344EB60BC
S3150800A04070BD1920FCE7F8B5154606460F46FFF71A
S3150800A0503CFFA842044612D23846FFF736FF2A1BB1
S3150800A060824228BF024639463046FFF7D0FF28B954
S3150800A0703046FFF72AFFA84201D20D20F8BD00207E
S3150800A080FCE770B5C46805460E4644B1FFF71DFFE8
S3150800A09038B1002014F8012BEC60327070BD2F2007
S3150800A0A0FCE71920FAE770B5C46805460E4654B1B0
S3150800A0B0FFF70BFF012808D9002034F8022B53BA02
S3150800A0C0EC60338070BD2F20FCE71920FAE70023E7
S3150800A0D013B5044608460DF10601ADF80630FFF73C
S3150800A0E0E2FFF8B9BDF80620A061C2F3080363824F
S3150800A0F0C2F3402384F82730C2F38123032B08BF19
S3150800A10004232377B3FA83F3110B5B0984F824300D
S3150800A110B1FA81F3C2F300225B09217584F8253070
S3150800A12084F8262002B010BD70B5C46805460E46F0
S3150800A13054B1FFF7CAFE032808D9002054F8042BA7
S3150800A14012BAEC60326070BD2F20FCE71920FAE7DE
S3150800A15013B50446227F0846012A4FF000030BD1A7
S3150800A16001A98DF80430FFF78CFF18B99DF8043063
S3150800A1700020A36102B010BD022A09D101A9ADF8D9
S3150800A1800430FFF790FF0028F4D1BDF80430EFE75C
S3150800A19001A90193FFF7C8FF0028EBD1019BE7E768
S3150800A1A003460022DA621A7D084610B503F12C012F
S3150800A1B0032A11D8DFE802F00C020609FFF761FF4F
S3150800A1C040B110BDFFF76FFFFAE7FFF7ADFFF7E7FE
S3150800A1D0C268DA620020F4E72620F2E738B51546A9
S3150800A1E013460A1E0C4618BF01220121FFF7C0FEBE
S3150800A1F030B924B128462178FFF781FE00B900203E
S3150800A20038BD38B515460A1E18BF01220C462B461E
S3150800A21002215200FFF7ACFE30B924B12846218846
S3150800A220FFF77EFE00B9002038BD38B515460A1E70
S3150800A23018BF01220C462B4603219200FFF798FE11
S3150800A24030B924B128462168FFF77EFE00B9002000
S3150800A25038BD70B50C1E15464FF0000108BF002228
S3150800A2601E46FFF785FE38B92CB12A4621463046E8
S3150800A270FFF7B4FE00B9002070BD704710B500F1B5
S3150800A280C0010446F7F72AFC40B1012384F8C03020
S3150800A29000212046F7F71CFC20B110BD94F8C03009
S3150800A2A0002BF5D10020F8E713464A68012A0AD997
S3150800A2B00A681278022A04D10A460146BC30F6F723
S3150800A2C021BC00225A6000207047002070470020F9
S3150800A2D070477047704770477047704737B50346F1
S3150800A2E00C46088840F203118842154604D0B0F59A
S3150800A2F0827F0AD0A6200DE04FF4005301A90193EE
S3150800A300FFF793FF30B9002004E000229868019215
S3150800A31010B92F2003B030BD01A9F7F7B5FB002807
S3150800A320F8D12A46208801A9EAE72DE9F04383688F
S3150800A3300D46164685B01BB92F2005B0BDE8F0833B
S3150800A340CA7842B903F1B404AA78032A6DD8DFE8BB
S3150800A35002F048041D331C46F6E700278DF80C70FA
S3150800A36023682046DB68298803AA9847D828044624
S3150800A37002D048B12046E0E7394632462888FFF73A
S3150800A3802DFF0028F6D0D8E703A9F6E700272368AB
S3150800A39020465B692988ADF80C7003AA9847D82827
S3150800A3A0044603D00028E5D103A900E03946324621
S3150800A3B02888FFF726FFE4E7002723682046DB699D
S3150800A3C02988039703AA9847D828044603D0002863
S3150800A3D0D0D103A900E0394632462888FFF725FF81
S3150800A3E0CFE7186BFFF7B6FA4FF00008236803AA01
S3150800A3F00092D3F82890024607464FF40073204689
S3150800A4002988CDF80C80C847D82804460BD030B91F
S3150800A41039463346039A2888FFF71BFF0446384611
S3150800A420FFF7A0FAA6E74146F3E7262085E7806806
S3150800A43008B100F021BA2F20704710B504461C2138
S3150800A44002F005FE204610BD10B504460C2102F0A8
S3150800A450FEFD204610BD10B504460C2102F0F7FD9E
S3150800A460204610BD10B504460C2102F0F0FD20462A
S3150800A47010BD10B50446042102F0E9FD204610BDC2
S3150800A48010B50446006818B1237C0BB102F0DDFD57
S3150800A4900023C4E90233C4E9003310BDF8B50C46FD
S3150800A4A0064615461F46FFF7EBFF2CB9284606F069
S3150800A4B0BDFA01230446337425447560002F08BF8E
S3150800A4C025463460C6E90254F8BD38B50025044669
S3150800A4D0C0E90055C0E902550574FFF7DFFF2046BD
S3150800A4E038BD0368C0E90233012343740023C0E979
S3150800A4F0083343820375836103778362C3627047B7
S3150800A50010B500230446FFF7E0FF01236374002318
S3150800A5102046C4E9083363822375A3612377A362BF
S3150800A520FFF7DFFF204610BD30B5D0F804413F2CB9
S3150800A5301DD80025AC42D0F800310FD1234403F0D2
S3150800A5403F0320F8231000EB8305C1F300210134F3
S3150800A550AA70E970C0F80441002030BD2B4403F00E
S3150800A5603F0330F823308B42F6D00135E2E7192055
S3150800A570F3E773B50D46002304460DF10701284697
S3150800A58016468DF80730FFF77CFD38B92846FFF7E1
S3150800A5909CFC9DF80730834202D0182002B070BD9B
S3150800A5A02368294620461B6998470028F6D1236860
S3150800A5B0314620465B699847F0E72D2070472D20E5
S3150800A5C070472D207047037900200B707047017182
S3150800A5D00020704740F26713994204D0B1F5B47F62
S3150800A5E006D0A620704702B1127802620020704792
S3150800A5F012B113784362F9E70623FBE740F26713C3
S3150800A600994204D0B1F5B47F06D0A620704790F8D9
S3150800A610203000201370704790F82430F9E70B4675
S3150800A620114640F25112934210B41BD0B3F5A97FDC
S3150800A63009D2B3F5A17F0DD0B3F5A27F0FD0A6201E
S3150800A6405DF8044B704740F261129342F7D10368F4
S3150800A6501B6E01E003685B6B5DF8044B18470368E3
S3150800A660DB6BF9E703681B6DF6E7A62070477047B2
S3150800A6700438704714387047103870470C387047DC
S3150800A68040F25113994270B5044633D0B1F5A97F0B
S3150800A69007D2B1F5A17F1CD0B1F5A27F22D0A620A2
S3150800A6A019E040F261139942F9D16ABB00F11E051F
S3150800A6B00221284600F043F968B9E38BB3F5805FB9
S3150800A6C0F6D223682046E18BD3F89430BDE8704073
S3150800A6D018470AB92F2070BD1188BDE8704001835C
S3150800A6E0F7F710B8002AF5D0BDE870401188418305
S3150800A6F0F7F730B832B111882046A183BDE870401B
S3150800A700F7F786B81146F7E71388C383D9E7A0F1A8
S3150800A7100400F6F749BBA0F10400F6F7CBBB10B569
S3150800A7200446B82102F093FC204610BDA0F10400AF
S3150800A730F5E7A0F10C00F2E7A0F11000EFE7A0F1B1
S3150800A7401400ECE70B46B3F5B17F114610B40FD0F1
S3150800A75040F26312934206D0B3F5827F0ED15DF8BC
S3150800A760044BF7F791B903685DF8044B5B6E18471D
S3150800A770836A002013605DF8044B7047A620FAE749
S3150800A780002048607047A0F10C00F6F7D7BCA0F18E
S3150800A7900C00F6F709BDF0B50446C818059B9842A3
S3150800A7A00FD8012602B9F0BDD30707D5CD08675DD6
S3150800A7B001F0070306FA03F33B43635501315208D8
S3150800A7C0F0E70020EFE72DE9F74F5825DDE90CBA49
S3150800A7D01746002288461E4611460323009504465E
S3150800A7E0DDF83890FFF7D7FF42460146102320468A
S3150800A7F00095FFF7D0FF3A460146102320460095FC
S3150800A800FFF7C9FF32460146022320460095FFF7A7
S3150800A810C2FF5A460146082320460095FFF7BBFFAC
S3150800A820524601460C2320460095FFF7B4FF4A46D8
S3150800A83001461B2320460095FFF7ADFF042301467A
S3150800A840002220460C9503B0BDE8F04FFFF7A3BFE2
S3150800A85008B5C0E9001211B90AB106F095FA08BDA3
S3150800A8602D207047A6207047704710B5044604216E
S3150800A87002F0EDFB204610BD00207047A0F1040051
S3150800A880F6F734BFA0F10400F6F742BFA0F10400C2
S3150800A890F6F754BFA0F10400F6F762BFA0F1040072
S3150800A8A0F6F774BFA0F10400F6F782BFA0F1040022
S3150800A8B0F6F790BFA0F10400F6F79EBFA0F10400DA
S3150800A8C0F6F7ACBFA0F10400F6F7BCBFA0F10C0088
S3150800A8D0F6F7FABFA0F10C00F6F7FCBFA0F10C00E2
S3150800A8E0F7F72AB82D2070472D2070472D2070477E
S3150800A8F02D20704700207047002048607047A0F15F
S3150800A9001000FFF7F9BFA0F11000F7F73DB8A0F166
S3150800A9101000F7F745B8A0F11000F7F74DB8A0F109
S3150800A9201000F7F779B8A0F11400F7F7EFB86C2024
S3150800A93070476C207047A0F11400F7F7FBB808B50C
S3150800A94038B131B105F08FF800280CBF0020AC20D3
S3150800A95008BD2F20FCE72B28034612D02F2812D03B
S3150800A960A0F13002092A02D80433D8B27047413818
S3150800A970C0B219280AD9A3F16102192A05D8473B9A
S3150800A980F3E73E2070473F207047FF2070472DE9C8
S3150800A990F84F0C4692469946071D961CB51E2CB1D3
S3150800A9A017F8048C4046FEF7FDFC18B9A5EB0A001B
S3150800A9B080B203E0012C03D14FF6FF70BDE8F88F93
S3150800A9C04046C847804617F8030CC847B8F1FF0F3A
S3150800A9D08346F1D0FF28EFD04FEA880848EA1018D6
S3150800A9E0022C06F1FF3506F8028CDFD017F8020CA8
S3150800A9F03D28DBD0C847FF280546DDD0830843EA53
S3150800AA000B13032C06F8013C11D017F8010C3D284E
S3150800AA100DD0C847043CFF28A4B207F1040706F185
S3150800AA200306C9D040EA851006F8030CB6E7354692
S3150800AA30BCE72DE9F84F06460C4615469B46002707
S3150800AA404FF6FC794FF6FF7A4C45A04628BFC84614
S3150800AA505B462A4630461FFA88F1FFF798FF5045AD
S3150800AA6006D0B4EB0804074404D046440544EBE793
S3150800AA704FF0FF373846BDE8F88F2DE9F047054611
S3150800AA8010B90020BDE8F087002AFAD011F00100BD
S3150800AA90F7D1B1EB430FF4D80446089E05F1020C32
S3150800AAA006F001068C42EDD200234FEA540E6719D0
S3150800AAB00CEB040817F8019B1B01A9F1300ABAF13F
S3150800AAC0090FDBB20AD8303B4B4403F0FF03474576
S3150800AAD0F0D102F80E3001300234E3E7A9F1410A59
S3150800AAE0BAF1050F04D8373B59FA83F3DBB2EEE720
S3150800AAF0002EC6D1A9F1610ABAF1050FC1D8573B94
S3150800AB00F2E7F0B5059CD8B9F1B902B9E3B9C4F3CF
S3150800AB10400505EB4105AB4204F002062FD314F0BD
S3150800AB20010F14BF41256125002401380A3D571C31
S3150800AB308C420BD116B1002302F814300020F0BD68
S3150800AB4002B90BB90029E2DA2F20F8E790F801C01C
S3150800AB504FEA1C13BCF19F0F86BF5B19DBB230337B
S3150800AB6002F8143010F8013F03F00F03092B86BFD3
S3150800AB705B19DBB2303307F814300134D8E71920F3
S3150800AB80DDE713B500240094FFF777FF02B010BD88
S3150800AB900CB407B504AB53F8042B0193F7F7C0F8C8
S3150800ABA003B05DF804EB02B0704708B50246F7F744
S3150800ABB0CFF8904234BF0020012008BD7047704787
S3150800ABC0704737B501A9054605F005FB0446284632
S3150800ABD024B1FDF793FC204603B030BDFDF74CF8D1
S3150800ABE00446F8E72D2070472D207047002070474F
S3150800ABF070472D207047002070472D2070477047FA
S3150800AC0070477047704740687047036853F81C3CA4
S3150800AC1018444068704708B5084608F011FC00203B
S3150800AC2008BD08B5084611461A4608F005FC002076
S3150800AC3008BD0020704710B5044605F0CAFEF9F7AE
S3150800AC4065FD606000F066FD002010BD01F0EBBDFB
S3150800AC5008B5F9F739FD002008BD0A680260496899
S3150800AC6052F8582C8150704748B12D2805D0C0B2EB
S3150800AC7000F5300040F0A060704740F201207047B0
S3150800AC80A0F50723A3F50073B3F5A06F05D3B0F5B8
S3150800AC90803F2CBF002001207047012070474FF0ED
S3150800ACA0FF307047FEE700207047012070470120FB
S3150800ACB070474FF0FF3070470020704700207047FC
S3150800ACC00020704710B5144606F0EAFE2060002002
S3150800ACD010BDFEE700239A4200D1704710B550F820
S3150800ACE0234041F8234001339A42F8D110BD436905
S3150800ACF0426CD91C143AB1FBF2F103EBC1000330E4
S3150800AD00B0FBF2F00230704738B505460C46FFF73F
S3150800AD10EEFF6A6CE31D143AB3FBF2F3013304EB5E
S3150800AD20C30402FB004038BD38B5054644692146D0
S3150800AD30FFF7EAFF6A6CE31D143AB3FBF2F301333B
S3150800AD4004EBC304204438BD73B506460D460024FB
S3150800AD50F36B01225B6901A928199847019B013306
S3150800AD6009D1736C043462196A405B421A42EFD007
S3150800AD70204602B070BD0024FAE770B505460C46B9
S3150800AD80F7F79AF8EB6B2046BDE87040DB68184782
S3150800AD9070B50025044686B00562E369AB4202D861
S3150800ADA0206A06B070BD666C2068E36B05225B6995
S3150800ADB001A906FB0500984701A800F02CFC00F045
S3150800ADC04FFC10B1236A013323620135E5E738B534
S3150800ADD00446456C006804F1400305FB0101E06B7D
S3150800ADE000F04BFC05462046FFF7D2FF284638BD43
S3150800ADF0F0B50546002687B0EC69013CB44203D895
S3150800AE000C46204607B0F0BD01B14C1E6F6C286891
S3150800AE10EB6B05225B6901A907FB0400984701A8AB
S3150800AE2000F0F9FB00F01CFC0028EAD121460136A7
S3150800AE30E2E7F0B504460D46466CE36B006887B05A
S3150800AE4005225B6901A906FB0500984701A800F0E1
S3150800AE50E2FB00F005FC20B101A800F0B3FB07B047
S3150800AE60F0BD29462046FFF7C3FF0646676C2068F3
S3150800AE70E36B05225B6901A907FB0600984701A851
S3150800AE8000F0A0FB431CEAD0B54238BF0130E6E724
S3150800AE902DE9F0434FF6FF79D0F8248004460E4694
S3150800AEA0C84514BF45460025002787B0E369BB425D
S3150800AEB002D807B0BDE8F083E26B2368606CD2F86D
S3150800AEC014C000FB0530052201A9E04701A800F0DF
S3150800AED0A2FB022806D0C8450CD1721C294620467A
S3150800AEE0FFF775FFE3690135B5FBF3F2013703FB9D
S3150800AEF01255DBE729462046FFF79BFFB0F1FF3FD7
S3150800AF0014BF024632460132E8E70368F0B5CC1AA8
S3150800AF10436C0646B4FBF3F4002587B0F36937683B
S3150800AF205A1E9542706C08D3706C336800FB043067
S3150800AF3007B0BDE8F04000F09EBB0134B4FBF3F265
S3150800AF4003FB1244F36B05225B6901A900FB04703D
S3150800AF50984701A800F05FFB00F082FB0028E3D1C8
S3150800AF600135DBE710B423F0030422449B070A44A7
S3150800AF70436C18BF04325B4282EA0104234203D0C1
S3150800AF805DF8044BFFF7C1BF10465DF8044B7047E8
S3150800AF902DE9F041D0E90A369E42044686B028D10A
S3150800AFA01422C369456802FB1355284606B0BDE856
S3150800AFB0F0812068676C331AB3FBF7F3E26B07FB83
S3150800AFC00300D2F8148001A90522C04701A800F0A1
S3150800AFD022FB012804D0636C1D44013B3340ED1A63
S3150800AFE031462046FFF791FF0646A36AB342E0D1F1
S3150800AFF0DBE70025F9E708B508301346D1E9001262
S3150800B000F8F742FC012008BD13B50C46002121764D
S3150800B0100093616813462246F7F7B4F918B1E37D41
S3150800B02003B1A07EA075A07D02B010BD73B516460B
S3150800B03000F108050C46284609680DF1070200F0DC
S3150800B040A1F9032E06D16368834203D128462168F5
S3150800B05000F07FF9012002B070BDD01E009B42426D
S3150800B0604241187E824211D11A688A420ED85A681D
S3150800B0708A420BD35A6901325A61D3E903028242E2
S3150800B0803FBF986840F8221001321A6101207047C4
S3150800B09010B5032A029C07D1A26A5340626C524239
S3150800B0A0134201D100F055F9012010BD08B5C36857
S3150800B0B000209847BDE80840F6F720BF012814BFCE
S3150800B0C00420022070B5002442431C70CC7D101D5C
S3150800B0D002F002024CB91AB1012220F003001A70DC
S3150800B0E000F108034868184470BD1AB1012220F01F
S3150800B0F003001A7000230C7E01F12005DAB294428F
S3150800B10001D80020F0E735F833205E1C824206D9C4
S3150800B11001EBC30300F10802D8691044E4E733469B
S3150800B120801AEBE773B5054690F842601C46304630
S3150800B1300DF10303FFF7C2FFEB6B012E5B690DD11F
S3150800B140324601A998479DF8033013B1BDF8063079
S3150800B1500193BDF80430236002B070BD0122214678
S3150800B16002B0BDE870401847F0B5054600244868A7
S3150800B170EB6B87B00E4601225B69029402A9083080
S3150800B1809847274695F84230012B40F08480632C77
S3150800B19002D9029807B0F0BD612C08D805AB224643
S3150800B1A031462846FFF7BEFF9DF814301BB305ABA2
S3150800B1B02246314628468DF81070FFF7B3FF95F8FA
S3150800B1C04230012B059B55D14FF6FF72934200F092
S3150800B1D09680082205A904A800F069FA059B9DF83F
S3150800B1E01010C3F30722914240F08980DBB2029A1D
S3150800B1F01A44029283E095F84230012B30D1224658
S3150800B2003146284603ABFFF78DFF3146284604AB87
S3150800B210621CFFF787FF3146284605ABA21CFFF7DD
S3150800B22081FF102208230DEB02010DF107008DF8AE
S3150800B230073000F03CFA102205A90DF1070000F0CE
S3150800B24036FA039BDAB2002A52D19DF80720B2EBF0
S3150800B250132F4DD1DDE9043203EB0243029347E095
S3150800B260302C2BD944E09DF80720B2EB134F3FD181
S3150800B270049BF3E7013342D0102205A90DEB020027
S3150800B28000F015FA059B9DF81010C3F3074291428A
S3150800B29035D19BB2ABE7312C3FF67BAF87D005ABF8
S3150800B2A0224631462846FFF73DFFBDF81430002BED
S3150800B2B07FF47DAF95F84230012BA0D02246314667
S3150800B2C0284603ABFFF72EFF3146284604AB621C1F
S3150800B2D0FFF728FF102320220DEB03010DF10700CD
S3150800B2E08DF8073000F0E3F9039B9AB2002ABAD02A
S3150800B2F095F84230012B14BF012302231C44013464
S3150800B30040E713B500240194049C0094F7F720FD48
S3150800B31002B010BD13B501240194049C0094F7F7FC
S3150800B32017FD02B010BD00234FF0FF3230B5446858
S3150800B3309C4202D10023037230BD016801EBC305AC
S3150800B34041F833206A600133F2E7C0E90012FFF7DB
S3150800B350EABF0023F0B545689D4210D00468DF00B7
S3150800B36054F8332004EBC306B2F1FF3F08D0C2F30A
S3150800B3701302914204D14FF0FF33E3517360F0BDDD
S3150800B3800133E9E70023F0B545689D4202D14FF045
S3150800B390FF300EE00468DE0054F83340671C09D01D
S3150800B3A0C4F31307B94205D1240D14700368334456
S3150800B3B05868F0BD0133E8E7704770B59400224637
S3150800B3C005460E4608F038F8431C0AD058B92246F6
S3150800B3D03146284605F0BDFD002814BF3D20002053
S3150800B3E070BD6E20FCE77120FAE713B5044601A884
S3150800B3F0F9F79AF9BDF8063023804FF48073638015
S3150800B400F9F7A8F96060002002B010BDF9F76CB929
S3150800B41008B5F9F759F9002008BD10B5044644EAFD
S3150800B420010313F00303084609D1934201D1002012
S3150800B43010BD54F8231040F823100133F5E72146D0
S3150800B440920005F094FCF2E710B5044607F0F8FF01
S3150800B450431C10D088B9F9F77DF9234620F003007C
S3150800B4602044984201D1002010BD53F8042B013224
S3150800B470F7D03E20F8E76E20F6E77120F4E770472C
S3150800B48013B50023044601461B220DF107008DF86B
S3150800B490073000F00CF922689DF80730B3EBD26F3D
S3150800B4A00CBF0120002002B010BD13B500230446CE
S3150800B4B0014620220DF107008DF8073000F0F7F855
S3150800B4C00DF107001A22211D00F0F1F862689DF8B7
S3150800B4D00730B3EB926F0CBF0120002002B010BDFD
S3150800B4E00068431C584258417047006810F07E0FA8
S3150800B4F00CBFC0F3C160002070470068C0F3D310CA
S3150800B5007047006800F07F0001288CBF00200120EA
S3150800B5107047036813F07E0F14BF04200820704795
S3150800B520036813F07E0F03D1406820F07C40704713
S3150800B53013F078001CBF03F07F03D81F704700681C
S3150800B54000F07F007047032809D0022803D1C1F113
S3150800B5500201C8B2704700290CBF072000207047B7
S3150800B56037B5054601F10C044369694601222046B0
S3150800B5709847BDF80030012201932046AB6901A91E
S3150800B580984703B030BD37B501F10C044369012271
S3150800B59069460546204698474FF6FF72009B99B2C2
S3150800B5A091420DD11B0C1B0443F4254343F0A5031C
S3150800B5B0019301222046AB6901A9984703B030BD23
S3150800B5C00020FBE737B5044600251B22011D0DF1B7
S3150800B5D007008DF8075000F06AF860689DF80720A4
S3150800B5E0B2EBD06F03D120F0784003B030BD0DF137
S3150800B5F007001B2204F108018DF8075000F057F8E0
S3150800B600A0689DF80730B3EBD06F01D1C043EAE7D5
S3150800B6104FF0FF30E9E74BF29A22036810B5B2EB18
S3150800B620134F044613D19BB2012B13D1FFF7CAFF60
S3150800B63001300CD04FF6FF72E068B2EB104F4FEABC
S3150800B640104309D180B2C01A18BF012010BD236863
S3150800B650013303D00420F9E70220F7E70320F5E7D2
S3150800B66001288CBF002001207047033801288CBFB1
S3150800B670002001207047143070472DE9F041054637
S3150800B6809846036908460E4617469847044638B949
S3150800B69043463A4631462846F8F7D0F9044618B1E3
S3150800B6A031462846FFF75CFF2046BDE8F0811F2A91
S3150800B6B00B689EBF4FF0FF3191408B43590801F04C
S3150800B6C055315B1A03F033319B0803F033330B44CF
S3150800B6D0017803EB13130A444FF0013103F00F33DB
S3150800B6E04B43A2EB13620270704708B505F07EFD66
S3150800B6F0BDE808400021F8F79FBC0029CCBF01210E
S3150800B7000021F8F799BC02214FF42070F8F7F8BD2C
S3150800B710704770474FF050234FF400321A6770474E
S3150800B72008B106F0DABE212070472DE9F84F064623
S3150800B730894617461C46002B70D028B121B11AB18C
S3150800B7400378032B02D853B9212068E0043B012B68
S3150800B750FAD880254168021D00F1540A04E0402504
S3150800B7604168021D00F12C0A1346081943F8040B18
S3150800B7704FEAD50E1FD2724453F8040B002850D155
S3150800B7809A42F9D105F1FF3808EA0108A5EB080B3A
S3150800B790B8F1000F22D15C4524D3B4FBF5FB3A4639
S3150800B7A05B4649463046F9F7C3F8C0BB0BFB05F5BF
S3150800B7B02F44641B30E09C465068A2F1040801300F
S3150800B7C05060F044C445D6D05CF8040B0028F9D183
S3150800B7D0DCF800000130CCF80000F3E75C4508D23D
S3150800B7E0A542DAD9224639460AEB080005F0BFFA1F
S3150800B7F014E05A4639460AEB080005F0B8FA012360
S3150800B800524649463046F9F793F840B9641B444412
S3150800B810A54280465F44C0D9002CE3D10020BDE88C
S3150800B820F88F0F20FBE708B9212070470029FBD0C5
S3150800B830036813F0704209D1C3F30E030B601BB9FA
S3150800B8404368002BF0D00B6000207047B2F1004F20
S3150800B85007D18268D2040ED5C369002BE4D01B68D1
S3150800B860ECE7B2F1204FF4D0B2F1304FF1D0B2F19B
S3150800B870404FEED0D8E703F07F03DFE737B50C4635
S3150800B880054610B9212003B030BD0029FAD000239F
S3150800B89001A90193FFF7C7FF0028F4D1296811F021
S3150800B8A0704102D1019B2360EDE7AA68B1F1004F10
S3150800B8B0C2F38033C2F34035C2F3003207D1062102
S3150800B8C003EB450301FB0233019A5343EBE7B1F15E
S3150800B8D0204F04D12B4402EB82021344F4E7B1F162
S3150800B8E0304F02D0B1F1404FCCD12B44ECE72DE9D3
S3150800B8F0F3470D4690469A460446F0B1E9B1066804
S3150800B9000F6806F07049BE422AD0B9F1004F11D12E
S3150800B91086EA0703B3F1805F13D3BAF1000F36D175
S3150800B920B8F1000F1FD0A368AA68534013F4E04F7C
S3150800B93019D002E0B9F1404FEAD0212002B0BDE8A3
S3150800B940F0870023204601A90193FFF76CFF002822
S3150800B950F3D1019AC2F30E0216431743BE42ECD145
S3150800B960B9F1000FD9DB0023694620460093FFF79B
S3150800B9705AFF0028E2D1019001A92846FFF753FF94
S3150800B9800028DBD1DDE900239A42D7D0D5E7AA689B
S3150800B990B8F1000F03D0A3685340D904CDD493045B
S3150800B9A0E1D4CAE7F7B50C46054648B141B10023CC
S3150800B9B00B60036803F070430B60C268032A02D960
S3150800B9C0212003B0F0BD012A70D812B143F00063FC
S3150800B9D02360D5E90223900102F0407169D5B1F1DF
S3150800B9E0407F69D0002BEBD04FF00072236823F01C
S3150800B9F0407313432360EA68022A07D12A69032A97
S3150800BA00DED823F47F0343EA02432360EB68032B63
S3150800BA1003D12B69F62BD3D9A370AB681A0442BF9E
S3150800BA20236843F400432360EB68032B09D023689B
S3150800BA302A6823F4FF4323F07F03C2F30E0213435D
S3150800BA4023602B68AE68002B06F4805740DB16F49B
S3150800BA50E84FB5D12B6806F4806603F0704303F10E
S3150800BA600043B3F1804F04D21EB1236843F48063C8
S3150800BA7023600023284601A90193FFF7D4FE002876
S3150800BA809FD12B6813F070413BD12368019A23F4A8
S3150800BA90FF4323F07F03C2F30E0213432360002FF4
S3150800BAA08FD0EB69002B8BD00F208AE743F0806399
S3150800BAB08EE7B1F1407F04D1002B81D04FF0407260
S3150800BAC094E702F08072002B90D1002A8ED077E797
S3150800BAD0730406F400520DD4002A3FF471AF2368AC
S3150800BAE043F400532360002FB4D0236843F48053F3
S3150800BAF02360AFE7236843F480432360002AF2D02B
S3150800BB00EDE703F05043B3F1004F06D0B1F1304FE3
S3150800BB1003D0B1F1404F7FF453AF019B2268013B3C
S3150800BB2003F07F0322F07F0213432360002F3FF4C4
S3150800BB3048AFEA69002A3FF443AFB1F1004FB3D1E9
S3150800BB40117F71B1002E3FF43CAF43F400732360BC
S3150800BB50537F002B3FF435AF236843F4807323608B
S3150800BB602FE7537F002B3FF42CAF002E3FF429AF6D
S3150800BB70F2E773B50C46054608B921201AE00029F4
S3150800BB80FBD00123C6684B609E4217D8002301A943
S3150800BB900193FFF773FE68B9019B06B11C336A6906
S3150800BBA09A4209D32A69002AE7D0226043F0005353
S3150800BBB00020A36002B070BD1D20FBE7023E012EE7
S3150800BBC0DBD80023F4E72DE9F0410D46044698B08A
S3150800BBD0002869D0002967D000234FF000728360DF
S3150800BBE0C0E90023036215A92846FFF7DBFE0028F3
S3150800BBF057D12046159906F07AFCAB68DB043CD58C
S3150800BC002B68002B52DA4FF00108EE69694637684F
S3150800BC1073682046CDF804800093029700F090F8E8
S3150800BC20B368204603A9CDF810800393059700F062
S3150800BC3087F8F368204606A9CDF81C80069308976E
S3150800BC4000F07EF83369204609A9CDF828800993C3
S3150800BC500B9700F075F8736920460CA9CDF8348067
S3150800BC600C930E9700F06CF8B36920460FA9CDF82F
S3150800BC7040800F93119700F063F8284612A9F9F748
S3150800BC80B9F870B9204600F05BF8284615A9FFF701
S3150800BC9070FF30B9204615A906F04FFC204605F07E
S3150800BCA01FFB18B0BDE8F0812120FAE70F20F8E75E
S3150800BCB070B50E46154604468AB000283ED00029BF
S3150800BCC03CD0002A3AD00023012229463046FFF705
S3150800BCD00EFE88BBF3688BBBEB68013B012B2DD8A6
S3150800BCE04FF08073A060C4E90030206207A9284697
S3150800BCF0FFF758FE00BB2046079906F0F8FB3046CA
S3150800BD0001A9FFF736FFB8B9204601A900F018F8CF
S3150800BD10284604A9F9F76EF870B9204600F010F81D
S3150800BD20284607A9FFF725FF30B9204607A906F0D8
S3150800BD3004FC204605F0D4FA0AB070BD2120FBE7C2
S3150800BD40436813B9416070475B685A68012AFBD19A
S3150800BD505960704700F05FBD00F05DBD00F05BBD47
S3150800BD6000F059BD00F057BD00F055BD08B548B103
S3150800BD704FF0FF3106F006FC002814BF6FF01D00D7
S3150800BD80002008BD6FF01B00FBE708B538B106F0C8
S3150800BD9015FC002814BF6FF01D00002008BD6FF0C9
S3150800BDA01B00FBE710B1006E06F083BD704710B5A7
S3150800BDB0044630B150238065C365184406F0E1FC9B
S3150800BDC0206610BD01207047F0B506460C4615469C
S3150800BDD08DB00AB300271022002108A805F0E3F861
S3150800BDE0CDE90577F9F7DCFB07AB029305AB0193C1
S3150800BDF006AB214600933A46304608ABF9F7A2FA55
S3150800BE00044620B1F9F7FAFB20460DB0F0BD099BB0
S3150800BE106B60059B2B60F5E76FF08604F4E708B5C1
S3150800BE20F8F7A2FC002814BF6FF09200002008BDA6
S3150800BE30FFF7F5BFF0B51C4600238BB023600F460D
S3150800BE401646F8F791FC70B9684606F046FB0546B3
S3150800BE5048B9324639466846F8F700FD10B92660F3
S3150800BE600BB0F0BD25606FF09200F9E720F0FF03F4
S3150800BE70B3F5824F06D14138C0B2012894BF0020DD
S3150800BE80012070470020704710B5002443681460ED
S3150800BE901B0A04D0012B0AD06FF0850010BD00885C
S3150800BEA0FFF7E4FF00B1013100201160F6E72C31FD
S3150800BEB0FAE7406810B5000A029C04D0012807D0AA
S3150800BEC06FF08B0010BD934209D96FF08C00F9E72B
S3150800BED003F12C009042F8D8103103F11C0200201F
S3150800BEE0C4E90412EEE72B2A03460AD901220020E8
S3150800BEF00A8048801A684A605A689B688A60CB60DC
S3150800BF0070476FF0890070472DE9F0470F46924653
S3150800BF109946054694B078B171B16AB14288D31D85
S3150800BF20072B4FEAD3085AD0038803F4E043B3F546
S3150800BF30805F04D1530708D06FF0860427E0B3F575
S3150800BF40005FF7D0B3F5804F49D002AE202200211A
S3150800BF50304605F028F8324641462846F9F730FDBE
S3150800BF600446A0B943465246394628460096FFF786
S3150800BF70A0FF044658B9282201460DEB020005F039
S3150800BF8012F80AA806F0A9FA28B16FF0920420461A
S3150800BF9014B0BDE8F08731460AA8FFF714FE58B179
S3150800BFA0482814BF6FF092046FF085040AA8FFF7BB
S3150800BFB0B7FB0028EBD0E8E76B681B0A06D14A46B0
S3150800BFC041462846FFF760FF0446EFE752463946E2
S3150800BFD03046FFF788FF04460028F0D0E6E76FF002
S3150800BFE08504D4E72DE9F0439DB00D46DDE92489A3
S3150800BFF016461F460446002868D0002966D0002A3F
S3150800C00064D0002B62D0B8F1000F5FD0B9F1000FF1
S3150800C0105CD02022002102A804F0C5FF2046324643
S3150800C020294602ABF9F74AFD0446F8B90AAD02AE4D
S3150800C0300FCE0FC596E80F0085E80F000C9A7B1CFB
S3150800C04022F080720E9322F4804208F1020323F054
S3150800C050030342F4005201A90AA80D940F930C9207
S3150800C0600194FFF70BFC28B16FF0920420461DB02F
S3150800C070BDE8F083019B01334345019329D8282263
S3150800C080214612A804F08FFF12A806F026FA002807
S3150800C090EAD10AAA02A912A8F8F7C6FE012812D000
S3150800C0A058B1482814BF6FF092046FF0850412A89F
S3150800C0B0FFF736FB0028D9D0D6E704233B70019B4F
S3150800C0C0C9F80030F3E76FF08B04F0E76FF08604E9
S3150800C0D0CCE76FF08904C9E7FFF716BFFFF782BF01
S3150800C0E02DE9F04F9FB01546DDE928AB0F46994676
S3150800C0F006462A9A002800F09F80002B00F09C80B4
S3150800C100BAF1000F00F09880002900F09580002D04
S3150800C11000F09280BBF1000F00F08E80002A00F03C
S3150800C1208B800023B0F80080CBF8003008F44F412C
S3150800C130EB00B1F5824F13605FD15FFA88F11229DF
S3150800C1400ED128F0FF01B1F5824F02BF083B5B080C
S3150800C15013601368B3F5047F04BF40F20923136024
S3150800C16000232A4603933946304603ABF9F772FB98
S3150800C170044600283DD1039C40460734E408FFF7EF
S3150800C18075FE08B1013D01370DF110082022002186
S3150800C1904046039404F007FF214642463046F9F725
S3150800C1A00FFC044628BBC6460DF1300CBEE80F004E
S3150800C1B0ACE80F009EE80F008CE80F00EB1C214648
S3150800C1C023F00303282214A8CDE90F47119304F09E
S3150800C1D0EAFE2B46524649463046CDF80080FFF720
S3150800C1E068FE044628B914A806F077F938B16FF046
S3150800C1F0920420461FB0BDE8F08F2C46C4E742469D
S3150800C2000CA914A8FFF754FD98B95246494640466A
S3150800C210FFF769FE04460028EBD15A462946304600
S3150800C220FFF732FE044614A8FFF77AFA0028E0D092
S3150800C230DDE76FF09204F6E76FF08604D9E710B4ED
S3150800C240048804F4E044B4F5805F06D0B4F5005FD2
S3150800C25003D05DF8044BFFF757BE6FF085005DF815
S3150800C260044B704770B40488DDE9035604F4E044CF
S3150800C270B4F5804F04D0CDE9035670BCFFF7B2BEC3
S3150800C2806FF0850070BC7047F8B51E4603880F46E8
S3150800C29003F44F43B3F5824F154610D1089BF9F7BF
S3150800C2A0D9FA044648B9069B9D420BD82A46394610
S3150800C2B0304604F05CFD079B1D602046F8BD6FF014
S3150800C2C08504FAE76FF08904F7E72DE9F04F97B090
S3150800C2D00E46DDE922AB17461D460446DDF890906A
S3150800C2E000286BD0002969D0002A67D0209B13B993
S3150800C2F0219B002B62D1BAF1000F5FD0BBF1000F72
S3150800C3005CD0B9F1000F59D0238823F0FF03B3F5A9
S3150800C310E24F53D129462046F9F7DEFC804600282D
S3150800C3203CD12846F9F70EFD0546002849D0414676
S3150800C33028220CA804F037FE4146202204A804F05F
S3150800C34032FE3A463146204604ABF9F7B7FB80463B
S3150800C35020BB62880732D208BBEB420F4FEA42067F
S3150800C36032D30CA806F0B9F8B0B9219B2A46019336
S3150800C370209BCDE902A6009304A943460CA8F8F72A
S3150800C380BDFD78B962880732D2085200C9F8002084
S3150800C3900CA8FFF7C5F908B16FF09208404617B028
S3150800C3A0BDE8F08F012806D0482814BF6FF0920820
S3150800C3B06FF08508ECE76FF08B08E9E76FF0860801
S3150800C3C0ECE76FF08508E9E76FF08908E6E72DE9FD
S3150800C3D0F04F97B00E46DDE9219ADDE923B81746F6
S3150800C3E01D46044628B96FF08606304617B0BDE8E4
S3150800C3F0F08F0029F7D0002AF5D0209B002BF2D029
S3150800C400B9F1000FEFD0BAF1000FECD0BBF1000F75
S3150800C410E9D0B8F1000FE6D025F0FF03B3F1062FF7
S3150800C42049D1282200210CA804F0BDFD20220021B4
S3150800C43004A804F0B8FD31463A46204604ABF9F79D
S3150800C4403DFB06460028D0D1238823F0FF03B3F529
S3150800C450E24FC8D129462046F9F73EFC0646002891
S3150800C460C3D163880733DB08BBEB430F4FEA4304AA
S3150800C47024D30CA806F031F898B9209B32460093CD
S3150800C480CDE902A40123CDF8049004A90CA8F8F775
S3150800C49035FD48B9C8F800400CA8FFF741F900284F
S3150800C4A0A3D06FF09206A0E7012814BF6FF092069A
S3150800C4B06FF08B06F0E76FF0850696E76FF0890652
S3150800C4C093E72DE9F04FC1B00C46DDE94A89DDE96D
S3150800C4D04CA793461E460546002800F09B80002977
S3150800C4E000F09880002A00F09580B8F1000F00F05F
S3150800C4F09180B9F1000F00F08D80BAF1000F08D1D4
S3150800C500002F40F087806FF09404204641B0BDE8C4
S3150800C510F08F002FF7D023F0FF03B3F1062F7CD15D
S3150800C5202822002114A804F03EFD2022002104A898
S3150800C53004F039FD21465A46284604ABF9F7BEFAF7
S3150800C54004460028E1D16A880732D208B7EB420FC1
S3150800C550D9D131462846F9F7BFFB04460028D4D17D
S3150800C56001461E9084221FA804F01DFD2B8823F087
S3150800C570FF03B3F5E24F2BD10CAD04AE0FCE0FC5BA
S3150800C58096E80F0085E80F000E9B14A823F0407369
S3150800C59023F4804343F40053CDE90E341EAB1093C5
S3150800C5A08823119305F099FF70BB0CAA04A914A857
S3150800C5B0F8F73AFC054614A8FFF7B2F8284323D142
S3150800C5C004AE0CAD0FCD0FC695E80F0086E80F0038
S3150800C5D014A805F082FF0246B0B90123CDE902A7E7
S3150800C5E0CDE9008904A914A8F8F706FD38B12C2866
S3150800C5F00DD0012814BF6FF092046FF08B0414A8B5
S3150800C600FFF78EF8002880D06FF092047DE76FF070
S3150800C6109404F4E76FF0860477E76FF0850474E70F
S3150800C620FFF753BEFFF7D3BEFFF74BBFFFF74DBE6D
S3150800C630FFF7CDBEFFF745BF2DE9F0478CB0904612
S3150800C640DDE914A599460F4609B9002A3ED1B9F184
S3150800C650000F02D1BAF1000F38D1002D36D000F103
S3150800C6607E400538062834D8DFE800F0193333044D
S3150800C670101316001C2002248245286012D20023BB
S3150800C6806FF089002B600CB0BDE8F08720200324EA
S3150800C690F2E730200424EFE740200524ECE71420D5
S3150800C6A00124E9E702A805F018FF064610B16FF065
S3150800C6B09200E8E743463A462146CDE9009A02A8A1
S3150800C6C0F8F7AEFA0028DED02E60F0E76FF08600A5
S3150800C6D0D9E76FF08500D6E730B50D4604468BB02E
S3150800C6E0A0B3031D0021D422184604F05CFC05F112
S3150800C6F07E41053906292CD8DFE801F0042B2B10DA
S3150800C700161C2200012269462270F8F76FF90028E4
S3150800C71014BF6FF0920000200BB030BD02226946AC
S3150800C7202270F8F77DF9F2E7032269462270F8F7D6
S3150800C73091F9ECE7042269462270F8F7A5F9E6E7CD
S3150800C740052269462270F8F7BBF9E0E76FF0860024
S3150800C750E2E76FF08500DFE770B50D46164604463A
S3150800C7608AB090B101B982B9684605F0B6FE18B12B
S3150800C7706FF092000AB070BD33462A466946201DFE
S3150800C780FEF7D3FF0028F5D0F2E76FF08600F1E751
S3150800C7902DE9F0430D4691461E4604468BB0A0B3DC
S3150800C7A001B992BB8EB3684605F097FE804620B164
S3150800C7B06FF092000BB0BDE8F083271D2A46694644
S3150800C7C04B463846F8F798F90546D4224146384686
S3150800C7D004F0E9FBA5B92378013B042B18D8DFE858
S3150800C7E003F00309070B0D00142200203260E1E76D
S3150800C7F02022FAE71C22F8E73022F6E74022F4E77F
S3150800C800212DD5D16FF08900D4E76FF08600D1E7E6
S3150800C8106FF08800CEE708B518B1D822002104F0D9
S3150800C820C2FB002008BDF5F723BD40B2F9F7ECBA04
S3150800C83070B50C46154610B9F9F732FB38B143689E
S3150800C8402BB12A462146BDE87040006818472320C8
S3150800C85070BDF7B50D4616461C4648B103B901AC7E
S3150800C860C7685FB12346324629460068B84706E0DE
S3150800C870F9F716FB04B901AC0028F1D1232003B05F
S3150800C880F0BD10B500201C4604F08BF80028206087
S3150800C8900CBF1B20002010BD08B50020FCF752FA7B
S3150800C8A0002008BDF8B50C468D18073552421540CC
S3150800C8B0A5F108070646384600F0D5FBA0883B1BBD
S3150800C8C0618800EBE30080B2A1EBE30125F8040CD4
S3150800C8D025F8061CA188DA10D1B1A4EBC101B1F87C
S3150800C8E002C0C88002EB0C004880E188B9B18A1AF8
S3150800C8F092B204EBC10125F8022C8A80A2888AB973
S3150800C900B2681344F268B360934288BFF3600EE0DE
S3150800C91015F8081C41F0020105F8081CE5E725F89A
S3150800C920021CEBE7A4EBC2042278D207E8D4384607
S3150800C930F8BD2DE9F04F4FF0000887B09946531C13
S3150800C940109B0546174614BF14460824CDF81480D4
S3150800C950002B00F0C980C3F80080002900F0C680CB
S3150800C96042688A4240F2C280073121F0070605F084
S3150800C9706BFD05AACDE9008282463A464B4631460A
S3150800C980284600F074FB059F834607B130B9504628
S3150800C99005F055FD192007B0BDE8F08FB7F80280FD
S3150800C9A029694FEAC802C0EBC8080139B8F1270F50
S3150800C9B029617ED9B9F1000F55D1864206F10808DA
S3150800C9C04CD0224639462846FFF76CFF04460590A8
S3150800C9D0059B9844404600F046FB059906F10F0072
S3150800C9E04A88C308A2EBD002A8F80220CA88A8F889
S3150800C9F00430002A34D0D31A9BB201EBC202A8F83D
S3150800CA00063093808B88F608A380B8F804303A4637
S3150800CA10E380414600232846668000F095FBAB6814
S3150800CA20EA6808339342AB6088BFEB60237843F02B
S3150800CA30010323702B6901332B616288AB6850466A
S3150800CA4003EBC203EA68AB60934288BFEB6005F06C
S3150800CA50F6FC109B083400201C609CE73C46B7E7B0
S3150800CA60A8F80620CEE707EB08042046039200F054
S3150800CA70FAFA0BF10703DB080599638008F1070347
S3150800CA80DB08A380CB8893B1DB00039AD81D821AF2
S3150800CA905A44C2F3CF020B44E2809A80A38808F175
S3150800CAA0FF384FEAD808A1F80280CB80B7E7E380C1
S3150800CAB0F4E7B9F1010F1BD107F10803B3FBF4F250
S3150800CAC004FB1233B3B1224639462846FFF7EAFE7D
S3150800CAD0044623783A4643F001032370214601238E
S3150800CAE0284600F031FBA8E7222054E7212052E728
S3150800CAF08642E8D13C46ECE707B500224FF0FF3105
S3150800CB0001AB0192F9F724FA019803B05DF804FB2A
S3150800CB1007B5009313464FF0FF32FFF70AFF03B03D
S3150800CB205DF804FB2DE9F04F05460C4685B0002953
S3150800CB3000F0E680D0E9056805F086FC14F808ECF4
S3150800CB4034F806CC1EF0010F019002D0BCF1000F9C
S3150800CB5006D1019805F073FC012005B0BDE8F08FF9
S3150800CB60A968D5F810B034F8049CA1EBCC010BF1F8
S3150800CB700103A4F108070CF10102A9602B61B9F1C0
S3150800CB80000F43D04FEAC9030293A7EBC903D8881D
S3150800CB90B3F802A0039018780EF0020EC00725D449
S3150800CBA0BEF1000F25D10398A0EB0A0EBEF1010FC6
S3150800CBB02CD10CF1020208395244C5F810B0A9600C
S3150800CBC034F802ECBEF1000F22D114F8081C24F840
S3150800CBD006EC6EF3000104F8081C013A5A801A782C
S3150800CBE06EF300021A700022DA8045E0BEF1000FEB
S3150800CBF00CD002984A44091AA96014F8081C6FF365
S3150800CC00410104F8081C00219980D9E73B46D7E77B
S3150800CC1007EBCE0AD5E9001001EB0009CA450ED389
S3150800CC2014F8081C013A6FF3000104F8081C0021E7
S3150800CC3024F8061C5A801A7861F30002D2E717F81E
S3150800CC403E70514617F001072FD014F8087C013AB8
S3150800CC506FF3000704F8087C002792B224F8067CD4
S3150800CC605A801A7867F300021A70C3F107020A4459
S3150800CC70C2F3CF02DA808A80002E3FD0B3423DD37A
S3150800CC807288002A08BF1E46B8F1000F06D0434531
S3150800CC9004D8B8F80220002A18BF43460198C5E907
S3150800CCA0056305F0CCFB002057E7AEEB0C0EBEF192
S3150800CCB0010FCAD1BAF802C0AAF802709444BAF8A9
S3150800CCC00620CAB10AEBC20100272A69013A2A617D
S3150800CCD0AA68083AAA6014F8082C24F8067C6FF3A8
S3150800CCE0000204F8082C1A78A3F802C067F30002B9
S3150800CCF01A700029B9D176E71146E5E71E46C3E75B
S3150800CD0022202AE710B50446F9F750F92146BDE86E
S3150800CD101040FFF707BFFFF7F5BF70B5049E15462D
S3150800CD201A4696B1002333608DB181B14D4333461F
S3150800CD302946FFF7EDFE044628B9306818B12A4699
S3150800CD40214604F030F9204670BD2224FBE7212451
S3150800CD50F9E707B5002201AB0192F9F70FF9019837
S3150800CD6003B05DF804FB2DE9F74F06460D46144659
S3150800CD709B46002B00F040810023CBF80030436827
S3150800CD80934240F23B8149B9002A00F037815A465E
S3150800CD90204603B0BDE8F04FF9F7E8B82AB90846C7
S3150800CDA003B0BDE8F04FFFF7ADBF05F04DFB35F812
S3150800CDB0067C07344FEAC70924F00704A1458046D4
S3150800CDC0A5F1080180F0968035F8023C002B70D05A
S3150800CDD0DA1B012A6DD101EBC30A11F83330D807E3
S3150800CDE067D4BAF80220A9EB040313EBC20360D494
S3150800CDF01F2B3CDD2F19C4F3CF0425F8064C01344C
S3150800CE00384625F8024C009300F02DF935F8022C27
S3150800CE10009BBA80BAF80620DB087B802AB3BAF8EA
S3150800CE200210511A11FA83F39BB20AEBC202FB8075
S3150800CE309380524600233946304600F085F950461D
S3150800CE4000F011F9002235F8061CB368CBF800503B
S3150800CE5003EBC103F168A3EB09038B42B36047D820
S3150800CE60002A40D0083BB3603DE0FA80E1E7336929
S3150800CE700137013B3361BAF80630174425F8067CBA
S3150800CE80A3B1BAF802209A1A12FA87F7BFB20AEBC8
S3150800CE90C30325F8027C9F8052460123304600F0E2
S3150800CEA053F9504600F0DFF80122CCE725F8023C9A
S3150800CEB0F2E720465A460021F9F758F8044630B1F9
S3150800CEC0404605F0BCFA204603B0BDE8F08F4A4656
S3150800CED02946DBF8000003F04AFF2846FFF712FF51
S3150800CEE004460028ECD1404605F0A9FA0024EAE7F2
S3150800CEF0F360B5E77DD935F8022CA9EB040A531E71
S3150800CF00DB1B002A37D001EBC20711F83220D20703
S3150800CF1032D48BBBC4F3CF03291925F8063C013359
S3150800CF20084625F8023C009100F09DF8009935F86E
S3150800CF30022C7B888A80FA8803EBDA034B80BAB125
S3150800CF407888101A10FA83F39BB207EBC202CB80DB
S3150800CF50938000233A46304600F0F6F8384600F04B
S3150800CF6082F8B368CBF800502344A3EB09037AE7A9
S3150800CF700023CB80EDE71746BAF1270F39D9C4F35A
S3150800CF80CF02291925F8062C0132084625F8022C65
S3150800CF90009101930AF1FF3A00F065F8009935F817
S3150800CFA0022C4FEADA0AA1F802A08A80FFB1019B97
S3150800CFB0013313FA8AFA1FFA8AFAA1F806A0A7F823
S3150800CFC004A0336930460133336100231A4600F062
S3150800CFD0BBF8B368CBF80050E2180832F368A2EB46
S3150800CFE009029A42B2607FF67EAFF2607BE7CF8095
S3150800CFF0E7E7CBF8005076E7222464E7212462E7C6
S3150800D00070B50D4616460446F8F7D0FF33462A464D
S3150800D0102146BDE87040FFF7A6BE002307B501AA62
S3150800D0200193FFF7EDFF019803B05DF804FBF8F7ED
S3150800D0307FBF13B5002401AA21460194F8F796FF8D
S3150800D04000B10194019802B010BDFFF75BBEFFF76F
S3150800D05059BE0846FFF750BD0846FFF75CBE0846AE
S3150800D0601146FFF7DABF0023036043607047F0B547
S3150800D070D0E90540551C08BF0822002B4FF00005D3
S3150800D08018BF0446DDF818C0CCF80050002C37D07D
S3150800D0909DF814706588FF0007EBC505C2F1000E00
S3150800D0A02078C00708D51BBBE088A0B104EBC004F4
S3150800D0B0658807EBC505F3E78D42F4D363B904F138
S3150800D0C00806B6FBF2F002FB106670180EB1A8420D
S3150800D0D0EAD8CCF80040F0BD082A0FD060880130A5
S3150800D0E004EBC000461A06EA0E06801B8542F0D2FB
S3150800D0F0A0880028EFD0A4EBC004D9E70846E8E7E3
S3150800D1002046E8E7034610461A69DAB108B921B994
S3150800D11018680378DB0702D470479869F9E739B9C4
S3150800D120C3887BB100EBC3000378DA07F8D47047ED
S3150800D130012907D183882BB1A0EBC3000378DB074D
S3150800D140F8D47047002070472DE9F041D0E905452D
S3150800D150074688461646F3B194420FD042B1954227
S3150800D16015D1424601213846FFF7CCFF05460EE0A9
S3150800D1700A463146FFF7C6FF0446F2E70A4600218B
S3150800D180FFF7C0FFB5420446EBD0002EE9D0C7E949
S3150800D1900545BDE8F081944208D08C4228BF0C466C
S3150800D1A0B54205D0454538BF4546F0E70C46F7E792
S3150800D1B04546ECE738B51C46C3E900010023C4E937
S3150800D1C00500C4E90233236122776362FFF74BFF48
S3150800D1D023690139C908013341802361A368E268DC
S3150800D1E0083393424FF00000A36088BFE36038BD60
S3150800D1F008B500F013F800F035F8FEE770477047F9
S3150800D200704708B503F0ECFB03F0EFFB03F0EEFB09
S3150800D21003F0F9FBBDE8084003F0F6BB08B5FFF7D5
S3150800D220EDFFF8F705FEF8F7C7FDFBF73DFEF8F743
S3150800D230D9FDFFF7E4FF04F09BF800F007F803F0C8
S3150800D240D1FBBDE80840F8F7C1BE704708B503F042
S3150800D250C3FB03F0C2FB03F0C1FB03F0C0FBFFF7FF
S3150800D260F4FF08BD03F0BFBB00207047704770B5D8
S3150800D27004680D1B002D02DC6FF05F0070BD94F989
S3150800D28000602378002E0ADB631C03602378136092
S3150800D2900368C91A13688B42EED80020EEE703F03C
S3150800D2A07F035E1E032E10D89D42E5DD002501345E
S3150800D2B0156004600468166814F8015B013B45EACA
S3150800D2C0062515600460F5D1E2E76FF06300D5E73F
S3150800D2D070B404680E1B002E07DD26789E4208D11E
S3150800D2E00134046070BCFFF7C2BF6FF05F0070BC0A
S3150800D2F070476FF06100FAE72DE9F04F85B00092AC
S3150800D300984603AA302304460E469DF838A09DF891
S3150800D3103CB0FFF7DDFF054610BB2368039A1344AC
S3150800D3209E421AD06FF065051AE05A1C226093F8DF
S3150800D3300090009B09EA0303434522D13146204663
S3150800D34003AAFFF794FFD0B909EA0A0159452268EA
S3150800D350039B09D022681A4422602368B342E4D3A7
S3150800D360284605B0BDE8F08F10990029F2D0DDE90E
S3150800D370107049460193B847019B0028EAD0054634
S3150800D380EEE76FF06105EBE738B505462C6804B99A
S3150800D39038BDA369A0682B60FFF7BDFC6069FFF77D
S3150800D3A0BAFC2046FFF7B7FCF0E770B50E461546FF
S3150800D3B004460CB9204670BD6368AB4206D12A46BE
S3150800D3C03146A06803F0C5FD0028F3D0A469F0E74C
S3150800D3D07F2A034610B51AD914460120240A00F1FB
S3150800D3E00100FBD11C68641A844212DB19684C1EC2
S3150800D3F01C6001F8012C120AF8D1012806D01A6817
S3150800D400511E196000F17F0302F8013C10BD01208E
S3150800D410E8E76FF06B00F9E70368591A0029C1BFFE
S3150800D42003F1FF310160012003F8012CD8BF6FF02A
S3150800D4306B0070472DE9F04106460F46154698469B
S3150800D440FFF7C6FF041E09DB424639463046FFF79A
S3150800D450E3FF0028B2BF0446641924182046BDE835
S3150800D460F081F0B4144600250668721A002A1CDDFD
S3150800D470771E076006F8014C2412002C05F10102FC
S3150800D48011DC046894F90060002E08DA621A002A92
S3150800D4900BDD621E0260002204F8012CAA1CDBB216
S3150800D4A0F0BCFFF7C7BF1546DEE76FF06B00F0BCB0
S3150800D4B0704770B50D46064600681146A8421C46D8
S3150800D4C009D3451B9D4206D3C01A1A46306003F09D
S3150800D4D04EFC204670BD6FF06B00FBE7052300226B
S3150800D4E0FFF7A8BF70B504460D46FFF7E2FF021E18
S3150800D4F006DB29462046BDE870400623FFF79ABF9B
S3150800D50070BD2DE9F0419846DDE9066304460D46EF
S3150800D5101746ABB126B9FFF7E1FF002812DB06462E
S3150800D52043463A4629462046FFF7DCFF002809DB32
S3150800D530821929462046BDE8F0413023FFF77ABF15
S3150800D5401E46EDE7BDE8F08130B40468651A002D83
S3150800D5500CDD003A18BF01220123651E5242056000
S3150800D56004F8012C30BC1A46FFF764BF6FF06B0055
S3150800D57030BC70470223FFF774BF70B516461A46CB
S3150800D580049B04460D46FFF794FF021E06DB294658
S3150800D5902046F3B2BDE87040FFF74CBF70BD2DE9D9
S3150800D5A0F84306460068894690461F46089DFFF7D9
S3150800D5B0FCFE0446002833D120210120FFF7C9FBD1
S3150800D5C0044650B1C0F8048041460120FFF7C1FB6C
S3150800D5D0A06030B92046FFF79EFB00242046BDE830
S3150800D5E0F8834246494603F0C2FB25614DB12946F8
S3150800D5F00120FFF7AEFB606138B9A068FFF78BFB27
S3150800D600E8E73368A3613460E8E73368A361346008
S3150800D610002FE3D02A463946606903F0A8FBDDE708
S3150800D62025B94069FFF777FB6561D7E70369AB4220
S3150800D630EED029460120FFF78CFB06460028CCD001
S3150800D6406069FFF768FBC4E90456E1E738B500F1FD
S3150800D6504103054602461921DBB20020F8F7EEFC25
S3150800D66005F147032A4604463321DBB21A20F8F7A8
S3150800D670E5FC2B1F2A463D210443DBB23420F8F78C
S3150800D680DDFC3E21E4B22A462B2304430846F8F77C
S3150800D690D5FC3F21E4B22F232A4604430846F8F76F
S3150800D6A0CDFCE4B22043C0B238BD2DE9F74F0C9F3C
S3150800D6B00546164617B91760002012E00324B7FB83
S3150800D6C0F4F404EB4408474518BF0134B4F1804F1D
S3150800D6D00AD2A40001348C4200D840B96FF0290060
S3150800D6E0346003B0BDE8F08F4FF0FF34F6E78146AB
S3150800D6F00024444503F1030209F1040A2ED3BC426F
S3150800D7004A4626D293F800800134BC424FEA980074
S3150800D7102CBF4FF0000B93F801B0FFF797FF89F87D
S3150800D72000004FEA081000F0300000EB1B10FFF76E
S3150800D7308DFFBC4289F801003CD24FEA8B0000F00D
S3150800D7403C00FFF783FF3D23524689F8020089F81B
S3150800D75003300023551B35601370ADE712F8033C00
S3150800D76012F8029C980812F801BC01920093FFF780
S3150800D7706DFF009B0AF8040C180100F0300000EB5E
S3150800D7801910FFF763FF0AF8030C4FEA890000F047
S3150800D7903C0000EB9B10FFF759FF0AF8020C0BF050
S3150800D7A03F00FFF753FF019AD14613460AF8010CCA
S3150800D7B003349EE73D20C6E700220123C0E9002383
S3150800D7C0704710B5044648B1006818B1E188890069
S3150800D7D001F0CBFC00220123C4E9002310BD42F26C
S3150800D7E01073994270B504460D4602D96FF00F00C2
S3150800D7F070BDC3888B4201D30020F9E7042128466F
S3150800D800FFF7A7FA06460028F0D0216841B1E2885A
S3150800D810920003F0ACFAE1882068890001F0A5FCC3
S3150800D820E5802660E8E7F8B50D46C9880446164639
S3150800D830FFF7D5FF0746A8B93046F8F711FC0646A4
S3150800D840B4F90420B5F90410F8F716FC3346F64384
S3150800D850A080EA8820682968F8F718FEEB88E0882F
S3150800D860984201D83846F8BD216851F8232032403D
S3150800D87041F823200133F3E738B504460D4619B9B4
S3150800D880FFF79FFF002038BDC2888A4207D10021D2
S3150800D8900068920003F087FB0123A380F2E7FFF7F5
S3150800D8A090FF29462046BDE83840FFF798BF8842D2
S3150800D8B070B505460E4609D0C988C28841B92AB14D
S3150800D8C0012392008380006803F06DFB002070BD81
S3150800D8D04C1E8CB9B6F904300134A242AB8012D280
S3150800D8E021462846FFF77BFF0028F0D131682868D3
S3150800D8F0A20003F03CFAE9E7336853F82430002B1A
S3150800D900E8D1013CE5E72868121B0021920000EBEC
S3150800D910840003F048FBE9E770B50C46012105468B
S3150800D920FFF75DFF064688B9EA880146920028682F
S3150800D93003F039FB84EAE472A2EBE472E40FC4EB69
S3150800D940C4342B68640001341A60AC80304670BD5C
S3150800D950C388B1EB431F3FBF03684A0953F8220047
S3150800D96001F01F013ABFC84000F0010000207047CF
S3150800D9700022C188914201D800207047036853F8F5
S3150800D980223033B193FAA3F0B0FA80F000EB4210DC
S3150800D99070470132EEE7C188006800F07CBC08B524
S3150800D9A0FFF7F9FF0730C00808BD70B50E4612F03C
S3150800D9B0030118BF012101EB920105461446FFF742
S3150800D9C05BFF38B923463246E9882868BDE87040C7
S3150800D9D000F083BC70BD13460A46C188006800F093
S3150800D9E0A1BC38B504460D46FFF7D5FFE3882844A1
S3150800D9F0B0EB431F06D820682A46E18800F002FDEE
S3150800DA00002038BD10F01F0118BF012101EB50118D
S3150800DA102046FFF7E4FE0028EDD0F2E70A46C18863
S3150800DA2008B511B1006800F0AFFC002008BD10B5BC
S3150800DA30C38823B9CA885AB9ABB1012017E002686E
S3150800DA4002EB830252F8042C002AF3D1013BF0E7DB
S3150800DA500C6804EB820454F8044C0CB9013AEAE762
S3150800DA609342EAD80FD3013B5A1C01D1002010BDBE
S3150800DA70026852F823400A6852F823209442DCD8F8
S3150800DA8003F1FF33F0D24FF0FF30F0E730B5C3882B
S3150800DA9023B9CA885AB9002B3DD136E0026802EB91
S3150800DAA0830252F8042C002AF3D1013BF0E70C68F4
S3150800DAB004EB820555F8045C4DBB013AEAE7B1F977
S3150800DAC0045003D2B1F90400404226E0B0F904201C
S3150800DAD0002A03DD002D0CDA01201EE0002D08DDEA
S3150800DAE03AB14FF0FF3018E003F1FF330BD2504242
S3150800DAF013E0013B016851F8235054F823108D4276
S3150800DB00F2D9104609E0591CF4D1002005E0002B93
S3150800DB10D8D09342D3D9B0F9040030BD1FB581EAF5
S3150800DB20E173A3EBE17301930123C90FC1EBC13183
S3150800DB3049000131ADF80C10ADF80E3002A901AB61
S3150800DB400293FFF7A3FF05B05DF804FB90422DE9A9
S3150800DB50F04105460F46144602D0884206D12746AC
S3150800DB600123FC88AB803CB9002003E0FFF79FFE49
S3150800DB700028F4D0BDE8F0813B684FEA840803EB3F
S3150800DB80840353F8043C0BB9013CECE721462846CC
S3150800DB90FFF725FE0028EDD12E6823463A68314660
S3150800DBA0304600F065FC074606EB0803002FDBD07D
S3150800DBB0EA88661CA24208D831462846FFF70FFEB7
S3150800DBC00028D7D12B6803EB84031A683446D21988
S3150800DBD02CBF0127002743F8042BE7E72DE9F0417E
S3150800DBE005460E469046D4883CB9F188A1420ED225
S3150800DBF06FF009073846BDE8F081D8F8003003EB26
S3150800DC00840353F8043C002BEFD1013CECE728468B
S3150800DC10FFF7E5FD07460028ECD1F28894420BD2BF
S3150800DC20AE4209D028683168121B920001EB8401C4
S3150800DC3000EB840003F09BF8EA88F088824207D953
S3150800DC402B68121A0021920003EB800003F0ABF94F
S3150800DC50D8F8002023463168286800F01FFC0246E1
S3150800DC6010B90123AB80C5E72968EB8801EB84016D
S3150800DC7008461B1B00F03BFD0028F2D0B8E72DE94B
S3150800DC80F843B2F804C0B1F9044081461CFB04FC11
S3150800DC90664673430D4617461CD511462846FFF7B8
S3150800DCA0C6FEB0F100080DDB3A4629464846FFF79E
S3150800DCB095FF98B9B8F1000F08BF01240020A9F80C
S3150800DCC004400BE02A464846FFF788FF30B964420D
S3150800DCD024B2F3E7FFF73AFF0028EFD0BDE8F88350
S3150800DCE00123FFF7CCBF4FF0FF33FFF7C8BF1FB5BF
S3150800DCF082EAE273A3EBE27301930123D20FC2EB2C
S3150800DD00C23252000132ADF80C20ADF80E3002AA2C
S3150800DD1001AB0293FFF7E7FF05B05DF804FB2DE9B9
S3150800DD20F04701231646002286B0884207460D466C
S3150800DD30CDE90223CDE9042306D102A8FFF7B7FDF2
S3150800DD400446002833D102ADB74206D1394604A8A5
S3150800DD50FFF7ADFD044650BB04AEB5F80680B8F132
S3150800DD60000F2ED1B6F80690B9F1000F33D14FF057
S3150800DD70010A384609EB0801FFF731FD0446B0B938
S3150800DD8001463846FFF7C8FD044680B9CDF800902D
S3150800DD90424633682968386800F059FCBAF1000F22
S3150800DDA022D1AB88B28813FB02F31BB2BB8004A84E
S3150800DDB0FFF707FD02A8FFF704FD204606B0BDE8F9
S3150800DDC0F0872B6803EB880353F8043C002BC9D172
S3150800DDD008F1FF38C3E7336803EB890353F8043CBB
S3150800DDE023B909F1FF39BFE70123DFE7B8FA88FA53
S3150800DDF04FEA5A1ABDE72DE9F34105468846164605
S3150800DE00CF883FB1D8F8003003EB870353F8043CBA
S3150800DE103BB146B90021284602B0BDE8F041FFF7FC
S3150800DE207BBD013FEDE72846791CFFF7D8FC044681
S3150800DE3070B941462846FFF73AFD044640B9013E07
S3150800DE4000963B46D8F80020E988286800F043FB8E
S3150800DE50204602B0BDE8F08170B504460D4610466E
S3150800DE6000211646FFF75AFE002824DB2A463346C9
S3150800DE7021460020F8F70EF9054638B1284670BD48
S3150800DE80324621462046FFF72BFF90B9002120464F
S3150800DE90FFF744FE0028F3DB31462046FFF7F6FD80
S3150800DEA00028EBDB324621462046FFF71CFF0028F8
S3150800DEB0F2D00546E2E76FF00905DFE72DE9FF41F5
S3150800DEC0012316460022054668468846CDE9002302
S3150800DED0CDE90223FFF7EBFC0446002855D131466D
S3150800DEE002A8FFF7E4FC044600284ED16846FFF76F
S3150800DEF03FFD074602A8FFF73BFD064650B92146F7
S3150800DF0002A8FFF725FD28B941462846FFF7CFFCAA
S3150800DF1004463AE00123ADF80C30ADF80430002190
S3150800DF206846FFF7FBFD50B9B742394602A828BF35
S3150800DF303146FFF756FD044638BB02A9E5E76846B1
S3150800DF40FFF716FD01466846FFF768FD0446E0B987
S3150800DF5002A8FFF70DFD014602A8FFF75FFD04467C
S3150800DF6098B9684602A9FFF791FD002817DB6946AC
S3150800DF70684602AAFFF732FE044630B90121684610
S3150800DF80FFF74CFD04460028C9D06846FFF719FC80
S3150800DF9002A8FFF716FC204604B0BDE8F08102A9E6
S3150800DFA06A460846FFF71AFE04460028EDD1012105
S3150800DFB002A8E5E7F7B50E1E044615461F4614DB0C
S3150800DFC01046FFF7ABFD00280FDD2046E988FFF76E
S3150800DFD053FC40B9089B3146CDE90073E3882A68AB
S3150800DFE02068F8F76BFA03B0F0BD6FF00300FAE7A4
S3150800DFF02DE9F041064688461046012192B015469D
S3150800E000FFF78CFD002840F34381002301272A46A9
S3150800E01041466846CDE90237CDE90437CDE90637EA
S3150800E020CDE90837CDE90037CDE90A37CDE90C3710
S3150800E030CDE90E37CDE91037FFF740FF0446002833
S3150800E04040F0978039466846FFF768FD002840F09B
S3150800E0501C812A46414602A8FFF7FEFE0446002810
S3150800E06040F0878002A904A8FFF721FC044600288F
S3150800E0707FD129460AA8FFF71AFC0446002878D15A
S3150800E08029460CA8FFF713FC0446002871D1394627
S3150800E09006A8FFF741FC044600286AD1014608A8ED
S3150800E0A0FFF73AFC0446002863D101460EA8FFF79D
S3150800E0B033FC044600285CD1394610A8FFF72CFC2F
S3150800E0C00446002855D1049B1B68D8073CD50C9BF1
S3150800E0D01B68DB0740F182800CA904A8FFF7D6FC71
S3150800E0E00028C0F2AB8004A908460CAAFFF7FBFD7E
S3150800E0F0044600283DD106A908460EAAFFF7F3FDF7
S3150800E1000446002835D110AA08A90846FFF7EBFDF2
S3150800E110044670BB002104A8FFF700FD0028D2D1F1
S3150800E12000210EA8FFF7FAFC0028C0F29A802946BB
S3150800E1300EA8FFF7ABFC002880F29D8030460EA99A
S3150800E140FFF7B5FB044614E0012104A8FFF766FCB7
S3150800E150044670B9069B1B68DF0729D4089B1B6811
S3150800E160DC0725D4012106A8FFF758FC0446002839
S3150800E1702FD002A8FFF725FB04A8FFF722FB06A865
S3150800E180FFF71FFB08A8FFF71CFB6846FFF719FBFC
S3150800E1900AA8FFF716FB0CA8FFF713FB0EA8FFF754
S3150800E1A010FB10A8FFF70DFB204612B0BDE8F08162
S3150800E1B006A908460AAAFFF793FD04460028D8D1FF
S3150800E1C008A9084602AAFFF78EFD04460028C9D00A
S3150800E1D0CFE7012108A8FFF721FC71E701210CA868
S3150800E1E0FFF71CFC04460028C3D10E9B1B68D90701
S3150800E1F013D4109B1B68DA070FD401210EA8FFF76A
S3150800E2000DFC04460028B4D1012110A8FFF706FC2E
S3150800E210044600283FF45BAFABE70EA908460AAAF6
S3150800E220FFF75EFD04460028A3D110A9084602AAF6
S3150800E230FFF759FD04460028DFD09AE70CA90846DF
S3150800E24004AAFFF750FD0446002892D10EA90846F5
S3150800E25006AAFFF748FD044600288AD108AA10A98D
S3150800E26053E70EA92A460846FFF73AFD0446002852
S3150800E2703FF456AF7DE70EA92A460846FFF733FD59
S3150800E280044600283FF453AF73E76FF00D0470E7B8
S3150800E2906FF0030488E70139002901DA0020704786
S3150800E2A050F82130002BF6D0B3FA83F00131C0EBD9
S3150800E2B04110704739B101F18041013900EB810104
S3150800E2C08142034600D270471B680A681BBA12BA15
S3150800E2D040F8042B41F80439F2E72DE9F0411C46D1
S3150800E2E013F0030318BF012303EB94038B4206467E
S3150800E2F00D46904613D879B18F003A46002102F0B0
S3150800E30052FE2CB1381B22464146304402F02FFDFE
S3150800E31029463046FFF7CEFF0020BDE8F0816FF0B2
S3150800E3200700FAE7B3EB810F70B504464FEA81059B
S3150800E330104619D95A1B8618002102F034FE3046B9
S3150800E3402B460021C2188B4210D1002070BD22F046
S3150800E3500301615802F00306F600F140C9B281B91B
S3150800E3600132AA42F3D1ECE71A46FAE721F0030094
S3150800E370205801F00305ED00E84002F8010D0131CF
S3150800E380E1E76FF00700E1E7F8B50546500988426E
S3150800E3900C4602F01F0601D80AD136B12846A2005B
S3150800E3A00021BDE8F84002F0FEBD1F2A02D8F8BDDC
S3150800E3B01F2A0FD9820005EB8003291F05EB840766
S3150800E3C0BB421AD1201A38BF0022002105EB800073
S3150800E3D002F0E9FD002EEAD0002205EB8404C6F11E
S3150800E3E02000AC42E3D054F8041C21FA06F3134388
S3150800E3F044F8043D01FA00F2F3E753F804CB41F878
S3150800E40004CFDDE71F2AF8B503460D464FEA521436
S3150800E41002F01F0613D96FF003000A4600FB04300A
S3150800E420944202F1FF3113D3621BAC4288BF00222B
S3150800E4302A4418460021920002F0B5FD034636B17B
S3150800E440002103EB8403C6F12007AC4206D3F8BDCE
S3150800E45050F8212043F821200A46E1E718680134DC
S3150800E46000FA06F20A4343F8042B20FA07F1ECE710
S3150800E470F0B50024844620469C4200D1F0BD51F8F0
S3150800E480245052F824702E182CBF01250025BF19D8
S3150800E4904CF8247045F100000134EDE7F0B500248E
S3150800E4A0064620469C4200D1F0BD51F824C052F8D9
S3150800E4B02470ACEB0005AF4294BF4FF0000E4FF04E
S3150800E4C0010EED1B46F8245084452CBF70460EF10C
S3150800E4D001000134E6E78B4228BF0B462DE9F047D9
S3150800E4E09646DE080446C91A03F007087546034629
S3150800E4F0B4460020089A0CF1FF3CBCF1FF3F03F13B
S3150800E500200305F1200511D104EB461425460EEB30
S3150800E51046164FEA880C06EB880E764540F0818051
S3150800E5206444013980F08B80BDE8F08755F8207C7B
S3150800E530A2FB079710EB090953F8200C47F10007CF
S3150800E54010EB090043F8200C55F81C0C47F100079E
S3150800E550A2FB00093F1853F81C0C49F10009C01921
S3150800E56043F81C0C55F8180C49F10009A2FB0007E2
S3150800E57019EB000953F8180C47F1000710EB0900CE
S3150800E58043F8180C55F8140C47F10007A2FB0009CC
S3150800E5903F1853F8140C49F10009C01943F8140C34
S3150800E5A055F8100C49F10009A2FB000719EB000900
S3150800E5B053F8100C47F1000710EB090043F8100C4C
S3150800E5C055F80C0C47F10007A2FB00093F1853F851
S3150800E5D00C0C49F10009C01943F80C0C55F8080C45
S3150800E5E049F10009A2FB000719EB000953F8080CCA
S3150800E5F047F1000710EB090043F8080C55F8040C1E
S3150800E60047F10007A2FB000A17EB000953F8047C40
S3150800E6104AF1000017EB090740F1000043F8047CB3
S3150800E62069E756F8043BA2FB0337C318286847F185
S3150800E6300007C31847F1000045F8043B6DE7236857
S3150800E6401B182CBF0120002044F8043B69E72DE97C
S3150800E650F347DDF8289015464A440F4692000021F4
S3150800E66006469846002402F09EFC05F1010A4C4530
S3150800E67002D102B0BDE8F08758F8243006EB8400D2
S3150800E68000933A462B465146FFF725FF0134EEE73D
S3150800E6902DE9F04712F0030418BF012404EB920495
S3150800E6A08C420646884617461D464FEA840AC2EB40
S3150800E6B0840919D84A46002102F075FCA8EB040221
S3150800E6C00021920006EB0A0002F06DFC3A46089813
S3150800E6D006EB0901A847054618B921463046FFF753
S3150800E6E0E9FD2846BDE8F0876FF00305F9E730B580
S3150800E6F00546104600229A4200D130BD51F8224004
S3150800E700241A45F8224034BF012000200132F2E7DE
S3150800E7102DE9F34101F1100506460F46284600216A
S3150800E720FFF7FCF9044698B36846FFF745F829460B
S3150800E7306846321DFFF75CFC044630BB07F1080843
S3150800E7406B46424641463046F7F702FF0446E0B9B3
S3150800E7506B466A4669463046F7F7FAFE0446A0B99C
S3150800E7606B463A4639463046F7F7F2FE044660B934
S3150800E7706B46424641463046F7F7EAFE044620B95C
S3150800E78001212846FFF7C8F804466846FFF719F836
S3150800E790204602B0BDE8F081F7B50D4604460835B7
S3150800E7A068461646FFF708F800212846FFF7B6F927
S3150800E7B0211D07462A466846FFF795FA044648B9D2
S3150800E7C0002F0CBF002206F0010269462846FFF713
S3150800E7D02AF804466846FEF7F4FF204603B0F0BD63
S3150800E7E038B50C46051D29462046FFF74FF900287F
S3150800E7F001DA002006E02A4621462046FFF7EEF910
S3150800E8000028F0D038BD70B50C460546114620469E
S3150800E8101A46FFF765FA064630B9043529462046F2
S3150800E820FFF734F9002801DA304670BD2A4621463A
S3150800E8302046FFF7D3F90028F0D00646F4E770B56E
S3150800E8400C460646114620461A46FFF74CFA054678
S3150800E85048B90436B4F90430002B04DA00212046FE
S3150800E860FFF75CF908B9284670BD324621462046AE
S3150800E870FFF736FA0028EDD00546F4E710B504464A
S3150800E880FEF79FFF04F10800FEF79BFF04F1100056
S3150800E890BDE81040FEF795BF13F07E0F2DE9F0474F
S3150800E8A00C4615460CBF4FF0010A4FF0000A074602
S3150800E8B05246294620461E46C3F34508FEF7B3FFCF
S3150800E8C048BB04F108095246484605F10801FEF717
S3150800E8D0AAFF00BB08F1FF33D3F1000848EB030891
S3150800E8E04246204605F11801FEF79DFF98B94246B3
S3150800E8F0484605F12001FEF796FF60B921463846DD
S3150800E900F209FFF749FF30B904F110000121BDE80B
S3150800E910F047FFF701B8BDE8F08738B50C4605465D
S3150800E92001212046FFF75DF828B921462846BDE8AB
S3150800E9303840FFF755BF38BD2DE9F84F1E4603F19D
S3150800E9400805C36804468A469046002B40F0C080F6
S3150800E95002F110031A462946F7F7FAFD002840F097
S3150800E960EF8006F110072B46424639462046FFF748
S3150800E9704AFF002840F0E48006F118092B46424673
S3150800E98049462046FFF75BFF002840F0D9804B46F2
S3150800E9903A4629462046F7F7DBFD002840F0D080A6
S3150800E9A0032229463046FFF726FA002840F0C88099
S3150800E9B031462046FFF714FF002840F0C18008F1D1
S3150800E9C0080B06F110075B465A4639462046F7F704
S3150800E9D0BFFD002840F0B48039462046FFF79DFF6A
S3150800E9E0002840F0AD803B46424629462046F7F7C8
S3150800E9F0AFFD002840F0A48029462046FFF78DFF8A
S3150800EA00002840F09D8006F118093B463A464946DB
S3150800EA102046F7F79DFD002840F09280494620469B
S3150800EA20FFF77BFF002840F08B8033463246394695
S3150800EA302046F7F78DFD002840F082802B463A469F
S3150800EA4039462046FFF7FBFE002879D12B463A4681
S3150800EA5039462046FFF7F3FE002871D13B462A4681
S3150800EA6029462046FFF7EBFE002869D133462A4699
S3150800EA7029462046F7F76CFD002861D14B462A4601
S3150800EA8029462046FFF7DBFE002859D15A46494653
S3150800EA90204608F11003F7F75BFD002850D14946D8
S3150800EAA02046FFF73AFF00284AD139465046FEF776
S3150800EAB0FEFE002844D129460AF10800FEF7F7FEB3
S3150800EAC0F0BB49460AF11000BDE8F84FFEF7EFBE65
S3150800EAD013462946F7F73CFD90BB032229463046E4
S3150800EAE0FFF789F960BB31462046FFF779FE38BB48
S3150800EAF004F10C0701463846FFF710F800283FF4E2
S3150800EB005EAF08F110031A4629462046F7F720FD9E
S3150800EB10B0B906F110092B462A4649462046F7F7AA
S3150800EB2017FD68B93B464A4629462046F7F710FDC1
S3150800EB3030B92B46324631462046FFF764FE3BE79E
S3150800EB40BDE8F88F0346C06920B15B6A002B14BF85
S3150800EB5001200220704710B50446FEF72DFE04F189
S3150800EB600800FEF729FE04F11000BDE81040FEF784
S3150800EB7023BE38B50025044600F8045BFEF71CFEE4
S3150800EB8004F10C00FEF718FE04F11400FEF714FE5B
S3150800EB9004F11C00FFF7DFFF04F13400FEF70CFE5A
S3150800EBA0C4E90F55C4E91155C4E91355C4E9155507
S3150800EBB0E56538BD10B50446FFF7DBFF04F16000D4
S3150800EBC0FEF7FAFD04F16800BDE81040FFF7C3BF81
S3150800EBD008B1FFF753BE704770B5044658B3436C87
S3150800EBE0012B11D00C30FEF7ECFD04F11400FEF7F2
S3150800EBF0E8FD04F11C00FFF7EBFF04F13400FEF713
S3150800EC00E0FD201DFEF7DDFDA36D8BB92046BDE8AE
S3150800EC1070406021F8F730BD06FB0500FFF7D8FF06
S3150800EC200135D4E91603AB42F6D8FEF774F8EDE7DA
S3150800EC3000251826F5E770BD10B5044658B1FFF74C
S3150800EC40CBFF04F16000FEF7BCFD04F16800BDE8E7
S3150800EC501040FFF7BDBF10BD38B504460D46FEF798
S3150800EC6026FE70B905F1080104F10800FEF71FFE3B
S3150800EC7038B905F1100104F11000BDE83840FEF777
S3150800EC8016BE38BD10B501210446FEF745FE60B92B
S3150800EC90012104F10800FEF73FFE30B9014604F1F0
S3150800ECA01000BDE81040FEF737BE10BD002108B5BC
S3150800ECB01030FEF733FFB0FA80F0400908BD1FB5E3
S3150800ECC000240294079C0194069C0094F8F7E2F845
S3150800ECD004B010BD2DE9F0471446DDE908890F4652
S3150800ECE01E4642464B4621460546F8F7E1F848B91E
S3150800ECF03B46224631462846CDE90889BDE8F04715
S3150800ED00FFF7DDBFBDE8F08713B5049CCDE90034F5
S3150800ED1013460A4600F11C01FFF7DCFF02B010BDDE
S3150800ED2073B50C460146204615461E46F8F72EF9D9
S3150800ED3040B92B462046009604F1680204F16001AA
S3150800ED40FFF7E2FF02B070BD00B14078704770B5BA
S3150800ED5000231446E4091D4603F10103FAD10468A9
S3150800ED60091B994212D302F07F0161550224D20988
S3150800ED709C42016803D919440160002070BD1D1B1F
S3150800ED8062F07F064E55D2090134F1E76FF00A00AA
S3150800ED90F4E76FF02D0070472DE9F043002605468D
S3150800EDA087B001918F180296B94225D1731E7E2B22
S3150800EDB000F28C8006EB860601213046FDF7C9FF76
S3150800EDC08046A860002800F0848005903A4601A98C
S3150800EDD003A8F8F72BF9044630B9DDF80C90B9F119
S3150800EDE0020F0FD96FF06704A868FDF794FF002398
S3150800EDF02646C5E9013347E011F8013B2E2B08BF2B
S3150800EE000136D1E7019BBB42ECD218782E28E9D10E
S3150800EE10013304A80193F8F709F904460028E3D159
S3150800EE20B9F1020F02D0049B272BDBD8019BBB420A
S3150800EE3004D21A782E2AD5D101330193282303FB4D
S3150800EE4009F9049B19EB0302CCD2B044414605A844
S3150800EE50FFF77DFF0646002833D1019BBB4217D337
S3150800EE60AB68059C0121E41A2046FDF772FF0746A8
S3150800EE7048B32246A96801F07AFFA868FDF74BFF58
S3150800EE800623C5E901472B60304607B0BDE8F08385
S3150800EE903A4601A902A8F8F7C9F804460028A3D1FA
S3150800EEA0019BBB4204D21A782E2A9BD101330193C7
S3150800EEB04146029A05A8FFF74AFF04460028CCD027
S3150800EEC092E7044690E76FF069048DE76FF06706EE
S3150800EED0DAE76FF06906D7E70023C0E900338360F5
S3150800EEE07047034608461BB11B680BB1DB68184719
S3150800EEF00020704710B5002486B005940C9C049435
S3150800EF000B9C03940A9C0294099C0194089C009407
S3150800EF10F8F7A8F906B010BD10B1006800B100787E
S3150800EF207047CA0448BF41F480618B0448BF41F466
S3150800EF30006181607047022803D0031F5842584178
S3150800EF40704701207047012802D0831F5842584154
S3150800EF50704710B5044686B000211822684602F0AC
S3150800EF6022F86946A06800F038FB38B96846BDF84B
S3150800EF70024000F075FE204606B010BD0024FAE7F0
S3150800EF808068F8F7B3B937B504460D4610466946A2
S3150800EF9001AAF8F797F828B9DDE90023294620469B
S3150800EFA0FEF7A0FA03B030BD10B5A8B00446FFF7C7
S3150800EFB0B3FF072820D1A46800211822684601F06B
S3150800EFC0F2FF6946204600F008FB18B100242046E7
S3150800EFD028B010BDBDF80000BDF8021000F44F437C
S3150800EFE0B3F5824F18BF0020C0B201F074FA044688
S3150800EFF0684600F035FEEAE7A0222146684601F099
S3150800F000B6FE6846FFF788FF0238022802D8019B39
S3150800F0101C78DCE700231B78FFDE10B586B00446B3
S3150800F020FFF77AFF07281BD1A46800211822684633
S3150800F03001F0B9FF6946204600F0CFFA90B9BDF84D
S3150800F0400040684600F00CFE04F44F43B3F5824FC7
S3150800F0500AD044F2010324F44050C31A58425841D6
S3150800F06006B010BD0020FBE70220F9E72DE9F04FB6
S3150800F070002787B080460E46CDE904772AB96FF097
S3150800F0806B04204607B0BDE8F08F0A440392024697
S3150800F09003A8F8F7B7FA041EF3DB039B9A1B002AAA
S3150800F0A0EDDD5A1E651C039231462A4603F8017C9B
S3150800F0B003A8FEF78DF9B0F1000A52DB03223146A8
S3150800F0C003A8FEF7A9F9B0F100094CDB4046FFF7A3
S3150800F0D0A4FF83464046FFF7A0FF022836D14046E4
S3150800F0E0FFF762FF00F0FB03092B024627D104AAAB
S3150800F0F005A9FFF74EFE04460028C2D10746049B21
S3150800F10033B3DDE90432CDE90074314603A8FEF7CE
S3150800F110F8F9041EB5DB55444D4425442A463146C4
S3150800F12003A8FEF755F9041EABDB3022314603A8C7
S3150800F130FEF772F9002812DB25444419A1E7314687
S3150800F14003A8FFF720FF041E9BDB27460124D6E70A
S3150800F150584604AA05A9F7F7A1FF0028D1D0044606
S3150800F1608FE754468DE74C468BE710B5044608B141
S3150800F170F8F782FA2046BDE81040FDF7CCBD00F44A
S3150800F180E040B0F5805F04D0A0F5005358425841DE
S3150800F1907047012070473AB1002918BF0023212182
S3150800F1A0D21A184401F0FFBE70472DE9F743DDE98E
S3150800F1B00A89CDE9008904460D4616461F46FDF71D
S3150800F1C03BFA10F1860F0AD13B46324629462046BD
S3150800F1D0CDE90A8903B0BDE8F04300F08DBF03B05E
S3150800F1E0BDE8F083434213F07F0314D05F2BC3F1CD
S3150800F1F0000000F3AC8010F10E0F29DA10F13B0F76
S3150800F20080F2D38010F13D0F7BDA10F1400F08BF72
S3150800F2106FF093002BE010F56E5F00F0E18000F3CD
S3150800F220938010F59C4F76D05DDC10F5C44F00F046
S3150800F230CB8031DC10F5C74F00F0C9803FDB10F5F5
S3150800F240C64F68D010F5C54F39D16FF086007047A4
S3150800F250012300F10E02934040F215521342F4D1F5
S3150800F26000283FD010F1080F08BF6FF0890018BFBB
S3150800F2706FF083007047012300F16C02934041F25E
S3150800F28050521342E1D1DB0700F1B08010F16A0F4A
S3150800F29008BF6FF08C00EAE710F5A24FD5D011DC55
S3150800F2A010F5C14F1CD006DC10F5C34F00F0958051
S3150800F2B010F5C24FC8E710F5A34F00F08E806FF027
S3150800F2C08300704710F59E4F00F0908005DC10F51E
S3150800F2D0A14F05D010F59F4FB6E710F59D4FEED11B
S3150800F2E06FF08500704710F5785F73D01EDC10F557
S3150800F2F0994FAAD008DC10F59B4F6ED010F59A4F9F
S3150800F300DDD16FF09300704710F57E5F65D005DCA0
S3150800F31010F5984FD3D16FF09400704720F0800015
S3150800F32010F57C5F08BF6FF08600A0E710F5705FE8
S3150800F33056D0C4DC10F5725FD2D0C0DC10F5765F0B
S3150800F34083D010F5745F7FE710F15F0F29DA10F1AB
S3150800F3506C0F90DA10F1700F45D010F16F0F1ADAB2
S3150800F36010F5645FD7D00DDC10F5685FB8D006DC01
S3150800F37010F56C5F3FF469AF10F56A5FAFE710F5FB
S3150800F380665FACE710F5625F30D010F1720F08BF08
S3150800F3906FF085006BE710F16E0F08BF6FF09600EF
S3150800F3A065E700287FF727AF89E710F1200F97D088
S3150800F3B010F11F0F05DA10F1220F91D010F1210F6D
S3150800F3C0B0E710F1100F63E76FF0950070476FF024
S3150800F3D0960070476FF0910070476FF08C00704789
S3150800F3E06FF0840070476FF0920070476FF08900E5
S3150800F3F0704741F2052398421AD8B0F5905F09D2B2
S3150800F40041F2010398420CD0B0F5885F09D06FF03D
S3150800F410850070472923A0F5905080B2C340DB07CA
S3150800F420F5D511F0070F0CBF00206FF08600704766
S3150800F430B0F5105FEBD121F04003802B06D0B1F573
S3150800F440807F0CBF00206FF0860070470020704751
S3150800F45070B5046A05460E463CB90120FDF779FCED
S3150800F460286228B120466E6270BD6FF08A00FBE7FD
S3150800F4706FF08C00F8E7F8B50F46114606461546B4
S3150800F480FFF7E6FF044620B92A463946306A01F0F6
S3150800F4906EFC2046F8BD2DE9F14F0C9E8346DDE94A
S3150800F4A00A9A88461F4615460488002A39D02046F7
S3150800F4B0FFF765FEE8B133680BB9D3003360204621
S3150800F4C03168FFF796FF044678B90731B5EBD10FD7
S3150800F4D021D14D4522D82A464146384601F047FCF7
S3150800F4E033680733DB08CAF80030204601B0BDE8A8
S3150800F4F0F08F630415D504F44F44B4F5824F10D148
S3150800F5003B465846CDE90BA6CDF8289001B0BDE894
S3150800F510F04F00F047BD6FF08604E6E76FF0890408
S3150800F520E3E76FF08504E0E72DE9F04F456885B01D
S3150800F5302D0A0446DDE90E67894692469B46DDF8A4
S3150800F540408006D0012D18D06FF0860005B0BDE8C2
S3150800F550F08FCDE901780096FCF796FE10F1860F3C
S3150800F560F4D15B46524649462046CDE90F780E96B9
S3150800F57005B0BDE8F04FFFF78EBFCDE90F780E96C0
S3150800F58005B0BDE8F04FFCF7ABBD10B50446006A00
S3150800F59010B1616AFFF7E9FD0020C4E9080010BD53
S3150800F5A038B50546FFF7F1FF2B7E0446012B0ED032
S3150800F5B0023B012B0ED8EB69012B18BF6FF096049E
S3150800F5C028220021284601F0EEFC204638BDEB69CA
S3150800F5D0002BF2E76FF09604F2E773B50546084686
S3150800F5E00C4600F03DFB002328461A4601A9F8F709
S3150800F5F029FA50B9019E35460FCD0FC495E8030088
S3150800F60084E803003046F8F75BFF02B070BD2DE9C9
S3150800F610F04704888C46DDE9087804F4E04EBEF528
S3150800F620804F15461E4644F2010E24F440591AD15D
S3150800F630F14507D004F44F44B4F5824F02D0B4F52F
S3150800F640844F20D1BD421BD861462A46304601F078
S3150800F6508EFB00217A1B701901F0A5FC0020C8F862
S3150800F6600050BDE8F087F1450DD004F44F44B4F5D9
S3150800F670824F08D1CDE90878BDE8F04700F0C0BC54
S3150800F6806FF08900EDE76FF08500EAE7F0B50F4601
S3150800F6901E46154685B00AB3002303A91A463360E9
S3150800F6A0F8F7D0F9044638B9039803885B0406D4FA
S3150800F6B0F8F706FF6FF08604204605B0F0BDCDE9E1
S3150800F6C000563B46D0E9081200F097FB044603981B
S3150800F6D0F8F7F6FE002C08BF0446EDE76FF089043C
S3150800F6E0EAE72DE9F0411F46002388B0054688461B
S3150800F6F01646CDE9043307923B60002A5ED0B2F184
S3150800F700005F5ED205AA04A9F8F73CFA0446A0B938
S3150800F710049B1A6AAAB1049B41465A88284606924F
S3150800F72006AA029203F1240201925A6A00921B6AFF
S3150800F7303246FFF7F9FE0446E8B10498F8F784FA6A
S3150800F74032E06B681B0A07D107990498FFF780FE19
S3150800F75004460028DFD0F0E7012B03D007926FF0AC
S3150800F7608604EAE7284607A9079600F07DFA0446C4
S3150800F7700028E9D0E1E70498069B4288C2B943808D
S3150800F7804FF6F872934216D82B8813B102889A421C
S3150800F790E5D16B8813B142889A42E0D13946F8F729
S3150800F7A0BFF904460028C8D1204608B0BDE8F08154
S3150800F7B09A42D4D1E4E76FF08504BEE76FF0860479
S3150800F7C0F2E76FF08504EFE770B40024DDE903651E
S3150800F7D02C6000F0FE44B4F1007F04D1CDE9036546
S3150800F7E070BCFFF7E2BC6FF0860070BC70472DE96D
S3150800F7F0F04F456889B02D0A0446DDE91267DDE950
S3150800F80014899B46CDE90612DDF858A006D0012DCD
S3150800F8101CD06FF0860009B0BDE8F08FCDE9039AD9
S3150800F820CDE901780096FCF703FF10F1860FF2D1B7
S3150800F830DDE906125B462046CDE9159ACDE913782F
S3150800F840129609B0BDE8F04FF8F75EBACDE9159AF9
S3150800F850CDE91378129609B0BDE8F04FFCF7E2BE81
S3150800F8602DE9F04F8B46994600238BB0DDF85C8076
S3150800F8700446DDE915A711465846C8F8003016466D
S3150800F880F8F7A0F800285AD1002F6AD0BBF1000F6C
S3150800F8902046334614BF4FF480624FF4805209A9BC
S3150800F8A0F8F7D0F8044600283CD1099D2B8803F4C4
S3150800F8B0E043B3F5E04F51D1D5E90812BBF1000F8B
S3150800F8C040D06B681B0A0DD0012B1FD0149B28460D
S3150800F8D0CDE90093CDE903783346CDF808A0F8F7CB
S3150800F8E03DFA1EE0149B2846CDE90093CDE903783E
S3150800F8F03346CDF808A0CDE90612FCF797FE10F1BD
S3150800F900860F04460ED1DDE90612DFE7149B28466A
S3150800F910CDE90093CDE903783346CDF808A0FCF786
S3150800F9207FFE04463A4621465046D8F80030FFF78F
S3150800F93032FC0998F8F7C4FD002C18BF20460BB016
S3150800F940BDE8F08F149B2846CDE90093CDE90378EE
S3150800F9503346CDF808A0FFF74AFFE2E76FF08604C2
S3150800F960E0E76FF08900EAE71FB5089C0394079C57
S3150800F9700294069CCDE9003413460A460121FFF796
S3150800F9806FFF04B010BD1FB5089C0394079C029432
S3150800F990069CCDE9003413460A460021FFF760FFAE
S3150800F9A004B010BD2DE9F04F456887B02D0A04460E
S3150800F9B0DDE91067DDE9128992469B46059106D076
S3150800F9C0012D1AD06FF0860007B0BDE8F08FCDE99B
S3150800F9D00289CDE90067FCF72DFE10F1860FF3D1F9
S3150800F9E05B46524620460599CDE91289CDE910674E
S3150800F9F007B0BDE8F04FF8F7FDB9CDE91289CDE9B2
S3150800FA00106707B0BDE8F04FFCF70EBEF0B5074625
S3150800FA1087B000200C4615461E46F7F7D3FFD0B927
S3150800FA2023464FF40052384605A9F8F70BF890B963
S3150800FA300D9B059803930C9B0095CDE9016323461E
S3150800FA40D0E90812FFF7AEFF04460598F8F738FD27
S3150800FA50002C18BF204607B0F0BD036819430CBF39
S3150800FA60012000207047F7F791BF70B50588044656
S3150800FA70DDE9046228460699FFF781FB28B130467E
S3150800FA80BDE870401146F7F781BF25F0FF05B5F5CB
S3150800FA90E24F06D10B4620463146BDE87040F8F7DE
S3150800FAA0EDBA6FF0850070BD2DE9F04F1F460023B3
S3150800FAB089B09046129ACDE9053313604388054606
S3150800FAC00E46002B00F0C980038803F4E043B3F523
S3150800FAD0804F00F0C28039463046FFF7BEFF002847
S3150800FAE000F0BB80284606AA05A9F8F74BF8814618
S3150800FAF000287FD1059A6C68126A82B16B68059CEA
S3150800FB001B0AD4F820A054F824BF77D0012B00F0A4
S3150800FB109D806FF086090598FFF737FD6AE0240A8D
S3150800FB2061D1B5F800A069885046FFF728FB80B177
S3150800FB305046FFF75EFC814600285BD10AF4E04395
S3150800FB40B3F5805F02D0B3F5005F0AD10731CC0860
S3150800FB5017E02AF0FF03B3F5E24F37D06FF08509B7
S3150800FB6048E00AF44F43B3F5844FEFD047F2010358
S3150800FB709A450FD149080131C90801EBC10101F1C4
S3150800FB803B04079407990598FFF762FC814600280D
S3150800FB90B4D02FE044F201039A4503D1C90801F114
S3150800FBA01004EEE747F202039A4505D1C90801EBAE
S3150800FBB0410101F15A04E4E744F202039A4505D1EA
S3150800FBC0C90801EB410101F14A04DAE72AF0FF000E
S3150800FBD0B0F5E24FBAD0B0F5824F01BFCC1DE408AC
S3150800FBE064000134CDE7284607A900F03DF88146B0
S3150800FBF00028C7D00598F8F727F823E02B885B0478
S3150800FC000BD43B46424631462846CDE901B4CDF8E9
S3150800FC1000A0FFF72AFF814609E023465A465146C7
S3150800FC202846FCF70CFB10F1860F8146E9D00598AB
S3150800FC30B9F1000F7FF46FAF1299F7F771FF81469C
S3150800FC400028D7D1484609B0BDE8F08F23465A4662
S3150800FC5051462846FCF740FADDE76FF08609F1E7DA
S3150800FC601822002101F09FB9426870B5120A05886A
S3150800FC70438806D0012A56D000236FF086000B6011
S3150800FC8022E005F4E042B2F5805F02D0B2F5005FEB
S3150800FC9005D10733DB0840D16FF0850014E005F481
S3150800FCA04F42B2F5844F03D10733DB080AD1F3E795
S3150800FCB047F20102954208D15B080133DB0803EBE2
S3150800FCC0C3033B3300200B6070BD44F2010295422A
S3150800FCD002D1DB081033F5E747F20202954204D158
S3150800FCE0DB0803EB43035A33ECE744F2020295427E
S3150800FCF004D1DB0803EB43034A33E3E725F0FF05AA
S3150800FD00B5F5E24FD0D0B5F5824FC5D10733DB083C
S3150800FD105B000133012BD5D1BEE725F0FF05B5F50C
S3150800FD20824FCFD1F6E705F4E046DC1DB6F5805FD5
S3150800FD3025F0FF024FEAD40002D0B6F5005F06D1DF
S3150800FD4000284AD0B2F5824F07D1034640E005F4B1
S3150800FD504F46B6F5844F02D190B3C31C32E047F242
S3150800FD600106B5420DD15B080133DB0803EBC3037B
S3150800FD703B330333800723F0030335D1072C23D104
S3150800FD8032E044F20106B54202D1DB081033F0E74F
S3150800FD9047F20206B54204D1DB0803EB43035A33A4
S3150800FDA0E7E744F20206B54204D1DB0803EB430356
S3150800FDB04A33DEE7B2F5E24FCED0B2F5824F05D030
S3150800FDC00B68033323F003032C337BE7430001332B
S3150800FDD0012B00D10B68013BCBE7B2F5824F0B68CC
S3150800FDE006D0033323F00303B2F5824FECD102E0C9
S3150800FDF0023323F003030433E6E72DE9F3474568A6
S3150800FE000446DDE90A672D0A884691469A4606D0D1
S3150800FE10012D16D06FF0860002B0BDE8F087CDE957
S3150800FE200067FCF71FFA10F1860FF5D153464A46CC
S3150800FE3041462046CDE90A6702B0BDE8F047FFF71C
S3150800FE40E6BBCDE90A6702B0BDE8F047FCF746B95C
S3150800FE502DE9F84300F4E049B9F5804F05460C460C
S3150800FE6090461F4612D100F44F43B3F5824F02D194
S3150800FE70C3B2412B0AD0FB0705D57B0844B1E21D66
S3150800FE80B3EBD20F05D06FF0860562E03B46F5E787
S3150800FE90DC0080210120FCF75CFF064600287ED0A6
S3150800FEA0FEF788FE05F44F43B3F5824F07D1E8B253
S3150800FEB0302859D00DD8122815D017285CD06FF0E5
S3150800FEC086043046FEF7B8FE3046FCF724FF254682
S3150800FED03FE04128F3D1B4F5807F52D0B4F5E07FF6
S3150800FEE00ED0FF2C0BE040F209239C4208D036D8EE
S3150800FEF0B4F5807F04D02FD824F02003C02BDED1A0
S3150800FF00214600F0E8FA0146002843D03046F7F7C4
S3150800FF103DF8FFF767F9054600283ED1B9F5804F49
S3150800FF2031D106F168093B46424649463046F6F75E
S3150800FF30FFFCFFF757F904460028C2D14946304668
S3150800FF40F6F73CFDFFF74EF904460028B9D1089BA1
S3150800FF501E602846BDE8F883B4F5C07FCFE7B4F540
S3150800FF60047FACD11C46CBE724F08003B3F5807F31
S3150800FF70C6D0B4F5007FC2E7C02CC1D0B4F5807FE7
S3150800FF80BDE7FF24BCE73B46424631463078F6F7E4
S3150800FF90ADFFD7E76FF0850493E7044691E76FF066
S3150800FFA08C05D6E77FB51E460023039303AB009363
S3150800FFB0054613460A4641880088FFF749FF044666
S3150800FFC0A0B92888039900F44F42B2F5824F0B6C0A
S3150800FFD003D1C2B2412A08BF01330A9A1360099BAA
S3150800FFE032460093089BF8F705F80446039D284611
S3150800FFF0FEF722FE2846FCF78EFE204604B070BDAA
S315080100007FB51E460023039303AB009305461346AB
S315080100100A4641880088FFF71BFF0446D0B928889D
S31508010020039D00F44F43B3F5824F099B0CBFC0B241
S315080100304FF482403246294608BF40F48240009375
S31508010040089BF7F7D7FF04462846FEF7F5FD28462D
S31508010050FCF761FE204604B070BD036870B505461D
S315080100600E46002B45D101F17E43053B062B32D8BE
S31508010070DFE803F0043131131C222B00041D20464E
S31508010080FBF770FE2046F5F7B7F8044668BB2E6005
S315080100902046BDE87040FFF7A5B8041D2046FBF7CA
S315080100A05DFE01212046F5F775F8EEE7041D2046A9
S315080100B0FBF754FE0021F5E7041D2046FBF74AFE2F
S315080100C001212046F5F734F8DFE7041D2046FBF742
S315080100D041FE0021F5E701F0FE46B6F1007F14BFA7
S315080100E06FF086006FF0850070BD2846F8F702F8B4
S315080100F0CEE76FF08800F7E72DE9F0430446B9B07B
S315080101000E46DDE940890021174601A8DC221D4675
S3150801011000F049FF2146C9F8008001A8FFF79DFFB5
S31508010120044630B101A8F7F7E5FF204639B0BDE826
S31508010130F0833A46314601A8F8F702F80446002842
S31508010140F0D14B464246294601A8F8F71DF8044660
S3150801015001A8F7F7CFFF002C08BF0446E5E7037EA1
S31508010160022B06D1C3695A1C03D00133C36100208F
S3150801017070476FF09600704703466FF04042084695
S31508010180591E914207D338B103F1404393428CBFBC
S3150801019000200120704701207047034668B1017E9F
S315080101A08A1E012A0BD80329C26903D1012A01D162
S315080101B0FFF7F6B91AB1013ADA61002070476FF014
S315080101C09600704700207047C0B2FF280CBF6FF039
S315080101D086000020704737B50C4601A90546F8F791
S315080101E0F3F830B90198256003B0BDE83040F8F757
S315080101F067B910F1880F4FF0000308BF6FF08B0045
S31508010200236003B030BD07B500216A46FBF7DCFD64
S315080102108C3018BF012003B05DF804FB13B500212B
S315080102206A460446FBF7D0FD8C3002D1002002B0A5
S3150801023010BD00212046F5F7BFFA014610B16FF04F
S315080102409800F4E76A462046FBF7BEFD8C30EDD0F0
S31508010250F5E72DE9FF4107461446884600293FD0B0
S31508010260002A3DD0B2F5005F3DD202F1240631469F
S315080102700120FCF76EFD0546C0B303463A46214602
S315080102804046F8F771F97F6900243846FFF7BBFF46
S3150801029001281FD021462B46324638460094F5F7E9
S315080102A0BBF90146C8B9384602AAFBF78DFD0446D3
S315080102B020B9029B9E4205D06FF09804384600216A
S315080102C0F5F77AFA31462846FEF74FFF204604B07D
S315080102D0BDE8F0816FF08A04F4E76FF09804F1E75E
S315080102E06FF08604F2E76FF08D04EFE76FF08C0488
S315080102F0ECE7FEF73ABF2DE9F047D0F814A086B02F
S315080103008146884617465046002104AAFBF75CFD3C
S31508010310044610BB049E01203146FCF71AFD05462A
S31508010320002837D02146504604AA0394FBF74CFD12
S31508010330044670B903AB02462146CDE9005350463F
S315080103403346F5F7DDF9039B04469E4209D06FF063
S31508010350980431462846FEF708FF204606B0BDE850
S31508010360F0870028F5D13B46424631462846CDF866
S315080103700090F8F717F904460028EAD1D8F80030B2
S315080103802BB13B68002B08BF6FF09104E1E76FF0D2
S315080103909104DEE76FF08C04DFE773B50C46164669
S315080103A002783AB19A1BA2420BDA6FF06B0528461E
S315080103B002B070BD013C00F10100F1D16FF0670593
S315080103C0F5E71B1B224601461846019300F0CFFCB0
S315080103D090F90020002A08DA821B002AE5DD421E70
S315080103E001920022013400F8012C2246314601A867
S315080103F0FCF7EEFF051EDADB0222314601A8FDF7FE
S315080104000BF8002802DB25440544D0E70546CEE76C
S315080104102DE9F341064617461D460090014402237D
S31508010420684601AAFCF754FF18B9019B23B96FF076
S31508010430670002B0BDE8F081009A92F900001178D0
S315080104400028F4DB71B1DDF80480A845EFD8009CDB
S31508010450A5EB0800214642463844444400F087FC8F
S31508010460A01BE6E7511C013B00910193002BEAD042
S315080104705378002BE7D1DAE710F1860F13D010F184
S31508010480850F0BDA20F0020393330FD010F1970F83
S315080104900CBF6FF06D004FF0FF307047003818BF82
S315080104A00120404270476FF0710070476FF06F008E
S315080104B0704730B40024944201D130BC184731F951
S315080104C02450854201D00134F5E701EB8401B1F9E5
S315080104D0020030BC7047122805D1B1F5807F0CBFE8
S315080104E003200020704700207047084608B51146CA
S315080104F0FFF7B9FA002818BF6FF03B0008BDF0B541
S3150801050093B0189C0730C6081C44B2EB460F0F4639
S315080105101D4601943DD1B0F5847F3DD2324602A8ED
S3150801052000F025FC3246B9190AA800F020FC23463A
S315080105302A4631460AA8FFF730FF041E26DB019B2F
S315080105402A461B1B314602A80193FFF726FF2746B9
S31508010550041E1BDB019B27441B1B3A46294601A89F
S315080105600193FCF735FF041E10DB3022294601A84A
S31508010570FCF752FF002812DB3C4404442246284675
S31508010580019900F0F6FC199B1C600024204613B063
S31508010590F0BD6FF06704F9E76FF06B04F6E7044600
S315080105A0F4E72DE9F04393B0994607301A9BC5083D
S315080105B0B3EB450F0E46904600914FEA450737D3F0
S315080105C0402F35D83023684601AA4144FCF780FEFE
S315080105D0044648BB01463A4602A800F0E4FCDDE9B8
S315080105E000012B4602AAFFF713FF031E23DB00981F
S315080105F0019902AA1844C91A2A442B460090019166
S31508010600FFF706FF051E18DB009B019A2B44009392
S315080106109B1B521B4345019211D13A46484602A9F2
S3150801062000F0A5FB1B9B1F60204613B0BDE8F083B5
S315080106306FF06B04F8E71C46F6E72C46F4E76FF013
S315080106406504F1E76FF01B007047704703463038C1
S31508010650C2B2092A0FD9A3F16102052A02D8A3F168
S3150801066057007047A3F14102052A02D8A3F13700C2
S3150801067070474FF0FF30704710B504460078FFF712
S31508010680E5FF01466078FFF7E1FF4A1C04D0431CE9
S315080106900CBF014640EA0111084610BD2DE9F34792
S315080106A006460F4690464FF00009B8F1000F14D1DF
S315080106B04A4639463046FCF78BFE041E09DB3022D2
S315080106C039463046FCF7A8FE00284BDBA14400EB6F
S315080106D00904204602B0BDE8F087D8F81030D8E9F9
S315080106E001A5009339463046D8F81430D8F80C20BD
S315080106F0FCF743FF041EECDB2A46534639463046CF
S31508010700FCF7F0FE051E2BDB25442A463946304602
S31508010710FCF75EFEB0F1000A20DB3022394630468E
S31508010720FCF77AFE041ED4DBAA44A2445246394693
S315080107303046FCF74DFE051E12DB3122394630469E
S31508010740FCF76AFE041EC4DB05EB0A032344002BEF
S315080107501C46BEDBD8F818809944A6E75446B8E784
S315080107602C46B6E70446B4E72DE9F74F0646006876
S315080107700F468842904699460D9C05D26FF06B0547
S31508010780284603B0BDE8F08F431AA342F6D3001BEF
S3150801079022460C99306000F0EAFA3368DA1B002A1F
S315080107A0ECDD4FF0000B5A1E013432603946224601
S315080107B0304603F801BCFCF70BFE051EE0DB0322FD
S315080107C039463046FCF728FEB0F1000A12DB9DF8DF
S315080107D038304246043B18BF01233946CDE900B3F8
S315080107E030464B46FCF78DFE002805DB2C44544465
S315080107F00519C5E75546C3E70546C1E72DE9F84F8B
S315080108000746884616464FF000091EB94C4620464B
S31508010810BDE8F88FD6E9043241463846013B013234
S31508010820FCF747FE041EF2DB326941463846013AB7
S31508010830FCF7CEFDB0F1000A48DB042241463846F2
S31508010840FCF7EAFD051E3DDB7369A2441B78554496
S315080108503BB1012241463846FCF776FE041ED6DB3B
S3150801086025444146D6E901323846FCF722FEB0F165
S31508010870000B29DB414638467268FCF7A9FDB0F141
S31508010880000A23DB062241463846FCF7C5FD041E4D
S31508010890BDDB5D44554425442A4641463846FCF7A6
S315080108A097FDB0F1000A11DB302241463846FCF7C4
S315080108B0B3FD041EABDBAA4414EB0A04A7D4B6693C
S315080108C0A144A2E72C46A2E75C46A0E754469EE768
S315080108D01022002100F067BB10B5044660B1043050
S315080108E0FCF752FD04F10C00FCF74EFD2046BDE86D
S315080108F010401021F6F7C0BE10BD017270470160A5
S3150801090070470430F7F7E8BE0369C26893429CBF93
S3150801091081685B18013B981A70472DE9F041D0E9C7
S3150801092002840546A8EB04064068964220440F4611
S31508010930144404D900F01BFAEC60BDE8F081324694
S31508010940A4EB080400F013FA22466868B919F1E71E
S315080109502DE9F8430646894617464FF00008C5684B
S315080109603369B4689D4228BF1B19641BBC4228BF62
S315080109703C46013B5B1B9C4228BF1C4670684946A6
S315080109802844224600F0F3F9B3682544AB4208BF70
S3150801099000253F1BA044A144F560E1D14046BDE8CE
S315080109A0F88310B50B46EFF311844FF0200181F35C
S315080109B011881946F8F750F984F3118810BD10B556
S315080109C0EFF7DEFE0446F9F759FC2046EFF7E8FE95
S315080109D0FBE70020704770477047704770477047BC
S315080109E0F8F74CBA704700F0E9BC704708B5F4F758
S315080109F029FCF7F77DFAF3F7B7FEF5F781FABDE8B3
S31508010A000840F8F79FBA7047704708B5FCF7F9FB35
S31508010A10F8F718FAFCF728FC00B908BDFCF7F0FB53
S31508010A20F8E70B4601461846F8F7A4BFFCF701BBE1
S31508010A309368013B002B936010B408DA9469A342CA
S31508010A4001DB0A2903D15DF8044B00F01AB81368D3
S31508010A50581C1060084619705DF8044B7047F8B5C4
S31508010A6006460F461446D518AC4201D1002007E0C8
S31508010A703A4614F8011B3046FFF7DAFF431CF3D157
S31508010A80F8BDF8B50E461446054618B1036A0BB902
S31508010A90F9F70AF8A369A360A3891A0701D5236997
S31508010AA043B921462846F8F7D3FD18B14FF0FF3769
S31508010AB03846F8BD2368F6B222693746981A63693B
S31508010AC0834205DC2146284600F01BF90028EDD1B2
S31508010AD0A368013BA36023685A1C22601E70431C4D
S31508010AE062699A4204D0A389DB07E1D50A2EDFD1D0
S31508010AF02146284600F005F90028D9D0D6E7C9B21B
S31508010B000346184613F8012B12B18A42F9D17047E8
S31508010B10002918BF002070472DE9F0471646984668
S31508010B208A6807460B690C46DDF820909342B8BFE0
S31508010B301346336091F843200AB1013333602368C1
S31508010B40990642BF336802333360256815F00605F6
S31508010B5006D104F1190AE36832689B1AAB422BDC09
S31508010B6094F843302268003B18BF0123920630D41B
S31508010B7004F1430241463846C847013023D0236869
S31508010B801A3454F80A2C03F00603042B0ABF54F846
S31508010B900E5C002533684FF0000608BFED1A54F8BD
S31508010BA0123C08BF25EAE5759342C4BF9B1AED18A6
S31508010BB0B5421AD1002008E001235246414638467B
S31508010BC0C847013003D14FF0FF30BDE8F087013542
S31508010BD0C1E7E1185A1C30200233224481F8430048
S31508010BE094F8451082F84310C2E70123224641468C
S31508010BF03846C8470130E6D00136D9E7B1F90C20A5
S31508010C002DE9F041170705460C4656D44B68002BCB
S31508010C1002DC0B6C002B3DDDE66A002E3AD0002380
S31508010C2012F480522F68216A2B6025D0626DA38940
S31508010C30580705D56368D21A636B0BB1236CD21AB0
S31508010C40216A0023E66A2846B047411C24D00023BE
S31508010C50636023692360A389DA0400D56065616B43
S31508010C602F60B9B104F14403994202D02846FCF732
S31508010C70F3F9002363630DE001232846B047461CB8
S31508010C800246D4D12B68002BD1D01D2B01D0162BAF
S31508010C902AD12F6000202EE02A68B4F90C3042B11F
S31508010CA01D2A01D0162A21D10023636023692360F6
S31508010CB0D5E7626022692260CEE70F69002FE9D085
S31508010CC093070E680F600CBF4B690023A6EB070854
S31508010CD08B60B8F1000FDDDD43463A46216A2846A6
S31508010CE0A66AB047002808DCB4F90C3043F0400383
S31508010CF04FF0FF30A381BDE8F0810744A8EB000857
S31508010D00E7E738B50B6905460C4613B900252846A9
S31508010D1038BD18B1036A0BB9F8F7C6FEB4F90C3039
S31508010D20002BF3D0626ED00704D4990502D4A06DC6
S31508010D3000F042F928462146FFF760FF636E054633
S31508010D40DA07E4D4A3899B05E1D4A06D00F035F94F
S31508010D50DDE7C9B20346024410B59342184601D1EC
S31508010D60002003E0047801338C42F6D110BD0A4411
S31508010D70431E914200D1704710B511F8014B9142BB
S31508010D8003F8014FF9D110BD062008B5F9F710F897
S31508010D900120F9F787FF10B56AB10139841810F8EF
S31508010DA0012B11F8013F9A4203D1A04201D0002A32
S31508010DB0F5D1D01A10BD1046FCE70139034610B526
S31508010DC032B111F8014F013A03F8014B002CF7D162
S31508010DD01A440021934200D110BD03F8011BF9E71B
S31508010DE070B50D461446064618B1036A0BB9F8F7ED
S31508010DF05BFE636ED90705D4A3899A0502D4A06D53
S31508010E0000F0DAF8A3891B0701D5236973BB2146CC
S31508010E103046F8F71DFC48B3636EDA0702D4A38996
S31508010E209B0529D54FF0FF3013E0A368013B002B42
S31508010E30A3600FDB23685A1C2260197015F8011F7D
S31508010E400029F2D1636ED80702D4A38999050FD573
S31508010E50002070BDA269934201DB0A29EAD1224624
S31508010E603046FFF70EFE0130E8D1D5E7013DE5E74B
S31508010E70A06D00F0A2F8EBE7A06D00F09EF8D1E7AF
S31508010E80034613F8012B002AFBD1181A01387047BB
S31508010E9010B50C46B1F90E10F8F7C6FF0028ABBF1E
S31508010EA0636DA3891B1823F48053ACBF6365A381C3
S31508010EB010BD2DE9F0411F468B8905460C46DB0519
S31508010EC0164605D502230022B1F90E10F8F79AFF46
S31508010ED0A3893246B4F90E10284623F48053A38118
S31508010EE03B46BDE8F041F8F745BE10B50C46B1F9E9
S31508010EF00E10F8F787FF431CA38915BF606523F415
S31508010F00805343F48053A38118BFA38110BDB1F95F
S31508010F100E10F8F73DBF2DE9F843074688461446F3
S31508010F200026D4E90195B9F1010905D52468002CF3
S31508010F30F7D13046BDE8F883AB89012B07D9B5F956
S31508010F400E30013303D029463846C0470643683573
S31508010F50E9E70139024410B5904201D1002005E0C4
S31508010F60037811F8014FA34201D0181B10BD0130B7
S31508010F70F2E7884210B501EB020402D984422346FE
S31508010F8007D8431EA14208D011F8012B03F8012FF7
S31508010F90F8E7024401468A4200D110BD13F8014D13
S31508010FA002F8014DF7E702440346934200D1704720
S31508010FB003F8011BF9E770477047704770B50C468F
S31508010FC0B1F90E1096B0154600291E460CDAA3890A
S31508010FD0002113F0800F14BF40234FF480630020D3
S31508010FE031602B6016B070BD6A46F8F7E9FE002835
S31508010FF0EDDB019901F47041A1F5005359425941BC
S315080110004FF48063EBE78B89F7B59D0706460C46D7
S3150801101007D504F14703236023610123636103B004
S31508011020F0BD01AB6A46FFF7C9FF009F054630468A
S315080110303946FCF70EF848B9B4F90C309A05EED4DE
S3150801104023F0030343F00203A381E2E7A3892060A7
S3150801105043F08003A381019BC4E904075BB1B4F99A
S315080110600E103046F8F7BEFE28B1A38923F0030314
S3150801107043F00103A381A3891D43A581CFE72DE988
S31508011080F0471F468E6882460C46BE4290460B685C
S315080110902DD8B1F90C2012F4906F26D0656909692B
S315080110A005EB4505A3EB01097B1C05EBD5754B44FF
S315080110B06D109D4238BF1D46530527D52946FBF7B6
S315080110C0C8FF064660B34A462169FFF750FEA38961
S315080110D023F4906343F08003A38126614E4465613E
S315080110E0A5EB090526603E46A560BE4200D93E46E7
S315080110F0324641462068FFF73CFFA36800209B1B48
S31508011100A360236833442360BDE8F0872A46FBF7CA
S31508011110A6FF06460028E0D121695046FBF79CFF49
S315080111200C234FF0FF30CAF80030A38943F040037F
S31508011130A381E9E71F2938B505460C4604D91623C4
S3150801114003604FF0FF3038BDC26B12B152F821303F
S315080111504BB9284600F016F8224601462846BDE84E
S315080111603840F8F773BE012B0AD0591C03D1162350
S3150801117003600120E7E70021204642F8241098473A
S315080111800020E0E7F9F791BD014B1868704700BFE9
S3150801119038220020084B1B6F03F00703022B04D0EB
S315080111A0032B05D0012B05D0FEE7044B18687047C1
S315080111B0034BFBE7034870470080005038220020A4
S315080111C040220020002D310108B5FFF7E3FF054B4A
S315080111D01B6FC3F303330133B0FBF3F0024B186003
S315080111E008BD00BF00800050342200200048704727
S315080111F000B4C40400487047002D3101014B18683A
S31508011200704700BF402200204FF40022184B5A664F
S315080112104FF0B4439868C0F304400C280AD8DFE8B5
S3150801122000F00B0909090909072119091B1D1F00E6
S3150801123010487047002070479B6803F04073B3F16C
S31508011240807F11D0B3F1007F10D00B4A002B08BF65
S31508011250104670470948704709487047094870475A
S31508011260094870470948704709487047094870474F
S3150801127000900050405DC60000093D00C0EA21010A
S3150801128080BA8C010048E801005A62020024F40081
S3150801129080841E0040420F00014B1868704700BF4A
S315080112A03C22002008B54FF0FF31054801F06AF9E4
S315080112B028B94FF48062034B9A66BFF34F8F08BD76
S315080112C074070020009000504FF48062024B0348D7
S315080112D09A6601F073B900BF00A000507407002098
S315080112E010B5044600283DD0FFF7DCFF002838D1A9
S315080112F0204601F005F994F8243043B94FF0984394
S315080113005A6CD202FCD55C6D04F4702412E04FF0DD
S315080113109844A36D43F00203A36500F03FF8022841
S3150801132010D0A36D23F00203A3654FF4A0220E4B40
S315080113301C681A60FFF7C8FF9CB12046BDE810403B
S3150801134001F09DB8094B4FF0FF31186E01F01AFBF9
S31508011350A36D23F00203A3650028E6D0FFF7B4FFC7
S31508011360012010BD2120FCE748220020100700209B
S3150801137008B501F03DF948B900F0D4FD0128034646
S3150801138007D1054A106820B9136008BD6FF005003A
S31508011390FBE74FF0FF30F8E7580E002008B500F0DC
S315080113A0C1FD38B1022804D0034B1868431E5842C0
S315080113B0584108BD0320FCE7580E002010B501F07E
S315080113C017F9044668B900F0ADFD01280CD1084BA0
S315080113D01A68012A08D102221A6000F009FB204680
S315080113E010BD6FF00500FBE74FF0FF30F8E700BFCF
S315080113F0580E0020034B0360034B0B60A0231360B8
S31508011400704700BFF80D0020780B0020034B0360DE
S31508011410034B0B60A0231360704700BF180B002015
S315080114209808002010B54FF0807440E90224184A44
S315080114304FF0123440F80C2C4FF003324FF0023CB7
S3150801144040E905244FF0013240F8203C40E9072CD9
S315080114504FF010334FF011324FF0093440E90A3298
S315080114604FF008334FF0073C40E90C344FF0063390
S315080114704FF0053240E90E3C4FF0043340E9103293
S315080114806FF0020340F8443C40F8481D10BD00BF08
S31508011490016000084FF0E0220423136100234FF492
S315080114A07A719361044B1B68B3FBF1F3013B5361FA
S315080114B007231361704700BF34220020002313B5A8
S315080114C04FF07F4201934FF0E023C3F81C2DD3F868
S315080114D01C3D1B0E8DF803309DF803309DF8033033
S315080114E09DF8033013F0800F019B29D1082B0CBFFF
S315080114F00023019B174A18BFC3F107031B0203F414
S31508011500E06313604FF0E0230024D3F8202D42F462
S315080115107F02C3F8202DD3F8202D42F07F42C3F86D
S31508011520202DC3F81C4DFFF7B5FF0B4B1C6000F0CF
S3150801153045F800F0A1FCF4F763FD204602B010BDA2
S31508011540013301939DF803305B00DBB28DF803305C
S31508011550C6E700BF5C0E00207022002008B501F026
S31508011560D9FA044A136801331360BFF34F8FBFF3E7
S315080115706F8F08BD70220020044B1A681A68013A59
S315080115801A60186808B901F0D0BA704770220020AD
S31508011590094A1168086806C881F30B88022181F394
S315080115A01488203080F30988BFF36F8F4FF000004D
S315080115B080F3118810470000AC1300200648006824
S315080115C0006880F3088862B661B6BFF34F8FBFF330
S315080115D06F8F66DF00BF000008ED00E0EFF30980BA
S315080115E01EF0100F08BF20ED108AEFF30B82734629
S315080115F020E9FC0F0F4A116808604FF0300080F3AC
S315080116001188BFF34F8FBFF36F8F00F035FC4FF092
S31508011610000080F31188074A11680868B0E8FC0FD2
S3150801162013F0100F08BFB0EC108A82F30B8880F311
S3150801163009881847AC1300201EF0040F0CBFEFF3FE
S315080116400880EFF30980014908470000E92A0108E3
S3150801165070B5B9B100230C4A1C4615465668864230
S3150801166004D105EBC403C3E900100BE01BB91668E6
S31508011670002E08BF134601340A2C02F10802EDD1E7
S31508011680002BF0D170BD00BF600E0020002310B5FD
S31508011690084A52F83310DC00814206D10021064A75
S315080116A042F833102244516010BD01330A2BF0D1A0
S315080116B0FAE700BF640E0020600E002000222DE923
S315080116C0F84306461E4B1F4C1D681F4B0F46D3F8A1
S315080116D000801E4BD3F800902368206883F85E20AB
S315080116E0043001F0D5F9731C14D19FB1184B216848
S315080116F05A688A6090682168C86021680431416027
S31508011700216804319160226853611A6801321A60AE
S31508011710BDE8F88323682168AD195D6001F104010C
S3150801172004D34846BDE8F84301F090B9404601F0B4
S315080117308DF9084B1A68AA4288BF1D60E8E700BF01
S31508011740D40E0020AC130020200F00201C0F00200F
S31508011750DC0E0020B80E0020064A13681968064BED
S3150801176019B94FF0FF321A6070471268D2681268C9
S31508011770F9E700BF200F0020B80E0020F8B50C4C81
S315080117800C4F0D4D236803B9F8BDFFF7E7FEFB685B
S31508011790DE68301D01F07CF92B68013B2B6023685C
S315080117A0013B2360FFF7E8FE304601F06BFDE9E7F0
S315080117B0F00E0020F40E0020D80E00202DE9F0418D
S315080117C00446FFF7CBFE304B304E1A68304F0132D4
S315080117D01A603568002D4AD134601B68012B1FD168
S315080117E0B8464046013501F023F9382D08F11408A9
S315080117F0F7D1DFF8C480274D404601F019F928468C
S3150801180001F016F9244801F013F9244801F010F9FA
S31508011810234801F00DF9234BC3F80080224B1D60C4
S31508011820224A201D136801331360214A2364116873
S31508011830E36A8B4288BF136014225343F9184A6836
S315080118409568A260E56068609060FA586161013246
S31508011850FA50FFF791FE174B1B689BB13368DA6A9A
S31508011860E36A9A420ED2BDE8F04101F020B9114B64
S315080118701A68E36A002AD3D13268D26A9A4298BFB3
S315080118803460CDE7BDE8F081D80E0020AC13002006
S315080118904C0F0020240F0020080F0020F40E002012
S315080118A0DC0E0020200F00201C0F0020BC0E00209B
S315080118B0D00E0020CC0E0020380F002008B5044CAD
S315080118C0FFF75CFF2368012BFAD901F0F0F8F7E777
S315080118D04C0F0020F8B504461D4DFFF73FFE04B92D
S315080118E02C68271D384601F0D3F8A36A1BB104F109
S315080118F0180001F0CDF8174A174E13680133136023
S315080119002B68A342336800D15BB9144A1368013BBB
S315080119101360FFF721FFFFF72FFE204601F0B2FC07
S3150801192009E039460E4801F0A8F80E4A1368013352
S315080119301360FFF721FE336843B12B68A34205D133
S31508011940094B1B68BDE8F84001F0B1B8F8BD00BF06
S31508011950AC130020BC0E0020CC0E0020D80E0020AF
S31508011960F40E0020F00E0020B00E00201A4B2DE9CF
S31508011970F0411B680446834226D0FFF7EFFD174B5B
S31508011980D4F828801F68164B65691E68FFF7F4FDB1
S31508011990144B98451AD0BD421AD0B54218D0124BED
S315080119A09D4209D1A36A9BB994F85C30012B14BFF7
S315080119B003200220BDE8F0810C4B9D420AD0002D80
S315080119C014BF01200420F5E70020F3E70120F1E721
S315080119D00220EFE70420EDE7AC130020200F0020DA
S315080119E01C0F0020080F0020DC0E0020F40E00203A
S315080119F030B58BB007AB1D46184A12F8014B03F8F0
S31508011A00014B002CF9D106AA05A904A8CDE904447D
S31508011A10FFF7F0FC049B29460293059B069ACDE93C
S31508011A2000430F48234601F0ACFC0E4B186080B109
S31508011A3000F0D2FC012805460BD101F06BF84FF0F6
S31508011A40FF32094B1A60094B1D60094B1C60FFF7F1
S31508011A5035FD084B1B680BB030BD00BFB83C01080B
S31508011A60BD180108B40E0020B80E0020CC0E0020C7
S31508011A70D40E002074220020024A13680133136031
S31508011A80704700BFB00E0020014B1868704700BFB1
S31508011A90D40E0020014B1868704700BFD80E0020ED
S31508011AA0012906D808B9044B1868143150F82100E1
S31508011AB070470020704700BFAC1300202DE9F84F8E
S31508011AC04E4B1B68002B40F092804D4B1C6801342D
S31508011AD01C6064B94B4B1A684B4A19681068186040
S31508011AE011604A4A136801331360FFF735FE484D02
S31508011AF000202B68474AA342DFF824B10FD91421E5
S31508011B00DBF80030DB6A4B43D358022B424B28BF24
S31508011B1001201B68002B18BF0120BDE8F88F074676
S31508011B20DFF800C1374B1B681B681BB94FF0FF3341
S31508011B302B60E4E7334B1B68DB68DB6859688C422A
S31508011B4001D22960DBE7D3F81480D3E90219C1F879
S31508011B500890C9F80410D8F8041003F1040E714569
S31508011B60D8F8001008BFC8F8049001395F61C8F8B1
S31508011B700010D3F82880B8F1000F13D0D3E907195C
S31508011B80C1F80890C9F80410D8F8041003F1180A26
S31508011B905145D8F8001008BFC8F8049001399F626A
S31508011BA0C8F800101426D96ADCF80080414506FBFE
S31508011BB001F802EB080ADAF8049088BFCCF800109D
S31508011BC0D9F80860C3F80890DE60C6F804E0C9F8D9
S31508011BD008E0C3F814A052F80830013342F8083077
S31508011BE0DBF80030DB6A994288BF01209AE70B4A85
S31508011BF000201368013313608FE700BFB00E002081
S31508011C00D40E0020200F00201C0F0020C00E00203B
S31508011C10B80E00204C0F0020C40E0020C80E00206C
S31508011C20AC130020D00E00202DE9F84FFFF796FCE3
S31508011C30434B1A681A68013A1A601B682BB10024CB
S31508011C40FFF79AFC2046BDE8F88F3E4A1268002A3B
S31508011C50F5D014254FF0010C3B483C4C3C4A3D4E0F
S31508011C603D4F51E0C368DB68D3F828E0D3E907188C
S31508011C70C1F80880C8F80410DEF8041003F1180941
S31508011C8049454FF0000108BFCEF804809962DEF895
S31508011C9000100139CEF80010D3F814E0D3E9021880
S31508011CA0C1F80880C8F80410DEF8041003F1040925
S31508011CB04945DEF8001008BFCEF804800139CEF890
S31508011CC00010D3F82CE0216805FB0EF802EB080A90
S31508011CD08E45DAF8041088BFC4F800E0D1F808B0D8
S31508011CE09960C3F80CB0CBF80490C1F8089052F883
S31508011CF00810C3F814A0013142F808103168C96AFE
S31508011D008E4501D9C7F800C001680029AAD10BB1CF
S31508011D10FFF722FD114D2C6844B101270E4EFFF73E
S31508011D20CDFE00B13760013CF9D12C600A4B1B6826
S31508011D30002B84D0074B01241B6800F0B8FE7FE70F
S31508011D40B00E0020D80E0020080F0020D00E00206B
S31508011D504C0F0020AC130020C40E0020C80E002032
S31508011D6010B50C46054B1968183100F06FFE204670
S31508011D70BDE810400121FFF7A1BC00BFAC1300204C
S31508011D800F4B70B444681D68A668EC611D68002A8B
S31508011D902E621D6805F1180575601D681B6805F139
S31508011DA01805A5609862036870BC03F10103036016
S31508011DB00CBF08464FF0FF301146FFF77FBC00BF46
S31508011DC0AC130020C368F0B5DB689A6AD3E907014A
S31508011DD081604860506803F11804A04208BF516049
S31508011DE0002199621168013911601D4AD96A126880
S31508011DF0002A29D1D3E902405A69A060446054688F
S31508011E001D1DAC4208BF5060106801381060154AA4
S31508011E101068814288BF116014224A431248861805
S31508011E207468A7689C60DF607D60A5605E61835801
S31508011E30013383500D4B1B68DB6A994285BF01202C
S31508011E400B4B00201860F0BD0A4A50688568D861B6
S31508011E501D626C6084609A62136801331360E9E756
S31508011E60B00E0020D00E00204C0F0020AC1300202D
S31508011E70C40E0020080F0020F8B51F4B1A681F4B27
S31508011E8012B101221A60F8BD1D4C1A6023681B6B3A
S31508011E901A68B2F1A53F0BD15A68B2F1A53F07D12D
S31508011EA09A68B2F1A53F03D1DB68B3F1A53F04D027
S31508011EB0216820683431FBF7D9F91427114D124AE4
S31508011EC0296807FB01F3D658981896B1466808336E
S31508011ED0766813449E4208BFC368466008BF4360DC
S31508011EE0142303FB01225368DB68236029602368F6
S31508011EF0C9E70139E5E700BFB00E0020C40E00208E
S31508011F00AC130020D00E00204C0F0020014B18689E
S31508011F10704700BFAC1300200122014B1A607047BD
S31508011F20C40E0020054B1B6833B1054B1868B0FA7F
S31508011F3080F040094000704701207047CC0E002010
S31508011F40B00E0020F8B5044600282ED01D4DC36AF0
S31508011F502A68D26A93422DD282691B4E002AA1BFF2
S31508011F602A68D26AC2F138028261142202FB03632B
S31508011F7042699A421AD1071D384600F089FD2B6835
S31508011F80124ADB6A1168E3628B4288BF1360142226
S31508011F905343F1184A689068A260E0604760976009
S31508011FA0F25861610132F2500120F8BD2B68DB6AF3
S31508011FB0C362F9E72B68806CDB6A98422CBF002064
S31508011FC00120F2E7AC1300204C0F0020D00E0020B0
S31508011FD070B5044608B9002070BD154BC16A1B6867
S31508011FE0826CC36C914203F1FF33C364F3D0002BB7
S31508011FF0F1D1051D284600F04BFDA36CC3F138024B
S31508012000A2610C4AE36211688B424FF0140188BF42
S3150801201013604B43084AD01841688E68A160E66090
S3150801202075608D60D158606101310120D150D3E7C7
S31508012030AC130020D00E00204C0F002070B50446CA
S31508012040002831D0836C994238BF1946C36A8B423E
S315080120502AD0C26C012A27D1144A154D1268826901
S31508012060C162002A4FF0140202FB03534269A4BF5E
S31508012070C1F1380181619A4216D1061D304600F038
S3150801208007FD0C4AE36A11688B4288BF1360142264
S315080120905343E9184A689068A260E0604660966012
S315080120A0EA5861610132EA5070BD00BFAC130020E5
S315080120B04C0F0020D00E0020034B186810B1C36CDA
S315080120C00133C364704700BFAC130020034B1B6880
S315080120D00360034B1B684360704700BFC00E0020B6
S315080120E0D40E002070B504460D46FFF737FA144B97
S315080120F062681968134B186890F85E0040B10022AF
S315080121001B6883F85E200124FFF736FA204670BD66
S315080121102B68581C12D00C4826680068864204D0E1
S315080121208A4202D800232B60EDE7881A8342F9D93F
S315080121305B1A134420462B60FFF7C8FF0024E3E728
S31508012140D40E0020AC130020C00E0020914208B521
S31508012150416000610AD8D21A83699A420DD2084BA6
S31508012160011D186800F072FC002008BD9A4201D2D0
S31508012170994202D2034B011DF3E70120F5E700BF9F
S315080121800C140020101400200E4B70B51B68054670
S31508012190DB680E46DC68201D00F07AFC94F82830CE
S315080121A05A0709D532462946204601F017F920462D
S315080121B0236ABDE87040184723F0010384F82830E4
S315080121C0F5E700BF10140020F8B50546FFF75CFCDB
S315080121D00D4E04463368834209D90C4F3B681A6889
S315080121E052B90B4A116813603960012300E00023D4
S315080121F020462B603460F8BDDB684FF0FF31186864
S31508012200FFF7C2FFEAE700BFB01300201014002051
S315080122100C140020F7B5114CFFF7A0F92568BDB9D4
S315080122200F4F104E384600F003FC304600F000FC14
S315080122300D4B10211F600D4B0A201E600C4A0D4BD9
S31508012240009500F0D7FF206010B10B49FFF700FA9F
S3150801225003B0BDE8F040FFF78FB900BF08140020AE
S315080122602814002014140020101400200C14002037
S315080122701D1F0020B4130020BD3C01082DE9F041C3
S31508012280524F534E86B03B68D3F80080B8F1000F21
S3150801229037D00024DB68D3F80080FFF7EDFB02A8EE
S315080122A0FFF792FF029B0546002B3FD15CBB4045D9
S315080122B02FD3FFF7B9FC29464046FFF765FF1022E1
S315080122C0002102A8FEF76FFE0022306802A900F07D
S315080122D05DFD0028D7D0029B0498002B29DB049CBE
S315080122E063696BBB01A8FFF76FFF029B0546013BBC
S315080122F0082BE9D8DFE803F028284B526128284B38
S3150801230052000124C9E7334B1B681C68B4FA84F4EC
S31508012310640922463068A8EB050100F0D0FEFFF7F4
S3150801232083FC0028CBD100F0C2FBC8E7FFF77CFC91
S31508012330C5E7039B05999847029B002BC4DBCEE7AB
S31508012340201D00F0A5FBCDE794F82830A16943F0DC
S31508012350010384F82830039B024619442046FFF7F7
S31508012360F5FE0028B0D094F8283059070AD5A36994
S3150801237003992A462046194401F030F82046236A73
S315080123809847A1E723F0010384F82830F6E794F883
S31508012390283023F0010384F8283095E794F828308B
S315080123A0024643F0010384F8283003990346A161E4
S315080123B001442046FFF7CAFE86E794F828309A07B3
S315080123C0E7D4204600F0C4FB7EE700BF10140020C6
S315080123D0081400200C14002010B588B0FFF71AFF66
S315080123E00E4B00241868B8B107AA06A905A8CDE9B5
S315080123F00544FFF70BF8059B079A0293069B0849C4
S315080124000193282307480093234600F0BAFF064B99
S315080124101860001B18BF012008B010BD0814002061
S31508012420C23C01087D2201080414002010B962B6D5
S31508012430BFF36F8F7047EFF3108072B6704780F362
S315080124401188BFF36F8F7047EFF31180302383F341
S3150801245011887047EFF31083DB0706D4EFF3118079
S315080124602F2894BF002001207047012070470020C3
S3150801247070474FF4004070474FF47A707047B0F5D3
S31508012480802F22D010D8B0F5003F20D007D818B336
S31508012490B0F5803F08BF482018BF01207047B0F546
S315080124A0403F08BF2C20F7E7B0F5302F11D007D8E9
S315080124B0B0F5E02F0FD0B0F5202F08BF1020EBE7BD
S315080124C0B0F57F0F08BF0620E6E74B2070472A20A4
S315080124D07047112070472120704708B528B1282276
S315080124E00021FEF760FD002008BD2120FCE7036AF4
S315080124F0042B9FBF00EB83020133D160036270474F
S31508012500036A052B14D84FF09842116CC902FCD501
S3150801251004339B0013650168103B11604168116023
S3150801252050F8081F11604FF098420344984200D1B1
S31508012530704750F8041F1160F8E7836813B9816082
S3150801254070475B685A68012AFBD15960704770B5B4
S315080125500546A8B1FFF76FFF0646286E00F095F904
S31508012560044640B100F0F1F8844209BF6C6D0124BC
S31508012570E44304F001043046FFF758FF204670BDD6
S315080125800124FBE738B50D460446A8B1FEF706FF58
S3150801259002280FD1FFF75EFF20B12046BDE838407B
S315080125A0FFF7D5BF2946206E00F028F9003818BF75
S315080125B0012038BD0020F9E70120FAE710B50446E5
S315080125C0A0B1FEF7EBFE02280ED1FFF743FF20B1BB
S315080125D02046BDE81040FFF7BABF206E00F033F978
S315080125E0003818BF012010BD0020F9E70120FAE7DD
S315080125F010B5EFF3058414B10124204610BDFFF789
S3150801260091FC0128F9D0EFF31083002BF4D1EFF3F5
S315080126101184003C18BF0124EFE708B54FF0E02309
S315080126201B69FFF77FFC012803D0BDE8084000F0CD
S3150801263049BA08BD10B5FFF7DBFF044640B9FFF7F5
S3150801264071FC40B1022808D1FFF716FA204610BDE1
S315080126506FF00500FBE70120F9E74FF0FF30F6E7D9
S3150801266010B50446FFF7C4FFB0B9FFF75BFC30F0BD
S31508012670020314D1012C03D1FFF7FEF9204610BD40
S315080126806CB9FFF7D1FA0128F8D0FFF74BFC841E85
S3150801269018BF4FF0FF34F1E76FF00504EEE74FF08E
S315080126A0FF34EBE700232DE9F04186B005460E46D7
S315080126B090460593FFF79CFF00BBFDB1B8F1000FEB
S315080126C03DD0D8F818402CB1631E372B03D906B074
S315080126D0BDE8F0811824D8F80430DB0733D4D8F8DC
S315080126E014306BB19A08D8F80010D8E902704FB1C6
S315080126F05F2803D9D8F8100000B1B3B90598E6E701
S31508012700A022F0E70028F9D1D8F81030002BF5D12E
S3150801271005AB013C019328463346009400F003FEBD
S3150801272001281CBF00230593E8E7013CCDE9010711
S3150801273033462846009400F024FE0590DEE741461C
S315080127401824A022E4E70020C1E7FFF7DFBB38B56C
S315080127500546FFF74DFF044650B965B12846FFF710
S3150801276005F904280AD02846FFF7B4F8204638BDEB
S315080127706FF00500FBE76FF00300F8E76FF0020062
S31508012780F5E738B50546FFF733FF10B100242046B3
S3150801279038BD25B9BDE83840012000F012BD6B6887
S315080127A01A07F3D4D5E9021203F0010379B14F2AC6
S315080127B0ECD99BB1042000F045FD04460028E5D07C
S315080127C0296809B1FEF744FF44F00104DFE7002A4E
S315080127D0DCD17BB1042000F0F4FCEEE7012000F027
S315080127E031FD04460028D1D029680029CFD0FEF74B
S315080127F02FFFCCE7012000F0E4FCF2E7F8B5054627
S315080128000C4620F0010600F00107FFF7F1FEA0B91A
S31508012810012D15D92146304667B100F019FC01286A
S3150801282001D10020F8BD002C14BF6FF001006FF034
S315080128300200F7E700F079FBF1E76FF00500F1E731
S315080128406FF00300EEE770B5044620F0010500F0CD
S315080128500106FFF7CDFE90B9012C13D946B12846DA
S3150801286000F00DFC01280CBF00206FF0020070BDBE
S31508012870334632463146284600F003FAF2E76FF04E
S315080128800500F4E76FF00300F1E7012810B50ED94A
S3150801289020F00104FFF7ACFE20B12046BDE8104048
S315080128A000F0D0BB2046BDE8104000F0BEBB0020BA
S315080128B010BD70B5054620F00106FFF799FE0446DE
S315080128C048B9012D0AD93046FEF7E0FE304600F038
S315080128D0EBFB204670BD6FF00500FBE76FF00300C8
S315080128E0F8E773B504460E461546FFF781FE70BB39
S315080128F06CB3B4422BD35DB9012C3BD120460322DC
S31508012900002100F034FC044608B396B905B32AE061
S31508012910D5E90232CBB14F2A19D9012C1BD1032291
S31508012920014600920246204600F064FC044670B156
S31508012930CEB1002320461A46194600F0A2F901280D
S31508012940E4D0204600F0B0FB01E0002AD4D00024F0
S31508012950204602B070BD20461A46314600F080FC7A
S3150801296004460028F3D029680029F1D02046FEF74D
S315080129706FFEEDE72046314600F02EFC044600289E
S31508012980C4D1E4E737B50C46054618B96FF003001C
S3150801299003B030BDFFF72CFEB8B1002CF6D12146A5
S315080129A0284601AA019400F08CFA012802D06FF09A
S315080129B00200EDE7019B0BB90020E9E74FF0E023A0
S315080129C04FF08052C3F8042DF6E72146284600F059
S315080129D0ACFA0128F0D0002CE9D06FF00100D7E756
S315080129E013B5044608B3FFF703FE0346A8B100234F
S315080129F0204601A9019300F036FA012803D06FF0A9
S31508012A00020002B010BD019B2BB14FF0E0234FF03D
S31508012A108052C3F8042D0020F3E7024601462046FA
S31508012A2000F02FF90128F6D0E9E76FF00300E8E78F
S31508012A304FF0FF3200F10803C0E902234360036146
S31508012A4000230360704700230361704730B50C68A3
S31508012A50631C0AD103695A684A6091608B605960A0
S31508012A60036808610133036030BD00F108021346AB
S31508012A7052681568A542FAD9EDE743689A684B602A
S31508012A808A60516099600368086101330360704781
S31508012A900369D0E901128A6051605968814208BF09
S31508012AA05A600022026118680138186070474FF0B1
S31508012AB0E0234FF08052C3F8042DBFF34F8FBFF3C5
S31508012AC06F8F704710B500F025F80446FEF7F6FF3C
S31508012AD028B14FF0E0234FF08052C3F8042D204669
S31508012AE0BDE8104000F021B8836913F8023C662B53
S31508012AF00FD14FF0E023D3F8882D42F47002C3F8C2
S31508012B00882DD3F8342F42F04042C3F8342FFEF70C
S31508012B103FBD7047EFF311804FF0300181F3118803
S31508012B20BFF34F8FBFF36F8F704780F31188BFF3E1
S31508012B304F8FBFF36F8F704710B50446FEF79CFFA2
S31508012B402046F9F7D9FF0446FFF76EF8204610BD6F
S31508012B5010B5044640B1FEF78FFF2046FAF7DBF8B9
S31508012B60BDE81040FFF760B810BD70B50446FEF722
S31508012B70F5FC94F8455004F124066DB2002D14DCD9
S31508012B80FF2384F84530FEF7F7FCFEF7E7FC94F8D7
S31508012B90445004F110066DB2002D12DCFF2384F8AF
S31508012BA04430BDE87040FEF7E7BC636A002BE7D006
S31508012BB03046FFF707F908B1FFF7AEF9013D6DB2E7
S31508012BC0DCE72369002BE9D03046FFF7FBF808B1AB
S31508012BD0FFF7A2F9013D6DB2DEE710B50446FEF72F
S31508012BE0BDFCA46BFEF7C8FCB4FA84F0400910BD1D
S31508012BF070B51646026C0446856B42B906689EB9DD
S31508012C008068FFF7E5F9A6600135A56370BD6EB961
S31508012C104068FEF7ACF86368226C1344A2686360E7
S31508012C20934224BF236863600020EDE7C068FEF77E
S31508012C309EF8226CE36851429B1A2268E36093422C
S31508012C403EBFA3685B18E360022EEDD10DB1013DCD
S31508012C50EAE72846D8E703461A6C084610B46AB16B
S31508012C60DC68996814448C4228BF1968DC6028BF5F
S31508012C70D960D9685DF8044BFEF779B85DF8044B5D
S31508012C807047F0B5044685B01D4601920E46FFF71A
S31508012C9049F9FEF763FCA26BE36B9A421FD22A46F7
S31508012CA031462046FFF7A4FF636A1BB104F12400ED
S31508012CB0FFF788F808B1FFF7FAFEFEF75DFC012079
S31508012CC005B0F0BDFEF74AFCA36BE26B9A42E6D863
S31508012CD00123019A42B9FEF74FFC0020F0E7022DC5
S31508012CE0DDD000231F46F4E713B902A8FFF7EEF972
S31508012CF0FEF742FCFEF7C0FEFEF730FC94F84430BE
S31508012D00FF2B08BF84F8447094F84530FF2B08BFA1
S31508012D1084F84570FEF730FC01A902A8FFF7E2F92D
S31508012D2020BBFEF71BFCA26BE36B9A4210D1FEF7A0
S31508012D3023FC019904F11000FFF712F82046FFF76A
S31508012D4014FFFEF771FF0028BCD1FFF7B0FE06E0BD
S31508012D50FEF712FC2046FFF708FFFEF765FFFEF7B0
S31508012D60FDFBA26BE36B9A42B2D298E72046FFF7C6
S31508012D70FCFEFEF759FFB0E738B100231A4619469B
S31508012D8083600360C360FFF77CBF7047F0B50446F4
S31508012D9085B00E460192FFF7C5F8FEF7DFFBA56B76
S31508012DA09DB131462046FFF756FF2369013DA563CC
S31508012DB033B104F11000FFF705F808B1FFF777FE04
S31508012DC0FEF7DAFB012005B0F0BD019B1BB9FEF742
S31508012DD0D3FB0020F7E702A8FFF778F92F46FEF79D
S31508012DE0CBFBFEF749FEFEF7B9FB94F84430FF2BFF
S31508012DF008BF84F8447094F84530FF2B08BF84F85F
S31508012E004570FEF7B9FB01A902A8FFF76BF9F8B9F6
S31508012E102046FFF7E2FEA8B1019904F12400FEF766
S31508012E209FFF2046FFF7A1FEFEF7FEFE08B9FFF752
S31508012E303EFEFEF793FBA56B002DB2D1019B002B3D
S31508012E40CDD1C4E72046FFF790FEFEF7EDFEF0E789
S31508012E502046FFF78AFEFEF7E7FE2046FFF7BDFE8E
S31508012E600028E6D0B5E7F8B504460E46F3F7D8F8D4
S31508012E70FFF750FEA36BE26B07469A421FD994F8F7
S31508012E8045200133FF2A55B2A3630FD1636A3BB1CB
S31508012E9004F12400FEF796FF10B10EB10123336049
S31508012EA001243846FFF741FE2046F8BDFEF7F2FD3C
S31508012EB08542F5D201356DB284F84550F0E7002414
S31508012EC0EFE72DE9F843044689469046F3F7A8F853
S31508012ED0FFF720FEA66B0746C6B194F8445049464B
S31508012EE020466DB2FFF7B7FE013E6B1CA66313D1F0
S31508012EF0236953B104F11000FEF764FF28B1B8F154
S31508012F00000F02D00123C8F8003001263846FFF722
S31508012F100CFE3046BDE8F883FEF7BCFD8542F4D2C7
S31508012F2001356DB284F84450EFE7F0B5002585B058
S31508012F30044601912E46FEF7F5FF2F46FEF70EFBD6
S31508012F40A36BA3B1013BA363236813B9FFF7B4F8D5
S31508012F50A060236933B104F11000FEF733FF08B10D
S31508012F60FFF7A5FDFEF708FB012005B0F0BD019BA3
S31508012F701BB9FEF701FB0020F7E716B902A8FFF710
S31508012F80A5F8FEF7F9FAFEF777FDFEF7E7FA94F8E2
S31508012F904430FF2B08BF84F8447094F84530FF2B62
S31508012FA008BF84F84570FEF7E7FA01A902A8FFF7FA
S31508012FB099F810BB2046FFF710FEC0B123683BB94C
S31508012FC0FEF7CCFAA068FEF7BDFF0546FEF7D4FA70
S31508012FD0019904F12400FEF7C3FE2046FFF7C5FD5B
S31508012FE0FEF722FE08B9FFF762FD0126A6E720468D
S31508012FF0FFF7BBFDFEF718FEF7E72046FFF7B5FD1D
S31508013000FEF712FE2046FFF7E8FD0028EDD0002D59
S31508013010B1D0FEF7A3FA616A19B1236B1968C1F138
S315080130203801A068FFF70AF8A3E710B50446FEF7CA
S3150801303095FA236823B9A468FEF79EFA204610BDBF
S315080130400024F9E703680BB98068704700207047C8
S3150801305070B5866804460D46FEF758FF864204D1C8
S315080130600120E3680133E36070BD29462046FFF776
S315080130705CFF0028F8D0E3680133E360F4E738B56C
S3150801308085680446FEF742FF85420BD1E368013B9A
S31508013090E3600BB1012038BD1A4619462046FFF7F1
S315080130A0F0FDF7E70020F6E710B5FEF7EFFA90F81E
S315080130B046301BB9BDE81040FFF74ABD10BD70B5D3
S315080130C004460D461646FEF749FA94F84430FF2B96
S315080130D004BF002384F8443094F84530FF2B04BF1D
S315080130E0002384F84530FEF747FAA36B2BB932461D
S315080130F0294604F12400FEF743FE2046BDE8704048
S31508013100FFF733BD70B50E46044610B3C06B00B366
S31508013110236CA3FB0035DDB9FEF720FAD4E90F319C
S315080131204B432268A563D0185B1A62601A44FF23D1
S31508013130A06084F84430E26084F8453056B104F161
S315080131401000FFF775FC04F12400FFF771FC0AE093
S31508013150002070BD236933B104F11000FEF732FE79
S3150801316008B1FFF7A4FCFEF707FA0120F1E72DE9FC
S31508013170F0410D461746064618B900242046BDE813
S31508013180F081A1FB0038B8F1000FF6D1484310F1E0
S31508013190510FF2D85030FFF7CFFC04460028ECD087
S315080131A080F846805DB100F1500301212046C4E94B
S315080131B00F652360FFF7A6FF84F84C70DEE7034628
S315080131C0F3E7024610B500210120FFF7D0FF0446B8
S315080131D0FFF7D2FD204610BD10B50C4630B1884226
S315080131E004D302220021FFF7C2FF08B9002010BD4F
S315080131F08463FCE737B50D461C46E8B193B1A2B125
S31508013200E1B150230193019B019B0121C4E90F05FB
S3150801321084F8461020462260FFF774FF9DF818309F
S3150801322084F84C30204603B030BD49B95023019388
S31508013230019B2246019BE8E70446F3E70C46F1E7C2
S315080132401446EFE7002213B50B46009011460120FC
S31508013250FFF7D0FF0446FFF78FFD204602B010BDE9
S3150801326013B513460C4640B1884206D30222009292
S3150801327000221146FFF7BEFF10B9002002B010BDAB
S315080132808463FBE710B590F85D3004463BB9006BE3
S31508013290FFF75EFC2046BDE81040FFF759BC012B3D
S315080132A0F9D010BD2DE9F8430D46DDE909949600DC
S315080132B032460746A521206B9846FDF774FE236B17
S315080132C0043E1E4426F007066DB16B1E04F1330257
S315080132D0093513F8011F02F8011F09B1AB42F8D1EC
S315080132E0002384F83D30089D201D372D28BF37253A
S315080132F0E562A564FFF7A7FBC5F1380504F11800D7
S31508013300FFF7A1FB43463A463046216B2461A56186
S315080133106462FEF787F82060B9F1000F01D0C9F899
S315080133200040BDE8F8832DE9F043074685B09000D3
S31508013330884616469946FFF7FFFB0546F0B1602019
S31508013340FFF7FAFB0446B0B160220021FDF72BFE18
S315080133500D9B256301930C9B3246414638460093E3
S3150801336002944B46FFF79EFF2046FEF727FA0120F7
S3150801337005B0BDE8F0832846FFF7EAFB4FF0FF30BA
S31508013380F6E72DE9F043174660220E46002187B07D
S3150801339005929846DDE90F94059B0546059B049120
S315080133A0C4B1B9F1000F15D02046FDF7FCFD022383
S315080133B084F85D3004ABC4F8309001930E9B28461F
S315080133C000933A46434631460294FFF76BFF20467F
S315080133D0FEF7F4F9049807B0BDE8F08370B5044622
S315080133E00D461646A1692B46324620462944FEF764
S315080133F0ADFE00B970BDA36920461D44236A9847EE
S31508013400F0E70000000000000000000000000000D6
S31508013410000000000000000000000000000000009D
S31508013420F8B500BFF8BC08BC9E467047F8B500BFA2
S31508013430F8BC08BC9E4670475FF800F0F5200020EE
S315080134405FF800F0512000204D61747465722044C4
S31508013450657669636500434E3D25732C20312E330D
S315080134602E362E312E342E312E33373234342E3237
S315080134702E313D253034582C20312E332E362E311F
S315080134802E342E312E33373234342E322E323D2518
S31508013490303458000102040000000000000000005A
S315080134A0DBA2000873A40008050B00080000000051
S315080134B000000000D9A200083BA400082108000862
S315080134C0CFA2000851090008A108000895090008BB
S315080134D0DDA200080000000000000000D7A20008D5
S315080134E049A40008CBA20008CFA200085109000888
S315080134F0A1080008A90A00082BA30008000000007B
S3150801350000000000D5A2000857A400082FA400084F
S31508013510CFA2000851090008A1080008250A0008D9
S315080135202BA300080000000000000000D3A2000839
S3150801353065A40008CBA20008CFA20008510900081B
S31508013540A1080008110A00082BA30008252E3473C8
S31508013550252E3273252E327300496E76616C6964A5
S31508013560206D616E75666163747572696E67206434
S315080135706174653A202573007557467771756744F6
S315080135804E476945636B2F706F374B4877774D7791
S3150801359077715A674E313058757942616A50477565
S315080135A0797A5545562F69726565346C4F72616F24
S315080135B0354775776E6C513635434A7A6265554299
S315080135C0343973333145482B4E456B67304A564972
S315080135D0354D474351474D4D542F535250464E5240
S315080135E04F446D3377482F4D426965687546633692
S315080135F0464A2F4E4836526D7A773D3D005531423F
S3150801360042533055795543424C5A586B67553246A1
S315080136107364413D3D002564003030303030303030
S315080136203000000000000000000000006FA600083E
S315080136301FA70008D5A50008FDA5000881A6000852
S315080136401FA600083D0D000845A700086BA600083F
S315080136506BA600082D0F00083D120008ED1600089C
S31508013660111700083D170008611700088D17000893
S31508013670B1170008D5170008F91700081D18000822
S3150801368045180008A90D0008B50E0008D518000848
S3150801369039190008EDA80008A91100083D1100080C
S315080136A0F9A8000889190008A1190008B91900081C
S315080136B0191A0008351B00082FA900080D1B000858
S315080136C0C9180008E5A80008FCFFFFFF0000000074
S315080136D071A600082DA700088DA8000885A800086E
S315080136E09DA8000895A80008B5A80008ADA8000877
S315080136F0A5A800087DA800080FA7000881A700084B
S31508013700BDA80008C5A8000817A70008BBA500089A
S31508013710BFA50008C3A50008C7A50008CFA50008CE
S315080137202D0D0008F4FFFFFF000000007DA600082C
S3150801373033A70008D5A80008CDA80008DDA8000809
S315080137408FA7000887A70008F1A80008E9A80008BC
S31508013750F0FFFFFF0000000079A6000839A700085E
S3150801376007A90008FFA8000817A900080FA900085B
S315080137701FA90008ECFFFFFF0000000075A600085E
S315080137803FA7000837A9000827A9000833A9000898
S31508013790040004002D002D000011223344556677DC
S315080137A08899AABBCCDDEEFF0000000000000000EE
S315080137B069A800086BA800081116000895150008E5
S315080137C061A8000861A8000861A8000861A80008A6
S315080137D065A8000865A80008E1150008AD150008E8
S315080137E025732C20616464723A3078253036782B3B
S315080137F0253033752C2073697A653A257500544549
S3150801380053545F56455253494F4E0076616C756560
S31508013810203C3D206B4D61784469736372696D691B
S315080138206E61746F7256616C75650025733A25640D
S315080138302066616C73653A20256C78004765744388
S31508013840657274696669636174696F6E4465636CF0
S3150801385061726174696F6E0047657450726F647541
S3150801386063744174746573746174696F6E496E74B7
S3150801387065726D656469617465436572740047654F
S3150801388074446576696365417474657374617469B2
S315080138906F6E43657274005369676E57697468443D
S315080138A065766963654174746573746174696F6E6D
S315080138B04B65792C206B69643A25752C206D7367E5
S315080138C05F73697A653A25752C207369675F736931
S315080138D07A653A25752C206572723A307825303228
S315080138E078002D000000494E0000424C45004D4C21
S315080138F00000534D0000454D0000544C56004153FD
S315080139004E004352000043544C00414C00005343BF
S31508013910000042445800444D4700444300004444D3
S31508013920000045434800465000004E5000005344ED
S315080139300000535000005357550046530000545396
S3150801394000004842000043534C0045564C00535072
S315080139505400544F4F005A434C0053480000444CFE
S31508013960000053504C005356520044495300494DE8
S315080139700000545354004F53530041544D004353D0
S315080139804D00494344004653000050414600434117
S315080139904D004A46000041424F52543A2063686935
S315080139A0703A3A506C6174666F726D3A3A257328AB
S315080139B0292063616C6C6564206265666F72652097
S315080139C0636869703A3A506C6174666F726D3A3A17
S315080139D04D656D6F7279496E697428290A004142ED
S315080139E04F52543A20636869703A3A506C6174666A
S315080139F06F726D3A3A4D656D6F7279496E697428C1
S31508013A00292063616C6C65642074776963652E0A85
S31508013A10004D656D6F7279416C6C6F63004D656D14
S31508013A206F727946726565004661696C65642074D2
S31508013A306F20696D706F72742061206B65792065DE
S31508013A4072726F723A256C640A0000000000000069
S31508013A500000000000000000000000000000000057
S31508013A600000000000000000000000000000000047
S31508013A700000000000000000000000000000000037
S31508013A800000000000000000000000000000000027
S31508013A900000000000000000000000000000000017
S31508013AA00000000037AC0008E5AB0008E9AB0008E8
S31508013AB0EDAB000807AC0008591E000833AC000836
S31508013AC0F1AB0008F3AB0008F7AB0008FBAB000845
S31508013AD051AC000817AC000823AC0008FFAB00087E
S31508013AE001AC000803AC000805AC00084DAC0008A1
S31508013AF0711E00087D1E000813B779FAC925DDB7BE
S31508013B00ADF3CFE0F1B614B80102000000000000E1
S31508013B10FFFFFFFF10000000010000000000000089
S31508013B200000000000000000000000000000000086
S31508013B300000000000000000000000000000000076
S31508013B40000000000000000011B400080DB40008D0
S31508013B50EBB30008B9B3000849B400081BB4000860
S31508013B60BBB300082C00000002020203000000C1DA
S31508013B70059ED8367CD5073070DD17F70E5939FF03
S31508013B80C00B316858151164F98FA7BEFA4FA40006
S31508013B906A09E667BB67AE853C6EF372A54FF53ACF
S31508013BA0510E527F9B05688C1F83D9AB5BE0CD19FB
S31508013BB000CBBB9D5DC1059ED8629A292A367CD564
S31508013BC0079159015A3070DD17152FECD8F70E59A0
S31508013BD03967332667FFC00B318EB44A8768581593
S31508013BE011DB0C2E0D64F98FA747B5481DBEFA4F98
S31508013BF0A4006A09E667F3BCC908BB67AE8584CA2F
S31508013C00A73B3C6EF372FE94F82BA54FF53A5F1D60
S31508013C1036F1510E527FADE682D19B05688C2B3E5B
S31508013C206C1F1F83D9ABFB41BD6B5BE0CD19137EBE
S31508013C30217900141C20304067452301EFCDAB895B
S31508013C4098BADCFE10325476C3D2E1F000000000C7
S31508013C500000000000000000000000000000000055
S31508013C608D9292928C928BFFFFFFFF00000000FF5E
S31508013C70FFFFFFFFFFFFFFBCE6FAADA7179E84F320
S31508013C80B9CAC2FC63255101031001010903727403
S31508013C9074000000643F01080000000000000000F5
S31508013CA000000000000000000010000037000000BE
S31508013CB0000000000000000049444C4500546D72A4
S31508013CC05100546D72205376630073656370323503
S31508013CD0367231000300170000010000CA3C0108D2
S31508013CE0000000000000000000000000512563FCF0
S31508013CF0C2CAB9F3849E17A7ADFAE6BCFFFFFFFF58
S31508013D00FFFFFFFF00000000FFFFFFFFF551BF3770
S31508013D106840B6CBCE5E316B5733CE2B169E0F7CE1
S31508013D204AEBE78E9B7F1AFEE242E34F96C298D88A
S31508013D304539A1F4A033EB2D817D0377F240A463C5
S31508013D40E5E6BCF847422CE1F2D1176B4B60D22766
S31508013D503E3CCE3BF6B053CCB0061D65BC86987684
S31508013D6055BDEBB3E7933AAAD835C65AFFFFFFFF0D
S31508013D70FFFFFFFFFFFFFFFF00000000000000003C
S31508013D800000000001000000FFFFFFFF0100000026
S31508013D90B83D01080000000000000000B53D01081B
S31508013DA0B23D0108AF3D0108AC3D01080B40800A50
S31508013DB03080092040081C400514402A864886F7A9
S31508013DC00D020700686D61635348413100484D4152
S31508013DD0432D5348412D31002A864886F70D02089E
S31508013DE000686D616353484132323400484D41439E
S31508013DF02D5348412D323234002A864886F70D0262
S31508013E000900686D616353484132353600484D41B2
S31508013E10432D5348412D323536002A864886F70DFB
S31508013E20020A00686D616353484133383400484DCE
S31508013E3041432D5348412D333834002A864886F7A5
S31508013E400D020B00686D61635348413531320048F4
S31508013E504D41432D5348412D353132002B0E030276
S31508013E601A0069642D73686131006086480165032B
S31508013E700402040069642D73686132323400608675
S31508013E80480165030402010069642D7368613235CE
S31508013E9036006086480165030402020069642D73D1
S31508013EA068613338340060864801650304020300FB
S31508013EB069642D736861353132002B0E03020700E0
S31508013EC0646573434243004445532D434243002AE4
S31508013ED0864886F70D0307006465732D65646533A7
S31508013EE02D636263004445532D454445332D4342B2
S31508013EF04300608648016503040102006165733168
S31508013F0032382D636263004145533132382D4342BD
S31508013F104300608648016503040116006165733133
S31508013F2039322D636263004145533139322D43429B
S31508013F30430060864801650304012A0061657332FE
S31508013F4035362D636263004145533235362D43427A
S31508013F5043002A8648CE3D030107002A864886F78C
S31508013F600D01010100727361456E6372797074699E
S31508013F706F6E00525341002A8648CE3D0201006900
S31508013F80642D65635075626C69634B657900476595
S31508013F906E65726963204543206B6579002B810440
S31508013FA0010C0069642D65634448004543206B652F
S31508013FB07920666F722045434448002A8648CE3DDB
S31508013FC004010065636473612D776974682D53482C
S31508013FD04131004543445341207769746820534869
S31508013FE04131002A8648CE3D0403010065636473A6
S31508013FF0612D776974682D5348413232340045433F
S315080140004453412077697468205348413232340059
S315080140102A8648CE3D0403020065636473612D77E1
S315080140206974682D53484132353600454344534136
S31508014030207769746820534841323536002A864804
S31508014040CE3D0403030065636473612D7769746863
S315080140502D53484133383400454344534120776949
S31508014060746820534841333834002A8648CE3D04C3
S3150801407003040065636473612D776974682D534879
S3150801408041353132004543445341207769746820EC
S3150801409053484135313200616E79506F6C696379E5
S315080140A000416E7920506F6C696379002B06010512
S315080140B0050703010069642D6B702D7365727665BA
S315080140C0724175746800544C5320576562205365D4
S315080140D0727665722041757468656E746963617478
S315080140E0696F6E002B060105050703020069642D39
S315080140F06B702D636C69656E744175746800544CF8
S31508014100532057656220436C69656E742041757446
S3150801411068656E7469636174696F6E002B060105C3
S31508014120050703030069642D6B702D636F6465537E
S3150801413069676E696E6700436F6465205369676EC8
S31508014140696E67002B060105050703040069642DDE
S315080141506B702D656D61696C50726F7465637469F6
S315080141606F6E00452D6D61696C2050726F746563C1
S3150801417074696F6E002B060105050703080069645B
S315080141802D6B702D74696D655374616D70696E67F9
S315080141900054696D65205374616D70696E67002BF3
S315080141A0060105050703090069642D6B702D4F4348
S315080141B053505369676E696E67004F4353502053D6
S315080141C069676E696E67002B0601040182E42501A1
S315080141D00069642D6B702D776973756E2D66616E36
S315080141E02D6465766963650057692D53554E2041DF
S315080141F06C6C69616E6365204669656C6420417201
S315080142006561204E6574776F726B202846414E2989
S3150801421000551D130069642D63652D626173696319
S31508014220436F6E73747261696E7473004261736968
S315080142306320436F6E73747261696E747300551DE2
S315080142400F0069642D63652D6B6579557361676523
S3150801425000551D250069642D63652D6578744B65C8
S3150801426079557361676500457874656E6465642080
S315080142704B657920557361676500551D11006964A1
S315080142802D63652D7375626A656374416C744E613D
S315080142906D65005375626A65637420416C74204EBE
S315080142A0616D65006086480186F84201010069640E
S315080142B02D6E657473636170652D636572747479A7
S315080142C07065004E65747363617065204365727429
S315080142D069666963617465205479706500551D20A6
S315080142E00069642D63652D63657274696669636126
S315080142F07465506F6C6963696573004365727469A7
S3150801430066696361746520506F6C696369657300DA
S31508014310551D0E0069642D63652D7375626A6563A3
S31508014320744B65794964656E74696669657200538B
S3150801433075626A656374204B6579204964656E7494
S31508014340696669657200551D230069642D63652DCB
S31508014350617574686F726974794B65794964656EBC
S3150801436074696669657200417574686F72697479F2
S31508014370204B6579204964656E74696669657200C2
S315080143805504030069642D61742D636F6D6D6F6E3D
S315080143904E616D6500436F6D6D6F6E204E616D6583
S315080143A000434E005504060069642D61742D636F40
S315080143B0756E7472794E616D6500436F756E7472B0
S315080143C079005504070069642D61742D6C6F63616A
S315080143D06C697479004C6F63616C69747900550472
S315080143E0080069642D61742D7374617465005374D2
S315080143F06174650053540055040A0069642D61749B
S315080144002D6F7267616E697A6174696F6E4E616D3F
S3150801441065004F7267616E697A6174696F6E004FE4
S315080144200055040B0069642D61742D6F7267616E06
S31508014430697A6174696F6E616C556E69744E616DE6
S3150801444065004F726720556E6974004F55002A86BC
S315080144504886F70D01090100656D61696C4164645F
S315080144607265737300452D6D61696C2061646472B0
S31508014470657373005504050069642D61742D7365B0
S315080144807269616C4E756D62657200536572696118
S315080144906C206E756D626572005504100069642D95
S315080144A061742D706F7374616C41646472657373A2
S315080144B000506F7374616C20616464726573730074
S315080144C05504110069642D61742D706F7374616CE4
S315080144D0436F646500506F7374616C20636F646524
S315080144E0005504040069642D61742D7375724E615B
S315080144F06D65005375726E616D6500534E00550406
S315080145002A0069642D61742D676976656E4E616D41
S315080145106500476976656E206E616D6500474E00D8
S3150801452055042B0069642D61742D696E697469617E
S315080145306C7300496E697469616C730055042C00CB
S3150801454069642D61742D67656E65726174696F6E34
S315080145505175616C69666965720047656E65726158
S3150801456074696F6E207175616C696669657200554B
S31508014570040C0069642D61742D7469746C650054AA
S3150801458069746C650055042E0069642D61742D6487
S315080145906E5175616C6966696572004469737469FF
S315080145A06E67756973686564204E616D65207175FE
S315080145B0616C6966696572005504410069642D611B
S315080145C0742D70736575646F6E796D0050736575BA
S315080145D0646F6E796D000992268993F22C64010144
S315080145E00069642D75696400557365722049640014
S315080145F00992268993F22C6401190069642D646F66
S315080146006D61696E436F6D706F6E656E7400446F90
S315080146106D61696E20636F6D706F6E656E740044AF
S31508014620430055042D0069642D61742D756E6971F9
S3150801463075654964656E74696669657200556E6962
S31508014640717565204964656E7469666965720000ED
S31508014650523F010808000000CA3C0108CA3C01088B
S315080146600300000000000000000000000000000038
S3150801467000000000000000005B3F0108090000007F
S31508014680653F0108733F010801000000773F0108F3
S31508014690070000007F3F01088E3F01080200000065
S315080146A09D3F010805000000A33F0108AB3F010833
S315080146B003000000000000000000000000000000E8
S315080146C00000000000000000BB3F010807000000D1
S315080146D0C33F0108D33F010805040000E33F010871
S315080146E008000000EC3F0108FE3F0108080400002D
S315080146F01040010808000000194001082B40010874
S31508014700090400003D400108080000004640010870
S31508014710584001080A0400006A4001080800000020
S3150801472073400108854001080B04000000000000E1
S31508014730000000000000000000000000000000006A
S315080147404F70617175650045434453410045435FA8
S31508014750444800454300000007000000404701089F
S3150801476053EF000847EF000800000000E572000853
S31508014770000000000000000000000000000000002A
S315080147800000000000000000070000004047010883
S3150801479053EF000837EF00086174000881EF00083D
S315080147A00000000000000000DD74000800000000A1
S315080147B00000000000000000000000005053410006
S315080147C04B455900000000007BFF80B079FF80B09F
S315080147D078FF80B176FF00B16CFF00B36BFF00B2C2
S315080147E0202C3D2B3C3E233B225C00520073746116
S315080147F074654F7250726F76696E63654E616D6549
S3150801480000000000A14301080200000080430108DE
S315080148100C0000008A4301080A00000080430108D1
S315080148200C000000303F010801000000A443010804
S3150801483013000000AE4301080B000000A443010861
S31508014840130000001F44010801000000F743010896
S315080148500C0000000144010810000000F74301089C
S315080148600C000000574A010801000000C243010874
S315080148700C000000CC43010808000000C2430108EF
S315080148800C000000EB470108010000004E44010836
S31508014890160000004B4401080200000021440108EB
S315080148A00C0000002B4401081600000021440108F1
S315080148B00C000000F443010802000000DE43010871
S315080148C00C000000ED47010813000000DE43010853
S315080148D00C000000584401080C0000004E44010871
S315080148E0160000007E4401080C000000744401080B
S315080148F013000000A34401080D00000099440108B3
S3150801490013000000CA4401080A000000C044010857
S31508014910130000008F4501080B00000085450108BA
S315080149201300000079450108050000006F450108DC
S315080149300C000000EB44010807000000E1440108EF
S315080149400C000000FB44010802000000E1440108D4
S315080149500C0000000845010809000000FE44010892
S315080149600C0000001D45010802000000FE44010874
S315080149700C0000002A45010808000000204501082E
S315080149800C000000C245010809000000B8450108ED
S315080149900C00000046450108130000003C450108CB
S315080149A00C000000FE4501080F000000F045010853
S315080149B0160000001F46010802000000F045010824
S315080149C016000000000000000000000000000000C2
S315080149D0050000002A864886F70D01090E002D2DCF
S315080149E02D2D2D454E4420434552544946494341B0
S315080149F0544520524551554553542D2D2D2D2D0ADB
S31508014A00002D2D2D2D2D424547494E204345525403
S31508014A104946494341544520524551554553542D1C
S31508014A202D2D2D2D0A005465726D696E616C00007D
S31508014A300000000000545452205245474745530090
S31508014A4050726F766973696F6E205461736B0023B8
S31508014A502D302B2000686C4C00656667454647007B
S31508014A603031323334353637383941424344454695
S31508014A70003031323334353637383961626364652B
S31508014A8066000020202020202020202028282828F1
S31508014A9028202020202020202020202020202020FF
S31508014AA0202020881010101010101010101010104F
S31508014AB0101010040404040404040404041010105F
S31508014AC0101010104141414141410101010101010B
S31508014AD00101010101010101010101010101101099
S31508014AE010101010424242424242020202020202DF
S31508014AF0020202020202020202020202020210106B
S31508014B001010200000000000000000000000000056
S31508014B100000000000000000000000000000000086
S31508014B200000000000000000000000000000000076
S31508014B300000000000000000000000000000000066
S31508014B400000000000000000000000000000000056
S31508014B500000000000000000000000000000000046
S31508014B600000000000000000000000000000000036
S31508014B700000000000000000000000000000000026
S30908014B800000000022
S30D08014B846CB8FE7F0100000078
S31108014B8C984B01086C210020E202000091
S31508014B98000000002C360108D03601080000000084
S31508014BA82C370108583701087C370108000000002E
S31508014BB800000000000000000000000000000000DE
S31508014BC800000000000200000000000000000000CC
S31508014BD800000000000000000000000000000000BE
S31508014BE800000000000000000000000000000000AE
S31508014BF8000000000000000000000000000000009E
S31508014C08000000000000000000000000000000008D
S31508014C18000000000000000000000000000000007D
S31508014C28000000000000000000000000000000006D
S31508014C38000000000000000000000000000000005D
S31508014C480000000000000000B0370108000000005D
S31508014C58A034010801000000C0EA2101C0EA2101C7
S31508014C6800800000C0175302FFFFFFFF0000050080
S31508014C78602200208E3C010801000000015F00083F
S31508014C88602200200000000099C800080000000002
S31508014C9883C80008AAAAAAAA37000000A70F01080C
S31508014CA845060108450601084B0601084B06010891
S31508014CB894220020000400200000000000000000E3
S31508014CC870160020C8000000FE0000000000000061
S31508014CD8483B01084C220020B822002000000000A9
S31508014CE8B41C00201C1D0020841D002000000000A3
S31508014CF8000000000000000000000000000000009D
S31508014D08000000000000000000000000000000008C
S31508014D18000000000000000000000000000000007C
S31508014D280000000000000000000000000300000069
S31508014D38B41C002004FF00002FD00008CD0300088A
S31508014D4889070008010D0008951E0008A503000833
S31508014D58000000000000000000000000000000003C
S31508014D68000000000000000000000000000000002C
S31508014D78000000000000000000000000000000001C
S31508014D88000000000000000000000000000000000C
S31508014D9800000000000000000000000000000000FC
S31508014DA800000000000000000000000000000000EC
S31508014DB800000000000000000000000000000000DC
S31508014DC800000000000000000000000000000000CC
S31508014DD800000000000000000000000000000000BC
S31508014DE800000000000000000000000000000000AC
S31508014DF8000000000000000000000000000000009C
S31508014E08000000000000000000000000000000008B
S31508014E18000000000000000000000000000000007B
S31508014E28000000000000000000000000000000006B
S31508014E38000000000000000000000000000000005B
S31508014E48000000000000000000000000000000004B
S31508014E58000000000000000000000000000000003B
S31508014E68000000000000000000000000000000002B
S31508014E78000000000000000000000000000000001B
S31508014E88000000000000000000000000000000000B
S31508014E9800000000000000000000000000000000FB
S31508014EA800000000000000000000000000000000EB
S31508014EB800000000000000000000000000000000DB
S31508014EC800000000000000000000000000000000CB
S31508014ED800000000000000000000000000000000BB
S31508014EE800000000000000000000000000000000AB
S31508014EF8000000000000000000000000000000009B
S31508014F08000000000000000000000000000000008A
S31508014F18000000000000000000000000000000007A
S31508014F28000000000000000000000000000000006A
S31508014F38000000000000000000000000000000005A
S31508014F48000000000000000000000000000000004A
S31508014F58000000000000000000000000000000003A
S31508014F68000000000000000000000000000000002A
S31508014F78000000000000000000000000000000001A
S31508014F88000000000000000000000000000000000A
S31508014F9800000000000000000000000000000000FA
S31508014FA800000000000000000000000000000000EA
S31508014FB800000000000000000000000000000000DA
S31508014FC800000000000000000000000000000000CA
S31508014FD800000000000000000000000000000000BA
S31508014FE800000000000000000000000000000000AA
S31508014FF8000000000000000000000000000000009A
S315080150080000000000000000000000000000000089
S315080150180000000000000000000000000000000079
S315080150280000000000000000000000000000000069
S315080150380000000000000000000000000000000059
S315080150480000000000000000000000000000000049
S315080150580000000000000000000000000000000039
S315080150680000000000000000000000000000000029
S315080150780000000000000000000000000000000019
S315080150880000000000000000000000000000000009
S3150801509800000000000000000000000000000000F9
S315080150A800000000000000000000000000000000E9
S315080150B800000000000000000000000000000000D9
S315080150C800000000000000000000000000000000C9
S315080150D800000000000000000000000000000000B9
S315080150E800000000000000000000000000000000A9
S315080150F80000000000000000000000000000000099
S315080151080000000000000000000000000000000088
S315080151180000000000000000000000000000000078
S315080151280000000000000000000000000000000068
S315080151380000000000000000000000000000000058
S315080151480000000000000000000000000000000048
S315080151580000000000000000000000000000000038
S315080151680000000000000000000000000000000028
S315080151780000000000000000000000000000000018
S315080151880000000000000000000000000000000008
S3150801519800000000000000000000000000000000F8
S315080151A800000000000000000000000000000000E8
S315080151B800000000000000000000000000000000D8
S315080151C800000000000000000000000000000000C8
S315080151D800000000000000000000000000000000B8
S315080151E800000000000000000000000000000000A8
S315080151F80000000000000000000000000000000098
S315080152080000000000000000000000000000000087
S315080152180000000000000000000000000000000077
S315080152280000000000000000000000000000000067
S315080152380000000000000000000000000000000057
S315080152480000000000000000000000000000000047
S315080152580000000000000000000000000000000037
S315080152680000000000000000000000000000000027
S315080152780000000000000000000000000000000017
S315080152880000000000000000000000000000000007
S3150801529800000000000000000000000000000000F7
S315080152A800000000000000000000000000000000E7
S315080152B800000000000000000000000000000000D7
S315080152C800000000000000000000000000000000C7
S315080152D800000000000000000000000000000000B7
S315080152E800000000000000000000000000000000A7
S315080152F80000000000000000000000000000000097
S315080153080000000000000000000000000000000086
S315080153180000000000000000000000000000000076
S315080153280000000000000000000000000000000066
S315080153380000000000000000000000000000000056
S315080153480000000000000000000000000000000046
S315080153580000000000000000000000000000000036
S315080153680000000000000000000000000000000026
S315080153780000000000000000000000000000000016
S315080153880000000000000000000000000000000006
S3150801539800000000000000000000000000000000F6
S315080153A800000000000000000000000000000000E6
S315080153B800000000000000000000000000000000D6
S315080153C800000000000000000000000000000000C6
S315080153D800000000000000000000000000000000B6
S315080153E800000000000000000000000000000000A6
S315080153F80000000000000000000000000000000096
S315080154080000000000000000000000000000000085
S315080154180000000000000000000000000000000075
S315080154280000000000000000000000000000000065
S315080154380000000000000000000000000000000055
S315080154480000000000000000000000000000000045
S315080154580000000000000000000000000000000035
S315080154680000000000000000000000000000000025
S315080154780000000000000000000000000000000015
S315080154880000000000000000000000000000000005
S3150801549800000000000000000000000000000000F5
S315080154A800000000000000000000000000000000E5
S315080154B800000000000000000000000000000000D5
S315080154C800000000000000000000000000000000C5
S315080154D800000000000000000000000000000000B5
S315080154E800000000000000000000000000000000A5
S315080154F80000000000000000000000000000000095
S315080155080000000000000000000000000000000084
S315080155180000000000000000000000000000000074
S315080155280000000000000000000000000000000064
S315080155380000000000000000000000000000000054
S315080155480000000000000000000000000000000044
S315080155580000000000000000000000000000000034
S315080155680000000000000000000000000000000024
S315080155780000000000000000000000000000000014
S315080155880000000000000000000000000000000004
S3150801559800000000000000000000000000000000F4
S315080155A800000000000000000000000000000000E4
S315080155B800000000000000000000000000000000D4
S315080155C800000000000000000000000000000000C4
S315080155D800000000000000000000000000000000B4
S315080155E800000000000000000000000000000000A4
S315080155F80000000000000000000000000000000094
S315080156080000000000000000000000000000000083
S315080156180000000000000000000000000000000073
S315080156280000000000000000000000000000000063
S315080156380000000000000000000000000000000053
S315080156480000000000000000000000000000000043
S315080156580000000000000000000000000000000033
S315080156680000000000000000000000000000000023
S315080156780000000000000000000000000000000013
S315080156880000000000000000000000000000000003
S3150801569800000000000000000000000000000000F3
S315080156A800000000000000000000000000000000E3
S315080156B800000000000000000000000000000000D3
S315080156C800000000000000000000000000000000C3
S315080156D800000000000000000000000000000000B3
S315080156E800000000000000000000000000000000A3
S315080156F80000000000000000000000000000000093
S315080157080000000000000000000000000000000082
S30D0801571800000000000000007A
S705080022B11F
