S01C00006275696C642F64656275672F67656E657261746F722E7333379C
S31501000000203200204D0000110102001101020011F1
S315010000100102001101020011010200110102001189
S315010000200102001101020011010200110102001179
S3150100003001020011D8DB01010102001101020011C8
S3150100004000000011008000010080000068485C4B40
S315010000507844D0F800C04668C3F808C0326882F315
S315010000608888584A584C96605A6A42F400225A6265
S31501000070564ADA60D3F88C2042F4406242F001021B
S31501000080C3F88C2000234FF0FF32214641F823208C
S315010000900133102BFAD14FF450424D4BFF219A6692
S315010000A001224C4B4C4CC3F89011C3F83021C4F8D3
S315010000B070118068B0F5003F7DD007D8B0F5004FCC
S315010000C00DD0B0F5803F09D0002208E0B0F5802FB1
S315010000D073D0B0F5002FF7D1052200E002224FF0D0
S315010000E0FF31C3F86422C3F8701233465C680126F7
S315010000F04FF01009394FDFF8FCE0DFF8FC803200E1
S315010001003B461A60320073461A601A6802EA060212
S31501000110002AFAD14FF41047314D2B463A461A6060
S3150100012007F1A2476FF48018DFF8D0E007F583578F
S315010001303B460A461A60734642461A60294DA7F5A0
S315010001405E6729462CF07F43B3FBF0F3202B05D9DC
S31501000150A3F120034FF0FF320A6008E04FF00102DD
S315010001609A406FEA02020A604FF0FF33FFE701F19E
S315010001700401B942EADD1C490B4632001A601B49EB
S315010001806408640002220B461A6000200021002246
S3150100019000230025002600275FF000085FF0000914
S315010001A05FF0000A5FF0000B5FF0000CBFF34F8FAA
S315010001B0BFF36F8F2447032291E704228FE700BF25
S315010001C000ED00E000ED02E080E300E00020FA052A
S315010001D0005080400090005100A00051185083400B
S315010001E0686080407492005170930051D0ED00E038
S315010001F0ECFFFFFF18D0854014C0854064A0005174
S31501000200FEE7000000000000000000000000000002
S3150100021000000000000000000000000000000000D7
S3150100022000000000000000000000000000000000C7
S3150100023000000000000000000000000000000000B7
S3150100024000000000000000000000000000000000A7
S315010002500000000000000000000000000000000097
S315010002600000000000000000000000000000000087
S315010002700000000000000000000000000000000077
S315010002800000000000000000000000000000000067
S315010002900000000000000000000000000000000057
S315010002A00000000000000000000000000000000047
S315010002B00000000000000000000000000000000037
S315010002C00000000000000000000000000000000027
S315010002D00000000000000000000000000000000017
S315010002E00000000000000000000000000000000007
S315010002F000000000000000000000000000000000F7
S3150100030000000000000000000000000000000000E6
S3150100031000000000000000000000000000000000D6
S3150100032000000000000000000000000000000000C6
S3150100033000000000000000000000000000000000B6
S3150100034000000000000000000000000000000000A6
S315010003500000000000000000000000000000000096
S315010003600000000000000000000000000000000086
S315010003700000000000000000000000000000000076
S315010003800000000000000000000000000000000066
S315010003900000000000000000000000000000000056
S315010003A00000000000000000000000000000000046
S315010003B00000000000000000000000000000000036
S315010003C00000000000000000000000000000000026
S315010003D00000000000000000000000000000000016
S315010003E00000000000000000000000000000000006
S315010003F000000000000000000000000000000000F6
S3150100040000000000000000000000000000000000E5
S3150100041000000000000000000000000000000000D5
S3150100042000000000000000000000000000000000C5
S3150100043000000000000000000000000000000000B5
S3150100044000000000000000000000000000000000A5
S315010004500000000000000000000000000000000095
S315010004600000000000000000000000000000000085
S315010004700000000000000000000000000000000075
S315010004800000000000000000000000000000000065
S315010004900000000000000000000000000000000055
S315010004A00000000000000000000000000000000045
S315010004B00000000000000000000000000000000035
S315010004C00000000000000000000000000000000025
S315010004D00000000000000000000000000000000015
S315010004E00000000000000000000000000000000005
S315010004F000000000000000000000000000000000F5
S3150100050000000000000000000000000000000000E4
S3150100051000000000000000000000000000000000D4
S3150100052000000000000000000000000000000000C4
S3150100053000000000000000000000000000000000B4
S3150100054000000000000000000000000000000000A4
S315010005500000000000000000000000000000000094
S315010005600000000000000000000000000000000084
S315010005700000000000000000000000000000000074
S315010005800000000000000000000000000000000064
S315010005900000000000000000000000000000000054
S315010005A00000000000000000000000000000000044
S315010005B00000000000000000000000000000000034
S315010005C00000000000000000000000000000000024
S315010005D00000000000000000000000000000000014
S315010005E00000000000000000000000000000000004
S315010005F000000000000000000000000000000000F4
S3150100060000000000000000000000000000000000E3
S3150100061000000000000000000000000000000000D3
S3150100062000000000000000000000000000000000C3
S3150100063000000000000000000000000000000000B3
S3150100064000000000000000000000000000000000A3
S315010006500000000000000000000000000000000093
S315010006600000000000000000000000000000000083
S315010006700000000000000000000000000000000073
S315010006800000000000000000000000000000000063
S315010006900000000000000000000000000000000053
S315010006A00000000000000000000000000000000043
S315010006B00000000000000000000000000000000033
S315010006C00000000000000000000000000000000023
S315010006D00000000000000000000000000000000013
S315010006E00000000000000000000000000000000003
S315010006F000000000000000000000000000000000F3
S3150100070000000000000000000000000000000000E2
S3150100071000000000000000000000000000000000D2
S3150100072000000000000000000000000000000000C2
S3150100073000000000000000000000000000000000B2
S3150100074000000000000000000000000000000000A2
S315010007500000000000000000000000000000000092
S315010007600000000000000000000000000000000082
S315010007700000000000000000000000000000000072
S315010007800000000000000000000000000000000062
S315010007900000000000000000000000000000000052
S315010007A00000000000000000000000000000000042
S315010007B00000000000000000000000000000000032
S315010007C00000000000000000000000000000000022
S315010007D00000000000000000000000000000000012
S315010007E00000000000000000000000000000000002
S315010007F000000000000000000000000000000000F2
S3150100080000000000000000000000000000000000E1
S3150100081000000000000000000000000000000000D1
S3150100082000000000000000000000000000000000C1
S3150100083000000000000000000000000000000000B1
S3150100084000000000000000000000000000000000A1
S315010008500000000000000000000000000000000091
S315010008600000000000000000000000000000000081
S315010008700000000000000000000000000000000071
S315010008800000000000000000000000000000000061
S315010008900000000000000000000000000000000051
S315010008A00000000000000000000000000000000041
S315010008B00000000000000000000000000000000031
S315010008C00000000000000000000000000000000021
S315010008D00000000000000000000000000000000011
S315010008E00000000000000000000000000000000001
S315010008F000000000000000000000000000000000F1
S3150100090000000000000000000000000000000000E0
S3150100091000000000000000000000000000000000D0
S3150100092000000000000000000000000000000000C0
S3150100093000000000000000000000000000000000B0
S3150100094000000000000000000000000000000000A0
S315010009500000000000000000000000000000000090
S315010009600000000000000000000000000000000080
S315010009700000000000000000000000000000000070
S315010009800000000000000000000000000000000060
S315010009900000000000000000000000000000000050
S315010009A00000000000000000000000000000000040
S315010009B00000000000000000000000000000000030
S315010009C00000000000000000000000000000000020
S315010009D00000000000000000000000000000000010
S315010009E00000000000000000000000000000000000
S315010009F000000000000000000000000000000000F0
S31501000A0000000000000000000000000000000000DF
S31501000A1000000000000000000000000000000000CF
S31501000A2000000000000000000000000000000000BF
S31501000A3000000000000000000000000000000000AF
S31501000A40000000000000000000000000000000009F
S31501000A50000000000000000000000000000000008F
S31501000A60000000000000000000000000000000007F
S31501000A70000000000000000000000000000000006F
S31501000A80000000000000000000000000000000005F
S31501000A90000000000000000000000000000000004F
S31501000AA0000000000000000000000000000000003F
S31501000AB0000000000000000000000000000000002F
S31501000AC0000000000000000000000000000000001F
S31501000AD0000000000000000000000000000000000F
S31501000AE000000000000000000000000000000000FF
S31501000AF000000000000000000000000000000000EF
S31501000B0000000000000000000000000000000000DE
S31501000B1000000000000000000000000000000000CE
S31501000B2000000000000000000000000000000000BE
S31501000B3000000000000000000000000000000000AE
S31501000B40000000000000000000000000000000009E
S31501000B50000000000000000000000000000000008E
S31501000B60000000000000000000000000000000007E
S31501000B70000000000000000000000000000000006E
S31501000B80000000000000000000000000000000005E
S31501000B90000000000000000000000000000000004E
S31501000BA0000000000000000000000000000000003E
S31501000BB0000000000000000000000000000000002E
S31501000BC0000000000000000000000000000000001E
S31501000BD0000000000000000000000000000000000E
S31501000BE000000000000000000000000000000000FE
S31501000BF000000000000000000000000000000000EE
S31501000C0000000000000000000000000000000000DD
S31501000C1000000000000000000000000000000000CD
S31501000C2000000000000000000000000000000000BD
S31501000C3000000000000000000000000000000000AD
S31501000C40000000000000000000000000000000009D
S31501000C50000000000000000000000000000000008D
S31501000C60000000000000000000000000000000007D
S31501000C70000000000000000000000000000000006D
S31501000C80000000000000000000000000000000005D
S31501000C90000000000000000000000000000000004D
S31501000CA0000000000000000000000000000000003D
S31501000CB0000000000000000000000000000000002D
S31501000CC0000000000000000000000000000000001D
S31501000CD0000000000000000000000000000000000D
S31501000CE000000000000000000000000000000000FD
S31501000CF000000000000000000000000000000000ED
S31501000D0000000000000000000000000000000000DC
S31501000D1000000000000000000000000000000000CC
S31501000D2000000000000000000000000000000000BC
S31501000D3000000000000000000000000000000000AC
S31501000D40000000000000000000000000000000009C
S31501000D50000000000000000000000000000000008C
S31501000D60000000000000000000000000000000007C
S31501000D70000000000000000000000000000000006C
S31501000D80000000000000000000000000000000005C
S31501000D90000000000000000000000000000000004C
S31501000DA0000000000000000000000000000000003C
S31501000DB0000000000000000000000000000000002C
S31501000DC0000000000000000000000000000000001C
S31501000DD0000000000000000000000000000000000C
S31501000DE000000000000000000000000000000000FC
S31501000DF000000000000000000000000000000000EC
S31501000E0000000000000000000000000000000000DB
S31501000E1000000000000000000000000000000000CB
S31501000E2000000000000000000000000000000000BB
S31501000E3000000000000000000000000000000000AB
S31501000E40000000000000000000000000000000009B
S31501000E50000000000000000000000000000000008B
S31501000E60000000000000000000000000000000007B
S31501000E70000000000000000000000000000000006B
S31501000E80000000000000000000000000000000005B
S31501000E90000000000000000000000000000000004B
S31501000EA0000000000000000000000000000000003B
S31501000EB0000000000000000000000000000000002B
S31501000EC0000000000000000000000000000000001B
S31501000ED0000000000000000000000000000000000B
S31501000EE000000000000000000000000000000000FB
S31501000EF000000000000000000000000000000000EB
S31501000F0000000000000000000000000000000000DA
S31501000F1000000000000000000000000000000000CA
S31501000F2000000000000000000000000000000000BA
S31501000F3000000000000000000000000000000000AA
S31501000F40000000000000000000000000000000009A
S31501000F50000000000000000000000000000000008A
S31501000F60000000000000000000000000000000007A
S31501000F70000000000000000000000000000000006A
S31501000F80000000000000000000000000000000005A
S31501000F90000000000000000000000000000000004A
S31501000FA0000000000000000000000000000000003A
S31501000FB0000000000000000000000000000000002A
S31501000FC0000000000000000000000000000000001A
S31501000FD0000000000000000000000000000000000A
S31501000FE000000000000000000000000000000000FA
S31501000FF000000000000000000000000000000000EA
S3150100100000000000000000000000000000000000D9
S3150100101000000000000000000000000000000000C9
S3150100102000000000000000000000000000000000B9
S3150100103000000000000000000000000000000000A9
S315010010400000000000000000000000000000000099
S315010010500000000000000000000000000000000089
S315010010600000000000000000000000000000000079
S315010010700000000000000000000000000000000069
S315010010800000000000000000000000000000000059
S315010010900000000000000000000000000000000049
S315010010A00000000000000000000000000000000039
S315010010B00000000000000000000000000000000029
S315010010C00000000000000000000000000000000019
S315010010D00000000000000000000000000000000009
S315010010E000000000000000000000000000000000F9
S315010010F000000000000000000000000000000000E9
S3150100110000000000000000000000000000000000D8
S3150100111000000000000000000000000000000000C8
S3150100112000000000000000000000000000000000B8
S3150100113000000000000000000000000000000000A8
S315010011400000000000000000000000000000000098
S315010011500000000000000000000000000000000088
S315010011600000000000000000000000000000000078
S315010011700000000000000000000000000000000068
S315010011800000000000000000000000000000000058
S315010011900000000000000000000000000000000048
S315010011A00000000000000000000000000000000038
S315010011B00000000000000000000000000000000028
S315010011C00000000000000000000000000000000018
S315010011D00000000000000000000000000000000008
S315010011E000000000000000000000000000000000F8
S315010011F000000000000000000000000000000000E8
S3150100120000000000000000000000000000000000D7
S3150100121000000000000000000000000000000000C7
S3150100122000000000000000000000000000000000B7
S3150100123000000000000000000000000000000000A7
S315010012400000000000000000000000000000000097
S315010012500000000000000000000000000000000087
S315010012600000000000000000000000000000000077
S315010012700000000000000000000000000000000067
S315010012800000000000000000000000000000000057
S315010012900000000000000000000000000000000047
S315010012A00000000000000000000000000000000037
S315010012B00000000000000000000000000000000027
S315010012C00000000000000000000000000000000017
S315010012D00000000000000000000000000000000007
S315010012E000000000000000000000000000000000F7
S315010012F000000000000000000000000000000000E7
S3150100130000000000000000000000000000000000D6
S3150100131000000000000000000000000000000000C6
S3150100132000000000000000000000000000000000B6
S3150100133000000000000000000000000000000000A6
S315010013400000000000000000000000000000000096
S315010013500000000000000000000000000000000086
S315010013600000000000000000000000000000000076
S315010013700000000000000000000000000000000066
S315010013800000000000000000000000000000000056
S315010013900000000000000000000000000000000046
S315010013A00000000000000000000000000000000036
S315010013B00000000000000000000000000000000026
S315010013C00000000000000000000000000000000016
S315010013D00000000000000000000000000000000006
S315010013E000000000000000000000000000000000F6
S315010013F000000000000000000000000000000000E6
S3150100140000000000000000000000000000000000D5
S3150100141000000000000000000000000000000000C5
S3150100142000000000000000000000000000000000B5
S3150100143000000000000000000000000000000000A5
S315010014400000000000000000000000000000000095
S315010014500000000000000000000000000000000085
S315010014600000000000000000000000000000000075
S315010014700000000000000000000000000000000065
S315010014800000000000000000000000000000000055
S315010014900000000000000000000000000000000045
S315010014A00000000000000000000000000000000035
S315010014B00000000000000000000000000000000025
S315010014C00000000000000000000000000000000015
S315010014D00000000000000000000000000000000005
S315010014E000000000000000000000000000000000F5
S315010014F000000000000000000000000000000000E5
S3150100150000000000000000000000000000000000D4
S3150100151000000000000000000000000000000000C4
S3150100152000000000000000000000000000000000B4
S3150100153000000000000000000000000000000000A4
S315010015400000000000000000000000000000000094
S315010015500000000000000000000000000000000084
S315010015600000000000000000000000000000000074
S315010015700000000000000000000000000000000064
S315010015800000000000000000000000000000000054
S315010015900000000000000000000000000000000044
S315010015A00000000000000000000000000000000034
S315010015B00000000000000000000000000000000024
S315010015C00000000000000000000000000000000014
S315010015D00000000000000000000000000000000004
S315010015E000000000000000000000000000000000F4
S315010015F000000000000000000000000000000000E4
S3150100160000000000000000000000000000000000D3
S3150100161000000000000000000000000000000000C3
S3150100162000000000000000000000000000000000B3
S3150100163000000000000000000000000000000000A3
S315010016400000000000000000000000000000000093
S315010016500000000000000000000000000000000083
S315010016600000000000000000000000000000000073
S315010016700000000000000000000000000000000063
S315010016800000000000000000000000000000000053
S315010016900000000000000000000000000000000043
S315010016A00000000000000000000000000000000033
S315010016B00000000000000000000000000000000023
S315010016C00000000000000000000000000000000013
S315010016D00000000000000000000000000000000003
S315010016E000000000000000000000000000000000F3
S315010016F000000000000000000000000000000000E3
S3150100170000000000000000000000000000000000D2
S3150100171000000000000000000000000000000000C2
S3150100172000000000000000000000000000000000B2
S3150100173000000000000000000000000000000000A2
S315010017400000000000000000000000000000000092
S315010017500000000000000000000000000000000082
S315010017600000000000000000000000000000000072
S315010017700000000000000000000000000000000062
S315010017800000000000000000000000000000000052
S315010017900000000000000000000000000000000042
S315010017A00000000000000000000000000000000032
S315010017B00000000000000000000000000000000022
S315010017C00000000000000000000000000000000012
S315010017D00000000000000000000000000000000002
S315010017E000000000000000000000000000000000F2
S315010017F000000000000000000000000000000000E2
S3150100180000000000000000000000000000000000D1
S3150100181000000000000000000000000000000000C1
S3150100182000000000000000000000000000000000B1
S3150100183000000000000000000000000000000000A1
S315010018400000000000000000000000000000000091
S315010018500000000000000000000000000000000081
S315010018600000000000000000000000000000000071
S315010018700000000000000000000000000000000061
S315010018800000000000000000000000000000000051
S315010018900000000000000000000000000000000041
S315010018A00000000000000000000000000000000031
S315010018B00000000000000000000000000000000021
S315010018C00000000000000000000000000000000011
S315010018D00000000000000000000000000000000001
S315010018E000000000000000000000000000000000F1
S315010018F000000000000000000000000000000000E1
S3150100190000000000000000000000000000000000D0
S3150100191000000000000000000000000000000000C0
S3150100192000000000000000000000000000000000B0
S3150100193000000000000000000000000000000000A0
S315010019400000000000000000000000000000000090
S315010019500000000000000000000000000000000080
S315010019600000000000000000000000000000000070
S315010019700000000000000000000000000000000060
S315010019800000000000000000000000000000000050
S315010019900000000000000000000000000000000040
S315010019A00000000000000000000000000000000030
S315010019B00000000000000000000000000000000020
S315010019C00000000000000000000000000000000010
S315010019D00000000000000000000000000000000000
S315010019E000000000000000000000000000000000F0
S315010019F000000000000000000000000000000000E0
S31501001A0000000000000000000000000000000000CF
S31501001A1000000000000000000000000000000000BF
S31501001A2000000000000000000000000000000000AF
S31501001A30000000000000000000000000000000009F
S31501001A40000000000000000000000000000000008F
S31501001A50000000000000000000000000000000007F
S31501001A60000000000000000000000000000000006F
S31501001A70000000000000000000000000000000005F
S31501001A80000000000000000000000000000000004F
S31501001A90000000000000000000000000000000003F
S31501001AA0000000000000000000000000000000002F
S31501001AB0000000000000000000000000000000001F
S31501001AC0000000000000000000000000000000000F
S31501001AD000000000000000000000000000000000FF
S31501001AE000000000000000000000000000000000EF
S31501001AF000000000000000000000000000000000DF
S31501001B0000000000000000000000000000000000CE
S31501001B1000000000000000000000000000000000BE
S31501001B2000000000000000000000000000000000AE
S31501001B30000000000000000000000000000000009E
S31501001B40000000000000000000000000000000008E
S31501001B50000000000000000000000000000000007E
S31501001B60000000000000000000000000000000006E
S31501001B70000000000000000000000000000000005E
S31501001B80000000000000000000000000000000004E
S31501001B90000000000000000000000000000000003E
S31501001BA0000000000000000000000000000000002E
S31501001BB0000000000000000000000000000000001E
S31501001BC0000000000000000000000000000000000E
S31501001BD000000000000000000000000000000000FE
S31501001BE000000000000000000000000000000000EE
S31501001BF000000000000000000000000000000000DE
S31501001C0000000000000000000000000000000000CD
S31501001C1000000000000000000000000000000000BD
S31501001C2000000000000000000000000000000000AD
S31501001C30000000000000000000000000000000009D
S31501001C40000000000000000000000000000000008D
S31501001C50000000000000000000000000000000007D
S31501001C60000000000000000000000000000000006D
S31501001C70000000000000000000000000000000005D
S31501001C80000000000000000000000000000000004D
S31501001C90000000000000000000000000000000003D
S31501001CA0000000000000000000000000000000002D
S31501001CB0000000000000000000000000000000001D
S31501001CC0000000000000000000000000000000000D
S31501001CD000000000000000000000000000000000FD
S31501001CE000000000000000000000000000000000ED
S31501001CF000000000000000000000000000000000DD
S31501001D0000000000000000000000000000000000CC
S31501001D1000000000000000000000000000000000BC
S31501001D2000000000000000000000000000000000AC
S31501001D30000000000000000000000000000000009C
S31501001D40000000000000000000000000000000008C
S31501001D50000000000000000000000000000000007C
S31501001D60000000000000000000000000000000006C
S31501001D70000000000000000000000000000000005C
S31501001D80000000000000000000000000000000004C
S31501001D90000000000000000000000000000000003C
S31501001DA0000000000000000000000000000000002C
S31501001DB0000000000000000000000000000000001C
S31501001DC0000000000000000000000000000000000C
S31501001DD000000000000000000000000000000000FC
S31501001DE000000000000000000000000000000000EC
S31501001DF000000000000000000000000000000000DC
S31501001E0000000000000000000000000000000000CB
S31501001E1000000000000000000000000000000000BB
S31501001E2000000000000000000000000000000000AB
S31501001E30000000000000000000000000000000009B
S31501001E40000000000000000000000000000000008B
S31501001E50000000000000000000000000000000007B
S31501001E60000000000000000000000000000000006B
S31501001E70000000000000000000000000000000005B
S31501001E80000000000000000000000000000000004B
S31501001E90000000000000000000000000000000003B
S31501001EA0000000000000000000000000000000002B
S31501001EB0000000000000000000000000000000001B
S31501001EC0000000000000000000000000000000000B
S31501001ED000000000000000000000000000000000FB
S31501001EE000000000000000000000000000000000EB
S31501001EF000000000000000000000000000000000DB
S31501001F0000000000000000000000000000000000CA
S31501001F1000000000000000000000000000000000BA
S31501001F2000000000000000000000000000000000AA
S31501001F30000000000000000000000000000000009A
S31501001F40000000000000000000000000000000008A
S31501001F50000000000000000000000000000000007A
S31501001F60000000000000000000000000000000006A
S31501001F70000000000000000000000000000000005A
S31501001F80000000000000000000000000000000004A
S31501001F90000000000000000000000000000000003A
S31501001FA0000000000000000000000000000000002A
S31501001FB0000000000000000000000000000000001A
S31501001FC0000000000000000000000000000000000A
S31501001FD000000000000000000000000000000000FA
S31501001FE000000000000000000000000000000000EA
S31501001FF000000000000000000000000000000000DA
S3150100200000000000000000000000000000000000C9
S3150100201000000000000000000000000000000000B9
S3150100202000000000000000000000000000000000A9
S315010020300000000000000000000000000000000099
S315010020400000000000000000000000000000000089
S315010020500000000000000000000000000000000079
S315010020600000000000000000000000000000000069
S315010020700000000000000000000000000000000059
S315010020800000000000000000000000000000000049
S315010020900000000000000000000000000000000039
S315010020A00000000000000000000000000000000029
S315010020B00000000000000000000000000000000019
S315010020C00000000000000000000000000000000009
S315010020D000000000000000000000000000000000F9
S315010020E000000000000000000000000000000000E9
S315010020F000000000000000000000000000000000D9
S3150100210000000000000000000000000000000000C8
S3150100211000000000000000000000000000000000B8
S3150100212000000000000000000000000000000000A8
S315010021300000000000000000000000000000000098
S315010021400000000000000000000000000000000088
S315010021500000000000000000000000000000000078
S315010021600000000000000000000000000000000068
S315010021700000000000000000000000000000000058
S315010021800000000000000000000000000000000048
S315010021900000000000000000000000000000000038
S315010021A00000000000000000000000000000000028
S315010021B00000000000000000000000000000000018
S315010021C00000000000000000000000000000000008
S315010021D000000000000000000000000000000000F8
S315010021E000000000000000000000000000000000E8
S315010021F000000000000000000000000000000000D8
S3150100220000000000000000000000000000000000C7
S3150100221000000000000000000000000000000000B7
S3150100222000000000000000000000000000000000A7
S315010022300000000000000000000000000000000097
S315010022400000000000000000000000000000000087
S315010022500000000000000000000000000000000077
S315010022600000000000000000000000000000000067
S315010022700000000000000000000000000000000057
S315010022800000000000000000000000000000000047
S315010022900000000000000000000000000000000037
S315010022A00000000000000000000000000000000027
S315010022B00000000000000000000000000000000017
S315010022C00000000000000000000000000000000007
S315010022D000000000000000000000000000000000F7
S315010022E000000000000000000000000000000000E7
S315010022F000000000000000000000000000000000D7
S3150100230000000000000000000000000000000000C6
S3150100231000000000000000000000000000000000B6
S3150100232000000000000000000000000000000000A6
S315010023300000000000000000000000000000000096
S315010023400000000000000000000000000000000086
S315010023500000000000000000000000000000000076
S315010023600000000000000000000000000000000066
S315010023700000000000000000000000000000000056
S315010023800000000000000000000000000000000046
S315010023900000000000000000000000000000000036
S315010023A00000000000000000000000000000000026
S315010023B00000000000000000000000000000000016
S315010023C00000000000000000000000000000000006
S315010023D000000000000000000000000000000000F6
S315010023E000000000000000000000000000000000E6
S315010023F000000000000000000000000000000000D6
S3150100240000000000000000000000000000000000C5
S3150100241000000000000000000000000000000000B5
S3150100242000000000000000000000000000000000A5
S315010024300000000000000000000000000000000095
S315010024400000000000000000000000000000000085
S315010024500000000000000000000000000000000075
S315010024600000000000000000000000000000000065
S315010024700000000000000000000000000000000055
S315010024800000000000000000000000000000000045
S315010024900000000000000000000000000000000035
S315010024A00000000000000000000000000000000025
S315010024B00000000000000000000000000000000015
S315010024C00000000000000000000000000000000005
S315010024D000000000000000000000000000000000F5
S315010024E000000000000000000000000000000000E5
S315010024F000000000000000000000000000000000D5
S3150100250000000000000000000000000000000000C4
S3150100251000000000000000000000000000000000B4
S3150100252000000000000000000000000000000000A4
S315010025300000000000000000000000000000000094
S315010025400000000000000000000000000000000084
S315010025500000000000000000000000000000000074
S315010025600000000000000000000000000000000064
S315010025700000000000000000000000000000000054
S315010025800000000000000000000000000000000044
S315010025900000000000000000000000000000000034
S315010025A00000000000000000000000000000000024
S315010025B00000000000000000000000000000000014
S315010025C00000000000000000000000000000000004
S315010025D000000000000000000000000000000000F4
S315010025E000000000000000000000000000000000E4
S315010025F000000000000000000000000000000000D4
S3150100260000000000000000000000000000000000C3
S3150100261000000000000000000000000000000000B3
S3150100262000000000000000000000000000000000A3
S315010026300000000000000000000000000000000093
S315010026400000000000000000000000000000000083
S315010026500000000000000000000000000000000073
S315010026600000000000000000000000000000000063
S315010026700000000000000000000000000000000053
S315010026800000000000000000000000000000000043
S315010026900000000000000000000000000000000033
S315010026A00000000000000000000000000000000023
S315010026B00000000000000000000000000000000013
S315010026C00000000000000000000000000000000003
S315010026D000000000000000000000000000000000F3
S315010026E000000000000000000000000000000000E3
S315010026F000000000000000000000000000000000D3
S3150100270000000000000000000000000000000000C2
S3150100271000000000000000000000000000000000B2
S3150100272000000000000000000000000000000000A2
S315010027300000000000000000000000000000000092
S315010027400000000000000000000000000000000082
S315010027500000000000000000000000000000000072
S315010027600000000000000000000000000000000062
S315010027700000000000000000000000000000000052
S315010027800000000000000000000000000000000042
S315010027900000000000000000000000000000000032
S315010027A00000000000000000000000000000000022
S315010027B00000000000000000000000000000000012
S315010027C00000000000000000000000000000000002
S315010027D000000000000000000000000000000000F2
S315010027E000000000000000000000000000000000E2
S315010027F000000000000000000000000000000000D2
S3150100280000000000000000000000000000000000C1
S3150100281000000000000000000000000000000000B1
S3150100282000000000000000000000000000000000A1
S315010028300000000000000000000000000000000091
S315010028400000000000000000000000000000000081
S315010028500000000000000000000000000000000071
S315010028600000000000000000000000000000000061
S315010028700000000000000000000000000000000051
S315010028800000000000000000000000000000000041
S315010028900000000000000000000000000000000031
S315010028A00000000000000000000000000000000021
S315010028B00000000000000000000000000000000011
S315010028C00000000000000000000000000000000001
S315010028D000000000000000000000000000000000F1
S315010028E000000000000000000000000000000000E1
S315010028F000000000000000000000000000000000D1
S3150100290000000000000000000000000000000000C0
S3150100291000000000000000000000000000000000B0
S3150100292000000000000000000000000000000000A0
S315010029300000000000000000000000000000000090
S315010029400000000000000000000000000000000080
S315010029500000000000000000000000000000000070
S315010029600000000000000000000000000000000060
S315010029700000000000000000000000000000000050
S315010029800000000000000000000000000000000040
S315010029900000000000000000000000000000000030
S315010029A00000000000000000000000000000000020
S315010029B00000000000000000000000000000000010
S315010029C00000000000000000000000000000000000
S315010029D000000000000000000000000000000000F0
S315010029E000000000000000000000000000000000E0
S315010029F000000000000000000000000000000000D0
S31501002A0000000000000000000000000000000000BF
S31501002A1000000000000000000000000000000000AF
S31501002A20000000000000000000000000000000009F
S31501002A30000000000000000000000000000000008F
S31501002A40000000000000000000000000000000007F
S31501002A50000000000000000000000000000000006F
S31501002A60000000000000000000000000000000005F
S31501002A70000000000000000000000000000000004F
S31501002A80000000000000000000000000000000003F
S31501002A90000000000000000000000000000000002F
S31501002AA0000000000000000000000000000000001F
S31501002AB0000000000000000000000000000000000F
S31501002AC000000000000000000000000000000000FF
S31501002AD000000000000000000000000000000000EF
S31501002AE000000000000000000000000000000000DF
S31501002AF000000000000000000000000000000000CF
S31501002B0000000000000000000000000000000000BE
S31501002B1000000000000000000000000000000000AE
S31501002B20000000000000000000000000000000009E
S31501002B30000000000000000000000000000000008E
S31501002B40000000000000000000000000000000007E
S31501002B50000000000000000000000000000000006E
S31501002B60000000000000000000000000000000005E
S31501002B70000000000000000000000000000000004E
S31501002B80000000000000000000000000000000003E
S31501002B90000000000000000000000000000000002E
S31501002BA0000000000000000000000000000000001E
S31501002BB0000000000000000000000000000000000E
S31501002BC000000000000000000000000000000000FE
S31501002BD000000000000000000000000000000000EE
S31501002BE000000000000000000000000000000000DE
S31501002BF000000000000000000000000000000000CE
S31501002C0000000000000000000000000000000000BD
S31501002C1000000000000000000000000000000000AD
S31501002C20000000000000000000000000000000009D
S31501002C30000000000000000000000000000000008D
S31501002C40000000000000000000000000000000007D
S31501002C50000000000000000000000000000000006D
S31501002C60000000000000000000000000000000005D
S31501002C70000000000000000000000000000000004D
S31501002C80000000000000000000000000000000003D
S31501002C90000000000000000000000000000000002D
S31501002CA0000000000000000000000000000000001D
S31501002CB0000000000000000000000000000000000D
S31501002CC000000000000000000000000000000000FD
S31501002CD000000000000000000000000000000000ED
S31501002CE000000000000000000000000000000000DD
S31501002CF000000000000000000000000000000000CD
S31501002D0000000000000000000000000000000000BC
S31501002D1000000000000000000000000000000000AC
S31501002D20000000000000000000000000000000009C
S31501002D30000000000000000000000000000000008C
S31501002D40000000000000000000000000000000007C
S31501002D50000000000000000000000000000000006C
S31501002D60000000000000000000000000000000005C
S31501002D70000000000000000000000000000000004C
S31501002D80000000000000000000000000000000003C
S31501002D90000000000000000000000000000000002C
S31501002DA0000000000000000000000000000000001C
S31501002DB0000000000000000000000000000000000C
S31501002DC000000000000000000000000000000000FC
S31501002DD000000000000000000000000000000000EC
S31501002DE000000000000000000000000000000000DC
S31501002DF000000000000000000000000000000000CC
S31501002E0000000000000000000000000000000000BB
S31501002E1000000000000000000000000000000000AB
S31501002E20000000000000000000000000000000009B
S31501002E30000000000000000000000000000000008B
S31501002E40000000000000000000000000000000007B
S31501002E50000000000000000000000000000000006B
S31501002E60000000000000000000000000000000005B
S31501002E70000000000000000000000000000000004B
S31501002E80000000000000000000000000000000003B
S31501002E90000000000000000000000000000000002B
S31501002EA0000000000000000000000000000000001B
S31501002EB0000000000000000000000000000000000B
S31501002EC000000000000000000000000000000000FB
S31501002ED000000000000000000000000000000000EB
S31501002EE000000000000000000000000000000000DB
S31501002EF000000000000000000000000000000000CB
S31501002F0000000000000000000000000000000000BA
S31501002F1000000000000000000000000000000000AA
S31501002F20000000000000000000000000000000009A
S31501002F30000000000000000000000000000000008A
S31501002F40000000000000000000000000000000007A
S31501002F50000000000000000000000000000000006A
S31501002F60000000000000000000000000000000005A
S31501002F70000000000000000000000000000000004A
S31501002F80000000000000000000000000000000003A
S31501002F90000000000000000000000000000000002A
S31501002FA0000000000000000000000000000000001A
S31501002FB0000000000000000000000000000000000A
S31501002FC000000000000000000000000000000000FA
S31501002FD000000000000000000000000000000000EA
S31501002FE000000000000000000000000000000000DA
S31501002FF000000000000000000000000000000000CA
S3150100300000000000000000000000000000000000B9
S3150100301000000000000000000000000000000000A9
S315010030200000000000000000000000000000000099
S315010030300000000000000000000000000000000089
S315010030400000000000000000000000000000000079
S315010030500000000000000000000000000000000069
S315010030600000000000000000000000000000000059
S315010030700000000000000000000000000000000049
S315010030800000000000000000000000000000000039
S315010030900000000000000000000000000000000029
S315010030A00000000000000000000000000000000019
S315010030B00000000000000000000000000000000009
S315010030C000000000000000000000000000000000F9
S315010030D000000000000000000000000000000000E9
S315010030E000000000000000000000000000000000D9
S315010030F000000000000000000000000000000000C9
S3150100310000000000000000000000000000000000B8
S3150100311000000000000000000000000000000000A8
S315010031200000000000000000000000000000000098
S315010031300000000000000000000000000000000088
S315010031400000000000000000000000000000000078
S315010031500000000000000000000000000000000068
S315010031600000000000000000000000000000000058
S315010031700000000000000000000000000000000048
S315010031800000000000000000000000000000000038
S315010031900000000000000000000000000000000028
S315010031A00000000000000000000000000000000018
S315010031B00000000000000000000000000000000008
S315010031C000000000000000000000000000000000F8
S315010031D000000000000000000000000000000000E8
S315010031E000000000000000000000000000000000D8
S315010031F000000000000000000000000000000000C8
S3150100320000000000000000000000000000000000B7
S3150100321000000000000000000000000000000000A7
S315010032200000000000000000000000000000000097
S315010032300000000000000000000000000000000087
S315010032400000000000000000000000000000000077
S315010032500000000000000000000000000000000067
S315010032600000000000000000000000000000000057
S315010032700000000000000000000000000000000047
S315010032800000000000000000000000000000000037
S315010032900000000000000000000000000000000027
S315010032A00000000000000000000000000000000017
S315010032B00000000000000000000000000000000007
S315010032C000000000000000000000000000000000F7
S315010032D000000000000000000000000000000000E7
S315010032E000000000000000000000000000000000D7
S315010032F000000000000000000000000000000000C7
S3150100330000000000000000000000000000000000B6
S3150100331000000000000000000000000000000000A6
S315010033200000000000000000000000000000000096
S315010033300000000000000000000000000000000086
S315010033400000000000000000000000000000000076
S315010033500000000000000000000000000000000066
S315010033600000000000000000000000000000000056
S315010033700000000000000000000000000000000046
S315010033800000000000000000000000000000000036
S315010033900000000000000000000000000000000026
S315010033A00000000000000000000000000000000016
S315010033B00000000000000000000000000000000006
S315010033C000000000000000000000000000000000F6
S315010033D000000000000000000000000000000000E6
S315010033E000000000000000000000000000000000D6
S315010033F000000000000000000000000000000000C6
S3150100340000000000000000000000000000000000B5
S3150100341000000000000000000000000000000000A5
S315010034200000000000000000000000000000000095
S315010034300000000000000000000000000000000085
S315010034400000000000000000000000000000000075
S315010034500000000000000000000000000000000065
S315010034600000000000000000000000000000000055
S315010034700000000000000000000000000000000045
S315010034800000000000000000000000000000000035
S315010034900000000000000000000000000000000025
S315010034A00000000000000000000000000000000015
S315010034B00000000000000000000000000000000005
S315010034C000000000000000000000000000000000F5
S315010034D000000000000000000000000000000000E5
S315010034E000000000000000000000000000000000D5
S315010034F000000000000000000000000000000000C5
S3150100350000000000000000000000000000000000B4
S3150100351000000000000000000000000000000000A4
S315010035200000000000000000000000000000000094
S315010035300000000000000000000000000000000084
S315010035400000000000000000000000000000000074
S315010035500000000000000000000000000000000064
S315010035600000000000000000000000000000000054
S315010035700000000000000000000000000000000044
S315010035800000000000000000000000000000000034
S315010035900000000000000000000000000000000024
S315010035A00000000000000000000000000000000014
S315010035B00000000000000000000000000000000004
S315010035C000000000000000000000000000000000F4
S315010035D000000000000000000000000000000000E4
S315010035E000000000000000000000000000000000D4
S315010035F000000000000000000000000000000000C4
S3150100360000000000000000000000000000000000B3
S3150100361000000000000000000000000000000000A3
S315010036200000000000000000000000000000000093
S315010036300000000000000000000000000000000083
S315010036400000000000000000000000000000000073
S315010036500000000000000000000000000000000063
S315010036600000000000000000000000000000000053
S315010036700000000000000000000000000000000043
S315010036800000000000000000000000000000000033
S315010036900000000000000000000000000000000023
S315010036A00000000000000000000000000000000013
S315010036B00000000000000000000000000000000003
S315010036C000000000000000000000000000000000F3
S315010036D000000000000000000000000000000000E3
S315010036E000000000000000000000000000000000D3
S315010036F000000000000000000000000000000000C3
S3150100370000000000000000000000000000000000B2
S3150100371000000000000000000000000000000000A2
S315010037200000000000000000000000000000000092
S315010037300000000000000000000000000000000082
S315010037400000000000000000000000000000000072
S315010037500000000000000000000000000000000062
S315010037600000000000000000000000000000000052
S315010037700000000000000000000000000000000042
S315010037800000000000000000000000000000000032
S315010037900000000000000000000000000000000022
S315010037A00000000000000000000000000000000012
S315010037B00000000000000000000000000000000002
S315010037C000000000000000000000000000000000F2
S315010037D000000000000000000000000000000000E2
S315010037E000000000000000000000000000000000D2
S315010037F000000000000000000000000000000000C2
S3150100380000000000000000000000000000000000B1
S3150100381000000000000000000000000000000000A1
S315010038200000000000000000000000000000000091
S315010038300000000000000000000000000000000081
S315010038400000000000000000000000000000000071
S315010038500000000000000000000000000000000061
S315010038600000000000000000000000000000000051
S315010038700000000000000000000000000000000041
S315010038800000000000000000000000000000000031
S315010038900000000000000000000000000000000021
S315010038A00000000000000000000000000000000011
S315010038B00000000000000000000000000000000001
S315010038C000000000000000000000000000000000F1
S315010038D000000000000000000000000000000000E1
S315010038E000000000000000000000000000000000D1
S315010038F000000000000000000000000000000000C1
S3150100390000000000000000000000000000000000B0
S3150100391000000000000000000000000000000000A0
S315010039200000000000000000000000000000000090
S315010039300000000000000000000000000000000080
S315010039400000000000000000000000000000000070
S315010039500000000000000000000000000000000060
S315010039600000000000000000000000000000000050
S315010039700000000000000000000000000000000040
S315010039800000000000000000000000000000000030
S315010039900000000000000000000000000000000020
S315010039A00000000000000000000000000000000010
S315010039B00000000000000000000000000000000000
S315010039C000000000000000000000000000000000F0
S315010039D000000000000000000000000000000000E0
S315010039E000000000000000000000000000000000D0
S315010039F000000000000000000000000000000000C0
S31501003A0000000000000000000000000000000000AF
S31501003A10000000000000000000000000000000009F
S31501003A20000000000000000000000000000000008F
S31501003A30000000000000000000000000000000007F
S31501003A40000000000000000000000000000000006F
S31501003A50000000000000000000000000000000005F
S31501003A60000000000000000000000000000000004F
S31501003A70000000000000000000000000000000003F
S31501003A80000000000000000000000000000000002F
S31501003A90000000000000000000000000000000001F
S31501003AA0000000000000000000000000000000000F
S31501003AB000000000000000000000000000000000FF
S31501003AC000000000000000000000000000000000EF
S31501003AD000000000000000000000000000000000DF
S31501003AE000000000000000000000000000000000CF
S31501003AF000000000000000000000000000000000BF
S31501003B0000000000000000000000000000000000AE
S31501003B10000000000000000000000000000000009E
S31501003B20000000000000000000000000000000008E
S31501003B30000000000000000000000000000000007E
S31501003B40000000000000000000000000000000006E
S31501003B50000000000000000000000000000000005E
S31501003B60000000000000000000000000000000004E
S31501003B70000000000000000000000000000000003E
S31501003B80000000000000000000000000000000002E
S31501003B90000000000000000000000000000000001E
S31501003BA0000000000000000000000000000000000E
S31501003BB000000000000000000000000000000000FE
S31501003BC000000000000000000000000000000000EE
S31501003BD000000000000000000000000000000000DE
S31501003BE000000000000000000000000000000000CE
S31501003BF000000000000000000000000000000000BE
S31501003C0000000000000000000000000000000000AD
S31501003C10000000000000000000000000000000009D
S31501003C20000000000000000000000000000000008D
S31501003C30000000000000000000000000000000007D
S31501003C40000000000000000000000000000000006D
S31501003C50000000000000000000000000000000005D
S31501003C60000000000000000000000000000000004D
S31501003C70000000000000000000000000000000003D
S31501003C80000000000000000000000000000000002D
S31501003C90000000000000000000000000000000001D
S31501003CA0000000000000000000000000000000000D
S31501003CB000000000000000000000000000000000FD
S31501003CC000000000000000000000000000000000ED
S31501003CD000000000000000000000000000000000DD
S31501003CE000000000000000000000000000000000CD
S31501003CF000000000000000000000000000000000BD
S31501003D0000000000000000000000000000000000AC
S31501003D10000000000000000000000000000000009C
S31501003D20000000000000000000000000000000008C
S31501003D30000000000000000000000000000000007C
S31501003D40000000000000000000000000000000006C
S31501003D50000000000000000000000000000000005C
S31501003D60000000000000000000000000000000004C
S31501003D70000000000000000000000000000000003C
S31501003D80000000000000000000000000000000002C
S31501003D90000000000000000000000000000000001C
S31501003DA0000000000000000000000000000000000C
S31501003DB000000000000000000000000000000000FC
S31501003DC000000000000000000000000000000000EC
S31501003DD000000000000000000000000000000000DC
S31501003DE000000000000000000000000000000000CC
S31501003DF000000000000000000000000000000000BC
S31501003E0000000000000000000000000000000000AB
S31501003E10000000000000000000000000000000009B
S31501003E20000000000000000000000000000000008B
S31501003E30000000000000000000000000000000007B
S31501003E40000000000000000000000000000000006B
S31501003E50000000000000000000000000000000005B
S31501003E60000000000000000000000000000000004B
S31501003E70000000000000000000000000000000003B
S31501003E80000000000000000000000000000000002B
S31501003E90000000000000000000000000000000001B
S31501003EA0000000000000000000000000000000000B
S31501003EB000000000000000000000000000000000FB
S31501003EC000000000000000000000000000000000EB
S31501003ED000000000000000000000000000000000DB
S31501003EE000000000000000000000000000000000CB
S31501003EF000000000000000000000000000000000BB
S31501003F0000000000000000000000000000000000AA
S31501003F10000000000000000000000000000000009A
S31501003F20000000000000000000000000000000008A
S31501003F30000000000000000000000000000000007A
S31501003F40000000000000000000000000000000006A
S31501003F50000000000000000000000000000000005A
S31501003F60000000000000000000000000000000004A
S31501003F70000000000000000000000000000000003A
S31501003F80000000000000000000000000000000002A
S31501003F90000000000000000000000000000000001A
S31501003FA0000000000000000000000000000000000A
S31501003FB000000000000000000000000000000000FA
S31501003FC000000000000000000000000000000000EA
S31501003FD000000000000000000000000000000000DA
S31501003FE000000000000000000000000000000000CA
S31501003FF000000000000000000000000000000000BA
S3150100400000000000000000000000000000000000A9
S315010040100000000000000000000000000000000099
S315010040200000000000000000000000000000000089
S315010040300000000000000000000000000000000079
S315010040400000000000000000000000000000000069
S315010040500000000000000000000000000000000059
S315010040600000000000000000000000000000000049
S315010040700000000000000000000000000000000039
S315010040800000000000000000000000000000000029
S315010040900000000000000000000000000000000019
S315010040A00000000000000000000000000000000009
S315010040B000000000000000000000000000000000F9
S315010040C000000000000000000000000000000000E9
S315010040D000000000000000000000000000000000D9
S315010040E000000000000000000000000000000000C9
S315010040F000000000000000000000000000000000B9
S3150100410000000000000000000000000000000000A8
S315010041100000000000000000000000000000000098
S315010041200000000000000000000000000000000088
S315010041300000000000000000000000000000000078
S315010041400000000000000000000000000000000068
S315010041500000000000000000000000000000000058
S315010041600000000000000000000000000000000048
S315010041700000000000000000000000000000000038
S315010041800000000000000000000000000000000028
S315010041900000000000000000000000000000000018
S315010041A00000000000000000000000000000000008
S315010041B000000000000000000000000000000000F8
S315010041C000000000000000000000000000000000E8
S315010041D000000000000000000000000000000000D8
S315010041E000000000000000000000000000000000C8
S315010041F000000000000000000000000000000000B8
S3150100420000000000000000000000000000000000A7
S315010042100000000000000000000000000000000097
S315010042200000000000000000000000000000000087
S315010042300000000000000000000000000000000077
S315010042400000000000000000000000000000000067
S315010042500000000000000000000000000000000057
S315010042600000000000000000000000000000000047
S315010042700000000000000000000000000000000037
S315010042800000000000000000000000000000000027
S315010042900000000000000000000000000000000017
S315010042A00000000000000000000000000000000007
S315010042B000000000000000000000000000000000F7
S315010042C000000000000000000000000000000000E7
S315010042D000000000000000000000000000000000D7
S315010042E000000000000000000000000000000000C7
S315010042F000000000000000000000000000000000B7
S3150100430000000000000000000000000000000000A6
S315010043100000000000000000000000000000000096
S315010043200000000000000000000000000000000086
S315010043300000000000000000000000000000000076
S315010043400000000000000000000000000000000066
S315010043500000000000000000000000000000000056
S315010043600000000000000000000000000000000046
S315010043700000000000000000000000000000000036
S315010043800000000000000000000000000000000026
S315010043900000000000000000000000000000000016
S315010043A00000000000000000000000000000000006
S315010043B000000000000000000000000000000000F6
S315010043C000000000000000000000000000000000E6
S315010043D000000000000000000000000000000000D6
S315010043E000000000000000000000000000000000C6
S315010043F000000000000000000000000000000000B6
S3150100440000000000000000000000000000000000A5
S315010044100000000000000000000000000000000095
S315010044200000000000000000000000000000000085
S315010044300000000000000000000000000000000075
S315010044400000000000000000000000000000000065
S315010044500000000000000000000000000000000055
S315010044600000000000000000000000000000000045
S315010044700000000000000000000000000000000035
S315010044800000000000000000000000000000000025
S315010044900000000000000000000000000000000015
S315010044A00000000000000000000000000000000005
S315010044B000000000000000000000000000000000F5
S315010044C000000000000000000000000000000000E5
S315010044D000000000000000000000000000000000D5
S315010044E000000000000000000000000000000000C5
S315010044F000000000000000000000000000000000B5
S3150100450000000000000000000000000000000000A4
S315010045100000000000000000000000000000000094
S315010045200000000000000000000000000000000084
S315010045300000000000000000000000000000000074
S315010045400000000000000000000000000000000064
S315010045500000000000000000000000000000000054
S315010045600000000000000000000000000000000044
S315010045700000000000000000000000000000000034
S315010045800000000000000000000000000000000024
S315010045900000000000000000000000000000000014
S315010045A00000000000000000000000000000000004
S315010045B000000000000000000000000000000000F4
S315010045C000000000000000000000000000000000E4
S315010045D000000000000000000000000000000000D4
S315010045E000000000000000000000000000000000C4
S315010045F000000000000000000000000000000000B4
S3150100460000000000000000000000000000000000A3
S315010046100000000000000000000000000000000093
S315010046200000000000000000000000000000000083
S315010046300000000000000000000000000000000073
S315010046400000000000000000000000000000000063
S315010046500000000000000000000000000000000053
S315010046600000000000000000000000000000000043
S315010046700000000000000000000000000000000033
S315010046800000000000000000000000000000000023
S315010046900000000000000000000000000000000013
S315010046A00000000000000000000000000000000003
S315010046B000000000000000000000000000000000F3
S315010046C000000000000000000000000000000000E3
S315010046D000000000000000000000000000000000D3
S315010046E000000000000000000000000000000000C3
S315010046F000000000000000000000000000000000B3
S3150100470000000000000000000000000000000000A2
S315010047100000000000000000000000000000000092
S315010047200000000000000000000000000000000082
S315010047300000000000000000000000000000000072
S315010047400000000000000000000000000000000062
S315010047500000000000000000000000000000000052
S315010047600000000000000000000000000000000042
S315010047700000000000000000000000000000000032
S315010047800000000000000000000000000000000022
S315010047900000000000000000000000000000000012
S315010047A00000000000000000000000000000000002
S315010047B000000000000000000000000000000000F2
S315010047C000000000000000000000000000000000E2
S315010047D000000000000000000000000000000000D2
S315010047E000000000000000000000000000000000C2
S315010047F000000000000000000000000000000000B2
S3150100480000000000000000000000000000000000A1
S315010048100000000000000000000000000000000091
S315010048200000000000000000000000000000000081
S315010048300000000000000000000000000000000071
S315010048400000000000000000000000000000000061
S315010048500000000000000000000000000000000051
S315010048600000000000000000000000000000000041
S315010048700000000000000000000000000000000031
S315010048800000000000000000000000000000000021
S315010048900000000000000000000000000000000011
S315010048A00000000000000000000000000000000001
S315010048B000000000000000000000000000000000F1
S315010048C000000000000000000000000000000000E1
S315010048D000000000000000000000000000000000D1
S315010048E000000000000000000000000000000000C1
S315010048F000000000000000000000000000000000B1
S3150100490000000000000000000000000000000000A0
S315010049100000000000000000000000000000000090
S315010049200000000000000000000000000000000080
S315010049300000000000000000000000000000000070
S315010049400000000000000000000000000000000060
S315010049500000000000000000000000000000000050
S315010049600000000000000000000000000000000040
S315010049700000000000000000000000000000000030
S315010049800000000000000000000000000000000020
S315010049900000000000000000000000000000000010
S315010049A00000000000000000000000000000000000
S315010049B000000000000000000000000000000000F0
S315010049C000000000000000000000000000000000E0
S315010049D000000000000000000000000000000000D0
S315010049E000000000000000000000000000000000C0
S315010049F000000000000000000000000000000000B0
S31501004A00000000000000000000000000000000009F
S31501004A10000000000000000000000000000000008F
S31501004A20000000000000000000000000000000007F
S31501004A30000000000000000000000000000000006F
S31501004A40000000000000000000000000000000005F
S31501004A50000000000000000000000000000000004F
S31501004A60000000000000000000000000000000003F
S31501004A70000000000000000000000000000000002F
S31501004A80000000000000000000000000000000001F
S31501004A90000000000000000000000000000000000F
S31501004AA000000000000000000000000000000000FF
S31501004AB000000000000000000000000000000000EF
S31501004AC000000000000000000000000000000000DF
S31501004AD000000000000000000000000000000000CF
S31501004AE000000000000000000000000000000000BF
S31501004AF000000000000000000000000000000000AF
S31501004B00000000000000000000000000000000009E
S31501004B10000000000000000000000000000000008E
S31501004B20000000000000000000000000000000007E
S31501004B30000000000000000000000000000000006E
S31501004B40000000000000000000000000000000005E
S31501004B50000000000000000000000000000000004E
S31501004B60000000000000000000000000000000003E
S31501004B70000000000000000000000000000000002E
S31501004B80000000000000000000000000000000001E
S31501004B90000000000000000000000000000000000E
S31501004BA000000000000000000000000000000000FE
S31501004BB000000000000000000000000000000000EE
S31501004BC000000000000000000000000000000000DE
S31501004BD000000000000000000000000000000000CE
S31501004BE000000000000000000000000000000000BE
S31501004BF000000000000000000000000000000000AE
S31501004C00000000000000000000000000000000009D
S31501004C10000000000000000000000000000000008D
S31501004C20000000000000000000000000000000007D
S31501004C30000000000000000000000000000000006D
S31501004C40000000000000000000000000000000005D
S31501004C50000000000000000000000000000000004D
S31501004C60000000000000000000000000000000003D
S31501004C70000000000000000000000000000000002D
S31501004C80000000000000000000000000000000001D
S31501004C90000000000000000000000000000000000D
S31501004CA000000000000000000000000000000000FD
S31501004CB000000000000000000000000000000000ED
S31501004CC000000000000000000000000000000000DD
S31501004CD000000000000000000000000000000000CD
S31501004CE000000000000000000000000000000000BD
S31501004CF000000000000000000000000000000000AD
S31501004D00000000000000000000000000000000009C
S31501004D10000000000000000000000000000000008C
S31501004D20000000000000000000000000000000007C
S31501004D30000000000000000000000000000000006C
S31501004D40000000000000000000000000000000005C
S31501004D50000000000000000000000000000000004C
S31501004D60000000000000000000000000000000003C
S31501004D70000000000000000000000000000000002C
S31501004D80000000000000000000000000000000001C
S31501004D90000000000000000000000000000000000C
S31501004DA000000000000000000000000000000000FC
S31501004DB000000000000000000000000000000000EC
S31501004DC000000000000000000000000000000000DC
S31501004DD000000000000000000000000000000000CC
S31501004DE000000000000000000000000000000000BC
S31501004DF000000000000000000000000000000000AC
S31501004E00000000000000000000000000000000009B
S31501004E10000000000000000000000000000000008B
S31501004E20000000000000000000000000000000007B
S31501004E30000000000000000000000000000000006B
S31501004E40000000000000000000000000000000005B
S31501004E50000000000000000000000000000000004B
S31501004E60000000000000000000000000000000003B
S31501004E70000000000000000000000000000000002B
S31501004E80000000000000000000000000000000001B
S31501004E90000000000000000000000000000000000B
S31501004EA000000000000000000000000000000000FB
S31501004EB000000000000000000000000000000000EB
S31501004EC000000000000000000000000000000000DB
S31501004ED000000000000000000000000000000000CB
S31501004EE000000000000000000000000000000000BB
S31501004EF000000000000000000000000000000000AB
S31501004F00000000000000000000000000000000009A
S31501004F10000000000000000000000000000000008A
S31501004F20000000000000000000000000000000007A
S31501004F30000000000000000000000000000000006A
S31501004F40000000000000000000000000000000005A
S31501004F50000000000000000000000000000000004A
S31501004F60000000000000000000000000000000003A
S31501004F70000000000000000000000000000000002A
S31501004F80000000000000000000000000000000001A
S31501004F90000000000000000000000000000000000A
S31501004FA000000000000000000000000000000000FA
S31501004FB000000000000000000000000000000000EA
S31501004FC000000000000000000000000000000000DA
S31501004FD000000000000000000000000000000000CA
S31501004FE000000000000000000000000000000000BA
S31501004FF000000000000000000000000000000000AA
S315010050000000000000000000000000000000000099
S315010050100000000000000000000000000000000089
S315010050200000000000000000000000000000000079
S315010050300000000000000000000000000000000069
S315010050400000000000000000000000000000000059
S315010050500000000000000000000000000000000049
S315010050600000000000000000000000000000000039
S315010050700000000000000000000000000000000029
S315010050800000000000000000000000000000000019
S315010050900000000000000000000000000000000009
S315010050A000000000000000000000000000000000F9
S315010050B000000000000000000000000000000000E9
S315010050C000000000000000000000000000000000D9
S315010050D000000000000000000000000000000000C9
S315010050E000000000000000000000000000000000B9
S315010050F000000000000000000000000000000000A9
S315010051000000000000000000000000000000000098
S315010051100000000000000000000000000000000088
S315010051200000000000000000000000000000000078
S315010051300000000000000000000000000000000068
S315010051400000000000000000000000000000000058
S315010051500000000000000000000000000000000048
S315010051600000000000000000000000000000000038
S315010051700000000000000000000000000000000028
S315010051800000000000000000000000000000000018
S315010051900000000000000000000000000000000008
S315010051A000000000000000000000000000000000F8
S315010051B000000000000000000000000000000000E8
S315010051C000000000000000000000000000000000D8
S315010051D000000000000000000000000000000000C8
S315010051E000000000000000000000000000000000B8
S315010051F000000000000000000000000000000000A8
S315010052000000000000000000000000000000000097
S315010052100000000000000000000000000000000087
S315010052200000000000000000000000000000000077
S315010052300000000000000000000000000000000067
S315010052400000000000000000000000000000000057
S315010052500000000000000000000000000000000047
S315010052600000000000000000000000000000000037
S315010052700000000000000000000000000000000027
S315010052800000000000000000000000000000000017
S315010052900000000000000000000000000000000007
S315010052A000000000000000000000000000000000F7
S315010052B000000000000000000000000000000000E7
S315010052C000000000000000000000000000000000D7
S315010052D000000000000000000000000000000000C7
S315010052E000000000000000000000000000000000B7
S315010052F000000000000000000000000000000000A7
S315010053000000000000000000000000000000000096
S315010053100000000000000000000000000000000086
S315010053200000000000000000000000000000000076
S315010053300000000000000000000000000000000066
S315010053400000000000000000000000000000000056
S315010053500000000000000000000000000000000046
S315010053600000000000000000000000000000000036
S315010053700000000000000000000000000000000026
S315010053800000000000000000000000000000000016
S315010053900000000000000000000000000000000006
S315010053A000000000000000000000000000000000F6
S315010053B000000000000000000000000000000000E6
S315010053C000000000000000000000000000000000D6
S315010053D000000000000000000000000000000000C6
S315010053E000000000000000000000000000000000B6
S315010053F000000000000000000000000000000000A6
S315010054000000000000000000000000000000000095
S315010054100000000000000000000000000000000085
S315010054200000000000000000000000000000000075
S315010054300000000000000000000000000000000065
S315010054400000000000000000000000000000000055
S315010054500000000000000000000000000000000045
S315010054600000000000000000000000000000000035
S315010054700000000000000000000000000000000025
S315010054800000000000000000000000000000000015
S315010054900000000000000000000000000000000005
S315010054A000000000000000000000000000000000F5
S315010054B000000000000000000000000000000000E5
S315010054C000000000000000000000000000000000D5
S315010054D000000000000000000000000000000000C5
S315010054E000000000000000000000000000000000B5
S315010054F000000000000000000000000000000000A5
S315010055000000000000000000000000000000000094
S315010055100000000000000000000000000000000084
S315010055200000000000000000000000000000000074
S315010055300000000000000000000000000000000064
S315010055400000000000000000000000000000000054
S315010055500000000000000000000000000000000044
S315010055600000000000000000000000000000000034
S315010055700000000000000000000000000000000024
S315010055800000000000000000000000000000000014
S315010055900000000000000000000000000000000004
S315010055A000000000000000000000000000000000F4
S315010055B000000000000000000000000000000000E4
S315010055C000000000000000000000000000000000D4
S315010055D000000000000000000000000000000000C4
S315010055E000000000000000000000000000000000B4
S315010055F000000000000000000000000000000000A4
S315010056000000000000000000000000000000000093
S315010056100000000000000000000000000000000083
S315010056200000000000000000000000000000000073
S315010056300000000000000000000000000000000063
S315010056400000000000000000000000000000000053
S315010056500000000000000000000000000000000043
S315010056600000000000000000000000000000000033
S315010056700000000000000000000000000000000023
S315010056800000000000000000000000000000000013
S315010056900000000000000000000000000000000003
S315010056A000000000000000000000000000000000F3
S315010056B000000000000000000000000000000000E3
S315010056C000000000000000000000000000000000D3
S315010056D000000000000000000000000000000000C3
S315010056E000000000000000000000000000000000B3
S315010056F000000000000000000000000000000000A3
S315010057000000000000000000000000000000000092
S315010057100000000000000000000000000000000082
S315010057200000000000000000000000000000000072
S315010057300000000000000000000000000000000062
S315010057400000000000000000000000000000000052
S315010057500000000000000000000000000000000042
S315010057600000000000000000000000000000000032
S315010057700000000000000000000000000000000022
S315010057800000000000000000000000000000000012
S315010057900000000000000000000000000000000002
S315010057A000000000000000000000000000000000F2
S315010057B000000000000000000000000000000000E2
S315010057C000000000000000000000000000000000D2
S315010057D000000000000000000000000000000000C2
S315010057E000000000000000000000000000000000B2
S315010057F000000000000000000000000000000000A2
S315010058000000000000000000000000000000000091
S315010058100000000000000000000000000000000081
S315010058200000000000000000000000000000000071
S315010058300000000000000000000000000000000061
S315010058400000000000000000000000000000000051
S315010058500000000000000000000000000000000041
S315010058600000000000000000000000000000000031
S315010058700000000000000000000000000000000021
S315010058800000000000000000000000000000000011
S315010058900000000000000000000000000000000001
S315010058A000000000000000000000000000000000F1
S315010058B000000000000000000000000000000000E1
S315010058C000000000000000000000000000000000D1
S315010058D000000000000000000000000000000000C1
S315010058E000000000000000000000000000000000B1
S315010058F000000000000000000000000000000000A1
S315010059000000000000000000000000000000000090
S315010059100000000000000000000000000000000080
S315010059200000000000000000000000000000000070
S315010059300000000000000000000000000000000060
S315010059400000000000000000000000000000000050
S315010059500000000000000000000000000000000040
S315010059600000000000000000000000000000000030
S315010059700000000000000000000000000000000020
S315010059800000000000000000000000000000000010
S315010059900000000000000000000000000000000000
S315010059A000000000000000000000000000000000F0
S315010059B000000000000000000000000000000000E0
S315010059C000000000000000000000000000000000D0
S315010059D000000000000000000000000000000000C0
S315010059E000000000000000000000000000000000B0
S315010059F000000000000000000000000000000000A0
S31501005A00000000000000000000000000000000008F
S31501005A10000000000000000000000000000000007F
S31501005A20000000000000000000000000000000006F
S31501005A30000000000000000000000000000000005F
S31501005A40000000000000000000000000000000004F
S31501005A50000000000000000000000000000000003F
S31501005A60000000000000000000000000000000002F
S31501005A70000000000000000000000000000000001F
S31501005A80000000000000000000000000000000000F
S31501005A9000000000000000000000000000000000FF
S31501005AA000000000000000000000000000000000EF
S31501005AB000000000000000000000000000000000DF
S31501005AC000000000000000000000000000000000CF
S31501005AD000000000000000000000000000000000BF
S31501005AE000000000000000000000000000000000AF
S31501005AF0000000000000000000000000000000009F
S31501005B00000000000000000000000000000000008E
S31501005B10000000000000000000000000000000007E
S31501005B20000000000000000000000000000000006E
S31501005B30000000000000000000000000000000005E
S31501005B40000000000000000000000000000000004E
S31501005B50000000000000000000000000000000003E
S31501005B60000000000000000000000000000000002E
S31501005B70000000000000000000000000000000001E
S31501005B80000000000000000000000000000000000E
S31501005B9000000000000000000000000000000000FE
S31501005BA000000000000000000000000000000000EE
S31501005BB000000000000000000000000000000000DE
S31501005BC000000000000000000000000000000000CE
S31501005BD000000000000000000000000000000000BE
S31501005BE000000000000000000000000000000000AE
S31501005BF0000000000000000000000000000000009E
S31501005C00000000000000000000000000000000008D
S31501005C10000000000000000000000000000000007D
S31501005C20000000000000000000000000000000006D
S31501005C30000000000000000000000000000000005D
S31501005C40000000000000000000000000000000004D
S31501005C50000000000000000000000000000000003D
S31501005C60000000000000000000000000000000002D
S31501005C70000000000000000000000000000000001D
S31501005C80000000000000000000000000000000000D
S31501005C9000000000000000000000000000000000FD
S31501005CA000000000000000000000000000000000ED
S31501005CB000000000000000000000000000000000DD
S31501005CC000000000000000000000000000000000CD
S31501005CD000000000000000000000000000000000BD
S31501005CE000000000000000000000000000000000AD
S31501005CF0000000000000000000000000000000009D
S31501005D00000000000000000000000000000000008C
S31501005D10000000000000000000000000000000007C
S31501005D20000000000000000000000000000000006C
S31501005D30000000000000000000000000000000005C
S31501005D40000000000000000000000000000000004C
S31501005D50000000000000000000000000000000003C
S31501005D60000000000000000000000000000000002C
S31501005D70000000000000000000000000000000001C
S31501005D80000000000000000000000000000000000C
S31501005D9000000000000000000000000000000000FC
S31501005DA000000000000000000000000000000000EC
S31501005DB000000000000000000000000000000000DC
S31501005DC000000000000000000000000000000000CC
S31501005DD000000000000000000000000000000000BC
S31501005DE000000000000000000000000000000000AC
S31501005DF0000000000000000000000000000000009C
S31501005E00000000000000000000000000000000008B
S31501005E10000000000000000000000000000000007B
S31501005E20000000000000000000000000000000006B
S31501005E30000000000000000000000000000000005B
S31501005E40000000000000000000000000000000004B
S31501005E50000000000000000000000000000000003B
S31501005E60000000000000000000000000000000002B
S31501005E70000000000000000000000000000000001B
S31501005E80000000000000000000000000000000000B
S31501005E9000000000000000000000000000000000FB
S31501005EA000000000000000000000000000000000EB
S31501005EB000000000000000000000000000000000DB
S31501005EC000000000000000000000000000000000CB
S31501005ED000000000000000000000000000000000BB
S31501005EE000000000000000000000000000000000AB
S31501005EF0000000000000000000000000000000009B
S31501005F00000000000000000000000000000000008A
S31501005F10000000000000000000000000000000007A
S31501005F20000000000000000000000000000000006A
S31501005F30000000000000000000000000000000005A
S31501005F40000000000000000000000000000000004A
S31501005F50000000000000000000000000000000003A
S31501005F60000000000000000000000000000000002A
S31501005F70000000000000000000000000000000001A
S31501005F80000000000000000000000000000000000A
S31501005F9000000000000000000000000000000000FA
S31501005FA000000000000000000000000000000000EA
S31501005FB000000000000000000000000000000000DA
S31501005FC000000000000000000000000000000000CA
S31501005FD000000000000000000000000000000000BA
S31501005FE000000000000000000000000000000000AA
S31501005FF0000000000000000000000000000000009A
S315010060000000000000000000000000000000000089
S315010060100000000000000000000000000000000079
S315010060200000000000000000000000000000000069
S315010060300000000000000000000000000000000059
S315010060400000000000000000000000000000000049
S315010060500000000000000000000000000000000039
S315010060600000000000000000000000000000000029
S315010060700000000000000000000000000000000019
S315010060800000000000000000000000000000000009
S3150100609000000000000000000000000000000000F9
S315010060A000000000000000000000000000000000E9
S315010060B000000000000000000000000000000000D9
S315010060C000000000000000000000000000000000C9
S315010060D000000000000000000000000000000000B9
S315010060E000000000000000000000000000000000A9
S315010060F00000000000000000000000000000000099
S315010061000000000000000000000000000000000088
S315010061100000000000000000000000000000000078
S315010061200000000000000000000000000000000068
S315010061300000000000000000000000000000000058
S315010061400000000000000000000000000000000048
S315010061500000000000000000000000000000000038
S315010061600000000000000000000000000000000028
S315010061700000000000000000000000000000000018
S315010061800000000000000000000000000000000008
S3150100619000000000000000000000000000000000F8
S315010061A000000000000000000000000000000000E8
S315010061B000000000000000000000000000000000D8
S315010061C000000000000000000000000000000000C8
S315010061D000000000000000000000000000000000B8
S315010061E000000000000000000000000000000000A8
S315010061F00000000000000000000000000000000098
S315010062000000000000000000000000000000000087
S315010062100000000000000000000000000000000077
S315010062200000000000000000000000000000000067
S315010062300000000000000000000000000000000057
S315010062400000000000000000000000000000000047
S315010062500000000000000000000000000000000037
S315010062600000000000000000000000000000000027
S315010062700000000000000000000000000000000017
S315010062800000000000000000000000000000000007
S3150100629000000000000000000000000000000000F7
S315010062A000000000000000000000000000000000E7
S315010062B000000000000000000000000000000000D7
S315010062C000000000000000000000000000000000C7
S315010062D000000000000000000000000000000000B7
S315010062E000000000000000000000000000000000A7
S315010062F00000000000000000000000000000000097
S315010063000000000000000000000000000000000086
S315010063100000000000000000000000000000000076
S315010063200000000000000000000000000000000066
S315010063300000000000000000000000000000000056
S315010063400000000000000000000000000000000046
S315010063500000000000000000000000000000000036
S315010063600000000000000000000000000000000026
S315010063700000000000000000000000000000000016
S315010063800000000000000000000000000000000006
S3150100639000000000000000000000000000000000F6
S315010063A000000000000000000000000000000000E6
S315010063B000000000000000000000000000000000D6
S315010063C000000000000000000000000000000000C6
S315010063D000000000000000000000000000000000B6
S315010063E000000000000000000000000000000000A6
S315010063F00000000000000000000000000000000096
S315010064000000000000000000000000000000000085
S315010064100000000000000000000000000000000075
S315010064200000000000000000000000000000000065
S315010064300000000000000000000000000000000055
S315010064400000000000000000000000000000000045
S315010064500000000000000000000000000000000035
S315010064600000000000000000000000000000000025
S315010064700000000000000000000000000000000015
S315010064800000000000000000000000000000000005
S3150100649000000000000000000000000000000000F5
S315010064A000000000000000000000000000000000E5
S315010064B000000000000000000000000000000000D5
S315010064C000000000000000000000000000000000C5
S315010064D000000000000000000000000000000000B5
S315010064E000000000000000000000000000000000A5
S315010064F00000000000000000000000000000000095
S315010065000000000000000000000000000000000084
S315010065100000000000000000000000000000000074
S315010065200000000000000000000000000000000064
S315010065300000000000000000000000000000000054
S315010065400000000000000000000000000000000044
S315010065500000000000000000000000000000000034
S315010065600000000000000000000000000000000024
S315010065700000000000000000000000000000000014
S315010065800000000000000000000000000000000004
S3150100659000000000000000000000000000000000F4
S315010065A000000000000000000000000000000000E4
S315010065B000000000000000000000000000000000D4
S315010065C000000000000000000000000000000000C4
S315010065D000000000000000000000000000000000B4
S315010065E000000000000000000000000000000000A4
S315010065F00000000000000000000000000000000094
S315010066000000000000000000000000000000000083
S315010066100000000000000000000000000000000073
S315010066200000000000000000000000000000000063
S315010066300000000000000000000000000000000053
S315010066400000000000000000000000000000000043
S315010066500000000000000000000000000000000033
S315010066600000000000000000000000000000000023
S315010066700000000000000000000000000000000013
S315010066800000000000000000000000000000000003
S3150100669000000000000000000000000000000000F3
S315010066A000000000000000000000000000000000E3
S315010066B000000000000000000000000000000000D3
S315010066C000000000000000000000000000000000C3
S315010066D000000000000000000000000000000000B3
S315010066E000000000000000000000000000000000A3
S315010066F00000000000000000000000000000000093
S315010067000000000000000000000000000000000082
S315010067100000000000000000000000000000000072
S315010067200000000000000000000000000000000062
S315010067300000000000000000000000000000000052
S315010067400000000000000000000000000000000042
S315010067500000000000000000000000000000000032
S315010067600000000000000000000000000000000022
S315010067700000000000000000000000000000000012
S315010067800000000000000000000000000000000002
S3150100679000000000000000000000000000000000F2
S315010067A000000000000000000000000000000000E2
S315010067B000000000000000000000000000000000D2
S315010067C000000000000000000000000000000000C2
S315010067D000000000000000000000000000000000B2
S315010067E000000000000000000000000000000000A2
S315010067F00000000000000000000000000000000092
S315010068000000000000000000000000000000000081
S315010068100000000000000000000000000000000071
S315010068200000000000000000000000000000000061
S315010068300000000000000000000000000000000051
S315010068400000000000000000000000000000000041
S315010068500000000000000000000000000000000031
S315010068600000000000000000000000000000000021
S315010068700000000000000000000000000000000011
S315010068800000000000000000000000000000000001
S3150100689000000000000000000000000000000000F1
S315010068A000000000000000000000000000000000E1
S315010068B000000000000000000000000000000000D1
S315010068C000000000000000000000000000000000C1
S315010068D000000000000000000000000000000000B1
S315010068E000000000000000000000000000000000A1
S315010068F00000000000000000000000000000000091
S315010069000000000000000000000000000000000080
S315010069100000000000000000000000000000000070
S315010069200000000000000000000000000000000060
S315010069300000000000000000000000000000000050
S315010069400000000000000000000000000000000040
S315010069500000000000000000000000000000000030
S315010069600000000000000000000000000000000020
S315010069700000000000000000000000000000000010
S315010069800000000000000000000000000000000000
S3150100699000000000000000000000000000000000F0
S315010069A000000000000000000000000000000000E0
S315010069B000000000000000000000000000000000D0
S315010069C000000000000000000000000000000000C0
S315010069D000000000000000000000000000000000B0
S315010069E000000000000000000000000000000000A0
S315010069F00000000000000000000000000000000090
S31501006A00000000000000000000000000000000007F
S31501006A10000000000000000000000000000000006F
S31501006A20000000000000000000000000000000005F
S31501006A30000000000000000000000000000000004F
S31501006A40000000000000000000000000000000003F
S31501006A50000000000000000000000000000000002F
S31501006A60000000000000000000000000000000001F
S31501006A70000000000000000000000000000000000F
S31501006A8000000000000000000000000000000000FF
S31501006A9000000000000000000000000000000000EF
S31501006AA000000000000000000000000000000000DF
S31501006AB000000000000000000000000000000000CF
S31501006AC000000000000000000000000000000000BF
S31501006AD000000000000000000000000000000000AF
S31501006AE0000000000000000000000000000000009F
S31501006AF0000000000000000000000000000000008F
S31501006B00000000000000000000000000000000007E
S31501006B10000000000000000000000000000000006E
S31501006B20000000000000000000000000000000005E
S31501006B30000000000000000000000000000000004E
S31501006B40000000000000000000000000000000003E
S31501006B50000000000000000000000000000000002E
S31501006B60000000000000000000000000000000001E
S31501006B70000000000000000000000000000000000E
S31501006B8000000000000000000000000000000000FE
S31501006B9000000000000000000000000000000000EE
S31501006BA000000000000000000000000000000000DE
S31501006BB000000000000000000000000000000000CE
S31501006BC000000000000000000000000000000000BE
S31501006BD000000000000000000000000000000000AE
S31501006BE0000000000000000000000000000000009E
S31501006BF0000000000000000000000000000000008E
S31501006C00000000000000000000000000000000007D
S31501006C10000000000000000000000000000000006D
S31501006C20000000000000000000000000000000005D
S31501006C30000000000000000000000000000000004D
S31501006C40000000000000000000000000000000003D
S31501006C50000000000000000000000000000000002D
S31501006C60000000000000000000000000000000001D
S31501006C70000000000000000000000000000000000D
S31501006C8000000000000000000000000000000000FD
S31501006C9000000000000000000000000000000000ED
S31501006CA000000000000000000000000000000000DD
S31501006CB000000000000000000000000000000000CD
S31501006CC000000000000000000000000000000000BD
S31501006CD000000000000000000000000000000000AD
S31501006CE0000000000000000000000000000000009D
S31501006CF0000000000000000000000000000000008D
S31501006D00000000000000000000000000000000007C
S31501006D10000000000000000000000000000000006C
S31501006D20000000000000000000000000000000005C
S31501006D30000000000000000000000000000000004C
S31501006D40000000000000000000000000000000003C
S31501006D50000000000000000000000000000000002C
S31501006D60000000000000000000000000000000001C
S31501006D70000000000000000000000000000000000C
S31501006D8000000000000000000000000000000000FC
S31501006D9000000000000000000000000000000000EC
S31501006DA000000000000000000000000000000000DC
S31501006DB000000000000000000000000000000000CC
S31501006DC000000000000000000000000000000000BC
S31501006DD000000000000000000000000000000000AC
S31501006DE0000000000000000000000000000000009C
S31501006DF0000000000000000000000000000000008C
S31501006E00000000000000000000000000000000007B
S31501006E10000000000000000000000000000000006B
S31501006E20000000000000000000000000000000005B
S31501006E30000000000000000000000000000000004B
S31501006E40000000000000000000000000000000003B
S31501006E50000000000000000000000000000000002B
S31501006E60000000000000000000000000000000001B
S31501006E70000000000000000000000000000000000B
S31501006E8000000000000000000000000000000000FB
S31501006E9000000000000000000000000000000000EB
S31501006EA000000000000000000000000000000000DB
S31501006EB000000000000000000000000000000000CB
S31501006EC000000000000000000000000000000000BB
S31501006ED000000000000000000000000000000000AB
S31501006EE0000000000000000000000000000000009B
S31501006EF0000000000000000000000000000000008B
S31501006F00000000000000000000000000000000007A
S31501006F10000000000000000000000000000000006A
S31501006F20000000000000000000000000000000005A
S31501006F30000000000000000000000000000000004A
S31501006F40000000000000000000000000000000003A
S31501006F50000000000000000000000000000000002A
S31501006F60000000000000000000000000000000001A
S31501006F70000000000000000000000000000000000A
S31501006F8000000000000000000000000000000000FA
S31501006F9000000000000000000000000000000000EA
S31501006FA000000000000000000000000000000000DA
S31501006FB000000000000000000000000000000000CA
S31501006FC000000000000000000000000000000000BA
S31501006FD000000000000000000000000000000000AA
S31501006FE0000000000000000000000000000000009A
S31501006FF0000000000000000000000000000000008A
S315010070000000000000000000000000000000000079
S315010070100000000000000000000000000000000069
S315010070200000000000000000000000000000000059
S315010070300000000000000000000000000000000049
S315010070400000000000000000000000000000000039
S315010070500000000000000000000000000000000029
S315010070600000000000000000000000000000000019
S315010070700000000000000000000000000000000009
S3150100708000000000000000000000000000000000F9
S3150100709000000000000000000000000000000000E9
S315010070A000000000000000000000000000000000D9
S315010070B000000000000000000000000000000000C9
S315010070C000000000000000000000000000000000B9
S315010070D000000000000000000000000000000000A9
S315010070E00000000000000000000000000000000099
S315010070F00000000000000000000000000000000089
S315010071000000000000000000000000000000000078
S315010071100000000000000000000000000000000068
S315010071200000000000000000000000000000000058
S315010071300000000000000000000000000000000048
S315010071400000000000000000000000000000000038
S315010071500000000000000000000000000000000028
S315010071600000000000000000000000000000000018
S315010071700000000000000000000000000000000008
S3150100718000000000000000000000000000000000F8
S3150100719000000000000000000000000000000000E8
S315010071A000000000000000000000000000000000D8
S315010071B000000000000000000000000000000000C8
S315010071C000000000000000000000000000000000B8
S315010071D000000000000000000000000000000000A8
S315010071E00000000000000000000000000000000098
S315010071F00000000000000000000000000000000088
S315010072000000000000000000000000000000000077
S315010072100000000000000000000000000000000067
S315010072200000000000000000000000000000000057
S315010072300000000000000000000000000000000047
S315010072400000000000000000000000000000000037
S315010072500000000000000000000000000000000027
S315010072600000000000000000000000000000000017
S315010072700000000000000000000000000000000007
S3150100728000000000000000000000000000000000F7
S3150100729000000000000000000000000000000000E7
S315010072A000000000000000000000000000000000D7
S315010072B000000000000000000000000000000000C7
S315010072C000000000000000000000000000000000B7
S315010072D000000000000000000000000000000000A7
S315010072E00000000000000000000000000000000097
S315010072F00000000000000000000000000000000087
S315010073000000000000000000000000000000000076
S315010073100000000000000000000000000000000066
S315010073200000000000000000000000000000000056
S315010073300000000000000000000000000000000046
S315010073400000000000000000000000000000000036
S315010073500000000000000000000000000000000026
S315010073600000000000000000000000000000000016
S315010073700000000000000000000000000000000006
S3150100738000000000000000000000000000000000F6
S3150100739000000000000000000000000000000000E6
S315010073A000000000000000000000000000000000D6
S315010073B000000000000000000000000000000000C6
S315010073C000000000000000000000000000000000B6
S315010073D000000000000000000000000000000000A6
S315010073E00000000000000000000000000000000096
S315010073F00000000000000000000000000000000086
S315010074000000000000000000000000000000000075
S315010074100000000000000000000000000000000065
S315010074200000000000000000000000000000000055
S315010074300000000000000000000000000000000045
S315010074400000000000000000000000000000000035
S315010074500000000000000000000000000000000025
S315010074600000000000000000000000000000000015
S315010074700000000000000000000000000000000005
S3150100748000000000000000000000000000000000F5
S3150100749000000000000000000000000000000000E5
S315010074A000000000000000000000000000000000D5
S315010074B000000000000000000000000000000000C5
S315010074C000000000000000000000000000000000B5
S315010074D000000000000000000000000000000000A5
S315010074E00000000000000000000000000000000095
S315010074F00000000000000000000000000000000085
S315010075000000000000000000000000000000000074
S315010075100000000000000000000000000000000064
S315010075200000000000000000000000000000000054
S315010075300000000000000000000000000000000044
S315010075400000000000000000000000000000000034
S315010075500000000000000000000000000000000024
S315010075600000000000000000000000000000000014
S315010075700000000000000000000000000000000004
S3150100758000000000000000000000000000000000F4
S3150100759000000000000000000000000000000000E4
S315010075A000000000000000000000000000000000D4
S315010075B000000000000000000000000000000000C4
S315010075C000000000000000000000000000000000B4
S315010075D000000000000000000000000000000000A4
S315010075E00000000000000000000000000000000094
S315010075F00000000000000000000000000000000084
S315010076000000000000000000000000000000000073
S315010076100000000000000000000000000000000063
S315010076200000000000000000000000000000000053
S315010076300000000000000000000000000000000043
S315010076400000000000000000000000000000000033
S315010076500000000000000000000000000000000023
S315010076600000000000000000000000000000000013
S315010076700000000000000000000000000000000003
S3150100768000000000000000000000000000000000F3
S3150100769000000000000000000000000000000000E3
S315010076A000000000000000000000000000000000D3
S315010076B000000000000000000000000000000000C3
S315010076C000000000000000000000000000000000B3
S315010076D000000000000000000000000000000000A3
S315010076E00000000000000000000000000000000093
S315010076F00000000000000000000000000000000083
S315010077000000000000000000000000000000000072
S315010077100000000000000000000000000000000062
S315010077200000000000000000000000000000000052
S315010077300000000000000000000000000000000042
S315010077400000000000000000000000000000000032
S315010077500000000000000000000000000000000022
S315010077600000000000000000000000000000000012
S315010077700000000000000000000000000000000002
S3150100778000000000000000000000000000000000F2
S3150100779000000000000000000000000000000000E2
S315010077A000000000000000000000000000000000D2
S315010077B000000000000000000000000000000000C2
S315010077C000000000000000000000000000000000B2
S315010077D000000000000000000000000000000000A2
S315010077E00000000000000000000000000000000092
S315010077F00000000000000000000000000000000082
S315010078000000000000000000000000000000000071
S315010078100000000000000000000000000000000061
S315010078200000000000000000000000000000000051
S315010078300000000000000000000000000000000041
S315010078400000000000000000000000000000000031
S315010078500000000000000000000000000000000021
S315010078600000000000000000000000000000000011
S315010078700000000000000000000000000000000001
S3150100788000000000000000000000000000000000F1
S3150100789000000000000000000000000000000000E1
S315010078A000000000000000000000000000000000D1
S315010078B000000000000000000000000000000000C1
S315010078C000000000000000000000000000000000B1
S315010078D000000000000000000000000000000000A1
S315010078E00000000000000000000000000000000091
S315010078F00000000000000000000000000000000081
S315010079000000000000000000000000000000000070
S315010079100000000000000000000000000000000060
S315010079200000000000000000000000000000000050
S315010079300000000000000000000000000000000040
S315010079400000000000000000000000000000000030
S315010079500000000000000000000000000000000020
S315010079600000000000000000000000000000000010
S315010079700000000000000000000000000000000000
S3150100798000000000000000000000000000000000F0
S3150100799000000000000000000000000000000000E0
S315010079A000000000000000000000000000000000D0
S315010079B000000000000000000000000000000000C0
S315010079C000000000000000000000000000000000B0
S315010079D000000000000000000000000000000000A0
S315010079E00000000000000000000000000000000090
S315010079F00000000000000000000000000000000080
S31501007A00000000000000000000000000000000006F
S31501007A10000000000000000000000000000000005F
S31501007A20000000000000000000000000000000004F
S31501007A30000000000000000000000000000000003F
S31501007A40000000000000000000000000000000002F
S31501007A50000000000000000000000000000000001F
S31501007A60000000000000000000000000000000000F
S31501007A7000000000000000000000000000000000FF
S31501007A8000000000000000000000000000000000EF
S31501007A9000000000000000000000000000000000DF
S31501007AA000000000000000000000000000000000CF
S31501007AB000000000000000000000000000000000BF
S31501007AC000000000000000000000000000000000AF
S31501007AD0000000000000000000000000000000009F
S31501007AE0000000000000000000000000000000008F
S31501007AF0000000000000000000000000000000007F
S31501007B00000000000000000000000000000000006E
S31501007B10000000000000000000000000000000005E
S31501007B20000000000000000000000000000000004E
S31501007B30000000000000000000000000000000003E
S31501007B40000000000000000000000000000000002E
S31501007B50000000000000000000000000000000001E
S31501007B60000000000000000000000000000000000E
S31501007B7000000000000000000000000000000000FE
S31501007B8000000000000000000000000000000000EE
S31501007B9000000000000000000000000000000000DE
S31501007BA000000000000000000000000000000000CE
S31501007BB000000000000000000000000000000000BE
S31501007BC000000000000000000000000000000000AE
S31501007BD0000000000000000000000000000000009E
S31501007BE0000000000000000000000000000000008E
S31501007BF0000000000000000000000000000000007E
S31501007C00000000000000000000000000000000006D
S31501007C10000000000000000000000000000000005D
S31501007C20000000000000000000000000000000004D
S31501007C30000000000000000000000000000000003D
S31501007C40000000000000000000000000000000002D
S31501007C50000000000000000000000000000000001D
S31501007C60000000000000000000000000000000000D
S31501007C7000000000000000000000000000000000FD
S31501007C8000000000000000000000000000000000ED
S31501007C9000000000000000000000000000000000DD
S31501007CA000000000000000000000000000000000CD
S31501007CB000000000000000000000000000000000BD
S31501007CC000000000000000000000000000000000AD
S31501007CD0000000000000000000000000000000009D
S31501007CE0000000000000000000000000000000008D
S31501007CF0000000000000000000000000000000007D
S31501007D00000000000000000000000000000000006C
S31501007D10000000000000000000000000000000005C
S31501007D20000000000000000000000000000000004C
S31501007D30000000000000000000000000000000003C
S31501007D40000000000000000000000000000000002C
S31501007D50000000000000000000000000000000001C
S31501007D60000000000000000000000000000000000C
S31501007D7000000000000000000000000000000000FC
S31501007D8000000000000000000000000000000000EC
S31501007D9000000000000000000000000000000000DC
S31501007DA000000000000000000000000000000000CC
S31501007DB000000000000000000000000000000000BC
S31501007DC000000000000000000000000000000000AC
S31501007DD0000000000000000000000000000000009C
S31501007DE0000000000000000000000000000000008C
S31501007DF0000000000000000000000000000000007C
S31501007E00000000000000000000000000000000006B
S31501007E10000000000000000000000000000000005B
S31501007E20000000000000000000000000000000004B
S31501007E30000000000000000000000000000000003B
S31501007E40000000000000000000000000000000002B
S31501007E50000000000000000000000000000000001B
S31501007E60000000000000000000000000000000000B
S31501007E7000000000000000000000000000000000FB
S31501007E8000000000000000000000000000000000EB
S31501007E9000000000000000000000000000000000DB
S31501007EA000000000000000000000000000000000CB
S31501007EB000000000000000000000000000000000BB
S31501007EC000000000000000000000000000000000AB
S31501007ED0000000000000000000000000000000009B
S31501007EE0000000000000000000000000000000008B
S31501007EF0000000000000000000000000000000007B
S31501007F00000000000000000000000000000000006A
S31501007F10000000000000000000000000000000005A
S31501007F20000000000000000000000000000000004A
S31501007F30000000000000000000000000000000003A
S31501007F40000000000000000000000000000000002A
S31501007F50000000000000000000000000000000001A
S31501007F60000000000000000000000000000000000A
S31501007F7000000000000000000000000000000000FA
S31501007F8000000000000000000000000000000000EA
S31501007F9000000000000000000000000000000000DA
S31501007FA000000000000000000000000000000000CA
S31501007FB000000000000000000000000000000000BA
S31501007FC000000000000000000000000000000000AA
S31501007FD0000000000000000000000000000000009A
S31501007FE0000000000000000000000000000000008A
S31501007FF0000000000000000000000000000000007A
S3150100800020320020198C01011D8C01011D8C0101FA
S315010080101D8C01011D8C01011D8C01011D8C0101AD
S315010080201D8C01011D8C01011D8C01017D17800034
S315010080301D8C0101D8DB010121178000670F80002B
S315010080401D8C0101310501011D8C01011D8C0101F0
S315010080501D8C01011D8C01011D8C01011D8C01016D
S315010080601D8C01011D8C01011D8C01011D8C01015D
S315010080701D8C01011D8C01011D8C01011D8C01014D
S315010080801D8C01011D8C01011D8C01011D8C01013D
S315010080901D8C01011D8C01011D8C01011D8C01012D
S315010080A01D8C01011D8C01011D8C01011D8C01011D
S315010080B01D8C01011D8C01011D8C01011D8C01010D
S315010080C01D8C01011D8C01011D8C01011D8C0101FD
S315010080D01D8C01011D8C01011D8C01011D8C0101ED
S315010080E01D8C01011D8C0101C1E30001A1E3000109
S315010080F01D8C01011D8C01011D8C01011D8C0101CD
S315010081001D8C01011D8C01011D8C01011D8C0101BC
S315010081101D8C01011D8C01011D8C01011D8C0101AC
S315010081201D8C01011D8C01011D8C01011D8C01019C
S315010081301D8C01011D8C01011D8C01011D8C01018C
S315010081401D8C01011D8C0101492501011D8C0101B7
S315010081501D8C01011D8C01011D8C01011D8C01016C
S315010081601D8C01011D8C01012D0B80001D8C01014F
S315010081701D8C01011D8C01011D8C01011D8C01014C
S315010081801D8C01011D8C01011D8C01011D8C01013C
S315010081901D8C01011D8C01011D8C01011D8C01012C
S30D010081A01D8C01011D8C01017A
S315010081A8014B1868704700BF507B00200A4B1B6FB4
S315010081B803F00703013B042B04D8DFE803F00B04A3
S315010081C807030900FEE7054B18687047044BFBE7F0
S315010081D8044BF9E70448704700408040507B002073
S315010081E8587B00204C7B0020002D310108B5FFF794
S315010081F8DDFF054B1B6FC3F303330133B0FBF3F00C
S31501008208024B186008BD00BF00408040487B002033
S3150100821800487047002D3101014B1868704700BFAF
S31501008228587B0020002070474FF40022074B5A66FE
S31501008238074B9B6813F4E04FC3F3023204D0012ABB
S31501008248044818BF00207047034870470050804013
S3150100825800001040005A6202002D3101014B1868D6
S31501008268704700BF547B00204FF4004070474FF41D
S315010082787A70704709B100F00DB8222070470121C4
S3150100828800F072B9002100F06FB909B100F092B996
S315010082982220704770B504460D4600F0EFFB0646EE
S315010082A81D2C00F25A81DFE814F01E002700580140
S315010082B82A0034003F002E015600610058017A0059
S315010082C8DF007E009200580158019600A900580166
S315010082D8AD005801B10058014601F30058010A01E1
S315010082E8CB0058013E01FFF761FF002428603046A4
S315010082F800F0BFFB204670BDFFF778FFF5E7994B05
S315010083081C6FFFF773FFC4F380240134B0FBF4F04C
S31501008318EBE7944B1C6FFFF769FFC4F38024013424
S31501008328B0FBF4F04008E0E78E4BD3F88000D3F8B1
S315010083388030C0F3011003F00303022B00F101049E
S3150100834800F0D880032B00F0D880012B40F0818003
S31501008358FFF72CFFDAE7FFF729FF824BD3F89030B6
S31501008368C3F304430133B0FBF3F0BEE77D4BD3F807
S31501008378203103F00703013B052B6AD8DFE813F028
S315010083880600E7000C0009000600E700FFF708FFF2
S31501008398ABE7FFF749FFA8E7FFF73AFFA5E7714BF8
S315010083A8D3F82831E5E76F4BD3F8403103F00303DF
S315010083B8022B06D0032B07D0012B4AD1FFF754FF16
S315010083C893E7FFF74BFF90E7FFF751FF8DE7654B03
S315010083D8D3F86031EAE7634BD3F8003203F00703B9
S315010083E8013B032B35D801A252F823F01D02800068
S315010083F823028000290280005D028000FFF7F6FE55
S31501008408800A72E7574BD3F84032CFE7554BD3F87A
S31501008418203203F00703013B032B1AD801A252F8B5
S3150100842823F000BF95028000F30180001D02800041
S315010084382302800029460A20FFF72CFF044656E747
S31501008448484BD3F8703203F00303012B05D0022BF6
S3150100845806D0002302242B6049E729460C20EBE7C6
S3150100846800230F242B6042E73E4BD3F8A83203F0D2
S315010084780703013B032BECD801A252F823F000BFF6
S31501008488ED018000AF038000F9018000F30180004F
S31501008498344BD3F8AC3203F00703013B032BD8D88E
S315010084A801A252F823F000BF19038000F3018000EE
S315010084B81D0280002302800029460B20BCE7294BB8
S315010084C8D3F8B002D3F8B03200F03F0003F4E0630A
S315010084D8B3F5407F00F1010412D008D8B3F5807FC7
S315010084E80BD0B3F5007FB4D1FFF796FE0EE7B3F5CF
S315010084F8806FAED1FFF798FE08E7FFF751FE05E753
S31501008508FFF786FE02E7174BD3F8803103F0030322
S31501008518022B3FF441AF032B3FF43BAF012B98D11C
S315010085282946082088E74FF0E0231B6929465B079F
S3150100853894D5012080E70B4BD3F8003103F00303F0
S31501008548022B3FF43EAF032B04D0012B81D1FFF759
S3150100855863FECAE6FFF766FEC7E6002321242B6001
S31501008568C5E600BF00408040E0B1026812F4E07F32
S31501008578C2F382130FD0012B0FD0032B12D10A4B52
S3150100858869B103F58053012102F03F0201FA02F2B3
S3150100859800201A607047054BF2E7054BF0E703F533
S315010085A80053F0E70E207047B44280406440804093
S315010085B868408040B8B1026812F4E07FC2F38213C2
S315010085C80DD0012B0DD0032B0DD1084B1B6802F0E2
S315010085D83F02D34003F0010300200B707047044BA0
S315010085E8F4E7044BF2E70E20704700BFB44280401F
S315010085F86440804068408040F8B5164F05463B7890
S31501008608834218D0144B1A6840F201239A4212D9B0
S31501008618A0B10B2819D1114C6379C3B900F02EFA10
S31501008628214606460E4800F061F90446304600F038
S3150100863820FA0CB93D7000242046F8BD00F01EFA58
S315010086480646074800F036F9EFE72124F4E70E2439
S31501008658F2E700BFAC7C002018540020AD7C002056
S315010086681C5400200122437801789A40302359434B
S31501008678014B5A50704700BF40D083400346064815
S3150100868802689A4203D841680A44934202D3406A6F
S315010086980028F5D1704700BF4854002038B5054673
S315010086A800F0E3F94FF400410D4A0E4B9B6E9166BB
S315010086B802F53C32546803F40043E443012204F012
S315010086C8010455B108494A601BB94FF40042074BEA
S315010086D89A6600F0C5F9204638BD0549F3E700BF9B
S315010086E80050804000408040006083400060804028
S315010086F800508340B0F5802F22D010D8B0F5003F46
S3150100870820D007D818B3B0F5803F08BF482018BF56
S3150100871801207047B0F5403F08BF2C20F7E7B0F5B8
S31501008728302F11D007D8B0F5E02F0FD0B0F5202F94
S3150100873808BF1020EBE7B0F57F0F08BF0620E6E774
S315010087484B2070472A207047112070472120704717
S3150100875808B54FF0FF31064800F0BFF938B94FF4B4
S315010087688062044B9A66BFF34F8FBFF36F8F08BDC4
S31501008778C4510020005080404FF48062024B0348E8
S315010087889A6600F0C8B900BF00608040C451002055
S3150100879870B50446002855D0FFF7DAFF03460028CE
S315010087A84ED194F825602EB1FFF778FF01220646CF
S315010087B8254B1A70204600F022F994F824304BB95B
S315010087C84FF085435A6CD202FCD55D6D1B6805F4E2
S315010087D8702512E04FF08545AB6D43F00203AB659A
S315010087E800F0B4FC02281BD0AB6D23F00203AB6585
S315010087F84FF4A022154B1D681A6094F8253033B141
S3150100880816B10120FFF74AFF00220F4B1A70FFF736
S31501008818B3FF0346A5B12846BDE87040FFF76ABF16
S315010088280B4B4FF0FF31186E00F064FEAB6D23F071
S315010088380203AB650028DBD02B68FFF79DFF0123F8
S31501008848184670BD2123FBE7FE790020887B0020AE
S315010088586051002008B528B12822002100F036FC15
S31501008868002008BD2120FCE7012310B580F825303A
S315010088780446FFF78DFF002384F8253010BD00005C
S3150100888838B51546044688B182B1094B0360002301
S3150100889843600362836000F0A9F82046294600F088
S315010088A8A5F82046BDE83840FFF7DEBF212038BDD0
S315010088B8000062FF13B501A9044600F06BF880B900
S315010088C840F20123019A9A420DD96FF48072A3F5F9
S315010088D86B03134460602062A06023602046FFF7A3
S315010088E857FF02B010BD0F20FBE700002DE9F74343
S315010088F891F800800446A8F10603052B42D8B1F881
S315010089080150B5F5006F3DD2CF78052F3AD80E79CB
S31501008918032E37D891F8059019F0FD0F32D101A928
S3150100892800F038F8E8B940F20122019B93421BD9BD
S31501008938164B606023604946A0602062204600F01D
S3150100894855F8204645EA084100F050F839462046D0
S3150100895800F04CF83146204600F048F82046FFF76B
S3150100896817FF03B0BDE8F083B3F5007F0CD3084BBE
S3150100897860604946A06020622360204600F036F810
S315010089882946E8E72120ECE70F20EAE7000215FF70
S31501008998000015FF37B50C4610B309B300F065F8AA
S315010089A800230DF1070105460E488DF80730FFF73C
S315010089B86CFC0C48FFF763FC0B4BD3F80C362360B1
S315010089C89DF8073013B90748FFF75CFC284600F005
S315010089D847F80020236823F07F43236003B030BDA6
S315010089E82120FBE7D4EA010100408740036A042BF2
S315010089F89FBF00EB83020133D16003627047036AAC
S31501008A08052B16D84FF08542116CC902FCD50021F9
S31501008A1805339B00136511600168143B11604168B9
S31501008A28116050F8081F11604FF0854203449842BF
S31501008A3800D1704750F8041F1160F8E7836882B0C7
S31501008A4813B9816002B0704783680193019B5B6823
S31501008A58012B019B01D15960F4E75B68F5E700003A
S31501008A6810B962B6BFF36F8F7047EFF3108072B615
S31501008A78704780F31188BFF36F8F7047EFF311804A
S31501008A88302383F311887047EFF31083DB0706D48D
S31501008A98EFF311802F2894BF002001207047012091
S31501008AA87047000070B50546A8B1FFF7DEFF064618
S31501008AB8286E00F0A2FC044640B100F0FEFB844299
S31501008AC809BF6C6D0124E44304F001043046FFF745
S31501008AD8C7FF204670BD0124FBE738B50D4604469D
S31501008AE8B8B100F033FB02280FD1FFF7CDFF20B153
S31501008AF82046BDE83840FFF7D5BF2946206E00F06D
S31501008B0835FC003818BF012038BD0328F0D00020F5
S31501008B18FAE70120F8E710B50446B0B100F016FBF4
S31501008B2802280ED1FFF7B0FF20B12046BDE810405C
S31501008B38FFF7B8BF206E00F03EFC003818BF0120D1
S31501008B4810BD0328F1D00020FAE70120F8E700005C
S31501008B58012870B504460D463FD8224B5B68C3F31E
S31501008B680803CBB94FF0FF311F48FFF7B6FFE8B945
S31501008B7864201E4B1E4E4FF0FF3100FB043034605B
S31501008B88FFF7ABFF90B9336833B92DB14A201AF014
S31501008B98F1DA0122174B1A72124D44B91648FFF73A
S31501008BA86EFB6B68C3F30803CBB9002070BD13488D
S31501008BB8FFF765FB6B68C3F30803002BF5D0104B71
S31501008BC8DA6B12F0430FFBD19B6A0E4A13F02403AA
S31501008BD818BF012314201360E8E72120E6E70F20D8
S31501008BE8E4E700BF00ED00E0E4540020485500200A
S31501008BF87C540020B07B0020D8EA0101DCEA01019F
S31501008C0800400041AC7B0020044B5B68C3F30803BA
S31501008C1813B90348FFF77FBF0020704700ED00E056
S31501008C28E454002070B504461348FFF73BFFD0B95A
S31501008C3826684EB9114D2B7A1BB14A201AF098DADB
S31501008C482E720F48FFF71EFB2368012B0BD10D4B24
S31501008C585B68C3F3080333B90B4B1B68112B02D1AD
S31501008C680A48FFF70FFB64202268094BBDE87040EC
S31501008C7800FB0230FFF74FBFE4540020B07B002011
S31501008C88D8EA010100ED00E0AC7B0020DCEA010135
S31501008C98485500200A4B1A680123934018400ED004
S31501008CA8084B5B68C3F308033BB1074AD36B13F060
S31501008CB8430FFBD1012000F03BB81046FBE7704794
S31501008CC87C54002000ED00E00040004108B54FF05B
S31501008CD882439A6A12F0340F1CBF34221A63074B77
S31501008CE81B7A53B100F032FA0238012805D8044B31
S31501008CF8186EBDE8084000F02BBC08BDB07B00200B
S31501008D088054002008B5084B1B7A5BB100F01EFAA7
S31501008D18022807D1054B4FF0FF31186EBDE8084010
S31501008D2800F0E8BB08BD00BFB07B002080540020DE
S31501008D3801280BD8074B5B68C3F3080343B90C2218
S31501008D48054B06481B6802FB030070470020704765
S31501008D580348704700ED00E07C540020B07B0020FA
S31501008D68BC7B00204368BFF34F8F5858BFF34F8F22
S31501008D7870474368BFF34F8F5A50BFF34F8F704701
S31501008D884368BFF34F8F5A50BFF34F8F70477047F1
S31501008D987047084670477047704700000122024B2A
S31501008DA8C3F8FC2F704700BF00F0FFFF53B94AB95B
S31501008DB8002908BF00281CBF4FF0FF314FF0FF30D4
S31501008DC800F082B9ADF1080C6DE904CE00F006F8A1
S31501008DD8DDF804E0DDE9022304B070472DE9F04F20
S31501008DE8099D0C46002B4DD18A420F46844696466C
S31501008DF8B2FA82F360D94BB102FA03FEC3F120023B
S31501008E089F4000FA03FC20FA02F217434FEA1E4676
S31501008E181FFA8EF44FEA1C42B7FBF6F106FB1177EF
S31501008E2801FB04F042EA0742904208D91EEB02020E
S31501008E3801F1FF3702D2904200F231813946121A06
S31501008E481FFA8CFCB2FBF6F006FB102200FB04F4B9
S31501008E584CEA024C644508D91EEB0C0C00F1FF32B2
S31501008E6802D2644500F21E81104640EA0140ACEB8D
S31501008E78040C002125B12CFA03F30022C5E90032BE
S31501008E88BDE8F08F8B4205D90DB1C5E90001002176
S31501008E980846F5E7B3FA83F100294DD1A342C0F09C
S31501008EA8F380904280F0F080064623460846002D5E
S31501008EB8E6D0C5E90063E3E7002B40F0A3808A1AF0
S31501008EC84FEA1E471FFA8EF60121B2FBF7F407FB9C
S31501008ED814204FEA1C4242EA004206FB04F0904283
S31501008EE80FD91EEB020204F1FF382CBF4FF001091E
S31501008EF84FF00009904203D9B9F1000F00F0CC8078
S31501008F084446121A1FFA8CFCB2FBF7F007FB102233
S31501008F1800FB06F64CEA024C664508D91EEB0C0C1A
S31501008F2800F1FF3202D2664500F2B3801046ACEB7F
S31501008F38060C40EA04409DE7C1F120068B4004FA7D
S31501008F4801FE22FA06F720FA06FCF4408A401F437E
S31501008F584EEA0C0300FA01FE4FEA17484FEA134995
S31501008F681FFA87FCB4FBF8F008FB104449EA0444ED
S31501008F7800FB0CF9A1450ED93C1900F1FF3A2CBFAB
S31501008F884FF0010B4FF0000BA14503D9BBF1000FC0
S31501008F9800F08B805046A4EB09041FFA83F9B4FB51
S31501008FA8F8F308FB134403FB0CFC49EA0444A44503
S31501008FB806D93C1903F1FF3801D2A4457BD84346AB
S31501008FC843EA0040A4EB0C04A0FB02984445CC46B6
S31501008FD8434602D306D1CE4504D20138B9EB020C79
S31501008FE868EB0703002D6CD0BEEB0C0264EB03049F
S31501008FF822FA01F304FA06F6CC4000211E43C5E91C
S3150100900800643DE702FA03FEC3F1200104FA03F204
S3150100901800FA03FCCC404FEA1E4720FA01F11FFA79
S315010090288EF6B4FBF7F00A4307FB1044110C41EA2C
S31501009038044100FB06F48C420ED91EEB010100F136
S31501009048FF382CBF4FF001094FF000098C4202D9B5
S31501009058B9F1000F2CD04046091B92B2B1FBF7F4C7
S3150100906807FB141142EA014204FB06F1914207D9B2
S315010090781EEB020204F1FF3801D291421ED8444682
S31501009088521A44EA004120E7861A64EB03030120D9
S315010090980DE7F44402384AE7023C724431E70239E3
S315010090A87244CCE6F4440238DFE602383C4472E7FF
S315010090B802387144D0E7023B3C4481E7023C7244E2
S315010090C8DEE72946DCE600BF704700BF02440346D7
S315010090D8934200D1704703F8011BF9E710B5EFF386
S315010090E8058414B10124204610BD01F0D1FC0128E4
S315010090F8F9D0EFF31083002BF4D1EFF31184003C80
S3150100910818BF0124EFE708B54FF0E0231B6901F00A
S31501009118BFFC012803D0BDE8084000F071BB08BDBB
S3150100912808B5FFF7DBFF48B901F0B2FC0128034691
S3150100913807D1054A106820B9136008BD6FF005000C
S31501009148FBE74FF0FF30F8E7F83B002008B501F0E0
S315010091589FFC38B1022804D0034B1868431E5842B5
S31501009168584108BD0320FCE7F83B002010B5FFF77E
S31501009178B5FF044668B901F08BFC01280CD1084BF0
S315010091881A68012A08D102221A6001F0F5F9204667
S3150100919810BD6FF00500FBE74FF0FF30F8E700BFA1
S315010091A8F83B002010B5FFF799FF044640B901F0D6
S315010091B86FFC40B1022808D101F022FA204610BD01
S315010091C86FF00500FBE70120F9E74FF0FF30F6E7FE
S315010091D810B50446FFF782FFB0B901F059FC30F02B
S315010091E8020314D1012C03D101F00AFA204610BD5D
S315010091F86CB901F0CFFA0128F8D001F049FC841EB8
S3150100920818BF4FF0FF34F1E76FF00504EEE74FF0B2
S31501009218FF34EBE700232DE9F04186B005460E46FB
S3150100922890460593FFF75AFF00BBFDB1B8F1000F51
S315010092383DD0D8F818402CB1631E372B03D906B098
S31501009248BDE8F0811824D8F80430DB0733D4D8F800
S3150100925814306BB19A08D8F80010D8E902704FB1EA
S315010092685F2803D9D8F8100000B1B3B90598E6E725
S31501009278A022F0E70028F9D1D8F81030002BF5D153
S3150100928805AB013C019328463346009401F08BF85F
S3150100929801281CBF00230593E8E7013CCDE9010736
S315010092A833462846009401F0ACF80590DEE74146BE
S315010092B81824A022E4E70020C1E701F0DDBB38B598
S315010092C80546FFF70BFF044650B965B1284601F07C
S315010092D811F904280AD0284601F0C0F8204638BDFD
S315010092E86FF00500FBE76FF00300F8E76FF0020087
S315010092F8F5E738B50546FFF7F1FE10B1002420461B
S3150100930838BD25B9BDE83840012000F08EBE6B682E
S315010093181A07F3D4D5E9021203F0010379B14F2AEA
S31501009328ECD99BB1042000F0C1FE04460028E5D023
S31501009338296809B100F0B6FD44F00104DFE7002A07
S31501009348DCD17BB1042000F070FEEEE7012000F0CD
S31501009358ADFE04460028D1D029680029CFD000F0F7
S31501009368A1FDCCE7012000F060FEF2E7F8B505465D
S315010093780C4620F0010600F00107FFF7AFFEA0B981
S31501009388012D15D92146304667B100F05FFD012848
S3150100939801D10020F8BD002C14BF6FF001006FF059
S315010093A80200F7E700F0BFFCF1E76FF00500F1E70F
S315010093B86FF00300EEE770B5044620F0010500F0F2
S315010093C80106FFF78BFE90B9012C13D946B1284641
S315010093D800F053FD01280CBF00206FF0020070BD9C
S315010093E8334632463146284600F049FBF2E76FF02C
S315010093F80500F4E76FF00300F1E7012810B50ED96F
S3150100940820F00104FFF76AFE20B12046BDE81040AE
S3150100941800F016BD2046BDE8104000F004BD00204E
S3150100942810BD70B5054620F00106FFF757FE044644
S3150100943848B9012D0AD9304600F052FD304600F0F0
S3150100944867FD204670BD6FF00500FBE76FF003006E
S31501009458F8E773B504460E461546FFF73FFE70BB9F
S315010094686CB3B4422BD35DB9012C3BD12046032200
S31501009478002100F0B0FD044608B396B905B32AE009
S31501009488D5E90232CBB14F2A19D9012C1BD10322B6
S31501009498014600920246204600F0E0FD044670B1FE
S315010094A8CEB1002320461A46194600F0E8FA0128EB
S315010094B8E4D0204600F02CFD01E0002AD4D0002497
S315010094C8204602B070BD20461A46314600F0FCFD22
S315010094D804460028F3D029680029F1D0204600F077
S315010094E8E1FCEDE72046314600F0AAFD04460028D6
S315010094F8C4D1E4E737B50C46054618B96FF0030041
S3150100950803B030BDFFF7EAFDB8B1002CF6D121460C
S31501009518284601AA019400F0D2FB012802D06FF077
S315010095280200EDE7019B0BB90020E9E74FF0E023C4
S315010095384FF08052C3F8042DF6E72146284600F07D
S31501009548F2FB0128F0D0002CE9D06FF00100D7E733
S3150100955813B5044608B3FFF7C1FD0346A8B10023B6
S31501009568204601A9019300F07CFB012803D06FF086
S31501009578020002B010BD019B2BB14FF0E0234FF062
S315010095888052C3F8042D0020F3E70246014620461F
S3150100959800F075FA0128F6D0E9E76FF00300E8E76D
S315010095A838B50546FFF79AFD044640B955B1284630
S315010095B800F096FC284600F0ABFC204638BD6FF05B
S315010095C80500FBE76FF00300F8E70000034B0360B3
S315010095D8034B0B60A0231360704700BF983B002024
S315010095E818390020034B0360034B0B60A02313605B
S315010095F8704700BFB8380020383600204FF0FF32D8
S3150100960800F10803C0E902234360036100230360F4
S31501009618704700230361704730B50C68631C0AD193
S3150100962803695A684A6091608B60596003680861EA
S315010096380133036030BD00F108021346526815680C
S31501009648A542FAD9EDE743689A684B608A6051608A
S315010096589960036808610133036070470369D0E9BB
S3150100966801128A6051605968814208BF5A60002216
S3150100967802611868013818607047000010B54FF08C
S31501009688807440E90224184A4FF0123440F80C2C31
S315010096984FF003324FF0023C40E905244FF0013206
S315010096A840F8203C40E9072C4FF010334FF01132B7
S315010096B84FF0093440E90A324FF008334FF0073CBE
S315010096C840E90C344FF006334FF0053240E90E3CC1
S315010096D84FF0043340E910326FF0430340F8443C3D
S315010096E840F8481D10BD00BFF5B000014FF0E0225B
S315010096F80423136100234FF47A719361044B1B68A9
S31501009708B3FBF1F3013B536107231361704700BFB4
S31501009718487B0020002313B54FF07F4201934FF099
S31501009728E023C3F81C2DD3F81C3D1B0E8DF803301E
S315010097389DF803309DF803309DF8033013F0800F30
S31501009748019B29D1082B0CBF0023019B174A18BF7F
S31501009758C3F107031B0203F4E06313604FF0E02330
S315010097680024D3F8202D42F47F02C3F8202DD3F824
S31501009778202D42F07F42C3F8202DC3F81C4DFFF778
S31501009788B5FF0B4B1C6000F079F801F02BF909F0D5
S3150100979881DD204602B010BD013301939DF80330E7
S315010097A85B00DBB28DF80330C6E700BFFC3B002047
S315010097B82C7B00204FF0E0234FF08052C3F8042D94
S315010097C8BFF34F8FBFF36F8F7047000008B500F0E6
S315010097D865F8044A136801331360BFF34F8FBFF36B
S315010097E86F8F08BD2C7B0020044B1A681A68013A52
S315010097F81A60186808B900F05CB870472C7B00201D
S3150100980810B500F04BF8044600F00EFF28B14FF0F2
S31501009818E0234FF08052C3F8042D2046BDE81040DE
S3150100982800F047B8836913F8023C662B0FD14FF055
S31501009838E023D3F8882D42F47002C3F8882DD3F8B3
S31501009848342F42F04042C3F8342F00F001B8704774
S31501009858094A1168086806C881F30B88022181F351
S315010098681488203080F30988BFF36F8F4FF000000A
S3150100987880F31188104700004C4100200648006813
S31501009888006880F3088862B661B6BFF34F8FBFF3ED
S315010098986F8F66DF00BF000008ED00E0EFF311806F
S315010098A84FF0300181F31188BFF34F8FBFF36F8FEC
S315010098B8704780F31188BFF34F8FBFF36F8F7047DF
S315010098C8EFF309801EF0100F08BF20ED108AEFF3A1
S315010098D80B82734620E9FC0F0F4A116808604FF0A6
S315010098E8300080F31188BFF34F8FBFF36F8F01F0FC
S315010098F879F84FF0000080F31188074A1168086863
S31501009908B0E8FC0F13F0100F08BFB0EC108A82F311
S315010099180B8880F3098818474C4100201EF0040F74
S315010099280CBFEFF30880EFF30980014908470000EF
S315010099388516800010B5044600F062FE204619F02F
S315010099485ADD044600F026FF204610BD10B5044630
S3150100995840B100F055FE20461BF077DFBDE8104008
S3150100996800F018BF10BD70B50446FFF72FFF94F835
S31501009978455004F124066DB2002D14DCFF2384F84A
S315010099884530FFF731FFFFF721FF94F8445004F102
S3150100999810066DB2002D12DCFF2384F84430BDE8B1
S315010099A87040FFF721BF636A002BE7D0304600F00D
S315010099B8BFFF08B101F066F8013D6DB2DCE7236926
S315010099C8002BE9D0304600F0B3FF08B101F05AF890
S315010099D8013D6DB2DEE710B50446FFF7F7FEA46B4D
S315010099E8FFF702FFB4FA84F0400910BD70B51646B8
S315010099F8026C0446856B42B906689EB9806801F017
S31501009A089DF8A6600135A56370BD6EB940681BF067
S31501009A185BDA6368226C1344A2686360934224BFCD
S31501009A28236863600020EDE7C0681BF04DDA226CFD
S31501009A38E36851429B1A2268E36093423EBFA368DA
S31501009A485B18E360022EEDD10DB1013DEAE7284628
S31501009A58D8E703461A6C084610B46AB1DC689968F7
S31501009A6814448C4228BF1968DC6028BFD960D968BC
S31501009A785DF8044B1BF0289A5DF8044B7047F0B566
S31501009A88044685B01D4601920E4601F001F8FFF71E
S31501009A989DFEA26BE36B9A421FD22A4631462046A7
S31501009AA8FFF7A4FF636A1BB104F1240000F040FF2D
S31501009AB808B1FFF77FFEFFF797FE012005B0F0BD5D
S31501009AC8FFF784FEA36BE26B9A42E6D80123019A5B
S31501009AD842B9FFF789FE0020F0E7022DDDD0002309
S31501009AE81F46F4E713B902A801F0A6F8FFF77CFEB2
S31501009AF800F086FDFFF76AFE94F84430FF2B08BF95
S31501009B0884F8447094F84530FF2B08BF84F84570F3
S31501009B18FFF76AFE01A902A801F09AF820BBFFF730
S31501009B2855FEA26BE36B9A4210D1FFF75DFE0199D0
S31501009B3804F1100000F0CAFE2046FFF714FF00F0FA
S31501009B4829FE0028BCD1FFF735FE06E0FFF74CFEDB
S31501009B582046FFF708FF00F01DFEFFF737FEA26B50
S31501009B68E36B9A42B2D298E72046FFF7FCFE00F073
S31501009B7811FEB0E738B100231A461946836003601F
S31501009B88C360FFF77CBF7047F0B5044685B00E4643
S31501009B98019200F07DFFFFF719FEA56B9DB13146D5
S31501009BA82046FFF756FF2369013DA56333B104F14A
S31501009BB8100000F0BDFE08B1FFF7FCFDFFF714FE2B
S31501009BC8012005B0F0BD019B1BB9FFF70DFE002072
S31501009BD8F7E702A801F030F82F46FFF705FE00F077
S31501009BE80FFDFFF7F3FD94F84430FF2B08BF84F807
S31501009BF8447094F84530FF2B08BF84F84570FFF789
S31501009C08F3FD01A902A801F023F8F8B92046FFF7E8
S31501009C18E2FEA8B1019904F1240000F057FE20469E
S31501009C28FFF7A1FE00F0B6FD08B9FFF7C3FDFFF780
S31501009C38CDFDA56B002DB2D1019B002BCDD1C4E77B
S31501009C482046FFF790FE00F0A5FDF0E72046FFF756
S31501009C588AFE00F09FFD2046FFF7BDFE0028E6D0EC
S31501009C68B5E7F8B504460E4609F024DBFFF716FEFC
S31501009C78A36BE26B07469A421FD994F84520013334
S31501009C88FF2A55B2A3630FD1636A3BB104F12400DD
S31501009C9800F04EFE10B10EB101233360012438469F
S31501009CA8FFF707FE2046F8BD00F0B8FC8542F5D25D
S31501009CB801356DB284F84550F0E70024EFE72DE948
S31501009CC8F84304468946904609F0F4DAFFF7E6FDBB
S31501009CD8A66B0746C6B194F84450494620466DB26C
S31501009CE8FFF7B7FE013E6B1CA66313D1236953B177
S31501009CF804F1100000F01CFE28B1B8F1000F02D0E3
S31501009D080123C8F8003001263846FFF7D2FD304650
S31501009D18BDE8F88300F082FC8542F4D201356DB2C4
S31501009D2884F84450EFE7F0B5002585B00446019163
S31501009D382E4600F0ADFE2F46FFF748FDA36BA3B1F3
S31501009D48013BA363236813B900F06CFFA060236984
S31501009D5833B104F1100000F0EBFD08B1FFF72AFD5D
S31501009D68FFF742FD012005B0F0BD019B1BB9FFF7C6
S31501009D783BFD0020F7E716B902A800F05DFFFFF7E3
S31501009D8833FD00F03DFCFFF721FD94F84430FF2B2D
S31501009D9808BF84F8447094F84530FF2B08BF84F84F
S31501009DA84570FFF721FD01A902A800F051FF10BB7C
S31501009DB82046FFF710FEC0B123683BB9FFF706FD41
S31501009DC8A06800F075FE0546FFF70EFD019904F13E
S31501009DD8240000F07BFD2046FFF7C5FD00F0DAFC04
S31501009DE808B9FFF7E7FC0126A6E72046FFF7BBFD02
S31501009DF800F0D0FCF7E72046FFF7B5FD00F0CAFCF6
S31501009E082046FFF7E8FD0028EDD0002DB1D0FFF779
S31501009E18DDFC616A19B1236B1968C1F13801A068C3
S31501009E2800F0C2FEA3E710B50446FFF7CFFC23688E
S31501009E3823B9A468FFF7D8FC204610BD0024F9E72A
S31501009E4803680BB9806870470020704770B586684B
S31501009E5804460D4600F010FE864204D10120E3684F
S31501009E680133E36070BD29462046FFF75CFF0028F1
S31501009E78F8D0E3680133E360F4E738B5856804464A
S31501009E8800F0FAFD85420BD1E368013BE3600BB1B3
S31501009E98012038BD1A4619462046FFF7F0FDF7E7B7
S31501009EA80020F6E770B5B9B100230C4A1C461546E1
S31501009EB85668864204D105EBC403C3E900100BE0DA
S31501009EC81BB91668002E08BF134601340A2C02F185
S31501009ED80802EDD1002BF0D170BD00BF003C002077
S31501009EE8002310B5084A52F83310DC00814206D126
S31501009EF80021064A42F833102244516010BD01334D
S31501009F080A2BF0D1FAE700BF043C0020003C0020F0
S31501009F1810B5FFF7E5FF90F846301BB9BDE81040CC
S31501009F28FFF714BD10BD70B504460D461646FFF77A
S31501009F384DFC94F84430FF2B04BF002384F84430C9
S31501009F4894F84530FF2B04BF002384F84530FFF70A
S31501009F584BFCA36B2BB93246294604F1240000F0C9
S31501009F68C5FC2046BDE87040FFF7FDBC70B50E463E
S31501009F78044610B3C06B00B3236CA3FB0035DDB9EF
S31501009F88FFF724FCD4E90F314B432268A563D018A7
S31501009F985B1A62601A44FF23A06084F84430E260C9
S31501009FA884F8453056B104F11000FFF727FB04F198
S31501009FB82400FFF723FB0AE0002070BD236933B1B3
S31501009FC804F1100000F0B4FC08B1FFF7F3FBFFF74A
S31501009FD80BFC0120F1E72DE9F0410D46174606462F
S31501009FE818B900242046BDE8F081A1FB0038B8F174
S31501009FF8000FF6D1484310F1510FF2D85030FFF750
S3150100A00899FC04460028ECD080F846805DB100F141
S3150100A018500301212046C4E90F652360FFF7A6FF17
S3150100A02884F84C70DEE70346F3E7024610B50021D3
S3150100A0380120FFF7D0FF0446FFF79CFD204610BD1F
S3150100A04810B50C4630B1884204D302220021FFF72D
S3150100A058C2FF08B9002010BD8463FCE737B50D4679
S3150100A0681C46E8B193B1A2B1E1B150230193019B1A
S3150100A078019B0121C4E90F0584F846102046226098
S3150100A088FFF774FF9DF8183084F84C30204603B06A
S3150100A09830BD49B950230193019B2246019BE8E74C
S3150100A0A80446F3E70C46F1E71446EFE7002213B539
S3150100A0B80B46009011460120FFF7D0FF0446FFF733
S3150100A0C859FD204602B010BD13B513460C4640B1E2
S3150100A0D8884206D30222009200221146FFF7BEFFEC
S3150100A0E810B9002002B010BD8463FBE710B590F8E3
S3150100A0F85D3004463BB9006BFFF728FC2046BDE8F6
S3150100A1081040FFF723BC012BF9D010BD00222DE921
S3150100A118F84306461E4B1F4C1D681F4B0F46D3F8C6
S3150100A12800801E4BD3F800902368206883F85E20D0
S3150100A1380430FFF793FA731C14D19FB1184B2168A9
S3150100A1485A688A6090682168C8602168043141604C
S3150100A158216804319160226853611A6801321A60D4
S3150100A168BDE8F88323682168AD195D6001F1040132
S3150100A17804D34846BDE8F843FFF74EBA4046FFF711
S3150100A1884BFA084B1A68AA4288BF1D60E8E700BF68
S3150100A198743C00204C410020C03C0020BC3C0020FF
S3150100A1A87C3C0020583C0020064A13681968064B77
S3150100A1B819B94FF0FF321A6070471268D2681268EF
S3150100A1C8F9E700BFC03C0020583C0020F8B50C4C0C
S3150100A1D80C4F0D4D236803B9F8BDFFF7F7FAFB6875
S3150100A1E8DE68301DFFF73AFA2B68013B2B602368BE
S3150100A1F8013B2360FFF7F8FA3046FFF777FFE9E7F7
S3150100A208903C0020943C0020783C00202DE9F04148
S3150100A2180446FFF7DBFA304B304E1A68304F0132ED
S3150100A2281A603568002D4AD134601B68012B1FD18D
S3150100A238B84640460135FFF7E1F9382D08F114080B
S3150100A248F7D1DFF8C480274D4046FFF7D7F92846EE
S3150100A258FFF7D4F92448FFF7D1F92448FFF7CEF9D7
S3150100A2682348FFF7CBF9234BC3F80080224B1D6027
S3150100A278224A201D136801331360214A2364116899
S3150100A288E36A8B4288BF136014225343F9184A685C
S3150100A2989568A260E56068609060FA58616101326C
S3150100A2A8FA50FFF7A1FA174B1B689BB13368DA6AB4
S3150100A2B8E36A9A420ED2BDE8F041FFF77BBA114B29
S3150100A2C81A68E36A002AD3D13268D26A9A4298BFD9
S3150100A2D83460CDE7BDE8F081783C00204C41002090
S3150100A2E8EC3C0020C43C0020A83C0020943C002003
S3150100A2F87C3C0020C03C0020BC3C00205C3C00208B
S3150100A308703C00206C3C0020D83C002008B5044C69
S3150100A318FFF75CFF2368012BFAD9FFF74BFAF7E73A
S3150100A328EC3C00202DE9F8430D46DDE90994960039
S3150100A33832460746A521206B9846FEF7C7FE236BD2
S3150100A348043E1E4426F007066DB16B1E04F1330266
S3150100A358093513F8011F02F8011F09B1AB42F8D1FB
S3150100A368002384F83D30089D201D372D28BF372549
S3150100A378E562A564FFF74DF9C5F1380504F1180042
S3150100A388FFF747F943463A463046216B2461A561F2
S3150100A3986462FFF773F92060B9F1000F01D0C9F8BB
S3150100A3A80040BDE8F8832DE9F043074685B09000E3
S3150100A3B8884616469946FFF7BDFA0546F0B160206C
S3150100A3C8FFF7B8FA0446B0B160220021FEF77EFE17
S3150100A3D80D9B256301930C9B3246414638460093F3
S3150100A3E802944B46FFF79EFF2046FFF70FFF012019
S3150100A3F805B0BDE8F0832846FFF7A8FA4FF0FF300D
S3150100A408F6E72DE9F043174660220E46002187B08C
S3150100A41805929846DDE90F94059B0546059B04912F
S3150100A428C4B1B9F1000F15D02046FEF74FFE02233D
S3150100A43884F85D3004ABC4F8309001930E9B28462E
S3150100A44800933A46434631460294FFF76BFF20468E
S3150100A458FFF7DCFE049807B0BDE8F083F8B50446BB
S3150100A4681D4DFFF7B3F904B92C68271D3846FFF7C8
S3150100A478F5F8A36A1BB104F11800FFF7EFF8174ABC
S3150100A488174E1368013313602B68A342336800D152
S3150100A4985BB9144A1368013B1360FFF785FEFFF7A2
S3150100A4A8A3F92046FFF722FE09E039460E48FFF7D1
S3150100A4B8CAF80E4A136801331360FFF795F9336832
S3150100A4C843B12B68A34205D1094B1B68BDE8F84087
S3150100A4D8FFF770B9F8BD00BF4C4100205C3C002075
S3150100A4E86C3C0020783C0020943C0020903C0020E5
S3150100A4F8503C00201A4B2DE9F0411B680446834263
S3150100A50826D0FFF763F9174BD4F828801F68164B36
S3150100A51865691E68FFF768F9144B98451AD0BD425C
S3150100A5281AD0B54218D0124B9D4209D1A36A9BB9DC
S3150100A53894F85C30012B14BF03200220BDE8F0819A
S3150100A5480C4B9D420AD0002D14BF01200420F5E7CB
S3150100A5580020F3E70120F1E70220EFE70420EDE709
S3150100A5684C410020C03C0020BC3C0020A83C0020F7
S3150100A5787C3C0020943C002030B58BB007AB1D46CF
S3150100A588184A12F8014B03F8014B002CF9D106AA17
S3150100A59805A904A8CDE90444FFF718F8049B294640
S3150100A5A80293059B069ACDE900430F482346FFF718
S3150100A5B828FF0E4B186080B100F0D8FC012805462B
S3150100A5C80BD1FFF76BF94FF0FF32094B1A60094BB4
S3150100A5D81D60094B1C60FFF79DF8084B1B680BB003
S3150100A5E830BD00BF28DC01016D218000543C0020EC
S3150100A5F8583C00206C3C0020743C0020307B002035
S3150100A608024A136801331360704700BF503C0020AB
S3150100A618014B1868704700BF743C0020014B18684D
S3150100A628704700BF783C00202DE9F84F4E4B1B6858
S3150100A638002B40F092804D4B1C6801341C6064B9B4
S3150100A6484B4B1A684B4A19681068186011604A4AD8
S3150100A658136801331360FFF7A7FD484D00202B68E7
S3150100A668474AA342DFF824B10FD91421DBF8003099
S3150100A678DB6A4B43D358022B424B28BF01201B6888
S3150100A688002B18BF0120BDE8F88F0746DFF800C187
S3150100A698374B1B681B681BB94FF0FF332B60E4E788
S3150100A6A8334B1B68DB68DB6859688C4201D2296029
S3150100A6B8DBE7D3F81480D3E90219C1F80890C9F881
S3150100A6C80410D8F8041003F1040E7145D8F80010E7
S3150100A6D808BFC8F8049001395F61C8F80010D3F8BB
S3150100A6E82880B8F1000F13D0D3E90719C1F80890EB
S3150100A6F8C9F80410D8F8041003F1180A5145D8F816
S3150100A708001008BFC8F8049001399F62C8F8001004
S3150100A7181426D96ADCF80080414506FB01F802EBEC
S3150100A728080ADAF8049088BFCCF80010D9F808604E
S3150100A738C3F80890DE60C6F804E0C9F808E0C3F873
S3150100A74814A052F80830013342F80830DBF800301B
S3150100A758DB6A994288BF01209AE70B4A00201368F1
S3150100A768013313608FE700BF503C0020743C002082
S3150100A778C03C0020BC3C0020603C0020583C002026
S3150100A788EC3C0020643C0020683C00204C41002041
S3150100A798703C00202DE9F84FFFF718F8434B1A686B
S3150100A7A81A68013A1A601B682BB10024FFF71CF8D6
S3150100A7B82046BDE8F88F3E4A1268002AF5D01425CE
S3150100A7C84FF0010C3B483C4C3C4A3D4E3D4F51E055
S3150100A7D8C368DB68D3F828E0D3E90718C1F808800D
S3150100A7E8C8F80410DEF8041003F1180949454FF0BA
S3150100A7F8000108BFCEF804809962DEF8001001391D
S3150100A808CEF80010D3F814E0D3E90218C1F808808D
S3150100A818C8F80410DEF8041003F104094945DEF806
S3150100A828001008BFCEF804800139CEF80010D3F81D
S3150100A8382CE0216805FB0EF802EB080A8E45DAF8CA
S3150100A848041088BFC4F800E0D1F808B09960C3F8CD
S3150100A8580CB0CBF80490C1F8089052F80810C3F868
S3150100A86814A0013142F808103168C96A8E4501D928
S3150100A878C7F800C001680029AAD10BB1FFF794FCFB
S3150100A888114D2C6844B101270E4EFFF7CDFE00B1DC
S3150100A8983760013CF9D12C600A4B1B68002B84D028
S3150100A8A8074B01241B68FEF785FF7FE7503C002014
S3150100A8B8783C0020A83C0020703C0020EC3C00209D
S3150100A8C84C410020643C0020683C002010B50C4631
S3150100A8D8054B19681831FEF79FFE2046BDE8104062
S3150100A8E80121FFF713BC00BF4C4100200F4B70B488
S3150100A8F844681D68A668EC611D68002A2E621D68F9
S3150100A90805F1180575601D681B6805F11805A56030
S3150100A9189862036870BC03F1010303600CBF084623
S3150100A9284FF0FF301146FFF7F1BB00BF4C41002045
S3150100A938C368F0B5DB689A6AD3E9070181604860A4
S3150100A948506803F11804A04208BF516000219962BA
S3150100A9581168013911601D4AD96A1268002A29D17C
S3150100A968D3E902405A69A060446054681D1DAC428F
S3150100A97808BF5060106801381060154A1068814296
S3150100A98888BF116014224A43124886187468A7685A
S3150100A9989C60DF607D60A5605E61835801338350EA
S3150100A9A80D4B1B68DB6A994285BF01200B4B0020C2
S3150100A9B81860F0BD0A4A50688568D8611D626C60E6
S3150100A9C884609A62136801331360E9E7503C0020FA
S3150100A9D8703C0020EC3C00204C410020643C0020E7
S3150100A9E8A83C0020F8B51F4B1A681F4B12B101226B
S3150100A9F81A60F8BD1D4C1A6023681B6B1A68B2F100
S3150100AA08A53F0BD15A68B2F1A53F07D19A68B2F1B1
S3150100AA18A53F03D1DB68B3F1A53F04D021682068BF
S3150100AA28343112F0DDDF1427114D124A296807FB6C
S3150100AA3801F3D658981896B14668083376681344D0
S3150100AA489E4208BFC368466008BF4360142303FBE0
S3150100AA5801225368DB68236029602368C9E7013945
S3150100AA68E5E700BF503C0020643C00204C41002033
S3150100AA78703C0020EC3C0020014B1868704700BF71
S3150100AA884C4100200122014B1A607047643C0020AA
S3150100AA98054B1B6833B1054B1868B0FA80F04009BD
S3150100AAA840007047012070476C3C0020503C002054
S3150100AAB8F8B5044600282ED01D4DC36A2A68D26A05
S3150100AAC893422DD282691B4E002AA1BF2A68D26AF7
S3150100AAD8C2F138028261142202FB036342699A4277
S3150100AAE81AD1071D3846FEF7B9FD2B68124ADB6AEB
S3150100AAF81168E3628B4288BF136014225343F1182D
S3150100AB084A689068A260E06047609760F2586161A0
S3150100AB180132F2500120F8BD2B68DB6AC362F9E7FE
S3150100AB282B68806CDB6A98422CBF00200120F2E773
S3150100AB384C410020EC3C0020703C002070B50446D6
S3150100AB4808B9002070BD154BC16A1B68826CC36CBD
S3150100AB58914203F1FF33C364F3D0002BF1D1051DF4
S3150100AB682846FEF77BFDA36CC3F13802A2610C4AA5
S3150100AB78E36211688B424FF0140188BF13604B439F
S3150100AB88084AD01841688E68A160E66075608D60D4
S3150100AB98D158606101310120D150D3E74C410020E1
S3150100ABA8703C0020EC3C002070B50446002831D0EA
S3150100ABB8836C994238BF1946C36A8B422AD0C26C44
S3150100ABC8012A27D1144A154D12688269C162002AE1
S3150100ABD84FF0140202FB03534269A4BFC1F13801C5
S3150100ABE881619A4216D1061D3046FEF737FD0C4A99
S3150100ABF8E36A11688B4288BF136014225343E9182C
S3150100AC084A689068A260E06046609660EA586161A9
S3150100AC180132EA5070BD00BF4C410020EC3C0020D7
S3150100AC28703C0020034B186810B1C36C0133C36430
S3150100AC38704700BF4C410020034B1B680360034B60
S3150100AC481B684360704700BF603C0020743C0020CD
S3150100AC5870B504460D46FEF7B9FD144B62681968CE
S3150100AC68134B186890F85E0040B100221B6883F800
S3150100AC785E200124FEF7B8FD204670BD2B68581CDE
S3150100AC8812D00C4826680068864204D08A4202D847
S3150100AC9800232B60EDE7881A8342F9D95B1A13441E
S3150100ACA820462B60FFF7C8FF0024E3E7743C002029
S3150100ACB84C410020603C0020914208B5416000618A
S3150100ACC80AD8D21A83699A420DD2084B011D18680F
S3150100ACD8FEF7A2FC002008BD9A4201D2994202D28F
S3150100ACE8034B011DF3E70120F5E700BFAC41002046
S3150100ACF8B041002070B504460D461646A1692B469B
S3150100AD08324620462944FFF7D7FF00B970BDA3692B
S3150100AD1820461D44236A9847F0E700000E4B70B59C
S3150100AD281B680546DB680E46DC68201DFEF796FCA7
S3150100AD3894F828305A0709D5324629462046FFF79E
S3150100AD48D9FF2046236ABDE87040184723F001035E
S3150100AD5884F82830F5E700BFB0410020F8B505466C
S3150100AD68FFF756FC0D4E04463368834209D90C4F4A
S3150100AD783B681A6852B90B4A116813603960012396
S3150100AD8800E0002320462B603460F8BDDB684FF0F5
S3150100AD98FF311868FFF7C2FFEAE700BF50410020FC
S3150100ADA8B0410020AC410020F7B5114CFEF70EFD6D
S3150100ADB82568BDB90F4F104E3846FEF71FFC3046C1
S3150100ADC8FEF71CFC0D4B10211F600D4B0A201E605F
S3150100ADD80C4A0D4B0095FFF741F9206010B10B495C
S3150100ADE8FFF760F803B0BDE8F040FEF7FDBC00BF11
S3150100ADF8A8410020C8410020B4410020B0410020EC
S3150100AE08AC41002055590020544100202DDC010198
S3150100AE182DE9F041524F534E86B03B68D3F8008076
S3150100AE28B8F1000F37D00024DB68D3F80080FFF7AC
S3150100AE38E7FB02A8FFF792FF029B0546002B3FD1CD
S3150100AE485CBB40452FD3FFF7A5FC29464046FFF7D3
S3150100AE5865FF1022002102A8FEF738F900223068A2
S3150100AE6802A9FEF791FE0028D7D0029B0498002B71
S3150100AE7829DB049C63696BBB01A8FFF76FFF029B83
S3150100AE880546013B082BE9D8DFE803F028284B5291
S3150100AE986128284B52000124C9E7334B1B681C68FB
S3150100AEA8B4FA84F4640922463068A8EB0501FFF771
S3150100AEB83AF8FFF76FFC0028CBD1FEF77BFCC8E711
S3150100AEC8FFF768FCC5E7039B05999847029B002B8A
S3150100AED8C4DBCEE7201DFEF7C1FBCDE794F8283089
S3150100AEE8A16943F0010384F82830039B02461944FB
S3150100AEF82046FFF7E1FE0028B0D094F8283059071C
S3150100AF080AD5A36903992A4620461944FFF7F2FE92
S3150100AF182046236A9847A1E723F0010384F82830DD
S3150100AF28F6E794F8283023F0010384F8283095E7EA
S3150100AF3894F82830024643F0010384F8283003992F
S3150100AF480346A16101442046FFF7B6FE86E794F859
S3150100AF5828309A07E7D42046FEF7F8FC7EE700BFBB
S3150100AF68B0410020A8410020AC41002010B588B0AE
S3150100AF78FFF71AFF0E4B00241868B8B107AA06A9ED
S3150100AF8805A8CDE90544FEF72DFB059B079A029313
S3150100AF98069B084901932823074800932346FFF790
S3150100AFA830FA064B1860001B18BF012008B010BD07
S3150100AFB8A841002032DC0101712C8000A441002047
S3150100AFC80348044B834202D0034B03B11847704729
S3150100AFD8C4860020C486002000000000064B0749ED
S3150100AFE8C91A891048BF0131491003D0044B0BB166
S3150100AFF801481847704700BFC4860020C486002050
S3150100B0080000000010B5064C237843B9FFF7D8FFB6
S3150100B018044B13B10448AFF300800123237010BD1C
S3150100B0285459002000000000A0F4010108B5054BA1
S3150100B0381BB105490548AFF30080BDE80840FFF795
S3150100B048CDBF00BF0000000020360020A0F401019A
S3150100B058A3F5803A704700BF174B002B08BF134B67
S3150100B0689D46FFF7F5FF00218B460F461348144A04
S3150100B078121AF5F757DF0E4B002B00D098470D4BE8
S3150100B088002B00D098470020002104000D000D4830
S3150100B098002802D00C48AFF3008009F06DFE2000AD
S3150100B0A8290010F048FB09F0D1FD00BF0000080097
S3150100B0B8000000000000000020320020A835002012
S3150100B0C8287B0020000000000000000008B50348A6
S3150100B0D8F5F701D8BDE8084011F03DBCE4EA0101E5
S3150100B0E80148F4F7F89F00BFE4EA0101002307B518
S3150100B0F80193054B1B68F6F7FDDA019B002BFCD083
S3150100B10803B05DF804FB00BF2C7B0020EFF3058339
S3150100B1180F2B84BF034A9B5C4FF0E023D3F80C3D09
S3150100B128704700BFF0E300E030B5074C2568246896
S3150100B1386A40D2B2891A101A090A41EA10216340F3
S3150100B14823EA0100C0B230BDDC410020044B1B6874
S3150100B158584043085B4240421843C017704700BF36
S3150100B168DC410020054B01311B680132434022EACC
S3150100B178030208400243501E00B27047DC4100201A
S3150100B1882DE9F04F834699B00F4618460021164619
S3150100B19804930AF0ABFF002800F0878100240125FB
S3150100B1A8774B30461493049915ABCDE90B45CDE998
S3150100B1B80D45CDE90F45CDE9114513930AF01FFF5A
S3150100B1C8A04228DABBF1000F05D1E7B900242046D1
S3150100B1D819B0BDE8F08F214658460AF085FE0446A7
S3150100B1E80028F2D00BA80AF0D4FD0DA80AF0D1FD6B
S3150100B1F80FA80AF0CEFD11A80AF0CBFD0C2115A85F
S3150100B20801F0A4FAE3E7314638460AF038FE044667
S3150100B2180028E7D1DAE731460BA80AF030FE0446E2
S3150100B2280028DFD104990DA80AF029FE0446002852
S3150100B238D8D1F1880FA80231ADF83850ADF83050A1
S3150100B2480AF0B5FD04460028CCD101460FA80AF03C
S3150100B2584BFE04460028C5D1F18811A802310AF02F
S3150100B268A6FD04460028BDD10DA80AF07CFE00F013
S3150100B2781F001F2873D0C0F11F0319460BA801939D
S3150100B2880AF097FE04460028ACD101990DA80AF0E8
S3150100B29890FE04460028A5D1BDF83250BDF83A8083
S3150100B2A80DA8A5EB080A4FEA4A1949460AF081FE94
S3150100B2B80446002896D14FEA8A0A0DA90BA80AF076
S3150100B2C8CDFE00284DDA49460DA80AF08FFE044640
S3150100B2D8002887D108F1FF3302939B0005F1FF3A55
S3150100B2E8069305F1804508F18043023B013D9B0029
S3150100B2F8A5EB08050993AB000393029B9A4541D830
S3150100B308BBF1000F0DD058460FA90AF0B8FD002869
S3150100B31840F0C780049AB388928813FB02F3ABF80E
S3150100B3280430002F3FF45EAF01990BA80AF05EFEC8
S3150100B338002840F0B680B3880BA93846ADF83030FE
S3150100B3480AF09DFD0146002840F0AD8038460AF016
S3150100B358CDFE00287FF446AF0123BB8042E7019466
S3150100B3689AE70F9A0BA952F80A300846013342F8B0
S3150100B3780A300DAA0AF09FFF044600289DD031E73E
S3150100B388010003000D9B069A05931344DDF82C90E2
S3150100B3980893059B4FEA8A089A5859F82A10A8F182
S3150100B3A804030F9D0793039B91421D4474D207988A
S3150100B3B8002359F80000F5F725DC002914BF4FF0E2
S3150100B3C8FF330346BAF1010F2B600EBF002309EBC9
S3150100B3D8080353F8083C099A1593079B59F8033053
S3150100B3E8169359F8083017932B6801332B60059B80
S3150100B3F8134498462B680021013B2B6011A80AF0DB
S3150100B40873FD00284DD1029B002B48D0D8F80020A7
S3150100B418119B11A91A60089A084612685A602A6887
S3150100B4280AF0D1FF00283CD113A911A80AF016FE8B
S3150100B4380028DFDC2A680DA911A80AF0C4FF80BB21
S3150100B448039B11A84FEAC30841460AF0B2FD40BB67
S3150100B4580BA9084611AA0AF02EFF014618BB0BA82C
S3150100B4680AF044FE002812DA0DA911A80AF007FD10
S3150100B478B8B9414611A80AF09CFD90B90BA908462E
S3150100B48811AA0AF015FF60B92B68013B2B60039BD3
S3150100B4980AF1FF3A043B2FE74FF0FF3392E7029A8E
S3150100B4A8B6E704469EE60C469CE66FF00B048EE66C
S3150100B4B8044B1B68584043085B4240421843C01777
S3150100B4C8704700BFDC41002010B50B4C2268236889
S3150100B4D84240594081EA0200C00FFFF7E9FF23689D
S3150100B4E8521A434022EA030208401043C00FBDE83E
S3150100B4F81040FFF7DDBF00BFDC410020F8B50D465F
S3150100B508014628681746FFF7DFFF0124C143074BA9
S3150100B5181E68BC4202D346EA0100F8BD55F824006C
S3150100B528FFF7C6FF01340643F3E700BFDC410020FD
S3150100B5382DE9F04707460F4B88461E6819681D68AE
S3150100B548541E631C02D13046BDE8F08758F824A082
S3150100B55857F8249050464946FFF7B6FF514605432A
S3150100B5684846FFF7B1FF20EA05031E430543013CA0
S3150100B578E7E700BFDC4100208842F0B504D000258A
S3150100B588084F0438AA4200D1F0BD3E6850F8044F6E
S3150100B5985E4024EA060451F8256001351E4034430D
S3150100B5A80460EFE7DC4100202DE9F04F1C4685B029
S3150100B5B8DFF884900391064621461046D9F80030F3
S3150100B5C8D9F800300BF04FF9C51D272D90468CBFD1
S3150100B5D84FF01E0A4FF0FA0AEB0825F00705029309
S3150100B5E82D1A0F9B2146009330460E9B029A0BF0AB
S3150100B5F837FB0746C0B92A46214630460BF0ACF957
S3150100B608BAF1010A14D0224631460398FFF776FFAC
S3150100B6182246834641463046FFF78AFFD9F800207D
S3150100B6280BEA00039A42DCD0384605B0BDE8F08F34
S3150100B6386FF00D07F8E700BFDC41002070B50C4636
S3150100B6480646114620461A460AF051FE0546A0B995
S3150100B658B36C33B921462046321DBDE870400AF065
S3150100B668E3BEB4F90430002B09DB20460AF07BFC63
S3150100B678F36BB0EB430F09D9184D284670BD014647
S3150100B68820460AF033FD0028EFD0F5E72046B36CD3
S3150100B698984705460028F0D10436B4F90430002B42
S3150100B6A804DA002120460AF021FD68B93146204610
S3150100B6B80AF0D4FC0028E0DB3246214620460AF08F
S3150100B6C875FD0028F2D006E03246214620460AF0EA
S3150100B6D8EFFD0028E1D00546CFE700BF80B0FFFFA8
S3150100B6E8F0B514461F46054685B002A80E460AF06F
S3150100B6F84BFB2346022100972A1D02A80AF042FFA6
S3150100B708044648BB06F110021146284602ABFFF76C
S3150100B71895FF044600BB06F108073A46394628460E
S3150100B72802ABFFF78BFF0446B0B902AB1A461946BE
S3150100B7382846FFF783FF044670B932463146284644
S3150100B74802ABFFF77BFF044630B93A46394628462D
S3150100B75802ABFFF773FF044602A80AF01AFB034877
S3150100B76814F10E0F18BF204605B0F0BD00B3FFFF58
S3150100B7782DE9F14F9A461B6904460E4691460A9DE4
S3150100B7881BB9724801B0BDE8F08F02F1100700211C
S3150100B79838460AF0ABFC30B95146304601B0BDE82F
S3150100B7A8F04F0BF041BD0AF11008002140460AF09E
S3150100B7B89DFC08B94946F0E7012140460AF096FC86
S3150100B7C80028DED13B463A4629462046FFF736FF92
S3150100B7D80028D7D105F108083B462A4641462046A6
S3150100B7E8FFF72CFF0028CDD153462A462946204685
S3150100B7F8FFF724FF0028C5D14246414620460AF1F3
S3150100B8080803FFF71BFF0028BCD14B462A462946E9
S3150100B81820460BF0FCFA0028B4D109F1080B5B4667
S3150100B8284246414620460BF0F2FA0028AAD10021E9
S3150100B83828460AF05BFC014690B940460AF056FCD8
S3150100B84840B92B464A463146204601B0BDE8F04F7D
S3150100B8580BF05ABB304601B0BDE8F04F0BF0FABC0D
S3150100B8682B463A46204606F11001FFF7E7FE002867
S3150100B87888D105F110072B462A4639462046FFF797
S3150100B888DDFE00287FF47EAF05F1180A2B463A46FD
S3150100B89851462046FFF7D2FE00287FF473AF4B4688
S3150100B8A83A4639462046FFF7C9FE00287FF46AAFB3
S3150100B8B8394628460AF0E3FA00287FF463AF294699
S3150100B8C820460BF012FB00287FF45CAF4346424644
S3150100B8D831462046FFF7B2FE00287FF453AF2B46C8
S3150100B8E83246314620460BF092FA00287FF44AAFD9
S3150100B8F853463246314620460BF089FA00287FF432
S3150100B90841AF33463A46394620460BF080FA0028BD
S3150100B9187FF438AF43463A4639462046FFF78EFE4E
S3150100B92800287FF42FAF5B46524651462046FFF763
S3150100B93885FE00287FF426AF53463A46204606F18F
S3150100B948080101B0BDE8F04F0BF061BA80B0FFFF06
S3150100B9582DE9F047012A8246DDE908490E46904657
S3150100B9681F4644D804300AF002FB054650460BF040
S3150100B978D1FB012882463CD1002106F110000AF0CC
S3150100B988B5FB48B9B9F1000F02D11B48BDE8F087EC
S3150100B9982070C7F800A0F9E7B8F1000F17D16B00BE
S3150100B9A801334B453B60F0D8214604232A463046ED
S3150100B9B801F8013B0AF0F7FA0028E7D12A46691C83
S3150100B9C8214406F10800BDE8F0470AF0ECBA6B1C01
S3150100B9D84B453B60D9D8002106F108000AF0A0FAC8
S3150100B9E82146023001F8010B2A463046EBE70348A7
S3150100B9F8CCE70348CAE700BF00B1FFFF80B0FFFFED
S3150100BA0880B1FFFF2DE9F84380460C4615461F46CF
S3150100BA1813B91D48BDE8F88304300AF0A8FA0646AA
S3150100BA2840460BF077FB012881462AD12B7833B99A
S3150100BA38012FEED12046BDE8F8430BF00BBC06F109
S3150100BA480108B845E5D832462046691C0AF095FA38
S3150100BA580028DFD1494604F110000AF045FA00280A
S3150100BA68D8D12B78042BD4D173000133BB42D0D162
S3150100BA78324605EB080104F10800BDE8F8430AF06F
S3150100BA887CBA0248C6E700BF80B0FFFF80B1FFFF5E
S3150100BA982DE9FF410E460546012106F110000AF07F
S3150100BAA825FB044650B928460BF034FB01287AD108
S3150100BAB8214630460AF01AFB002801DA3B4C6EE0B3
S3150100BAC806F10808214640460AF010FB0028F5DB76
S3150100BAD82F1D394630460AF0C1FA0028EEDA3946F2
S3150100BAE840460AF0BBFA0028E8DA68460AF04CF93B
S3150100BAF802A80AF049F94346424669462846FFF72D
S3150100BB089DFD0446002844D133463246284602A9FB
S3150100BB18FFF794FD044600283BD1EB687BBB02A9DD
S3150100BB28032208460AF0CBFB044690BBBDF90C304C
S3150100BB38002B04DA002102A80AF0D8FAC8B902AA29
S3150100BB48334611462846FFF779FD044608BB02AA83
S3150100BB581146284605F114030BF03DF90446C0B910
S3150100BB68684602A90AF07AFA104B041E18BF1C4649
S3150100BB780FE002A93A4608460AF09AFBD4E702AA58
S3150100BB881146284605F10C030BF025F90446002851
S3150100BB98D5D068460AF0FDF802A80AF0FAF8204658
S3150100BBA804B0BDE8F081024CF9E700BF80B3FFFF9E
S3150100BBB880B0FFFF38B505460BF0ACFA01280C46F4
S3150100BBC801460DD120460AF091FA002806DB2046E7
S3150100BBD805F134010AF042FA002803DB024838BDB0
S3150100BBE80248FCE70020FAE780B3FFFF80B0FFFFB9
S3150100BBF82DE9F04F0F46B5B0114606469A46029210
S3150100BC08FFF7D8FF0446002840F09F815146304689
S3150100BC18FFF73EFF0446002840F0978130460BF0B7
S3150100BC2879FA012840F09A81336C182101330220F0
S3150100BC384FEA53090FF03DFB0546002800F08C81B9
S3150100BC4805F118080BF06FFA40460BF06CFA0DF186
S3150100BC584C0B0BEB040008340AF096F8202CF8D1AB
S3150100BC68514628460BF0E0FA044698BB8246D14570
S3150100BC781ED1414630460BF033F8044650BB4346C5
S3150100BC882A4641463046CDF800B0FFF771FD044615
S3150100BC9800BB414630460BF023F80446D0B905F1FE
S3150100BCA810000AF076F805F128000AF072F811E09A
S3150100BCB8BAFBF9F1012318228B4009FB11A1DBB26A
S3150100BCC802FB0352F9B11146304613AB0BF01CF9CE
S3150100BCD8044638B34FF0000A0BEB0A000AF1080ACA
S3150100BCE80AF057F8BAF1200FF6D1F4B1B36D9D42B7
S3150100BCF82DD028460BF054FA40460BF051FA284647
S3150100BD0811F0CFFC23E003F0FE0101EB53011046CD
S3150100BD1805EBC10103920BF087FA039A0446002842
S3150100BD28D1D0D7E70AF1010AA1E705A80AF02CF84C
S3150100BD3806F1340B0BA80AF027F8214658460AF0F3
S3150100BD48EFF8012811D0B36D9D4204D1844C3846D1
S3150100BD580BF026FAF9E028460BF022FA40460BF0DA
S3150100BD681FFA284611F09DFCF0E7214602980AF0D1
S3150100BD78D7F80299824605A80AF081F8044630B137
S3150100BD880BA80AF006F805A80AF003F8AEE7594623
S3150100BD98029A0BA80AF08FFA04460028F0D1BAFADB
S3150100BDA88AFA4FEA5A1A52460BA905A80AF023F845
S3150100BDB804460028E4D1014609F1010213A8F5F762
S3150100BDC8B1D813AB1A46A346D94502925DD0594656
S3150100BDD805A803930AF0A4F8029A09EB0B01147853
S3150100BDE80BF1010B044305A80AF09AF8E4B2029A8A
S3150100BDF844EA4004039B02F8014BE5E75C781A78AC
S3150100BE0884EA010E6FEA0E0000F0010012FB00F24F
S3150100BE180C4002EA0E0182EA0E0203F8012F13F81A
S3150100BE28012C214342EAC01203F8012C0CF1010C42
S3150100BE38E345E3D20BA809F0ACFF05A809F0A9FF71
S3150100BE4805A80BF070F900240BAB1819083409F092
S3150100BE589BFF202CF8D10BF1D0036B442A463946B7
S3150100BE68304613F8843C0AF0FFFF0446002831D116
S3150100BE783E9B002B6DD0DDE93E2339463046FFF760
S3150100BE882FFC002865D0044624E000214FF0010C60
S3150100BE98CEE74B463A46394630460BF1FF3B0BF0A7
S3150100BEA833F80028EFD113AB2A46304613F80B3086
S3150100BEB805A90AF0D9FF0028E5D13A4639463046A0
S3150100BEC8CDF8009005ABFFF753FC0028DBD1BBF199
S3150100BED8000FDED105A80AF0B9FF4FF000090BAB38
S3150100BEE803EB090009F1080909F053FFB9F1200F1D
S3150100BEF8F5D1002C7FF4FAAE5246394630460AF09F
S3150100BF0833FF044600287FF4F1AE3E9B4BB1DDE9D1
S3150100BF183E2339463046FFF7E3FB044600287FF403
S3150100BF28E5AE394630460AF0DBFEB36D04469D425E
S3150100BF3808D028460BF034F940460BF031F928466B
S3150100BF4811F0AFFB002C7FF402AF204635B0BDE8F7
S3150100BF58F08F0DF12C09BAE7024CF8E6004CF4E72C
S3150100BF6880B0FFFF80B2FFFF30B4DDE9024524B19E
S3150100BF78CDE9024530BCFFF73BBE014830BC7047EE
S3150100BF8880B0FFFF73B505461E460BF0C3F80128BE
S3150100BF980C4601460ED113462046009605F1340299
S3150100BFA80AF0F0FA044B10F10E0F18BF03461846B3
S3150100BFB802B070BD014BFAE700B3FFFF80B0FFFF87
S3150100BFC82DE9F0410D46014628461746984600F0E8
S3150100BFD847F80446B0B928460BF09CF8012805F144
S3150100BFE8600612D142463946304609F0C6FF044674
S3150100BFF828B931462846FFF7DDFD044610B130461B
S3150100C00809F0C7FE2046BDE8F081014CF7E700BFFD
S3150100C01880B1FFFF70B5066C0D460736B3EBD60F38
S3150100C028114604464FEAD60203D200230A482B607A
S3150100C03870BDB0F866302A604BB10BF06BF8012879
S3150100C04807D104F16000BDE8704009F0ACBF0348B0
S3150100C058EEE76FF06D00EBE700B1FFFF80B0FFFF81
S3150100C06838B504460D460BF09FF820460BF069F8E3
S3150100C078032D257023D1144B144AA360A361A3632E
S3150100C0882362A362124B626063624FF00113114A85
S3150100C09823636261104A114B6263114AE362E261EA
S3150100C0A8201D09F060FFE06304F1340009F05BFF2D
S3150100C0B8206400200123C4E91600636438BD002307
S3150100C0C808482370FAE700BF01000800BCDC01013B
S3150100C0D85CDC01019CDC01013CDC0101DCDC0101C9
S3150100C0E87CDC010180B1FFFF0538C0B206289ABF82
S3150100C0F8024B53F820000020704700BFE0DC010125
S3150100C1080023F0B5044603600A276FF067000C4E5A
S3150100C1180B68934203D21D78303D092D00D9F0BD35
S3150100C1282568B54209D87D43256013F8010B2844D3
S3150100C1383038206000200B60EAE76FF06700EEE711
S3150100C1489999991970B5094C256815B96FF02D009B
S3150100C15809E0667C864207D1267C8E4204D10020FE
S3150100C168156062681A6070BD1434EDE724E60101B2
S3150100C17830B5084B1C6814B96FF02D0006E01D7C1C
S3150100C188854204D100205B680C60136030BD14330E
S3150100C198F0E700BFD4E5010130B5084B1C6814B9B6
S3150100C1A86FF02D0006E01D7C854204D100205B68F6
S3150100C1B80C60136030BD1433F0E700BFACE5010134
S3150100C1C82DE9F04F0F460021054687B00846009332
S3150100C1D890469B46134605AA109E09F04EFD284631
S3150100C1E810F027FE0446384610F023FE0599022969
S3150100C1F80A4638BF02224B1C023A03EB9213234428
S3150100C2081844119B984207D96FF02908129B1860A8
S3150100C218404607B0BDE8F08F39B101200FF049F863
S3150100C228044618B9DFF8A080F2E70C4643462046D3
S3150100C2380599CDF800B005AA09F01FFD804618B189
S3150100C248204611F02EFAE3E7284610F0F2FD2946BA
S3150100C2580246304610F064FD284610F0EAFDA14674
S3150100C2684FF00A0A3518DDF814B0BBF1000F18D1E2
S3150100C278384610F0DEFD39460246284610F050FDD4
S3150100C288384610F0D6FD02462B18581C129B05F8A5
S3150100C29802B0821B1A60119B59469A1AF4F742DEBC
S3150100C2A8CEE75A46402A28BF4022494628460392E5
S3150100C2B810F036FD039AABEB020015440590914444
S3150100C2C805F801ABCFE700BF80EEFFFFF0B50546E5
S3150100C2D887B00E46182200216846F4F723DE1DB9F9
S3150100C2E8114C204607B0F0BD2B68002BF8D16946E2
S3150100C2F830460BF0FAFB04460028F1D1BDF8007070
S3150100C30868460BF0CEFE27F0FF03B3F5E24F07D0E0
S3150100C31847F201039F4205D1044B2B60AE60E0E76B
S3150100C328034BFAE7034CDCE780C1FFFFB4E60101E2
S3150100C338E4E6010180C6FFFF2DE9F74F1646DDE960
S3150100C3480C89DDE90EAB04460D46109AE1B92BB905
S3150100C358036803BB164803B0BDE8F08F002EF9D079
S3150100C36801680029F6D021684F69FFB1CDE90FB2FE
S3150100C378294632462046BC46CDE90D9ACDF830808D
S3150100C38803B0BDE8F04F6047002EE3D001680029ED
S3150100C398E0D0002BE7D128460192FFF7A5FE0AF067
S3150100C3A881FF019A03460028DDD1D3E70148D2E788
S3150100C3B880C1FFFF00C1FFFF0048704780C6FFFF2D
S3150100C3C82DE9F04F04468BB00E46DDE9149A00219B
S3150100C3D8174604A818229846169DF4F7A3DD2046A9
S3150100C3E804A90BF082FB38B10722194B19490CF045
S3150100C3F8B8F90BB0BDE8F08F04A8BDF812B00BF080
S3150100C40850FE46F0C06143463A462046CDE901A5AD
S3150100C418CDF8009041F4E0610BF0CAFC034670B117
S3150100C4288533E1D143463A462046CDE901A5CDF803
S3150100C438009046F006210BF0BBFC0028D4D1CDE9CB
S3150100C44800A54B46494658462A680CF0B0F9D0E78C
S3150100C458E1DA000120E701012DE9F0431E469BB010
S3150100C4680746884614460021182204A8F4F75ADD1F
S3150100C4780023F51DED0802936D0024B92A4C2046C8
S3150100C4881BB0BDE8F0834FF006294FF4005144F480
S3150100C498824404A8ADF810400AF0F1FF4246394635
S3150100C4A802ABCDF81C9000F033FD48B101F014FB46
S3150100C4B80546029800F02CFC04463DB32C46DEE7FF
S3150100C4C8402D03D9029800F023FCD7E703AB01936B
S3150100C4D84023DDE924120AAF009330463B460CF0AF
S3150100C4E8BAF90446029814B100F012FCC7E7039B97
S3150100C4F8AB42E8D1CDE90073DDE9222349460BF0C9
S3150100C5089AFC50B9029800F003FC0446002CB6D0F8
S3150100C518204601F0E1FA0446B1E70722034B044934
S3150100C5280CF01FF9C4E700BF80C1FFFFE1DA000183
S3150100C53820E701012DE9F04105469CB00021164688
S3150100C54805A818221F46F4F7EDDCA86805A90BF023
S3150100C558CCFA38B10722144B14490CF002F91CB075
S3150100C568BDE8F081BDF8144005A804F44F43B3F5BE
S3150100C578824F18BF0024BDF816800BF092FD4122A8
S3150100C588A86804AB0BA90BF009FB0028E2D1239B91
S3150100C59804990393229B0096CDE90173E2B24346BF
S3150100C5A80BA8FFF759FFDAE7E1DA000120E70101F5
S3150100C5B870B5002306460846BEB0CDE903334122CD
S3150100C5C8806803AB05A90BF0E9FA044618B101F036
S3150100C5D883FA3EB070BD16ADA0223146284610F04A
S3150100C5E89FFB28460AF046FF0238314602284FF0DB
S3150100C5F8A002284698BF179C10F092FB28460AF01D
S3150100C60839FF0238022888BF00214FF0410398BF3D
S3150100C6181799CDE900530022204604AB6831FFF78C
S3150100C62897F90028D5D1DDE903239A4208D129468D
S3150100C63805A810F067FC034B002818BF1846C8E781
S3150100C6480048C6E780C1FFFF2DE9F0419046002763
S3150100C658ACB004ADA02206460C46284641460397CF
S3150100C66810F05EFB28460AF005FF0238022840460C
S3150100C67898BF059F0AF0FEFE072811D141222946D7
S3150100C688D8F8080003AB0BF089FA00BB3068039AA7
S3150100C698041B944214D26FF06B002CB0BDE8F081F4
S3150100C6A841230022CDE90053384603AB07F168015F
S3150100C6B8FFF74EF90028F0D13068A042E7D2EAE741
S3150100C6C8801A2946306010F02BFB0398E5E70148EC
S3150100C6D8E3E700BF80C1FFFF73B5054610460C4668
S3150100C6E816460AF0C7FE022809D1324621462846CF
S3150100C6F8FFF7AAFF00280DDB034618460AE0304675
S3150100C7080AF0B8FE07281BD100232A680193944230
S3150100C71802D90C4802B070BD2146B06801AB121BA4
S3150100C7280BF03CFA0028F4D12868019A2146801AB0
S3150100C738286010F0F7FB019B002B1846DDDAE9E7C4
S3150100C7480148E7E780C1FFFF80C6FFFF10B50A462B
S3150100C758044619B1024B00211B68984710BD00BF5A
S3150100C768347B0020F8B50D4E0D4C0E4D33680E483E
S3150100C778984767782B680C48984733680B48984759
S3150100C788022F08D12478E31F5C425C412B680748D5
S3150100C79898472046F8BD0024F8E700BF3C7B0020F7
S3150100C7A8E0410020387B0020B84700201C480020C3
S3150100C7B80E4B0340B3F1607F06D1B1F5885F14BF14
S3150100C7C86FF0860000207047B3F1707F0BD101F43A
S3150100C7D8E043B3F5005F06D111F4E06F0CBF6FF0CB
S3150100C7E88600002070476FF0860070470000C07F02
S3150100C7F88A42F8B507460C4600F019818F4922F49A
S3150100C808FF7323F001038B420ED08D4B22F0FF01FB
S3150100C818994209D08B4822F47F7323F0030383429C
S3150100C82802D0894B994228D1884B24F0FF019942BD
S3150100C8380FD114F0FF000BD0854B40F000709842E1
S3150100C84840F0F78082EA0400FF288CBF002001200F
S3150100C858F8BD7B4B9942ECD0A3F588539942E8D0B1
S3150100C86824F4FF7323F00103B3F1062FE1D07648D0
S3150100C8788142DED073498B42DBD004F0FE43B3F12B
S3150100C888A06F14D102F0FE43B3F1A06F40F0D1803E
S3150100C89882EA040333F47E1340F0CB8014F400409B
S3150100C8A8D6D0C4F30540C2F305429042CDE7B3F1B1
S3150100C8B8407F40F0A88002F0FE43B3F1407F40F08C
S3150100C8C8B88082EA040535F47E1540F0B28039460F
S3150100C8D82046FFF76DFF002840F0AB805D4B12F450
S3150100C8E87C1603EA020319D0B3F1607FC2F3054649
S3150100C8F879D15949D3B243F000738B4277D003F10A
S3150100C9087E43043B0F2B5CD8DFE803F05A5A5B7170
S3150100C9186567696B65675B5B6567696BB3F1607FC3
S3150100C92834D14D49D3B243F000738B4244D003F15D
S3150100C9387E43043B0F2BDCD801A151F823F000BF3D
S3150100C948C5C90001C5C90001FBC80001C1C900016B
S3150100C9583FCA000189C900018DC9000191C90001B9
S3150100C9683FCA000189C90001FBC80001FBC80001D3
S3150100C9783FCA000189C900018DC9000191C9000199
S3150100C9882026B6E73026B4E74026B2E7B3F1707F32
S3150100C99817D107F4E043B3F5005F03D10126C7F3C6
S3150100C9A802239E4007F4E043B3F5005F09D1012550
S3150100C9B8C7F302218D4004E010269AE7142698E76A
S3150100C9C8142514F47C1FC4F3054312D1B54214BFD0
S3150100C9D8002001203CE71C25F3E72025F1E7302557
S3150100C9E8EFE74025EDE7B3F1707FEAD1DAE71025E5
S3150100C9F8E7E712F47C1F01D1AB4218D022047FF578
S3150100CA0827AFB34221E7B3F1106F12D124F01F60AB
S3150100CA1820F4702068B902F0FE43B3F1106F7FF479
S3150100CA2817AF0E48104040F01060A042CFE7012032
S3150100CA380EE700200CE71C265BE700BF0002000694
S3150100CA48001300060004000600090006000300069C
S3150100CA58FF0000020000C07F030000020000FFF68D
S3150100CA6810B5344B21F0FF02E8B19A4236D003F5EE
S3150100CA7880539A4232D0A3F588539A422ED021F494
S3150100CA88FF7323F00103B3F1062F40D02A488242EF
S3150100CA983DD02A4A934221D0294B99420CBF002006
S3150100CAA86FF0860010BD9A4203D111F0FF0318D129
S3150100CAB8F8E7244B9A42F8D0A3F588539A42F4D062
S3150100CAC821F4FF7323F00103B3F1062FEDD01A4CBD
S3150100CAD8A242EAD0194A9342E4D1E6E711F0FF03EC
S3150100CAE804D0194A43F00073934202D16FF08600CD
S3150100CAF8D8E7164A934208D003F17E43083B032B35
S3150100CB088CBF6FF085000020CCE70020CAE711F042
S3150100CB18FF03E6D1094B21F47F7121F00301994204
S3150100CB28E4D003F5A0639A4214BF00206FF0860093
S3150100CB38B8E700BF00030006000900060004000666
S3150100CB480008000600130006FF00000205000002A7
S3150100CB5837B505460C46FFF705FE78B10023224690
S3150100CB6801932946074801AB0DF078FC20B9019BD2
S3150100CB78A34218BF6FF0930003B030BD6FF0880071
S3150100CB88FAE700BFE44100202DE9F04F4468DFF8D9
S3150100CB989CC0240A85B064458046DDE90E5689465F
S3150100CBA892469B46109F38D007D894B1012C2CD0B9
S3150100CBB86FF0860005B0BDE8F08FDFF874C06445F4
S3150100CBC81BD00CF1010C6445F2D1CDE90F670E9526
S3150100CBD80EE0CDE9016700950DF043FE10F1860FD1
S3150100CBE8E8D15B46524649464046CDE90F670E9560
S3150100CBF805B0BDE8F04F0AF007BFCDE90F670E95FE
S3150100CC0805B0BDE8F04F0DF02CBECDE90F670E95C6
S3150100CC1805B0BDE8F04F0DF013BDCDE90F670E95D0
S3150100CC2805B0BDE8F04F05F019B900BF0100800055
S3150100CC38020080002DE9F843884617461C4600F095
S3150100CC4819FE054688BBD8F80060B6F8009009F4C5
S3150100CC58E043B3F5804FB36808BF27F0010737EA09
S3150100CC6803031AD10CB3254B24F0FF029A421FD1B4
S3150100CC7814F0FF0304D0224A43F00073934232D0E2
S3150100CC8822464846F168FFF7B3FD074668B92246CA
S3150100CC9848463169FFF7ACFD70BB6FF08405002388
S3150100CCA83046C8F8003000F061FE2846BDE8F88332
S3150100CCB8144B9A42DCD0A3F588539A42D8D024F46F
S3150100CCC8FF7323F00103B3F1062FD1D00E498A422F
S3150100CCD8CED00E4A9342CBD004F0FE43B3F1407F47
S3150100CCE804D12304CCD56FF08605D8E7B3F1A06F3C
S3150100CCF8F7D0034B9C42C2E73D46D6E70003000640
S3150100CD08FF000002001300060009000600040006E1
S3150100CD1837B50446C0B101A900F0ACFD044698B97F
S3150100CD28224B23481B689847224D80BB0198037EF6
S3150100CD38032B11D10BF089FB2B6804461C48984735
S3150100CD4828B10CB96FF08F04204603B030BD002C12
S3150100CD5808BF6FF08704F7E7022B16D10323037682
S3150100CD684368DAB2FF2A1ED0134AB2EB132F06D054
S3150100CD78019B1A795AB158690BF0A8FB03E00DF02B
S3150100CD880EFD0028F4D0044601E06FF096040198E0
S3150100CD980BF05BFB2B68002818BF0446044898472C
S3150100CDA80028D1D0CDE76FF08404F0E73C7B002062
S3150100CDB880480020387B0020010080002DE9F341DE
S3150100CDC80D46194600236E680B60304690466F691A
S3150100CDD80BF050FB044668B930460BF04DFB044690
S3150100CDE840B9F6B256B91FB9AA68204B134063B1C8
S3150100CDF86FF08604204602B0BDE8F08101466869F5
S3150100CE080BF012FB0028EFD1F2E74FF6F8736A88A8
S3150100CE189A4227D8164B17481B682F79984710B19D
S3150100CE286FF08F04E6E707B901A8414600F0E2FC76
S3150100CE38114B04461B680F48984710B1002CD9D1ED
S3150100CE48EEE7002CD6D10FCDD8F800C066460FC63E
S3150100CE5895E8030086E80300002FCBD1019BCCF8A7
S3150100CE681430C7E76FF08504C4E700BFFC00FF7FF5
S3150100CE783C7B002080480020387B0020154B70B58C
S3150100CE881B68054614481646984718B16FF08F0473
S3150100CE98204670BD2B794BB96B69002433602B7E14
S3150100CEA8012B14D034606FF0960407E02846D5E9C3
S3150100CEB808120BF026FB04460028EDD0074B06485E
S3150100CEC81B6898470028E3D0002CE1D1DEE702234E
S3150100CED82B76F3E73C7B002080480020387B002036
S3150100CEE810B5044660B1074B07481B6898472046AA
S3150100CEF80AF0DEFDBDE81040044B03481B681847DD
S3150100CF0810BD00BF3C7B002080480020387B0020F4
S3150100CF182DE9F0410646002088B0884615461F4689
S3150100CF28CDE9040007921860002A6DD0B2F1005FBE
S3150100CF386DD2314605AB04AAFFF740FF044698B9FE
S3150100CF48049B5B6AABB104982A464388414606931B
S3150100CF5806AB029300F124030193436A0093036A23
S3150100CF68FFF712FE044658B3DDE90401FFF7B8FFDF
S3150100CF7840E073681B0A16D0264A934206D8023A3D
S3150100CF88934218D8012B06D0934216D00023079353
S3150100CF986FF08604E8E7304607A9079500F0B2F96D
S3150100CFA804460028E0D1079904980AF00AFD0446C8
S3150100CFB80028C8D0D8E70795F5E701230793F2E7D4
S3150100CFC80498069B4288CAB943804FF6F872934281
S3150100CFD817D8338813B102889A42D9D1738813B105
S3150100CFE842889A42D4D13A460599FFF747FF044643
S3150100CFF80028B9D1204608B0BDE8F0819A42C7D1C8
S3150100D008E3E76FF08504AFE76FF08604F2E76FF0A8
S3150100D0188504EFE70300800047F2010102888A428E
S3150100D02810D1104923F4FF7222F001028A4215D069
S3150100D0380D4A23F0FF03934214BF6FF086006FF089
S3150100D0488500704702F44F42B2F5824F06D123F4A8
S3150100D058FF7323F00103B3F1062FEDE76FF08500A7
S3150100D068704700BF00020006001300062DE9F041D3
S3150100D07817461C461F4A23F4FF7323F00103934204
S3150100D08805460E4698B00ED01B4B24F0FF029A4275
S3150100D09809D01A4924F47F7323F003038B4202D083
S3150100D0A8174B9A4222D1DDE91E1207AB01934023A1
S3150100D0B814F0FF000DF1200818BF40F0007000932E
S3150100D0C843460AF020FB70B9229B3A460493219BFA
S3150100D0D831460393209B28460293079BCDE900839B
S3150100D0E823460AF099FD18B0BDE8F0816FF0850076
S3150100D0F8F9E700BF00020006001300060004000657
S3150100D1080009000644F20101028822F440508842CF
S3150100D11810D1104923F4FF7222F001028A4215D078
S3150100D1280D4A23F0FF03934214BF6FF086006FF098
S3150100D1388500704702F44F42B2F5824F06D123F4B7
S3150100D148FF7323F00103B3F1062FEDE76FF08500B6
S3150100D158704700BF0002000600130006002307B54A
S3150100D1681A46009102490AF0B4FE03B05DF804FBC1
S3150100D17814E7010170B51C4E1C4C33681C489847CE
S3150100D1882378580744BF23F00403237023789907AB
S3150100D19805D500F015FB237823F002032370154DFE
S3150100D1A813482B68984733681348984763781BB127
S3150100D1B80023124A63605360002308210F486370F5
S3150100D1C8FFF7C4FA2B680C4898473368084898470C
S3150100D1D823780748DA0744BF23F0010323702B6835
S3150100D1E8BDE87040184700BF3C7B0020E0410020A5
S3150100D1F81C480020387B0020B8470020E441002065
S3150100D2082DE9F041FFF7AEFA18B100242046BDE832
S3150100D218F081364F36483B689847044620B16FF08F
S3150100D2288F04FFF7A7FFF1E7324D2B78D8070AD409
S3150100D2380DF009F9044610B90DF00EF904462B78DC
S3150100D24843F001032B702C4E29483368984710B1D7
S3150100D258002CE4D0E5E7002CE3D13B682448984745
S3150100D26804460028DBD12B78990706D400F0A0FAEA
S3150100D27804462B7843F002032B7033681C48984701
S3150100D2880028E5D1002CCCD13B68194898470028DD
S3150100D298C5D13368164895F8008098470028BED14D
S3150100D2A83B68164898470028B9D16B783BB918F0FE
S3150100D2B8010F04D0124B6C605C6002236B703368FB
S3150100D2C80E4898470028AAD13B680948984700287C
S3150100D2D8A5D12B7806485A075CBF43F004032B7087
S3150100D2E833689847002890D099E700BF3C7B002017
S3150100D2F81C480020E0410020387B0020B847002068
S3150100D308E4410020426870B5120A012A058843885B
S3150100D31859D06448824254D0002A40F0BE8005F4B0
S3150100D328E042B2F5805F02D0B2F5005F05D107335E
S3150100D338DB0840D16FF0850014E005F44F42B2F5E1
S3150100D348844F03D10733DB080AD1F3E747F2010219
S3150100D358954208D15B080133DB0803EBC3033B3372
S3150100D36800200B6070BD44F20102954202D1DB0830
S3150100D3781033F5E747F20202954204D1DB0803EBC5
S3150100D38843035A33ECE744F20202954204D1DB081F
S3150100D39803EB43034A33E3E725F0FF05B5F5E24F0F
S3150100D3A8D0D0B5F5824FC5D10733DB085B00013311
S3150100D3B8012BD5D1BEE725F0FF05B5F5824FCFD1B3
S3150100D3C8F6E70123CCE705F4E046DC1DB6F5805FF8
S3150100D3D825F0FF024FEAD40002D0B6F5005F06D168
S3150100D3E800284AD0B2F5824F07D1034640E005F43A
S3150100D3F84F46B6F5844F02D190B3C31C32E047F2CB
S3150100D4080106B5420DD15B080133DB0803EBC30303
S3150100D4183B330333800723F0030335D1072C23D18C
S3150100D42832E044F20106B54202D1DB081033F0E7D7
S3150100D43847F20206B54204D1DB0803EB43035A332C
S3150100D448E7E744F20206B54204D1DB0803EB4303DE
S3150100D4584A33DEE7B2F5E24FCED0B2F5824F05D0B8
S3150100D4680B68033323F003032C3379E743000133B5
S3150100D478012B00D10B68013BCBE7B2F5824F0B6854
S3150100D48806D0033323F00303B2F5824FECD102E051
S3150100D498023323F003030433E6E700236FF0860023
S3150100D4A80B605FE7010080002DE9F74300F4E040D7
S3150100D4B8B0F5804F0D4616461F46DDF828902CD14B
S3150100D4C801F16808404609F0D9FE88B94B460022A1
S3150100D4D841462846CDE90067FEF73AFA0AF03BF9D4
S3150100D4E80446B0B13A4600213046F3F71BDD10E099
S3150100D4F8002301930D4B4146009305F1600205F1A6
S3150100D5081C03284609F0C3FE0AF025F9044600283B
S3150100D518DCD0204603B0BDE8F08349462846FEF72D
S3150100D52879FD03B0BDE8F0430AF015B9A3870101F7
S3150100D538F0B51D460388174603F44F42B2F5824FEC
S3150100D54818BF00230E46A1B04188D8B20BF01BF9CB
S3150100D5580446F8B1684609F015FE21466846FEF705
S3150100D5687FFD044670B903460C4A684618A9FEF7BA
S3150100D57809FD044630B93B46324629466846FEF758
S3150100D58849FD0446684609F03FFE20460AF0E3F8DD
S3150100D59821B0F0BD6FF08500FAE700BFA38701014E
S3150100D5A80368114A10B59342044609D8023A9342D0
S3150100D5B815D88BB1023A93420BD06FF088000DE073
S3150100D5C803F17E430A3B012BF7D804300CF03AFEEF
S3150100D5D802E004300CF03EFE0020206010BD04304D
S3150100D5E80CF034FEF8E700BF0900000210B5036825
S3150100D5F80F4CA34208D8023CA34215D8023CA342C9
S3150100D6080BD06FF0880010BD03F17E430A3B012B56
S3150100D618F7D8043003F0CCFD02E0043003F020FE15
S3150100D628BDE810400AF097B8043003F0F3FDF7E7B8
S3150100D638090000022DE9F04114461D460378334AD4
S3150100D64843F000739342074688462C6037D003F1AE
S3150100D6587E43043B0F2B09D8DFE803F01C1C083175
S3150100D6682125292D212508082125292D24B12246E0
S3150100D67821214046F3F756DC00263B68244A9342AB
S3150100D6882AD8023A93423BD8023A93422ED06FF0F7
S3150100D698880002E0F4B96FF08900BDE8F081002C3A
S3150100D6A8F9D01C260EE0002CF5D020260AE0002C25
S3150100D6B8F1D0302606E0002CEDD0402602E0002C01
S3150100D6C8E9D01026224621214046F3F72BDCB44245
S3150100D6D8D3D2E0E71426F5E703F17E430A3B012B93
S3150100D6E8D5D84146381D03F06DFD03E04146381D86
S3150100D6F803F0C0FD0AF02FF80028CED12E60CCE742
S3150100D7084146381D03F090FDF4E700BF030000020F
S3150100D7180900000238B5074C074B20461B68984795
S3150100D728064B204693F8C855054B1B68984728466B
S3150100D73838BD00BF1C4800203C7B0020EC4100207E
S3150100D748387B002000F14043242B70B505460E4670
S3150100D7580CD82822154C02FB0344237E022B02D146
S3150100D7686369834218D06FF08B001AE001210AF031
S3150100D7785BFEB8B10D4B00221C46197E022902D167
S3150100D7885969A94205D00132252A03F12803F4D1A2
S3150100D798E9E7282303FB024420460AF038FE00B9CC
S3150100D7A8346070BD6FF08700FBE700BFEC410020D5
S3150100D7B80122024B002083F8C8257047EC4100205E
S3150100D7C82DE9F0410A4C002526464FF001080327AA
S3150100D7D82046C4F81C80277601350AF069F9252DFB
S3150100D7E804F12804F4D1002386F8C835BDE8F08190
S3150100D7F8EC410020F8B506460F46FFF78BFF88B3C4
S3150100D80800241B4B22461D46197ED1B13CB902297B
S3150100D81805D1D96919B91979002918BF1C460132E8
S3150100D828252A03F12803EFD114B96FF08C0006E01D
S3150100D83820460AF0ECFD20460AF03AF910B1002418
S3150100D8480EE01C46237E83B9012323763EB1651B70
S3150100D858ED1003F1CC335D4305F1804535600020B9
S3150100D8683C60F8BD6FF08800E9E76FF09600E6E7DF
S3150100D878EC41002000232DE9F3410B6080460D465B
S3150100D888FFF748FF002867D0354B36481B6898478D
S3150100D898074628B16FF08F04204602B0BDE8F08133
S3150100D8A829464046FFF74EFF10F18C0F04462E4ECF
S3150100D8B807D033682B4898470028EDD0002CEBD1C8
S3150100D8C8E8E729463846FFF795FF044618B1336855
S3150100D8D824489847E0E701232F68CDE90000694607
S3150100D8E83846C7F814807B6001AA0AF05CFE044634
S3150100D8F870B1DDE900010AF054FE28680AF0D8F88B
S3150100D90814F18C0F08BF6FF0870400232B60D0E752
S3150100D918DDE9001238460AF067F80446DDE9000138
S3150100D9280AF03FFE002CE8D128688368D90444BF71
S3150100D93843F48063836083689A0444BF43F40063B5
S3150100D9488360037E012B04BF022303760AF05FFD81
S3150100D95804460028ADD0D8E76FF088049CE700BFDD
S3150100D9683C7B002080480020387B00200B4B10B5FB
S3150100D9781B6804460A48984718B16FF08F04204679
S3150100D98810BD20460AF061FD064B04461B68044893
S3150100D99898470028F3D0002CF1D1EEE73C7B002014
S3150100D9A880480020387B002037B5044630B1164B35
S3150100D9B816481B68984720B16FF08F04204603B0BC
S3150100D9C830BD204601A9FFF7BDFE114D044640B101
S3150100D9D810F18C0F2B680D4808BF6FF08704984724
S3150100D9E8ECE70198C369012B0AD10AF061F80446EC
S3150100D9F82B68064898470028E0D0002CDED1DBE7E3
S3150100DA080AF023FDF3E700BF3C7B00208048002095
S3150100DA18387B002030B40D4D2C681C606C685C6046
S3150100DA2800249C605468DC6014881C8254885C82DB
S3150100DA3894685C61D4689C61126930BCDA611962C8
S3150100DA480A46014603F124000FF06AB918E70101F5
S3150100DA582DE9F843232904460F4691469846089E20
S3150100DA6804D86FF098052846BDE8F88308221949B5
S3150100DA780FF048FA05460028F3D1A368002BF0D128
S3150100DA88216A243F8F42C8F80010EAD3B1F5005F36
S3150100DA98E7D271B9C9F80000E3687360238A338055
S3150100DAA8638A73806369B360A369F360E369336169
S3150100DAB8D9E701200DF0FDFBC9F8000030B1D8F80F
S3150100DAC8002004F124010FF02BF9E5E76FF08C052E
S3150100DAD8C9E700BF18E7010100F19903142B1AD809
S3150100DAE8DFE803F017171919191919171919191947
S3150100DAF81319191B150B0F0D110009487047094811
S3150100DB0870470948704709487047094870470948E6
S3150100DB187047094870470AF007BE0848704700BFB2
S3150100DB2800C3FFFF80C6FFFF80C5FFFF00C1FFFFDF
S3150100DB3880C0FFFF80C1FFFF00C2FFFF80C7FFFF54
S3150100DB4870B5094D04462860084801600849094826
S3150100DB580A60094A1360A0472B68084898472B684A
S3150100DB680748BDE870401847447B0020407B0020E9
S3150100DB783C7B002080480020387B00201C48002080
S3150100DB88B84700202DE9F04FCBB0029008460C4665
S3150100DB9805250FF04EF90023CDE90753099305939F
S3150100DBA8029B27181E68002E40F0F2802546B246D1
S3150100DBB84FF0010BDFF83C92BD4206D909980028BF
S3150100DBC837D148464BB0BDE8F08F2B78BBF1000F33
S3150100DBD800F0F9803D2B40F0D980DFF81CA22A1B02
S3150100DBE8DAF800603EB9214607A809F083FB002848
S3150100DBF800F0E780F6E0DAF804309A4208D12146C7
S3150100DC08304603920FF0A0F8039A002800F0C68068
S3150100DC180AF1100AE4E72378232B7AD100232A1B79
S3150100DC2802F1FF3B1BF00108069305D0DFF8C4910A
S3150100DC3809980FF036FDC4E7033AB2F5027F4FEAB9
S3150100DC485B0BF3D2594601200DF033FB81460028C0
S3150100DC585CD0BBF1000F0ED14B4613F8014B05AA58
S3150100DC6809EB0B0106A8069307F0E7FD90B14846B4
S3150100DC780FF017FDDAE7013420460AF05CFE0028AA
S3150100DC88F5DB09F8080008F10108C34504F10204A7
S3150100DC98F2D1E1E7059AB2F5807FE8D81F2C0699FB
S3150100DCA807D8524BE340D80703D50B46501898427C
S3150100DCB826D10AA80FF034F848460FF0F2FCDDE940
S3150100DCC80821059B029800930AAB07F04FFF81468E
S3150100DCD809980FF0E6FC00230993B9F1000F5AD011
S3150100DCE82B46C9F80C401D460133AF421C4602D0EB
S3150100DCF86A78202AF7D04FF0010B4FF0000945E06A
S3150100DD0813F801CBBCF1000FD1D1B0E7DFF8EC90E5
S3150100DD188EE7BAF1000F62D10DF12808C346A54274
S3150100DD2804D8A8EB0B03F4680593C8E721785C29A6
S3150100DD3826D1A21C954204F10109039213D948463A
S3150100DD480AF0F9FD431C0ED0002848D0039A08F1C1
S3150100DD58010CC1B2ACEB0B0CBCF5807F08F8011BBA
S3150100DD683DD0541CDBE74D4539D9617820480391EC
S3150100DD780EF09EFE98B34A46039908F1010CE9E7AD
S3150100DD88224608F1010CE5E74FF0000B013513E7D0
S3150100DD98DFF86C9015E7DFF8649012E70390DAF87C
S3150100DDA808000FF046F80146089001200DF081FAA7
S3150100DDB8089ADAF8081009900EF0B2FF039B564646
S3150100DDC89B46DA466C1C2B782C2B03D115F8013CA3
S3150100DDD85C2B01D1BD42D7D1A5427FF41CAF09986E
S3150100DDE80FF05FFCDFF80C90EBE600BF001058500F
S3150100DDF83CE7010180DCFFFF60E7010180D7FFFFF7
S3150100DE0800D8FFFF2DE9F04F0746A1B00D460120C6
S3150100DE184B21144609930DF04CFA8046002800F070
S3150100DE281F8100230B933B7A29460893FA682B191D
S3150100DE380CA807930C930AF040FE041EC0F2F58065
S3150100DE4800F0FA80224629460CA807F0A7FDA1464C
S3150100DE58041EC0F2EA80302229460DEB020007F0C3
S3150100DE68C1FD061EC0F2F380A1444E44324629463E
S3150100DE780CA807F093FD041EC0F2D780312229466B
S3150100DE880CA807F0AFFDB0F10009C0F2DC80092348
S3150100DE982946744A0CA807F00CFE0028C0F2D58062
S3150100DEA826444E4400EB06094A4629460CA807F0C3
S3150100DEB875FD041EC0F2B980302229460DEB020019
S3150100DEC807F090FD061EC0F2C280A1444E443246B8
S3150100DED829460CA807F062FDB0F1000AC0F2B1802C
S3150100DEE8A02229460CA807F07DFDB0F10009C0F271
S3150100DEF8AA800C9A29463868521B09F065FB041E4C
S3150100DF08C0F293800C9B29461B1B7A680CA80C93BC
S3150100DF180AF023FDA346041EC0F287800022294683
S3150100DF280CA807F00EFE0028C0F28F8056444E4416
S3150100DF385E44264400EB06094A4629460CA807F022
S3150100DF482DFD041E71DB302229460DEB020007F078
S3150100DF5849FD061E7BDB0FAB019340230898A144BC
S3150100DF684E44009332466B440C9940F0007009F018
S3150100DF7840FE034600286CD12A9A0492099A039214
S3150100DF880EAA02924B22CDE9008210AA397A386884
S3150100DF9809F05EFA0446002847D10121386809F0DC
S3150100DFA84EFA00284AD10421386809F048FA0028AF
S3150100DFB852D04FF004094846397A0BAB0AAAFEF744
S3150100DFC8C1F8044688BB32460C9928460EF0AAFFCA
S3150100DFD8079BCDF808900D930E9BA919CDE90083EF
S3150100DFE8DDE90A230DA80AF01EFD041E1DDB0D98A6
S3150100DFF83246801B294626440D900EF093FF324681
S3150100E00829460DA807F0CAFC041E0EDB3022294654
S3150100E0180DA807F0E7FC071E20DB0D9A002128460C
S3150100E028521BF2F77FDF34443C4440460FF039FB7C
S3150100E038204621B0BDE8F08F264648E74FF0010992
S3150100E048B9E75446F1E74C46EFE70446EDE73446AF
S3150100E058EBE76FF06F04E8E7034CE6E73C46E4E7D5
S3150100E068024CE5E730E9010100DDFFFF80D7FFFF3C
S3150100E07870B5002686B005960A9E0C46009615468A
S3150100E088FFF7C0FE00280ADB2A1A05ABCDE90153C2
S3150100E09804490346009404482244FEF791F806B061
S3150100E0A870BD00BF3AE901015DE90101BFF34F8F78
S3150100E0B80549064BCA6802F4E0621343CB60BFF315
S3150100E0C84F8F00BFFDE700BF00ED00E00400FA0531
S3150100E0D80348044A0449121A92100AF09CBD00BF6B
S3150100E0E8A8810001C8AF0001000000204FF00060C0
S3150100E0F82DE988484249434B434AD3F89430886608
S3150100E1080221012B414B4FF0000099604FF000515D
S3150100E11846D80025002600275FF000085FF00009B1
S3150100E1285FF0000A5FF0000B5FF0000C501A4FF425
S3150100E1388073B0FBF3F404FB03F40C44A14210D240
S3150100E148A1E8E01FA1E8E01FA1E8E01FA1E8E01FA0
S3150100E158A1E8E01FA1E8E01FA1E8E01FA1E8E01F90
S3150100E168ECE7914202D241F8045BFAE70522274B14
S3150100E1789A604FF00062A3F540539A66244B83F3E5
S3150100E1880A8800F04FF8FFF7A3FF224B22498B427A
S3150100E19828D30020214B22498B422ED3FCF75CFF62
S3150100E1A8501A4FF02003B0FBF3F404FB03F40C44BC
S3150100E1B8A14204D291E8E01FA1E8E01FF8E79142E5
S3150100E1C803D20D6841F8045BF9E7CFE7186850F800
S3150100E1D82240586840F82240013298688242F5D3B5
S3150100E1E80C33D4E70022F8E71C6844F82200013210
S3150100E1F85C68A242F8D30833CEE70022F8E700BFED
S3150100E20800508040008000A3000006200090804056
S3150100E218202E0020A8F40101B4F40101B4F401018F
S3150100E228B4F40101044B054A9A60D3F8882042F4F4
S3150100E2387002C3F88820704700ED00E000800001F5
S3150100E248002307B529480193F1F745DF4FF44073D9
S3150100E258012204216846ADF800300AF000FD0122CA
S3150100E268234B0520C3F8442401A9F1F72FDF002821
S3150100E27839D1204BD3F8F02042F00102C3F8F0203F
S3150100E288D3F8FC2042F08072C3F8FC201A4AA3F5A1
S3150100E2985D431A60019B194A03F5D52303F2FC4332
S3150100E2A8B3FBF2F3164A013B13610223C2F8F030BD
S3150100E2B84FF48073C2F804334FF06043114AC3F830
S3150100E2C8B02F114AC3F8802ED3F8002E42F480727B
S3150100E2D8C3F8002EFF2283F82020D3F8002E22F45B
S3150100E2E88072C3F8002E03B05DF804FBE4EA01016D
S3150100E2F800D0834000ED00E0FF030040F8590D000F
S3150100E308000004E055CEACC509000100F8B5044685
S3150100E3180127124D04B314F001000BD0002024F09C
S3150100E328010405EBC0021668002EF3D05168C0B28D
S3150100E338B047EFE72246013020284FEA520201D0C2
S3150100E348D307F8D507FA00F20F2824EA0204E8D918
S3150100E35805EBC0021038E6E7F8BD00BFE448002027
S3150100E36808B50C48F1F7B7DE2A2004F06FF928B191
S3150100E3782A2004F079F92A200CF028FE2B2004F033
S3150100E38865F928B12B2004F06FF92B200CF01EFE3D
S3150100E398002008BDE4EA010108B501F0BFFF054BFD
S3150100E3A800F0553020F05020C3F82004BDE808409D
S3150100E3B8FFF7ACBF00E0834008B501F0AFFF054B9E
S3150100E3C800F0AA3020F0A020C3F82004BDE80840D8
S3150100E3D8FFF79CBF00E083402DE9F04F1446054640
S3150100E3E80E469B46036C87B001225B6902A96068E9
S3150100E3F898472B6C01225B6903A93046984702A806
S3150100E4080BF0E7F9074648B10023A37563754FF08A
S3150100E418FF33A360002007B0BDE8F08F03A80BF017
S3150100E428E5F90123A375237E04EBC303DE611F848B
S3150100E4386368B3420ED1206003A80BF0F9F94FF0D7
S3150100E448FF332075A360237D043B022B26D80023C6
S3150100E458A375DFE723681A1A53425341A37503A824
S3150100E4680BF0E6F9237D834218BFA77503A80BF0C5
S3150100E478C1F9074602A80BF0BDF9874218BF002368
S3150100E48803A818BFA3750BF0BDF9074602A80BF040
S3150100E498B9F987421CBF0023A375D4E703A80BF07B
S3150100E4A8A9F980B12B6C022230465B6904A9984709
S3150100E4B804A80BF0AEF90346207D032839D8DFE816
S3150100E4C800F03838040903A8F3E7CC22237E04EBCD
S3150100E4D8C3031A8401F090FE109B187003A8277EC7
S3150100E4E80BF07CF904EBC70787F82200237E03A803
S3150100E4F804EBC303B3F8209093F822700BF07AF972
S3150100E508804603A80BF07EF98246B8F1000F15D0B4
S3150100E5182B6C022230465B6904A9984704A80BF0C4
S3150100E5283DF96075637D6BB90023A3754FF000084B
S3150100E53838E0227E04EBC2021384CBE703A80BF072
S3150100E54818F9EEE794F81680B8F1000FEED0B9F194
S3150100E558000F09D1DFB10123E375637E002B4FD18B
S3150100E568012F42D1677614E0EB6C06EB0A02594299
S3150100E57886EA020008421CBF0021A175591E0A40FD
S3150100E5889B1A9945D0D8A37D002BE3D1CEE7E37D2D
S3150100E59843B94FF000084B465246314628460AF021
S3150100E5A81DFDA060A27D12B123694B4423611A495E
S3150100E5B8237E097899422AD901332376BBF1000FC4
S3150100E5C827D032B3E37D23B3B8F1000F21D1032F4E
S3150100E5D81FD0A1684B1C1CD0109B224600932846CD
S3150100E5E80123FFF7F9FEA07513E095F8383063B9F2
S3150100E5F82B6B0133CFD1032FCDD10123A376C8E7E6
S3150100E608012FCFD0032FC4D1F7E79846C3E70023DC
S3150100E618A375A07DFFE600BFB4E901012DE9F04F1E
S3150100E6280E46984600238BB004464FF0FF3110463C
S3150100E63817468DF8133001F0C9FDB6F5801F3BD397
S3150100E648B21C53D1256B6B1C57D12046A16A0AF01F
S3150100E6580BFC0546B31C18BF0123DFF8249101936F
S3150100E668A36AE26C0293236805A902FB053A236CA7
S3150100E67805225B695046984705A80BF045F90BF04A
S3150100E68868F950460BF070F94FF0000B82460146C7
S3150100E6984B1C05D0E36C81EA0A025B42134232D075
S3150100E6A8294620460AF0E0FB029BAB424DD0BBF15E
S3150100E6B8000F4DD10546D3E7314605AA04F10800F6
S3150100E6C80AF0A0FF0146481C10D0384601F07EFD2D
S3150100E6D80122394620460DF113030AF0C8FC28B178
S3150100E6E89DF8133088F80030002003E0237C002BC6
S3150100E6F8A8D12D200BB0BDE8F08F2368ED1AE36C85
S3150100E708B5FBF3F5A6E7484601F060FD0DF11303E5
S3150100E71849462046019A0AF0AAFC034690B1B21C62
S3150100E72803D0D9F80020B2420CD19DF813200393E7
S3150100E738124B88F8002049461A6838460EF0F0FA56
S3150100E748039B9B46D9F80810A2E7BBF1000FD0D06E
S3150100E758B6F5801FC8D208343146204698F80030ED
S3150100E7687A680AF057FE0028BED13146204698F845
S3150100E77800307A680AF0B9FEBCE700BFB0E90101CA
S3150100E788C45000202DE9F3410446174698460E4623
S3150100E798194DC16A236B8B422AD04B1C18E02846B7
S3150100E7A801F014FD0122294620460DF107030AF05E
S3150100E7B85EFC30B14346294620469DF80720B847F6
S3150100E7C8B0B1A9684A1C05D0012E0AD0236B99421B
S3150100E7D8E5D10DE0696820460AF0D3FB012E014612
S3150100E7E8D8D16B6881EA0302E36C5B421A42D1D045
S3150100E7F802B0BDE8F08100BF905000202DE9F0413C
S3150100E808436B9046C26B07689A4288BFC363C26C62
S3150100E818836A90B002FB0377036C0E46052201A9B1
S3150100E8285B6904463846984701A80BF06DF801283C
S3150100E8380146307057D0E56C226C2368A06AD2F87D
S3150100E84814C005FB0030052206A9E04706A80BF00F
S3150100E8585BF801284FF0000523D0D4E90B320121DA
S3150100E8689342CDE90B458DF834800E958DF83C1011
S3150100E8782AD1194620460AF084FB636BE26C1433ED
S3150100E8889B1A206363630C9B53B99DF83C303BB1DB
S3150100E898A26AE16C2368206C01FB02310AF0ECFFE5
S3150100E8A80C9D236C05225B6901A93846984701A886
S3150100E8B80BF02AF830702846636BE26B9A4288BFE0
S3150100E8C8E36310B0BDE8F081237C33B91C490BAA78
S3150100E8D804F1080001F086FBD5E72046194A0BAB7F
S3150100E8E8FFF750FFCFE7237C23BB2246164904F1E5
S3150100E8F8080001F077FBA16A20460AF0D6FAA16A58
S3150100E908421C20460AF04BFA054620B9636BE26CB5
S3150100E9181344143B63632046E16A0AF032FB236819
S3150100E928E062C01AE36CB0FBF3F0A06220460AF07D
S3150100E9386BFBB6E700232046044AFFF723FFDAE715
S3150100E948ADF5000119F5000111910101AD90010123
S3150100E95873B50D46D11E4A421C461B7E4A419A4250
S3150100E96826D129682368994222D3636899421FD818
S3150100E978114E0DF107033246FFF750FEC0B9726812
S3150100E9886B689A4214D19DF80730DA1E53425341F7
S3150100E998227E93420CD1636901336361D4E903236F
S3150100E9A8934205D22968A26842F8231001332361EC
S3150100E9B8012002B070BD00BFF85000202DE9F047D4
S3150100E9C84FF0FF334FF6FF720025044600F10807A2
S3150100E9D8C0E90A238EB00363456245633846884613
S3150100E9E80AF001FD20460AF0BBF9002840F0C5806F
S3150100E9F8414620460AF088FA20460AF0B1F9064649
S3150100EA08236F1B6898470546002840F08F80002E23
S3150100EA1800F0278120460AF0D7F94FF6FF72A36A5C
S3150100EA28934200F02081226CE66C2068D2F814C06B
S3150100EA3806FB030004A90522E04704A80AF03BFFE8
S3150100EA48A26A2368E06C894E00FB02300AF08CFF4B
S3150100EA584FF0FF33E062236332466FF0010120462F
S3150100EA680DF10F03FFF7DAFD002840F0AE80D6F866
S3150100EA7808800026C4F83080236C01225B6909A945
S3150100EA8808EB06009847099B013340F0A180E36C27
S3150100EA98043606EB080288EA02025B421A42EBD008
S3150100EAA8666326B92046216B0AF06BFA2063414654
S3150100EAB820460AF066FA0646E36A9E4240F08A80D4
S3150100EAC820460AF0E0F84FF0000881464646236AD8
S3150100EAD89E42C0F09380C14540F2AF802046A16AAC
S3150100EAE80AF0C2F9064604F1480A454515D3E36C0E
S3150100EAF82768052203FB0677236C04A95B69384658
S3150100EB08984704A80AF0D7FE94F874300246009391
S3150100EB1839465346206C0AF029FF314620460AF049
S3150100EB28A3F90135A9450646DFD1642528460EB065
S3150100EB38BDE8F0872368226CE06C566900FB053056
S3150100EB48052209A9B04709A80AF0DEFE0AF001FF65
S3150100EB5890B109A80AF028FF94F8743083427ED14F
S3150100EB680025236A9D420DD320460AF0F9F8064688
S3150100EB7800283FF43DAF43E70135236A9D42D9D3C7
S3150100EB880020E9E72368226CE06C566900FB053032
S3150100EB98052209A9B04709A80AF0B6FE01280AD133
S3150100EBA8294620460AF081F9421C294620460AF0E0
S3150100EBB8F6F80135D5E70AF0D1FE0028F9D029463D
S3150100EBC820460AF072F90246EFE7D4F82C8050E79E
S3150100EBD8002665E7314620460AF099F8636B314607
S3150100EBE803448046636320460AF0CBF90646B8F12A
S3150100EBF8000F7FF461AFC4E90C085DE7E26C236896
S3150100EC0809A902FB063A236C05225B695046984717
S3150100EC1809A80AF079FE0AF09CFE60B150460AF08E
S3150100EC28A3FE014620460AF072F8E36C143B9842AB
S3150100EC3808BF08F10108013649E738460AF0D3FB4F
S3150100EC480023204619460A4AFFF79CFD6369012BF2
S3150100EC587FF66CAF384601F03DF8054666E726258E
S3150100EC6864E75E2562E7672560E700BFF850002084
S3150100EC789B9001012DE9F0410F4616469846044638
S3150100EC8888B060B390F83850FDB101210AF05DF8FB
S3150100EC9800210E9BCDE90511CDE902379DF83C30DF
S3150100ECA8CDF804808DF81C30237C04968BB90D4968
S3150100ECB801AA04F1080001F095F9DDE90553206C74
S3150100ECC8002E08BF1D460AF02DFA284608B0BDE8F1
S3150100ECD8F0812046044A01ABFFF754FDEDE70546EE
S3150100ECE8F3E700BFDB90010159E900012DE9F04F77
S3150100ECF89BB01F469DF89430DDF890B0022B05466F
S3150100ED08DBF8108005910992089303D0B845C0F045
S3150100ED18DE80B846DBF80430704E0493704B0693D8
S3150100ED28B8F1000F18D1DBF810309BB1089B002B06
S3150100ED3840F0C48095F87430022B73D19BF81830D3
S3150100ED486749DA00B7EBC30F28BFBF1A3A460598D9
S3150100ED580DF0E6FF002066E02B6C01225B690AA92B
S3150100ED68049898470AA80AF041FDDBF80030834267
S3150100ED7840F0AF800AA80AF045FD0428079055D14E
S3150100ED880AA80AF046FD04460A9B0D93002CE1D019
S3150100ED98049B079A12A903EB02090023CDE90F3355
S3150100EDA811932B6C01225B69484698472868D5F868
S3150100EDB84CE0A9EB000CBCFBFEFC99FA89F3139312
S3150100EDC82B6C05225B6915A90EFB0C00984715A843
S3150100EDD80AF071FD00BA0DF13C0A149012AB032C2E
S3150100EDE893E807008AE8070030D92B6C31465B693E
S3150100EDF84846A208984724F0030314F0030A1E4460
S3150100EE080CD099442B6C01225B6915A94846984791
S3150100EE183046524615A90DF083FF564495F87430CD
S3150100EE28022B15D026201BB0BDE8F08F2B6C0BA941
S3150100EE3802225B69049898470BA80AF0EAFC079A2C
S3150100EE4804460BA90DA80DF06BFF9FE7A246D9E76B
S3150100EE58012322492A6F0393231F0B440293069B1E
S3150100EE68A4F10809CDE900930FA8D2F80CA00B1D4F
S3150100EE78079A0DA9D0470028D5D1089B012B0CD19B
S3150100EE8895F87430022BCDD1DDE905014A460EF01D
S3150100EE9839F800BB059B4B440593B8EB040807D02A
S3150100EEA895F87430022BBDD1069B361B4B4406934D
S3150100EEB8284604990AF065F8049031E7089B022B65
S3150100EEC87FF448AF0649099B3A4619443FE7632050
S3150100EED8A9E76F20A7E73620A5E700BFF569002057
S3150100EEE8F55900202DE9F04F9FB09A469DF8A030BC
S3150100EEF8044608939DF8A4308B460993D1E9033556
S3150100EF080693099B1746022B44D1CC2D40F0E0818C
S3150100EF18089B93B10AF064F90E9001234FF000099A
S3150100EF284FF008080793099B012B0FD194F8743009
S3150100EF38022B47D109F1080908E0069B4FF008089A
S3150100EF481B68DDF820900E9301230793DBF8003048
S3150100EF5807993B6009983D610AF06EFC4FEA9803F0
S3150100EF680D93754B2E460C930023CDE90A3338755C
S3150100EF780593E16C4A1E0AEA02028B1A002E4CD04E
S3150100EF88C144994554D3636BCDF810A05B1A134459
S3150100EF986363C0E0089B13B3099B012B1FD10022B1
S3150100EFA82B46CDE900126449FFF7A0FE064650B983
S3150100EFB8DBF810309BB19BF8173083B194F87430A5
S3150100EFC8022B04D0262630461FB0BDE8F08F9BF8E9
S3150100EFD81830013BDA00B5EBC30F28BFAD1A782DFF
S3150100EFE8E36C9AD85A1E0AEA02029B1A2A1D9A4209
S3150100EFF808D975B1082B90D800234FF00409079357
S3150100F008C84690E74FF000094FF00408CDF81C9068
S3150100F01889E74FF004090795F2E74345B3D3354627
S3150100F0280AEB08030493059B002B18BF032311E081
S3150100F038A3EB08039E4235460AEB080228BF1D4684
S3150100F0489E420492EFD901233A69FB75B2426DD10A
S3150100F058C7F804A00593FB7D002B69D03A7E059974
S3150100F06807EBC203C3F81CA01D8483F82210531CA6
S3150100F0783B769DB1099B022B60D10A9B63B90B9B19
S3150100F0882B44032B0AD9236C01229B6904980EA9E8
S3150100F0989847002840F0248101230A93059B0FA86D
S3150100F0A80193079B00933A7D2B46DBF8001001F08C
S3150100F0B843F8236C50469B690D9A0FA998478146D8
S3150100F0C8002840F001812B4642465146204609F068
S3150100F0D885FF636BEA1CA3EB080322F003029B1A64
S3150100F0E8B8606363B9F1000F40F0F4800B9B761B9F
S3150100F0F82B440B93DBF810306BB1099B012B0AD11A
S3150100F108059B013BDBB2012B05D894F87430022B21
S3150100F1187FF458AF08362046049909F032FF4FF0BC
S3150100F12800098246002E7FF424AF4CE7022391E7BB
S3150100F138C7F804A09DE700BFF5590020032D40F24A
S3150100F148BE80059B0FA80193079B0DF14C090093FF
S3150100F1583A7D2B46DBF8001000F0EEFF0FA9424678
S3150100F16811A80DF0DDFD0023CDE913331593236FA7
S3150100F17804215B6816A89847E0B9049B226C1BBA60
S3150100F18820681793049BD4F84CC052691B1AB3FB29
S3150100F198FCF396460CFB03000522734619A998470A
S3150100F1A819A80AF088FB00BA189016AB93E807006D
S3150100F1B889E80700089A94F87430002A40D1022B8E
S3150100F1C840F08D800122236F039219AA0292454AC3
S3150100F1D80192A5F108020092D3F80890069B4246CF
S3150100F1E811A913A8C84700287AD1139B3E4A136070
S3150100F1F894F87430022B6FD13C4B199A5A51089BDB
S3150100F20843B194F87430022B69D10C9AA5F108031D
S3150100F2181A440C92236C34499B690498AA089847A6
S3150100F2288146E8B194F87430022B7FF4CBAE069A86
S3150100F238A5F108031A4406922A9B049A1A6042E722
S3150100F248022B4CD10122236F039219AA0292254A55
S3150100F2580192A5F108020092D3F808900C9BBEE72B
S3150100F26815F0030220D0204B25F0030903EB090111
S3150100F278049B99444FF0FF3319A819930DF050FDDB
S3150100F288236C48469B69012219A9984794F874305A
S3150100F2988146022B7FF496AE069AA5F108031A4415
S3150100F2A806920028C8D1F9E694F87430022B7FF447
S3150100F2B889AE069AA5F108031A440692EEE62A468D
S3150100F2C8DDF810900699D5E72A9BC3F800A0FAE65F
S3150100F2D8702678E64E4676E6089B002B9AD02620BD
S3150100F2E8064670E6F9690020F5690020F1690020F3
S3150100F2F82DE9F04F8FB0069300230F4609920A694C
S3150100F308C16C0C931439D31DB3FBF1F3013302EB32
S3150100F318C302436B04469342C0F0F180DFF8E4B1BF
S3150100F328256B7848294600F051FF0CAB0293069BE2
S3150100F33839460193099B20460093724A2B46FFF7EB
S3150100F348D1FD8246B8B9DBF808300834A362DBF888
S3150100F35804202046069B39680AF05CF8002840F02C
S3150100F368CA802046069BDBF8042039680FB0BDE841
S3150100F378F04F0AF0BAB83D2840F0BD802368E06C2A
S3150100F388A5EB0308B8FBF0F808FB00300AF0ECFA25
S3150100F398216B0646204609F0F4FDE36A834200F034
S3150100F3A89580E26CDBF80830511E0B40616B2063D7
S3150100F3B8891A0B44636321680C9B5B1AB3FBF2F34E
S3150100F3C89845089368D1AD1B66D0DFF83C81DFF814
S3150100F3D83C914FF0FF314C4800F0F8FE236C0122B6
S3150100F3E85B690DA9304698470DA80AF0FFF9464A08
S3150100F3F801460DF12F032046FFF710F9002879D1B0
S3150100F40898F8173053B198F81830D8F8102008EB47
S3150100F418C3031B8BD21A083315441E44216B3B4880
S3150100F428079100F0D3FE9DF82F30079905930CAB91
S3150100F4380293059B204601930123344A00930B4608
S3150100F4484146FFF74FFD002854D1D9E90012D9F8F2
S3150100F4580830236304F1080307930798059B09F00D
S3150100F468D9FF28B9D9E90012059B07980AF03DF892
S3150100F478D8F8103098F81720782B06D908339D420A
S3150100F48800D3ED1A002A33D004E06AB308339D424B
S3150100F49800D3ED1A002D9CD12368089AE16C206CE3
S3150100F4A801FB02310AF0D5F9204609F059FC20463C
S3150100F4B809F08AFCA26A2368E06C00FB02300AF0B4
S3150100F4C853FAE062204609F09FFD60633A69E16CF0
S3150100F4D8D31D1439B3FBF1F3013302EBC302636B9A
S3150100F4E89342BFF41DAF06E004339D4200D3ED1AE3
S3150100F4F81E44CFE7824650460FB0BDE8F08F4FF065
S3150100F5081C0AF8E7C4500020905000205C500020E7
S3150100F518032A2DE9F34107460E4690461C4606D1B5
S3150100F528237A012B2AD0012002B0BDE8F0811C4DB7
S3150100F53809682A460DF10703FFF770F8606000288D
S3150100F548EED19DF80730032BEAD0696872689142BB
S3150100F558E6D1356945B1012B12D1337EB5EBC30F1F
S3150100F5684FEAC30200D3A81A227AE368012A09D10D
S3150100F578BA691844904205D900232374207CD3E73D
S3150100F5882846F1E708351D440122434631463846E7
S3150100F598E560FFF7ADFE60600028C1D00020C3E733
S3150100F5A8F85000202DE9F341089C032A17462668DE
S3150100F5B806D1237A012B34D0012002B0BDE8F081AF
S3150100F5C8DFF8B080304642460DF10703FFF726F80B
S3150100F5D860600028EDD12568D8F80430E96AEA6C3C
S3150100F5E84B4050420340E4D1D8F8100078B19DF859
S3150100F5F807C0BCF1010F0AD198F818C0B0EBCC0FBF
S3150100F60838BF18464FEACC0E28BFA0EB0E00237A66
S3150100F618012B08D1E3681844B369984203D900233A
S3150100F6282374207CC9E728682B6B1B1A081AB3FBBD
S3150100F638F2F3B0FBF2F083420BD1F06C336B421E4E
S3150100F6481340726B121A13442846736309F099FC26
S3150100F6582863D8F81020E36808321344E3600122CE
S3150100F6683B4604492068FFF743FE60600028A0D0A6
S3150100F6780020A2E7F85000200022724B2DE9F04144
S3150100F6881F680D4604461A6018B921252846BDE8A3
S3150100F698F08190F838606EB30A6803689A4240F0C0
S3150100F6A8C5804A6843689A4240F0C0808A68836880
S3150100F6B89A4240F0BB80CA68C3689A4240F0B68055
S3150100F6C80A6983699A4240F0B1808A69036C9A4251
S3150100F6D840F0AC80CA69036F9A4240F0A78091F85E
S3150100F6E8202090F874309A4240F0A0804B6900259A
S3150100F6F8C361CBE778223146D0F83C80F1F712DCBA
S3150100F708D5E902122B6804F1080023606B68C4F876
S3150100F7183C8063602B69A3616B69E36109F076FE3E
S3150100F728AB6904F1480023649B68984700284DD1CA
S3150100F738E16C11B16368B3FBF1F194F84B302162C6
S3150100F748002BA2D00023A366EB69236795F82060F6
S3150100F758E56C84F87460002D70D000296ED023689A
S3150100F768B3FBF5F205FB1233002B61D1D4F8048003
S3150100F778B8FBF5F305FB1383002B59D1204609F095
S3150100F788B5FAE36904330344984553D340F6347212
S3150100F798A369CC3B93424FD8B5F5805F4ED3012E72
S3150100F7A84ED9032E4CD00321204609F0CEFAD4E9CE
S3150100F7B80001236C1B6898470546236C0220DB6809
S3150100F7C898472DB1002384F838301FE03146B4E755
S3150100F7D839462046FFF7F2F86428054604D139462A
S3150100F7E82046FFF7EBF80546E36C143B002DE9D1FB
S3150100F7F8626A204602FB03F609F078FAE3690433E4
S3150100F80803449E4206D284F838505A25206C09F0E2
S3150100F81889FC3BE70123D4E900010B4A84F8383017
S3150100F82813680133136009F0A3FFEFE75D252DE7A0
S3150100F83859252BE75A2529E75F2527E75B2525E77C
S3150100F848262523E7E8490020E44900202DE9F0436D
S3150100F8580C4691461E46054685B0002847D090F8C5
S3150100F8683830002B45D0B1F5801F44D2DFF890809F
S3150100F878012109F06AFA2146424628460DF10F038D
S3150100F888FEF7CCFE0446F8B99DF80F30012B27D1B7
S3150100F898D8F810703FB195F87430022B18D198F842
S3150100F8A8183006EBC306B7421FD100223B4649462C
S3150100F8B82846CDE90082FFF719FA044620B9014620
S3150100F8C83A460E48F1F72EDB286C09F02BFC03E0CB
S3150100F8D8286C09F027FC2624204605B0BDE8F083EC
S3150100F8E8022B14BF2D246024EEE76324ECE72124C0
S3150100F8F8F2E71124F0E72924EEE700BFF5590020C5
S3150100F9082C5100202DE9F04385B00C4691461E4640
S3150100F9180546DDF8308000284DD090F83830002BA8
S3150100F9284BD0B1F5801F4AD2264F012109F00DFAB5
S3150100F93821463A4628460DF10F03FEF76FFE0446A7
S3150100F948E8B99DF80F30012B2ED195F87430022BAA
S3150100F95819D13869F8B906EB0803834229D8022375
S3150100F9683246CDE90073494643462846FFF7BEF9B4
S3150100F978044620B9014642461348F1F7D3DA286C02
S3150100F98809F0D0FB03E0286C09F0CCFB26242046BD
S3150100F99805B0BDE8F0833B7EB0EBC30F4FEAC30267
S3150100F9A834BF2046801AD6E7022B14BF2D246024C3
S3150100F9B8E5E76324E3E72124E9E71124E7E72924B6
S3150100F9C8E5E700BF2C510020F55900202DE9F34148
S3150100F9D81E4600230C4617460546336000283AD0D2
S3150100F9E890F83830002B38D0B1F5801F37D2DFF8C0
S3150100F9F87480012109F0A9F92146424628460DF1EC
S3150100FA080703FEF70BFE044618BB9DF80730286C62
S3150100FA18032B1ED0022B07D1012304213B60316041
S3150100FA28286C09F07FFB10E0D8F810103C6000291B
S3150100FA38F5D095F87430022B04D198F81830A1EB5B
S3150100FA48C301ECE709F06EFB2624204602B0BDE8A7
S3150100FA58F0812D24E4E72124F7E71124F5E7292489
S3150100FA68F3E700BF2C51002073B50446816909F0FC
S3150100FA7821F9E26E636B024493422CBF00220122F4
S3150100FA88834294BF00231B1A207C84F85820E3651F
S3150100FA9884F86000A8B100230B4E1A461946204681
S3150100FAA8009609F06AFC002305461A4619462046BF
S3150100FAB8009609F06BFCE3682844984294BF00203D
S3150100FAC8C01A606602B070BDFFFF0F002DE9F3474B
S3150100FAD81D4683690446AB420F4691469DF8288028
S3150100FAE862D300268DF807602046A16909F0E2F87D
S3150100FAF8D4F834A082450AD2636AB6EB430F06D21C
S3150100FB08002220460DF10701FEF778FE80B39DF825
S3150100FB180730012B05D1002220460DF10701FEF71A
S3150100FB286DFEB8F1030F25D1224E4FF0FF31304655
S3150100FB3800F04CFB376035611E49434600222046DA
S3150100FB48C1F80C90FFF7D4FBA36E054663B12046B6
S3150100FB58FFF78AFF94F8583013B994F860301BB14F
S3150100FB68A36E04F158009847284602B0BDE8F0870D
S3150100FB780136B9E72946204609F09CF8666B8642A4
S3150100FB8814D30C4E4FF0FF31304600F01FFBB8F18D
S3150100FB98010F37603561CFD1002DCDD094F874307F
S3150100FBA8022B05D10835C6E76225DDE71C25DBE70B
S3150100FBB82625D9E7F85000202DE9FF410F46904642
S3150100FBC81E460546002847D090F83830002B45D008
S3150100FBD8B1F5801F44D2234C022109F0B6F822461A
S3150100FBE8394628460DF10F03FEF718FD50BB236968
S3150100FBF833B395F87420022A1AD1227E06EBC20283
S3150100FC089DF80F1001291DD193421BD1CDE9004161
S3150100FC18002241462846FFF769F8044690B901468D
S3150100FC2832461148F1F77ED9286C09F07BFA03E0D0
S3150100FC38286C09F077FA2624204604B0BDE8F0813D
S3150100FC483246DDE7012342460093394633462846C4
S3150100FC58FFF73CFF0446E7E72124EDE71124EBE72C
S3150100FC682924E9E72C510020F559002030B50C4626
S3150100FC78054685B028B390F8383023B3B1F5801F0F
S3150100FC8823D2022109F061F80DF10F032146284616
S3150100FC980F4AFEF7C3FC034688B99DF80F20032ACD
S3150100FCA80DD003222146009202462846FFF70EFF91
S3150100FCB80446286C09F036FA204605B030BD2D24D5
S3150100FCC8F7E72124F8E71124F6E72924F4E700BF2A
S3150100FCD82C5100202DE9F04FC56889B0AC0005907C
S3150100FCE820460BF0B4FADFF83CB2DFF82CA2CBF8C9
S3150100FCF8000020460BF0ABFACAF8000020460BF0CC
S3150100FD08A6FADFF81892DFF81882C9F8000020462B
S3150100FD180BF09DFAC8F8000020460BF098FA7C4FC4
S3150100FD28386020460BF093FA7A4B06461860DBF8E2
S3150100FD38003000240293DAF80030D8F800E0039383
S3150100FD4801236A1ED9F800C0D7F800800192019AEA
S3150100FD589A42C0F0C1805A0000920122013B0693E3
S3150100FD68009B0025013B0492079367E0069B5C19FB
S3150100FD78019B9C4228BF1C46079B03EB0509019B77
S3150100FD88994528BF9946AC42C0F0A2804C4580F0FF
S3150100FD989F80029B002B00F09D80039B002B00F0A7
S3150100FDA89980BCF1000F00F09580BEF1000F00F0BC
S3150100FDB89180B8F1000F00F08D80002E00F08A8046
S3150100FDC80021049BEF0004EB030A059B1B688A4587
S3150100FDD839D10027A9EB040B03EBC404A2680398E5
S3150100FDE8C2F3130240F82720E2684EF8272054F898
S3150100FDF8082F46F827200137BB45EFD10022A9462F
S3150100FE08144603F1040AA1422FD8274603EBC90A6F
S3150100FE18B9420AF1080A47D80F1BA14238BF002781
S3150100FE284F4403EBC703934503F1080346D800245F
S3150100FE38009B009A1D44049B9B1A0493019BAB42A9
S3150100FE4894D8009B83E7DA59029803EB070BC2F3B0
S3150100FE58130240F82120DBF804204CF82120DA5956
S3150100FE68083748F821200131B1E79345CDD90398E0
S3150100FE7850F82270029850F82400B84295BF58F8F5
S3150100FE88247056F8227043F8397043F8397096BFD2
S3150100FE985CF824705EF8227001344AF8397088BF1C
S3150100FEA8013209F10109AEE758F827004AF8080CAA
S3150100FEB85CF8270001374AF8040CA9E756F822101E
S3150100FEC843F8081C5EF82210013243F8041CAAE71D
S3150100FED82124ADE71924ABE702980DF0E2FB0E4B9E
S3150100FEE818680DF0DEFB0A4B18680DF0DAFB0B4BB0
S3150100FEF818680DF0D6FB074B18680DF0D2FB084BB6
S3150100FF0818680DF0CEFB204609B0BDE8F08F00BF9A
S3150100FF18F0490020EC490020FC490020F84900205E
S3150100FF28F4490020004A00202DE9F041C7689846A7
S3150100FF384368FFB19F422CD9B8F1030F25D023B3EB
S3150100FF4805682E464FF0000C03E0634506F10806E6
S3150100FF581BD055F83C400CF1010CC4F3075EBEF109
S3150100FF68030FF2D1C1F3130141EA0851C6E90012A0
S3150100FF78BDE8F0814BB1056855F8374005EBC70672
S3150100FF8801341ED0B8F1030FDBD101230372BDE89A
S3150100FF98F08105680024AC4655F834600134C6F38F
S3150100FFA8130E013601D0714516D0A7420CF1080C83
S3150100FFB8F2D19F42C0D255F8374005EBC706013446
S3150100FFC8E0D1C1F3130141EA085145F83710013769
S3150100FFD87260C760BDE8F08141EA0851CCE90012B8
S3150100FFE8D5E700BF2DE9F0410646406882B0C0B1A9
S3150100FFF80F4690460024336853F8345003EBC40384
S31501010008C5F30752C5F31301013504F1010406D0FD
S315010100185B683046CDF80080B84710B170688442F4
S31501010028E9D302B0BDE8F081024B1968024B1868A1
S31501010038FFF722BB5C7B0020847B002030B5164D7F
S315010100489BB0297831BB4FF0007203231024CDE907
S315010100580223F6231C2209A8CDE905110791049368
S31501010068CDE90044F0F75EDF042310A808940B9349
S31501010078F0F71CDB694608AA10A80AF031F810B195
S3150101008873201BB030BD0122044B2A70C3E900203D
S31501010098986018750020F4E7FD7900204450002086
S315010100A8F0B587B09DF83C700C46012F15461946E7
S315010100B8DDE90C230E9E14D198B104B98DB901B9A4
S315010100C87AB973B16EB104270090CDE90367CDE919
S315010100D8014505480AF04CFF002818BF722007B0F0
S315010100E8F0BD2120FBE700BF44500020F0B587B0E1
S315010100F89DF83C700C46012F15461946DDE90C237E
S315010101080E9E14D198B104B98DB901B97AB973B1F1
S315010101186EB104270090CDE90367CDE9014505488C
S315010101280AF03AFF002818BF472007B0F0BD212081
S31501010138FBE700BF4450002073B504462248012A53
S3150101014800EAC1119DF8185023F07C4007D9961E83
S31501010158012E28D9073303F07F03194308E09DF8D7
S315010101681C300A43DB0603F0C053134343F06041D5
S315010101780023C4E900108DF80730B5B120222146C4
S315010101880DF1070009F017FC1A220DF10700211DCF
S3150101019809F011FC082063689DF8072043EA826388
S315010101A8636002B070BD1143E2E71B220DF107003E
S315010101B8214609F000FC23689DF80720042043EA3B
S315010101C8C2632360EDE700BF80FFFF0738B5094B1E
S315010101D80D461A6800210446F0F7A4DE00234FF004
S315010101E8FF322383C4E900252361A260E382A37652
S315010101F838BD00BFB0E901010138C0B205289ABF6F
S31501010208014B185C01207047B5E901012DE9F0435D
S315010102180746154600240E46596889B0490A012937
S3150101022822464FEA510104F10104F8D8DC7899789C
S3150101023824031B88C90201F4006104F480540C43A8
S31501010248C3F30A031C4453039BB21C444FF6FE78BD
S315010102584FF6FF739DF840204FF00009022A18BF97
S315010102689846274B02A9039325F07843ED430DF1EF
S3150101027807001B2202938DF8079009F09CFB9DF854
S315010102880720029B02A943EAC2630DF107001B225B
S3150101029825F07845049302958DF8079009F08BFBB3
S315010102A89DF80720029B44EA084443EAC263059381
S315010102B84FF0FF330794069307A9BB69012206F19B
S315010102C810009847BB6905A90446012206F10800F1
S315010102D89847BB69484518BF044604A90122301D40
S315010102E898470122484518BF0446BB69304603A908
S315010102F89847484508BF204609B0BDE8F08300BFC5
S3150101030801009AB20122437801789A403023594370
S31501010318014B5A50704700BF40E08340034BD3F865
S315010103282424D3F820041040704700BF00C083403D
S315010103382DE9F8431F4B0546D3F810334B1E0E2BF7
S315010103480E461746047890F8018026D951B34FF025
S31501010358000928461FB3F0F7B1D80F21B8F1070FE5
S3150101036804EB440488BFA8F108084FEA04141248AB
S3150101037895BF4FEA88084FEA880804340C3409FA0C
S3150101038808F201FA08F1204409F033FB86B9284637
S3150101039857B1BDE8F843F0F791988946D9E7FFF7D0
S315010103A8B1FFDAE78946D8E7BDE8F843FFF7AABFFF
S315010103B8BDE8F88300C0834030C083404FF48032E2
S315010103C80A4B5A6603F5DE239B69C3F303320270AE
S315010103D8C3F303424270C3F3461203F00F031343F7
S315010103E843804FF6FF738380704700BF00508040FA
S315010103F80048704700100000274B2DE9F0411B68A2
S31501010408F0F7D0DD0128074620D9F0F7F7DD051EFB
S3150101041803DA01242046BDE8F081204B1B78002B25
S3150101042838D14FF050081E4C04EB0800A465C4F8F6
S315010104385C80F0F78ADE206680B90124012FE9D9AB
S315010104482846F0F7F1DD0028E4DAE2E7134B1B78D9
S3150101045803F0FF05002BE4D00024DBE70024114E4D
S31501010468214606F110033246012034607460B360F7
S31501010478C6F80C80F0F719DF30660028DDD00321B4
S3150101048801200AF0A5FD01200AF0A0FD0122034B76
S315010104981A70D3E70024D3E7887B0020FF7900206F
S315010104A8C45100206051002008B5F0F77BDD012811
S315010104B805D9F0F7A3DD002821DA012008BD174B7C
S315010104C81B7803F0FF00002BF8D0F0F76DD8002850
S315010104D8F4D1012002F0C8F801200AF075FD104B8C
S315010104E8186EF0F789DF90B90E4B186EF0F7C5DE75
S315010104F8003818BF01200022084B1A70DEE7074BA6
S315010105081B7833B1F0F790DD0028DEDAD5E7012053
S31501010518F1E7F0F789DDC00FD0E700BFFF790020C9
S3150101052860510020C451002008B54FF085435B6C2A
S31501010538DA0208D5F0F736DD0238012803D80A4B65
S31501010548186EF0F731DF4FF08542536CDB02FCD5AB
S31501010558536D1268054A03F4702313600120BDE83F
S31501010568084002F081B800BF60510020887B002055
S315010105782DE9F0474FF000088EB00E46174604469E
S31501010588CDF80480002867D022B9002528460EB087
S31501010598BDE8F08700295FD032F0030902F0030AAA
S315010105A826D04FF0E06303600123C0F80480C0F848
S315010105B808800891099349F000530A9308AA02ABE6
S315010105C8C0F8208007CA83E8070019462046F0F7D4
S315010105D861D949462046F0F735D92046F0F704D8BE
S315010105E8054628B14A4641463046F0F79BDCCDE738
S315010105F8BAF1000FC9D04FF0E0634FF0000823604C
S3150101060801ABC4F80480C4F808800B9301230C9349
S31501010618124B0EAA0D9305AB12E90700C4F8208007
S3150101062883E8070019462046F0F734D90421204604
S31501010638F0F708D92046EFF7D7DF054608B13A465C
S31501010648D1E7019A4E44EB00013522FA03F3AA4593
S3150101065806F8013BF7D198E7212597E70400002021
S315010106682DE9F0410C46154606468AB0002844D0C4
S31501010678002942D05A1E072A3FD8072D3DD85F19AE
S31501010688082F3AD81F4B0DF1180803600023436060
S31501010698036283600123CDF80C8004931A4B03AAE4
S315010106A805936B4607CA83E8070030461946F0F7F2
S315010106B8F1D83046EFF798DF10B92146AF4202D893
S315010106C80AB0BDE8F08138F815200D6002F44053EF
S315010106D8B3F5405F13D093044CBF0223C2F3003331
S315010106E80B72C2F30B03DB034B60C2F38033D20BEC
S315010106F84B728A7201350C31E0E72120E0E70220CD
S31501010708DEE700BF000053FF10000020F0B51646D2
S315010107180546A7B0002857D0002955D0002A53D03D
S315010107282A4B012703600023294C43600362836036
S3150101073808AA089102AB09970A9407CA83E8070030
S315010107480B960BAA0C970D9405AC07CA84E807000A
S3150101075819462846F0F79ED821462846F0F79AD831
S315010107682846EFF741DF044640BB019001A9284617
S31501010778F0F73CD8044608BB40F20223019A9A4293
S315010107881CD8014660220EA8F0F7CCDB08232246C5
S3150101079828460EA9FFF764FFA0B908220EAB197AFC
S315010107A80C33022904BF53F8081C00EBD100013AA6
S315010107B8F5D13368834204D31B1A3360204627B027
S315010107C8F0BD02200446F9E72124F7E7000064FF9A
S315010107D80400002070B50E461C46054686B040B396
S315010107E823B332B313F0030323D143600362836056
S315010107F801230392049344F0005305936B460E4972
S3150101080806AA016012E9070083E807001946284686
S3150101081809F005FD31462846F0F714D82146284640
S31501010828F0F710D82846EFF74BDF0446204606B005
S3150101083870BD2124FAE700BF000063FF2DE9F041ED
S315010108480F46017804460139904692B004295CD8CD
S31501010858DFE801F003474C515600402514262C497F
S315010108680C3400225D437A6038463960BA602946FC
S315010108783A62EFF7E7DF4FF0010C45F00055CDF885
S315010108882480CDF828C00B956D4609AB46F0005674
S3150101089893E8070003AB85E807000C940CAACDF889
S315010108A834C00E9607CA83E807000F9412AACDF839
S315010108B840C006AC119612E9070084E807001946FB
S315010108C8384609F0ACFC2946384609F0A8FC3846F1
S315010108D82146EFF7DFDF3846EFF786DE12B0BDE8CE
S315010108E8F081402520260B490C34BAE740252026FC
S315010108F809490C34B5E78025402608491434B0E77F
S315010109088025402606491434ABE72120E6E700BFD6
S3150101091800020103000301030004010300050103A9
S315010109280006010310B591B188B10023C0E901336D
S31501010938084B00F10C0203F1200153F8044B8B42D9
S3150101094842F8044BF9D101230370002010BD21207F
S31501010958FCE700BF84EA010110B591B188B1002312
S31501010968C0E90133084B00F10C0203F1200153F8E8
S31501010978044B8B4242F8044BF9D102230370002040
S3150101098810BD2120FCE700BFBBE9010110B591B1FA
S3150101099888B10023C0E90133084B00F10C0203F1C8
S315010109A8200153F8044B8B4242F8044BF9D1032336
S315010109B80370002010BD2120FCE700BFDCE901011D
S315010109C810B5A1B198B10023C0E90133C0E90333D8
S315010109D8084B00F1140203F1400153F8044B8B4211
S315010109E842F8044BF9D104230370002010BD2120DC
S315010109F8FCE700BFFDE9010110B5A1B198B10023DA
S31501010A08C0E90133C0E90333084B00F1140203F1CC
S31501010A18400153F8044B8B4242F8044BF9D10523A3
S31501010A280370002010BD2120FCE700BF3EEA010149
S31501010A382DE9F04F0D46174693B0002800F0A08026
S31501010A48002900F09D80002A00F09A800278013A77
S31501010A58042A00F29580DFE802F0030E717B880013
S31501010A684FF0140B484A00F10C0A00F1040900F190
S31501010A782C04D8460AE04FF0200B4FF01C08434AD4
S31501010A8800F10C0A00F1040900F12C0440219845F2
S31501010A9876D809F1040309EBD10653F8040B0028AA
S31501010AA870D1B342F9D1D9F80030013901EA030607
S31501010AB831462A6068602862A8602846EFF7C2DED7
S31501010AC82846D9F80010EFF7BDDE4FF0010EEC46C6
S31501010AD84BF00053CDF824A046F00056CDF828E096
S31501010AE80B9309AB93E807000CAB8CE807000C9450
S31501010AF8CDF834E00E9693E8070003AE48F00053AB
S31501010B0886E8070006AC0F97CDF840E0119312ABC2
S31501010B1813E9070084E807006146284609F07FFBC7
S31501010B283146284609F07BFB28462146EFF7B2DE16
S31501010B382846EFF759DD13B0BDE8F08F4FF0200BCA
S31501010B48134A00F10C0A00F1040900F12C0490E79B
S31501010B584FF0400B4FF030080E4A00F1140A00F12C
S31501010B68040900F15404802191E74FF0400B0A4A28
S31501010B78D84600F1140A00F1040900F15404F2E718
S31501010B882120D8E70F20D6E7000203030003030358
S31501010B980004030300050303000603032DE9F043DB
S31501010BA88DB00D4691461E460446149F002841D034
S31501010BB8002F3FD00AB9002B3CD16B1EDBB2042BA7
S31501010BC838D81D4A12F80380159B984532D8002357
S31501010BD8280200F1407000F58070314601256360F5
S31501010BE82060A36020462362EFF72CDE6B4646F0B0
S31501010BF80056CDF8189006AA0795089607CA83E8FC
S31501010C08070048F0005209970A950B9203AD0CAA01
S31501010C1812E9070085E807001946204609F0FFFA97
S31501010C2820462946EFF736DE2046EFF7DDDC0DB023
S31501010C38BDE8F0832120FAE77FEA0101F0B50F4605
S31501010C4816461D46044693B010B9212013B0F0BDCE
S31501010C580029FAD0002AF8D0002BF6D00023314614
S31501010C681A46384608F0BAFF0028EFD1304602A9DC
S31501010C7808F052FF0028E9D1EB68022B0AD039683E
S31501010C883F48029A81426B6902D01830814270D17C
S31501010C989A42DAD82B68002BD7D14FF0606263608C
S31501010CA838462260A360236201A909F003F80028E6
S31501010CB8CCD10199204621F4F0610191EFF7C2DD0A
S31501010CC86946284608F0F6FF0028BFD12046009953
S31501010CD8EFF7B8DD384609A900F054F80028B5D16F
S31501010CE8204609A909F09BFA38460CA909F00CF91D
S31501010CF80028ABD120460CA909F091FAEB684BB152
S31501010D08284606A900F03EF800289FD1204606A9E3
S31501010D1809F085FA304603A909F0F6F8002895D1B4
S31501010D28B368DA040CD59B0427D50621F369326920
S31501010D381B6801FB03225B0043F0005303920593F1
S31501010D48204603A909F06BFA28460FA909F0DCF830
S31501010D5800287FF47BAF20460FA9EFF79BDD03251A
S31501010D682046EFF741DC01287FF470AF013DF7D149
S31501010D786CE7B3EB420F8DD267E7292066E700BF1F
S31501010D88200000B090B189B101234B60C368013BD2
S31501010D98012B08D88269064B1AB10A6000208B60BB
S31501010DA87047044AF9E74FF00053F7E721207047E6
S31501010DB808000020A4EA0101F0B50F4615460446CC
S31501010DC88FB0002862D0002960D0002A5ED00123A5
S31501010DD829461A46384608F001FF002854D1BB684E
S31501010DE813F4C04F52D0AB6803F4C043B3F5005FA7
S31501010DF84CD1284B0BAE60602062A0603146384663
S31501010E08236008F057FF00283ED120460B99EFF7DA
S31501010E1819DD384602A9FFF7B5FF002834D1204666
S31501010E2809F0FDF9384605A909F06EF860BB2046B7
S31501010E3805A909F0F4F9EB6843BBAB6803F4C043B0
S31501010E48B3F5005F22D1284601A908F08FFED8B96A
S31501010E58019B6A699A421BD32A6943F000530B9293
S31501010E6801220C920D9308AB96E8070083E8070067
S31501010E7819462046EFF70EDD03252046EFF7B4DBC9
S31501010E88012801D1013DF8D10FB0F0BD2120FBE7C1
S31501010E981D20F9E70000010230B50D46044685B06B
S31501010EA8E0B1D9B10E4B01A9036000234360036286
S31501010EB88360284608F0FEFE70B920460199EFF7CE
S31501010EC8C1DC284601A9FFF75DFF28B9204609F0CB
S31501010ED8A6F92046EFF788DB05B030BD2120FBE7EF
S31501010EE8000005012DE9F04798B00D46DDE9208698
S31501010EF80446DDF88890002800F08880002900F072
S31501010F088580B9F1000F00F08180B8F1000F01D198
S31501010F18002E7BD1296815AF01F07041B1F1404F1F
S31501010F286FD0002B6FD139461046159309F05CF93C
S31501010F38002863D1159B43F0C0632360002339461A
S31501010F4863602846A360236208F0B4FE002855D1E0
S31501010F5820461599EFF776DC31462046EFF772DC24
S31501010F6869462846FFF70EFF002847D169462046FC
S31501010F7809F055F9284603A908F0C6FF00283DD10D
S31501010F884FF0010A204603A946F0005609F047F930
S31501010F98CDF83C8006ABCDF840A00FAA119607CA39
S31501010FA883E807001946204609F039F9CDF8488042
S31501010FB809ABCDF84CA012AA149607CA83E8070013
S31501010FC82A6802F07042B2F1404F03D11946204610
S31501010FD809F025F90123CDF854901693239B43F083
S31501010FE8005317930CAB97E8070083E807002046DF
S31501010FF81946EFF74FDC2046EFF7F6DA18B0BDE8E8
S31501011008F087034B99E74FF0C06396E72120F5E78F
S31501011018000002062DE9F04393B00D46DDE91A9762
S315010110280446DDF87080002800F08480002900F06C
S315010110388180B9F1000F01D1002F7BD1B8F1000FE1
S3150101104878D0A968890475D529680FAE01F0704170
S31501011058B1F1404F64D0002B64D1314610460F934C
S3150101106809F0C2F8002858D10F9B43F0C06343F435
S31501011078803323600023314663602846A3602362D7
S3150101108808F018FE002848D120460F99EFF7DADB58
S3150101109839462046EFF7D6DB69462846FFF772FE41
S315010110A800283AD16946204609F0B9F8284603A924
S315010110B808F02AFF88BB204603A909F0B0F84FF0CA
S315010110C8010C47F00057CDF830900CABCDF834C080
S315010110D80E9793E807001D9B0DF1180943F000537C
S315010110E889E80700CDF83C80CDF840C011932B68FB
S315010110F809AF03F07043B3F1404F96E8070087E85B
S31501011108070011D13946204609F089F84946204692
S3150101111809F085F82046EFF767DA13B0BDE8F083E1
S31501011128054BA6E7054BA4E74946204609F077F89A
S315010111383946ECE72120F0E7000003060000010625
S3150101114810F1860F14D010F1850F07DA10F1930FFC
S3150101115811D0873007D04FF0FF307047003818BFDC
S31501011168012040427047054B194411F9050C704796
S315010111786FF0710070476FF06F007047ACEA01FFBD
S31501011188012910B50CDC084C084B00290CBF214676
S31501011198194609F084FD2146BDE81040FFF7D0BF85
S315010111A86FF0740010BD00BF0B0000020A000002B7
S315010111B808B509F0B4FDBDE808400149FFF7C0BF0C
S315010111C80B000002002307B54022019301AB09F088
S315010111D8C2FD034903B05DF804EBFFF7B1BF00BFD8
S315010111E80B000002012910B50CDC084C084B00293B
S315010111F80CBF2146194609F052FD2146BDE81040AA
S31501011208FFF79EBF6FF0730010BD00BF0900000212
S315010112180800000208B509F082FDBDE80840014948
S31501011228FFF78EBF09000002002307B520220193AB
S3150101123801AB09F090FD034903B05DF804EBFFF733
S315010112487FBF00BF0900000210B5044C214609F011
S3150101125826FD2146BDE81040FFF772BF05000002D1
S3150101126808B509F05CFDBDE808400149FFF768BF0B
S3150101127805000002002307B51422019301AB09F009
S315010112886AFD034903B05DF804EBFFF759BF00BFD7
S315010112980500000238B5134DFFF7AEF8124B134A94
S315010112A813491448FCF74CFC2B7803F0FF04BBB92E
S315010112B8EFF778DE012802D9EFF7A0DE04462B788D
S315010112C82BB90D4B0D481B68984701232B70EFF776
S315010112D869DE012804D92046BDE83840EFF7A49E06
S315010112E838BD00BF007A00207FA2010161A2010178
S315010112F899A20101A3A20101447B00208048002093
S3150101130800F01F02A0F50620A0F55060812810D82B
S31501011318012309494009934051F820201A4341F80C
S315010113282020064951F8202022EA030241F820200B
S3150101133870474FF0FF3070473C5200202852002079
S3150101134800F01F03A0F50620A0F55060812810B50D
S3150101135819D801210D4A4009994052F820300B4309
S315010113680B4942F82030D1E9004323448C682344D0
S31501011378CC68096923445B1804D1C2E90033C2E97F
S315010113880233136110BD4FF0FF30FBE728520020ED
S315010113983C5200202DE9F04FA7B003921F4604469F
S315010113A80822CDE90401414021FA02F34B4098078D
S315010113B802F1080218BF9B00202A1C44F4D181239B
S315010113C8B4FBF3F303EBC313E41A7F4B04F50624C9
S315010113D81B7804F55064002B39D1FEF725FE054625
S315010113E800286FD10146402206A8EFF79BDD294661
S315010113F8402216A8EFF796DD744D754EA8461035AD
S31501011408AE4228BF2E467348013E00964346102236
S31501011418006806A907F0B1FF4FF0000B81460DF1EF
S31501011428180AD94541D16B480096434610220068EE
S3150101143816A907F0ABFF4FF00008834616AEC34560
S3150101144846D1654B9D42D8D101225F4B1A704FF0A7
S3150101145881080026DFF894B1A4F50625A5F55063A0
S315010114685B095BF8232004F01F01CA40D20746D461
S315010114785A4A52F82330CB40DB0732D58123002E55
S3150101148808BF2646A5F6FF44B4FBF3F303EBC313E2
S31501011498E41A04F50624B8F1010804F55064DBD110
S315010114A8039B03B3FEB1344625E05AF8040BFFF753
S315010114B827FF013009D10022434B1A70424B1B7891
S315010114C8002BC4D16FF091000FE00BF1010BA8E7D6
S315010114D856F8040BFFF734FF0130EFD008F1010884
S315010114E8ADE7039B23B96FF08B0027B0BDE8F08FF9
S315010114F8002E18BF3446329B00201C60F5E7309B4D
S3150101150813B10023309A1360319B13B10023319A29
S3150101151813604FF0100ADFF8BC90CDF800A0002344
S315010115283A462146D9F80000FEF7ECF9002838D1E8
S3150101153830993A682A4BE9B19A42C1F800A01CD000
S315010115482146D9F80000FEF791FB0028CBD1D7E94E
S315010115580223DDE90410834208BF8A422AD0812386
S31501011568A5F6FF45B5FBF3F303EBC313ED1A05F531
S31501011578062490E79A42EAD0E2E7319B002BE6D0AE
S315010115882146D9F8000016AAFEF720FA48B9319B77
S31501011598309A1B681268934294D39B1A319A136045
S315010115A8D5E7104B9842CBD06328C9D00E4B984248
S315010115B8CDD087E7039B002B9DD07B68012B9AD160
S315010115C86FF0840091E700BF017A0020006D0800E1
S315010115D8816D0800847B0020906D08002852002047
S315010115E8105D175EFFDF00F0FEDF00F03C520020C0
S315010115F870B5124D2B7803F0FF04CBB9EFF7D2DCA6
S31501011608012802D9EFF7FADC04462B784BB90C48C5
S31501011618436D43F0010343650A4B1B689847012350
S315010116282B70EFF7BFDC012802D92046EFF7FCDC66
S31501011638BDE87040044B02481B681847027A00202E
S3150101164850520020447B00203C7B0020034B1B7831
S315010116581BB1034B03481B6818477047027A0020E0
S31501011668387B0020505200202DE9F04F87B0824681
S31501011678894698461646DDF840B02AB1002B55D061
S3150101168840F26C739A4254D8BBF1010F54D8002425
S3150101169806F1100739460120059409F00AFE0546A7
S315010116A800284CD0394608F005FEFFF7A1FF05AB26
S315010116B8CDE9014300942B46012250464946FFF7DD
S315010116C869FE044688B110F18C0F08BF6FF08D04CD
S315010116D83946284608F0EEFD28460BF0E2FFFFF7EA
S315010116E8B5FF204607B0BDE8F08F164BC5E902A93B
S315010116F82B60C5F804B02EB13246414605F11000FA
S315010117080BF00EFB059E10483B462A4631460068FA
S31501011718FEF752FA38B93046FFF7F2FD013008BF34
S315010117286FF08604D4E76FF09104D1E76FF0860470
S31501011738D7E76FF09104D4E76FF08504D1E76FF02D
S315010117488C04CEE7105D175E847B00202DE9F047F6
S315010117588CB08146DDE914780C4616461D466BB1F7
S31501011768B8F1000F49D0002F47D0B7F1005F44D334
S31501011778C3F1005303F5C0239F423ED84FF0000A37
S315010117881022002108A8EFF7CDDBCDE905AAFFF75D
S315010117982FFF07AB029305AB019306AB21460093D5
S315010117A85246484608ABFFF7F5FD0446D0B9059BF5
S315010117B83DB1B3421CD853EA060504D06FF086043D
S315010117C810E0B342FAD3069B0D48C8F800500095BC
S315010117D83A46079900683344FEF794F8002818BF7A
S315010117E86FF09104FFF732FF20460CB0BDE8F08790
S315010117F89B1B9D4228BF1D46E5E76FF08604F3E76B
S31501011808847B002070B500260C4605468CB0102253
S31501011818002108A8EFF786DBCDE90566FFF7E8FEA3
S3150101182807AB029305AB019306AB214600933246FA
S31501011838284608ABFFF7AEFD044608BB099B012BF9
S3150101184823D0079D144B29461868FEF70FFAF8B9F4
S31501011858A5F50623A3F55063812B05F01F020DD8C3
S3150101186801210E485B09914050F823204A4040F86E
S3150101187823202846FFF764FD013001D16FF0860464
S31501011888FFF7E4FE20460CB070BD6FF08404F7E75C
S315010118986FF09104F4E700BF847B00203C520020DD
S315010118A810B50024436814601B0A012B0DD0094C9D
S315010118B8A34208D05BB9008808F0ECFD00B10131FB
S315010118C80020116010BD0121FAE72C31F8E76FF00C
S315010118D88500F7E7010080002DE9F0410D46144620
S315010118E81E46C4B010B96FF0860038E00029FAD057
S315010118F8002AF8D0002BF6D0038803F44F42B2F53B
S31501011908824F02D06FF0850029E0DAB2122AF9D1A5
S3150101191823F0FF03B3F5E24F29D1438833600BBBAB
S31501011928E3003360B3F5807FECD1002318464649BD
S315010119382E19214411F8014D16F8012D1043121BD8
S315010119480CBF4FF0FF340024B54203EA040343EA0E
S315010119580203EFD10028C6D0002BC4DA002044B017
S31501011968BDE8F081DA1DB4EBD20FDBD0BBE7B3F5E5
S31501011978824F66D10B78042BB5D12822002118A8EC
S31501011988EFF7D0DA18A8EEF791DE002856D100272D
S315010119988422394623A82297EFF7C4DA01232022A4
S315010119A8394668468DF88830EFF7BCDA20224FF0C0
S315010119B88808013C3946013505940DEB0200E4001E
S315010119C804956408EFF7AEDA22AD2022394610A84C
S315010119D80C95CDF83480EFF7A5DAB4F5C07FCDE9DA
S315010119E8145834608ED024D8E02C03D0B4F5807F06
S315010119F87FF479AF154B0734009308934FF40053DD
S31501011A0802934FF48043E4080A93640010AB08A9D2
S31501011A186A4618A81194FFF711F933680446073382
S31501011A28DB08590013B1284608F042FD002C95D070
S31501011A3859E7B4F5047F3FF465AF54E76FF09200B7
S31501011A488DE76FF096008AE7B3EA0101200000806D
S31501011A58F8B5134642880D460732072A4FEAD201DD
S31501011A6804D0A94202D06FF08600F8BDD0E901671A
S31501011A780488202218460021EFF754DA360A012E86
S31501011A88034617D0454A964211D0002E40F082806E
S31501011A98002DE8D041F20102944205D0B4F5885FE0
S31501011AA802D0B4F5905F33D15D600020DDE70422F1
S31501011AB8C260EDE7C660002DD5D041F2010294421C
S31501011AC802D0B4F5885F0DD1B8075D6007F0010250
S31501011AD812D4002A59D06204E7D49A6842F4807272
S31501011AE89A60E2E7B4F5905F12D14560B90707F04C
S31501011AF8010246D5012E21D104F480441AB99A6806
S31501011B0842F080729A60002CCFD1002FCDDAE4E73A
S31501011B18B4F5105F0DD1182D03D0202D01D0102D4C
S31501011B28A1D1C3E90055002EBFD01C4A9642DDD189
S31501011B38BBE704F44F42B2F5824F02D06FF085003C
S31501011B4893E7E2B2122AF9D1202DF7D1144A1A6084
S31501011B5824F0FF02B2F5E24F0CD0B2F5824F82D1E1
S31501011B684FF4005217F4705F09D017F4864F04D069
S31501011B789A60E3E74FF48042F4E742F480629A609F
S31501011B88D1E712B1012E90D1A5E79A6842F0807288
S31501011B989A60F7E76FF08B0067E700BF01008000E5
S31501011BA8200000802DE9F041174600221C464368B2
S31501011BB88CB01B0A012B80460D46009238D0874A04
S31501011BC8934200F0BC80002B40F0FF80008820F092
S31501011BD8FF03B3F5824F18D1B8F802200732D208AC
S31501011BE8009208F057FC20B96FF085000CB0BDE8EA
S31501011BF8F0810B78042B05D1013FB7EB420F05F1B3
S31501011C08010503D06FF08600F0E70097009E224692
S31501011C1831464046FFF71CFF0028E7D10337C4E9DF
S31501011C28030527F003076761002E40F0AA8068E0E3
S31501011C38032FE7D90B78012B40F0CA80497891B374
S31501011C48F739052900F2C180DFE801F02303BF1E38
S31501011C58BF284FF41056F825614F1C22002102A80E
S31501011C68EFF760D903230197CDE90435039601AA54
S31501011C7809AD134603CBAB42206061601A4604F1F4
S31501011C880804F6D10020B1E710274FF08076FA252E
S31501011C98E3E720274FF00076F725DEE74FF41056E4
S31501011CA8FC254F4FD9E72B2FACD920222046EFF738
S31501011CB839D905F1100315F0030623610DD001ABDE
S31501011CC805F1280C1A4628686968083503C265456D
S31501011CD81346F7D1286801AD10606B68103F236080
S31501011CE8AB686360EB686761A3600123E3601EB1BA
S31501011CF82C2101A808F0DCFB6946204607F00CFFF8
S31501011D0820B12021204608F0D3FB7BE7B8F8003043
S31501011D18009E03F44F42B2F5824F0ED1DAB2122A6E
S31501011D280BD123F0FF03B3F5824F06D17300626924
S31501011D381C339A42BFF478AFE3E73346F7E7002F3E
S31501011D4849D0468822460736F60831460096FFF7F6
S31501011D587FFE00287FF44AAFB8F800306074B3F506
S31501011D68885F05D0B3F5105F7FF44CAFA0745BE7CC
S31501011D78B6F5007F03D0B6F5806F7FF435AF012341
S31501011D88A3742022002101A8EFF7CCD83146404699
S31501011D9801AAFFF75DFE0028B3D12168019D039BC6
S31501011DA88D42A268ADD16168029D8D42A9D1534088
S31501011DB833F48073A5D1A369079A9A42A1D1E3693C
S31501011DC8089A9A423FF412AF9BE76FF08B000DE731
S31501011DD86FF091000AE76FF08C0007E701008000B8
S31501011DE82000008070B54568049C2D0A012D1ED07E
S31501011DF8194EB54206D01DBB9A422AD3C4E904122B
S31501011E08002070BD2AB3002201886274B1F5885F8A
S31501011E1804D0B1F5105F16D1A274F1E7B3F5007FCD
S31501011E2802D0B3F5806F11D10123A374E8E703F159
S31501011E382C0090420DD810311C3321616361DFE713
S31501011E486FF08B00DDE76FF08600DAE76FF085004A
S31501011E58D7E76FF08C00D4E7010080002DE9F04740
S31501011E6888B01546DDE910291F4688460646129BA4
S31501011E7828B96FF08604204608B0BDE8F087002925
S31501011E88F7D0002DF5D0002FF3D0002AF1D0B9F102
S31501011E98000FEED0002BECD00022C9F80020EA0091
S31501011EA81A6043682B4AB2EB132FE2D1DBB2002B3E
S31501011EB8DFD1B0F800A0BAF5105F0AD1A5F1100279
S31501011EC8102A03D8244BD340DB0709D46FF08504C4
S31501011ED8D1E7BAF5885FF9D1402D01D0802DF5D129
S31501011EE8B368002BC5DB202200216846EFF71AD813
S31501011EF86A4629463046FFF7ABFD04460028BAD1A2
S31501011F080423BAF5105F03938DF8110011D18DF8E9
S31501011F1812002A4641466846736900F02DFA78B1DE
S31501011F281C2814D02E2814BF6FF092046FF08A046E
S31501011F38A1E7BAF5885F04BF01238DF81230E8E7F6
S31501011F489DF810303B700123C9F8003093E76FF013
S31501011F588D0490E701008000010101002DE9F0419E
S31501011F680F461E46054688B028B96FF086042046F5
S31501011F7808B0BDE8F0810029F7D0002AF5D0002B79
S31501011F88F3D000232D4A33604368B2EB132FECD10A
S31501011F98DBB2002BE9D14488B0F800800734B8F5E3
S31501011FA8105F4FEAD4040AD1A4F11002102A03D80A
S31501011FB8234BD340DB0709D46FF08504D7E7B8F57E
S31501011FC8885FF9D1402C01D0802CF5D1AB68002B63
S31501011FD8CBDB202200216846EEF7A4DF21466A46BB
S31501011FE82846FFF735FD04460028C0D10423B8F574
S31501011FF8105F03938DF811000FD18DF81200684611
S31501012008696900F01DFA78B11C2813D02E2814BF6E
S315010120186FF092046FF08A04A9E7B8F5885F04BFE7
S3150101202801238DF81230EAE79DF810303B70012340
S3150101203833609CE76FF08D0499E700BF01008000CA
S31501012048010101002DE9F047894692469846054660
S3150101205894B078B171B16AB14288D31D072B4FEAA1
S31501012068D30760D0038803F4E043B3F5805F04D155
S31501012078530708D06FF0860427E0B3F5005FF7D060
S31501012088B3F5804F4FD002AE202200213046EEF73C
S3150101209849DF324639462846FFF7DAFC0446A0B934
S315010120A83B465246494628460096FFF79BFE04469B
S315010120B858B9282201460DEB0200EEF733DF0AA8CB
S315010120C8EEF7F4DA28B16FF09204204614B0BDE8B0
S315010120D8F08731460AA807F041FF58B1482814BFCD
S315010120E86FF092046FF085040AA807F092FC0028A4
S315010120F8EBD0E8E76B681B0A06D142463946284602
S31501012108FFF7CEFB0446EFE7084A934208D1524648
S315010121184946304608F0D4F904460028EDD0E3E7EC
S31501012128012BEAD1F3E76FF08504CEE701008000C0
S3150101213830B44568044CB4EB152F02D130BCFFF716
S315010121480DBF30BCFFF77EBF01008000184A20F49D
S31501012158FF7323F0010393420ED0164B20F0FF02C1
S315010121689A4209D0144920F47F7323F003038B4261
S3150101217802D0124B9A4217D110F0FF0017D040F046
S31501012188007000F17E40053806280DD8DFE800F019
S31501012198040C0C0E06080A0001207047032070473B
S315010121A804207047052070470020704702207047B8
S315010121B800020006001300060004000600090006D5
S315010121C8038830B503F44F44B4F5824F21F0FF0477
S315010121D821F4FF71154D21F0010109D0A9421ED043
S315010121E8134B9C4214BF6FF085006FF0860030BD1A
S315010121F8A942DBB213D00E4DAC4210D0122B11D12C
S3150101220852B1B4F1062F0DD14388B3F5807F0CBFC6
S3150101221800206FF08500EAE7B1F1062FF3E76FF0C9
S315010122288600E4E76FF08500E1E700BF00020006DA
S31501012238001300064FF0FF310148EEF77A9B00BF04
S31501012248B45200200148EEF7929B00BFB452002018
S3150101225838B5FEF7D1F80446B0B950230C4DE81844
S31501012268AD65EB65EEF771DF286678B10222094B98
S3150101227821469A8001221C600132202A996019732C
S31501012288597303F10803F7D1204638BD0124FBE749
S31501012298B4520020185300202DE9F041067C054669
S315010122A81F2E8AB02AD8DFF8608008EBC6073B796A
S315010122B833B3022B26D0FFF7BDFF044670B9014699
S315010122C848F836002822B8806846EEF72BDE6846BC
S315010122D8EEF7ECD9044628B1FFF7B4FF20460AB058
S315010122E8BDE8F08129466846FEF7D6FD0446002871
S315010122F8F2D1684607F08DFB0446EDE72124EDE7A7
S315010123081324EBE70824E9E71853002010B570B147
S3150101231869B10123074A52F83340A04202D100208C
S315010123280B7010BD0133202BF5D12D20F9E72120A2
S31501012338F7E700BF1853002013B504460846ACB1A8
S31501012348A1B10DF10701FFF7E1FF88B10123094A9F
S31501012358916821B9107B10B9237402B010BD0133FC
S31501012368202B02F10802F3D11C20F6E72120F4E71C
S315010123782E20F2E7185300202DE9F0478A469046A8
S315010123889946054692B0002855D0002953D0002A0E
S3150101239851D0002B4FD0FFF74DFF0446002846D1F7
S315010123A86E462F460FCF0FC697E80F0008F10308AF
S315010123B886E80F0028F003022146059208A828227B
S315010123C8CDE9034AEEF7AEDD49462846FFF7B4FFE4
S315010123D80446D0B908A8EEF769D90446A8B92A4628
S315010123E8694608A807F02FFE044670B92A7C134BE3
S315010123F808A843F8329003EBC20301221A71AA7C99
S315010124085A7107F006FB044678B12B7C6BB11F2B79
S3150101241809D80A4800EBC3021179012902BF002133
S3150101242840F83310918000232B74FFF70BFF2046E8
S3150101243812B0BDE8F0872124F9E700BF185300203F
S3150101244870B50E4605468AB0002840D000293ED00F
S31501012458FFF7F0FE0446002836D1014628226846D0
S31501012468EEF760DD31462846FFF766FF0446C8B92F
S315010124786846EEF71BD90446A0B92946684607F00E
S315010124886DFD044670B92A7C124B684643F83260E1
S3150101249803EBC20301221A71AA7C5A7107F0B9FA30
S315010124A8044678B12B7C6BB11F2B09D8094800EB7F
S315010124B8C3021179012902BF002140F83310918025
S315010124C800232B74FFF7BEFE20460AB070BD2124F6
S315010124D8FAE700BF1853002030B588B181B101234D
S315010124E8084A52F8335002EBC304854203D100204E
S315010124F863790B7030BD0133202BF2D12D20F9E719
S315010125082120F7E71853002038B501250A4C0B4855
S31501012518EDF7E1DD0B20EDF79BDF04F500535D6770
S3150101252842201D6700F0A0F804F58054422008F006
S315010125384DFD0020656738BD00401040E0EA010104
S3150101254808B5054B1B6FDB0704D50122034B1A6737
S31501012558AFF3008008BD00BF004010400060104085
S315010125680028ACBF00F16040064B4FEA0111C9B220
S31501012578ABBF00F5614000F00F0080F80013195454
S31501012588704700BF14ED00E0002807DB012341096C
S31501012598034A00F01F00834042F82130704700BF0B
S315010125A800E100E000280CDB01220649430900F09D
S315010125B81F008240203341F82320BFF34F8FBFF319
S315010125C86F8F704700E100E0034672B6044A9068CE
S315010125D89360BFF34F8FBFF36F8F62B6704700BF2A
S315010125E800ED00E038B5EEF775D9154B1C781CBB23
S315010125F801221A70EEF769D9EEF763D9114B05462F
S3150101260898682346104AC1580433B3F5D47F42F872
S31501012618041BF8D16A210C48FFF7D6FF2846EEF7C5
S315010126284BD96FF0040210460132052152B2FFF768
S3150101263897FF5A2AF7D138BDBDE83840EEF74599D3
S31501012648037A002000ED00E000340020054B421119
S3150101265853F8223000F01F0023FA00F0C04300F0BE
S315010126680100704700E100E0002808DB0122430967
S31501012678034900F01F008240603341F82320704767
S3150101268800E100E010B50446EEF724D9024B1C60BF
S31501012698EEF71BD9002010BD4454002013B50023C1
S315010126A801241A4619461846009400F0C7FA002370
S315010126B800941A461946184600F0F2FA0248FFF73D
S315010126C8E1FF002002B010BD9C7B002013B50A4C26
S315010126D823787BB900F048F8684600F03DF8DDE952
S315010126E800010222054B09F008F808B901232370F4
S315010126F802B010BD1220FBE7047A002048540020DD
S3150101270807B5009313460A460146034808F0BBFC80
S3150101271803B05DF804FB00BF4854002013460A467E
S315010127280146014808F09FBD4854002007B50093AA
S3150101273813460A460146034808F09FFD03B05DF8B2
S3150101274804FB00BF4854002013460A4601460148C6
S3150101275808F0B9BD48540020024AD2E90021C0E96E
S3150101276800217047705400200349044B044A5B1A3F
S3150101277811605360704700BFC8860020000006201B
S315010127887054002008B50AF019F9034B1868BDE819
S315010127980840EEF7C09C00BF7854002000B58BB005
S315010127A82022002102A8EEF7BDDB084B4FF4805227
S315010127B8019337230021CDE90623054801AAEEF73E
S315010127C855DC044B18600BB05DF804FBBEDE010154
S315010127D88D27010178540020036810B4596A846E63
S315010127E89A68C1F5977193682144034A5DF8044BC8
S315010127F85C300BF004B900BF0C000020B1F5067F6F
S3150101280813B504462AD310200BF063F918B96FF0F2
S31501012818020002B010BD236840F20C411A6802F0A9
S315010128287F020BF06FF90028F1D0EEF75FD9A061AD
S31501012838B8B1214613220C4B04F11800636051F813
S31501012848303B00921B6890220AF022FE074B0020BA
S3150101285863610123C4E90300A360DAE76FF022008B
S31501012868D7E76FF00100D4E780EC0101792801016E
S31501012878F8B5C36804460F4600F1180643B943681B
S31501012888416ADB6830463A4A43F480630BF0B7F88C
S31501012898A36A9B052AD4224652F8C01BE368C86875
S315010128A80969302834BF082010204D1E1D404D1BD3
S315010128B80130854238BF6D182A44D90002F8011C36
S315010128C805F1BF025B09224404F1C10191424AD1D2
S315010128D88023616A84F8C03063682A46DB6830461A
S315010128E898310BF08CF823692B4423612269384608
S315010128F8D31C23F003039B1A226A52F8041C41EAEA
S31501012908032142F8041C52F8081C0B4443F00053F6
S3150101291842F8083C2368D968CD1CEEF769D92368C2
S315010129280146DA6830460BF074F8236825F0030589
S31501012938DA68AA4206D0AA1A0021304642F0804234
S315010129480BF067F8A16A11F4806110D123685A69FD
S31501012958DB689A420BD0D21A3046BDE8F84042F0FC
S3150101296880420BF056B802F8013D1B0AAEE7F8BDE5
S3150101297804000020014B0360FFF740BF20EC010171
S31501012988014B0360FFF73ABF00EC0101014B0360FC
S31501012998FFF734BFE0EB0101014B0360FFF72EBFDF
S315010129A860EC0101014B0360FFF728BF40EC01010F
S315010129B82DE9F041324F3B7883B13248EDF78BDB94
S315010129C83148EDF788DB08F0F8FF2E48EDF786DB8D
S315010129D82D48EDF783DB0020BDE8F081EEF7E2DA59
S315010129E80128064614D9EEF709DB051E46DB3B78B5
S315010129F8002B3CD14FF05008244C04EB0800A46588
S31501012A08C4F85C80EEF7A1DB206638B90120E3E75B
S31501012A183B7803F0FF05002BCFD1EBE71C4C04F102
S31501012A285000C4E91648EEF790DB20660028EDD080
S31501012A3804F1640304F1B400C4E92F38EEF785DB28
S31501012A48C4F8C4000028E1D00021124C012004F188
S31501012A5810032246C4E90011C4E90238EEF725DC60
S31501012A6820660028D2D001239E423B70A5D928466B
S31501012A78EEF7DADA0028A0DA0220ADE70D20ABE796
S31501012A88057A0020D8EA0101DCEA0101E4540020B3
S31501012A98485500208054002008B5154B4FF4FC72A7
S31501012AA800211846EEF73EDA0A220346026142611F
S31501012AB81048114A98614FF48061DA61002219625E
S31501012AC89A625A62DA62C3F808010C48C3F80C0122
S31501012AD8C3F810110A49C3F81821C3F81421C3F818
S31501012AE81C2111F8010D98540132102AF9D108BD9A
S31501012AF8CC84002090EC0101CC800020CC7C002004
S31501012B08A9EC01012DE9F84FDFF88880824698F88A
S31501012B1800308946532B164601D0FFF7BDFF18270A
S31501012B2807FB0A87D7F81851D7F814B15D452FD98C
S31501012B38D7F81041D7F80C11641BB44228BF3446A3
S31501012B484846294422460AF0EBF8D7F810312544BC
S31501012B58AB4208BF0025A144361BABEB050B5E450D
S31501012B6828BF5E465EB1182303FB0A83D3F80C110D
S31501012B783246294448460AF0D3F83444354424B147
S31501012B88182303FB0A88C8F818512046BDE8F88FAF
S31501012B980024E2E7CC840020F8B5182700FB077565
S31501012BA8124B0E461D4407FB0033DB6A1446012B03
S31501012BB80AD0022B14D023B9284608F01FFF8442F4
S31501012BC808D900242046F8BD284608F017FF844293
S31501012BD828BF044622463146284608F018FFF1E780
S31501012BE82846BDE8F84008F02DBF00BFCC84002077
S31501012BF8F8B50B4B04461B780D46532B164601D0E7
S31501012C08FFF74AFFEFF311874FF0200181F311888E
S31501012C18324629462046FFF7BFFF87F31188F8BDDB
S31501012C28CC8400201822044B02FB0033D3F814018B
S31501012C38D3F81831C01A7047CC8400202DE9F04128
S31501012C48164C1E4623780546532B8846174601D04E
S31501012C58FFF722FF092D1DD8EFF3118C4FF0200143
S31501012C6881F3118865B1182005FB000344F8038037
S31501012C78E2180023576000FB05421662936253620C
S31501012C88182303FB0544069BE3628CF31188002094
S31501012C98BDE8F0814FF0FF30FAE700BFCC84002090
S31501012CA82DE9F843174E1F4633780546532B8946B6
S31501012CB8904601D0FFF7F0FE092D1FD8EFF31182D7
S31501012CC84FF0200181F311886DB11824002304FB0B
S31501012CD80564C4F80891C4F80C81C4F81071C4F8E4
S31501012CE81831C4F81431182303FB0566089BC6F885
S31501012CF81C3182F311880020BDE8F8834FF0FF30BB
S31501012D08FAE700BFCC84002010B5044686B00B460D
S31501012D180B4A052104A802F0DBFB9DF813301021AB
S31501012D2802939DF81230204601939DF81130054A08
S31501012D3800939DF8103002F0CBFB002006B010BDC0
S31501012D48AAEC0101AFEC010130B589B0044608F0DE
S31501012D58BDFE01230E4A0025CDE902230D4B01A82B
S31501012D6805934FF47053CDE90654019308F0A1FE7A
S31501012D78019B049307F09CFA000240F001000390BD
S31501012D88694602A80095FAF7E9F909B030BD00BF0D
S31501012D981271000109060006F0B589B00C461546FF
S31501012DA8064608F093FE0123114A0027CDE90223BD
S31501012DB8104B01A805934FF47053CDE9067601939B
S31501012DC808F077FE019B049307F072FA000240F0BE
S31501012DD8010021466B462A46039002A80097FAF795
S31501012DE897F8044602A805F05CF9204609B0F0BD3A
S31501012DF8127100010906000610B50A4B86B0144680
S31501012E0802930023059103901A46CDE90033214423
S31501012E1805A802F057FD002814BFAC20002006B012
S31501012E2810BD00BFD9BA01012DE9F047DEB0669D93
S31501012E381C462B68074689469046002B65D06B6868
S31501012E48B3F5007F61D302A805F0A1FE6368BBB1A2
S31501012E5826682F4B3278002A08BF1E4600219C227C
S31501012E6837A80DF1180A3691EEF75CD8494650464E
S31501012E78FFF74AFF30B1AC2420465EB0BDE8F087C2
S31501012E88234EEBE70DF1280941464846FFF73CFF7A
S31501012E9804460028EFD1A0213346CDE900A91D4AF0
S31501012EA836A802F015FB36A902A805F089FE002805
S31501012EB8E1D1092102A805F07FFE3868FFF744FF31
S31501012EC80EA804F0B7FA39680EA8F9F7FFF906460C
S31501012ED80028D0D10EA902A805F070FE0096334646
S31501012EE8D5E9001202A8FBF7C3F80028C3D128685F
S31501012EF809F09FFF6B680130984201D909F01DFF5E
S31501012F08686002A805F047FEB6E72F24B4E700BFBB
S31501012F18C5EC0101D3EC0101F0B50C46002197B0CE
S31501012F280646154607A83C220691EDF7FBDF402325
S31501012F3805AACDE9013206AF009705930E49D4E9F1
S31501012F480023306804F025FF044698B9059E6B688D
S31501012F589E420DD832463946286809F0E3FF6B6867
S31501012F689E4201D909F0E9FE20466E6017B0F0BD0F
S31501012F781920FBE7AC20F9E70906000638B504462E
S31501012F880D46204608F0E0FD6B7C002857D0052B3D
S31501012F9859D0032B17D0042B38D0012B4DD102223E
S31501012FA82146284608F08EFE002833D129462846AF
S31501012FB808F0CCFE70BB95F82430002B0CBF032317
S31501012FC805236B74DDE795F825209AB12146284634
S31501012FD82A7F08F077FEE8B92946284608F0F7FE60
S31501012FE8C0B995F8253073B90223AA691A442A6228
S31501012FF80423E6E72B7D013BDBB2022B9CBF134A77
S31501013008D25CAA61F0E72B7F0233EEE795F824300B
S315010130180BB1232038BDAA690AB91820FAE7214656
S31501013028284608F04FFE0028F4D12946284608F01B
S31501013038F6FE0028EED10523C3E70320EAE7052BAF
S3150101304801D00D20E6E70020E4E700BF0DED0101FF
S3150101305800487047C87B0020024A0349034809F022
S31501013068B9BC00BF287B002001BF0101C87B002034
S315010130780023F0B590F8812087B00446019322B167
S31501013088A0F88030174809F034FC0025164F04F1E1
S315010130987806304601ABC5F18002791908F027FD9A
S315010130A8C0B1DDB1114B04AA0493802302A92046BC
S315010130B8CDE90275059308F036FFDDE9041280F0C2
S315010130C8010084F88100304608F02BFD30B100205B
S315010130D807B0F0BD019B01901D44DAE794F8800021
S315010130E8F6E700BF88570020867A0020067A002075
S315010130F8836810B504460BB92F2010BD1A491A6BFE
S31501013108D1E900138B4298BF002302F1040288BF5B
S315010131185B1A9A4204D000231348194608F0FDFFA9
S31501013128A36812491A6BD1E900138B4298BF002390
S3150101313802F1080288BF5B1A9A4204D000230B48A0
S31501013148194608F0EAFFD4E90312A06801F082F9E9
S315010131580028D2D1237E2BB16169A06801F002F959
S315010131680028CAD10020C8E748570020185700206F
S315010131782DE9F341054608460C4608F0F2FC0646D8
S3150101318878B1254808F0E0FC58B186423246224911
S3150101319828BF0246204608F079FD10B102B0BDE804
S315010131A8F0811E4F1C4E27E03368013AC6E9023306
S315010131B8D7F80031C7F8042157F82300013303F082
S315010131C83F030190C7F800312846CB69124A01A984
S315010131D898470028E2D1204608F0C3FC80463046CC
S315010131E808F0B2FC80454246314628BF02462046D0
S315010131F808F04CFD0028D1D1204608F0B2FC296817
S3150101320818B1D7F80421002ACED12846CB6802B0D5
S31501013218BDE8F041184700BF185700201056002095
S3150101322870B504460D460E4E284608F08DFC28B9A0
S3150101323823682046BDE870409B68184731462846F1
S31501013248FFF79CFE0D28EFD048B9236820469B69F4
S315010132580349984718B9024808F082FFE4E770BDA7
S315010132684857002091F8273070B506460C464D8A15
S315010132782BB10A7D1948294608F095FF30BBB5F5EA
S31501013288827F0AD8B5F5807F0BD9A5F58175022DFF
S3150101329809D8DFE805F00C0A0F0040F23B139D42FD
S315010132A811D0A62012E0E36AF36000200EE0E36A7A
S315010132B83361FAE794F8243083F00103337603B1D5
S315010132C8E36A7361F1E7B2680AB92F2070BDA38D6C
S315010132D8002B08BF4FF400731363E6E7105600206D
S315010132E808B503480A7D498A08F05DFF08BD00BF94
S315010132F81056002070B586680C460EB92F2070BD90
S3150101330891F8263003B9743694F82730257D33B1FF
S315010133182A46618A174808F046FF0028EFD1032D8E
S3150101332826D8DFE805F016020E1133689B6894F872
S315010133382420618A5AB904F12C023046BDE870404D
S31501013348184733681B69F2E733689B69EFE700227F
S31501013358F3E73368618ADD6A94F8243033B9E26A9E
S315010133683046AC46A369BDE8704060470022F7E7DD
S315010133782620C4E7105600200A46498A10B5B1F538
S31501013388A27F15D008D840F2051399421AD0B1F592
S31501013398A17F0DD0A6200AE040F2A1139942F9D1E5
S315010133A8806838B10368DC6A9369D26AA04710BD9F
S315010133B8806808B92F20FAE703682C321B69BDE832
S315010133C810401847127D024808F0EDFEEFE700BFED
S315010133D8105600202DE9F04100251746526894B090
S315010133E8052A88461E468DF805508DF806508DF832
S315010133F8075040F2A78001233968023A02A808F06A
S31501013408A3FE0DF1050102A808F07AFC044600287D
S3150101341840F094800DF1060102A808F071FC0446FA
S31501013428002840F08B800DF1070102A808F068FC1D
S315010134380446002840F082807B683168802B7CD85D
S3150101344873687F2B7CD903467622083107A808F0D1
S315010134587BFE9DF80630013B042B6CD8DFE803F0AF
S3150101346803325D64550001238DF83430514BCDF893
S3150101347838800C930023CDE90F3311938DF8483029
S31501013488B8F1000F1BD0D8F8305000232A1D194670
S31501013498494808F042FE484808F062FE002305F152
S315010134A808021946454808F038FE0022444BC3F87C
S315010134B8042107AA02A90CA808F09AFE09E04FF40B
S315010134C80075E2E73C4808F01AFE3C4808F017FE89
S315010134D80020099A079B9A4288BFD41AE5B2044685
S315010134E800230822316807A808F02EFE00211C22B4
S315010134F80DA80C91EDF716DD022107A808F03EFB90
S3150101350810B3002014B0BDE8F08101238DF83430E1
S315010135182C4BCDF838800C93CBE70323CDF83880B3
S315010135288DF83430284BF6E70423CDF838808DF829
S315010135383430264BEFE72A20CBE7C2240025CFE713
S315010135481924FBE71924CBE79DF8061007A841F0D2
S31501013558800108F013FB0028D3D19DF8071007A8AD
S3150101356808F00CFB0028CCD1214607A808F02BFB53
S315010135780028C6D1294607A808F000FB0028C0D1B2
S31501013588726805F10A03934201D909F0D6FB083598
S315010135982946306873600CAA01F004F80028B0D1F5
S315010135A89DF80600BDF830203368023818BF01209E
S315010135B85A53A7E72CED0101485700201857002057
S315010135C81056002054ED01017CED0101A4ED010124
S315010135D8002208B51146064808F0D1FD0022054822
S315010135E8114608F0CCFD0022034BC3E9402208BD70
S315010135F848570020185700201056002002490A682A
S3150101360802604A684260704740EF010110B440F216
S315010136186314A142034612D0B1F5B27F07D2B1F5BF
S31501013628827F20D0B1F5B17F18D0A62009E040F2FA
S3150101363897108142F9D102B11268DA6211E01AB919
S315010136482F205DF8044B704711680A4BA1F57A7270
S315010136589A42F5D85DF8044B00F0DCBD02B1126857
S315010136689A620020EDE7002AEAD011685DF8044B59
S3150101367800F078BEB8820100F0B5B1F5AA7F99B01C
S31501013688154606461A461E9C3CD8B1F5A07F09D8AF
S3150101369840F2051399426DD040F21113994262D055
S315010136A8A62065E06FF4A07319441329F8D801A37C
S315010136B853F821F0B7370101A9360101D1370101C3
S315010136C8A9360101D7370101DD370101E3370101C7
S315010136D8E9370101A9360101A9360101A936010115
S315010136E8A9360101A9360101A9360101A936010146
S315010136F8A9360101A9360101EF370101F5370101A2
S31501013708FF370101B1F5C17F00F0928010D840F26F
S315010137186513994200F08280B1F5B37F00F0838089
S31501013728B1F5B27FBCD12346294600F08FFD1EE0D3
S3150101373840F29513994200F0898040F2B1139942FA
S3150101374800F0938040F293139942A9D1CDE90B5226
S3150101375805B9EAB933683046D3F880300BA99847D9
S3150101376830B90C9B21E02346294600F00DFE48B3EA
S3150101377819B0F0BD00F134073846039209F059FB37
S31501013788039A0130CDE906050597089215B90AB1DB
S3150101379809F0D3FA07AB00933046728B318B05AB2F
S315010137A800F09CFD0028E3D1089B23600AE0036829
S315010137B81B6B2946304698470028D9D1284609F076
S315010137C838FB20600020D3E703689B6BF1E70368A8
S315010137D81B6CEEE703685B6CEBE703689B6CE8E738
S315010137E80368DB6CE5E703685B6DE2E72346294677
S315010137F800F0C6FCBBE721230E9303680FAF0392C2
S315010138081B6E0D970DA99847039A0028B0D1134647
S3150101381820212A46384609F021F8D2E723462946C6
S3150101382800F020FDA3E72346294600F0B9FD9EE7EE
S31501013838CDE909530DB9002BAAD133683046DB6F9F
S3150101384809A99847002893D10A9BAEE7CDE90D52FC
S315010138580DB9002A9CD133683046D3F884300DA9B5
S315010138689847002884D10E9B9FE7CDE90F520DB9E0
S31501013878002A8DD133683046D3F88C300FA9984781
S3150101388800287FF475AF109B8FE700BF70B5B1F5BE
S31501013898B27F054616461C4692B000F01D8121D815
S315010138A840F21113994271D06FF4A07319448BB286
S315010138B8132B30D813292ED8DFE811F06F002D000C
S315010138C87C002D0089009600A300B0002D002D0073
S315010138D82D002D002D002D002D002D002D00BD00E0
S315010138E8D900EA0040F29513994200F04481B1F5F5
S315010138F8CB7F22D240F28113994200F01F81B1F5A3
S31501013908C17F0AD240F26513994200F0F080B1F500
S31501013918B37F00F0F380A620A0E000F0228140F2F7
S3150101392893139942F7D13146224609A808F0BCFDFD
S31501013938284609A900F01EFE90E0B1F5D17F00F0F5
S315010139483B8111D8B1F5CB7F00F01F8140F2A1135C
S315010139589942E0D1002A40F0228140223146343091
S31501013968EDF7E0DA002079E040F2B1139942D2D1BC
S31501013978002AF7D0002CF5D03146224609A808F0CD
S3150101398893FD284609A900F03BFD67E02246314629
S3150101399812B0BDE8704000F0F1BC02B13CB9002299
S315010139A88D49284612B0BDE8704000F00DBB22468C
S315010139B83146F6E702B13CB900228749284612B0D9
S315010139C8BDE8704000F028BB22463146F6E702B150
S315010139D83CB900228049284612B0BDE8704000F082
S315010139E843BB22463146F6E702B13CB900227A4980
S315010139F8284612B0BDE8704000F048BB2246314660
S31501013A08F6E702B13CB900227349284612B0BDE86E
S31501013A18704000F04DBB22463146F6E702B13CB98A
S31501013A2800226D49284612B0BDE8704000F052BB2C
S31501013A3822463146F6E702B194B900211C220AA8A9
S31501013A480991EDF76FDA2021644AAB8B09A801F0D8
S31501013A583FFD09A90246284600F062FB12B070BD76
S31501013A682246314612B0BDE8704000F059BB02B199
S31501013A783CB908225A49284612B0BDE8704000F0FF
S31501013A8879BB102C01D92F20E8E722463146F2E706
S31501013A9802B1C4B9102105A808F0BEFD0028DDD17F
S31501013AA8022310210093212309AA05A808F096FEED
S31501013AB80028D3D109A809F0BCF909A90246284663
S31501013AC800F064FBCAE7102CDDD8022321460093D6
S31501013AD83046212309AAE9E7002AD4D0002BD2D0FE
S31501013AE81A46314612B0BDE8704000F0A9BB22461C
S31501013AF8314612B0BDE8704000F0AEBB02B1B4B9AF
S31501013B080023CDE90933CDF82B30AB6A09A8029315
S31501013B18EB8B01936B6A00936A8B298B2B6A08F0ED
S31501013B287EFC0B22284609A900F034FC96E72246B9
S31501013B38314612B0BDE8704000F02CBC02B154B94F
S31501013B48002305AACDE909238DF81430284609A9C8
S31501013B5808F03DFD82E72246314609A808F0A4FC92
S31501013B68F4E73146224609A808F09EFC284609A928
S31501013B7800F00CFD72E73146224609A808F094FCCB
S31501013B88284609A900F0EAFC68E73146224609A850
S31501013B9808F08AFC284609A900F08EFB5EE73F2C4E
S31501013BA83FF671AF22463146343009F0B9F80023A0
S31501013BB82C4484F83430D5E6002A3FF464AF002C4E
S31501013BC83FF461AF3146224609A808F06DFC284643
S31501013BD809A900F0FDFB41E7BEDE0101C4ED0101C2
S31501013BE8C7ED01012DE9F047002405468EB0884647
S31501013BF8174621460D2205A80DF128091E460494EA
S31501013C08EDF790D921460D2248460994EDF78AD94F
S31501013C181122284602AB04A9CDE9024400F0B0FA03
S31501013C28044600285DD1029B0A2B51D19DF8143017
S31501013C382D2B2FD00025049B0A2203A909A8099334
S31501013C488DF8285001F086F8039BA8F800004B452A
S31501013C5841D1BDF814300A2203A909A8ADF82430C7
S31501013C688DF8265001F076F83870039F0DF1260379
S31501013C789F4230D1BDF816300A2203A909A8ADF829
S31501013C8824308DF8265001F065F8039B3070BB424C
S31501013C9821D125E09DF817302D2BCBD1082302938D
S31501013CA806AB01930DF1150311210F4A009309A8DA
S31501013CB804AB01F00DFCDDF808A009A9524604A8D8
S31501013CC809F02EF85246284604A900F053FA40B9DC
S31501013CD8029B072BAED8054804A901F071F82F24D8
S31501013CE820460EB0BDE8F08748EF010155EF010105
S31501013CF80023F0B587B001930C46D1E9001201AB57
S31501013D0800F04AFA40F20123984225D102AD2A462A
S31501013D18144B03F110072E4618685968083303C670
S31501013D28BB423546F7D163680F2B02D8192007B074
S31501013D38F0BD256806AE134603CBB3422860696018
S31501013D481A4605F10805F6D110230193019B62680C
S31501013D58934204D908F0F1FF0028E8D1F6E70020DB
S31501013D686360E4E712F0010170B50025044696B0D7
S31501013D782A220E460BA829460A95EDF7D3D801AB97
S31501013D882E2220460AA9019500F060FA40F2012384
S31501013D9898422BD1182301931A4B0AAC03F1180542
S31501013DA8224618685968083303C2AB421446F7D14B
S31501013DB800241C22214603A80294EDF7B3D80199E0
S31501013DC802AA0AA800F004FCA0F11003102B05466B
S31501013DD813D87368984212D8024602A9306808F0C6
S31501013DE89FFF73689D4205D908F0A7FF0028DFD018
S31501013DF816B070BD20467560FAE72F20F8E719203D
S31501013E08F6E700BF74EF0101F0B54B680646602B72
S31501013E180C461546A5B02DD900278222394603A895
S31501013E280297EDF77FD801AB8622304602A90197A1
S31501013E3800F018FA40F20123984212D184220E4960
S31501013E4802A8019208F06CFF2268019902A800F004
S31501013E58BFFB612828600BD16368602B05D808F080
S31501013E686CFF0028F0D025B0F0BD60600020FAE7AC
S31501013E782F20F8E71920F6E78DEF0101012903BF84
S31501013E88034B00201B78A62008BF1370704700BF9B
S31501013E98267B0020022938B514461D460FD120225A
S31501013EA800210848EDF73ED83CB1202D2A46214686
S31501013EB828BF2022034808F033FF002038BDA62079
S31501013EC8FCE700BF067B0020104608B56AB163B15D
S31501013ED802290CD1202B28BF20231A46029B05490A
S31501013EE81A6008F01DFF002008BD2F20FCE7A62057
S31501013EF8FAE700BF067B0020012905D102B1127834
S31501013F08024B00201A707047A6207047267B0020B5
S31501013F182DE9F0431D46002389B0074608460E469A
S31501013F281446CDE9053300F0B9FC18B9D82009B012
S31501013F38BDE8F083304605A900F01AFD0028F6D13F
S31501013F48204600F0ABFC0028F0D0204606A900F077
S31501013F580FFD0028EBD1DDE90596079007A9184859
S31501013F6800F006FD044600BB079919EB01081ED1AD
S31501013F780EB108F0E2FE022008F084FCA0B1079B0D
S31501013F88022100931F203B46CDE901960D4A08F00F
S31501013F986CFC6B689E4210D832464146286808F087
S31501013FA8C1FF6B689E42E4D86E602046BFE70220D6
S31501013FB808F068FC0028ECD0E1E71924F5E700BF11
S31501013FC8217208005CF00101014800F0DFBD00BF64
S31501013FD800720800002307B50348019301AB00F0FD
S31501013FE8EFFC03B05DF804FB00720800014800F01C
S31501013FF89FBD00BF0C72080010B506480C4600F0BB
S315010140088BFC40F20123984202BF4FF6F17300205F
S31501014018238010BD0C720800014800F0B7BD00BF2E
S315010140280D720800002307B50348019301AB00F09F
S31501014038C7FC03B05DF804FB0D720800014800F0E6
S3150101404877BD00BF0B72080010B506480C4600F093
S3150101405863FC40F20123984202BF48F201030020A2
S31501014068238010BD0B720800014800F08FBD00BF07
S315010140780E720800002307B50348019301AB00F04E
S315010140889FFC03B05DF804FB0E720800014800F0BD
S315010140987DBD00BF10720800002307B503480193CF
S315010140A801AB00F08DFC03B05DF804FB107208004A
S315010140B8014800F06BBD00BF11720800002307B566
S315010140C80348019301AB00F07BFC03B05DF804FBE7
S315010140D811720800014800F059BD00BF12720800AB
S315010140E8002307B50348019301AB00F069FC03B04E
S315010140F85DF804FB12720800014800F019BD00BF02
S315010141081872080010B505480C4600F005FC40F286
S315010141180123984204BF0020208010BD18720800AF
S31501014128014800F033BD00BF0F72080073B50026C0
S3150101413801AB0E480C461546019600F041FC40F2CA
S31501014148012398420BD164B10C2D0CD920462A467C
S31501014158074908F00BFE30462C4404F8016C02B0FD
S3150101416870BD0B20FBE71920F9E700BF0F720800A4
S315010141787AF00101014800F009BD00BF0472080087
S31501014188014800F01DBC00BF04720800014800F097
S3150101419817BD00BF1F72080007B50020009003482C
S315010141A800F064FC03B05DF804FB00BF1F72080050
S315010141B8014800F0BDBC00BF0772080037B51248B7
S315010141C80D4600F0A9FB40F201239842044604D1A9
S315010141D84FF470632B80002014E098B92B88B3F54E
S315010141E8805FF8D3012008F04DFB50B140F28B13E3
S315010141F82F220121CDE900322046044B044A08F059
S3150101420834FB2F2003B030BD0772080087F0010186
S31501014218A7F00101014800F0A3BC00BF087208001C
S3150101422810B506480C4600F0A3FB40F2012398425B
S3150101423802BF4FF47A730020236010BD087208008B
S31501014248014800F0A3BC00BF09720800014800F04B
S31501014258B7BB00BF09720800014800F097BC00BF4F
S315010142680A720800014800F0ABBB00BF0A720800D8
S315010142780B46024A02490348FFF74ABE277208005C
S3150101428826720800B8F001010B46024A02490348A1
S31501014298FFF73EBE2572080024720800D4F0010119
S315010142A80B46024A02490348FFF732BE2372080048
S315010142B822720800FAF00101022307B5D1E90012B9
S315010142C801A80193FEF798FD18B90199024800F072
S315010142D847FC03B05DF804FB207208001FB50220F4
S315010142E803900698009003A8FEF79EFD18B9039955
S315010142F8024800F035FC05B05DF804FB20720800A0
S31501014308002370B5154886B00D461646049300F08C
S31501014318C5FA08B3114804A900F02AFBD0B9049BD0
S315010143283246002B08BF0223294605A80593FEF745
S31501014338F3FD0446022008F0A5FA50B10294736808
S31501014348022101936B681F200093054A049B08F01B
S315010143588CFA204606B070BDD824EBE72072080016
S3150101436813F10101014800F0FBBB00BF21720800EE
S31501014378014800F0FDBA00BF21720800014800F0AA
S3150101438805BC00BF29720800014800F019BB00BF2E
S3150101439829720800014800F013BC00BF0572080024
S315010143A807B500200090034800F060FB03B05DF8F3
S315010143B804FB00BF05720800014800F0A1BB00BF5C
S315010143C828720800014800F07BBA00BF287208006C
S315010143D8032307B5D1E9001201A8019300F086F973
S315010143E818B90199024800F0BBFB03B05DF804FB5B
S315010143F830720800014800F0BBBA00BF30720800EC
S315010144084A6808B5102A01D02F2008BD0968024853
S3150101441800F0D6FBF9E700BF177208001FB50023A4
S315010144284A680C460F2A03930FD90093102203AB4E
S315010144380968074800F01AFB63680F2B01D808F0D1
S315010144487CFC1023636004B010BD1920FBE700BF93
S31501014458177208000021094B10B5196032B9084CC9
S315010144682146BDE81040074800F07ABB064C0748CB
S3150101447800F08AF9204608F06AFAF1E77857002030
S3150101448800102A012172080000202A0188570020FC
S3150101449800232DE9F04F85B080460F462C4803A924
S315010144A81546039300F064FA002838D1294E039979
S315010144B833681BB9284800F071F980BBD5E90014A6
S315010144C83368039A02EB030B14F003031BD10A4663
S315010144D823465946204800F07DF900BB404631681C
S315010144E800F03EFBD8B93846696800F039FBB0B926
S315010144F832686B680020134413F03F021CBF403336
S315010145089B1A33600BE004F1040AAAEB030A50462D
S31501014518019100F0CBF80199814618B9AC2005B093
S31501014528BDE8F08F224608F0FBFBAAEB0402FF2146
S3150101453809EB0400ECF7F6DC53464A4659460648A8
S3150101454800F048F90446484600F0C0F82046C4E799
S3150101455821720800785700208857002008B50A46B5
S3150101456802480349FFF794FF08BD00BF22720800FC
S315010145782372080008B50A4602480349FFF788FF6E
S3150101458808BD00BF247208002572080008B50A464D
S3150101459802480349FFF77CFF08BD00BF26720800E0
S315010145A8277208001FB513460022039203AA019236
S315010145B8202200920A460146044803F01AFB002804
S315010145C814BFAC20002005B05DF804FB0900000208
S315010145D8014B08F09BB800BF39C6010138B5094B33
S315010145E8D3E8EF2F541CC3E8E54F002DF8D1002A73
S315010145F804DC00F03FF808B108F09FFB4FF000001A
S3150101460838BD00BF7C5700202D2828BF002010B4D3
S31501014618074C04EB8000074CD4E8AF4F1CB1A44604
S315010146285DF8044B60475DF8044B08F036B900BFE5
S315010146385EF1010180570020024BD3E88F0FC0B20A
S31501014648704700BFB37C0020024608B5064BD3E884
S31501014658AF3F3BB9054B06491B68D86800F01EFFF9
S3150101466808F06BFB08BD00BF84570020507C002071
S3150101467812F2010108B50A4BD3E8EF2F511CC3E821
S31501014688E01F0028F8D1002A07DD064B06481B68FA
S31501014698D96800F015FF08F050FB002008BD00BFDE
S315010146A884570020507C00205AF2010138B504468E
S315010146B80548FFF7C9FF204600F02EFE05462146AB
S315010146C808F0E9F8284638BD8DF2010110B504460E
S315010146D80548FFF7B9FF2046002108F0DDF8204615
S315010146E8BDE8104000F020BE99F2010170B50446FB
S315010146F888B000680D46164608F0D0F823684FF4CD
S315010147080071079301230B4A02A8CDE902230A4B3B
S315010147183246CDE9041300232946069301ABF8F77E
S31501014728F7FB014618B1054800F04AFBAC2008B071
S3150101473870BD00BF002480000010C004A4F201016D
S31501014748014B0360704700BF14F3010110B504461C
S3150101475808F0FEF8054B0020D3F8942003F58053A1
S3150101476862604FF400321A6710BD00BF008000A3D2
S3150101477810B50446034B0821036006F00BFF2046DA
S3150101478810BD00BF14F3010108B5FBF735FE10B9D9
S315010147980148EBF78BDF08BD90570020002313B5BD
S315010147A80C460B48694601AA0093FBF7AFFF58B9B6
S315010147B8009B24F07F4223F07F439A4206D90122C6
S315010147C821460348EBF788DF02B010BD2E20FBE72F
S315010147D89057002073B51E4600230C4615466946B7
S315010147E80B4801AA0093FBF791FF60B9009B24F0DE
S315010147F87F4223F07F439A4207D933462A46214607
S315010148080348FBF7E7FF02B070BD2E20FBE700BFA7
S31501014818905700200448054B054A036000230549C2
S31501014828436008F0D7B800BF8857002014F3010187
S31501014838287B00204947010137B50E4D2C686CB913
S31501014848032322462146009301200B4BEDF732DB68
S315010148582346224621462860EDF73DD8286808B93E
S3150101486808F06BFA4FF0FF3103B0BDE83040EDF7C0
S31501014878869900BF08580020B8570020064B10B585
S31501014888186808B908F059FA0023BDE810401A4614
S315010148981946EDF7209800BF0858002007B50146CB
S315010148A806486A4601AB0068FBF790F808F02AF852
S315010148B8B0FA80F0400903B05DF804FB847B00205F
S315010148C87FB5002304460D468DF8073008F026F812
S315010148D8D0B1104E2146306803AB02AAFBF776F830
S315010148E808F010F870B9039B012B10D121463068E5
S315010148F80DF10702FAF7AAFF08F004F810B99DF8B5
S3150101490807302B7004B070BD40F20120FAE72F2061
S31501014918F8E700BF847B00207FB5002304460D46D6
S31501014928ADF8063007F0FAFFD0B1104E21463068CE
S3150101493803AB02AAFBF74AF807F0E4FF70B9039B38
S31501014948022B10D1214630680DF10602FAF77EFFD6
S3150101495807F0D8FF10B9BDF806302B8004B070BD39
S3150101496840F20120FAE72F20F8E700BF847B0020F7
S315010149787FB5002304460D46039307F0CFFFC0B167
S315010149880E4E2146306802AB01AAFBF71FF807F064
S31501014998B9FF60B9029B042B0ED12146306803AADF
S315010149A8FAF754FF07F0AEFF08B9039B2B6004B071
S315010149B870BD40F20120FAE72F20F8E7847B002039
S315010149C82DE9F0431D46002385B02B6007460E46A7
S315010149D8914607F0A3FF00283ED0DFF88C803946BF
S315010149E8D8F8000003AB02AAFAF7F0FF07F08AFF2D
S315010149F80446B8B9039B93B3C6B14B4531D2324686
S31501014A083946D8F80000FAF721FF07F07BFFD8B934
S31501014A18039B012B03D13378003B18BF01230022E5
S31501014A282B60F254204605B0BDE8F083012B01D075
S31501014A382B60F7E73946D8F800000DF10702FAF7B6
S31501014A4805FF07F05FFF08B10446EBE79DF807305C
S31501014A5803B103982860E5E740F20124E2E71E2441
S31501014A68E0E71924DEE700BF847B00202DE9F04F3A
S31501014A781D46002385B02B60074688461646DDF894
S31501014A8838A007F04BFFA0B3DFF870B03946DBF861
S31501014A98000003AB02AAFAF799FF07F033FF0446B0
S31501014AA8A8B9B8F1000F12D0039BDBF80000A3EBFC
S31501014AB80A09B1450FD8534642463946CDF8009001
S31501014AC8FAF720FF07F01EFFB0B9C5F80090204696
S31501014AD805B0BDE8F08F5346424639460096FAF7C6
S31501014AE811FF07F00FFF04460028F0D119242E60A3
S31501014AF8EDE740F20124EAE70446E8E7847B002072
S31501014B0813B504468DF8071007F008FF58B1074891
S31501014B180123214600680DF10702FBF74DF807F05D
S31501014B28F1FE02B010BD2F20FBE700BF847B0020F8
S31501014B3813B50446ADF8061007F0F0FE58B107485B
S31501014B480223214600680DF10602FBF735F807F045
S31501014B58D9FE02B010BD2F20FBE700BF847B0020E0
S31501014B6813B50446019107F0D9FE58B10423064845
S31501014B78214600680DEB0302FBF71EF807F0C2FE9A
S31501014B8802B010BD2F20FBE7847B002010B5044637
S31501014B9807F0C4FE68B179B10848012A13460068CD
S31501014BA838BF01230A462146FBF706F807F0AAFE94
S31501014BB810BD40F20120FBE72F20F9E7847B002095
S31501014BC810B5044607F0AAFE58B101B962B90748FA
S31501014BD8134600680A462146FAF7EEFF07F092FEE8
S31501014BE810BD40F20120FBE72F20F9E7847B002065
S31501014BF807B507F0AFFE00210846FFF7EFFC074BA3
S31501014C084FF4806201933723054900930548002330
S31501014C18EDF7F5DA03B05DF804FB00BF0C58002087
S31501014C285CF3010143C90101064B1B681A7A022A81
S31501014C3804D812B11B68044A13607047032AF9D0D4
S31501014C48704700BF4C7C00201058002008B5064B60
S31501014C58044613B10021AFF30080044B1B6803B16D
S31501014C689847204603F0C4FF000000004C59002074
S31501014C782DE9F04386460D46354E284615F8014B72
S31501014C88375D17F00807F8D12D2C26D12C78012785
S31501014C98851C3BBB302C32D00A234FF0FF38002646
S31501014CA8B8FBF3F803FB08F930466FEA0909A4F1E1
S31501014CB8300CBCF1090F29D86446A34237DDB6F198
S31501014CC8FF3F07D080452FD301D1A1452CDB00FB3E
S31501014CD80340012615F8014BE9E72B2C04BF2C7873
S31501014CE8851CD6E7102BD8D1302CD6D1287800F0DF
S31501014CF8DF005828D1D16C7810230235CDE72B78FE
S31501014D0803F0DF03582BF6D00823C6E7A4F1410CBB
S31501014D18BCF1190F01D8373CCFE7A4F1610CBCF1FD
S31501014D28190F04D8573CC8E74FF0FF36D2E7731C71
S31501014D3806D122233046CEF8003032B9BDE8F083D8
S31501014D4807B14042002AF9D006B1691E1160F5E79B
S31501014D589FF3010113460A46014602480068FFF717
S31501014D6887BF00BF507C0020024B0344587800F0EE
S31501014D78170070479EF3010170B50D4D00260D4CC4
S31501014D88641BA410A64209D10B4D00260B4C08F051
S31501014D9813FF641BA410A64205D170BD55F8043B47
S31501014DA801369847EEE755F8043B01369847F2E78D
S31501014DB8B47C0020B87C0020B87C0020C87C002087
S31501014DC80FB407B5064904AB086853F8042B816883
S31501014DD8019300F007F803B05DF804EB04B07047DE
S31501014DE8507C00202DE9F04F0D469DB0144698469A
S31501014DF8064618B1036A0BB900F038FB6B6ED90781
S31501014E0805D4AB899A0502D4A86D08F0A6F8AB8931
S31501014E181B0701D52B699BB92946304600F0FAF8DB
S31501014E2870B16B6EDC0704D54FF0FF301DB0BDE8DC
S31501014E38F08FAB899805F7D4A86D08F08FF8F3E7D9
S31501014E480023CDF80C804FF00109DFF8B4810993ED
S31501014E5820238DF8293030238DF82A3023469A46A6
S31501014E6813F8012B0AB1252AF9D1BAEB040B0BD098
S31501014E785B4622462946304607F0CAFD013000F055
S31501014E88A780099A5A4409929AF80030002B00F032
S31501014E989F8000234FF0FF320AF1010A0493079319
S31501014EA88DF853301A93CDE9052354460522544802
S31501014EB814F8011B07F026FF049AD8B9D10644BF95
S31501014EC820238DF85330130744BF2B238DF8533014
S31501014ED89AF800302A2B15D0079A544600204FF02C
S31501014EE80A0C214611F8013B303B092B4BD9B0B1CC
S31501014EF8079214E0A0EB0803A24609FA03F3134348
S31501014F080493D2E7039B191D1B68002B0391BBBFB1
S31501014F185B4242F0020207930793B8BF04922378D2
S31501014F282E2B0AD163782A2B32D1039B02341A1DFF
S31501014F381B6843EAE37303920593DFF8D4A00322BE
S31501014F482178504607F0DEFE38B1A0EB0A0040226F
S31501014F58049B013482401343049314F8011B06226E
S31501014F6828488DF8281007F0CDFE00283FD0264B9A
S31501014F781BBB039B073323F0070308330393099BE1
S31501014F883B4409936AE70CFB02320C460120A8E768
S31501014F98002301344FF00A0C19460593204610F8EF
S31501014FA8012B303A092A03D9002BC6D00591C4E74A
S31501014FB80CFB012104460123F0E703AB2A4604A9A8
S31501014FC830460093114BAFF300800746781CD6D1C2
S31501014FD86B6ED90705D4AB899A0502D4A86D07F07A
S31501014FE8BDFFAB895B063FF51FAF09981EE703AB0A
S31501014FF82A4604A930460093044B00F061F8E4E718
S315010150086BF3010175F301010000000019CA0101E1
S3150101501871F3010138B5294B05460C46186818B1D3
S31501015028036A0BB900F022FAB4F90C30190722D434
S31501015038DA0607D409222A6043F040034FF0FF300C
S31501015048A38133E0580712D5616B41B104F14403D9
S31501015058994202D0284606F0A2FA00236363A3897E
S3150101506823F02403A3810023636023692360A389B1
S3150101507843F00803A38123694BB9A38903F4207378
S31501015088B3F5007F03D02146284607F08DFFB4F911
S315010150980C3013F001020AD00022A2606269524261
S315010150A8A261226942B913F08000C5D138BD9907B9
S315010150B858BF6269A260F4E70020F7E7507C002037
S315010150C82DE9FF470F7E914680460C46782F9A4671
S315010150D80C9E01F1430207D8622F0AD8002F00F06E
S315010150E8DD80582F00F0C38004F1420684F842702E
S315010150F83AE0A7F16303152BF6D801A151F823F07C
S315010151086151010175510101F1500101F15001018D
S31501015118F1500101F150010175510101F1500101EE
S31501015128F1500101F1500101F15001018B520101C7
S315010151380352010143520101F1500101F1500101EB
S31501015148AD520101F150010103520101F150010171
S31501015158F15001014B52010133681A1D1B68326076
S3150101516804F1420684F842300123A8E03168236834
S31501015178081D30601E0601D50D6803E05D06FBD5E5
S31501015188B1F90050002D616878DA2D200029A16056
S3150101519884F843002DDA6D425D480A231646B5FBAC
S315010151A8F3F103FB1157C75D06F8017D2F460D463D
S315010151B8BB42F4D9082B0BD12368DF0708D523692C
S315010151C861689942DEBF302306F8013C06F1FF36D4
S315010151D8921B22614B4603AA21464046CDF800A0FF
S315010151E807F073FC01306FD14FF0FF3004B0BDE811
S315010151F8F08723F004032360CDE7216833680806A5
S3150101520853F8045B02D4490648BFADB26F2F336028
S315010152183F4814BF0A230823002184F8431066680E
S31501015228002EA660BADB216821F004012160002D58
S31501015238B4D1002EB2D11646BCE7236843F0200348
S31501015248236078273348236884F845701F06316837
S3150101525851F8045B02D45F0648BFADB23160D90784
S3150101526844BF43F0200323601DB11023D4E7284826
S31501015278E9E7236823F020032360F6E724480A2394
S31501015288CDE733682568181D616930602E061B68EC
S3150101529801D5196002E06806FBD519800023164677
S315010152A8236197E7336800211A1D32601E68626817
S315010152B8304607F027FD08B1801B606063682361EA
S315010152C8002384F8433085E7236932464946404637
S315010152D8D047013088D023689B0714D4E068039B23
S315010152E89842B8BF184681E70123324649464046E6
S315010152F8D04701303FF478AF0135E36803995B1A6A
S31501015308AB42F1DCEAE7002504F11906F5E700BF2E
S315010153187CF301018DF30101024B0146186806F080
S315010153283BB900BF507C0020024B0146186806F0C4
S3150101533836B900BF507C002010B50446044813460F
S3150101534820B10A4602202146AFF3008010BD00BFF5
S3150101535800000000002310B50446836081811946C7
S315010153684366C28108228361C0E90033C0E9043377
S315010153785C30EBF7D7DD0D4B246263620C4BA362FC
S315010153880C4BE3620C4B23630C4B9C4206D003F195
S315010153986802944202D0D0339C4205D104F15800E7
S315010153A8BDE8104007F0D8BD10BD00BF4BCE0101C5
S315010153B86DCE0101A5CE0101C9CE01011458002006
S315010153C8024A0349034807F07FBD00BFA07C0020BC
S315010153D8BDCC0101547C002041680C4B994210B5A2
S315010153E8044601D007F066FCA168094B994202D02F
S315010153F8204607F05FFCE168064B994204D0204636
S31501015408BDE8104007F056BC10BD00BF1458002076
S315010154187C580020E458002010B50B4B04210B4C95
S315010154280B4A20461A600022FFF794FF04F168002F
S3150101543801220921FFF78EFF04F1D0000222122170
S31501015448BDE81040FFF786BF4C59002014580020CB
S31501015458C9530101014807F080BD00BF277B002020
S31501015468014807F07BBD00BF277B002010B5044624
S31501015478FFF7F0FF236A1BB1BDE81040FFF7F0BF44
S31501015488044B2362044B1B68002BF5D1FFF7C4FFBC
S31501015498F2E700BFE15301014C5900200EB403B5EF
S315010154A803AB0146054853F8042B00680193FFF73E
S315010154B899FC02B05DF804EB03B07047507C0020FB
S315010154C8024B0A460146186807F063BC507C002066
S315010154D80CB4184B30B50C1E9DB01D6808DA8B2328
S315010154E84FF0FF302B601DB0BDE8304002B0704768
S315010154F84FF402730290069002A9ADF8143014BF55
S3150101550804F1FF332346209A2846049307934FF65D
S31501015518FF73ADF8163021AB019300F01FF8431C58
S31501015528BCBF8B232B60002CDDD0029B00221A7095
S31501015538D9E700BF507C002038B50446064D084618
S31501015548114600222A601A4603F060FB431C02D168
S315010155582B6803B1236038BD505900202DE9F04F5E
S3150101556898468B899DB007461B060D46144610D5EC
S315010155780B6973B9402106F00FF82860286130B923
S315010155880C233B604FF0FF301DB0BDE8F08F40237F
S315010155986B610023CDF80C804FF00109DFF8A0817A
S315010155A8099320238DF8293030238DF82A30234693
S315010155B89A4613F8012B0AB1252AF9D1BAEB040B3C
S315010155C80BD05B4622462946384607F029FD0130AC
S315010155D800F0A780099A5A4409929AF80030002BDB
S315010155E800F09F8000234FF0FF320AF1010A04936C
S315010155F807938DF853301A93CDE9052354460522AD
S315010156084F4814F8011B07F07DFB049AD8B9D00657
S3150101561844BF20238DF85330110744BF2B238DF83E
S3150101562853309AF800302A2B15D0079A5446002090
S315010156384FF00A0C214611F8013B303B092B4BD996
S31501015648B0B1079214E0A0EB0803A24609FA03F3E5
S3150101565813430493D2E7039B191D1B68002B03917E
S31501015668BBBF5B4242F0020207930793B8BF04929C
S3150101567823782E2B0AD163782A2B32D1039B023444
S315010156881A1D1B6843EAE37303920593DFF8C0A069
S3150101569803222178504607F035FB38B1A0EB0A0001
S315010156A84022049B013482401343049314F8011BDD
S315010156B8062224488DF8281007F024FB002836D045
S315010156C8214B1BBB039B073323F0070308330393C2
S315010156D8099B334409936AE70CFB02320C46012004
S315010156E8A8E7002301344FF00A0C19460593204611
S315010156F810F8012B303A092A03D9002BC6D0059196
S31501015708C4E70CFB012104460123F0E703AB2A4652
S3150101571804A9384600930D4BAFF30080421C064697
S31501015728D6D1AB895B063FF52DAF09982CE703ABBB
S315010157382A4604A938460093044BFFF7C1FCEDE755
S315010157486BF3010175F301010000000029D0010184
S3150101575871F3010138B50023054D044608462B604E
S3150101576803F043FA431C02D12B6803B1236038BD08
S3150101577850590020024B0146186807F0ACBC00BF1E
S31501015788507C002038B50023064D044608461146CB
S315010157982B6003F02EFA431C02D12B6803B1236057
S315010157A838BD00BF5059002038B50023054D0446C0
S315010157B808462B6003F021FA431C02D12B6803B179
S315010157C8236038BD5059002038B50446064D0846B0
S315010157D8114600222A601A4603F014FA431C02D123
S315010157E82B6803B1236038BD5059002038B50446EA
S315010157F8064D0846114600222A601A4603F004FAA4
S31501015808431C02D12B6803B1236038BD50590020CE
S3150101581838B50023064D0446084611462B6003F0A8
S31501015828EEF9431C02D12B6803B1236038BD00BFD1
S31501015838505900200F207047704770B504680D1B39
S31501015848002D02DC6FF05F0070BD94F900602378CA
S31501015858002E0ADB631C0360237813600368C91AE7
S3150101586813688B42EED80020EEE703F07F035E1E34
S31501015878032E10D89D42E5DD00250134156004602B
S315010158880468166814F8015B013B45EA06251560AB
S315010158980460F5D1E2E76FF06300D5E770B40468F7
S315010158A80E1B002E07DD26789E4208D101340460BD
S315010158B870BCFFF7C2BF6FF05F0070BC70476FF035
S315010158C86100FAE72DE9F04F85B00092984603AADF
S315010158D8302304460E469DF838A09DF83CB0FFF7E3
S315010158E8DDFF054610BB2368039A13449E421AD06D
S315010158F86FF065051AE05A1C226093F80090009B27
S3150101590809EA0303434522D13146204603AAFFF793
S3150101591894FFD0B909EA0A0159452268039B09D0BE
S3150101592822681A4422602368B342E4D3284605B0A3
S31501015938BDE8F08F10990029F2D0DDE910704946CA
S315010159480193B847019B0028EAD00546EEE76FF0B7
S315010159586105EBE738B505462C6804B938BDA36975
S31501015968A0682B6007F09DFE606907F09AFE204644
S3150101597807F097FEF0E770B50E46154604460CB9D1
S31501015988204670BD6368AB4206D12A463146A068F6
S3150101599807F0B8FA0028F3D0A469F0E77F2A03468D
S315010159A810B51AD914460120240A00F10100FBD1C8
S315010159B81C68641A844212DB19684C1E1C6001F8C2
S315010159C8012C120AF8D1012806D01A68511E19604C
S315010159D800F17F0302F8013C10BD0120E8E76FF0F1
S315010159E86B00F9E70368591A0029C1BF03F1FF31B1
S315010159F80160012003F8012CD8BF6FF06B007047D5
S31501015A082DE9F04106460F4615469846FFF7C6FFAA
S31501015A18041E09DB424639463046FFF7E3FF0028F3
S31501015A28B2BF0446641924182046BDE8F081F0B4D2
S31501015A38144600250668721A002A1CDD771E0760BE
S31501015A4806F8014C2412002C05F1010211DC046847
S31501015A5894F90060002E08DA621A002A0BDD621E2B
S31501015A680260002204F8012CAA1CDBB2F0BCFFF784
S31501015A78C7BF1546DEE76FF06B00F0BC704770B51E
S31501015A880D46064600681146A8421C460AD3451B1F
S31501015A989D4207D3C01A306013B11A4607F040F97F
S31501015AA8204670BD6FF06B00FBE705230022FFF767
S31501015AB8A7BF70B504460D46FFF7E1FF021E06DBD7
S31501015AC829462046BDE870400623FFF799BF70BDF8
S31501015AD82DE9F0419846DDE9066304460D46174668
S31501015AE8ABB126B9FFF7E1FF002812DB06464346AB
S31501015AF83A4629462046FFF7DCFF002809DB8219C9
S31501015B0829462046BDE8F0413023FFF779BF1E46F5
S31501015B18EDE7BDE8F08130B40468651A002D0CDDA6
S31501015B28003A18BF01220123651E5242056004F895
S31501015B38012C30BC1A46FFF763BF6FF06B0030BC0E
S31501015B4870470223FFF773BF70B516461A46049BC1
S31501015B5804460D46FFF793FF021E06DB294620463A
S31501015B68F3B2BDE87040FFF74BBF70BD2DE9F843AD
S31501015B7806460068894690461F46089DFFF7FBFEC3
S31501015B880446002833D12021012005F092FB044661
S31501015B9850B1C0F804804146012005F08AFBA06096
S31501015BA830B9204607F07DFD00242046BDE8F8837B
S31501015BB84246494607F0B4F825614DB12946012007
S31501015BC805F077FB606138B9A06807F06AFDE8E777
S31501015BD83368A3613460E8E73368A3613460002F51
S31501015BE8E3D02A463946606907F09AF8DDE72DB907
S31501015BF8406907F056FDC4E90455D6E70369AB4286
S31501015C08EDD02946012005F054FB06460028CBD0E4
S31501015C18606907F046FDC4E90456E0E738B500F1C5
S31501015C284103054602461921DBB20020F5F77CFA44
S31501015C3805F147032A4604463321DBB21A20F5F753
S31501015C4873FA2B1F2A463D210443DBB23420F5F7AB
S31501015C586BFA3E21E4B22A462B2304430846F5F79B
S31501015C6863FA3F21E4B22F232A4604430846F5F78E
S31501015C785BFAE4B22043C0B238BD2DE9F74F0C9F58
S31501015C880546164617B91760002012E00324B7FB2B
S31501015C98F4F404EB4408474518BF0134B4F1804FC5
S31501015CA80AD2A40001348C4200D840B96FF0290008
S31501015CB8346003B0BDE8F08F4FF0FF34F6E7814653
S31501015CC80024444503F1030209F1040A2ED3BC4217
S31501015CD84A4626D293F800800134BC424FEA98001D
S31501015CE82CBF4FF0000B93F801B0FFF797FF89F826
S31501015CF800004FEA081000F0300000EB1B10FFF717
S31501015D088DFFBC4289F801003CD24FEA8B0000F0B5
S31501015D183C00FFF783FF3D23524689F8020089F8C3
S31501015D2803300023551B35601370ADE712F8033CA8
S31501015D3812F8029C980812F801BC01920093FFF728
S31501015D486DFF009B0AF8040C180100F0300000EB06
S31501015D581910FFF763FF0AF8030C4FEA890000F0EF
S31501015D683C0000EB9B10FFF759FF0AF8020C0BF0F8
S31501015D783F00FFF753FF019AD14613460AF8010C72
S31501015D8803349EE73D20C6E700220123C0E900232B
S31501015D98704710B5044648B1006818B1E188890011
S31501015DA801F091FC00220123C4E9002310BD42F24E
S31501015DB81073994270B504460D4602D96FF00F006A
S31501015DC870BDC3888B4201D30020F9E70421284617
S31501015DD805F06FFA06460028F0D0216841B1E2883C
S31501015DE8920006F09DFFE1882068890001F06BFCAD
S31501015DF8E5802660E8E7F8B50D46C98804461646E2
S31501015E08FFF7D5FF0746A8B93046F5F79FF90646C4
S31501015E18B4F90420B5F90410F5F7A4F93346F643A4
S31501015E28A080EA8820682968F5F7A6FBEB88E0884F
S31501015E38984201D83846F8BD216851F823203240E5
S31501015E4841F823200133F3E738B504460D4619B95C
S31501015E58FFF79FFF002038BDC2888A4207D100217A
S31501015E6800689200EBF75ED80123A380F2E7FFF7FA
S31501015E7890FF29462046BDE83840FFF798BF88427A
S31501015E8870B505460E4609D0C988C28841B92AB1F5
S31501015E980123920083800068EBF744D8002070BD86
S31501015EA84C1E8CB9B6F904300134A242AB8012D228
S31501015EB821462846FFF77BFF0028F0D1316828687B
S31501015EC8A20006F02DFFE9E7336853F82430002BC9
S31501015ED8E8D1013CE5E72868121B0021920000EB95
S31501015EE88400EBF71FD8E9E770B50C460121054691
S31501015EF8FFF75DFF064688B9EA88014692002868D8
S31501015F08EBF710D884EAE472A2EBE472E40FC4EB6E
S31501015F18C4342B68640001341A60AC80304670BD04
S31501015F28C388B1EB431F3FBF03684A0953F82200EF
S31501015F3801F01F013ABFC84000F001000020704777
S31501015F480022C188914201D800207047036853F89D
S31501015F58223033B193FAA3F0B0FA80F000EB421084
S31501015F6870470132EEE7C188006800F07CBC08B5CC
S31501015F78FFF7F9FF0730C00808BD70B50E4612F0E4
S31501015F88030118BF012101EB920105461446FFF7EA
S31501015F985BFF38B923463246E9882868BDE870406F
S31501015FA800F083BC70BD13460A46C188006800F03B
S31501015FB8A1BC38B504460D46FFF7D5FFE388284449
S31501015FC8B0EB431F06D820682A46E18800F002FD96
S31501015FD8002038BD10F01F0118BF012101EB501136
S31501015FE82046FFF7E4FE0028EDD0F2E70A46C1880C
S31501015FF808B511B1006800F0AFFC002008BD10B565
S31501016008C38823B9CA885AB9ABB1012017E0026816
S3150101601802EB830252F8042C002AF3D1013BF0E783
S315010160280C6804EB820454F8044C0CB9013AEAE70A
S315010160389342EAD80FD3013B5A1C01D1002010BD66
S31501016048026852F823400A6852F823209442DCD8A0
S3150101605803F1FF33F0D24FF0FF30F0E730B5C388D3
S3150101606823B9CA885AB9002B3DD136E0026802EB39
S31501016078830252F8042C002AF3D1013BF0E70C689C
S3150101608804EB820555F8045C4DBB013AEAE7B1F91F
S31501016098045003D2B1F90400404226E0B0F90420C4
S315010160A8002A03DD002D0CDA01201EE0002D08DD92
S315010160B83AB14FF0FF3018E003F1FF330BD25042EA
S315010160C813E0013B016851F8235054F823108D421E
S315010160D8F2D9104609E0591CF4D1002005E0002B3C
S315010160E8D8D09342D3D9B0F9040030BD1FB581EA9E
S315010160F8E173A3EBE17301930123C90FC1EBC1312C
S3150101610849000131ADF80C10ADF80E3002A901AB09
S315010161180293FFF7A3FF05B05DF804FB90422DE951
S31501016128F04105460F46144602D0884206D1274654
S315010161380123FC88AB803CB9002003E0FFF79FFEF1
S315010161480028F4D0BDE8F0813B684FEA840803EBE7
S31501016158840353F8043C0BB9013CECE72146284674
S31501016168FFF725FE0028EDD12E6823463A68314608
S31501016178304600F065FC074606EB0803002FDBD025
S31501016188EA88661CA24208D831462846FFF70FFE5F
S315010161980028D7D12B6803EB84031A683446D21930
S315010161A82CBF0127002743F8042BE7E72DE9F04126
S315010161B805460E469046D4883CB9F188A1420ED2CD
S315010161C86FF009073846BDE8F081D8F8003003EBCE
S315010161D8840353F8043C002BEFD1013CECE7284634
S315010161E8FFF7E5FD07460028ECD1F28894420BD268
S315010161F8AE4209D028683168121B920001EB84016D
S3150101620800EB840006F08CFDEA88F088824207D902
S315010162182B68121A0021920003EB8000EAF782DE4D
S31501016228D8F8002023463168286800F01FFC024689
S3150101623810B90123AB80C5E72968EB8801EB840115
S3150101624808461B1B00F03BFD0028F2D0B8E72DE9F3
S31501016258F843B2F804C0B1F9044081461CFB04FCB9
S31501016268664673430D4617461CD511462846FFF760
S31501016278C6FEB0F100080DDB3A4629464846FFF746
S3150101628895FF98B9B8F1000F08BF01240020A9F8B4
S3150101629804400BE02A464846FFF788FF30B96442B5
S315010162A824B2F3E7FFF73AFF0028EFD0BDE8F883F8
S315010162B80123FFF7CCBF4FF0FF33FFF7C8BF1FB567
S315010162C882EAE273A3EBE27301930123D20FC2EBD4
S315010162D8C23252000132ADF80C20ADF80E3002AAD5
S315010162E801AB0293FFF7E7FF05B05DF804FB2DE962
S315010162F8F04701231646002286B0884207460D4615
S31501016308CDE90223CDE9042306D102A8FFF7B7FD9A
S315010163180446002833D102ADB74206D1394604A84D
S31501016328FFF7ADFD044650BB04AEB5F80680B8F1DA
S31501016338000F2ED1B6F80690B9F1000F33D14FF0FF
S31501016348010A384609EB0801FFF731FD0446B0B9E0
S3150101635801463846FFF7C8FD044680B9CDF80090D5
S31501016368424633682968386800F059FCBAF1000FCA
S3150101637822D1AB88B28813FB02F31BB2BB8004A8F6
S31501016388FFF707FD02A8FFF704FD204606B0BDE8A1
S31501016398F0872B6803EB880353F8043C002BC9D11A
S315010163A808F1FF38C3E7336803EB890353F8043C63
S315010163B823B909F1FF39BFE70123DFE7B8FA88FAFB
S315010163C84FEA5A1ABDE72DE9F341054688461646AD
S315010163D8CF883FB1D8F8003003EB870353F8043C63
S315010163E83BB146B90021284602B0BDE8F041FFF7A5
S315010163F87BBD013FEDE72846791CFFF7D8FC04462A
S3150101640870B941462846FFF73AFD044640B9013EAF
S3150101641800963B46D8F80020E988286800F043FB36
S31501016428204602B0BDE8F08170B504460D46104616
S3150101643800211646FFF75AFE002824DB2A46334671
S3150101644821460020F4F79CFE054638B1284670BD61
S31501016458324621462046FFF72BFF90B900212046F7
S31501016468FFF744FE0028F3DB31462046FFF7F6FD28
S315010164780028EBDB324621462046FFF71CFF0028A0
S31501016488F2D00546E2E76FF00905DFE72DE9FF419D
S31501016498012316460022054668468846CDE90023AA
S315010164A8CDE90223FFF7EBFC0446002855D1314615
S315010164B802A8FFF7E4FC044600284ED16846FFF717
S315010164C83FFD074602A8FFF73BFD064650B921469F
S315010164D802A8FFF725FD28B941462846FFF7CFFC53
S315010164E804463AE00123ADF80C30ADF80430002139
S315010164F86846FFF7FBFD50B9B742394602A828BFDE
S315010165083146FFF756FD044638BB02A9E5E7684659
S31501016518FFF716FD01466846FFF768FD0446E0B92F
S3150101652802A8FFF70DFD014602A8FFF75FFD044624
S3150101653898B9684602A9FFF791FD002817DB694654
S31501016548684602AAFFF732FE044630B901216846B8
S31501016558FFF74CFD04460028C9D06846FFF719FC28
S3150101656802A8FFF716FC204604B0BDE8F08102A98E
S315010165786A460846FFF71AFE04460028EDD10121AD
S3150101658802A8E5E7F7B50E1E044615461F4614DBB4
S315010165981046FFF7ABFD00280FDD2046E988FFF716
S315010165A853FC40B9089B3146CDE90073E3882A6853
S315010165B82068F4F7F9FF03B0F0BD6FF00300FAE7BD
S315010165C82DE9F041064688461046012192B0154645
S315010165D8FFF78CFD002840F34381002301272A4652
S315010165E841466846CDE90237CDE90437CDE9063793
S315010165F8CDE90837CDE90037CDE90A37CDE90C37B9
S31501016608CDE90E37CDE91037FFF740FF04460028DB
S3150101661840F0978039466846FFF768FD002840F043
S315010166281C812A46414602A8FFF7FEFE04460028B8
S3150101663840F0878002A904A8FFF721FC0446002837
S315010166487FD129460AA8FFF71AFC0446002878D102
S3150101665829460CA8FFF713FC0446002871D13946CF
S3150101666806A8FFF741FC044600286AD1014608A895
S31501016678FFF73AFC0446002863D101460EA8FFF745
S3150101668833FC044600285CD1394610A8FFF72CFCD7
S315010166980446002855D1049B1B68D8073CD50C9B99
S315010166A81B68DB0740F182800CA904A8FFF7D6FC19
S315010166B80028C0F2AB8004A908460CAAFFF7FBFD26
S315010166C8044600283DD106A908460EAAFFF7F3FD9F
S315010166D80446002835D110AA08A90846FFF7EBFD9B
S315010166E8044670BB002104A8FFF700FD0028D2D19A
S315010166F800210EA8FFF7FAFC0028C0F29A80294664
S315010167080EA8FFF7ABFC002880F29D8030460EA942
S31501016718FFF7B5FB044614E0012104A8FFF766FC5F
S31501016728044670B9069B1B68DF0729D4089B1B68B9
S31501016738DC0725D4012106A8FFF758FC04460028E1
S315010167482FD002A8FFF725FB04A8FFF722FB06A80D
S31501016758FFF71FFB08A8FFF71CFB6846FFF719FBA4
S315010167680AA8FFF716FB0CA8FFF713FB0EA8FFF7FC
S3150101677810FB10A8FFF70DFB204612B0BDE8F0810A
S3150101678806A908460AAAFFF793FD04460028D8D1A7
S3150101679808A9084602AAFFF78EFD04460028C9D0B2
S315010167A8CFE7012108A8FFF721FC71E701210CA810
S315010167B8FFF71CFC04460028C3D10E9B1B68D907A9
S315010167C813D4109B1B68DA070FD401210EA8FFF712
S315010167D80DFC04460028B4D1012110A8FFF706FCD7
S315010167E8044600283FF45BAFABE70EA908460AAA9F
S315010167F8FFF75EFD04460028A3D110A9084602AA9F
S31501016808FFF759FD04460028DFD09AE70CA9084687
S3150101681804AAFFF750FD0446002892D10EA908469D
S3150101682806AAFFF748FD044600288AD108AA10A935
S3150101683853E70EA92A460846FFF73AFD04460028FA
S315010168483FF456AF7DE70EA92A460846FFF733FD01
S31501016858044600283FF453AF73E76FF00D0470E760
S315010168686FF0030488E70139002901DA002070472E
S3150101687850F82130002BF6D0B3FA83F00131C0EB81
S315010168884110704739B101F18041013900EB8101AC
S315010168988142034600D270471B680A681BBA12BABD
S315010168A840F8042B41F80439F2E72DE9F0411C4679
S315010168B813F0030318BF012303EB94038B42064626
S315010168C80D46904613D879B18F003A460021EAF769
S315010168D829DB2CB1381B22464146304406F020FA01
S315010168E829463046FFF7CEFF0020BDE8F0816FF05B
S315010168F80700FAE7B3EB810F70B504464FEA810544
S31501016908104619D95A1B86180021EAF70BDB3046BE
S315010169182B460021C2188B4210D1002070BD22F0EE
S315010169280301615802F00306F600F140C9B281B9C3
S315010169380132AA42F3D1ECE71A46FAE721F003003C
S31501016948205801F00305ED00E84002F8010D013177
S31501016958E1E76FF00700E1E7F8B505465009884216
S315010169680C4602F01F0601D80AD136B12846A20003
S315010169780021BDE8F840EAF7D59A1F2A02D8F8BDE1
S315010169881F2A0FD9820005EB8003291F05EB84070E
S31501016998BB421AD1201A38BF0022002105EB80001B
S315010169A8EAF7C0DA002EEAD0002205EB8404C6F123
S315010169B82000AC42E3D054F8041C21FA06F3134330
S315010169C844F8043D01FA00F2F3E753F804CB41F820
S315010169D804CFDDE71F2AF8B503460D464FEA5214DF
S315010169E802F01F0613D96FF003000A4600FB0430B3
S315010169F8944202F1FF3113D3621BAC4288BF0022D4
S31501016A082A44184600219200EAF78CDA034636B180
S31501016A18002103EB8403C6F12007AC4206D3F8BD76
S31501016A2850F8212043F821200A46E1E71868013484
S31501016A3800FA06F20A4343F8042B20FA07F1ECE7B8
S31501016A48F0B50024844620469C4200D1F0BD51F898
S31501016A58245052F824702E182CBF01250025BF1980
S31501016A684CF8247045F100000134EDE7F0B5002436
S31501016A78064620469C4200D1F0BD51F824C052F881
S31501016A882470ACEB0005AF4294BF4FF0000E4FF0F6
S31501016A98010EED1B46F8245084452CBF70460EF1B4
S31501016AA801000134E6E78B4228BF0B462DE9F04781
S31501016AB89646DE080446C91A03F0070875460346D1
S31501016AC8B4460020089A0CF1FF3CBCF1FF3F03F1E3
S31501016AD8200305F1200511D104EB461425460EEBD9
S31501016AE846164FEA880C06EB880E764540F08180FA
S31501016AF86444013980F08B80BDE8F08755F8207C24
S31501016B08A2FB079710EB090953F8200C47F1000777
S31501016B1810EB090043F8200C55F81C0C47F1000746
S31501016B28A2FB00093F1853F81C0C49F10009C019C9
S31501016B3843F81C0C55F8180C49F10009A2FB00078A
S31501016B4819EB000953F8180C47F1000710EB090076
S31501016B5843F8180C55F8140C47F10007A2FB000974
S31501016B683F1853F8140C49F10009C01943F8140CDC
S31501016B7855F8100C49F10009A2FB000719EB0009A8
S31501016B8853F8100C47F1000710EB090043F8100CF4
S31501016B9855F80C0C47F10007A2FB00093F1853F8F9
S31501016BA80C0C49F10009C01943F80C0C55F8080CED
S31501016BB849F10009A2FB000719EB000953F8080C72
S31501016BC847F1000710EB090043F8080C55F8040CC6
S31501016BD847F10007A2FB000A17EB000953F8047CE9
S31501016BE84AF1000017EB090740F1000043F8047C5C
S31501016BF869E756F8043BA2FB0337C318286847F12E
S31501016C080007C31847F1000045F8043B6DE72368FF
S31501016C181B182CBF0120002044F8043B69E72DE924
S31501016C28F347DDF8289015464A440F46920000219C
S31501016C38064698460024EAF775D905F1010A4C4535
S31501016C4802D102B0BDE8F08758F8243006EB84007A
S31501016C5800933A462B465146FFF725FF0134EEE7E5
S31501016C682DE9F04712F0030418BF012404EB92043D
S31501016C788C420646884617461D464FEA840AC2EBE8
S31501016C88840919D84A460021EAF74CD9A8EB040226
S31501016C980021920006EB0A00EAF744D93A46089818
S31501016CA806EB0901A847054618B921463046FFF7FB
S31501016CB8E9FD2846BDE8F0876FF00305F9E730B528
S31501016CC80546104600229A4200D130BD51F82240AC
S31501016CD8241A45F8224034BF012000200132F2E787
S31501016CE82DE9F34101F1100506460F462846002113
S31501016CF8FFF7FCF9044698B36846FFF745F82946B4
S31501016D086846321DFFF75CFC044630BB07F10808EB
S31501016D186B46424641463046F4F790FC0446E0B9D3
S31501016D286B466A4669463046F4F788FC0446A0B9BB
S31501016D386B463A4639463046F4F780FC044660B953
S31501016D486B46424641463046F4F778FC044620B97B
S31501016D5801212846FFF7C8F804466846FFF719F8DE
S31501016D68204602B0BDE8F081F7B50D46044608355F
S31501016D7868461646FFF708F800212846FFF7B6F9CF
S31501016D88211D07462A466846FFF795FA044648B97A
S31501016D98002F0CBF002206F0010269462846FFF7BB
S31501016DA82AF804466846FEF7F4FF204603B0F0BD0B
S31501016DB838B50C46051D29462046FFF74FF9002827
S31501016DC801DA002006E02A4621462046FFF7EEF9B8
S31501016DD80028F0D038BD70B50C4605461146204647
S31501016DE81A46FFF765FA064630B90435294620469B
S31501016DF8FFF734F9002801DA304670BD2A462146E3
S31501016E082046FFF7D3F90028F0D00646F4E770B516
S31501016E180C460646114620461A46FFF74CFA054620
S31501016E2848B90436B4F90430002B04DA00212046A6
S31501016E38FFF75CF908B9284670BD32462146204656
S31501016E48FFF736FA0028EDD00546F4E710B50446F2
S31501016E58FEF79FFF04F10800FEF79BFF04F11000FE
S31501016E68BDE81040FEF795BF13F07E0F2DE9F047F7
S31501016E780C4615460CBF4FF0010A4FF0000A0746AA
S31501016E885246294620461E46C3F34508FEF7B3FF77
S31501016E9848BB04F108095246484605F10801FEF7BF
S31501016EA8AAFF00BB08F1FF33D3F1000848EB030839
S31501016EB84246204605F11801FEF79DFF98B942465B
S31501016EC8484605F12001FEF796FF60B92146384685
S31501016ED8F209FFF749FF30B904F110000121BDE8B4
S31501016EE8F047FFF701B8BDE8F08738B50C46054606
S31501016EF801212046FFF75DF828B921462846BDE854
S31501016F083840FFF755BF38BD2DE9F84F1E4603F145
S31501016F180805C36804468A469046002B40F0C0809E
S31501016F2802F110031A462946F4F788FB002840F0B6
S31501016F38EF8006F110072B46424639462046FFF7F0
S31501016F484AFF002840F0E48006F118092B4642461B
S31501016F5849462046FFF75BFF002840F0D9804B469A
S31501016F683A4629462046F4F769FB002840F0D080C5
S31501016F78032229463046FFF726FA002840F0C88041
S31501016F8831462046FFF714FF002840F0C18008F179
S31501016F98080B06F110075B465A4639462046F4F7AF
S31501016FA84DFB002840F0B48039462046FFF79DFF86
S31501016FB8002840F0AD803B46424629462046F4F773
S31501016FC83DFB002840F0A48029462046FFF78DFFA6
S31501016FD8002840F09D8006F118093B463A46494684
S31501016FE82046F4F72BFB002840F0928049462046BB
S31501016FF8FFF77BFF002840F08B803346324639463E
S315010170082046F4F71BFB002840F082802B463A46BE
S3150101701839462046FFF7FBFE002879D12B463A4629
S3150101702839462046FFF7F3FE002871D13B462A4629
S3150101703829462046FFF7EBFE002869D133462A4641
S3150101704829462046F4F7FAFA002861D14B462A4621
S3150101705829462046FFF7DBFE002859D15A464946FB
S31501017068204608F11003F4F7E9FA002850D14946F8
S315010170782046FFF73AFF00284AD139465046FEF71E
S31501017088FEFE002844D129460AF10800FEF7F7FE5B
S31501017098F0BB49460AF11000BDE8F84FFEF7EFBE0D
S315010170A813462946F4F7CAFA90BB03222946304604
S315010170B8FFF789F960BB31462046FFF779FE38BBF0
S315010170C804F10C0701463846FFF710F800283FF48A
S315010170D85EAF08F110031A4629462046F4F7AEFABF
S315010170E8B0B906F110092B462A4649462046F4F756
S315010170F8A5FA68B93B464A4629462046F4F79EFA57
S3150101710830B92B46324631462046FFF764FE3BE746
S31501017118BDE8F88F0346C06920B15B6A002B14BF2D
S3150101712801200220704710B50446FEF72DFE04F131
S315010171380800FEF729FE04F11000BDE81040FEF72C
S3150101714823BE38B50025044600F8045BFEF71CFE8C
S3150101715804F10C00FEF718FE04F11400FEF714FE03
S3150101716804F11C00FFF7DFFF04F13400FEF70CFE02
S31501017178C4E90F55C4E91155C4E91355C4E91555AF
S31501017188E56538BD10B50446FFF7DBFF04F160007C
S31501017198FEF7FAFD04F16800BDE81040FFF7C3BF29
S315010171A808B1FFF753BE704770B5044658B3436C2F
S315010171B8012B11D00C30FEF7ECFD04F11400FEF79A
S315010171C8E8FD04F11C00FFF7EBFF04F13400FEF7BB
S315010171D8E0FD201DFEF7DDFDA36D8BB92046BDE857
S315010171E870406021F5F7B2BA06FB0500FFF7D8FF33
S315010171F80135D4E91603AB42F6D806F052FAEDE7A2
S3150101720800251826F5E770BD10B5044658B1FFF7F4
S31501017218CBFF04F16000FEF7BCFD04F16800BDE88F
S315010172281040FFF7BDBF10BD38B504460D46FEF740
S3150101723826FE70B905F1080104F10800FEF71FFEE3
S3150101724838B905F1100104F11000BDE83840FEF71F
S3150101725816BE38BD10B501210446FEF745FE60B9D3
S31501017268012104F10800FEF73FFE30B9014604F198
S315010172781000BDE81040FEF737BE10BD002108B564
S315010172881030FEF733FFB0FA80F0400908BD1FB58B
S3150101729800240294079C0194069C0094F4F764FE69
S315010172A804B010BD00B14078704770B5002314468B
S315010172B8E4091D4603F10103FAD10468091B994240
S315010172C812D302F07F0161550224D2099C42016859
S315010172D803D919440160002070BD1D1B62F07F06A8
S315010172E84E55D2090134F1E76FF00A00F4E76FF060
S315010172F82D0070472DE9F0430026054687B0019117
S315010173088F180296B94225D1731E7E2B00F28C8005
S3150101731806EB86060121304603F0CBFF8046A860BD
S31501017328002800F0848005903A4601A903A8F4F7DC
S31501017338E7FE044630B9DDF80C90B9F1020F0FD911
S315010173486FF06704A86806F0ACF900232646C5E97B
S31501017358013347E011F8013B2E2B08BF0136D1E76E
S31501017368019BBB42ECD218782E28E9D1013304A836
S315010173780193F4F7C5FE04460028E3D1B9F1020FDA
S3150101738802D0049B272BDBD8019BBB4204D21A7876
S315010173982E2AD5D101330193282303FB09F9049B2D
S315010173A819EB0302CCD2B044414605A8FFF77DFF8C
S315010173B80646002833D1019BBB4217D3AB68059C0E
S315010173C80121E41A204603F074FF074648B3224611
S315010173D8A96805F0A5FCA86806F063F90623C5E9BD
S315010173E801472B60304607B0BDE8F0833A4601A94B
S315010173F802A8F4F785FE04460028A3D1019BBB42E6
S3150101740804D21A782E2A9BD1013301934146029A55
S3150101741805A8FFF74AFF04460028CCD092E704469F
S3150101742890E76FF069048DE76FF06706DAE76FF0A9
S315010174386906D7E70023C0E900338360704703462D
S3150101744808461BB11B680BB1DB681847002070475A
S3150101745810B5002486B005940C9C04940B9C0394E6
S315010174680A9C0294099C0194089C0094F4F764FF10
S3150101747806B010BD10B1006800B100787047CA04A2
S3150101748848BF41F480618B0448BF41F400618160C2
S315010174987047022803D0031F5842584170470120FB
S315010174A87047012802D0831F58425841704710B5C9
S315010174B8044686B0002118226846E9F733DD694694
S315010174C8A06800F012FB38B96846BDF8024000F021
S315010174D8E8FD204606B010BD0024FAE78068F4F7F6
S315010174E86FBF37B504460D461046694601AAF4F73A
S315010174F853FE28B9DDE9002329462046FEF7D9FAC4
S3150101750803B030BD10B5A8B00446FFF7B3FF07288D
S3150101751820D1A468002118226846E9F703DD6946E6
S31501017528204600F0E2FA18B10024204628B010BD21
S31501017538BDF80000BDF8021000F44F43B3F5824FC0
S3150101754818BF0020C0B201F01EF90446684600F0D2
S31501017558A8FDEAE7A0222146684605F0E1FB68464F
S31501017568FFF788FF0238022802D8019B1C78DCE75D
S3150101757800231B78FFDE10B586B00446FFF77AFFB4
S3150101758807281BD1A468002118226846E9F7CADC35
S315010175986946204600F0A9FA90B9BDF80040684647
S315010175A800F07FFD04F44F43B3F5824F0AD044F24C
S315010175B8010324F44050C31A5842584106B010BD7C
S315010175C80020FBE70220F9E72DE9F04F002787B0F4
S315010175D880460E46CDE904772AB96FF06B04204639
S315010175E807B0BDE8F08F0A440392024603A8F5F7EE
S315010175F873F8041EF3DB039B9A1B002AEDDD5A1E61
S31501017608651C039231462A4603F8017C03A8FEF755
S31501017618C5F9B0F1000A52DB0322314603A8FEF788
S31501017628E1F9B0F100094CDB4046FFF7A4FF8346B7
S315010176384046FFF7A0FF022836D14046FFF762FF11
S3150101764800F0FB03092B024627D104AA05A9FFF776
S315010176584EFE04460028C2D10746049B33B3DDE931
S315010176680432CDE90074314603A8FEF731FA041E46
S31501017678B5DB55444D4425442A46314603A8FEF750
S315010176888DF9041EABDB3022314603A8FEF7AAF9B0
S31501017698002812DB25444419A1E7314603A8FFF75F
S315010176A820FF041E9BDB27460124D6E7584604AA78
S315010176B805A9F4F75DFD0028D1D004468FE75446A4
S315010176C88DE74C468BE710B5044608B1F5F73EF848
S315010176D82046BDE8104005F0E4BF00F4E040B0F5EE
S315010176E8805F04D0A0F500535842584170470120E4
S315010176F870473AB1002918BF00232121D21A18442B
S31501017708E9F7109C70472DE9F743DDE90A89CDE9C7
S31501017718008904460D4616461F4602F0FFFD10F183
S31501017728860F15D13B46324629462046CDE90089C1
S3150101773803F065FA10F1860F0AD13B46324629460E
S315010177482046CDE90A8903B0BDE8F04300F02CBE15
S3150101775803B0BDE8F083434213F07F0314D05F2BD6
S31501017768C3F1000000F3AC8010F10E0F29DA10F114
S315010177783B0F80F2D38010F13D0F7BDA10F1400FF8
S3150101778808BF6FF093002BE010F56E5F00F0E18002
S3150101779800F3938010F59C4F76D05DDC10F5C44F4C
S315010177A800F0CB8031DC10F5C74F00F0C9803FDB13
S315010177B810F5C64F68D010F5C54F39D16FF086005F
S315010177C87047012300F10E02934040F2155213420C
S315010177D8F4D100283FD010F1080F08BF6FF08900D6
S315010177E818BF6FF083007047012300F16C029340C3
S315010177F841F250521342E1D1DB0700F1B08010F199
S315010178086A0F08BF6FF08C00EAE710F5A24FD5D0D1
S3150101781811DC10F5C14F1CD006DC10F5C34F00F081
S31501017828958010F5C24FC8E710F5A34F00F08E8079
S315010178386FF08300704710F59E4F00F0908005DCCC
S3150101784810F5A14F05D010F59F4FB6E710F59D4FDD
S31501017858EED16FF08500704710F5785F73D01EDCA5
S3150101786810F5994FAAD008DC10F59B4F6ED010F58B
S315010178789A4FDDD16FF09300704710F57E5F65D0A1
S3150101788805DC10F5984FD3D16FF09400704720F0BD
S31501017898800010F57C5F08BF6FF08600A0E710F540
S315010178A8705F56D0C4DC10F5725FD2D0C0DC10F51A
S315010178B8765F83D010F5745F7FE710F15F0F29DAE0
S315010178C810F16C0F90DA10F1700F45D010F16F0FAE
S315010178D81ADA10F5645FD7D00DDC10F5685FB8D0F8
S315010178E806DC10F56C5F3FF469AF10F56A5FAFE727
S315010178F810F5665FACE710F5625F30D010F1720FD3
S3150101790808BF6FF085006BE710F16E0F08BF6FF0C6
S31501017918960065E700287FF727AF89E710F1200F61
S3150101792897D010F11F0F05DA10F1220F91D010F13E
S31501017938210FB0E710F1100F63E76FF0950070475B
S315010179486FF0960070476FF0910070476FF08C00E9
S3150101795870476FF0840070476FF0920070476FF0BF
S315010179688900704741F2052398421AD8B0F5905F0C
S3150101797809D241F2010398420CD0B0F5885F09D0CA
S315010179886FF0850070472923A0F5905080B2C34056
S31501017998DB07F5D511F0070F0CBF00206FF0860044
S315010179A87047B0F5105FEBD121F04003802B06D06B
S315010179B8B1F5807F0CBF00206FF08600704700206B
S315010179C8704770B5046A05460E463CB9012003F0B5
S315010179D870FC286228B120466E6270BD6FF08A007C
S315010179E8FBE76FF08C00F8E7F8B50F461146064636
S315010179F81546FFF7E6FF044620B92A463946306A95
S31501017A0805F08EF92046F8BD2DE9F14F0C9E834606
S31501017A18DDE90A9A88461F4615460488002A39D09F
S31501017A282046FFF75AFEE8B133680BB9D300336034
S31501017A3820463168FFF796FF044678B90731B5EB59
S31501017A48D10F21D14D4522D82A464146384605F05E
S31501017A5867F933680733DB08CAF80030204601B0F5
S31501017A68BDE8F08F630415D504F44F44B4F5824F8C
S31501017A7810D13B465846CDE90BA6CDF8289001B061
S31501017A88BDE8F04F00F0E6BB6FF08604E6E76FF05C
S31501017A988904E3E76FF08504E0E710B50446006A57
S31501017AA810B1616AFFF70FFE0020C4E9080010BD95
S31501017AB838B50546FFF7F1FF2B7E0446012B0ED09B
S31501017AC8023B012B0ED8EB69012B18BF6FF0960407
S31501017AD8282200212846E9F725DA204638BDEB692F
S31501017AE8002BF2E76FF09604F2E773B505460846EF
S31501017AF80C4600F0D6FA002328461A4601A9F5F7DD
S31501017B0899F850B9019E35460FCD0FC495E8030082
S31501017B1884E803003046F5F729FF02B070BD2DE967
S31501017B28F04704888C46DDE9087804F4E04EBEF591
S31501017B38804F15461E4644F2010E24F440591AD1C6
S31501017B48F14507D004F44F44B4F5824F02D0B4F598
S31501017B58844F20D1BD421BD861462A46304605F0DD
S31501017B68DFF800217A1B7019E9F7DCD90020C8F87A
S31501017B780050BDE8F087F1450DD004F44F44B4F542
S31501017B88824F08D1CDE90878BDE8F04700F090BBEE
S31501017B986FF08900EDE76FF08500EAE7F0B50F466A
S31501017BA81E46154685B00AB3002303A91A46336052
S31501017BB8F5F740F8044638B9039803885B0406D4F7
S31501017BC8F5F7D4FE6FF08604204605B0F0BDCDE980
S31501017BD800563B46D0E9081200F067FA04460398B5
S31501017BE8F5F7C4FE002C08BF0446EDE76FF08904DA
S31501017BF8EAE770B40024DDE903652C6000F0FE4470
S31501017C08B4F1007F04D1CDE9036570BCFFF77BBDF3
S31501017C186FF0860070BC70472DE9F04F456889B051
S31501017C282D0A0446DDE91267DDE914899B46CDE98A
S31501017C380612DDF858A006D0012D1CD06FF086007A
S31501017C4809B0BDE8F08FCDE9039ACDE9017800962F
S31501017C5802F0D1FF10F1860FF2D1DDE906125B467A
S31501017C682046CDE9159ACDE91378129609B0BDE8F2
S31501017C78F04FF5F7D1B9CDE9159ACDE913781296F1
S31501017C8809B0BDE8F04F02F0B0BF2DE9F04F8B46C0
S31501017C98994600238BB0DDF85C800446DDE915A71A
S31501017CA811465846C8F800301646F4F7D9FE002899
S31501017CB85AD1002F6AD0BBF1000F2046334614BFB3
S31501017CC84FF480624FF4805209A9F4F7B3FF0446D1
S31501017CD800283CD1099D2B8803F4E043B3F5E04F15
S31501017CE851D1D5E90812BBF1000F40D06B681B0AC7
S31501017CF80DD0012B1FD0149B2846CDE90093CDE960
S31501017D0803783346CDF808A0F5F7B0F91EE0149BC0
S31501017D182846CDE90093CDE903783346CDF808A085
S31501017D28CDE9061202F065FF10F1860F04460ED160
S31501017D38DDE90612DFE7149B2846CDE90093CDE973
S31501017D4803783346CDF808A002F04DFF04463A46BA
S31501017D5821465046D8F80030FFF7CBFC0998F5F7CC
S31501017D6805FE002C18BF20460BB0BDE8F08F149B09
S31501017D782846CDE90093CDE903783346CDF808A025
S31501017D88FFF74AFFE2E76FF08604E0E76FF0890043
S31501017D98EAE71FB5089C0394079C0294069CCDE962
S31501017DA8003413460A460121FFF76FFF04B010BDDF
S31501017DB81FB5089C0394079C0294069CCDE90034DF
S31501017DC813460A460021FFF760FF04B010BD2DE9ED
S31501017DD8F04F456887B02D0A0446DDE91067DDE9EC
S31501017DE8128992469B46059106D0012D1AD06FF04C
S31501017DF8860007B0BDE8F08FCDE90289CDE90067B4
S31501017E0802F0FBFE10F1860FF3D15B46524620467E
S31501017E180599CDE91289CDE9106707B0BDE8F04F9B
S31501017E28F5F770B9CDE91289CDE9106707B0BDE853
S31501017E38F04F02F0DCBEF0B5074687B000200C46CC
S31501017E4815461E46F4F70CFED0B923464FF40052E7
S31501017E58384605A9F4F7EEFE90B90D9B05980393EB
S31501017E680C9B0095CDE901632346D0E90812FFF77A
S31501017E78AEFF04460598F5F779FD002C18BF204693
S31501017E8807B0F0BD036819430CBF012000207047F4
S31501017E98F4F75EBE70B505880446DDE90462284635
S31501017EA80699FFF71AFC28B13046BDE8704011461C
S31501017EB8F4F74EBE25F0FF05B5F5E24F06D10B469F
S31501017EC820463146BDE87040F5F732BB6FF08500B3
S31501017ED870BD2DE9F04F1E46002389B01746129A47
S31501017EE8CDE905331360438881460D46002B00F021
S31501017EF8D580038803F4E043B3F5804F00F0CE80C3
S31501017F0831462846FFF7BEFF002800F0C7804946DB
S31501017F18012006AB05AAF4F751FF0446002840F0F3
S31501017F288880059B5B6AB3B1DDF81490CA46D9F816
S31501017F380430D9F820B0190AC3F31623012B5AF8CC
S31501017F48248F00F0A480002978D06FF08604059863
S31501017F58FFF7A3FD6DE0D9F804301A0A62D1B9F821
S31501017F6800A0B9F802105046FFF7B7FB80B1504699
S31501017F78FFF7F8FC044600285BD10AF4E043B3F5A0
S31501017F88805F02D0B3F5005F0AD10731CA0817E04D
S31501017F982AF0FF03B3F5E24F37D06FF0850448E0C5
S31501017FA80AF44F43B3F5844FEFD047F201039A45DB
S31501017FB80FD149080131C90801EBC10101F13B02A0
S31501017FC8079207990598FFF7FCFC04460028ABD0F0
S31501017FD82FE044F201039A4503D1C90801F11002C0
S31501017FE8EEE747F202039A4505D1C90801EB4101BA
S31501017FF801F15A02E4E744F202039A4505D1C90897
S3150101800801EB410101F14A02DAE72AF0FF00B0F575
S31501018018E24FBAD0B0F5824F01BFCC1DE408640026
S31501018028621CCDE7484607A9F5F76CF9044600280D
S31501018038C7D0DDE90501F4F753FF24E0B9F80030AB
S315010180485B040BD433463A4629464846CDE9018AAB
S31501018058CDF800B0FFF71EFF044609E05346424634
S315010180685946484602F0D8FB10F1860F0446E9D075
S315010180780598002C7FF46BAF129A0699F4F7FEFE68
S3150101808804460028D5D1204609B0BDE8F08F5346EC
S31501018098424659464846FAF74BF8DDE76FF086043A
S315010180A8F1E718220021E8F73D9F2DE9F3474568D5
S315010180B80446DDE90A672D0A884691469A4606D09D
S315010180C8012D16D06FF0860002B0BDE8F087CDE923
S315010180D8006702F0B4FB10F1860FF5D153464A4603
S315010180E841462046CDE90A6702B0BDE8F047FFF7E8
S315010180F816BDCDE90A6702B0BDE8F04702F09EBA9E
S315010181082DE9F84300F4E049B9F5804F05460C46D7
S3150101811890461F4612D100F44F43B3F5824F02D15F
S31501018128C3B2412B0AD0FB0705D57B0844B1E21D31
S31501018138B3EBD20F05D06FF0860562E03B46F5E752
S31501018148DC008021012003F0B4F8064600287ED020
S31501018158FFF718F805F44F43B3F5824F07D1E8B293
S31501018168302859D00DD8122815D017285CD06FF0B0
S3150101817886043046FFF748F8304605F092FA254657
S315010181883FE04128F3D1B4F5807F52D0B4F5E07FC1
S315010181980ED0FF2C0BE040F209239C4208D036D8B9
S315010181A8B4F5807F04D02FD824F02003C02BDED16B
S315010181B8214600F0E8FA0146002843D03046F3F794
S315010181C84FFFFFF7C8FA054600283ED1B9F5804F9A
S315010181D831D106F168093B46424649463046F3F72D
S315010181E811FCFFF7B8FA04460028C2D149463046C0
S315010181F8F3F74EFCFFF7AFFA04460028B9D1089BFD
S315010182081E602846BDE8F883B4F5C07FCFE7B4F50B
S31501018218047FACD11C46CBE724F08003B3F5807FFC
S31501018228C6D0B4F5007FC2E7C02CC1D0B4F5807FB2
S31501018238BDE7FF24BCE73B46424631463078F3F7B2
S31501018248BFFED7E76FF0850493E7044691E76FF020
S315010182588C05D6E77FB51E460023039303AB00932E
S31501018268054613460A4641880088FFF749FF044631
S31501018278A0B92888039900F44F42B2F5824F0B6CD5
S3150101828803D1C2B2412A08BF01330A9A1360099B75
S3150101829832460093089BF5F707F90446039D2846DC
S315010182A8FEF7B2FF284605F0FCF9204604B070BD79
S315010182B87FB51E460023039303AB00930546134678
S315010182C80A4641880088FFF71BFF0446D0B928886A
S315010182D8039D00F44F43B3F5824F099B0CBFC0B20E
S315010182E84FF482403246294608BF40F48240009342
S315010182F8089BF5F7D9F804462846FEF785FF28466F
S3150101830805F0CFF9204604B070BD036870B505467E
S315010183180E46002B45D101F17E43053B062B32D88A
S31501018328DFE803F0043131131C222B00041D20461A
S3150101833801F08EFF2046F8F787FF044668BB2E60D9
S315010183482046BDE87040FFF706BA041D204601F034
S315010183587BFF01212046F8F745FFEEE7041D20467C
S3150101836801F072FF0021F5E7041D204601F068FFBF
S3150101837801212046F8F704FFDFE7041D204601F035
S315010183885FFF0021F5E701F0FE46B6F1007F14BF54
S315010183986FF086006FF0850070BD2846F5F700F984
S315010183A8CEE76FF08800F7E72DE9F0430446B9B047
S315010183B80E46DDE940890021174601A8DC221D4642
S315010183C8E8F7B0DD2146C9F8008001A8FFF79DFF4E
S315010183D8044630B101A8F5F7E3F8204639B0BDE8FE
S315010183E8F0833A46314601A8F5F700F90446002813
S315010183F8F0D14B464246294601A8F5F71BF9044631
S3150101840801A8F5F7CDF8002C08BF0446E5E7037E78
S31501018418022B06D1C3695A1C03D00133C36100205B
S3150101842870476FF09600704703466FF04042084661
S31501018438591E914207D338B103F1404393428CBF88
S3150101844800200120704701207047034668B1017E6B
S315010184588A1E012A0BD80329C26903D1012A01D12E
S31501018468FFF726BB1AB1013ADA61002070476FF0AE
S315010184789600704700207047C0B2FF280CBF6FF005
S3150101848886000020704737B50C4601A90546F5F760
S31501018498F1F930B90198256003B0BDE83040F5F727
S315010184A865BA10F1880F4FF0000308BF6FF08B0012
S315010184B8236003B030BD07B500216A4601F003FF09
S315010184C88C3018BF012003B05DF804FB13B50021F8
S315010184D86A46044601F0F7FE8C3002D1002002B04B
S315010184E810BD00212046F9F78DF9014610B16FF04B
S315010184F89800F4E76A46204601F0E5FE8C30EDD096
S31501018508F5E72DE9FF4107461446884600293FD07C
S31501018518002A3DD0B2F5005F3DD202F1240631466B
S31501018528012002F0C6FE0546C0B303463A46214676
S315010185384046F5F76FFA7F6900243846FFF7BBFF16
S3150101854801281FD021462B46324638460094F9F7B1
S315010185588BF80146C8B9384602AA01F0B4FE0446A9
S3150101856820B9029B9E4205D06FF098043846002136
S31501018578F9F748F931462846FFF7A5F8204604B028
S31501018588BDE8F0816FF08A04F4E76FF09804F1E72A
S315010185986FF08604F2E76FF08D04EFE76FF08C0454
S315010185A8ECE7FFF790B82DE9F047D0F814A086B0AB
S315010185B88146884617465046002104AA01F083FEE2
S315010185C8044610BB049E0120314602F072FE05469F
S315010185D8002837D02146504604AA039401F073FEB8
S315010185E8044670B903AB02462146CDE9005350460C
S315010185F83346F9F7ABF8039B04469E4209D06FF05F
S31501018608980431462846FFF75EF8204606B0BDE8CC
S31501018618F0870028F5D13B46424631462846CDF832
S315010186280090F5F715FA04460028EAD1D8F8003082
S315010186382BB13B68002B08BF6FF09104E1E76FF09E
S315010186489104DEE76FF08C04DFE773B50C46164635
S3150101865802783AB19A1BA2420BDA6FF06B052846EA
S3150101866802B070BD013C00F10100F1D16FF067055F
S31501018678F5E71B1B224601461846019304F050FBF8
S3150101868890F90020002A08DA821B002AE5DD421E3C
S3150101869801920022013400F8012C2246314601A833
S315010186A8FDF77CF9051EDADB0222314601A8FDF741
S315010186B899F9002802DB25440544D0E70546CEE7AA
S315010186C82DE9F341064617461D460090014402234A
S315010186D8684601AAFDF7E2F818B9019B23B96FF0BB
S315010186E8670002B0BDE8F081009A92F9000011789D
S315010186F80028F4DB71B1DDF80480A845EFD8009CA8
S31501018708A5EB0800214642463844444404F008FBD7
S31501018718A01BE6E7511C013B00910193002BEAD00E
S315010187285378002BE7D1DAE710F1860F13D010F150
S31501018738850F0BDA20F0020393330FD010F1970F4F
S315010187480CBF6FF06D004FF0FF307047003818BF4E
S315010187580120404270476FF0710070476FF06F005A
S31501018768704730B40024944201D130BC184731F91D
S315010187782450854201D00134F5E701EB8401B1F9B1
S31501018788020030BC7047122805D1B1F5807F0CBFB4
S3150101879803200020704700207047084608B5114696
S315010187A8FFF776FB002818BF6FF03B0008BDF0B54F
S315010187B81D4693B0189CC31D2C440F46DE0801942F
S315010187C8002840D0B2EB460F3DD1B3F5847F3DD2A7
S315010187D8324602A804F0A4FA3246B9190AA804F0E5
S315010187E89FFA23462A4631460AA8FFF72EFF041E99
S315010187F826DB019B2A461B1B314602A80193FFF77B
S3150101880824FF2746041E1BDB019B27441B1B3A46F3
S31501018818294601A80193FDF7C1F8041E10DB302290
S31501018828294601A8FDF7DEF8002812DB3C44044479
S3150101883822462846019904F075FB199B1C60002400
S31501018848204613B0F0BD6FF06704F9E76FF06B04CA
S31501018858F6E70446F4E72DE9F04700F1070A92B075
S315010188680E469046994600914FEADA0A00283DD00C
S315010188781A9B4FEA4A07B3EB4A0F3AD3402F38D826
S315010188883023684601AA4144FDF708F8044648BB66
S3150101889801463A4602A8E8F745DBDDE900015346F8
S315010188A802AAFFF70DFF051E26DB0098019902AA08
S315010188B82844491B5346524400900191FFF700FF92
S315010188C8051E19DB009B019A2B4400939B1B521B26
S315010188D84345019212D13A46484602A904F020FAC3
S315010188E81B9B1F60204612B0BDE8F0876FF0670435
S315010188F8F8E76FF06B04F5E72C46F3E76FF06504CB
S31501018908F0E76FF01B007047704703463038C2B273
S31501018918092A0FD9A3F16102052A02D8A3F1570041
S315010189287047A3F14102052A02D8A3F1370070471E
S315010189384FF0FF30704710B504460078FFF7E5FFA1
S3150101894801466078FFF7E1FF4A1C04D0431C0CBFBE
S31501018958014640EA0111084610BD2DE9F3470646CD
S315010189680F4690464FF00009B8F1000F14D14A4657
S3150101897839463046FDF712F8041E09DB302239461D
S315010189883046FDF72FF800284BDBA14400EB09041B
S31501018998204602B0BDE8F087D8F81030D8E901A51C
S315010189A8009339463046D8F81430D8F80C20FDF72B
S315010189B8CBF8041EECDB2A46534639463046FDF709
S315010189C878F8051E2BDB25442A4639463046FCF73D
S315010189D8E5FFB0F1000A20DB302239463046FDF7C2
S315010189E801F8041ED4DBAA44A2445246394630464C
S315010189F8FCF7D4FF051E12DB312239463046FCF756
S31501018A08F1FF041EC4DB05EB0A032344002B1C46B4
S31501018A18BEDBD8F818809944A6E75446B8E72C4630
S31501018A28B6E70446B4E72DE9F74F064600680F464F
S31501018A388842904699460D9C05D26FF06B052846EA
S31501018A4803B0BDE8F08F431AA342F6D3001B2246B1
S31501018A580C99306004F064F93368DA1B002AECDDFD
S31501018A684FF0000B5A1E0134326039462246304610
S31501018A7803F801BCFCF792FF051EE0DB0322394628
S31501018A883046FCF7AFFFB0F1000A12DB9DF838302A
S31501018A984246043B18BF01233946CDE900B33046A6
S31501018AA84B46FDF715F8002805DB2C4454440519F6
S31501018AB8C5E75546C3E70546C1E72DE9F84F074618
S31501018AC8884616464FF000091EB94C462046BDE8B0
S31501018AD8F88FD6E9043241463846013B0132FCF7A3
S31501018AE8CEFF041EF2DB326941463846013AFCF7EC
S31501018AF855FFB0F1000A48DB042241463846FCF726
S31501018B0871FF051E3DDB7369A2441B7855443BB1D0
S31501018B18012241463846FCF7FEFF041ED6DB2544F1
S31501018B284146D6E901323846FCF7A9FFB0F1000BF7
S31501018B3829DB414638467268FCF730FFB0F1000A75
S31501018B4823DB062241463846FCF74CFF041EBDDBF2
S31501018B585D44554425442A4641463846FCF71EFFDD
S31501018B68B0F1000A11DB302241463846FCF73AFFDB
S31501018B78041EABDBAA4414EB0A04A7D4B669A144C3
S31501018B88A2E72C46A2E75C46A0E754469EE71022D7
S31501018B980021E8F7C79910B5044660B10430FCF71E
S31501018BA8D9FE04F10C00FCF7D5FE2046BDE81040BC
S31501018BB81021F3F7CBBD10BD0172704701607047F3
S31501018BC838B50D46041D2046FCF7C4FE2946204644
S31501018BD8BDE83840F4F7D6BF08B5082000F028F8F3
S31501018BE8BDE80840082000F02EB84FF0FF30704765
S31501018BF8FEE70020704701207047012070474FF0BA
S31501018C08FF307047002070470020704700207047E9
S31501018C18F5F76CBAFEE700239A4200D1704710B501
S31501018C2850F8234041F8234001339A42F8D110BD47
S31501018C384FF060420123D2F8001E83400B43002006
S31501018C48C2F8003E70474FF060410122D1F8003E5B
S31501018C58824023EA02030020C1F8003E7047F8B5B5
S31501018C680E461746044660B1E7F734DE05463A462D
S31501018C7831462046F7F75CFB2846E7F726DE002052
S31501018C88F8BD2220FCE7C16C836910B5DA1CA1F194
S31501018C981404B2FBF4F203EBC2000330B0FBF4F0A7
S31501018CA8B1F5805F00F1010002D1012828BF012039
S31501018CB8013010BD38B505460C46FFF7E4FFE96CEE
S31501018CC8A1F11402B1F5805F02FB00F304D1A96990
S31501018CD8B1F57E6F88BFCC3304B10834E01DB0FB12
S31501018CE8F2F01C44013004EBC00038BD38B5054625
S31501018CF884692146FFF7DEFFEA6C04F10F03143A92
S31501018D08B3FBF2F304EBC3041034204438BDF7B5C1
S31501018D1806460D460C4601F10807336C01225B69CB
S31501018D28204601A99847019B01330CD1A742F36C4F
S31501018D3803D1A3F1140003B0F0BD043485EA04029A
S31501018D485B421A42E9D00020F5E770B505460C46A3
S31501018D58FBF772FD2B6C2046BDE87040DB681847AE
S31501018D6870B50025044686B04562236AAB4202D82E
S31501018D78606A06B070BDE66C2068236C05225B69E2
S31501018D8801A906FB0500984701A800F0BDFD00F001
S31501018D98E0FD10B1636A013363620135E5E737B571
S31501018DA8044694F87430C56C0068009305FB01010B
S31501018DB804F14803206C00F0D9FD05462046FFF76A
S31501018DC8CFFF284603B030BD2DE9F04700254FF006
S31501018DD8FF384FF6FF730446C1462F46C0E90953CA
S31501018DE886B0236ABB420DD8A5EB0805012D06D924
S31501018DF84FF6FF730025A362236AAB4226D806B054
S31501018E08BDE8F0872368226CE06C566900FB0730E0
S31501018E18052201A9B04701A800F076FD824601A8FD
S31501018E2800F049FD0646504600F093FD60B1B14593
S31501018E3888BFA762B04528BFB046B54238BF354697
S31501018E48B146636A013363620137CAE7E66C206892
S31501018E58236C052206FB05005B6901A9984701A850
S31501018E6800F029FD0135C7E7F0B50546002687B0AB
S31501018E782C6A013CB44203D80C46204607B0F0BD22
S31501018E8801B14C1EEF6C28682B6C05225B6901A99F
S31501018E9807FB0400984701A800F036FD00F059FDCB
S31501018EA80028EAD121460136E2E7F0B504460D4626
S31501018EB8C66C236C006887B005225B6901A906FBAC
S31501018EC80500984701A800F01FFD00F042FD20B1F9
S31501018ED801A800F0F0FC07B0F0BD29462046FFF7CE
S31501018EE8C3FF0646E76C2068236C05225B6901A965
S31501018EF807FB0600984701A800F0DDFC431CEAD0F0
S31501018F08B54238BF0130E6E72DE9F0434FF6FF795F
S31501018F18D0F8288004460E46C84514BF45460025A3
S31501018F28002787B0236ABB4202D807B0BDE8F083A0
S31501018F38226C2368E06CD2F814C000FB05300522C7
S31501018F4801A9E04701A800F0DFFC022806D0C845BF
S31501018F580CD1721C29462046FFF721FF236A0135E8
S31501018F68B5FBF3F2013703FB1255DBE72946204628
S31501018F78FFF79BFFB0F1FF3F14BF024632460132AC
S31501018F88E8E70368F0B5CC1AC36C0646B4FBF3F4FB
S31501018F98002587B0336A37685A1E9542F06C08D3A3
S31501018FA8F06C336800FB043007B0BDE8F04000F00F
S31501018FB8DBBC0134B4FBF3F203FB1244336C052227
S31501018FC85B6901A900FB0470984701A800F09CFCA4
S31501018FD800F0BFFC0028E3D10135DBE710B423F02B
S31501018FE8030422449B070A44C36C18BF04325B423B
S31501018FF882EA0104234203D05DF8044BFFF7C1BF9E
S3150101900810465DF8044B70472DE9F041D0E90B365E
S315010190189E42044686B028D11422036A456802FB9A
S315010190281355284606B0BDE8F0812068E76C331A66
S31501019038B3FBF7F3226C07FB0300D2F8148001A9ED
S315010190480522C04701A800F05FFC012804D0E36CA2
S315010190581D44013B3340ED1A31462046FFF791FF86
S315010190680646E36AB342E0D1DBE70025F9E713B522
S315010190780C46002121760093616813462246F5F7CD
S31501019088ABF918B1E37D03B1A07EA075A07D02B04D
S3150101909810BD08B508301346D1E90012F6F744FFA9
S315010190A8012008BD73B5164600F108050C46284688
S315010190B809680DF1070200F0A5FA032E06D16368C6
S315010190C8834203D12846216800F06BFA012002B0D8
S315010190D870BDD01E009B42424241187E824211D187
S315010190E81A688A420ED85A688A420BD35A690132DA
S315010190F85A61D3E9030282423FBF986840F82210B8
S3150101910801321A610120704710B5032A029C07D161
S31501019118E26A5340E26C5242134201D100F041FA2C
S31501019128012010BD08B5C36800209847BDE808406D
S31501019138FBF7A4BB012814BF0420022070B5002443
S3150101914842431C70CC7D101D02F002024CB91AB1C2
S31501019158012220F003001A7000F108034868184437
S3150101916870BD1AB1012220F003001A7000230C7E8A
S3150101917801F12005DAB2944201D80020F0E735F869
S3150101918833205E1C824206D901EBC30300F10802B2
S31501019198D8691044E4E73346801AEBE773B5054607
S315010191A890F84A601C4630460DF10303FFF7C2FFEA
S315010191B82B6C012E5B690DD1324601A998479DF8A1
S315010191C8033013B1BDF806300193BDF804302360AD
S315010191D802B070BD0122214602B0BDE870401847B0
S315010191E8F0B50546002448682B6C87B00E46012266
S315010191F85B69029402A908309847274695F84A30CF
S31501019208012B40F08480632C02D9029807B0F0BD86
S31501019218612C08D805AB224631462846FFF7BEFF21
S315010192289DF814301BB305AB2246314628468DF805
S315010192381070FFF7B3FF95F84A30012B059B55D1FD
S315010192484FF6FF72934200F09680082205A904A8F9
S3150101925800F0B1FB059B9DF81010C3F3072291425B
S3150101926840F08980DBB2029A1A44029283E095F8AA
S315010192784A30012B30D122463146284603ABFFF746
S315010192888DFF3146284604AB621CFFF787FF31463D
S31501019298284605ABA21CFFF781FF102208230DEB17
S315010192A802010DF107008DF8073000F084FB102249
S315010192B805A90DF1070000F07EFB039BDAB2002A2E
S315010192C852D19DF80720B2EB132F4DD1DDE90432B6
S315010192D803EB0243029347E0302C2BD944E09DF876
S315010192E80720B2EB134F3FD1049BF3E7013342D079
S315010192F8102205A90DEB020000F05DFB059B9DF807
S315010193081010C3F30742914235D19BB2ABE7312C19
S315010193183FF67BAF87D005AB224631462846FFF794
S315010193283DFFBDF81430002B7FF47DAF95F84A3027
S31501019338012BA0D022463146284603ABFFF72EFF63
S315010193483146284604AB621CFFF728FF1023202269
S315010193580DEB03010DF107008DF8073000F02BFB2A
S31501019368039B9AB2002ABAD095F84A30012B14BF49
S31501019378012302231C44013440E713B50024019457
S31501019388049C0094F5F776FC02B010BD13B50124CF
S315010193980194049C0094F5F76DFC02B010BD50F8D8
S315010193A83130C3F3130343EA025340F831307047AE
S315010193B8C368F0B58BB100240768013B1E19700813
S315010193C857F83050C5F31305A94202D110600020A0
S315010193D8F0BD04D9441C9C42F0D92D20F8E7012E91
S315010193E8FBD9431EF7E700234FF0FF3230B5446836
S315010193F89C4203D100230372C36030BD016801EBAE
S31501019408C30541F833206A600133F1E7C0E9001267
S31501019418FFF7E9BF73B51E4600230193C3680446E6
S31501019428154613B9002002B070BD42689342F9D8B6
S3150101943801AAFFF7BDFF0028F4D12068019950F868
S31501019448313000EBC1040133ECD03246FFF7A7FFF7
S3150101945801206560E7E770B5046893420AD854F8B4
S315010194683230C3F31303994200D901320020049B18
S315010194781A6070BD54F83300C0F31300814201D953
S315010194885A1CF3E754F83200C0F313008142EDD3B5
S315010194989E18700854F83050C5F31305A94201D135
S315010194A8421CE3E701D9421CD7E7012E01D9431E24
S315010194B8D3E72D20DDE7F0B5C368013B8B4200D325
S315010194C83BB90B4304D103681A689A605A68DA6092
S315010194D8F0BD0468DA0054F83370083204EBC306A8
S315010194E8A518A75072686A60E7E72DE9FF471F4685
S315010194F8C668436804469E428846914604D3032FAB
S315010195084DD10123237227E0002203924EB103AB09
S315010195180093731EFFF79FFF18B920460399FFF7BA
S31501019528CAFF4FF0FF3303992268013602EBC100E6
S3150101953842F83130436020683A4650F8313000EB41
S31501019548C1051B0D1B0548EA030340F83130FFF736
S3150101955826FFC5F80490E660002004B0BDE8F0874F
S3150101956801318B42CDD0206850F8315000EBC10A48
S31501019578C5F30752032AF3D12D0D2D0548EA050531
S315010195883A4640F83150FFF70AFF012ECAF804900E
S31501019598E2D9204604B0BDE8F047F6F79BBB0021A6
S315010195A8DFE70023F7B5C56804460F460193FDB108
S315010195B843689D421CD801AAFFF7FAFEC0B9019A70
S315010195C826684FEAC20C56F8320006EBC203411C63
S315010195D80ED0C0F3130087420AD14FF0FF3146F886
S315010195E80C100D445960954203F1080302D8E56050
S315010195F803B0F0BD1968013243F8081C596843F8EC
S31501019608041CF0E7002337B50193C36804461546E0
S315010196181BB94FF0FF3003B030BD42689342F8D809
S3150101962801AAFFF7C5FE0028F3D1019B2168DA00DB
S3150101963851F83330591CECD01B0D2B702368134498
S315010196485868E8E730B50D4604468BB06846E7F732
S315010196582DD82A4621466846F6F78AFF002818BFFB
S3150101966874200BB030BD7047F0B50E468BB097002C
S3150101967840F0C0456846E7F719D83B4632462946C0
S315010196886846F7F7A7F8044638B93A4631462846EF
S3150101969803F038FC002818BF3D2420460BB0F0BD65
S315010196A808B50346084643F0C04103439B070AD15F
S315010196B8091A03E01B68013A40F8043B4318002ADA
S315010196C8F8D1002008BD920003F02AFBF9E730B56D
S315010196D88BB040F0C0446846E6F7E8DF012221462F
S315010196E86846E6F7F9DF054630B9F6F781FE20F057
S315010196F803002044844202D128460BB030BD2368B9
S31501019708013301D10434F5E73E25F5E713B50446DE
S315010197186846F6F753FEBDF8023023804FF480738D
S315010197286380F6F765FE6060002002B010BDF6F7AA
S31501019738BBBE30B58DB005460C46F6F75DFEA8B938
S3150101974802A8E6F7B3DF694601AA02A8F6F7DEFF22
S3150101975840B9009B9D4207D3019A2C4413449C426C
S3150101976888BF6E200DB030BD6E20FBE71020F9E7EA
S31501019778704713B50023044601461B220DF1070064
S315010197888DF8073000F017F922689DF80730B3EB19
S31501019798D26F0CBF0120002002B010BD13B5002302
S315010197A80446014620220DF107008DF8073000F025
S315010197B802F90DF107001A22211D00F0FCF8626871
S315010197C89DF80730B3EB926F0CBF0120002002B060
S315010197D810BD0068431C584258417047006810F093
S315010197E87E0F0CBFC0F3C160002070470068C0F34B
S315010197F8D3107047006800F07F0001288CBF002054
S3150101980801207047036813F07E0F14BF0420082056
S315010198187047036813F07E0F03D1406820F07C403E
S31501019828704713F078001CBF03F07F03D81F7047F8
S31501019838006800F07F007047032809D0022803D188
S31501019848C1F10201C8B2704700290CBF07200020E7
S31501019858704737B5054601F10C044369694601228A
S3150101986820469847BDF80030012201932046AB698D
S3150101987801A9984703B030BD37B501F10C04436915
S31501019888012269460546204698474FF6FF72009B15
S3150101989899B291420DD11B0C1B0443F4254343F0A4
S315010198A8A503019301222046AB6901A9984703B093
S315010198B830BD0020FBE737B5044600251B22011DF3
S315010198C80DF107008DF8075000F075F860689DF8ED
S315010198D80720B2EBD06F03D120F0784003B030BD39
S315010198E80DF107001B2204F108018DF8075000F05C
S315010198F862F8A0689DF80730B3EBD06F01D1C04378
S31501019908EAE74FF0FF30E9E74BF29A22036810B50F
S31501019918B2EB134F044613D19BB2012B13D1FFF7B7
S31501019928CAFF01300CD04FF6FF72E068B2EB104F57
S315010199384FEA104309D180B2C01A18BF012010BDE0
S315010199482368013303D00420F9E70220F7E703204E
S31501019958F5E701288CBF002001207047033801284B
S315010199688CBF002001207047143070472DE9F3415F
S3150101997805469846036908460E461746984704461A
S3150101998850B99DF820303A46009331464346284658
S31501019998F6F73CFC044618B131462846FFF759FF4C
S315010199A8204602B0BDE8F081408A80F0010000F04E
S315010199B80100400070471F2A0B689EBF4FF0FF3117
S315010199C891408B43590801F055315B1A03F0333144
S315010199D89B0803F033330B44017803EB13130A4451
S315010199E84FF0013103F00F334B43A2EB13620270BF
S315010199F8704770B5054614460E46E6F762DF2B68D1
S31501019A085C4034405C402C60BDE87040E6F7549FE9
S31501019A18704708B1E6F74A9E212070472DE9F84FAC
S31501019A280646894617461C46002B70D028B121B136
S31501019A381AB10378032B02D853B9212068E0043BF4
S31501019A48012BFAD880254168021D00F1540A04E068
S31501019A5840254168021D00F12C0A1346081943F8ED
S31501019A68040B4FEAD50E1FD2724453F8040B002892
S31501019A7850D19A42F9D105F1FF3808EA0108A5EB57
S31501019A88080BB8F1000F22D15C4524D3B4FBF5FBD1
S31501019A983A465B4649463046F6F7D0FEC0BB0BFB54
S31501019AA805F52F44641B30E09C465068A2F1040871
S31501019AB801305060F044C445D6D05CF8040B002847
S31501019AC8F9D1DCF800000130CCF80000F3E75C4578
S31501019AD808D2A542DAD9224639460AEB080003F02B
S31501019AE81FF914E05A4639460AEB080003F018F93A
S31501019AF80123524649463046F6F7A0FE40B9641B92
S31501019B084444A54280465F44C0D9002CE3D10020D4
S31501019B18BDE8F88F0F20FBE708B921207047002916
S31501019B28FBD0036813F0704209D1C3F309030B6033
S31501019B381BB94368002BF0D00B6000207047B2F1C6
S31501019B48004F07D18268D2040ED5C369002BE4D030
S31501019B581B68ECE7B2F1204FF4D0B2F1304FF1D0E6
S31501019B68B2F1404FEED0D8E7DBB2E0E737B50C46A4
S31501019B780546E0B1D9B1002301A90193FFF7CCFF4D
S31501019B8828B9296811F0704103D1019B236003B0FB
S31501019B9830BDAA68B1F1204FC2F38033C2F3403513
S31501019BA8C2F3003215D004D8B1F1004F09D02120F2
S31501019BB8EDE7B1F1304F02D0B1F1404FF7D12B4466
S31501019BC804E0062103EB450301FB0233019A5343E2
S31501019BD8DCE72B4402EB82021344F7E72DE9F3474D
S31501019BE80C46904699460546E8B1E1B106680F6803
S31501019BF806F0704ABE4229D0BAF1004F10D186EA61
S31501019C080703B3F1805F12D3B9F1000F49D1B8F156
S31501019C18000F21D0AB68A268534013F4E04F3EE030
S31501019C28BAF1404FEBD0212002B0BDE8F0870023FD
S31501019C38284601A90193FFF76FFF0028F3D1019B7C
S31501019C48C3F30E031E431F43BE42ECD1BAF1000F03
S31501019C58DADBBAF1805F13D00023694628460093FF
S31501019C68FFF75AFF0028DFD1019001A92046FFF726
S31501019C7853FF0028D8D1DDE900239A42D4D0D2E78F
S31501019C88B9F1000F03D0A3689A04E5D4CBE7B8F17B
S31501019C98000FE1D0A368AA68534013F4C04FDBD083
S31501019CA8C1E7B8F1000FEED0AB68A2685340DB04F7
S31501019CB8E9D5B8E7F7B50C460546002832D000299B
S31501019CC830D000230B60036803F070430B60C26850
S31501019CD8042A27D8DFE802F0060329292C0043F0D4
S31501019CE800632360EB68042B25D16A7C032A19D802
S31501019CF8236823F0407343EA026323602A7C1F2AFF
S31501019D0810D823F47C0343EA82432360AA7C072AF9
S31501019D1808D823F4603343EAC2332360AB6813F0EE
S31501019D28407F32D0212003B0F0BD43F08063D8E7EC
S31501019D3843F04063D5E7AA68970102F040714AD515
S31501019D48B1F1407F4AD0002BECD04FF00072236865
S31501019D5823F0407313432360EA68022A07D12A696B
S31501019D68032ADFD823F47F0343EA02432360EB681E
S31501019D78032B03D12B69F52BD4D9A370AB681E0428
S31501019D8842BF236843F400432360EB68032B09D0E0
S31501019D9823682A6823F4FF4323F07F03C2F30E02E3
S31501019DA8134323602A68AB6802F07042B2F1805FFF
S31501019DB803F4805703F480661CD213F4F84FB1D12A
S31501019DC803F480729B0564D4002A3BD0236843F4CB
S31501019DD80063236036E0B1F1407F04D1002BA1D0A5
S31501019DE84FF04072B3E702F08072002BAFD1002A1F
S31501019DF8ADD097E7580403F4005143D4002991D013
S31501019E08226842F4005222601A0542BF236843F4CC
S31501019E18006323601FB1236843F4805323602B68D1
S31501019E2803F07043B3F1404F04D01EB1236843F4E4
S31501019E3880632360AB6803F4007203F480731A43E9
S31501019E487FF470AF0023284601A90193FFF764FE49
S31501019E5800287FF468AF2B6813F070411ED123687F
S31501019E68019A23F47F7323F00303C2F3090213430F
S31501019E782360002F3FF457AFEB69002B3FF452AF34
S31501019E880F2050E7226842F4804222600029BBD0A4
S31501019E98B6E7236843F48063236095E703F05043EB
S31501019EA8B3F1004F06D0B1F1304F03D0B1F1404FB4
S31501019EB87FF438AF019B2268013BDBB222F0FF0236
S31501019EC813432360002F3FF42EAFEA69002A3FF4BA
S31501019ED829AFB1F1004FD3D1117F71B1002E3FF4F2
S31501019EE822AF43F400732360537F002B3FF41BAF6A
S31501019EF8236843F48073236015E7537F002B3FF4EE
S31501019F0812AF002EF4D10EE773B50C46054608B912
S31501019F1821201AE00029FBD00123C6684B609E4225
S31501019F2817D8002301A90193FFF720FE68B9019B00
S31501019F3806B11C336A699A4209D32A69002AE7D00C
S31501019F48226043F000530020A36002B070BD1D20BA
S31501019F58FBE7023E022EDBD80023F4E72DE9F041A7
S31501019F680D46044698B0002869D0002967D04FF0FC
S31501019F7800730360002315A94360036283602846C1
S31501019F88FFF798FE002857D120461599E6F75ADCBE
S31501019F98AB68DB043CD52B68002B52DA4FF001087C
S31501019FA8EE696946376873682046CDF804800093DF
S31501019FB8029700F034F9B368204603A9CDF8108059
S31501019FC80393059700F02BF9F368204606A9CDF806
S31501019FD81C800693089700F022F93369204609A9DE
S31501019FE8CDF8288009930B9700F019F97369204672
S31501019FF80CA9CDF834800C930E9700F010F9B369CA
S3150101A00820460FA9CDF840800F93119700F007F963
S3150101A018284612A9F6F7B6FE70B9204600F0FFF8F0
S3150101A028284615A9FFF770FF30B9204615A9E6F7A5
S3150101A03831DC2046E6F7D8DA18B0BDE8F0812120EF
S3150101A048FAE70F20F8E770B50E46154604468AB0B9
S3150101A058002843D0002941D0002A3FD000230122FC
S3150101A06829463046FFF7BAFD002835D1F368002B9A
S3150101A07834D1EB685A1E012A01D9042B2ED14FF08E
S3150101A088807323600023284663602362A36007A9BE
S3150101A098FFF710FE00BB20460799E6F7D3DB3046EA
S3150101A0A801A9FFF731FFB8B9204601A900F0B7F8B0
S3150101A0B8284604A9F6F766FE70B9204600F0AFF8FE
S3150101A0C8284607A9FFF720FF30B9204607A9E6F771
S3150101A0D8E1DB2046E6F788DA0AB070BD2120FBE705
S3150101A0E870B50E46154604468EB000287AD0002969
S3150101A0F878D0002A76D00023012229463046FFF777
S3150101A1086DFD002866D1F368002B6BD0032B63D153
S3150101A118EB68042B66D14FF0837323600023304625
S3150101A12863602362A3600BA9FFF7C4FD002851D11F
S3150101A13820460B99E6F786DB284601A9FFF7BAFD02
S3150101A148002847D1E968019B042904BFC3F3854067
S3150101A15823F440614FEA936201BFDB0803F4E0434C
S3150101A1680B430193019918BFC3F3074021F47F718A
S3150101A178130221F00301014303F440731943C1F3A7
S3150101A188140120460191E6F75DDB304605A9F6F78C
S3150101A198F9FDF8B9204600F042F8304608A9FFF75B
S3150101A1A8B3FEB8B9204608A900F039F8284602A92C
S3150101A1B8F6F7E8FD70B9204600F031F828460BA9F3
S3150101A1C8FFF7A2FE30B920460BA9E6F763DB204665
S3150101A1D8E6F70ADA0EB070BD042B03D0EB680BB1B2
S3150101A1E8032B98D12120F5E70138042815D8DFE892
S3150101A1F800F003080B0E11004FF4007300200B60E9
S3150101A20870474FF44073F9E74FF48063F6E74FF46B
S3150101A218A063F3E74FF4C063F0E721207047436871
S3150101A22882B013B9416002B0704743680193019B3B
S3150101A2385B68012B019B01D15960F4E75B68F5E77E
S3150101A24800F0CCBD00F0CABD00F0C8BD00F0C6BD26
S3150101A25800F0C4BD00F0C2BD08B548B14FF0FF31E9
S3150101A268E6F767DB002814BF6FF01D00002008BD63
S3150101A2786FF01B00FBE708B538B1E6F778DB002874
S3150101A28814BF6FF01D00002008BD6FF01B00FBE72E
S3150101A29810B1006EE6F7F19F704710B5044630B16B
S3150101A2A850238065C3651844E6F74FDF206610BD64
S3150101A2B80120704738B505460C4619B10A460021F1
S3150101A2C8E6F730DE38BDF0B506460C4615468DB0C3
S3150101A2D80AB300271022002108A8E6F723DECDE9F3
S3150101A2E80577F7F785F907AB029305AB019306AB3A
S3150101A2F8214600933A46304608ABF7F74BF8044630
S3150101A30820B1F7F7A3F920460DB0F0BD099B6B60A3
S3150101A318059B2B60F5E76FF08604F4E72DE9F0411B
S3150101A328ADF5067D1D46DDE98C3690460F4611B918
S3150101A338002A40F082800DB9002B7ED1002E7CD0F7
S3150101A348002200F17E4005383260062878D8DFE818
S3150101A35800F00477771318263400132B0ED9002140
S3150101A3680846E6F721DB002841D06FF08F04204625
S3150101A3780DF5067DBDE8F0811B2B2CD86FF08904FC
S3150101A388F5E71F2BFAD900210846E6F70DDB002868
S3150101A398EBD14FF406716846F8F7ECFA2CE02F2B4E
S3150101A3A8ECD900210846E6F7FFDA0028DDD14FF49A
S3150101A3B806716846F8F7E4FA1EE03F2BDED900215B
S3150101A3C80846E6F7F1DA0028CFD14FF40671684657
S3150101A3D8F8F7DCFA10E000210846E6F7E5DA002885
S3150101A3E8C3D14FF406716846F8F7DCFA04E04FF475
S3150101A3F806716846F8F7D0FA0446E6F731DB002814
S3150101A408B3D114B16FF09204B1E7424639466846B1
S3150101A41801F050FA0028F5D12946684601F082FA79
S3150101A4280028EFD1684601F0BAFA04460028E9D1B5
S3150101A438684601F0BFFA306099E76FF0860496E73E
S3150101A4486FF0850493E708B5F5F7D6FF002814BF21
S3150101A4586FF09200002008BDFFF7F5BFF0B51C4665
S3150101A46800238BB023600F461646F5F7C5FF70B971
S3150101A4786846E6F71BD9054648B93246394668465C
S3150101A488F6F776F810B926600BB0F0BD25606FF0C6
S3150101A4989200F9E720F0FF03B3F5824F06D141385F
S3150101A4A8C0B2012894BF00200120704700207047DF
S3150101A4B838B50A460C4600210546E6F733DD38BDAF
S3150101A4C8F0B50B46C168044601298DB033D12B2A53
S3150101A4D837D913F003071A460DD001AD03F1280C3C
S3150101A4E82E4610685168083203C662453546F7D1CA
S3150101A4F8106801AA3060012111800021518021686B
S3150101A508516061689160A168D1608FB101AA154650
S3150101A5180BAE144603CCB44218605960224603F1C6
S3150101A5280803F6D120682C2118602846FFF7C0FFD9
S3150101A53800200DB0F0BD0429FAD112B1027C1A70BE
S3150101A548F6E76FF08900F4E72DE9F0439DB00D4672
S3150101A558DDE9248916461F460446002868D00029E4
S3150101A56866D0002A64D0002B62D0B8F1000F5FD003
S3150101A578B9F1000F5CD02022002102A8E6F7D2DC4E
S3150101A58820463246294602ABF7F70CFB0446F8B9D1
S3150101A5980AAD02AE0FCE0FC596E80F0085E80F008A
S3150101A5A80C9A7B1C22F080720E9322F4804208F1E8
S3150101A5B8020323F0030342F4005201A90AA80D94E8
S3150101A5C80F930C920194FFF7D1FA28B16FF0920417
S3150101A5D820461DB0BDE8F083019B01334345019334
S3150101A5E829D82822214612A8E6F79CDC12A8E6F703
S3150101A5F85DD80028EAD10AAA02A912A8F6F7DCFB56
S3150101A608012812D058B1482814BF6FF092046FF08F
S3150101A618850412A8FFF7FDF90028D9D0D6E7042346
S3150101A6283B70019BC9F80030F3E76FF08B04F0E743
S3150101A6386FF08604CCE76FF08904C9E7FFF784BF99
S3150101A6482DE9F04F9FB01546DDE928AB0F4699462E
S3150101A65806462A9A002800F09F80002B00F09C806C
S3150101A668BAF1000F00F09880002900F09580002DBD
S3150101A67800F09280BBF1000F00F08E80002A00F0F5
S3150101A6888B800023B0F80080CBF8003008F44F41E5
S3150101A698EB00B1F5824F13605FD15FFA88F1122998
S3150101A6A80ED128F0FF01B1F5824F02BF083B5B08C5
S3150101A6B813601368B3F5047F04BF40F209231360DD
S3150101A6C800232A4603933946304603ABF7F704F9C3
S3150101A6D8044600283DD1039C40460734E408FFF7A8
S3150101A6E8D9FE08B1013D01370DF1100820220021DB
S3150101A6F840460394E6F716DC214642463046F7F70B
S3150101A708A7F9044628BBC6460DF1300CBEE80F0071
S3150101A718ACE80F009EE80F008CE80F00EB1C214600
S3150101A72823F00303282214A8CDE90F471193E6F76D
S3150101A738F9DB2B46524649463046CDF80080F7F7F4
S3150101A74851FB044628B914A8E5F7B0DF38B16FF013
S3150101A758920420461FB0BDE8F08F2C46C4E7424655
S3150101A7680CA914A8FFF76FFC98B952464946404609
S3150101A778FFF7A6FE04460028EBD15A46294630467C
S3150101A788F7F78EF8044614A8FFF743F90028E0D035
S3150101A798DDE76FF09204F6E76FF08604D9E730B585
S3150101A7A805468BB048B300214488202202A88DF8BA
S3150101A7B80710E6F7B7DB68690DF10701E408F7F752
S3150101A7C8A5FDD0B92146284602AAF7F741F904465B
S3150101A7D8A8B99DF8073068690DF11A018DF8183085
S3150101A7E8F7F77AFE48B902A88DF81940F7F754FD2B
S3150101A7F828B113280DD0212804D16FF086042046EB
S3150101A8080BB030BD08280CBF6FF084046FF09204B9
S3150101A818F5E76FF08B04F2E710B4048804F4E04419
S3150101A828B4F5805F06D0B4F5005F03D05DF8044B3B
S3150101A838F7F708BC6FF085005DF8044B704770B4F3
S3150101A8480488DDE9035604F4E044B4F5804F04D0E5
S3150101A858CDE9035670BCFFF777BE6FF0850070BC72
S3150101A8687047F8B51E4603880F4603F44F43B3F5FF
S3150101A878824F154610D1089BF7F72EF8044648B9B9
S3150101A888069B9D420BD82A463946304602F048FABC
S3150101A898079B1D602046F8BD6FF08504FAE76FF046
S3150101A8A88904F7E72DE9F04FC1B00C46DDE94A897C
S3150101A8B8DDE94CA793461E460546002800F09A8015
S3150101A8C8002900F09780002A00F09480B8F1000F62
S3150101A8D800F09080B9F1000F00F08C80BAF1000FF9
S3150101A8E808D1002F40F086806FF09404204641B0CC
S3150101A8F8BDE8F08F002FF7D02822002114A8E6F72A
S3150101A90811DB2022002104A8E6F70CDB21465A4671
S3150101A918284604ABF7F746F904460028E6D16A88C2
S3150101A9280732D208B7EB420FDED102463146284635
S3150101A938F7F746FC04460028D8D14FF0000B8422CC
S3150101A94859461FA8CDF878B0E6F7ECDA2B8823F03B
S3150101A958FF03B3F5E24F2BD10CAD04AE0FCE0FC5F4
S3150101A96896E80F0085E80F000E9B14A823F04073A3
S3150101A97823F4804343F40053CDE90E3B1EAB1093F8
S3150101A98888231193E5F792DE70BB0CAA04A914A8D2
S3150101A998F6F712FA054614A8FFF73BF8284323D11F
S3150101A9A804AE0CAD0FCD0FC695E80F0086E80F0072
S3150101A9B814A8E5F77BDE0246B0B90123CDE902A762
S3150101A9C8CDE9008904A914A8F6F724FB38B12C2886
S3150101A9D80DD0012814BF6FF092046FF08B0414A8EF
S3150101A9E8FFF717F8002881D06FF092047EE76FF020
S3150101A9F89404F4E76FF0860478E72DE9F04F97B0F0
S3150101AA080D46DDE9219ADDE923B816461F460446B6
S3150101AA1828B96FF08605284617B0BDE8F08F0029D9
S3150101AA28F7D0002AF5D0209B002BF2D0B9F1000FFF
S3150101AA38EFD0BAF1000FECD0BBF1000FE9D0B8F1B4
S3150101AA48000FE6D0282200210CA8E6F76BDA2022AE
S3150101AA58002104A8E6F766DA29463246204604AB00
S3150101AA68F7F7A0F805460028D5D1238823F0FF0377
S3150101AA78B3F5E24FCDD1012239462046F7F7A0FBBE
S3150101AA8805460028C7D163880733DB08BBEB430FAB
S3150101AA9803FA02F421D30CA8E5F708DE98B9209B3D
S3150101AAA82A460093CDE902A40123CDF8049004A90D
S3150101AAB80CA8F6F717FA48B9C8F800400CA8FEF72A
S3150101AAC8A8FF0028A7D06FF09205A4E7012814BFB3
S3150101AAD86FF092056FF08B05F0E76FF089059AE73C
S3150101AAE82DE9F04F97B00E46DDE922AB17461D4613
S3150101AAF80446DDF8909000286CD000296AD0002A16
S3150101AB0868D0209B13B9219B002B63D1BAF1000FA1
S3150101AB1860D0BBF1000F5DD0B9F1000F5AD023887F
S3150101AB2823F0FF03B3F5E24F54D10122294620460A
S3150101AB38F7F746FB804600283CD12846F7F706FB7E
S3150101AB480546002849D0414628220CA8E6F7EAD944
S3150101AB584146202204A8E6F7E5D93A463146204678
S3150101AB6804ABF7F71FF8804620BB62880732D20883
S3150101AB78BBEB420F4FEA420632D30CA8E5F796DD45
S3150101AB88B0B9219B2A460193209BCDE902A60093E0
S3150101AB9804A943460CA8F6F7A5F978B962880732DC
S3150101ABA8D2085200C9F800200CA8FEF732FF08B1F5
S3150101ABB86FF09208404617B0BDE8F08F012806D01C
S3150101ABC8482814BF6FF092086FF08508ECE76FF01B
S3150101ABD88B08E9E76FF08608ECE76FF08508E9E786
S3150101ABE86FF08908E6E7FFF77BBFFFF706BFFFF7B7
S3150101ABF859BEFFF775BFFFF700BFFFF753BE2DE932
S3150101AC08F0478CB09046DDE914A599460F4609B976
S3150101AC18002A3ED1B9F1000F02D1BAF1000F38D19C
S3150101AC28002D36D000F17E400538062834D8DFE8F4
S3150101AC3800F019333304101316001C20022482452F
S3150101AC48286012D200236FF089002B600CB0BDE891
S3150101AC58F08720200324F2E730200424EFE740207F
S3150101AC680524ECE714200124E9E702A8E5F71EDD2E
S3150101AC78064610B16FF09200E8E743463A46214687
S3150101AC88CDE9009A02A8F5F789FF0028DED02E60E2
S3150101AC98F0E76FF08600D9E76FF08500D6E730B5A2
S3150101ACA80D4604468BB0A0B3031D0021D4221846D4
S3150101ACB8E6F738D905F17E41053906292CD8DFE8A9
S3150101ACC801F0042B2B10161C220001226946227061
S3150101ACD8F5F728FE002814BF6FF0920000200BB08B
S3150101ACE830BD022269462270F5F736FEF2E70322E4
S3150101ACF869462270F5F74AFEECE704226946227095
S3150101AD08F5F75EFEE6E7052269462270F5F774FE58
S3150101AD18E0E76FF08600E2E76FF08500DFE770B5DF
S3150101AD280D46164604468AB090B101B982B96846FC
S3150101AD38E5F7BCDC18B16FF092000AB070BD334675
S3150101AD482A466946201DFEF769FE0028F5D0F2E775
S3150101AD586FF08600F1E72DE9F0430D4691461E464F
S3150101AD6804468BB0A0B301B992BB8EB36846E5F729
S3150101AD789DDC804620B16FF092000BB0BDE8F083EF
S3150101AD88271D2A4669464B463846F5F751FE0546BB
S3150101AD98D42241463846E6F7C5D8A5B92378013BF9
S3150101ADA8042B18D8DFE803F00309070B0D00142259
S3150101ADB800203260E1E72022FAE71C22F8E7302277
S3150101ADC8F6E74022F4E7212DD5D16FF08900D4E7C2
S3150101ADD86FF08600D1E76FF08800CEE708B518B1A4
S3150101ADE8D8220021E6F79ED8002008BDF0B5012832
S3150101ADF806460D4693B022D8482200216846E6F751
S3150101AE0891D82F1F0C3500213046E5F7CDDD0446D3
S3150101AE1840B9684657F8041F00F021FD28B1E5F746
S3150101AE281FDE0124204613B0F0BD684600F0EDFC93
S3150101AE380028F4D1E5F714DEAF42E4D1F2E7212483
S3150101AE48F0E710B592B02822002108A8E6F76AD8DA
S3150101AE58202200216846E6F765D808A8E5F726DC29
S3150101AE68044650B9202269460DEB0200F5F780FB2D
S3150101AE78044608A824B1FEF7CCFD204612B010BD40
S3150101AE88FEF7C7FD04460028F7D16946FFF7AEFF6D
S3150101AE9804460028F1D1012004A9FFF7A7FF0446BA
S3150101AEA8EBE72DE9F04F98460368F1B004460E46E3
S3150101AEB81746DDF8ECA1DDF8F89113BB6D468268FA
S3150101AEC8016928460DF1140B02F05CFE95E80700AD
S3150101AED88BE80700217D6068E5F766DD044660B900
S3150101AEE8524605A908A8B6B102F071FD0546E5F76E
S3150101AEF8B7DD044608B98DB10124204671B0BDE814
S3150101AF08F08F012B32D16D46816828460DF1140B5C
S3150101AF1802F03DFEDAE702F063FDE7E708A8DDE99D
S3150101AF287C1202F025FC0028E6D1424639467A9B75
S3150101AF3808A802F08FFC0028DED17F9908A802F043
S3150101AF482EFD0028D8D1494608A866B102F0C4F9F0
S3150101AF580028D1D108A802F017FD0028CDD0002E6E
S3150101AF68CAD12C24C9E702F009FAF1E72124C4E779
S3150101AF7810B586B00C9C05940B9C04940A9C039409
S3150101AF88099C0294089CCDE9003413460A4601211D
S3150101AF98FFF787FF06B010BD10B586B00C9C059466
S3150101AFA80B9C04940A9C0394099C0294089CCDE980
S3150101AFB8003413460A460021FFF773FF06B010BD98
S3150101AFC8F7F7A2BAF3F772B8F7F7ECBAF7F7DCBAFB
S3150101AFD840B2F7F7C5BA10B500201C4600F05BFD73
S3150101AFE8002820600CBF1B20002010BD08B50020D9
S3150101AFF8F7F7FEFD002008BDF8B50C468D18073593
S3150101B00852421540A5F108070646384600F0CEFA20
S3150101B018A0883B1B618800EBE30080B2A1EBE30149
S3150101B02825F8040C25F8061CA188DA10D1B1A4EB80
S3150101B038C101B1F802C0C88002EB0C004880E18861
S3150101B048B9B18A1A92B204EBC10125F8022C8A8098
S3150101B058A2888AB9B2681344F268B360934288BF79
S3150101B068F3600EE015F8081C41F0020105F8081C09
S3150101B078E5E725F8021CEBE7A4EBC2042278D2071F
S3150101B088E8D43846F8BD2DE9F04F17464FF00008C8
S3150101B09887B07A1C109A054614BF3C460824CDF898
S3150101B0A81480002A00F0CB80C2F80080002900F044
S3150101B0B8C88042688A4240F2C480073103F0010A16
S3150101B0C821F00706E5F706DC05AACDE900828146E6
S3150101B0D83A4653463146284600F06CFA059F83469F
S3150101B0E807B130B94846E5F7F0DB192007B0BDE8E5
S3150101B0F8F08FB7F8028029694FEAC802C0EBC80880
S3150101B1080139B8F1270F29617ED9BAF1000F55D155
S3150101B118864206F108084CD0224639462846FFF7E9
S3150101B1286BFF04460590059B9844404600F03EFA9C
S3150101B138059906F10F004A88C308A2EBD002A8F8BF
S3150101B1480220CA88A8F80430002A34D0D31A9BB23F
S3150101B15801EBC202A8F8063093808B88F608A38012
S3150101B168B8F804303A46E38041460023284666800A
S3150101B17800F08DFAAB68EA6808339342AB6088BF81
S3150101B188EB60237843F0010323702B6901332B61AB
S3150101B1986288AB68083403EBC203EA68AB60934281
S3150101B1A888BFEB60109B48461C60E5F78EDB0020E3
S3150101B1B89CE73C46B7E7A8F80620CEE707EB080463
S3150101B1C82046039200F0F2F90BF10703DB08059912
S3150101B1D8638008F10703DB08A380CB8893B1DB0001
S3150101B1E8039AD81D821A5A44C2F3CF020B44E2804C
S3150101B1F89A80A38808F1FF384FEAD808A1F8028096
S3150101B208CB80B7E7E380F4E7BAF1000F1BD007F16A
S3150101B2180803B3FBF4F204FB1233B3B122463946F0
S3150101B2282846FFF7E9FE044623783A4643F0010327
S3150101B238237021460123284600F029FAA8E722208E
S3150101B24854E7212052E78642E8D13C46ECE707B5A7
S3150101B25800224FF0FF3101AB0192F7F751FA01983C
S3150101B26803B05DF804FB07B5009313464FF0FF32AF
S3150101B278FFF709FF03B05DF804FB70B5049E154697
S3150101B2881A4696B1002333608DB181B14D433346D8
S3150101B2982946FFF7E8FF044628B9306818B12A4656
S3150101B2A82146E5F73FDE204670BD2224FBE721242E
S3150101B2B8F9E707B5002201AB0192F7F737FA0198C9
S3150101B2C803B05DF804FB2DE9F74F06460D46144612
S3150101B2D89B46002B00F0408100221A604268A24277
S3150101B2E840F23C8149B9002C00F038810A462146D1
S3150101B2F803B0BDE8F04FFFF7B6BF2CB9084603B056
S3150101B308BDE8F04F02F0C9B9E5F7E4DA35F8067C8C
S3150101B31807344FEAC70924F00704A1458046A5F178
S3150101B328080180F0978035F8023C002B70D0DA1BB2
S3150101B338012A6DD101EBC30A11F83330D80767D455
S3150101B348BAF80220A9EB040313EBC20360D41F2B3D
S3150101B3583CDD2F19C4F3CF0425F8064C01343846D0
S3150101B36825F8024C009300F021F935F8022C009BCF
S3150101B378BA80BAF80620DB087B802AB3BAF802102C
S3150101B388511A11FA83F39BB20AEBC202FB8093802D
S3150101B398524600233946304600F079F9504600F005
S3150101B3A805F9002235F8061CB368CBF8005003EB02
S3150101B3B8C103F168A3EB09038B42B36048D8002A9C
S3150101B3C841D0083BB3603EE0FA80E1E733690137D2
S3150101B3D8013B3361BAF80630174425F8067CA3B157
S3150101B3E8BAF802209A1A12FA87F7BFB20AEBC3030F
S3150101B3F825F8027C9F8052460123304600F047F921
S3150101B408504600F0D3F80122CCE725F8023CF2E7D1
S3150101B41821465B4600223046FFF725FF044630B137
S3150101B4284046E5F752DA204603B0BDE8F08F4A46B1
S3150101B4382946DBF8000001F073FC284602F02DF9D4
S3150101B44804460028ECD14046E5F73FDA0024EAE74D
S3150101B458F360B4E77DD935F8022CA9EB040A531E2A
S3150101B468DB1B002A37D001EBC20711F83220D207BC
S3150101B47832D48BBBC4F3CF03291925F8063C013312
S3150101B488084625F8023C009100F090F8009935F834
S3150101B498022C7B888A80FA8803EBDA034B80BAB1DE
S3150101B4A87888101A10FA83F39BB207EBC202CB8094
S3150101B4B8938000233A46304600F0E9F8384600F011
S3150101B4C875F8B368CBF800502344A3EB090379E770
S3150101B4D80023CB80EDE71746BAF1270F39D9C4F313
S3150101B4E8CF02291925F8062C0132084625F8022C1E
S3150101B4F8009101930AF1FF3A00F058F8009935F8DD
S3150101B508022C4FEADA0AA1F802A08A80FFB1019B4F
S3150101B518013313FA8AFA1FFA8AFAA1F806A0A7F8DB
S3150101B52804A0336930460133336100231A4600F01A
S3150101B538AEF8B368CBF80050E2180832F368A2EB0B
S3150101B54809029A42B2607FF67EAFF2607BE7CF804D
S3150101B558E7E7CBF8005076E7222464E7212462E77E
S3150101B568002307B501AA0193F7F7EEF8019803B08D
S3150101B5785DF804FBF7F7AAB813B5002401AA214619
S3150101B5880194F7F7CBF800B10194019802B010BD07
S3150101B59802F083B802F081B80846FFF758BE08469B
S3150101B5A802F07FB808461146FFF7DABF00230360A8
S3150101B5B843607047F0B5D0E90540551C08BF08221C
S3150101B5C8002B4FF0000518BF0446DDF818C0CCF86A
S3150101B5D80050002C37D09DF814706588FF0007EBE1
S3150101B5E8C505C2F1000E2078C00708D51BBBE08846
S3150101B5F8A0B104EBC004658807EBC505F3E78D42E5
S3150101B608F4D363B904F10806B6FBF2F002FB10663E
S3150101B61870180EB1A842EAD8CCF80040F0BD082A44
S3150101B6280FD06088013004EBC000461A06EA0E06FF
S3150101B638801B8542F0D2A0880028EFD0A4EBC00474
S3150101B648D9E70846E8E72046E8E7034610461A69B6
S3150101B658DAB108B921B918680378DB0702D470474A
S3150101B6689869F9E739B9C3887BB100EBC300037857
S3150101B678DA07F8D47047012907D183882BB1A0EBE2
S3150101B688C3000378DB07F8D47047002070472DE91A
S3150101B698F041D0E90545074688461646F3B1944275
S3150101B6A80FD042B1954215D1424601213846FFF7DD
S3150101B6B8CCFF05460EE00A463146FFF7C6FF0446AA
S3150101B6C8F2E70A460021FFF7C0FFB5420446EBD06F
S3150101B6D8002EE9D0C7E90545BDE8F081944208D0B5
S3150101B6E88C4228BF0C46B54205D0454538BF45466B
S3150101B6F8F0E70C46F7E74546ECE738B51C46C3E9DA
S3150101B70800010023C4E90500C4E902332361227754
S3150101B7186362FFF74BFF23690139C9080133418088
S3150101B7282361A368E268083393424FF00000A360DE
S3150101B73888BFE36038BD08B500F016F800F034F8A3
S3150101B748FEE7704770477047704708B501F008F979
S3150101B75801F014F901F01BF9FFF7F5FF01F02CF9D6
S3150101B768BDE8084001F029B908B5FEF751F9FFF717
S3150101B778E8FFF6F737FFFFF7E5FFE5F7FDDB00F031
S3150101B78807F801F0F8F8BDE80840F7F707B8704778
S3150101B79808B501F0E1F801F0E0F801F0DFF801F090
S3150101B7A8DEF8FFF7F4FF08BD01F0E6B8002070479F
S3150101B7B838B50368054693B1816800F118029142CB
S3150101B7C84FF0000406D11846E5F758D96FF0400045
S3150101B7D82C6038BD302102F02FF92046F9E76FF0C8
S3150101B7E82000F6E738B5036805465BB102F0A6F90C
S3150101B7F8431C044604D02868E5F740D900232B6089
S3150101B808204638BD6FF02004FAE710B504462068D2
S3150101B818E5F7A4D92046FFF7E5FF431CF7D010BD8C
S3150101B82838B51C210446E5F7C9D910223421054644
S3150101B8382046E5F7D1D9002234212046E5F7CCD9AE
S3150101B8483C212046E5F7BAD94306F9D435B12A464A
S3150101B8582046BDE838401C21E5F7BE9938BD37B504
S3150101B868044601200D4602F034F9E0B1E5F73ED967
S3150101B8782060E0B146F6110330222046009304F117
S3150101B88818012B4601F004FE00210846E5F7B0D957
S3150101B89800220146204602F0BCF8204603B0BDE865
S3150101B8A83040FFF785BF6FF0020003B030BD6FF07E
S3150101B8B80100FAE738B5044680690B46154670B3A7
S3150101B8C85AB3A268E1690232B1EB021F06D2E5F762
S3150101B8D8D5D800236FF04400A36138BDB5F1807F47
S3150101B8E806D3E5F7CBD800236FF03F00A361F4E750
S3150101B8F829461846E5F77BD963680146DB682A4676
S3150101B90804F1180002F07BF823692B442361E368EB
S3150101B9182B44E360A3680133A3600020DDE76FF0E0
S3150101B9282000DAE7836910B50446ABB1D0E90323F0
S3150101B9389A4204D00268836A526853408362204658
S3150101B9486369984704F118004FF4F47104F1300260
S3150101B95802F072F8002010BD6FF02000FBE738B540
S3150101B96883690446C3B1183002F0E8F8431C054659
S3150101B97810D0214651F8C03B5B69C3F5AC70C3F5DC
S3150101B988F8720144A069E5F72FD9A069E5F776D8D8
S3150101B9980023A361284638BD6FF02005FAE710B5E3
S3150101B9A80446A069E5F7DAD82046FFF7D8FF431C14
S3150101B9B8F7D010BD0368D868704738B50025284601
S3150101B9C8E5F7E2D80446B8B14FF48061E5F7F6D850
S3150101B9D890B100221C212046E5F7FED84FF0FF322F
S3150101B9E830212046E5F7F8D8013534221C212046B5
S3150101B9F8E5F7F2D8402DE2D1002038BD0369C268C6
S3150101BA0893429CBF81685B18013B981A70472DE9DF
S3150101BA18F041D0E902840546A8EB0406406896423E
S3150101BA2820440F46144404D901F07AF9EC60BDE8C3
S3150101BA38F0813246A4EB080401F072F922466868DE
S3150101BA48B919F1E72DE9F8430646894617464FF034
S3150101BA580008C5683369B4689D4228BF1B19641B70
S3150101BA68BC4228BF3C46013B5B1B9C4228BF1C4686
S3150101BA78706849462844224601F052F9B3682544BB
S3150101BA88AB4208BF00253F1BA044A144F560E1D1A3
S3150101BA984046BDE8F88310B50B46EFF311844FF024
S3150101BAA8200181F311881946F7F72CF884F31188D7
S3150101BAB810BD0368D90444BF43F480630360036876
S3150101BAC89A0444BF43F4006303607047F1F720B950
S3150101BAD810B40C46042C11461A4604D100685DF8C7
S3150101BAE8044BF7F759B900205DF8044B7047F8B5CF
S3150101BAF817461D460E4681B1002420461C60F7F7FC
S3150101BB0891F860B1B8420246314628BF3A46204605
S3150101BB18FFF7C1FF28602046F8BD2F20FCE7AE20BC
S3150101BB28FAE770B515460E4661B10024AC4205D255
S3150101BB3800202A1B3119F7F75BF808B9002070BDF7
S3150101BB480444F3E72F20FAE701688268C3688A4249
S3150101BB5894BF0022521A8B4294BF00235B1AD01A52
S3150101BB6870478368D0E900128A4294BF0022521AAB
S3150101BB788B4294BF00235B1AD01A704770B585684A
S3150101BB8804460E463DB1FFF7ECFF30B100206B1CB0
S3150101BB98A3602E7070BD2F20FCE71920FAE770B556
S3150101BBA8866804460D4656B1FFF7DBFF012808D919
S3150101BBB800206DBA3580A3680233A36070BD2F20BA
S3150101BBC8FCE71920FAE770B5866804460D4656B1B1
S3150101BBD8FFF7C7FF032808D900202DBA3560A368E6
S3150101BBE80433A36070BD2F20FCE71920FAE72DE97C
S3150101BBF8F0410E4698461546F2B1FE2A1ED94FF670
S3150101BC08FE77BA428CBF03270227C0F3080444EA28
S3150101BC18063444EA872424B24046A1B2FFF7BFFF9E
S3150101BC28A0B996B98FB1012F0AD0022F10D0294692
S3150101BC384046FFF7C8FF07E01746E6E70127E4E7AD
S3150101BC484046E9B2FFF79AFF00B90020BDE8F08145
S3150101BC584046A9B2FFF7A3FFF6E7F8B5044615462C
S3150101BC680E4679B187686FB1FFF77BFFA8420BD3FF
S3150101BC782A463146384601F053F80020A3682B4479
S3150101BC88A360F8BD2F20FCE71920FAE770B5144621
S3150101BC9806460D46FFF765FFA04211D32846FFF771
S3150101BCA853FFA0420CD32246E968B06801F038F87F
S3150101BCB80020B3682344B360EB682344EB6070BD8D
S3150101BCC81920FCE7F8B5154606460F46FFF73CFF6E
S3150101BCD8A842044612D23846FFF736FF2A1B82428A
S3150101BCE828BF024639463046FFF7D0FF28B9304604
S3150101BCF8FFF72AFFA84201D20D20F8BD0020FCE773
S3150101BD0870B5C46805460E4644B1FFF71DFF38B143
S3150101BD18002014F8012BEC60327070BD2F20FCE76E
S3150101BD281920FAE770B5C46805460E4654B1FFF7FE
S3150101BD380BFF012808D9002034F8022B53BAEC600D
S3150101BD48338070BD2F20FCE71920FAE7002313B5CC
S3150101BD58044608460DF10601ADF80630FFF7E2FF84
S3150101BD68F8B9BDF80620A061C2F308036382C2F3DC
S3150101BD78402384F82730C2F38123032B08BF042308
S3150101BD882377B3FA83F3110B5B0984F82430B1FAEB
S3150101BD9881F3C2F300225B09217584F8253084F801
S3150101BDA8262002B010BD70B5C46805460E4654B1C9
S3150101BDB8FFF7CAFE032808D9002054F8042B12BA42
S3150101BDC8EC60326070BD2F20FCE71920FAE713B544
S3150101BDD80446227F0846012A4FF000030BD101A927
S3150101BDE88DF80430FFF78CFF18B99DF8043000204F
S3150101BDF8A36102B010BD022A09D101A9ADF8043027
S3150101BE08FFF790FF0028F4D1BDF80430EFE701A947
S3150101BE180193FFF7C8FF0028EBD1019BE7E703462A
S3150101BE280022DA621A7D084610B503F12C01032AAC
S3150101BE3811D8DFE802F00C020609FFF761FF40B1EC
S3150101BE4810BDFFF76FFFFAE7FFF7ADFFF7E7C26826
S3150101BE58DA620020F4E72620F2E738B515461346DB
S3150101BE680A1E0C4618BF01220121FFF7C0FE30B98F
S3150101BE7824B128462178FFF781FE00B9002038BD93
S3150101BE8838B515460A1E18BF01220C462B46022152
S3150101BE985200FFF7ACFE30B924B128462188FFF7D5
S3150101BEA87EFE00B9002038BD38B515460A1E18BFF1
S3150101BEB801220C462B4603219200FFF798FE30B961
S3150101BEC824B128462168FFF77EFE00B9002038BD56
S3150101BED870B50C1E15464FF0000108BF00221E461B
S3150101BEE8FFF785FE38B92CB12A4621463046FFF7B8
S3150101BEF8B4FE00B9002070BD704710B500F180018C
S3150101BF080446F8F75FFA40B1012384F8803000212D
S3150101BF182046F8F751FA20B110BD94F88030002B6C
S3150101BF28F5D10020F8E713464A68012A0AD90A68B1
S3150101BF381278022A04D10A4601467C30F7F74ABA31
S3150101BF4800225A6000207047002070470020704780
S3150101BF587047704770477047704737B503460C46B7
S3150101BF68088840F203118842154604D0B0F5827F4C
S3150101BF780AD0A6200DE04FF4805301A90193FFF7DA
S3150101BF8893FF30B9002004E000229868019210B9A4
S3150101BF982F2003B030BD01A9F8F7EAF90028F8D135
S3150101BFA82A46208801A9EAE72DE9F04383680D4667
S3150101BFB8164685B01BB92F2005B0BDE8F083CA78AE
S3150101BFC842B903F17404AA78032A6DD8DFE802F0AD
S3150101BFD848041D331C46F6E700278DF80C702368C3
S3150101BFE82046DB68298803AA9847D828044602D03F
S3150101BFF848B12046E0E7394632462888FFF72DFF42
S3150101C0080028F6D0D8E703A9F6E7002723682046D2
S3150101C0185B692988ADF80C7003AA9847D8280446A4
S3150101C02803D00028E5D103A900E03946324628881C
S3150101C038FFF726FFE4E7002723682046DB692988FD
S3150101C048039703AA9847D828044603D00028D0D1D4
S3150101C05803A900E0394632462888FFF725FFCFE7CD
S3150101C068186BF9F759F94FF00008236803AA0092EA
S3150101C078D3F82890024607464FF4007320462988CB
S3150101C088CDF80C80C847D82804460BD030B93946B3
S3150101C0983346039A2888FFF71BFF04463846F9F702
S3150101C0A843F9A6E74146F3E7262085E7806808B103
S3150101C0B800F04FBA2F20704710B504461C21FFF72F
S3150101C0C869FA204610BD10B504460C21FFF762FA3C
S3150101C0D8204610BD10B504460C21FFF75BFA204630
S3150101C0E810BD10B504460C21FFF754FA204610BDC0
S3150101C0F810B504460421FFF74DFA204610BD10B5C7
S3150101C1080446006818B1237C0BB1FFF741FA0023F5
S3150101C118C4E90233C4E9003310BDF8B50C46064635
S3150101C12815461F46FFF7EBFF2CB9284600F057FCC9
S3150101C13801230446337425447560002F08BF25463B
S3150101C1483460C6E90254F8BD38B500250446C0E98C
S3150101C1580055C0E902550574FFF7DFFF204638BDD2
S3150101C1680368C0E90233012343740023C0E9083394
S3150101C17843820375836103778362C362704710B58E
S3150101C18800230446FFF7E0FF0123637400232046D9
S3150101C198C4E9083363822375A3612377A362FFF791
S3150101C1A8DFFF204610BD30B5D0F804413F2C1DD81C
S3150101C1B80025AC42D0F800310FD1234403F03F03E7
S3150101C1C820F8231000EB8305C1F300210134AA707D
S3150101C1D8E970C0F80441002030BD2B4403F03F0348
S3150101C1E830F823308B42F6D00135E2E71920F3E71F
S3150101C1F873B50D46002304460DF107012846164677
S3150101C2088DF80730FFF77CFD38B92846FFF79CFC06
S3150101C2189DF80730834202D0182002B070BD236809
S3150101C228294620461B6998470028F6D123683146D5
S3150101C23820465B699847F0E72D2070472D20704706
S3150101C2482D207047037900200B707047017100207A
S3150101C258704740F26713994204D0B1F5B47F06D00D
S3150101C268A620704702B1127802620020704712B106
S3150101C27813784362F9E70623FBE740F2671399420C
S3150101C28804D0B1F5B47F06D0A620704790F82030C6
S3150101C29800201370704790F82430F9E70B461146D0
S3150101C2A840F25112934210B41BD0B3F5A97F09D2BA
S3150101C2B8B3F5A17F0DD0B3F5A27F0FD0A6205DF806
S3150101C2C8044B704740F261129342F7D103685B6EE2
S3150101C2D801E003685B6B5DF8044B18470368DB6B88
S3150101C2E8F9E703681B6DF6E7A6207047704704381E
S3150101C2F8704714387047103870470C38704740F248
S3150101C3085113994270B5044633D0B1F5A97F07D2C5
S3150101C318B1F5A17F1CD0B1F5A27F22D0A62019E0E3
S3150101C32840F261139942F9D16ABB00F11E05022156
S3150101C338284600F071F968B9E38BB3F5805FF6D247
S3150101C34823682046E18BD3F89830BDE87040184739
S3150101C3580AB92F2070BD1188BDE870400183F7F72E
S3150101C36845BE002AF5D0BDE8704011884183F7F72B
S3150101C37865BE32B111882046A183BDE87040F7F741
S3150101C388BBBE1146F7E71388C383D9E710B504463F
S3150101C3987821FFF7FFF8204610BDA0F10400F5E763
S3150101C3A8A0F10C00F2E7A0F11000EFE7A0F11400EB
S3150101C3B8ECE70B46B3F5B17F114610B40FD040F245
S3150101C3C86312934206D0B3F5827F0ED15DF8044B11
S3150101C3D8F7F7CEBF03685DF8044B9B6E1847836A6E
S3150101C3E8002013605DF8044B7047A620FAE7F0B503
S3150101C3F80446C818059B98420FD8012602B9F0BD13
S3150101C408D30707D5CD08675D01F0070306FA03F3DC
S3150101C4183B43635501315208F0E70020EFE72DE967
S3150101C428F74F5825DDE90CBA1746002288461E46FC
S3150101C4381146032300950446DDF83890FFF7D7FF27
S3150101C44842460146102320460095FFF7D0FF3A469A
S3150101C4580146102320460095FFF7C9FF32460146DA
S3150101C468022320460095FFF7C2FF5A4601460823D3
S3150101C47820460095FFF7BBFF524601460C2320468D
S3150101C4880095FFF7B4FF4A4601461B23204600954E
S3150101C498FFF7ADFF04230146002220460C9503B0A0
S3150101C4A8BDE8F04FFFF7A3BF08B5C0E9001211B9FE
S3150101C4B80AB100F042FC08BDA0F10400F7F792BBEE
S3150101C4C870B50026044686B00D220D4602A83146EE
S3150101C4D80196E4F727DD20466B46112201A900964C
S3150101C4E8F7F74EFE044638B9009E082E13D96B6834
S3150101C4F8083EB34203D21924204606B070BD32461E
S3150101C508286803A900F00CFC6B689E4201D900F06A
S3150101C51814FC6E60F0E76860EEE7A0F10400FFF72E
S3150101C528CFBFA0F10400F7F7E3BBA0F10C00F7F7C1
S3150101C5381BBCA0F10C00F7F767BC2D207047A6209C
S3150101C5487047704710B504460421FFF723F82046C2
S3150101C55810BD00207047A0F10400F7F73BBDA0F11B
S3150101C5680400F7F749BDA0F10400F7F75BBDA0F197
S3150101C5780400F7F769BDA0F10400F7F77BBDA0F147
S3150101C5880400F7F789BDA0F10400F7F797BDA0F1FB
S3150101C5980400F7F7A5BDA0F10400F7F7B3BDA0F1B3
S3150101C5A80400F7F7C3BDA0F10C00F7F701BEA0F12E
S3150101C5B80C00F7F703BEA0F10C00F7F731BE2D20E9
S3150101C5C870472D2070472D2070472D207047002078
S3150101C5D87047002048607047A0F11000FFF7F9BFC6
S3150101C5E8A0F11000F7F744BEA0F11000F7F74CBE11
S3150101C5F8A0F11000F7F754BEA0F11000F7F780BEBD
S3150101C608A0F11400F7F7F6BE6C2070476C2070474D
S3150101C618A0F11400F7F702BF08B538B131B1FBF73C
S3150101C62837FC00280CBF0020AC2008BD2F20FCE7F1
S3150101C6382B28034612D02F2812D0A0F13002092A3D
S3150101C64802D80433D8B270474138C0B219280AD979
S3150101C658A3F16102192A05D8473BF3E73E20704742
S3150101C6683F207047FF2070472DE9F84F0C46924647
S3150101C6789946071D961CB51E2CB117F8048C404620
S3150101C688F8F772FB18B9A5EB0A0080B203E0012C91
S3150101C69803D14FF6FF70BDE8F88F4046C84780467B
S3150101C6A817F8030CC847B8F1FF0F8346F1D0FF28E5
S3150101C6B8EFD04FEA880848EA1018022C06F1FF352F
S3150101C6C806F8028CDFD017F8020C3D28DBD0C847E3
S3150101C6D8FF280546DDD0830843EA0B13032C06F828
S3150101C6E8013C11D017F8010C3D280DD0C847043C6F
S3150101C6F8FF28A4B207F1040706F10306C9D040EAE7
S3150101C708851006F8030CB6E73546BCE72DE9F84F5F
S3150101C71806460C4615469B4600274FF6FC794FF609
S3150101C728FF7A4C45A04628BFC8465B462A4630468D
S3150101C7381FFA88F1FFF798FF504506D0B4EB0804B4
S3150101C748074404D046440544EBE74FF0FF37384622
S3150101C758BDE8F88F2DE9F047054610B90020BDE877
S3150101C768F087002AFAD011F00100F7D1B1EB430F96
S3150101C778F4D80446089E05F1020C06F001068C421E
S3150101C788EDD200234FEA540E67190CEB040817F88A
S3150101C798019B1B01A9F1300ABAF1090FDBB20AD8CB
S3150101C7A8303B4B4403F0FF034745F0D102F80E3005
S3150101C7B801300234E3E7A9F1410ABAF1050F04D8B8
S3150101C7C8373B59FA83F3DBB2EEE7002EC6D1A9F15D
S3150101C7D8610ABAF1050FC1D8573BF2E7F0B5059CD5
S3150101C7E8D8B9F1B902B9E3B9C4F3400505EB410575
S3150101C7F8AB4204F002062FD314F0010F14BF4125F1
S3150101C8086125002401380A3D571C8C420BD116B10A
S3150101C818002302F814300020F0BD02B90BB9002932
S3150101C828E2DA2F20F8E790F801C04FEA1C13BCF1B0
S3150101C8389F0F86BF5B19DBB2303302F8143010F84B
S3150101C848013F03F00F03092B86BF5B19DBB23033B6
S3150101C85807F814300134D8E71920DDE713B50024A8
S3150101C8680094FFF777FF02B010BD0CB407B504AB0E
S3150101C87853F8042B0193F7F7C7FE03B05DF804EBF0
S3150101C88802B0704708B50246F7F7D6FE904234BFA3
S3150101C8980020012008BD70477047704737B501A9C7
S3150101C8A80546FBF7F0FD0446284624B1F1F77CF865
S3150101C8B8204603B030BDF0F72BFA0446F8E72D20E0
S3150101C8C870472D2070470020704770470020704738
S3150101C8D870472D207047002070472D207047002092
S3150101C8E8704740687047036853F81C3C1844406810
S3150101C8F87047FEF767BB0A680260496852F84C2C13
S3150101C9088150704748B12D2805D0C0B200F53000D5
S3150101C91840F00040704740F201207047A0F5072317
S3150101C928A3F50073B3F5A06F05D3B0F5803F2CBF0E
S3150101C9380020012070470120704710B5F6F788FBE2
S3150101C9480446FFF7DAFA2046F6F792FBFBE770474A
S3150101C95800207047704770477047704770477047A6
S3150101C96808B5EEF7BDFBFEF72BFBEEF7AFFBBDE80E
S3150101C9780840F3F759BB7047E4F7249B08B5F1F76B
S3150101C9885FFCF1F7EDFCBDE80840FCF725B908B5F0
S3150101C998F8F750FFF4F77EFCF0F732FCF3F72CFDBC
S3150101C9A8F6F706F8FEF74DFAF5F752FCF5F776FEB6
S3150101C9B8BDE80840F8F738B97047704708B5FEF77A
S3150101C9C8C4FEF8F715F9FEF7F1FE00B908BDFEF741
S3150101C9D8BBFEF8E70B4601461846F8F7ADBCFEF76C
S3150101C9E8CBBD9368013B002B936010B408DA9469B7
S3150101C9F8A34201DB0A2903D15DF8044B00F01AB8F9
S3150101CA081368581C1060084619705DF8044B704785
S3150101CA18F8B506460F461446D518AC4201D1002091
S3150101CA2807E03A4614F8011B3046FFF7DAFF431CC3
S3150101CA38F3D1F8BDF8B50E461446054618B1036A91
S3150101CA480BB9F8F713FDA369A360A3891A0701D5E1
S3150101CA58236943B921462846F8F7DCFA18B14FF09C
S3150101CA68FF373846F8BD2368F6B222693746981A60
S3150101CA786369834205DC2146284600F01BF9002833
S3150101CA88EDD1A368013BA36023685A1C22601E707D
S3150101CA98431C62699A4204D0A389DB07E1D50A2EB0
S3150101CAA8DFD12146284600F005F90028D9D0D6E775
S3150101CAB8C9B20346184613F8012B12B18A42F9D1B4
S3150101CAC87047002918BF002070472DE9F04716461F
S3150101CAD898468A6807460B690C46DDF82090934209
S3150101CAE8B8BF1346336091F843200AB10133336065
S3150101CAF82368990642BF336802333360256815F006
S3150101CB08060506D104F1190AE36832689B1AAB4294
S3150101CB182BDC94F843302268003B18BF01239206A7
S3150101CB2830D404F1430241463846C847013023D07F
S3150101CB3823681A3454F80A2C03F00603042B0ABF96
S3150101CB4854F80E5C002533684FF0000608BFED1A4C
S3150101CB5854F8123C08BF25EAE5759342C4BF9B1AEE
S3150101CB68ED18B5421AD1002008E001235246414683
S3150101CB783846C847013003D14FF0FF30BDE8F08789
S3150101CB880135C1E7E1185A1C30200233224481F8E4
S3150101CB98430094F8451082F84310C2E7012322465F
S3150101CBA841463846C8470130E6D00136D9E7B1F9D9
S3150101CBB80C202DE9F041170705460C4656D44B685A
S3150101CBC8002B02DC0B6C002B3DDDE66A002E3AD008
S3150101CBD8002312F480522F68216A2B6025D0626DD9
S3150101CBE8A389580705D56368D21A636B0BB1236C00
S3150101CBF8D21A216A0023E66A2846B047411C24D085
S3150101CC080023636023692360A389DA0400D560657B
S3150101CC18616B2F60B9B104F14403994202D02846E8
S3150101CC28FEF7BDFC002363630DE001232846B047E7
S3150101CC38461C0246D4D12B68002BD1D01D2B01D01D
S3150101CC48162B2AD12F6000202EE02A68B4F90C3060
S3150101CC5842B11D2A01D0162A21D100236360236915
S3150101CC682360D5E7626022692260CEE70F69002F4A
S3150101CC78E9D093070E680F600CBF4B690023A6EB39
S3150101CC8807088B60B8F1000FDDDD43463A46216A94
S3150101CC982846A66AB047002808DCB4F90C3043F0E7
S3150101CCA840034FF0FF30A381BDE8F0810744A8EBAB
S3150101CCB80008E7E738B50B6905460C4613B900259F
S3150101CCC8284638BD18B1036A0BB9F8F7CFFBB4F991
S3150101CCD80C30002BF3D0626ED00704D4990502D427
S3150101CCE8A06D00F03AF928462146FFF760FF636E09
S3150101CCF80546DA07E4D4A3899B05E1D4A06D00F0C2
S3150101CD082DF9DDE7C9B20346024410B59342184627
S3150101CD1801D1002003E0047801338C42F6D110BD1C
S3150101CD280A44431E914200D1704710B511F8014BCF
S3150101CD38914203F8014FF9D110BD062008B5F8F75C
S3150101CD4819FD0120FBF754FF10B56AB101398418A1
S3150101CD5810F8012B11F8013F9A4203D1A04201D0E3
S3150101CD68002AF5D1D01A10BD1046FCE70139034650
S3150101CD7810B532B111F8014F013A03F8014B002CF4
S3150101CD88F7D11A440021934200D110BD03F8011BC2
S3150101CD98F9E770B50D461446064618B1036A0BB98B
S3150101CDA8F8F764FB636ED90705D4A3899A0502D4FA
S3150101CDB8A06D00F0D2F8A3891B0701D5236973BBBE
S3150101CDC821463046F8F726F948B3636EDA0702D4E5
S3150101CDD8A3899B0529D54FF0FF3013E0A368013BD1
S3150101CDE8002BA3600FDB23685A1C2260197015F802
S3150101CDF8011F0029F2D1636ED80702D4A3899905C7
S3150101CE080FD5002070BDA269934201DB0A29EAD137
S3150101CE1822463046FFF70EFE0130E8D1D5E7013D3E
S3150101CE28E5E7A06D00F09AF8EBE7A06D00F096F83A
S3150101CE38D1E7034613F8012B002AFBD1181A013849
S3150101CE48704710B50C46B1F90E10F8F7CFFC00285A
S3150101CE58ABBF636DA3891B1823F48053ACBF63650C
S3150101CE68A38110BD2DE9F0411F468B8905460C4664
S3150101CE78DB05164605D502230022B1F90E10F8F78E
S3150101CE88A3FCA3893246B4F90E10284623F480532C
S3150101CE98A3813B46BDE8F041F8F74EBB10B50C46F8
S3150101CEA8B1F90E10F8F790FC431CA38915BF60650B
S3150101CEB823F4805343F48053A38118BFA38110BD82
S3150101CEC8B1F90E10F8F746BC2DE9F843074688462D
S3150101CED814460026D4E90195B9F1010905D5246855
S3150101CEE8002CF7D13046BDE8F883AB89012B07D968
S3150101CEF8B5F90E30013303D029463846C0470643F2
S3150101CF086835E9E70139024410B5904201D100209B
S3150101CF1805E0037811F8014FA34201D0181B10BD92
S3150101CF280130F2E7884210B501EB020402D98442C5
S3150101CF38234607D8431EA14208D011F8012B03F84D
S3150101CF48012FF8E7024401468A4200D110BD13F8C0
S3150101CF58014D02F8014DF7E770477047704770B503
S3150101CF680C46B1F90E1096B0154600291E460CDA83
S3150101CF78A389002113F0800F14BF40234FF4806366
S3150101CF88002031602B6016B070BD6A46F8F7FAFBCE
S3150101CF980028EDDB019901F47041A1F500535942CD
S3150101CFA859414FF48063EBE78B89F7B59D0706462F
S3150101CFB80C4607D504F14703236023610123636105
S3150101CFC803B0F0BD01AB6A46FFF7C9FF009F0546ED
S3150101CFD830463946FEF7E0FA48B9B4F90C309A05F4
S3150101CFE8EED423F0030343F00203A381E2E7A38905
S3150101CFF8206043F08003A381019BC4E904075BB167
S3150101D008B4F90E103046F8F7CFFB28B1A38923F0FE
S3150101D018030343F00103A381A3891D43A581CFE737
S3150101D0282DE9F0471F468E6882460C46BE42904658
S3150101D0380B682DD8B1F90C2012F4906F26D06569C9
S3150101D048096905EB4505A3EB01097B1C05EBD575BB
S3150101D0584B446D109D4238BF1D46530527D52946B8
S3150101D068FEF79AFA064660B34A462169FFF758FE62
S3150101D078A38923F4906343F08003A38126614E4477
S3150101D0886561A5EB090526603E46A560BE4200D944
S3150101D0983E46324641462068FFF744FFA368002011
S3150101D0A89B1BA360236833442360BDE8F0872A46A6
S3150101D0B8FEF778FA06460028E0D121695046FEF7BF
S3150101D0C86EFA0C234FF0FF30CAF80030A38943F0FA
S3150101D0D84003A381E9E71F2938B505460C4604D95A
S3150101D0E8162303604FF0FF3038BDC26B12B152F8F7
S3150101D0F821304BB9284600F016F822460146284642
S3150101D108BDE83840F8F784BB012B0AD0591C03D175
S3150101D118162303600120E7E70021204642F824107F
S3150101D12898470020E0E7FBF766BD00002DE9F347C4
S3150101D13817460022044699460D46C26542650029ED
S3150101D14800F0B6800B688E682BB9002E00F0B0800E
S3150101D158984646460EE0002E51D14B68102B49D010
S3150101D168182B49D0202B40F0A68010220426564BB5
S3150101D17853F822806B68182B43D0D9F80030DB07A6
S3150101D1883FD4022000F0A5FC8246E3F7AFDC4F4B02
S3150101D198E0652360E36DBBBB012000F09AFC40F218
S3150101D1A8044148F0400200F0ADFCD9F800300646CA
S3150101D1B813F0010908D04FF080524FF4816100F054
S3150101D1C8A1FC4FF0020906463046E3F78FDC404BD6
S3150101D1D8E0650C2239462360666504F5BD7000F0E9
S3150101D1E879FABAF1000F01D0E36D0BB9002E65D0BA
S3150101D1F800260BE03246BAE708221646B7E79046FB
S3150101D208A7E74FF0FF3AC5E74FF00009E36D002B99
S3150101D21857D02146AA6851F8740B9301DBB29208DB
S3150101D22843EA0273426804F15C0802F1080C01221F
S3150101D23802FA0CF2134382683343126843EA09037B
S3150101D24800924046E02200F023F9AB686BB9D5E9B3
S3150101D2580001E3F7CCDC23686A689B6801465B68D1
S3150101D268404642F0005200F0CAFB0C213846E3F76A
S3150101D278BEDC236801469B6840469B68154A00F057
S3150101D288BEFB002300220020C4E90823C4E90623C2
S3150101D29804F13403C4E90B03102323722368C4E997
S3150101D2A80300DB68A0626360A56502B0BDE8F0878B
S3150101D2B86FF02100F9E76FF04100F6E76FF0020020
S3150101D2C8F3E76FF00100F0E7ECEA010180EB0101F8
S3150101D2D830EB01010C000020F8B5C36D04460F4679
S3150101D2E8002B46D000F011FAD4E90805D4E9061352
S3150101D2F822680E1843EB0503956AAE4273F10003E2
S3150101D30805D2204600F02CFA6FF00200F8BD136928
S3150101D31804F5AA72984704F15C0640B12368A16E27
S3150101D3289B6830465B69144AE83100F068FB217A4B
S3150101D338384601F10F05E3F75BDC227A01463046EF
S3150101D34800F067FB237A25F00F05AB4206D0EA1AEE
S3150101D3580021304642F0804200F05BFB0025304651
S3150101D3684FF49371656004F1740200F065FB284678
S3150101D378CCE76FF02000C9E710000020F8B5C36DAE
S3150101D38804460E46002B7DD003685A68052A0AD140
S3150101D398C26EDB691A4206D0036923B900F0E0F9C6
S3150101D3A86FF04000F8BD204600F0AFF9D4E9080551
S3150101D3B8D4E9061322680F1843EB0503956AAF42B0
S3150101D3C873F1000305D2204600F0CAF96FF0020095
S3150101D3D8E8E7136904F5AA729847254655F85C3BAF
S3150101D3E828B39B68A16E28465B69284AE83100F093
S3150101D3F806FB6660A16E227A2846E83102F10F061C
S3150101D40800F007FB237A26F00F06B34206D0F21A7B
S3150101D4180021284642F0804200F0FBFA28464FF4E3
S3150101D428937104F1740200F007FB0020BAE71A6B45
S3150101D438002ADED09B689B6903F0C003C02B09D182
S3150101D448636E53F80C2C103B002AFAD1DA6842F0C4
S3150101D4582002DA60217A0029CCD0304601F10F0782
S3150101D468E3F7C5DB236827F00F079A68237A9269E0
S3150101D478FB1A014642EA0323284647F0005200F007
S3150101D488BEFAB7E76FF020008CE700BF1000002055
S3150101D49870B504461D46049E00F0C3FA334620467C
S3150101D4A8E1682561024ABDE8704000F0A8BA00BFEB
S3150101D4B8040000202DE9F04F0C4685B0002900F043
S3150101D4C8EA800846E3F706D80546D0E90568E3F791
S3150101D4D801DA14F808EC34F806CC1EF0010F0190B4
S3150101D4E802D0BCF1000F06D10198E3F7EED901206C
S3150101D4F805B0BDE8F08FA968D5F810B034F8049CD9
S3150101D508A1EBCC010BF10103A4F108070CF101020E
S3150101D518A9602B61B9F1000F43D04FEAC903029300
S3150101D528A7EBC903D888B3F802A0039018780EF0BF
S3150101D538020EC00725D4BEF1000F25D10398A0EB31
S3150101D5480A0EBEF1010F2CD10CF10202083952441F
S3150101D558C5F810B0A96034F802ECBEF1000F22D16A
S3150101D56814F8081C24F806EC6EF3000104F8081CEB
S3150101D578013A5A801A786EF300021A700022DA808B
S3150101D58845E0BEF1000F0CD002984A44091AA96078
S3150101D59814F8081C6FF3410104F8081C002199804D
S3150101D5A8D9E73B46D7E707EBCE0AD5E9001001EBE8
S3150101D5B80009CA450ED314F8081C013A6FF3000194
S3150101D5C804F8081C002124F8061C5A801A7861F30C
S3150101D5D80002D2E717F83E70514617F001072FD01E
S3150101D5E814F8087C013A6FF3000704F8087C002750
S3150101D5F892B224F8067C5A801A7867F300021A70E7
S3150101D608C3F107020A44C2F3CF02DA808A80002EE7
S3150101D6183FD0B3423DD37288002A08BF1E46B8F1EE
S3150101D628000F06D0434504D8B8F80220002A18BFCE
S3150101D63843460198C5E90563E3F747D9002057E74A
S3150101D648AEEB0C0EBEF1010FCAD1BAF802C0AAF8A7
S3150101D65802709444BAF80620CAB10AEBC20100273E
S3150101D6682A69013A2A61AA68083AAA6014F8082CB3
S3150101D67824F8067C6FF3000204F8082C1A78A3F83B
S3150101D68802C067F300021A700029B9D176E711467B
S3150101D698E5E71E46C3E722202AE701460020FFF7F0
S3150101D6A809BFFFF7FABFC000C90002F1080303F871
S3150101D6B8010D93424FEA1020F9D103F11002083303
S3150101D6C802F8011D9A424FEA1121F9D10120704749
S3150101D6D800207047002310B5934200D110BDCC5CE0
S3150101D6E8C4540133F8E7C26810B5044662B10F3272
S3150101D6F822F0804222F00F02002142F080425C3082
S3150101D70800F087F90023E36010BD816A38B5044644
S3150101D71809B3006B01F10F05E3F769DA236825F00F
S3150101D7280F059A68A36A1269EB1A014642EA0323AD
S3150101D73804F15C0045F0005200F061F9A16AE36861
S3150101D7480B44E360D4E908325B1842F10002C4E9EB
S3150101D75808320023A3622046BDE83840FFF7C3BF5C
S3150101D76810B50446C06DE3F789D90023E36510BDF9
S3150101D778C36D2DE9F04704460F461646002B66D0C0
S3150101D788B2F1807F05D3FFF7EBFF6FF03F00BDE8EC
S3150101D798F087D0E906352B4304D0FFF7E1FF6FF097
S3150101D7A84800F4E7836A98180F2808D8206B1844AB
S3150101D7B8FFF790FFA36A1344A3620020E7E704F188
S3150101D7C85C0AC3B11946206BE3F711DA23680146EE
S3150101D7D89B68A26A1B69504600F011F9A16AE368C0
S3150101D7E80B44E360D4E908325B1842F10002C4E94B
S3150101D7F808320023A362E568384605EB060828F0D6
S3150101D8080F09A9EB05052946E3F7F1D9236801466D
S3150101D8189B682A461B69504600F0F1F8E3682B44D8
S3150101D828E360D4E908325B1942F10002AE42C4E968
S3150101D8380832C2D0206BA8EB0902231A3C3300EB4C
S3150101D848430020637919FFF745FFA262B5E76FF037
S3150101D85820009CE72DE9F0479846C36D05468A469F
S3150101D8681446002B48D0B2F1807F05D3FFF778FF24
S3150101D8786FF03F00BDE8F087D0F81090B9F1000FBD
S3150101D88804D0FFF76DFF6FF04A00F3E7FFF73DFF9D
S3150101D8980CB90020EEE72E4621465046E3F7A7D9F3
S3150101D8A856F85C3B04F10F079B6827F00F075B6984
S3150101D8B8A7EB040A014643EA0A23304647F0005218
S3150101D8C800F09DF8D5E90623121943F10003C5E9CC
S3150101D8D80623214640462C61E3F78AD922460146A9
S3150101D8E8304600F096F8BC42D3D0494630464AF054
S3150101D8F8804200F08EF8CCE76FF02000BAE7F8B560
S3150101D908C36D0446002B3CD05C3000F017F9431C6B
S3150101D918054603D020B12046FFF722FF2846F8BD68
S3150101D928E36A002BF7D12368E66E9A69E06D164022
S3150101D93804F5AA7708D05B6AC3F14601C3F5977264
S3150101D9483944E3F751D9E6E76368B3B14623394662
S3150101D958E822E3F749D933466068217AB14204D806
S3150101D968002B18BF6FF00F05D5E7825D17F801CBBC
S3150101D978013682EA0C021343F0E72B46E8223946BF
S3150101D988DFE76FF02005C9E710B50446E06DE3F757
S3150101D998E5D82046FFF7B3FF431CF7D010BD08B5FC
S3150101D9A8C36D8BB103685A68052A07D1027A8A427F
S3150101D9B804D0FFF7D5FE6FF0420008BDDB6A8B4242
S3150101D9C8F7D801720020F8E76FF02000F5E7002388
S3150101D9D807B5019301ABFFF7A9FB03B05DF804FB9A
S3150101D9E8002313B5019301AB0446FFF79FFB20B949
S3150101D9F82268E36E12681343E36602B010BD10B5DF
S3150101DA08846821600021E360C4E90112103484604D
S3150101DA1810BD836819600121C3E9011210338360BE
S3150101DA28704710B5C0E90121044600F110010068EB
S3150101DA38E3F7DBD8E06010BD2DE9F0431546C6686A
S3150101DA48836885B00446884610220021684608364F
S3150101DA58A3F110093746E3F765DA28466B4681458E
S3150101DA682DD20121EA68696042F02002EA60AA68BA
S3150101DA78206842F00052AA609A68596042F0005241
S3150101DA889A60019D08F1080204F11001E3F7ABD888
S3150101DA98324620680021E3F798D82A4620681021E2
S3150101DAA8E3F793D8206803223421E3F795D80322B3
S3150101DAB83821206805B0BDE8F043E3F78D9842683F
S3150101DAC822B15F60034610371030C8E76F6005461B
S3150101DAD8F9E7F8B5002506462C4601272046E3F75E
S3150101DAE853D868B14FF48061E3F768D8304218BF5B
S3150101DAF807FA04F304F1010418BF1D43202CEDD1E3
S3150101DB082846F8BD2DE9F041002504460F46904601
S3150101DB182E4614B92846BDE8F081E3070BD53046F0
S3150101DB28E3F732D83946E3F749D838EA000002BFA4
S3150101DB380123B3401D4301366408EAE770B528217C
S3150101DB4805460068E3F73AD83C2106462868E3F713
S3150101DB5835D816F0240F00F0230407D0E3F74AD885
S3150101DB682868FDF75DFE6FF01F0070BD3CB9286896
S3150101DB784FF0FF323021E3F72FD82046F5E74FF072
S3150101DB88FF30F2E7C0E900210022826070470023D5
S3150101DB9820298CBF19460131C0E9003381607047DC
S3150101DBA80000000000000000000000000000000065
S3150101DBB80000000000000000F8B500BFF8BC08BC71
S3150101DBC89E467047F8B500BFF8BC08BC9E4670472B
S3150101DBD813B779FAC925DDB7ADF3CFE0F1B614B8B4
S3150101DBE80102000000000000FFFFFFFF1000000016
S3150101DBF80100000000000000000000000000000014
S3150101DC080000000000000000000000000000000004
S3150101DC1800000000000000000000000000000000F4
S3150101DC2849444C4500546D725100546D7220537626
S3150101DC3863000000512563FCC2CAB9F3849E17A784
S3150101DC48ADFAE6BCFFFFFFFFFFFFFFFF0000000083
S3150101DC58FFFFFFFFF551BF376840B6CBCE5E316B8B
S3150101DC685733CE2B169E0F7C4AEBE78E9B7F1AFE06
S3150101DC78E242E34F96C298D84539A1F4A033EB2D78
S3150101DC88817D0377F240A463E5E6BCF847422CE1BE
S3150101DC98F2D1176B4B60D2273E3CCE3BF6B053CC43
S3150101DCA8B0061D65BC86987655BDEBB3E7933AAACE
S3150101DCB8D835C65AFFFFFFFFFFFFFFFFFFFFFFFF33
S3150101DCC80000000000000000000000000100000043
S3150101DCD8FFFFFFFF0100000008DD01010000000050
S3150101DCE80000000005DD010102DD0101FFDC010182
S3150101DCF8FCDC01010B40800A3080092040081C40E8
S3150101DD080514402A864886F70D020700686D616386
S3150101DD185348413100484D41432D5348412D310066
S3150101DD282A864886F70D020800686D6163534841E2
S3150101DD3832323400484D41432D5348412D32323454
S3150101DD48002A864886F70D020900686D6163534802
S3150101DD584132353600484D41432D5348412D32351F
S3150101DD6836002A864886F70D020A00686D616353F3
S3150101DD78484133383400484D41432D5348412D33E9
S3150101DD883834002A864886F70D020B00686D6163EF
S3150101DD9853484135313200484D41432D5348412DB0
S3150101DDA8353132002B0E03021A0069642D7368613D
S3150101DDB831006086480165030402040069642D7314
S3150101DDC86861323234006086480165030402010044
S3150101DDD869642D73686132353600608648016503C9
S3150101DDE80402020069642D73686133383400608660
S3150101DDF8480165030402030069642D7368613531BD
S3150101DE0832002B0E03020700646573434243004443
S3150101DE1845532D434243002A864886F70D030700D9
S3150101DE286465732D656465332D63626300444553E7
S3150101DE382D454445332D4342430060864801650318
S3150101DE48040102006165733132382D636263004151
S3150101DE5845533132382D43424300608648016503F3
S3150101DE68040116006165733139322D63626300411C
S3150101DE7845533139322D43424300608648016503D2
S3150101DE8804012A006165733235362D6362630041E7
S3150101DE9845533235362D434243002A8648CE3D0342
S3150101DEA8010700736563703235367231002A864877
S3150101DEB886F70D01010100727361456E637279700E
S3150101DEC874696F6E00525341002A8648CE3D02019C
S3150101DED80069642D65635075626C69634B657900E8
S3150101DEE847656E65726963204543206B6579002B29
S3150101DEF88104010C0069642D65634448004543208A
S3150101DF086B657920666F722045434448002A864825
S3150101DF18CE3D04010065636473612D776974682DCB
S3150101DF285348413100454344534120776974682078
S3150101DF3853484131002A8648CE3D040301006563F1
S3150101DF486473612D776974682D53484132323400FF
S3150101DF584543445341207769746820534841323215
S3150101DF6834002A8648CE3D04030200656364736161
S3150101DF782D776974682D5348413235360045434436
S3150101DF885341207769746820534841323536002A4E
S3150101DF988648CE3D0403030065636473612D776981
S3150101DFA874682D534841333834004543445341205D
S3150101DFB87769746820534841333834002A8648CE34
S3150101DFC83D0403040065636473612D776974682DE3
S3150101DFD853484135313200454344534120776974E9
S3150101DFE8682053484135313200616E79506F6C6949
S3150101DFF8637900416E7920506F6C696379002B064C
S3150101E0080105050703010069642D6B702D7365729E
S3150101E0187665724175746800544C532057656220C0
S3150101E0285365727665722041757468656E746963A4
S3150101E0386174696F6E002B06010505070302006904
S3150101E048642D6B702D636C69656E74417574680016
S3150101E058544C532057656220436C69656E7420419F
S3150101E068757468656E7469636174696F6E002B06F0
S3150101E0780105050703030069642D6B702D636F6440
S3150101E088655369676E696E6700436F6465205369F5
S3150101E098676E696E67002B060105050703040069AA
S3150101E0A8642D6B702D656D61696C50726F74656352
S3150101E0B874696F6E00452D6D61696C2050726F74BC
S3150101E0C8656374696F6E002B060105050703080070
S3150101E0D869642D6B702D74696D655374616D706911
S3150101E0E86E670054696D65205374616D70696E6759
S3150101E0F8002B060105050703090069642D6B702DBF
S3150101E1084F4353505369676E696E67004F435350C6
S3150101E118205369676E696E67002B0601040182E463
S3150101E12825010069642D6B702D776973756E2D66EE
S3150101E138616E2D6465766963650057692D53554E80
S3150101E14820416C6C69616E6365204669656C642062
S3150101E15841726561204E6574776F726B202846415D
S3150101E1684E2900551D130069642D63652D6261737E
S3150101E1786963436F6E73747261696E747300426188
S3150101E18873696320436F6E73747261696E74730088
S3150101E198551D0F0069642D63652D6B65795573618D
S3150101E1A8676500551D250069642D63652D657874BC
S3150101E1B84B6579557361676500457874656E646564
S3150101E1C864204B657920557361676500551D1100FA
S3150101E1D869642D63652D7375626A656374416C742F
S3150101E1E84E616D65005375626A65637420416C748D
S3150101E1F8204E616D65006086480186F8420101007D
S3150101E20869642D6E657473636170652D63657274D6
S3150101E21874797065004E6574736361706520436531
S3150101E228727469666963617465205479706500550C
S3150101E2381D200069642D63652D63657274696669BC
S3150101E24863617465506F6C696369657300436572CF
S3150101E258746966696361746520506F6C6963696580
S3150101E2687300551D0E0069642D63652D7375626A08
S3150101E2786563744B65794964656E74696669657226
S3150101E288005375626A656374204B65792049646533
S3150101E2986E74696669657200551D230069642D638B
S3150101E2A8652D617574686F726974794B657949640D
S3150101E2B8656E74696669657200417574686F72691C
S3150101E2C87479204B6579204964656E746966696557
S3150101E2D872005504030069642D61742D636F6D6DB8
S3150101E2E86F6E4E616D6500436F6D6D6F6E204E6188
S3150101E2F86D6500434E005504060069642D61742D50
S3150101E308636F756E7472794E616D6500436F756ED3
S3150101E318747279005504070069642D61742D6C6F57
S3150101E32863616C697479004C6F63616C6974790016
S3150101E3385504080069642D61742D7374617465004F
S3150101E34853746174650053540055040A0069642DB8
S3150101E35861742D6F7267616E697A6174696F6E4E48
S3150101E368616D65004F7267616E697A6174696F6E75
S3150101E378004F0055040B0069642D61742D6F726796
S3150101E388616E697A6174696F6E616C556E69744EF5
S3150101E398616D65004F726720556E6974004F5500AE
S3150101E3A82A864886F70D01090100656D61696C4187
S3150101E3B864647265737300452D6D61696C206164CE
S3150101E3C86472657373005504050069642D61742DC2
S3150101E3D873657269616C4E756D626572005365721A
S3150101E3E869616C206E756D6265720055041000696C
S3150101E3F8642D61742D706F7374616C416464726507
S3150101E408737300506F7374616C2061646472657310
S3150101E41873005504110069642D61742D706F73744D
S3150101E428616C436F646500506F7374616C20636F2F
S3150101E4386465005504040069642D61742D73757250
S3150101E4484E616D65005375726E616D6500534E00BF
S3150101E45855042A0069642D61742D676976656E4EC6
S3150101E468616D6500476976656E206E616D65004768
S3150101E4784E0055042B0069642D61742D696E69740A
S3150101E48869616C7300496E697469616C730055043D
S3150101E4982C0069642D61742D67656E6572617469F5
S3150101E4A86F6E5175616C69666965720047656E655E
S3150101E4B8726174696F6E207175616C6966696572DD
S3150101E4C80055040C0069642D61742D7469746C65B9
S3150101E4D8005469746C650055042E0069642D6174D4
S3150101E4E82D646E5175616C6966696572004469735B
S3150101E4F874696E67756973686564204E616D652017
S3150101E5087175616C696669657200550441006964D2
S3150101E5182D61742D70736575646F6E796D00507315
S3150101E5286575646F6E796D000992268993F22C647B
S3150101E53801010069642D7569640055736572204985
S3150101E54864000992268993F22C6401190069642DE4
S3150101E558646F6D61696E436F6D706F6E656E740080
S3150101E568446F6D61696E20636F6D706F6E656E7450
S3150101E5780044430055042D0069642D61742D756E9F
S3150101E588697175654964656E74696669657200556F
S3150101E5986E69717565204964656E74696669657226
S3150101E5A800000000A2DE010108000000ABDE010146
S3150101E5B8ABDE0101030000000000000000000000BD
S3150101E5C8000000000000000000000000B5DE0101A6
S3150101E5D809000000BFDE0101CDDE010101000000D5
S3150101E5E8D1DE010107000000D9DE0101E8DE0101E2
S3150101E5F802000000F7DE010105000000FDDE010150
S3150101E60805DF010103000000000000000000000011
S3150101E61800000000000000000000000015DF0101F4
S3150101E628070000001DDF01012DDF010105040000BE
S3150101E6383DDF01010800000046DF010158DF010144
S3150101E648080400006ADF01010800000073DF010107
S3150101E65885DF01010904000097DF010108000000B7
S3150101E668A0DF0101B2DF01010A040000C4DF0101D3
S3150101E67808000000CDDF0101DFDF01010B04000005
S3150101E688000000000000000000000000000000007A
S3150101E698000000004F70617175650045434453419F
S3150101E6A80045435F44480045430000000700000058
S3150101E6B89CE60101B7740101AB7401010000000078
S3150101E6C8C1C30001000000000000000000000000B5
S3150101E6D80000000000000000000000000700000023
S3150101E6E89CE60101B77401019B7401013DC5000155
S3150101E6F8E57401010000000000000000B9C5000130
S3150101E70800000000000000000000000000000000F9
S3150101E718505341004B455900000000007BFF80B072
S3150101E72879FF80B078FF80B176FF00B16CFF00B345
S3150101E7386BFF00B2202C3D2B3C3E233B225C005251
S3150101E7480073746174654F7250726F76696E636591
S3150101E7584E616D6500000000FBE201010200000047
S3150101E768DAE201010C000000E4E201010A000000FD
S3150101E778DAE201010C00000080DE0101010000005E
S3150101E788FEE201011300000008E301010B0000008C
S3150101E798FEE201011300000079E301010100000015
S3150101E7A851E301010C0000005BE3010110000000C7
S3150101E7B851E301010C00000073F30101010000009E
S3150101E7C81CE301010C00000026E301010800000019
S3150101E7D81CE301010C00000047E7010101000000EB
S3150101E7E8A8E3010116000000A5E3010102000000EA
S3150101E7F87BE301010C00000085E30101160000001D
S3150101E8087BE301010C0000004EE301010200000057
S3150101E81838E301010C00000049E70101130000007A
S3150101E82838E301010C000000B2E301010C0000000C
S3150101E838A8E3010116000000D8E301010C0000005C
S3150101E848CEE3010113000000FDE301010D00000003
S3150101E858F3E301011300000024E401010A000000A9
S3150101E8681AE4010113000000E9E401010B000000AB
S3150101E878DFE4010113000000D3E4010105000000F2
S3150101E888C9E401010C00000045E40101070000008B
S3150101E8983BE401010C00000055E4010102000000FE
S3150101E8A83BE401010C00000062E4010109000000DA
S3150101E8B858E401010C00000077E40101020000009F
S3150101E8C858E401010C00000084E40101080000007C
S3150101E8D87AE401010C0000001CE5010109000000B0
S3150101E8E812E501010C000000A0E40101130000007A
S3150101E8F896E401010C00000058E501010F00000032
S3150101E9084AE501011600000079E50101020000004E
S3150101E9184AE50101160000000000000000000000A0
S3150101E92800000000050000002A864886F70D010946
S3150101E9380E002D2D2D2D2D454E442043455254496A
S3150101E94846494341544520524551554553542D2D68
S3150101E9582D2D2D0A002D2D2D2D2D424547494E20B0
S3150101E9684345525449464943415445205245515517
S3150101E9784553542D2D2D2D2D0A0000004500010169
S3150101E9884D960101A9000101F50001013B9701011C
S3150101E99837970101159701016F960101D796010173
S3150101E9A8A9960101719601013400000003020203CF
S3150101E9B8000000C1059ED8367CD5073070DD17F7F2
S3150101E9C80E5939FFC00B316858151164F98FA7BE65
S3150101E9D8FA4FA4006A09E667BB67AE853C6EF37216
S3150101E9E8A54FF53A510E527F9B05688C1F83D9AB0A
S3150101E9F85BE0CD1900CBBB9D5DC1059ED8629A2905
S3150101EA082A367CD5079159015A3070DD17152FEC35
S3150101EA18D8F70E593967332667FFC00B318EB44AC9
S3150101EA288768581511DB0C2E0D64F98FA747B54870
S3150101EA381DBEFA4FA4006A09E667F3BCC908BB679C
S3150101EA48AE8584CAA73B3C6EF372FE94F82BA54F9B
S3150101EA58F53A5F1D36F1510E527FADE682D19B051E
S3150101EA68688C2B3E6C1F1F83D9ABFB41BD6B5BE0E9
S3150101EA78CD19137E217900141C20304067452301E5
S3150101EA88EFCDAB8998BADCFE10325476C3D2E1F0E8
S3150101EA980000000000000000000000000000000066
S3150101EAA8000000008D92928C8C8B8BFFFFFFFF007B
S3150101EAB8000000FFFFFFFFFFFFFFFFBCE6FAADA75E
S3150101EAC8179E84F3B9CAC2FC6325510010000000E0
S3150101EAD85F00000002000000140000001A00000097
S3150101EAE87274740000000001FFFFFFFFFFFFFFFFC3
S3150101EAF8FFFFFFFFFFFFFFFFFFFFFFFFFFFFFFFF16
S3150101EB08FFFFFFFF00000002FFFFFFFFFFFFFFFFFF
S3150101EB18FFFFFFFFFFFFFFFFFFFFFFFFFFFFFFFFF5
S3150101EB28FFFFFFFF000000040100000006000000CE
S3150101EB3864EB010100000000AFD60101E1270101E3
S3150101EB482000000010000000100000002000000055
S3150101EB580000000001000000000000001100000093
S3150101EB681108000011280000000000004100000002
S3150101EB780100000001000000010000000000000082
S3150101EB88C4EB0101B4EB0101D9D601010000000072
S3150101EB980000000000000000100000000000000055
S3150101EBA80100000010000000010000000000000043
S3150101EBB8000000000000000000000000160000002F
S3150101EBC81610000036300000000000004600000063
S3150101EBD806000000C6000000200600000002000031
S3150101EBE80004000040000000800000004000000011
S3150101EBF8900000000528010110060000000200002E
S3150101EC080004000030000000800000004000000000
S3150101EC189000000005280101080600000002000015
S3150101EC280004000020000000400000002000000050
S3150101EC384800000005280101040600000002000041
S3150101EC48000400001C000000400000002000000034
S3150101EC584800000005280101020600000002000023
S3150101EC680004000014000000400000001400000028
S3150101EC784800000005280101130000006300000097
S3150101EC88A3000000030000005465726D696E616C92
S3150101EC9800000000000000545452205245474745E0
S3150101ECA85300253034580023304330342530325847
S3150101ECB8253032582530325825303258004D617485
S3150101ECC87465722044657669636500434E3D257313
S3150101ECD82C20312E332E362E312E342E312E33372A
S3150101ECE83234342E322E313D25732C20312E332EDA
S3150101ECF8362E312E342E312E33373234342E322EEE
S3150101ED08323D2573000102040000000000000000E5
S3150101ED1861BF0101F9C00101DD33010100000000F4
S3150101ED28000000005FBF0101C1C00101F930010105
S3150101ED3855BF010129320101793101016D32010103
S3150101ED4863BF010100000000000000005DBF010171
S3150101ED58CFC0010151BF010155BF0101293201018D
S3150101ED687931010181330101B1BF010100000000BF
S3150101ED78000000005BBF0101DDC00101B5C0010151
S3150101ED8855BF01012932010179310101FD32010123
S3150101ED98B1BF0101000000000000000059BF0101D7
S3150101EDA8EBC0010151BF010155BF01012932010121
S3150101EDB879310101E9320101B1BF0101256400304F
S3150101EDC830303030303030000000000000000000E3
S3150101EDD8F5C2010195C301015BC2010183C20101AA
S3150101EDE807C30101A5C2010115360101BBC3010111
S3150101EDF8F1C20101F1C20101813601019538010111
S3150101EE08DD3F0101014001012D400101514001018F
S3150101EE187D400101A1400101C5400101E94001010E
S3150101EE280D41010135410101ED3B0101C9C4010151
S3150101EE38F93C0101C541010129420101CFC5010180
S3150101EE48713D0101113E0101DBC501017942010152
S3150101EE5891420101A9420101094301012544010127
S3150101EE6811C60101FD430101B9410101C7C50101ED
S3150101EE78FCFFFFFF00000000F7C20101A3C3010166
S3150101EE886FC5010167C501017FC5010177C501018A
S3150101EE9897C501018FC5010187C501015FC501013A
S3150101EEA8C1C4010123C501019FC50101A7C501010D
S3150101EEB82BC5010141C2010145C2010149C2010135
S3150101EEC84DC2010155C2010105360101F4FFFFFFDA
S3150101EED80000000003C30101A9C30101B7C501016E
S3150101EEE8AFC50101BFC5010133C501013BC501011A
S3150101EEF8D3C50101CBC50101F0FFFFFF00000000E9
S3150101EF08FFC20101AFC30101E9C50101E1C5010162
S3150101EF18F9C50101F1C5010101C60101ECFFFFFFB7
S3150101EF2800000000FBC20101B5C3010119C60101B7
S3150101EF3809C6010115C60101040004002D002D00B1
S3150101EF48252E3473252E3273252E327300496E769A
S3150101EF58616C6964206D616E756661637475726948
S3150101EF686E6720646174653A202573005531424202
S3150101EF78533055795543424C5A586B675532467346
S3150101EF8864413D3D0075574677717567444E47693A
S3150101EF9845636B2F706F374B4877774D7777715A82
S3150101EFA8674E313058757942616A504775797A5594
S3150101EFB845562F69726565346C4F72616F354775B0
S3150101EFC8776E6C513635434A7A62655542343973DF
S3150101EFD8333145482B4E456B67304A5649354D47BE
S3150101EFE84351474D4D542F535250464E524F446D3E
S3150101EFF83377482F4D4269656875466336464A2F08
S3150101F0084E4836526D7A773D3D00001122334455FB
S3150101F01866778899AABBCCDDEEFF000000000000E7
S3150101F028000000004BC501014DC50101013F010168
S3150101F038853E010143C5010143C5010143C50101DD
S3150101F04843C5010147C5010147C50101D13E010179
S3150101F0589D3E010125732C20616464723A3078253D
S3150101F0683036782B253033752C2073697A653A2524
S3150101F0787500544553545F56455253494F4E0076D0
S3150101F088616C7565203C3D206B4D617844697363FC
S3150101F09872696D696E61746F7256616C7565002569
S3150101F0A8733A25642066616C73653A20256C78008C
S3150101F0B847657443657274696669636174696F6EDC
S3150101F0C84465636C61726174696F6E00476574505A
S3150101F0D8726F647563744174746573746174696F6D
S3150101F0E86E496E7465726D656469617465436572AD
S3150101F0F8740047657444657669636541747465731B
S3150101F108746174696F6E43657274005369676E57EA
S3150101F1186974684465766963654174746573746174
S3150101F12874696F6E4B65792C206B69643A25752C68
S3150101F138206D73675F73697A653A25752C20736942
S3150101F148675F73697A653A25752C206572723A305B
S3150101F1587825303278002D000000494E0000424CD6
S3150101F16845004D4C0000534D0000454D0000544CDF
S3150101F178560041534E004352000043544C00414C42
S3150101F18800005343000042445800444D470044439C
S3150101F19800004444000045434800465000004E50D3
S3150101F1A8000053440000535000005357550046537D
S3150101F1B80000545300004842000043534C00455691
S3150101F1C84C0053505400544F4F005A434C00534876
S3150101F1D80000444C000053504C0053565200444918
S3150101F1E85300494D0000545354004F5353004154A1
S3150101F1F84D0043534D0049434400465300005041D5
S3150101F208460043414D004A46000041424F52543A95
S3150101F21820636869703A3A506C6174666F726D3A27
S3150101F2283A257328292063616C6C656420626566D9
S3150101F2386F726520636869703A3A506C6174666FDA
S3150101F248726D3A3A4D656D6F7279496E69742829FD
S3150101F2580A0041424F52543A20636869703A3A505A
S3150101F2686C6174666F726D3A3A4D656D6F72794963
S3150101F2786E697428292063616C6C656420747769E9
S3150101F28863652E0A004D656D6F7279416C6C6F630A
S3150101F298004D656D6F727946726565004661696CE7
S3150101F2A8656420746F20696D706F72742061206BBB
S3150101F2B86579206572726F723A256C640A000000DD
S3150101F2C8000000000000000000000000000000002E
S3150101F2D8000000000000000000000000000000001E
S3150101F2E8000000000000000000000000000000000E
S3150101F2F800000000000000000000000000000000FE
S3150101F308000000000000000000000000554701014F
S3150101F318C7C80101CBC80101CFC80101EBC8010169
S3150101F328D3C80101D5C80101D9C80101DBC8010149
S3150101F338DFC80101E3C8010191470101A54701019F
S3150101F348DD470101E7C80101FBC80101494701017F
S3150101F3587947010150726F766973696F6E2054613D
S3150101F368736B00232D302B2000686C4C0065666792
S3150101F378454647003031323334353637383941421B
S3150101F38843444546003031323334353637383961ED
S3150101F3986263646566000020202020202020202049
S3150101F3A82828282828202020202020202020202025
S3150101F3B82020202020202088101010101010101055
S3150101F3C81010101010101004040404040404040499
S3150101F3D80410101010101010414141414141010121
S3150101F3E801010101010101010101010101010101FD
S3150101F3F8010110101010101042424242424202020B
S3150101F40802020202020202020202020202020202CC
S3150101F4180202101010102000000000000000000078
S3150101F42800000000000000000000000000000000CC
S3150101F43800000000000000000000000000000000BC
S3150101F44800000000000000000000000000000000AC
S3150101F458000000000000000000000000000000009C
S3150101F468000000000000000000000000000000008C
S3150101F478000000000000000000000000000000007C
S3150101F488000000000000000000000000000000006C
S30D0101F498000000000000000064
S30D0101F4A09C177E7F01000000AB
S3110101F4A8B4F40101287B0020E7020000FA
S3150101F4B400000000AAAAAAAA370000002D0F8000A5
S3150101F4C40B8901010B8901011189010111890101CC
S3150101F4D480D5430280D1F00880D543020080000023
S3150101F4E400F04902607B00200070290100A00000A0
S3150101F4F4044A0020C8000000FE00000000000000CC
S3150101F50494E9010184E9010102000000A835002002
S3150101F514000005009C7B0020E8EA010101000000CE
S3150101F524A526010100000000F5AF0101000000005C
S3150101F534DFAF0101110000000000000000000041DD
S3150101F544000000000100000000400041000000002D
S3150101F554D8ED010180EE010100000000DCEE01019C
S3150101F56408EF01012CEF0101000000000000000079
S3150101F574000000000000000000000000000000007F
S3150101F584000200000000000000000000000000006D
S3150101F594000000000000000000000000000000005F
S3150101F5A4000000000000000000000000000000004F
S3150101F5B4000000000000000000000000000000003F
S3150101F5C4000000002CF001010000000018ED01010A
S3150101F5D4010000008C7B0020547C00200000000007
S3150101F5E4145800207C580020E45800200000000033
S3150101F5F400000000000000000000000000000000FF
S3150101F60400000000000000000000000000000000EE
S3150101F61400000000000000000000000000000000DE
S3150101F62400000000000000000000000003000000CB
S3150101F634145800200C000000000002047DB50101EC
S3150101F64435B0000161300101D93501011D480101BE
S3150101F6540DB00001000000000000000000000000E0
S3150101F664000000000000000000000000000000008E
S3150101F674000000000000000000000000000000007E
S3150101F684000000000000000000000000000000006E
S3150101F694000000000000000000000000000000005E
S3150101F6A4000000000000000000000000000000004E
S3150101F6B4000000000000000000000000000000003E
S3150101F6C4000000000000000000000000000000002E
S3150101F6D4000000000000000000000000000000001E
S3150101F6E4000000000000000000000000000000000E
S3150101F6F400000000000000000000000000000000FE
S3150101F70400000000000000000000000000000000ED
S3150101F71400000000000000000000000000000000DD
S3150101F72400000000000000000000000000000000CD
S3150101F73400000000000000000000000000000000BD
S3150101F74400000000000000000000000000000000AD
S3150101F754000000000000000000000000000000009D
S3150101F764000000000000000000000000000000008D
S3150101F774000000000000000000000000000000007D
S3150101F784000000000000000000000000000000006D
S3150101F794000000000000000000000000000000005D
S3150101F7A4000000000000000000000000000000004D
S3150101F7B4000000000000000000000000000000003D
S3150101F7C4000000000000000000000000000000002D
S3150101F7D4000000000000000000000000000000001D
S3150101F7E4000000000000000000000000000000000D
S3150101F7F400000000000000000000000000000000FD
S3150101F80400000000000000000000000000000000EC
S3150101F81400000000000000000000000000000000DC
S3150101F82400000000000000000000000000000000CC
S3150101F83400000000000000000000000000000000BC
S3150101F84400000000000000000000000000000000AC
S3150101F854000000000000000000000000000000009C
S3150101F864000000000000000000000000000000008C
S3150101F874000000000000000000000000000000007C
S3150101F884000000000000000000000000000000006C
S3150101F894000000000000000000000000000000005C
S3150101F8A4000000000000000000000000000000004C
S3150101F8B4000000000000000000000000000000003C
S3150101F8C4000000000000000000000000000000002C
S3150101F8D4000000000000000000000000000000001C
S3150101F8E4000000000000000000000000000000000C
S3150101F8F400000000000000000000000000000000FC
S3150101F90400000000000000000000000000000000EB
S3150101F91400000000000000000000000000000000DB
S3150101F92400000000000000000000000000000000CB
S3150101F93400000000000000000000000000000000BB
S3150101F94400000000000000000000000000000000AB
S3150101F954000000000000000000000000000000009B
S3150101F964000000000000000000000000000000008B
S3150101F974000000000000000000000000000000007B
S3150101F984000000000000000000000000000000006B
S3150101F994000000000000000000000000000000005B
S3150101F9A4000000000000000000000000000000004B
S3150101F9B4000000000000000000000000000000003B
S3150101F9C4000000000000000000000000000000002B
S3150101F9D4000000000000000000000000000000001B
S3150101F9E4000000000000000000000000000000000B
S3150101F9F400000000000000000000000000000000FB
S3150101FA0400000000000000000000000000000000EA
S3150101FA1400000000000000000000000000000000DA
S3150101FA2400000000000000000000000000000000CA
S3150101FA3400000000000000000000000000000000BA
S3150101FA4400000000000000000000000000000000AA
S3150101FA54000000000000000000000000000000009A
S3150101FA64000000000000000000000000000000008A
S3150101FA74000000000000000000000000000000007A
S3150101FA84000000000000000000000000000000006A
S3150101FA94000000000000000000000000000000005A
S3150101FAA4000000000000000000000000000000004A
S3150101FAB4000000000000000000000000000000003A
S3150101FAC4000000000000000000000000000000002A
S3150101FAD4000000000000000000000000000000001A
S3150101FAE4000000000000000000000000000000000A
S3150101FAF400000000000000000000000000000000FA
S3150101FB0400000000000000000000000000000000E9
S3150101FB1400000000000000000000000000000000D9
S3150101FB2400000000000000000000000000000000C9
S3150101FB3400000000000000000000000000000000B9
S3150101FB4400000000000000000000000000000000A9
S3150101FB540000000000000000000000000000000099
S3150101FB640000000000000000000000000000000089
S3150101FB740000000000000000000000000000000079
S3150101FB840000000000000000000000000000000069
S3150101FB940000000000000000000000000000000059
S3150101FBA40000000000000000000000000000000049
S3150101FBB40000000000000000000000000000000039
S3150101FBC40000000000000000000000000000000029
S3150101FBD40000000000000000000000000000000019
S3150101FBE40000000000000000000000000000000009
S3150101FBF400000000000000000000000000000000F9
S3150101FC0400000000000000000000000000000000E8
S3150101FC1400000000000000000000000000000000D8
S3150101FC2400000000000000000000000000000000C8
S3150101FC3400000000000000000000000000000000B8
S3150101FC4400000000000000000000000000000000A8
S3150101FC540000000000000000000000000000000098
S3150101FC640000000000000000000000000000000088
S3150101FC740000000000000000000000000000000078
S3150101FC840000000000000000000000000000000068
S3150101FC940000000000000000000000000000000058
S3150101FCA40000000000000000000000000000000048
S3150101FCB40000000000000000000000000000000038
S3150101FCC40000000000000000000000000000000028
S3150101FCD40000000000000000000000000000000018
S3150101FCE40000000000000000000000000000000008
S3150101FCF400000000000000000000000000000000F8
S3150101FD0400000000000000000000000000000000E7
S3150101FD1400000000000000000000000000000000D7
S3150101FD2400000000000000000000000000000000C7
S3150101FD3400000000000000000000000000000000B7
S3150101FD4400000000000000000000000000000000A7
S3150101FD540000000000000000000000000000000097
S3150101FD640000000000000000000000000000000087
S3150101FD740000000000000000000000000000000077
S3150101FD840000000000000000000000000000000067
S3150101FD940000000000000000000000000000000057
S3150101FDA40000000000000000000000000000000047
S3150101FDB40000000000000000000000000000000037
S3150101FDC40000000000000000000000000000000027
S3150101FDD40000000000000000000000000000000017
S3150101FDE40000000000000000000000000000000007
S3150101FDF400000000000000000000000000000000F7
S3150101FE0400000000000000000000000000000000E6
S3150101FE1400000000000000000000000000000000D6
S3150101FE2400000000000000000000000000000000C6
S3150101FE3400000000000000000000000000000000B6
S3150101FE4400000000000000000000000000000000A6
S3150101FE540000000000000000000000000000000096
S3150101FE640000000000000000000000000000000086
S3150101FE740000000000000000000000000000000076
S3150101FE840000000000000000000000000000000066
S3150101FE940000000000000000000000000000000056
S3150101FEA40000000000000000000000000000000046
S3150101FEB40000000000000000000000000000000036
S3150101FEC40000000000000000000000000000000026
S3150101FED40000000000000000000000000000000016
S3150101FEE40000000000000000000000000000000006
S3150101FEF400000000000000000000000000000000F6
S3150101FF0400000000000000000000000000000000E5
S3150101FF1400000000000000000000000000000000D5
S3150101FF2400000000000000000000000000000000C5
S3150101FF3400000000000000000000000000000000B5
S3150101FF4400000000000000000000000000000000A5
S3150101FF540000000000000000000000000000000095
S3150101FF640000000000000000000000000000000085
S3150101FF740000000000000000000000000000000075
S3150101FF840000000000000000000000000000000065
S3150101FF940000000000000000000000000000000055
S3150101FFA40000000000000000000000000000000045
S3150101FFB40000000000000000000000000000000035
S3150101FFC40000000000000000000000000000000025
S3150101FFD40000000000000000000000000000000015
S3150101FFE40000000000000000000000000000000005
S3150101FFF400000000000000000000000000000000F5
S3150102000400000000000000000000000000000000E3
S3150102001400000000000000000000000000000000D3
S3150102002400000000000000000000000000000000C3
S3150102003400000000000000000000000000000000B3
S31101020044000000000000000000000000A7
S70501018C1953
