S01C00006275696C642F64656275672F67656E657261746F722E7333379C
S31501000000203200204D0000110102001101020011F1
S315010000100102001101020011010200110102001189
S315010000200102001101020011010200110102001179
S315010000300102001178DC0101010200110102001127
S3150100004000000011008000010080000068485C4B40
S315010000507844D0F800C04668C3F808C0326882F315
S315010000608888584A584C96605A6A42F400225A6265
S31501000070564ADA60D3F88C2042F4406242F001021B
S31501000080C3F88C2000234FF0FF32214641F823208C
S315010000900133102BFAD14FF450424D4BFF219A6692
S315010000A001224C4B4C4CC3F89011C3F83021C4F8D3
S315010000B070118068B0F5003F7DD007D8B0F5004FCC
S315010000C00DD0B0F5803F09D0002208E0B0F5802FB1
S315010000D073D0B0F5002FF7D1052200E002224FF0D0
S315010000E0FF31C3F86422C3F8701233465C680126F7
S315010000F04FF01009394FDFF8FCE0DFF8FC803200E1
S315010001003B461A60320073461A601A6802EA060212
S31501000110002AFAD14FF41047314D2B463A461A6060
S3150100012007F1A2476FF48018DFF8D0E007F583578F
S315010001303B460A461A60734642461A60294DA7F5A0
S315010001405E6729462CF07F43B3FBF0F3202B05D9DC
S31501000150A3F120034FF0FF320A6008E04FF00102DD
S315010001609A406FEA02020A604FF0FF33FFE701F19E
S315010001700401B942EADD1C490B4632001A601B49EB
S315010001806408640002220B461A6000200021002246
S3150100019000230025002600275FF000085FF0000914
S315010001A05FF0000A5FF0000B5FF0000CBFF34F8FAA
S315010001B0BFF36F8F2447032291E704228FE700BF25
S315010001C000ED00E000ED02E080E300E00020FA052A
S315010001D0005080400090005100A00051185083400B
S315010001E0686080407492005170930051D0ED00E038
S315010001F0ECFFFFFF18D0854014C0854064A0005174
S31501000200FEE7000000000000000000000000000002
S3150100021000000000000000000000000000000000D7
S3150100022000000000000000000000000000000000C7
S3150100023000000000000000000000000000000000B7
S3150100024000000000000000000000000000000000A7
S315010002500000000000000000000000000000000097
S315010002600000000000000000000000000000000087
S315010002700000000000000000000000000000000077
S315010002800000000000000000000000000000000067
S315010002900000000000000000000000000000000057
S315010002A00000000000000000000000000000000047
S315010002B00000000000000000000000000000000037
S315010002C00000000000000000000000000000000027
S315010002D00000000000000000000000000000000017
S315010002E00000000000000000000000000000000007
S315010002F000000000000000000000000000000000F7
S3150100030000000000000000000000000000000000E6
S3150100031000000000000000000000000000000000D6
S3150100032000000000000000000000000000000000C6
S3150100033000000000000000000000000000000000B6
S3150100034000000000000000000000000000000000A6
S315010003500000000000000000000000000000000096
S315010003600000000000000000000000000000000086
S315010003700000000000000000000000000000000076
S315010003800000000000000000000000000000000066
S315010003900000000000000000000000000000000056
S315010003A00000000000000000000000000000000046
S315010003B00000000000000000000000000000000036
S315010003C00000000000000000000000000000000026
S315010003D00000000000000000000000000000000016
S315010003E00000000000000000000000000000000006
S315010003F000000000000000000000000000000000F6
S3150100040000000000000000000000000000000000E5
S3150100041000000000000000000000000000000000D5
S3150100042000000000000000000000000000000000C5
S3150100043000000000000000000000000000000000B5
S3150100044000000000000000000000000000000000A5
S315010004500000000000000000000000000000000095
S315010004600000000000000000000000000000000085
S315010004700000000000000000000000000000000075
S315010004800000000000000000000000000000000065
S315010004900000000000000000000000000000000055
S315010004A00000000000000000000000000000000045
S315010004B00000000000000000000000000000000035
S315010004C00000000000000000000000000000000025
S315010004D00000000000000000000000000000000015
S315010004E00000000000000000000000000000000005
S315010004F000000000000000000000000000000000F5
S3150100050000000000000000000000000000000000E4
S3150100051000000000000000000000000000000000D4
S3150100052000000000000000000000000000000000C4
S3150100053000000000000000000000000000000000B4
S3150100054000000000000000000000000000000000A4
S315010005500000000000000000000000000000000094
S315010005600000000000000000000000000000000084
S315010005700000000000000000000000000000000074
S315010005800000000000000000000000000000000064
S315010005900000000000000000000000000000000054
S315010005A00000000000000000000000000000000044
S315010005B00000000000000000000000000000000034
S315010005C00000000000000000000000000000000024
S315010005D00000000000000000000000000000000014
S315010005E00000000000000000000000000000000004
S315010005F000000000000000000000000000000000F4
S3150100060000000000000000000000000000000000E3
S3150100061000000000000000000000000000000000D3
S3150100062000000000000000000000000000000000C3
S3150100063000000000000000000000000000000000B3
S3150100064000000000000000000000000000000000A3
S315010006500000000000000000000000000000000093
S315010006600000000000000000000000000000000083
S315010006700000000000000000000000000000000073
S315010006800000000000000000000000000000000063
S315010006900000000000000000000000000000000053
S315010006A00000000000000000000000000000000043
S315010006B00000000000000000000000000000000033
S315010006C00000000000000000000000000000000023
S315010006D00000000000000000000000000000000013
S315010006E00000000000000000000000000000000003
S315010006F000000000000000000000000000000000F3
S3150100070000000000000000000000000000000000E2
S3150100071000000000000000000000000000000000D2
S3150100072000000000000000000000000000000000C2
S3150100073000000000000000000000000000000000B2
S3150100074000000000000000000000000000000000A2
S315010007500000000000000000000000000000000092
S315010007600000000000000000000000000000000082
S315010007700000000000000000000000000000000072
S315010007800000000000000000000000000000000062
S315010007900000000000000000000000000000000052
S315010007A00000000000000000000000000000000042
S315010007B00000000000000000000000000000000032
S315010007C00000000000000000000000000000000022
S315010007D00000000000000000000000000000000012
S315010007E00000000000000000000000000000000002
S315010007F000000000000000000000000000000000F2
S3150100080000000000000000000000000000000000E1
S3150100081000000000000000000000000000000000D1
S3150100082000000000000000000000000000000000C1
S3150100083000000000000000000000000000000000B1
S3150100084000000000000000000000000000000000A1
S315010008500000000000000000000000000000000091
S315010008600000000000000000000000000000000081
S315010008700000000000000000000000000000000071
S315010008800000000000000000000000000000000061
S315010008900000000000000000000000000000000051
S315010008A00000000000000000000000000000000041
S315010008B00000000000000000000000000000000031
S315010008C00000000000000000000000000000000021
S315010008D00000000000000000000000000000000011
S315010008E00000000000000000000000000000000001
S315010008F000000000000000000000000000000000F1
S3150100090000000000000000000000000000000000E0
S3150100091000000000000000000000000000000000D0
S3150100092000000000000000000000000000000000C0
S3150100093000000000000000000000000000000000B0
S3150100094000000000000000000000000000000000A0
S315010009500000000000000000000000000000000090
S315010009600000000000000000000000000000000080
S315010009700000000000000000000000000000000070
S315010009800000000000000000000000000000000060
S315010009900000000000000000000000000000000050
S315010009A00000000000000000000000000000000040
S315010009B00000000000000000000000000000000030
S315010009C00000000000000000000000000000000020
S315010009D00000000000000000000000000000000010
S315010009E00000000000000000000000000000000000
S315010009F000000000000000000000000000000000F0
S31501000A0000000000000000000000000000000000DF
S31501000A1000000000000000000000000000000000CF
S31501000A2000000000000000000000000000000000BF
S31501000A3000000000000000000000000000000000AF
S31501000A40000000000000000000000000000000009F
S31501000A50000000000000000000000000000000008F
S31501000A60000000000000000000000000000000007F
S31501000A70000000000000000000000000000000006F
S31501000A80000000000000000000000000000000005F
S31501000A90000000000000000000000000000000004F
S31501000AA0000000000000000000000000000000003F
S31501000AB0000000000000000000000000000000002F
S31501000AC0000000000000000000000000000000001F
S31501000AD0000000000000000000000000000000000F
S31501000AE000000000000000000000000000000000FF
S31501000AF000000000000000000000000000000000EF
S31501000B0000000000000000000000000000000000DE
S31501000B1000000000000000000000000000000000CE
S31501000B2000000000000000000000000000000000BE
S31501000B3000000000000000000000000000000000AE
S31501000B40000000000000000000000000000000009E
S31501000B50000000000000000000000000000000008E
S31501000B60000000000000000000000000000000007E
S31501000B70000000000000000000000000000000006E
S31501000B80000000000000000000000000000000005E
S31501000B90000000000000000000000000000000004E
S31501000BA0000000000000000000000000000000003E
S31501000BB0000000000000000000000000000000002E
S31501000BC0000000000000000000000000000000001E
S31501000BD0000000000000000000000000000000000E
S31501000BE000000000000000000000000000000000FE
S31501000BF000000000000000000000000000000000EE
S31501000C0000000000000000000000000000000000DD
S31501000C1000000000000000000000000000000000CD
S31501000C2000000000000000000000000000000000BD
S31501000C3000000000000000000000000000000000AD
S31501000C40000000000000000000000000000000009D
S31501000C50000000000000000000000000000000008D
S31501000C60000000000000000000000000000000007D
S31501000C70000000000000000000000000000000006D
S31501000C80000000000000000000000000000000005D
S31501000C90000000000000000000000000000000004D
S31501000CA0000000000000000000000000000000003D
S31501000CB0000000000000000000000000000000002D
S31501000CC0000000000000000000000000000000001D
S31501000CD0000000000000000000000000000000000D
S31501000CE000000000000000000000000000000000FD
S31501000CF000000000000000000000000000000000ED
S31501000D0000000000000000000000000000000000DC
S31501000D1000000000000000000000000000000000CC
S31501000D2000000000000000000000000000000000BC
S31501000D3000000000000000000000000000000000AC
S31501000D40000000000000000000000000000000009C
S31501000D50000000000000000000000000000000008C
S31501000D60000000000000000000000000000000007C
S31501000D70000000000000000000000000000000006C
S31501000D80000000000000000000000000000000005C
S31501000D90000000000000000000000000000000004C
S31501000DA0000000000000000000000000000000003C
S31501000DB0000000000000000000000000000000002C
S31501000DC0000000000000000000000000000000001C
S31501000DD0000000000000000000000000000000000C
S31501000DE000000000000000000000000000000000FC
S31501000DF000000000000000000000000000000000EC
S31501000E0000000000000000000000000000000000DB
S31501000E1000000000000000000000000000000000CB
S31501000E2000000000000000000000000000000000BB
S31501000E3000000000000000000000000000000000AB
S31501000E40000000000000000000000000000000009B
S31501000E50000000000000000000000000000000008B
S31501000E60000000000000000000000000000000007B
S31501000E70000000000000000000000000000000006B
S31501000E80000000000000000000000000000000005B
S31501000E90000000000000000000000000000000004B
S31501000EA0000000000000000000000000000000003B
S31501000EB0000000000000000000000000000000002B
S31501000EC0000000000000000000000000000000001B
S31501000ED0000000000000000000000000000000000B
S31501000EE000000000000000000000000000000000FB
S31501000EF000000000000000000000000000000000EB
S31501000F0000000000000000000000000000000000DA
S31501000F1000000000000000000000000000000000CA
S31501000F2000000000000000000000000000000000BA
S31501000F3000000000000000000000000000000000AA
S31501000F40000000000000000000000000000000009A
S31501000F50000000000000000000000000000000008A
S31501000F60000000000000000000000000000000007A
S31501000F70000000000000000000000000000000006A
S31501000F80000000000000000000000000000000005A
S31501000F90000000000000000000000000000000004A
S31501000FA0000000000000000000000000000000003A
S31501000FB0000000000000000000000000000000002A
S31501000FC0000000000000000000000000000000001A
S31501000FD0000000000000000000000000000000000A
S31501000FE000000000000000000000000000000000FA
S31501000FF000000000000000000000000000000000EA
S3150100100000000000000000000000000000000000D9
S3150100101000000000000000000000000000000000C9
S3150100102000000000000000000000000000000000B9
S3150100103000000000000000000000000000000000A9
S315010010400000000000000000000000000000000099
S315010010500000000000000000000000000000000089
S315010010600000000000000000000000000000000079
S315010010700000000000000000000000000000000069
S315010010800000000000000000000000000000000059
S315010010900000000000000000000000000000000049
S315010010A00000000000000000000000000000000039
S315010010B00000000000000000000000000000000029
S315010010C00000000000000000000000000000000019
S315010010D00000000000000000000000000000000009
S315010010E000000000000000000000000000000000F9
S315010010F000000000000000000000000000000000E9
S3150100110000000000000000000000000000000000D8
S3150100111000000000000000000000000000000000C8
S3150100112000000000000000000000000000000000B8
S3150100113000000000000000000000000000000000A8
S315010011400000000000000000000000000000000098
S315010011500000000000000000000000000000000088
S315010011600000000000000000000000000000000078
S315010011700000000000000000000000000000000068
S315010011800000000000000000000000000000000058
S315010011900000000000000000000000000000000048
S315010011A00000000000000000000000000000000038
S315010011B00000000000000000000000000000000028
S315010011C00000000000000000000000000000000018
S315010011D00000000000000000000000000000000008
S315010011E000000000000000000000000000000000F8
S315010011F000000000000000000000000000000000E8
S3150100120000000000000000000000000000000000D7
S3150100121000000000000000000000000000000000C7
S3150100122000000000000000000000000000000000B7
S3150100123000000000000000000000000000000000A7
S315010012400000000000000000000000000000000097
S315010012500000000000000000000000000000000087
S315010012600000000000000000000000000000000077
S315010012700000000000000000000000000000000067
S315010012800000000000000000000000000000000057
S315010012900000000000000000000000000000000047
S315010012A00000000000000000000000000000000037
S315010012B00000000000000000000000000000000027
S315010012C00000000000000000000000000000000017
S315010012D00000000000000000000000000000000007
S315010012E000000000000000000000000000000000F7
S315010012F000000000000000000000000000000000E7
S3150100130000000000000000000000000000000000D6
S3150100131000000000000000000000000000000000C6
S3150100132000000000000000000000000000000000B6
S3150100133000000000000000000000000000000000A6
S315010013400000000000000000000000000000000096
S315010013500000000000000000000000000000000086
S315010013600000000000000000000000000000000076
S315010013700000000000000000000000000000000066
S315010013800000000000000000000000000000000056
S315010013900000000000000000000000000000000046
S315010013A00000000000000000000000000000000036
S315010013B00000000000000000000000000000000026
S315010013C00000000000000000000000000000000016
S315010013D00000000000000000000000000000000006
S315010013E000000000000000000000000000000000F6
S315010013F000000000000000000000000000000000E6
S3150100140000000000000000000000000000000000D5
S3150100141000000000000000000000000000000000C5
S3150100142000000000000000000000000000000000B5
S3150100143000000000000000000000000000000000A5
S315010014400000000000000000000000000000000095
S315010014500000000000000000000000000000000085
S315010014600000000000000000000000000000000075
S315010014700000000000000000000000000000000065
S315010014800000000000000000000000000000000055
S315010014900000000000000000000000000000000045
S315010014A00000000000000000000000000000000035
S315010014B00000000000000000000000000000000025
S315010014C00000000000000000000000000000000015
S315010014D00000000000000000000000000000000005
S315010014E000000000000000000000000000000000F5
S315010014F000000000000000000000000000000000E5
S3150100150000000000000000000000000000000000D4
S3150100151000000000000000000000000000000000C4
S3150100152000000000000000000000000000000000B4
S3150100153000000000000000000000000000000000A4
S315010015400000000000000000000000000000000094
S315010015500000000000000000000000000000000084
S315010015600000000000000000000000000000000074
S315010015700000000000000000000000000000000064
S315010015800000000000000000000000000000000054
S315010015900000000000000000000000000000000044
S315010015A00000000000000000000000000000000034
S315010015B00000000000000000000000000000000024
S315010015C00000000000000000000000000000000014
S315010015D00000000000000000000000000000000004
S315010015E000000000000000000000000000000000F4
S315010015F000000000000000000000000000000000E4
S3150100160000000000000000000000000000000000D3
S3150100161000000000000000000000000000000000C3
S3150100162000000000000000000000000000000000B3
S3150100163000000000000000000000000000000000A3
S315010016400000000000000000000000000000000093
S315010016500000000000000000000000000000000083
S315010016600000000000000000000000000000000073
S315010016700000000000000000000000000000000063
S315010016800000000000000000000000000000000053
S315010016900000000000000000000000000000000043
S315010016A00000000000000000000000000000000033
S315010016B00000000000000000000000000000000023
S315010016C00000000000000000000000000000000013
S315010016D00000000000000000000000000000000003
S315010016E000000000000000000000000000000000F3
S315010016F000000000000000000000000000000000E3
S3150100170000000000000000000000000000000000D2
S3150100171000000000000000000000000000000000C2
S3150100172000000000000000000000000000000000B2
S3150100173000000000000000000000000000000000A2
S315010017400000000000000000000000000000000092
S315010017500000000000000000000000000000000082
S315010017600000000000000000000000000000000072
S315010017700000000000000000000000000000000062
S315010017800000000000000000000000000000000052
S315010017900000000000000000000000000000000042
S315010017A00000000000000000000000000000000032
S315010017B00000000000000000000000000000000022
S315010017C00000000000000000000000000000000012
S315010017D00000000000000000000000000000000002
S315010017E000000000000000000000000000000000F2
S315010017F000000000000000000000000000000000E2
S3150100180000000000000000000000000000000000D1
S3150100181000000000000000000000000000000000C1
S3150100182000000000000000000000000000000000B1
S3150100183000000000000000000000000000000000A1
S315010018400000000000000000000000000000000091
S315010018500000000000000000000000000000000081
S315010018600000000000000000000000000000000071
S315010018700000000000000000000000000000000061
S315010018800000000000000000000000000000000051
S315010018900000000000000000000000000000000041
S315010018A00000000000000000000000000000000031
S315010018B00000000000000000000000000000000021
S315010018C00000000000000000000000000000000011
S315010018D00000000000000000000000000000000001
S315010018E000000000000000000000000000000000F1
S315010018F000000000000000000000000000000000E1
S3150100190000000000000000000000000000000000D0
S3150100191000000000000000000000000000000000C0
S3150100192000000000000000000000000000000000B0
S3150100193000000000000000000000000000000000A0
S315010019400000000000000000000000000000000090
S315010019500000000000000000000000000000000080
S315010019600000000000000000000000000000000070
S315010019700000000000000000000000000000000060
S315010019800000000000000000000000000000000050
S315010019900000000000000000000000000000000040
S315010019A00000000000000000000000000000000030
S315010019B00000000000000000000000000000000020
S315010019C00000000000000000000000000000000010
S315010019D00000000000000000000000000000000000
S315010019E000000000000000000000000000000000F0
S315010019F000000000000000000000000000000000E0
S31501001A0000000000000000000000000000000000CF
S31501001A1000000000000000000000000000000000BF
S31501001A2000000000000000000000000000000000AF
S31501001A30000000000000000000000000000000009F
S31501001A40000000000000000000000000000000008F
S31501001A50000000000000000000000000000000007F
S31501001A60000000000000000000000000000000006F
S31501001A70000000000000000000000000000000005F
S31501001A80000000000000000000000000000000004F
S31501001A90000000000000000000000000000000003F
S31501001AA0000000000000000000000000000000002F
S31501001AB0000000000000000000000000000000001F
S31501001AC0000000000000000000000000000000000F
S31501001AD000000000000000000000000000000000FF
S31501001AE000000000000000000000000000000000EF
S31501001AF000000000000000000000000000000000DF
S31501001B0000000000000000000000000000000000CE
S31501001B1000000000000000000000000000000000BE
S31501001B2000000000000000000000000000000000AE
S31501001B30000000000000000000000000000000009E
S31501001B40000000000000000000000000000000008E
S31501001B50000000000000000000000000000000007E
S31501001B60000000000000000000000000000000006E
S31501001B70000000000000000000000000000000005E
S31501001B80000000000000000000000000000000004E
S31501001B90000000000000000000000000000000003E
S31501001BA0000000000000000000000000000000002E
S31501001BB0000000000000000000000000000000001E
S31501001BC0000000000000000000000000000000000E
S31501001BD000000000000000000000000000000000FE
S31501001BE000000000000000000000000000000000EE
S31501001BF000000000000000000000000000000000DE
S31501001C0000000000000000000000000000000000CD
S31501001C1000000000000000000000000000000000BD
S31501001C2000000000000000000000000000000000AD
S31501001C30000000000000000000000000000000009D
S31501001C40000000000000000000000000000000008D
S31501001C50000000000000000000000000000000007D
S31501001C60000000000000000000000000000000006D
S31501001C70000000000000000000000000000000005D
S31501001C80000000000000000000000000000000004D
S31501001C90000000000000000000000000000000003D
S31501001CA0000000000000000000000000000000002D
S31501001CB0000000000000000000000000000000001D
S31501001CC0000000000000000000000000000000000D
S31501001CD000000000000000000000000000000000FD
S31501001CE000000000000000000000000000000000ED
S31501001CF000000000000000000000000000000000DD
S31501001D0000000000000000000000000000000000CC
S31501001D1000000000000000000000000000000000BC
S31501001D2000000000000000000000000000000000AC
S31501001D30000000000000000000000000000000009C
S31501001D40000000000000000000000000000000008C
S31501001D50000000000000000000000000000000007C
S31501001D60000000000000000000000000000000006C
S31501001D70000000000000000000000000000000005C
S31501001D80000000000000000000000000000000004C
S31501001D90000000000000000000000000000000003C
S31501001DA0000000000000000000000000000000002C
S31501001DB0000000000000000000000000000000001C
S31501001DC0000000000000000000000000000000000C
S31501001DD000000000000000000000000000000000FC
S31501001DE000000000000000000000000000000000EC
S31501001DF000000000000000000000000000000000DC
S31501001E0000000000000000000000000000000000CB
S31501001E1000000000000000000000000000000000BB
S31501001E2000000000000000000000000000000000AB
S31501001E30000000000000000000000000000000009B
S31501001E40000000000000000000000000000000008B
S31501001E50000000000000000000000000000000007B
S31501001E60000000000000000000000000000000006B
S31501001E70000000000000000000000000000000005B
S31501001E80000000000000000000000000000000004B
S31501001E90000000000000000000000000000000003B
S31501001EA0000000000000000000000000000000002B
S31501001EB0000000000000000000000000000000001B
S31501001EC0000000000000000000000000000000000B
S31501001ED000000000000000000000000000000000FB
S31501001EE000000000000000000000000000000000EB
S31501001EF000000000000000000000000000000000DB
S31501001F0000000000000000000000000000000000CA
S31501001F1000000000000000000000000000000000BA
S31501001F2000000000000000000000000000000000AA
S31501001F30000000000000000000000000000000009A
S31501001F40000000000000000000000000000000008A
S31501001F50000000000000000000000000000000007A
S31501001F60000000000000000000000000000000006A
S31501001F70000000000000000000000000000000005A
S31501001F80000000000000000000000000000000004A
S31501001F90000000000000000000000000000000003A
S31501001FA0000000000000000000000000000000002A
S31501001FB0000000000000000000000000000000001A
S31501001FC0000000000000000000000000000000000A
S31501001FD000000000000000000000000000000000FA
S31501001FE000000000000000000000000000000000EA
S31501001FF000000000000000000000000000000000DA
S3150100200000000000000000000000000000000000C9
S3150100201000000000000000000000000000000000B9
S3150100202000000000000000000000000000000000A9
S315010020300000000000000000000000000000000099
S315010020400000000000000000000000000000000089
S315010020500000000000000000000000000000000079
S315010020600000000000000000000000000000000069
S315010020700000000000000000000000000000000059
S315010020800000000000000000000000000000000049
S315010020900000000000000000000000000000000039
S315010020A00000000000000000000000000000000029
S315010020B00000000000000000000000000000000019
S315010020C00000000000000000000000000000000009
S315010020D000000000000000000000000000000000F9
S315010020E000000000000000000000000000000000E9
S315010020F000000000000000000000000000000000D9
S3150100210000000000000000000000000000000000C8
S3150100211000000000000000000000000000000000B8
S3150100212000000000000000000000000000000000A8
S315010021300000000000000000000000000000000098
S315010021400000000000000000000000000000000088
S315010021500000000000000000000000000000000078
S315010021600000000000000000000000000000000068
S315010021700000000000000000000000000000000058
S315010021800000000000000000000000000000000048
S315010021900000000000000000000000000000000038
S315010021A00000000000000000000000000000000028
S315010021B00000000000000000000000000000000018
S315010021C00000000000000000000000000000000008
S315010021D000000000000000000000000000000000F8
S315010021E000000000000000000000000000000000E8
S315010021F000000000000000000000000000000000D8
S3150100220000000000000000000000000000000000C7
S3150100221000000000000000000000000000000000B7
S3150100222000000000000000000000000000000000A7
S315010022300000000000000000000000000000000097
S315010022400000000000000000000000000000000087
S315010022500000000000000000000000000000000077
S315010022600000000000000000000000000000000067
S315010022700000000000000000000000000000000057
S315010022800000000000000000000000000000000047
S315010022900000000000000000000000000000000037
S315010022A00000000000000000000000000000000027
S315010022B00000000000000000000000000000000017
S315010022C00000000000000000000000000000000007
S315010022D000000000000000000000000000000000F7
S315010022E000000000000000000000000000000000E7
S315010022F000000000000000000000000000000000D7
S3150100230000000000000000000000000000000000C6
S3150100231000000000000000000000000000000000B6
S3150100232000000000000000000000000000000000A6
S315010023300000000000000000000000000000000096
S315010023400000000000000000000000000000000086
S315010023500000000000000000000000000000000076
S315010023600000000000000000000000000000000066
S315010023700000000000000000000000000000000056
S315010023800000000000000000000000000000000046
S315010023900000000000000000000000000000000036
S315010023A00000000000000000000000000000000026
S315010023B00000000000000000000000000000000016
S315010023C00000000000000000000000000000000006
S315010023D000000000000000000000000000000000F6
S315010023E000000000000000000000000000000000E6
S315010023F000000000000000000000000000000000D6
S3150100240000000000000000000000000000000000C5
S3150100241000000000000000000000000000000000B5
S3150100242000000000000000000000000000000000A5
S315010024300000000000000000000000000000000095
S315010024400000000000000000000000000000000085
S315010024500000000000000000000000000000000075
S315010024600000000000000000000000000000000065
S315010024700000000000000000000000000000000055
S315010024800000000000000000000000000000000045
S315010024900000000000000000000000000000000035
S315010024A00000000000000000000000000000000025
S315010024B00000000000000000000000000000000015
S315010024C00000000000000000000000000000000005
S315010024D000000000000000000000000000000000F5
S315010024E000000000000000000000000000000000E5
S315010024F000000000000000000000000000000000D5
S3150100250000000000000000000000000000000000C4
S3150100251000000000000000000000000000000000B4
S3150100252000000000000000000000000000000000A4
S315010025300000000000000000000000000000000094
S315010025400000000000000000000000000000000084
S315010025500000000000000000000000000000000074
S315010025600000000000000000000000000000000064
S315010025700000000000000000000000000000000054
S315010025800000000000000000000000000000000044
S315010025900000000000000000000000000000000034
S315010025A00000000000000000000000000000000024
S315010025B00000000000000000000000000000000014
S315010025C00000000000000000000000000000000004
S315010025D000000000000000000000000000000000F4
S315010025E000000000000000000000000000000000E4
S315010025F000000000000000000000000000000000D4
S3150100260000000000000000000000000000000000C3
S3150100261000000000000000000000000000000000B3
S3150100262000000000000000000000000000000000A3
S315010026300000000000000000000000000000000093
S315010026400000000000000000000000000000000083
S315010026500000000000000000000000000000000073
S315010026600000000000000000000000000000000063
S315010026700000000000000000000000000000000053
S315010026800000000000000000000000000000000043
S315010026900000000000000000000000000000000033
S315010026A00000000000000000000000000000000023
S315010026B00000000000000000000000000000000013
S315010026C00000000000000000000000000000000003
S315010026D000000000000000000000000000000000F3
S315010026E000000000000000000000000000000000E3
S315010026F000000000000000000000000000000000D3
S3150100270000000000000000000000000000000000C2
S3150100271000000000000000000000000000000000B2
S3150100272000000000000000000000000000000000A2
S315010027300000000000000000000000000000000092
S315010027400000000000000000000000000000000082
S315010027500000000000000000000000000000000072
S315010027600000000000000000000000000000000062
S315010027700000000000000000000000000000000052
S315010027800000000000000000000000000000000042
S315010027900000000000000000000000000000000032
S315010027A00000000000000000000000000000000022
S315010027B00000000000000000000000000000000012
S315010027C00000000000000000000000000000000002
S315010027D000000000000000000000000000000000F2
S315010027E000000000000000000000000000000000E2
S315010027F000000000000000000000000000000000D2
S3150100280000000000000000000000000000000000C1
S3150100281000000000000000000000000000000000B1
S3150100282000000000000000000000000000000000A1
S315010028300000000000000000000000000000000091
S315010028400000000000000000000000000000000081
S315010028500000000000000000000000000000000071
S315010028600000000000000000000000000000000061
S315010028700000000000000000000000000000000051
S315010028800000000000000000000000000000000041
S315010028900000000000000000000000000000000031
S315010028A00000000000000000000000000000000021
S315010028B00000000000000000000000000000000011
S315010028C00000000000000000000000000000000001
S315010028D000000000000000000000000000000000F1
S315010028E000000000000000000000000000000000E1
S315010028F000000000000000000000000000000000D1
S3150100290000000000000000000000000000000000C0
S3150100291000000000000000000000000000000000B0
S3150100292000000000000000000000000000000000A0
S315010029300000000000000000000000000000000090
S315010029400000000000000000000000000000000080
S315010029500000000000000000000000000000000070
S315010029600000000000000000000000000000000060
S315010029700000000000000000000000000000000050
S315010029800000000000000000000000000000000040
S315010029900000000000000000000000000000000030
S315010029A00000000000000000000000000000000020
S315010029B00000000000000000000000000000000010
S315010029C00000000000000000000000000000000000
S315010029D000000000000000000000000000000000F0
S315010029E000000000000000000000000000000000E0
S315010029F000000000000000000000000000000000D0
S31501002A0000000000000000000000000000000000BF
S31501002A1000000000000000000000000000000000AF
S31501002A20000000000000000000000000000000009F
S31501002A30000000000000000000000000000000008F
S31501002A40000000000000000000000000000000007F
S31501002A50000000000000000000000000000000006F
S31501002A60000000000000000000000000000000005F
S31501002A70000000000000000000000000000000004F
S31501002A80000000000000000000000000000000003F
S31501002A90000000000000000000000000000000002F
S31501002AA0000000000000000000000000000000001F
S31501002AB0000000000000000000000000000000000F
S31501002AC000000000000000000000000000000000FF
S31501002AD000000000000000000000000000000000EF
S31501002AE000000000000000000000000000000000DF
S31501002AF000000000000000000000000000000000CF
S31501002B0000000000000000000000000000000000BE
S31501002B1000000000000000000000000000000000AE
S31501002B20000000000000000000000000000000009E
S31501002B30000000000000000000000000000000008E
S31501002B40000000000000000000000000000000007E
S31501002B50000000000000000000000000000000006E
S31501002B60000000000000000000000000000000005E
S31501002B70000000000000000000000000000000004E
S31501002B80000000000000000000000000000000003E
S31501002B90000000000000000000000000000000002E
S31501002BA0000000000000000000000000000000001E
S31501002BB0000000000000000000000000000000000E
S31501002BC000000000000000000000000000000000FE
S31501002BD000000000000000000000000000000000EE
S31501002BE000000000000000000000000000000000DE
S31501002BF000000000000000000000000000000000CE
S31501002C0000000000000000000000000000000000BD
S31501002C1000000000000000000000000000000000AD
S31501002C20000000000000000000000000000000009D
S31501002C30000000000000000000000000000000008D
S31501002C40000000000000000000000000000000007D
S31501002C50000000000000000000000000000000006D
S31501002C60000000000000000000000000000000005D
S31501002C70000000000000000000000000000000004D
S31501002C80000000000000000000000000000000003D
S31501002C90000000000000000000000000000000002D
S31501002CA0000000000000000000000000000000001D
S31501002CB0000000000000000000000000000000000D
S31501002CC000000000000000000000000000000000FD
S31501002CD000000000000000000000000000000000ED
S31501002CE000000000000000000000000000000000DD
S31501002CF000000000000000000000000000000000CD
S31501002D0000000000000000000000000000000000BC
S31501002D1000000000000000000000000000000000AC
S31501002D20000000000000000000000000000000009C
S31501002D30000000000000000000000000000000008C
S31501002D40000000000000000000000000000000007C
S31501002D50000000000000000000000000000000006C
S31501002D60000000000000000000000000000000005C
S31501002D70000000000000000000000000000000004C
S31501002D80000000000000000000000000000000003C
S31501002D90000000000000000000000000000000002C
S31501002DA0000000000000000000000000000000001C
S31501002DB0000000000000000000000000000000000C
S31501002DC000000000000000000000000000000000FC
S31501002DD000000000000000000000000000000000EC
S31501002DE000000000000000000000000000000000DC
S31501002DF000000000000000000000000000000000CC
S31501002E0000000000000000000000000000000000BB
S31501002E1000000000000000000000000000000000AB
S31501002E20000000000000000000000000000000009B
S31501002E30000000000000000000000000000000008B
S31501002E40000000000000000000000000000000007B
S31501002E50000000000000000000000000000000006B
S31501002E60000000000000000000000000000000005B
S31501002E70000000000000000000000000000000004B
S31501002E80000000000000000000000000000000003B
S31501002E90000000000000000000000000000000002B
S31501002EA0000000000000000000000000000000001B
S31501002EB0000000000000000000000000000000000B
S31501002EC000000000000000000000000000000000FB
S31501002ED000000000000000000000000000000000EB
S31501002EE000000000000000000000000000000000DB
S31501002EF000000000000000000000000000000000CB
S31501002F0000000000000000000000000000000000BA
S31501002F1000000000000000000000000000000000AA
S31501002F20000000000000000000000000000000009A
S31501002F30000000000000000000000000000000008A
S31501002F40000000000000000000000000000000007A
S31501002F50000000000000000000000000000000006A
S31501002F60000000000000000000000000000000005A
S31501002F70000000000000000000000000000000004A
S31501002F80000000000000000000000000000000003A
S31501002F90000000000000000000000000000000002A
S31501002FA0000000000000000000000000000000001A
S31501002FB0000000000000000000000000000000000A
S31501002FC000000000000000000000000000000000FA
S31501002FD000000000000000000000000000000000EA
S31501002FE000000000000000000000000000000000DA
S31501002FF000000000000000000000000000000000CA
S3150100300000000000000000000000000000000000B9
S3150100301000000000000000000000000000000000A9
S315010030200000000000000000000000000000000099
S315010030300000000000000000000000000000000089
S315010030400000000000000000000000000000000079
S315010030500000000000000000000000000000000069
S315010030600000000000000000000000000000000059
S315010030700000000000000000000000000000000049
S315010030800000000000000000000000000000000039
S315010030900000000000000000000000000000000029
S315010030A00000000000000000000000000000000019
S315010030B00000000000000000000000000000000009
S315010030C000000000000000000000000000000000F9
S315010030D000000000000000000000000000000000E9
S315010030E000000000000000000000000000000000D9
S315010030F000000000000000000000000000000000C9
S3150100310000000000000000000000000000000000B8
S3150100311000000000000000000000000000000000A8
S315010031200000000000000000000000000000000098
S315010031300000000000000000000000000000000088
S315010031400000000000000000000000000000000078
S315010031500000000000000000000000000000000068
S315010031600000000000000000000000000000000058
S315010031700000000000000000000000000000000048
S315010031800000000000000000000000000000000038
S315010031900000000000000000000000000000000028
S315010031A00000000000000000000000000000000018
S315010031B00000000000000000000000000000000008
S315010031C000000000000000000000000000000000F8
S315010031D000000000000000000000000000000000E8
S315010031E000000000000000000000000000000000D8
S315010031F000000000000000000000000000000000C8
S3150100320000000000000000000000000000000000B7
S3150100321000000000000000000000000000000000A7
S315010032200000000000000000000000000000000097
S315010032300000000000000000000000000000000087
S315010032400000000000000000000000000000000077
S315010032500000000000000000000000000000000067
S315010032600000000000000000000000000000000057
S315010032700000000000000000000000000000000047
S315010032800000000000000000000000000000000037
S315010032900000000000000000000000000000000027
S315010032A00000000000000000000000000000000017
S315010032B00000000000000000000000000000000007
S315010032C000000000000000000000000000000000F7
S315010032D000000000000000000000000000000000E7
S315010032E000000000000000000000000000000000D7
S315010032F000000000000000000000000000000000C7
S3150100330000000000000000000000000000000000B6
S3150100331000000000000000000000000000000000A6
S315010033200000000000000000000000000000000096
S315010033300000000000000000000000000000000086
S315010033400000000000000000000000000000000076
S315010033500000000000000000000000000000000066
S315010033600000000000000000000000000000000056
S315010033700000000000000000000000000000000046
S315010033800000000000000000000000000000000036
S315010033900000000000000000000000000000000026
S315010033A00000000000000000000000000000000016
S315010033B00000000000000000000000000000000006
S315010033C000000000000000000000000000000000F6
S315010033D000000000000000000000000000000000E6
S315010033E000000000000000000000000000000000D6
S315010033F000000000000000000000000000000000C6
S3150100340000000000000000000000000000000000B5
S3150100341000000000000000000000000000000000A5
S315010034200000000000000000000000000000000095
S315010034300000000000000000000000000000000085
S315010034400000000000000000000000000000000075
S315010034500000000000000000000000000000000065
S315010034600000000000000000000000000000000055
S315010034700000000000000000000000000000000045
S315010034800000000000000000000000000000000035
S315010034900000000000000000000000000000000025
S315010034A00000000000000000000000000000000015
S315010034B00000000000000000000000000000000005
S315010034C000000000000000000000000000000000F5
S315010034D000000000000000000000000000000000E5
S315010034E000000000000000000000000000000000D5
S315010034F000000000000000000000000000000000C5
S3150100350000000000000000000000000000000000B4
S3150100351000000000000000000000000000000000A4
S315010035200000000000000000000000000000000094
S315010035300000000000000000000000000000000084
S315010035400000000000000000000000000000000074
S315010035500000000000000000000000000000000064
S315010035600000000000000000000000000000000054
S315010035700000000000000000000000000000000044
S315010035800000000000000000000000000000000034
S315010035900000000000000000000000000000000024
S315010035A00000000000000000000000000000000014
S315010035B00000000000000000000000000000000004
S315010035C000000000000000000000000000000000F4
S315010035D000000000000000000000000000000000E4
S315010035E000000000000000000000000000000000D4
S315010035F000000000000000000000000000000000C4
S3150100360000000000000000000000000000000000B3
S3150100361000000000000000000000000000000000A3
S315010036200000000000000000000000000000000093
S315010036300000000000000000000000000000000083
S315010036400000000000000000000000000000000073
S315010036500000000000000000000000000000000063
S315010036600000000000000000000000000000000053
S315010036700000000000000000000000000000000043
S315010036800000000000000000000000000000000033
S315010036900000000000000000000000000000000023
S315010036A00000000000000000000000000000000013
S315010036B00000000000000000000000000000000003
S315010036C000000000000000000000000000000000F3
S315010036D000000000000000000000000000000000E3
S315010036E000000000000000000000000000000000D3
S315010036F000000000000000000000000000000000C3
S3150100370000000000000000000000000000000000B2
S3150100371000000000000000000000000000000000A2
S315010037200000000000000000000000000000000092
S315010037300000000000000000000000000000000082
S315010037400000000000000000000000000000000072
S315010037500000000000000000000000000000000062
S315010037600000000000000000000000000000000052
S315010037700000000000000000000000000000000042
S315010037800000000000000000000000000000000032
S315010037900000000000000000000000000000000022
S315010037A00000000000000000000000000000000012
S315010037B00000000000000000000000000000000002
S315010037C000000000000000000000000000000000F2
S315010037D000000000000000000000000000000000E2
S315010037E000000000000000000000000000000000D2
S315010037F000000000000000000000000000000000C2
S3150100380000000000000000000000000000000000B1
S3150100381000000000000000000000000000000000A1
S315010038200000000000000000000000000000000091
S315010038300000000000000000000000000000000081
S315010038400000000000000000000000000000000071
S315010038500000000000000000000000000000000061
S315010038600000000000000000000000000000000051
S315010038700000000000000000000000000000000041
S315010038800000000000000000000000000000000031
S315010038900000000000000000000000000000000021
S315010038A00000000000000000000000000000000011
S315010038B00000000000000000000000000000000001
S315010038C000000000000000000000000000000000F1
S315010038D000000000000000000000000000000000E1
S315010038E000000000000000000000000000000000D1
S315010038F000000000000000000000000000000000C1
S3150100390000000000000000000000000000000000B0
S3150100391000000000000000000000000000000000A0
S315010039200000000000000000000000000000000090
S315010039300000000000000000000000000000000080
S315010039400000000000000000000000000000000070
S315010039500000000000000000000000000000000060
S315010039600000000000000000000000000000000050
S315010039700000000000000000000000000000000040
S315010039800000000000000000000000000000000030
S315010039900000000000000000000000000000000020
S315010039A00000000000000000000000000000000010
S315010039B00000000000000000000000000000000000
S315010039C000000000000000000000000000000000F0
S315010039D000000000000000000000000000000000E0
S315010039E000000000000000000000000000000000D0
S315010039F000000000000000000000000000000000C0
S31501003A0000000000000000000000000000000000AF
S31501003A10000000000000000000000000000000009F
S31501003A20000000000000000000000000000000008F
S31501003A30000000000000000000000000000000007F
S31501003A40000000000000000000000000000000006F
S31501003A50000000000000000000000000000000005F
S31501003A60000000000000000000000000000000004F
S31501003A70000000000000000000000000000000003F
S31501003A80000000000000000000000000000000002F
S31501003A90000000000000000000000000000000001F
S31501003AA0000000000000000000000000000000000F
S31501003AB000000000000000000000000000000000FF
S31501003AC000000000000000000000000000000000EF
S31501003AD000000000000000000000000000000000DF
S31501003AE000000000000000000000000000000000CF
S31501003AF000000000000000000000000000000000BF
S31501003B0000000000000000000000000000000000AE
S31501003B10000000000000000000000000000000009E
S31501003B20000000000000000000000000000000008E
S31501003B30000000000000000000000000000000007E
S31501003B40000000000000000000000000000000006E
S31501003B50000000000000000000000000000000005E
S31501003B60000000000000000000000000000000004E
S31501003B70000000000000000000000000000000003E
S31501003B80000000000000000000000000000000002E
S31501003B90000000000000000000000000000000001E
S31501003BA0000000000000000000000000000000000E
S31501003BB000000000000000000000000000000000FE
S31501003BC000000000000000000000000000000000EE
S31501003BD000000000000000000000000000000000DE
S31501003BE000000000000000000000000000000000CE
S31501003BF000000000000000000000000000000000BE
S31501003C0000000000000000000000000000000000AD
S31501003C10000000000000000000000000000000009D
S31501003C20000000000000000000000000000000008D
S31501003C30000000000000000000000000000000007D
S31501003C40000000000000000000000000000000006D
S31501003C50000000000000000000000000000000005D
S31501003C60000000000000000000000000000000004D
S31501003C70000000000000000000000000000000003D
S31501003C80000000000000000000000000000000002D
S31501003C90000000000000000000000000000000001D
S31501003CA0000000000000000000000000000000000D
S31501003CB000000000000000000000000000000000FD
S31501003CC000000000000000000000000000000000ED
S31501003CD000000000000000000000000000000000DD
S31501003CE000000000000000000000000000000000CD
S31501003CF000000000000000000000000000000000BD
S31501003D0000000000000000000000000000000000AC
S31501003D10000000000000000000000000000000009C
S31501003D20000000000000000000000000000000008C
S31501003D30000000000000000000000000000000007C
S31501003D40000000000000000000000000000000006C
S31501003D50000000000000000000000000000000005C
S31501003D60000000000000000000000000000000004C
S31501003D70000000000000000000000000000000003C
S31501003D80000000000000000000000000000000002C
S31501003D90000000000000000000000000000000001C
S31501003DA0000000000000000000000000000000000C
S31501003DB000000000000000000000000000000000FC
S31501003DC000000000000000000000000000000000EC
S31501003DD000000000000000000000000000000000DC
S31501003DE000000000000000000000000000000000CC
S31501003DF000000000000000000000000000000000BC
S31501003E0000000000000000000000000000000000AB
S31501003E10000000000000000000000000000000009B
S31501003E20000000000000000000000000000000008B
S31501003E30000000000000000000000000000000007B
S31501003E40000000000000000000000000000000006B
S31501003E50000000000000000000000000000000005B
S31501003E60000000000000000000000000000000004B
S31501003E70000000000000000000000000000000003B
S31501003E80000000000000000000000000000000002B
S31501003E90000000000000000000000000000000001B
S31501003EA0000000000000000000000000000000000B
S31501003EB000000000000000000000000000000000FB
S31501003EC000000000000000000000000000000000EB
S31501003ED000000000000000000000000000000000DB
S31501003EE000000000000000000000000000000000CB
S31501003EF000000000000000000000000000000000BB
S31501003F0000000000000000000000000000000000AA
S31501003F10000000000000000000000000000000009A
S31501003F20000000000000000000000000000000008A
S31501003F30000000000000000000000000000000007A
S31501003F40000000000000000000000000000000006A
S31501003F50000000000000000000000000000000005A
S31501003F60000000000000000000000000000000004A
S31501003F70000000000000000000000000000000003A
S31501003F80000000000000000000000000000000002A
S31501003F90000000000000000000000000000000001A
S31501003FA0000000000000000000000000000000000A
S31501003FB000000000000000000000000000000000FA
S31501003FC000000000000000000000000000000000EA
S31501003FD000000000000000000000000000000000DA
S31501003FE000000000000000000000000000000000CA
S31501003FF000000000000000000000000000000000BA
S3150100400000000000000000000000000000000000A9
S315010040100000000000000000000000000000000099
S315010040200000000000000000000000000000000089
S315010040300000000000000000000000000000000079
S315010040400000000000000000000000000000000069
S315010040500000000000000000000000000000000059
S315010040600000000000000000000000000000000049
S315010040700000000000000000000000000000000039
S315010040800000000000000000000000000000000029
S315010040900000000000000000000000000000000019
S315010040A00000000000000000000000000000000009
S315010040B000000000000000000000000000000000F9
S315010040C000000000000000000000000000000000E9
S315010040D000000000000000000000000000000000D9
S315010040E000000000000000000000000000000000C9
S315010040F000000000000000000000000000000000B9
S3150100410000000000000000000000000000000000A8
S315010041100000000000000000000000000000000098
S315010041200000000000000000000000000000000088
S315010041300000000000000000000000000000000078
S315010041400000000000000000000000000000000068
S315010041500000000000000000000000000000000058
S315010041600000000000000000000000000000000048
S315010041700000000000000000000000000000000038
S315010041800000000000000000000000000000000028
S315010041900000000000000000000000000000000018
S315010041A00000000000000000000000000000000008
S315010041B000000000000000000000000000000000F8
S315010041C000000000000000000000000000000000E8
S315010041D000000000000000000000000000000000D8
S315010041E000000000000000000000000000000000C8
S315010041F000000000000000000000000000000000B8
S3150100420000000000000000000000000000000000A7
S315010042100000000000000000000000000000000097
S315010042200000000000000000000000000000000087
S315010042300000000000000000000000000000000077
S315010042400000000000000000000000000000000067
S315010042500000000000000000000000000000000057
S315010042600000000000000000000000000000000047
S315010042700000000000000000000000000000000037
S315010042800000000000000000000000000000000027
S315010042900000000000000000000000000000000017
S315010042A00000000000000000000000000000000007
S315010042B000000000000000000000000000000000F7
S315010042C000000000000000000000000000000000E7
S315010042D000000000000000000000000000000000D7
S315010042E000000000000000000000000000000000C7
S315010042F000000000000000000000000000000000B7
S3150100430000000000000000000000000000000000A6
S315010043100000000000000000000000000000000096
S315010043200000000000000000000000000000000086
S315010043300000000000000000000000000000000076
S315010043400000000000000000000000000000000066
S315010043500000000000000000000000000000000056
S315010043600000000000000000000000000000000046
S315010043700000000000000000000000000000000036
S315010043800000000000000000000000000000000026
S315010043900000000000000000000000000000000016
S315010043A00000000000000000000000000000000006
S315010043B000000000000000000000000000000000F6
S315010043C000000000000000000000000000000000E6
S315010043D000000000000000000000000000000000D6
S315010043E000000000000000000000000000000000C6
S315010043F000000000000000000000000000000000B6
S3150100440000000000000000000000000000000000A5
S315010044100000000000000000000000000000000095
S315010044200000000000000000000000000000000085
S315010044300000000000000000000000000000000075
S315010044400000000000000000000000000000000065
S315010044500000000000000000000000000000000055
S315010044600000000000000000000000000000000045
S315010044700000000000000000000000000000000035
S315010044800000000000000000000000000000000025
S315010044900000000000000000000000000000000015
S315010044A00000000000000000000000000000000005
S315010044B000000000000000000000000000000000F5
S315010044C000000000000000000000000000000000E5
S315010044D000000000000000000000000000000000D5
S315010044E000000000000000000000000000000000C5
S315010044F000000000000000000000000000000000B5
S3150100450000000000000000000000000000000000A4
S315010045100000000000000000000000000000000094
S315010045200000000000000000000000000000000084
S315010045300000000000000000000000000000000074
S315010045400000000000000000000000000000000064
S315010045500000000000000000000000000000000054
S315010045600000000000000000000000000000000044
S315010045700000000000000000000000000000000034
S315010045800000000000000000000000000000000024
S315010045900000000000000000000000000000000014
S315010045A00000000000000000000000000000000004
S315010045B000000000000000000000000000000000F4
S315010045C000000000000000000000000000000000E4
S315010045D000000000000000000000000000000000D4
S315010045E000000000000000000000000000000000C4
S315010045F000000000000000000000000000000000B4
S3150100460000000000000000000000000000000000A3
S315010046100000000000000000000000000000000093
S315010046200000000000000000000000000000000083
S315010046300000000000000000000000000000000073
S315010046400000000000000000000000000000000063
S315010046500000000000000000000000000000000053
S315010046600000000000000000000000000000000043
S315010046700000000000000000000000000000000033
S315010046800000000000000000000000000000000023
S315010046900000000000000000000000000000000013
S315010046A00000000000000000000000000000000003
S315010046B000000000000000000000000000000000F3
S315010046C000000000000000000000000000000000E3
S315010046D000000000000000000000000000000000D3
S315010046E000000000000000000000000000000000C3
S315010046F000000000000000000000000000000000B3
S3150100470000000000000000000000000000000000A2
S315010047100000000000000000000000000000000092
S315010047200000000000000000000000000000000082
S315010047300000000000000000000000000000000072
S315010047400000000000000000000000000000000062
S315010047500000000000000000000000000000000052
S315010047600000000000000000000000000000000042
S315010047700000000000000000000000000000000032
S315010047800000000000000000000000000000000022
S315010047900000000000000000000000000000000012
S315010047A00000000000000000000000000000000002
S315010047B000000000000000000000000000000000F2
S315010047C000000000000000000000000000000000E2
S315010047D000000000000000000000000000000000D2
S315010047E000000000000000000000000000000000C2
S315010047F000000000000000000000000000000000B2
S3150100480000000000000000000000000000000000A1
S315010048100000000000000000000000000000000091
S315010048200000000000000000000000000000000081
S315010048300000000000000000000000000000000071
S315010048400000000000000000000000000000000061
S315010048500000000000000000000000000000000051
S315010048600000000000000000000000000000000041
S315010048700000000000000000000000000000000031
S315010048800000000000000000000000000000000021
S315010048900000000000000000000000000000000011
S315010048A00000000000000000000000000000000001
S315010048B000000000000000000000000000000000F1
S315010048C000000000000000000000000000000000E1
S315010048D000000000000000000000000000000000D1
S315010048E000000000000000000000000000000000C1
S315010048F000000000000000000000000000000000B1
S3150100490000000000000000000000000000000000A0
S315010049100000000000000000000000000000000090
S315010049200000000000000000000000000000000080
S315010049300000000000000000000000000000000070
S315010049400000000000000000000000000000000060
S315010049500000000000000000000000000000000050
S315010049600000000000000000000000000000000040
S315010049700000000000000000000000000000000030
S315010049800000000000000000000000000000000020
S315010049900000000000000000000000000000000010
S315010049A00000000000000000000000000000000000
S315010049B000000000000000000000000000000000F0
S315010049C000000000000000000000000000000000E0
S315010049D000000000000000000000000000000000D0
S315010049E000000000000000000000000000000000C0
S315010049F000000000000000000000000000000000B0
S31501004A00000000000000000000000000000000009F
S31501004A10000000000000000000000000000000008F
S31501004A20000000000000000000000000000000007F
S31501004A30000000000000000000000000000000006F
S31501004A40000000000000000000000000000000005F
S31501004A50000000000000000000000000000000004F
S31501004A60000000000000000000000000000000003F
S31501004A70000000000000000000000000000000002F
S31501004A80000000000000000000000000000000001F
S31501004A90000000000000000000000000000000000F
S31501004AA000000000000000000000000000000000FF
S31501004AB000000000000000000000000000000000EF
S31501004AC000000000000000000000000000000000DF
S31501004AD000000000000000000000000000000000CF
S31501004AE000000000000000000000000000000000BF
S31501004AF000000000000000000000000000000000AF
S31501004B00000000000000000000000000000000009E
S31501004B10000000000000000000000000000000008E
S31501004B20000000000000000000000000000000007E
S31501004B30000000000000000000000000000000006E
S31501004B40000000000000000000000000000000005E
S31501004B50000000000000000000000000000000004E
S31501004B60000000000000000000000000000000003E
S31501004B70000000000000000000000000000000002E
S31501004B80000000000000000000000000000000001E
S31501004B90000000000000000000000000000000000E
S31501004BA000000000000000000000000000000000FE
S31501004BB000000000000000000000000000000000EE
S31501004BC000000000000000000000000000000000DE
S31501004BD000000000000000000000000000000000CE
S31501004BE000000000000000000000000000000000BE
S31501004BF000000000000000000000000000000000AE
S31501004C00000000000000000000000000000000009D
S31501004C10000000000000000000000000000000008D
S31501004C20000000000000000000000000000000007D
S31501004C30000000000000000000000000000000006D
S31501004C40000000000000000000000000000000005D
S31501004C50000000000000000000000000000000004D
S31501004C60000000000000000000000000000000003D
S31501004C70000000000000000000000000000000002D
S31501004C80000000000000000000000000000000001D
S31501004C90000000000000000000000000000000000D
S31501004CA000000000000000000000000000000000FD
S31501004CB000000000000000000000000000000000ED
S31501004CC000000000000000000000000000000000DD
S31501004CD000000000000000000000000000000000CD
S31501004CE000000000000000000000000000000000BD
S31501004CF000000000000000000000000000000000AD
S31501004D00000000000000000000000000000000009C
S31501004D10000000000000000000000000000000008C
S31501004D20000000000000000000000000000000007C
S31501004D30000000000000000000000000000000006C
S31501004D40000000000000000000000000000000005C
S31501004D50000000000000000000000000000000004C
S31501004D60000000000000000000000000000000003C
S31501004D70000000000000000000000000000000002C
S31501004D80000000000000000000000000000000001C
S31501004D90000000000000000000000000000000000C
S31501004DA000000000000000000000000000000000FC
S31501004DB000000000000000000000000000000000EC
S31501004DC000000000000000000000000000000000DC
S31501004DD000000000000000000000000000000000CC
S31501004DE000000000000000000000000000000000BC
S31501004DF000000000000000000000000000000000AC
S31501004E00000000000000000000000000000000009B
S31501004E10000000000000000000000000000000008B
S31501004E20000000000000000000000000000000007B
S31501004E30000000000000000000000000000000006B
S31501004E40000000000000000000000000000000005B
S31501004E50000000000000000000000000000000004B
S31501004E60000000000000000000000000000000003B
S31501004E70000000000000000000000000000000002B
S31501004E80000000000000000000000000000000001B
S31501004E90000000000000000000000000000000000B
S31501004EA000000000000000000000000000000000FB
S31501004EB000000000000000000000000000000000EB
S31501004EC000000000000000000000000000000000DB
S31501004ED000000000000000000000000000000000CB
S31501004EE000000000000000000000000000000000BB
S31501004EF000000000000000000000000000000000AB
S31501004F00000000000000000000000000000000009A
S31501004F10000000000000000000000000000000008A
S31501004F20000000000000000000000000000000007A
S31501004F30000000000000000000000000000000006A
S31501004F40000000000000000000000000000000005A
S31501004F50000000000000000000000000000000004A
S31501004F60000000000000000000000000000000003A
S31501004F70000000000000000000000000000000002A
S31501004F80000000000000000000000000000000001A
S31501004F90000000000000000000000000000000000A
S31501004FA000000000000000000000000000000000FA
S31501004FB000000000000000000000000000000000EA
S31501004FC000000000000000000000000000000000DA
S31501004FD000000000000000000000000000000000CA
S31501004FE000000000000000000000000000000000BA
S31501004FF000000000000000000000000000000000AA
S315010050000000000000000000000000000000000099
S315010050100000000000000000000000000000000089
S315010050200000000000000000000000000000000079
S315010050300000000000000000000000000000000069
S315010050400000000000000000000000000000000059
S315010050500000000000000000000000000000000049
S315010050600000000000000000000000000000000039
S315010050700000000000000000000000000000000029
S315010050800000000000000000000000000000000019
S315010050900000000000000000000000000000000009
S315010050A000000000000000000000000000000000F9
S315010050B000000000000000000000000000000000E9
S315010050C000000000000000000000000000000000D9
S315010050D000000000000000000000000000000000C9
S315010050E000000000000000000000000000000000B9
S315010050F000000000000000000000000000000000A9
S315010051000000000000000000000000000000000098
S315010051100000000000000000000000000000000088
S315010051200000000000000000000000000000000078
S315010051300000000000000000000000000000000068
S315010051400000000000000000000000000000000058
S315010051500000000000000000000000000000000048
S315010051600000000000000000000000000000000038
S315010051700000000000000000000000000000000028
S315010051800000000000000000000000000000000018
S315010051900000000000000000000000000000000008
S315010051A000000000000000000000000000000000F8
S315010051B000000000000000000000000000000000E8
S315010051C000000000000000000000000000000000D8
S315010051D000000000000000000000000000000000C8
S315010051E000000000000000000000000000000000B8
S315010051F000000000000000000000000000000000A8
S315010052000000000000000000000000000000000097
S315010052100000000000000000000000000000000087
S315010052200000000000000000000000000000000077
S315010052300000000000000000000000000000000067
S315010052400000000000000000000000000000000057
S315010052500000000000000000000000000000000047
S315010052600000000000000000000000000000000037
S315010052700000000000000000000000000000000027
S315010052800000000000000000000000000000000017
S315010052900000000000000000000000000000000007
S315010052A000000000000000000000000000000000F7
S315010052B000000000000000000000000000000000E7
S315010052C000000000000000000000000000000000D7
S315010052D000000000000000000000000000000000C7
S315010052E000000000000000000000000000000000B7
S315010052F000000000000000000000000000000000A7
S315010053000000000000000000000000000000000096
S315010053100000000000000000000000000000000086
S315010053200000000000000000000000000000000076
S315010053300000000000000000000000000000000066
S315010053400000000000000000000000000000000056
S315010053500000000000000000000000000000000046
S315010053600000000000000000000000000000000036
S315010053700000000000000000000000000000000026
S315010053800000000000000000000000000000000016
S315010053900000000000000000000000000000000006
S315010053A000000000000000000000000000000000F6
S315010053B000000000000000000000000000000000E6
S315010053C000000000000000000000000000000000D6
S315010053D000000000000000000000000000000000C6
S315010053E000000000000000000000000000000000B6
S315010053F000000000000000000000000000000000A6
S315010054000000000000000000000000000000000095
S315010054100000000000000000000000000000000085
S315010054200000000000000000000000000000000075
S315010054300000000000000000000000000000000065
S315010054400000000000000000000000000000000055
S315010054500000000000000000000000000000000045
S315010054600000000000000000000000000000000035
S315010054700000000000000000000000000000000025
S315010054800000000000000000000000000000000015
S315010054900000000000000000000000000000000005
S315010054A000000000000000000000000000000000F5
S315010054B000000000000000000000000000000000E5
S315010054C000000000000000000000000000000000D5
S315010054D000000000000000000000000000000000C5
S315010054E000000000000000000000000000000000B5
S315010054F000000000000000000000000000000000A5
S315010055000000000000000000000000000000000094
S315010055100000000000000000000000000000000084
S315010055200000000000000000000000000000000074
S315010055300000000000000000000000000000000064
S315010055400000000000000000000000000000000054
S315010055500000000000000000000000000000000044
S315010055600000000000000000000000000000000034
S315010055700000000000000000000000000000000024
S315010055800000000000000000000000000000000014
S315010055900000000000000000000000000000000004
S315010055A000000000000000000000000000000000F4
S315010055B000000000000000000000000000000000E4
S315010055C000000000000000000000000000000000D4
S315010055D000000000000000000000000000000000C4
S315010055E000000000000000000000000000000000B4
S315010055F000000000000000000000000000000000A4
S315010056000000000000000000000000000000000093
S315010056100000000000000000000000000000000083
S315010056200000000000000000000000000000000073
S315010056300000000000000000000000000000000063
S315010056400000000000000000000000000000000053
S315010056500000000000000000000000000000000043
S315010056600000000000000000000000000000000033
S315010056700000000000000000000000000000000023
S315010056800000000000000000000000000000000013
S315010056900000000000000000000000000000000003
S315010056A000000000000000000000000000000000F3
S315010056B000000000000000000000000000000000E3
S315010056C000000000000000000000000000000000D3
S315010056D000000000000000000000000000000000C3
S315010056E000000000000000000000000000000000B3
S315010056F000000000000000000000000000000000A3
S315010057000000000000000000000000000000000092
S315010057100000000000000000000000000000000082
S315010057200000000000000000000000000000000072
S315010057300000000000000000000000000000000062
S315010057400000000000000000000000000000000052
S315010057500000000000000000000000000000000042
S315010057600000000000000000000000000000000032
S315010057700000000000000000000000000000000022
S315010057800000000000000000000000000000000012
S315010057900000000000000000000000000000000002
S315010057A000000000000000000000000000000000F2
S315010057B000000000000000000000000000000000E2
S315010057C000000000000000000000000000000000D2
S315010057D000000000000000000000000000000000C2
S315010057E000000000000000000000000000000000B2
S315010057F000000000000000000000000000000000A2
S315010058000000000000000000000000000000000091
S315010058100000000000000000000000000000000081
S315010058200000000000000000000000000000000071
S315010058300000000000000000000000000000000061
S315010058400000000000000000000000000000000051
S315010058500000000000000000000000000000000041
S315010058600000000000000000000000000000000031
S315010058700000000000000000000000000000000021
S315010058800000000000000000000000000000000011
S315010058900000000000000000000000000000000001
S315010058A000000000000000000000000000000000F1
S315010058B000000000000000000000000000000000E1
S315010058C000000000000000000000000000000000D1
S315010058D000000000000000000000000000000000C1
S315010058E000000000000000000000000000000000B1
S315010058F000000000000000000000000000000000A1
S315010059000000000000000000000000000000000090
S315010059100000000000000000000000000000000080
S315010059200000000000000000000000000000000070
S315010059300000000000000000000000000000000060
S315010059400000000000000000000000000000000050
S315010059500000000000000000000000000000000040
S315010059600000000000000000000000000000000030
S315010059700000000000000000000000000000000020
S315010059800000000000000000000000000000000010
S315010059900000000000000000000000000000000000
S315010059A000000000000000000000000000000000F0
S315010059B000000000000000000000000000000000E0
S315010059C000000000000000000000000000000000D0
S315010059D000000000000000000000000000000000C0
S315010059E000000000000000000000000000000000B0
S315010059F000000000000000000000000000000000A0
S31501005A00000000000000000000000000000000008F
S31501005A10000000000000000000000000000000007F
S31501005A20000000000000000000000000000000006F
S31501005A30000000000000000000000000000000005F
S31501005A40000000000000000000000000000000004F
S31501005A50000000000000000000000000000000003F
S31501005A60000000000000000000000000000000002F
S31501005A70000000000000000000000000000000001F
S31501005A80000000000000000000000000000000000F
S31501005A9000000000000000000000000000000000FF
S31501005AA000000000000000000000000000000000EF
S31501005AB000000000000000000000000000000000DF
S31501005AC000000000000000000000000000000000CF
S31501005AD000000000000000000000000000000000BF
S31501005AE000000000000000000000000000000000AF
S31501005AF0000000000000000000000000000000009F
S31501005B00000000000000000000000000000000008E
S31501005B10000000000000000000000000000000007E
S31501005B20000000000000000000000000000000006E
S31501005B30000000000000000000000000000000005E
S31501005B40000000000000000000000000000000004E
S31501005B50000000000000000000000000000000003E
S31501005B60000000000000000000000000000000002E
S31501005B70000000000000000000000000000000001E
S31501005B80000000000000000000000000000000000E
S31501005B9000000000000000000000000000000000FE
S31501005BA000000000000000000000000000000000EE
S31501005BB000000000000000000000000000000000DE
S31501005BC000000000000000000000000000000000CE
S31501005BD000000000000000000000000000000000BE
S31501005BE000000000000000000000000000000000AE
S31501005BF0000000000000000000000000000000009E
S31501005C00000000000000000000000000000000008D
S31501005C10000000000000000000000000000000007D
S31501005C20000000000000000000000000000000006D
S31501005C30000000000000000000000000000000005D
S31501005C40000000000000000000000000000000004D
S31501005C50000000000000000000000000000000003D
S31501005C60000000000000000000000000000000002D
S31501005C70000000000000000000000000000000001D
S31501005C80000000000000000000000000000000000D
S31501005C9000000000000000000000000000000000FD
S31501005CA000000000000000000000000000000000ED
S31501005CB000000000000000000000000000000000DD
S31501005CC000000000000000000000000000000000CD
S31501005CD000000000000000000000000000000000BD
S31501005CE000000000000000000000000000000000AD
S31501005CF0000000000000000000000000000000009D
S31501005D00000000000000000000000000000000008C
S31501005D10000000000000000000000000000000007C
S31501005D20000000000000000000000000000000006C
S31501005D30000000000000000000000000000000005C
S31501005D40000000000000000000000000000000004C
S31501005D50000000000000000000000000000000003C
S31501005D60000000000000000000000000000000002C
S31501005D70000000000000000000000000000000001C
S31501005D80000000000000000000000000000000000C
S31501005D9000000000000000000000000000000000FC
S31501005DA000000000000000000000000000000000EC
S31501005DB000000000000000000000000000000000DC
S31501005DC000000000000000000000000000000000CC
S31501005DD000000000000000000000000000000000BC
S31501005DE000000000000000000000000000000000AC
S31501005DF0000000000000000000000000000000009C
S31501005E00000000000000000000000000000000008B
S31501005E10000000000000000000000000000000007B
S31501005E20000000000000000000000000000000006B
S31501005E30000000000000000000000000000000005B
S31501005E40000000000000000000000000000000004B
S31501005E50000000000000000000000000000000003B
S31501005E60000000000000000000000000000000002B
S31501005E70000000000000000000000000000000001B
S31501005E80000000000000000000000000000000000B
S31501005E9000000000000000000000000000000000FB
S31501005EA000000000000000000000000000000000EB
S31501005EB000000000000000000000000000000000DB
S31501005EC000000000000000000000000000000000CB
S31501005ED000000000000000000000000000000000BB
S31501005EE000000000000000000000000000000000AB
S31501005EF0000000000000000000000000000000009B
S31501005F00000000000000000000000000000000008A
S31501005F10000000000000000000000000000000007A
S31501005F20000000000000000000000000000000006A
S31501005F30000000000000000000000000000000005A
S31501005F40000000000000000000000000000000004A
S31501005F50000000000000000000000000000000003A
S31501005F60000000000000000000000000000000002A
S31501005F70000000000000000000000000000000001A
S31501005F80000000000000000000000000000000000A
S31501005F9000000000000000000000000000000000FA
S31501005FA000000000000000000000000000000000EA
S31501005FB000000000000000000000000000000000DA
S31501005FC000000000000000000000000000000000CA
S31501005FD000000000000000000000000000000000BA
S31501005FE000000000000000000000000000000000AA
S31501005FF0000000000000000000000000000000009A
S315010060000000000000000000000000000000000089
S315010060100000000000000000000000000000000079
S315010060200000000000000000000000000000000069
S315010060300000000000000000000000000000000059
S315010060400000000000000000000000000000000049
S315010060500000000000000000000000000000000039
S315010060600000000000000000000000000000000029
S315010060700000000000000000000000000000000019
S315010060800000000000000000000000000000000009
S3150100609000000000000000000000000000000000F9
S315010060A000000000000000000000000000000000E9
S315010060B000000000000000000000000000000000D9
S315010060C000000000000000000000000000000000C9
S315010060D000000000000000000000000000000000B9
S315010060E000000000000000000000000000000000A9
S315010060F00000000000000000000000000000000099
S315010061000000000000000000000000000000000088
S315010061100000000000000000000000000000000078
S315010061200000000000000000000000000000000068
S315010061300000000000000000000000000000000058
S315010061400000000000000000000000000000000048
S315010061500000000000000000000000000000000038
S315010061600000000000000000000000000000000028
S315010061700000000000000000000000000000000018
S315010061800000000000000000000000000000000008
S3150100619000000000000000000000000000000000F8
S315010061A000000000000000000000000000000000E8
S315010061B000000000000000000000000000000000D8
S315010061C000000000000000000000000000000000C8
S315010061D000000000000000000000000000000000B8
S315010061E000000000000000000000000000000000A8
S315010061F00000000000000000000000000000000098
S315010062000000000000000000000000000000000087
S315010062100000000000000000000000000000000077
S315010062200000000000000000000000000000000067
S315010062300000000000000000000000000000000057
S315010062400000000000000000000000000000000047
S315010062500000000000000000000000000000000037
S315010062600000000000000000000000000000000027
S315010062700000000000000000000000000000000017
S315010062800000000000000000000000000000000007
S3150100629000000000000000000000000000000000F7
S315010062A000000000000000000000000000000000E7
S315010062B000000000000000000000000000000000D7
S315010062C000000000000000000000000000000000C7
S315010062D000000000000000000000000000000000B7
S315010062E000000000000000000000000000000000A7
S315010062F00000000000000000000000000000000097
S315010063000000000000000000000000000000000086
S315010063100000000000000000000000000000000076
S315010063200000000000000000000000000000000066
S315010063300000000000000000000000000000000056
S315010063400000000000000000000000000000000046
S315010063500000000000000000000000000000000036
S315010063600000000000000000000000000000000026
S315010063700000000000000000000000000000000016
S315010063800000000000000000000000000000000006
S3150100639000000000000000000000000000000000F6
S315010063A000000000000000000000000000000000E6
S315010063B000000000000000000000000000000000D6
S315010063C000000000000000000000000000000000C6
S315010063D000000000000000000000000000000000B6
S315010063E000000000000000000000000000000000A6
S315010063F00000000000000000000000000000000096
S315010064000000000000000000000000000000000085
S315010064100000000000000000000000000000000075
S315010064200000000000000000000000000000000065
S315010064300000000000000000000000000000000055
S315010064400000000000000000000000000000000045
S315010064500000000000000000000000000000000035
S315010064600000000000000000000000000000000025
S315010064700000000000000000000000000000000015
S315010064800000000000000000000000000000000005
S3150100649000000000000000000000000000000000F5
S315010064A000000000000000000000000000000000E5
S315010064B000000000000000000000000000000000D5
S315010064C000000000000000000000000000000000C5
S315010064D000000000000000000000000000000000B5
S315010064E000000000000000000000000000000000A5
S315010064F00000000000000000000000000000000095
S315010065000000000000000000000000000000000084
S315010065100000000000000000000000000000000074
S315010065200000000000000000000000000000000064
S315010065300000000000000000000000000000000054
S315010065400000000000000000000000000000000044
S315010065500000000000000000000000000000000034
S315010065600000000000000000000000000000000024
S315010065700000000000000000000000000000000014
S315010065800000000000000000000000000000000004
S3150100659000000000000000000000000000000000F4
S315010065A000000000000000000000000000000000E4
S315010065B000000000000000000000000000000000D4
S315010065C000000000000000000000000000000000C4
S315010065D000000000000000000000000000000000B4
S315010065E000000000000000000000000000000000A4
S315010065F00000000000000000000000000000000094
S315010066000000000000000000000000000000000083
S315010066100000000000000000000000000000000073
S315010066200000000000000000000000000000000063
S315010066300000000000000000000000000000000053
S315010066400000000000000000000000000000000043
S315010066500000000000000000000000000000000033
S315010066600000000000000000000000000000000023
S315010066700000000000000000000000000000000013
S315010066800000000000000000000000000000000003
S3150100669000000000000000000000000000000000F3
S315010066A000000000000000000000000000000000E3
S315010066B000000000000000000000000000000000D3
S315010066C000000000000000000000000000000000C3
S315010066D000000000000000000000000000000000B3
S315010066E000000000000000000000000000000000A3
S315010066F00000000000000000000000000000000093
S315010067000000000000000000000000000000000082
S315010067100000000000000000000000000000000072
S315010067200000000000000000000000000000000062
S315010067300000000000000000000000000000000052
S315010067400000000000000000000000000000000042
S315010067500000000000000000000000000000000032
S315010067600000000000000000000000000000000022
S315010067700000000000000000000000000000000012
S315010067800000000000000000000000000000000002
S3150100679000000000000000000000000000000000F2
S315010067A000000000000000000000000000000000E2
S315010067B000000000000000000000000000000000D2
S315010067C000000000000000000000000000000000C2
S315010067D000000000000000000000000000000000B2
S315010067E000000000000000000000000000000000A2
S315010067F00000000000000000000000000000000092
S315010068000000000000000000000000000000000081
S315010068100000000000000000000000000000000071
S315010068200000000000000000000000000000000061
S315010068300000000000000000000000000000000051
S315010068400000000000000000000000000000000041
S315010068500000000000000000000000000000000031
S315010068600000000000000000000000000000000021
S315010068700000000000000000000000000000000011
S315010068800000000000000000000000000000000001
S3150100689000000000000000000000000000000000F1
S315010068A000000000000000000000000000000000E1
S315010068B000000000000000000000000000000000D1
S315010068C000000000000000000000000000000000C1
S315010068D000000000000000000000000000000000B1
S315010068E000000000000000000000000000000000A1
S315010068F00000000000000000000000000000000091
S315010069000000000000000000000000000000000080
S315010069100000000000000000000000000000000070
S315010069200000000000000000000000000000000060
S315010069300000000000000000000000000000000050
S315010069400000000000000000000000000000000040
S315010069500000000000000000000000000000000030
S315010069600000000000000000000000000000000020
S315010069700000000000000000000000000000000010
S315010069800000000000000000000000000000000000
S3150100699000000000000000000000000000000000F0
S315010069A000000000000000000000000000000000E0
S315010069B000000000000000000000000000000000D0
S315010069C000000000000000000000000000000000C0
S315010069D000000000000000000000000000000000B0
S315010069E000000000000000000000000000000000A0
S315010069F00000000000000000000000000000000090
S31501006A00000000000000000000000000000000007F
S31501006A10000000000000000000000000000000006F
S31501006A20000000000000000000000000000000005F
S31501006A30000000000000000000000000000000004F
S31501006A40000000000000000000000000000000003F
S31501006A50000000000000000000000000000000002F
S31501006A60000000000000000000000000000000001F
S31501006A70000000000000000000000000000000000F
S31501006A8000000000000000000000000000000000FF
S31501006A9000000000000000000000000000000000EF
S31501006AA000000000000000000000000000000000DF
S31501006AB000000000000000000000000000000000CF
S31501006AC000000000000000000000000000000000BF
S31501006AD000000000000000000000000000000000AF
S31501006AE0000000000000000000000000000000009F
S31501006AF0000000000000000000000000000000008F
S31501006B00000000000000000000000000000000007E
S31501006B10000000000000000000000000000000006E
S31501006B20000000000000000000000000000000005E
S31501006B30000000000000000000000000000000004E
S31501006B40000000000000000000000000000000003E
S31501006B50000000000000000000000000000000002E
S31501006B60000000000000000000000000000000001E
S31501006B70000000000000000000000000000000000E
S31501006B8000000000000000000000000000000000FE
S31501006B9000000000000000000000000000000000EE
S31501006BA000000000000000000000000000000000DE
S31501006BB000000000000000000000000000000000CE
S31501006BC000000000000000000000000000000000BE
S31501006BD000000000000000000000000000000000AE
S31501006BE0000000000000000000000000000000009E
S31501006BF0000000000000000000000000000000008E
S31501006C00000000000000000000000000000000007D
S31501006C10000000000000000000000000000000006D
S31501006C20000000000000000000000000000000005D
S31501006C30000000000000000000000000000000004D
S31501006C40000000000000000000000000000000003D
S31501006C50000000000000000000000000000000002D
S31501006C60000000000000000000000000000000001D
S31501006C70000000000000000000000000000000000D
S31501006C8000000000000000000000000000000000FD
S31501006C9000000000000000000000000000000000ED
S31501006CA000000000000000000000000000000000DD
S31501006CB000000000000000000000000000000000CD
S31501006CC000000000000000000000000000000000BD
S31501006CD000000000000000000000000000000000AD
S31501006CE0000000000000000000000000000000009D
S31501006CF0000000000000000000000000000000008D
S31501006D00000000000000000000000000000000007C
S31501006D10000000000000000000000000000000006C
S31501006D20000000000000000000000000000000005C
S31501006D30000000000000000000000000000000004C
S31501006D40000000000000000000000000000000003C
S31501006D50000000000000000000000000000000002C
S31501006D60000000000000000000000000000000001C
S31501006D70000000000000000000000000000000000C
S31501006D8000000000000000000000000000000000FC
S31501006D9000000000000000000000000000000000EC
S31501006DA000000000000000000000000000000000DC
S31501006DB000000000000000000000000000000000CC
S31501006DC000000000000000000000000000000000BC
S31501006DD000000000000000000000000000000000AC
S31501006DE0000000000000000000000000000000009C
S31501006DF0000000000000000000000000000000008C
S31501006E00000000000000000000000000000000007B
S31501006E10000000000000000000000000000000006B
S31501006E20000000000000000000000000000000005B
S31501006E30000000000000000000000000000000004B
S31501006E40000000000000000000000000000000003B
S31501006E50000000000000000000000000000000002B
S31501006E60000000000000000000000000000000001B
S31501006E70000000000000000000000000000000000B
S31501006E8000000000000000000000000000000000FB
S31501006E9000000000000000000000000000000000EB
S31501006EA000000000000000000000000000000000DB
S31501006EB000000000000000000000000000000000CB
S31501006EC000000000000000000000000000000000BB
S31501006ED000000000000000000000000000000000AB
S31501006EE0000000000000000000000000000000009B
S31501006EF0000000000000000000000000000000008B
S31501006F00000000000000000000000000000000007A
S31501006F10000000000000000000000000000000006A
S31501006F20000000000000000000000000000000005A
S31501006F30000000000000000000000000000000004A
S31501006F40000000000000000000000000000000003A
S31501006F50000000000000000000000000000000002A
S31501006F60000000000000000000000000000000001A
S31501006F70000000000000000000000000000000000A
S31501006F8000000000000000000000000000000000FA
S31501006F9000000000000000000000000000000000EA
S31501006FA000000000000000000000000000000000DA
S31501006FB000000000000000000000000000000000CA
S31501006FC000000000000000000000000000000000BA
S31501006FD000000000000000000000000000000000AA
S31501006FE0000000000000000000000000000000009A
S31501006FF0000000000000000000000000000000008A
S315010070000000000000000000000000000000000079
S315010070100000000000000000000000000000000069
S315010070200000000000000000000000000000000059
S315010070300000000000000000000000000000000049
S315010070400000000000000000000000000000000039
S315010070500000000000000000000000000000000029
S315010070600000000000000000000000000000000019
S315010070700000000000000000000000000000000009
S3150100708000000000000000000000000000000000F9
S3150100709000000000000000000000000000000000E9
S315010070A000000000000000000000000000000000D9
S315010070B000000000000000000000000000000000C9
S315010070C000000000000000000000000000000000B9
S315010070D000000000000000000000000000000000A9
S315010070E00000000000000000000000000000000099
S315010070F00000000000000000000000000000000089
S315010071000000000000000000000000000000000078
S315010071100000000000000000000000000000000068
S315010071200000000000000000000000000000000058
S315010071300000000000000000000000000000000048
S315010071400000000000000000000000000000000038
S315010071500000000000000000000000000000000028
S315010071600000000000000000000000000000000018
S315010071700000000000000000000000000000000008
S3150100718000000000000000000000000000000000F8
S3150100719000000000000000000000000000000000E8
S315010071A000000000000000000000000000000000D8
S315010071B000000000000000000000000000000000C8
S315010071C000000000000000000000000000000000B8
S315010071D000000000000000000000000000000000A8
S315010071E00000000000000000000000000000000098
S315010071F00000000000000000000000000000000088
S315010072000000000000000000000000000000000077
S315010072100000000000000000000000000000000067
S315010072200000000000000000000000000000000057
S315010072300000000000000000000000000000000047
S315010072400000000000000000000000000000000037
S315010072500000000000000000000000000000000027
S315010072600000000000000000000000000000000017
S315010072700000000000000000000000000000000007
S3150100728000000000000000000000000000000000F7
S3150100729000000000000000000000000000000000E7
S315010072A000000000000000000000000000000000D7
S315010072B000000000000000000000000000000000C7
S315010072C000000000000000000000000000000000B7
S315010072D000000000000000000000000000000000A7
S315010072E00000000000000000000000000000000097
S315010072F00000000000000000000000000000000087
S315010073000000000000000000000000000000000076
S315010073100000000000000000000000000000000066
S315010073200000000000000000000000000000000056
S315010073300000000000000000000000000000000046
S315010073400000000000000000000000000000000036
S315010073500000000000000000000000000000000026
S315010073600000000000000000000000000000000016
S315010073700000000000000000000000000000000006
S3150100738000000000000000000000000000000000F6
S3150100739000000000000000000000000000000000E6
S315010073A000000000000000000000000000000000D6
S315010073B000000000000000000000000000000000C6
S315010073C000000000000000000000000000000000B6
S315010073D000000000000000000000000000000000A6
S315010073E00000000000000000000000000000000096
S315010073F00000000000000000000000000000000086
S315010074000000000000000000000000000000000075
S315010074100000000000000000000000000000000065
S315010074200000000000000000000000000000000055
S315010074300000000000000000000000000000000045
S315010074400000000000000000000000000000000035
S315010074500000000000000000000000000000000025
S315010074600000000000000000000000000000000015
S315010074700000000000000000000000000000000005
S3150100748000000000000000000000000000000000F5
S3150100749000000000000000000000000000000000E5
S315010074A000000000000000000000000000000000D5
S315010074B000000000000000000000000000000000C5
S315010074C000000000000000000000000000000000B5
S315010074D000000000000000000000000000000000A5
S315010074E00000000000000000000000000000000095
S315010074F00000000000000000000000000000000085
S315010075000000000000000000000000000000000074
S315010075100000000000000000000000000000000064
S315010075200000000000000000000000000000000054
S315010075300000000000000000000000000000000044
S315010075400000000000000000000000000000000034
S315010075500000000000000000000000000000000024
S315010075600000000000000000000000000000000014
S315010075700000000000000000000000000000000004
S3150100758000000000000000000000000000000000F4
S3150100759000000000000000000000000000000000E4
S315010075A000000000000000000000000000000000D4
S315010075B000000000000000000000000000000000C4
S315010075C000000000000000000000000000000000B4
S315010075D000000000000000000000000000000000A4
S315010075E00000000000000000000000000000000094
S315010075F00000000000000000000000000000000084
S315010076000000000000000000000000000000000073
S315010076100000000000000000000000000000000063
S315010076200000000000000000000000000000000053
S315010076300000000000000000000000000000000043
S315010076400000000000000000000000000000000033
S315010076500000000000000000000000000000000023
S315010076600000000000000000000000000000000013
S315010076700000000000000000000000000000000003
S3150100768000000000000000000000000000000000F3
S3150100769000000000000000000000000000000000E3
S315010076A000000000000000000000000000000000D3
S315010076B000000000000000000000000000000000C3
S315010076C000000000000000000000000000000000B3
S315010076D000000000000000000000000000000000A3
S315010076E00000000000000000000000000000000093
S315010076F00000000000000000000000000000000083
S315010077000000000000000000000000000000000072
S315010077100000000000000000000000000000000062
S315010077200000000000000000000000000000000052
S315010077300000000000000000000000000000000042
S315010077400000000000000000000000000000000032
S315010077500000000000000000000000000000000022
S315010077600000000000000000000000000000000012
S315010077700000000000000000000000000000000002
S3150100778000000000000000000000000000000000F2
S3150100779000000000000000000000000000000000E2
S315010077A000000000000000000000000000000000D2
S315010077B000000000000000000000000000000000C2
S315010077C000000000000000000000000000000000B2
S315010077D000000000000000000000000000000000A2
S315010077E00000000000000000000000000000000092
S315010077F00000000000000000000000000000000082
S315010078000000000000000000000000000000000071
S315010078100000000000000000000000000000000061
S315010078200000000000000000000000000000000051
S315010078300000000000000000000000000000000041
S315010078400000000000000000000000000000000031
S315010078500000000000000000000000000000000021
S315010078600000000000000000000000000000000011
S315010078700000000000000000000000000000000001
S3150100788000000000000000000000000000000000F1
S3150100789000000000000000000000000000000000E1
S315010078A000000000000000000000000000000000D1
S315010078B000000000000000000000000000000000C1
S315010078C000000000000000000000000000000000B1
S315010078D000000000000000000000000000000000A1
S315010078E00000000000000000000000000000000091
S315010078F00000000000000000000000000000000081
S315010079000000000000000000000000000000000070
S315010079100000000000000000000000000000000060
S315010079200000000000000000000000000000000050
S315010079300000000000000000000000000000000040
S315010079400000000000000000000000000000000030
S315010079500000000000000000000000000000000020
S315010079600000000000000000000000000000000010
S315010079700000000000000000000000000000000000
S3150100798000000000000000000000000000000000F0
S3150100799000000000000000000000000000000000E0
S315010079A000000000000000000000000000000000D0
S315010079B000000000000000000000000000000000C0
S315010079C000000000000000000000000000000000B0
S315010079D000000000000000000000000000000000A0
S315010079E00000000000000000000000000000000090
S315010079F00000000000000000000000000000000080
S31501007A00000000000000000000000000000000006F
S31501007A10000000000000000000000000000000005F
S31501007A20000000000000000000000000000000004F
S31501007A30000000000000000000000000000000003F
S31501007A40000000000000000000000000000000002F
S31501007A50000000000000000000000000000000001F
S31501007A60000000000000000000000000000000000F
S31501007A7000000000000000000000000000000000FF
S31501007A8000000000000000000000000000000000EF
S31501007A9000000000000000000000000000000000DF
S31501007AA000000000000000000000000000000000CF
S31501007AB000000000000000000000000000000000BF
S31501007AC000000000000000000000000000000000AF
S31501007AD0000000000000000000000000000000009F
S31501007AE0000000000000000000000000000000008F
S31501007AF0000000000000000000000000000000007F
S31501007B00000000000000000000000000000000006E
S31501007B10000000000000000000000000000000005E
S31501007B20000000000000000000000000000000004E
S31501007B30000000000000000000000000000000003E
S31501007B40000000000000000000000000000000002E
S31501007B50000000000000000000000000000000001E
S31501007B60000000000000000000000000000000000E
S31501007B7000000000000000000000000000000000FE
S31501007B8000000000000000000000000000000000EE
S31501007B9000000000000000000000000000000000DE
S31501007BA000000000000000000000000000000000CE
S31501007BB000000000000000000000000000000000BE
S31501007BC000000000000000000000000000000000AE
S31501007BD0000000000000000000000000000000009E
S31501007BE0000000000000000000000000000000008E
S31501007BF0000000000000000000000000000000007E
S31501007C00000000000000000000000000000000006D
S31501007C10000000000000000000000000000000005D
S31501007C20000000000000000000000000000000004D
S31501007C30000000000000000000000000000000003D
S31501007C40000000000000000000000000000000002D
S31501007C50000000000000000000000000000000001D
S31501007C60000000000000000000000000000000000D
S31501007C7000000000000000000000000000000000FD
S31501007C8000000000000000000000000000000000ED
S31501007C9000000000000000000000000000000000DD
S31501007CA000000000000000000000000000000000CD
S31501007CB000000000000000000000000000000000BD
S31501007CC000000000000000000000000000000000AD
S31501007CD0000000000000000000000000000000009D
S31501007CE0000000000000000000000000000000008D
S31501007CF0000000000000000000000000000000007D
S31501007D00000000000000000000000000000000006C
S31501007D10000000000000000000000000000000005C
S31501007D20000000000000000000000000000000004C
S31501007D30000000000000000000000000000000003C
S31501007D40000000000000000000000000000000002C
S31501007D50000000000000000000000000000000001C
S31501007D60000000000000000000000000000000000C
S31501007D7000000000000000000000000000000000FC
S31501007D8000000000000000000000000000000000EC
S31501007D9000000000000000000000000000000000DC
S31501007DA000000000000000000000000000000000CC
S31501007DB000000000000000000000000000000000BC
S31501007DC000000000000000000000000000000000AC
S31501007DD0000000000000000000000000000000009C
S31501007DE0000000000000000000000000000000008C
S31501007DF0000000000000000000000000000000007C
S31501007E00000000000000000000000000000000006B
S31501007E10000000000000000000000000000000005B
S31501007E20000000000000000000000000000000004B
S31501007E30000000000000000000000000000000003B
S31501007E40000000000000000000000000000000002B
S31501007E50000000000000000000000000000000001B
S31501007E60000000000000000000000000000000000B
S31501007E7000000000000000000000000000000000FB
S31501007E8000000000000000000000000000000000EB
S31501007E9000000000000000000000000000000000DB
S31501007EA000000000000000000000000000000000CB
S31501007EB000000000000000000000000000000000BB
S31501007EC000000000000000000000000000000000AB
S31501007ED0000000000000000000000000000000009B
S31501007EE0000000000000000000000000000000008B
S31501007EF0000000000000000000000000000000007B
S31501007F00000000000000000000000000000000006A
S31501007F10000000000000000000000000000000005A
S31501007F20000000000000000000000000000000004A
S31501007F30000000000000000000000000000000003A
S31501007F40000000000000000000000000000000002A
S31501007F50000000000000000000000000000000001A
S31501007F60000000000000000000000000000000000A
S31501007F7000000000000000000000000000000000FA
S31501007F8000000000000000000000000000000000EA
S31501007F9000000000000000000000000000000000DA
S31501007FA000000000000000000000000000000000CA
S31501007FB000000000000000000000000000000000BA
S31501007FC000000000000000000000000000000000AA
S31501007FD0000000000000000000000000000000009A
S31501007FE0000000000000000000000000000000008A
S31501007FF0000000000000000000000000000000007A
S31501008000203200201D8C0101218C0101218C0101EE
S31501008010218C0101218C0101218C0101218C01019D
S31501008020218C0101218C0101218C01017D17800028
S31501008030218C010178DC010121178000670F800086
S31501008040218C010131050101218C0101218C0101E4
S31501008050218C0101218C0101218C0101218C01015D
S31501008060218C0101218C0101218C0101218C01014D
S31501008070218C0101218C0101218C0101218C01013D
S31501008080218C0101218C0101218C0101218C01012D
S31501008090218C0101218C0101218C0101218C01011D
S315010080A0218C0101218C0101218C0101218C01010D
S315010080B0218C0101218C0101218C0101218C0101FD
S315010080C0218C0101218C0101218C0101218C0101ED
S315010080D0218C0101218C0101218C0101218C0101DD
S315010080E0218C0101218C0101C1E30001A1E3000101
S315010080F0218C0101218C0101218C0101218C0101BD
S31501008100218C0101218C0101218C0101218C0101AC
S31501008110218C0101218C0101218C0101218C01019C
S31501008120218C0101218C0101218C0101218C01018C
S31501008130218C0101218C0101218C0101218C01017C
S31501008140218C0101218C010149250101218C0101AB
S31501008150218C0101218C0101218C0101218C01015C
S31501008160218C0101218C01012D0B8000218C010143
S31501008170218C0101218C0101218C0101218C01013C
S31501008180218C0101218C0101218C0101218C01012C
S31501008190218C0101218C0101218C0101218C01011C
S30D010081A0218C0101218C010172
S315010081A8014B1868704700BF507B00200A4B1B6FB4
S315010081B803F00703013B042B04D8DFE803F00B04A3
S315010081C807030900FEE7054B18687047044BFBE7F0
S315010081D8044BF9E70448704700408040507B002073
S315010081E8587B00204C7B0020002D310108B5FFF794
S315010081F8DDFF054B1B6FC3F303330133B0FBF3F00C
S31501008208024B186008BD00BF00408040487B002033
S3150100821800487047002D3101014B1868704700BFAF
S31501008228587B0020002070474FF40022074B5A66FE
S31501008238074B9B6813F4E04FC3F3023204D0012ABB
S31501008248044818BF00207047034870470050804013
S3150100825800001040005A6202002D3101014B1868D6
S31501008268704700BF547B00204FF4004070474FF41D
S315010082787A70704709B100F00DB8222070470121C4
S3150100828800F072B9002100F06FB909B100F092B996
S315010082982220704770B504460D4600F0EFFB0646EE
S315010082A81D2C00F25A81DFE814F01E002700580140
S315010082B82A0034003F002E015600610058017A0059
S315010082C8DF007E009200580158019600A900580166
S315010082D8AD005801B10058014601F30058010A01E1
S315010082E8CB0058013E01FFF761FF002428603046A4
S315010082F800F0BFFB204670BDFFF778FFF5E7994B05
S315010083081C6FFFF773FFC4F380240134B0FBF4F04C
S31501008318EBE7944B1C6FFFF769FFC4F38024013424
S31501008328B0FBF4F04008E0E78E4BD3F88000D3F8B1
S315010083388030C0F3011003F00303022B00F101049E
S3150100834800F0D880032B00F0D880012B40F0818003
S31501008358FFF72CFFDAE7FFF729FF824BD3F89030B6
S31501008368C3F304430133B0FBF3F0BEE77D4BD3F807
S31501008378203103F00703013B052B6AD8DFE813F028
S315010083880600E7000C0009000600E700FFF708FFF2
S31501008398ABE7FFF749FFA8E7FFF73AFFA5E7714BF8
S315010083A8D3F82831E5E76F4BD3F8403103F00303DF
S315010083B8022B06D0032B07D0012B4AD1FFF754FF16
S315010083C893E7FFF74BFF90E7FFF751FF8DE7654B03
S315010083D8D3F86031EAE7634BD3F8003203F00703B9
S315010083E8013B032B35D801A252F823F01D02800068
S315010083F823028000290280005D028000FFF7F6FE55
S31501008408800A72E7574BD3F84032CFE7554BD3F87A
S31501008418203203F00703013B032B1AD801A252F8B5
S3150100842823F000BF95028000F30180001D02800041
S315010084382302800029460A20FFF72CFF044656E747
S31501008448484BD3F8703203F00303012B05D0022BF6
S3150100845806D0002302242B6049E729460C20EBE7C6
S3150100846800230F242B6042E73E4BD3F8A83203F0D2
S315010084780703013B032BECD801A252F823F000BFF6
S31501008488ED018000AF038000F9018000F30180004F
S31501008498344BD3F8AC3203F00703013B032BD8D88E
S315010084A801A252F823F000BF19038000F3018000EE
S315010084B81D0280002302800029460B20BCE7294BB8
S315010084C8D3F8B002D3F8B03200F03F0003F4E0630A
S315010084D8B3F5407F00F1010412D008D8B3F5807FC7
S315010084E80BD0B3F5007FB4D1FFF796FE0EE7B3F5CF
S315010084F8806FAED1FFF798FE08E7FFF751FE05E753
S31501008508FFF786FE02E7174BD3F8803103F0030322
S31501008518022B3FF441AF032B3FF43BAF012B98D11C
S315010085282946082088E74FF0E0231B6929465B079F
S3150100853894D5012080E70B4BD3F8003103F00303F0
S31501008548022B3FF43EAF032B04D0012B81D1FFF759
S3150100855863FECAE6FFF766FEC7E6002321242B6001
S31501008568C5E600BF00408040E0B1026812F4E07F32
S31501008578C2F382130FD0012B0FD0032B12D10A4B52
S3150100858869B103F58053012102F03F0201FA02F2B3
S3150100859800201A607047054BF2E7054BF0E703F533
S315010085A80053F0E70E207047B44280406440804093
S315010085B868408040B8B1026812F4E07FC2F38213C2
S315010085C80DD0012B0DD0032B0DD1084B1B6802F0E2
S315010085D83F02D34003F0010300200B707047044BA0
S315010085E8F4E7044BF2E70E20704700BFB44280401F
S315010085F86440804068408040F8B5164F05463B7890
S31501008608834218D0144B1A6840F201239A4212D9B0
S31501008618A0B10B2819D1114C6379C3B900F02EFA10
S31501008628214606460E4800F061F90446304600F038
S3150100863820FA0CB93D7000242046F8BD00F01EFA58
S315010086480646074800F036F9EFE72124F4E70E2439
S31501008658F2E700BFAC7C002018540020AD7C002056
S315010086681C5400200122437801789A40302359434B
S31501008678014B5A50704700BF40D083400346064815
S3150100868802689A4203D841680A44934202D3406A6F
S315010086980028F5D1704700BF4854002038B5054673
S315010086A800F0E3F94FF400410D4A0E4B9B6E9166BB
S315010086B802F53C32546803F40043E443012204F012
S315010086C8010455B108494A601BB94FF40042074BEA
S315010086D89A6600F0C5F9204638BD0549F3E700BF9B
S315010086E80050804000408040006083400060804028
S315010086F800508340B0F5802F22D010D8B0F5003F46
S3150100870820D007D818B3B0F5803F08BF482018BF56
S3150100871801207047B0F5403F08BF2C20F7E7B0F5B8
S31501008728302F11D007D8B0F5E02F0FD0B0F5202F94
S3150100873808BF1020EBE7B0F57F0F08BF0620E6E774
S315010087484B2070472A207047112070472120704717
S3150100875808B54FF0FF31064800F0BFF938B94FF4B4
S315010087688062044B9A66BFF34F8FBFF36F8F08BDC4
S31501008778C4510020005080404FF48062024B0348E8
S315010087889A6600F0C8B900BF00608040C451002055
S3150100879870B50446002855D0FFF7DAFF03460028CE
S315010087A84ED194F825602EB1FFF778FF01220646CF
S315010087B8254B1A70204600F022F994F824304BB95B
S315010087C84FF085435A6CD202FCD55D6D1B6805F4E2
S315010087D8702512E04FF08545AB6D43F00203AB659A
S315010087E800F0B4FC02281BD0AB6D23F00203AB6585
S315010087F84FF4A022154B1D681A6094F8253033B141
S3150100880816B10120FFF74AFF00220F4B1A70FFF736
S31501008818B3FF0346A5B12846BDE87040FFF76ABF16
S315010088280B4B4FF0FF31186E00F064FEAB6D23F071
S315010088380203AB650028DBD02B68FFF79DFF0123F8
S31501008848184670BD2123FBE7FE790020887B0020AE
S315010088586051002008B528B12822002100F036FC15
S31501008868002008BD2120FCE7012310B580F825303A
S315010088780446FFF78DFF002384F8253010BD00005C
S3150100888838B51546044688B182B1094B0360002301
S3150100889843600362836000F0A9F82046294600F088
S315010088A8A5F82046BDE83840FFF7DEBF212038BDD0
S315010088B8000062FF13B501A9044600F06BF880B900
S315010088C840F20123019A9A420DD96FF48072A3F5F9
S315010088D86B03134460602062A06023602046FFF7A3
S315010088E857FF02B010BD0F20FBE700002DE9F74343
S315010088F891F800800446A8F10603052B42D8B1F881
S315010089080150B5F5006F3DD2CF78052F3AD80E79CB
S31501008918032E37D891F8059019F0FD0F32D101A928
S3150100892800F038F8E8B940F20122019B93421BD9BD
S31501008938164B606023604946A0602062204600F01D
S3150100894855F8204645EA084100F050F839462046D0
S3150100895800F04CF83146204600F048F82046FFF76B
S3150100896817FF03B0BDE8F083B3F5007F0CD3084BBE
S3150100897860604946A06020622360204600F036F810
S315010089882946E8E72120ECE70F20EAE7000215FF70
S31501008998000015FF37B50C4610B309B300F065F8AA
S315010089A800230DF1070105460E488DF80730FFF73C
S315010089B86CFC0C48FFF763FC0B4BD3F80C362360B1
S315010089C89DF8073013B90748FFF75CFC284600F005
S315010089D847F80020236823F07F43236003B030BDA6
S315010089E82120FBE774EB010100408740036A042B51
S315010089F89FBF00EB83020133D16003627047036AAC
S31501008A08052B16D84FF08542116CC902FCD50021F9
S31501008A1805339B00136511600168143B11604168B9
S31501008A28116050F8081F11604FF0854203449842BF
S31501008A3800D1704750F8041F1160F8E7836882B0C7
S31501008A4813B9816002B0704783680193019B5B6823
S31501008A58012B019B01D15960F4E75B68F5E700003A
S31501008A6810B962B6BFF36F8F7047EFF3108072B615
S31501008A78704780F31188BFF36F8F7047EFF311804A
S31501008A88302383F311887047EFF31083DB0706D48D
S31501008A98EFF311802F2894BF002001207047012091
S31501008AA87047000070B50546A8B1FFF7DEFF064618
S31501008AB8286E00F0A2FC044640B100F0FEFB844299
S31501008AC809BF6C6D0124E44304F001043046FFF745
S31501008AD8C7FF204670BD0124FBE738B50D4604469D
S31501008AE8B8B100F033FB02280FD1FFF7CDFF20B153
S31501008AF82046BDE83840FFF7D5BF2946206E00F06D
S31501008B0835FC003818BF012038BD0328F0D00020F5
S31501008B18FAE70120F8E710B50446B0B100F016FBF4
S31501008B2802280ED1FFF7B0FF20B12046BDE810405C
S31501008B38FFF7B8BF206E00F03EFC003818BF0120D1
S31501008B4810BD0328F1D00020FAE70120F8E700005C
S31501008B58012870B504460D463FD8224B5B68C3F31E
S31501008B680803CBB94FF0FF311F48FFF7B6FFE8B945
S31501008B7864201E4B1E4E4FF0FF3100FB043034605B
S31501008B88FFF7ABFF90B9336833B92DB14A201AF014
S31501008B98F3DA0122174B1A72124D44B91648FFF738
S31501008BA86EFB6B68C3F30803CBB9002070BD13488D
S31501008BB8FFF765FB6B68C3F30803002BF5D0104B71
S31501008BC8DA6B12F0430FFBD19B6A0E4A13F02403AA
S31501008BD818BF012314201360E8E72120E6E70F20D8
S31501008BE8E4E700BF00ED00E0E4540020485500200A
S31501008BF87C540020B07B002078EB01017CEB01015D
S31501008C0800400041AC7B0020044B5B68C3F30803BA
S31501008C1813B90348FFF77FBF0020704700ED00E056
S31501008C28E454002070B504461348FFF73BFFD0B95A
S31501008C3826684EB9114D2B7A1BB14A201AF09ADAD9
S31501008C482E720F48FFF71EFB2368012B0BD10D4B24
S31501008C585B68C3F3080333B90B4B1B68112B02D1AD
S31501008C680A48FFF70FFB64202268094BBDE87040EC
S31501008C7800FB0230FFF74FBFE4540020B07B002011
S31501008C8878EB010100ED00E0AC7B00207CEB0101F3
S31501008C98485500200A4B1A680123934018400ED004
S31501008CA8084B5B68C3F308033BB1074AD36B13F060
S31501008CB8430FFBD1012000F03BB81046FBE7704794
S31501008CC87C54002000ED00E00040004108B54FF05B
S31501008CD882439A6A12F0340F1CBF34221A63074B77
S31501008CE81B7A53B100F032FA0238012805D8044B31
S31501008CF8186EBDE8084000F02BBC08BDB07B00200B
S31501008D088054002008B5084B1B7A5BB100F01EFAA7
S31501008D18022807D1054B4FF0FF31186EBDE8084010
S31501008D2800F0E8BB08BD00BFB07B002080540020DE
S31501008D3801280BD8074B5B68C3F3080343B90C2218
S31501008D48054B06481B6802FB030070470020704765
S31501008D580348704700ED00E07C540020B07B0020FA
S31501008D68BC7B00204368BFF34F8F5858BFF34F8F22
S31501008D7870474368BFF34F8F5A50BFF34F8F704701
S31501008D884368BFF34F8F5A50BFF34F8F70477047F1
S31501008D987047084670477047704700000122024B2A
S31501008DA8C3F8FC2F704700BF00F0FFFF53B94AB95B
S31501008DB8002908BF00281CBF4FF0FF314FF0FF30D4
S31501008DC800F082B9ADF1080C6DE904CE00F006F8A1
S31501008DD8DDF804E0DDE9022304B070472DE9F04F20
S31501008DE8099D0C46002B4DD18A420F46844696466C
S31501008DF8B2FA82F360D94BB102FA03FEC3F120023B
S31501008E089F4000FA03FC20FA02F217434FEA1E4676
S31501008E181FFA8EF44FEA1C42B7FBF6F106FB1177EF
S31501008E2801FB04F042EA0742904208D91EEB02020E
S31501008E3801F1FF3702D2904200F231813946121A06
S31501008E481FFA8CFCB2FBF6F006FB102200FB04F4B9
S31501008E584CEA024C644508D91EEB0C0C00F1FF32B2
S31501008E6802D2644500F21E81104640EA0140ACEB8D
S31501008E78040C002125B12CFA03F30022C5E90032BE
S31501008E88BDE8F08F8B4205D90DB1C5E90001002176
S31501008E980846F5E7B3FA83F100294DD1A342C0F09C
S31501008EA8F380904280F0F080064623460846002D5E
S31501008EB8E6D0C5E90063E3E7002B40F0A3808A1AF0
S31501008EC84FEA1E471FFA8EF60121B2FBF7F407FB9C
S31501008ED814204FEA1C4242EA004206FB04F0904283
S31501008EE80FD91EEB020204F1FF382CBF4FF001091E
S31501008EF84FF00009904203D9B9F1000F00F0CC8078
S31501008F084446121A1FFA8CFCB2FBF7F007FB102233
S31501008F1800FB06F64CEA024C664508D91EEB0C0C1A
S31501008F2800F1FF3202D2664500F2B3801046ACEB7F
S31501008F38060C40EA04409DE7C1F120068B4004FA7D
S31501008F4801FE22FA06F720FA06FCF4408A401F437E
S31501008F584EEA0C0300FA01FE4FEA17484FEA134995
S31501008F681FFA87FCB4FBF8F008FB104449EA0444ED
S31501008F7800FB0CF9A1450ED93C1900F1FF3A2CBFAB
S31501008F884FF0010B4FF0000BA14503D9BBF1000FC0
S31501008F9800F08B805046A4EB09041FFA83F9B4FB51
S31501008FA8F8F308FB134403FB0CFC49EA0444A44503
S31501008FB806D93C1903F1FF3801D2A4457BD84346AB
S31501008FC843EA0040A4EB0C04A0FB02984445CC46B6
S31501008FD8434602D306D1CE4504D20138B9EB020C79
S31501008FE868EB0703002D6CD0BEEB0C0264EB03049F
S31501008FF822FA01F304FA06F6CC4000211E43C5E91C
S3150100900800643DE702FA03FEC3F1200104FA03F204
S3150100901800FA03FCCC404FEA1E4720FA01F11FFA79
S315010090288EF6B4FBF7F00A4307FB1044110C41EA2C
S31501009038044100FB06F48C420ED91EEB010100F136
S31501009048FF382CBF4FF001094FF000098C4202D9B5
S31501009058B9F1000F2CD04046091B92B2B1FBF7F4C7
S3150100906807FB141142EA014204FB06F1914207D9B2
S315010090781EEB020204F1FF3801D291421ED8444682
S31501009088521A44EA004120E7861A64EB03030120D9
S315010090980DE7F44402384AE7023C724431E70239E3
S315010090A87244CCE6F4440238DFE602383C4472E7FF
S315010090B802387144D0E7023B3C4481E7023C7244E2
S315010090C8DEE72946DCE600BF704700BF02440346D7
S315010090D8934200D1704703F8011BF9E710B5EFF386
S315010090E8058414B10124204610BD01F0D1FC0128E4
S315010090F8F9D0EFF31083002BF4D1EFF31184003C80
S3150100910818BF0124EFE708B54FF0E0231B6901F00A
S31501009118BFFC012803D0BDE8084000F071BB08BDBB
S3150100912808B5FFF7DBFF48B901F0B2FC0128034691
S3150100913807D1054A106820B9136008BD6FF005000C
S31501009148FBE74FF0FF30F8E7F83B002008B501F0E0
S315010091589FFC38B1022804D0034B1868431E5842B5
S31501009168584108BD0320FCE7F83B002010B5FFF77E
S31501009178B5FF044668B901F08BFC01280CD1084BF0
S315010091881A68012A08D102221A6001F0F5F9204667
S3150100919810BD6FF00500FBE74FF0FF30F8E700BFA1
S315010091A8F83B002010B5FFF799FF044640B901F0D6
S315010091B86FFC40B1022808D101F022FA204610BD01
S315010091C86FF00500FBE70120F9E74FF0FF30F6E7FE
S315010091D810B50446FFF782FFB0B901F059FC30F02B
S315010091E8020314D1012C03D101F00AFA204610BD5D
S315010091F86CB901F0CFFA0128F8D001F049FC841EB8
S3150100920818BF4FF0FF34F1E76FF00504EEE74FF0B2
S31501009218FF34EBE700232DE9F04186B005460E46FB
S3150100922890460593FFF75AFF00BBFDB1B8F1000F51
S315010092383DD0D8F818402CB1631E372B03D906B098
S31501009248BDE8F0811824D8F80430DB0733D4D8F800
S3150100925814306BB19A08D8F80010D8E902704FB1EA
S315010092685F2803D9D8F8100000B1B3B90598E6E725
S31501009278A022F0E70028F9D1D8F81030002BF5D153
S3150100928805AB013C019328463346009401F08BF85F
S3150100929801281CBF00230593E8E7013CCDE9010736
S315010092A833462846009401F0ACF80590DEE74146BE
S315010092B81824A022E4E70020C1E701F0DDBB38B598
S315010092C80546FFF70BFF044650B965B1284601F07C
S315010092D811F904280AD0284601F0C0F8204638BDFD
S315010092E86FF00500FBE76FF00300F8E76FF0020087
S315010092F8F5E738B50546FFF7F1FE10B1002420461B
S3150100930838BD25B9BDE83840012000F08EBE6B682E
S315010093181A07F3D4D5E9021203F0010379B14F2AEA
S31501009328ECD99BB1042000F0C1FE04460028E5D023
S31501009338296809B100F0B6FD44F00104DFE7002A07
S31501009348DCD17BB1042000F070FEEEE7012000F0CD
S31501009358ADFE04460028D1D029680029CFD000F0F7
S31501009368A1FDCCE7012000F060FEF2E7F8B505465D
S315010093780C4620F0010600F00107FFF7AFFEA0B981
S31501009388012D15D92146304667B100F05FFD012848
S3150100939801D10020F8BD002C14BF6FF001006FF059
S315010093A80200F7E700F0BFFCF1E76FF00500F1E70F
S315010093B86FF00300EEE770B5044620F0010500F0F2
S315010093C80106FFF78BFE90B9012C13D946B1284641
S315010093D800F053FD01280CBF00206FF0020070BD9C
S315010093E8334632463146284600F049FBF2E76FF02C
S315010093F80500F4E76FF00300F1E7012810B50ED96F
S3150100940820F00104FFF76AFE20B12046BDE81040AE
S3150100941800F016BD2046BDE8104000F004BD00204E
S3150100942810BD70B5054620F00106FFF757FE044644
S3150100943848B9012D0AD9304600F052FD304600F0F0
S3150100944867FD204670BD6FF00500FBE76FF003006E
S31501009458F8E773B504460E461546FFF73FFE70BB9F
S315010094686CB3B4422BD35DB9012C3BD12046032200
S31501009478002100F0B0FD044608B396B905B32AE009
S31501009488D5E90232CBB14F2A19D9012C1BD10322B6
S31501009498014600920246204600F0E0FD044670B1FE
S315010094A8CEB1002320461A46194600F0E8FA0128EB
S315010094B8E4D0204600F02CFD01E0002AD4D0002497
S315010094C8204602B070BD20461A46314600F0FCFD22
S315010094D804460028F3D029680029F1D0204600F077
S315010094E8E1FCEDE72046314600F0AAFD04460028D6
S315010094F8C4D1E4E737B50C46054618B96FF0030041
S3150100950803B030BDFFF7EAFDB8B1002CF6D121460C
S31501009518284601AA019400F0D2FB012802D06FF077
S315010095280200EDE7019B0BB90020E9E74FF0E023C4
S315010095384FF08052C3F8042DF6E72146284600F07D
S31501009548F2FB0128F0D0002CE9D06FF00100D7E733
S3150100955813B5044608B3FFF7C1FD0346A8B10023B6
S31501009568204601A9019300F07CFB012803D06FF086
S31501009578020002B010BD019B2BB14FF0E0234FF062
S315010095888052C3F8042D0020F3E70246014620461F
S3150100959800F075FA0128F6D0E9E76FF00300E8E76D
S315010095A838B50546FFF79AFD044640B955B1284630
S315010095B800F096FC284600F0ABFC204638BD6FF05B
S315010095C80500FBE76FF00300F8E70000034B0360B3
S315010095D8034B0B60A0231360704700BF983B002024
S315010095E818390020034B0360034B0B60A02313605B
S315010095F8704700BFB8380020383600204FF0FF32D8
S3150100960800F10803C0E902234360036100230360F4
S31501009618704700230361704730B50C68631C0AD193
S3150100962803695A684A6091608B60596003680861EA
S315010096380133036030BD00F108021346526815680C
S31501009648A542FAD9EDE743689A684B608A6051608A
S315010096589960036808610133036070470369D0E9BB
S3150100966801128A6051605968814208BF5A60002216
S3150100967802611868013818607047000010B54FF08C
S31501009688807440E90224184A4FF0123440F80C2C31
S315010096984FF003324FF0023C40E905244FF0013206
S315010096A840F8203C40E9072C4FF010334FF01132B7
S315010096B84FF0093440E90A324FF008334FF0073CBE
S315010096C840E90C344FF006334FF0053240E90E3CC1
S315010096D84FF0043340E910326FF0430340F8443C3D
S315010096E840F8481D10BD00BFF5B000014FF0E0225B
S315010096F80423136100234FF47A719361044B1B68A9
S31501009708B3FBF1F3013B536107231361704700BFB4
S31501009718487B0020002313B54FF07F4201934FF099
S31501009728E023C3F81C2DD3F81C3D1B0E8DF803301E
S315010097389DF803309DF803309DF8033013F0800F30
S31501009748019B29D1082B0CBF0023019B174A18BF7F
S31501009758C3F107031B0203F4E06313604FF0E02330
S315010097680024D3F8202D42F47F02C3F8202DD3F824
S31501009778202D42F07F42C3F8202DC3F81C4DFFF778
S31501009788B5FF0B4B1C6000F079F801F02BF909F0D5
S3150100979881DD204602B010BD013301939DF80330E7
S315010097A85B00DBB28DF80330C6E700BFFC3B002047
S315010097B82C7B00204FF0E0234FF08052C3F8042D94
S315010097C8BFF34F8FBFF36F8F7047000008B500F0E6
S315010097D865F8044A136801331360BFF34F8FBFF36B
S315010097E86F8F08BD2C7B0020044B1A681A68013A52
S315010097F81A60186808B900F05CB870472C7B00201D
S3150100980810B500F04BF8044600F00EFF28B14FF0F2
S31501009818E0234FF08052C3F8042D2046BDE81040DE
S3150100982800F047B8836913F8023C662B0FD14FF055
S31501009838E023D3F8882D42F47002C3F8882DD3F8B3
S31501009848342F42F04042C3F8342F00F001B8704774
S31501009858094A1168086806C881F30B88022181F351
S315010098681488203080F30988BFF36F8F4FF000000A
S3150100987880F31188104700004C4100200648006813
S31501009888006880F3088862B661B6BFF34F8FBFF3ED
S315010098986F8F66DF00BF000008ED00E0EFF311806F
S315010098A84FF0300181F31188BFF34F8FBFF36F8FEC
S315010098B8704780F31188BFF34F8FBFF36F8F7047DF
S315010098C8EFF309801EF0100F08BF20ED108AEFF3A1
S315010098D80B82734620E9FC0F0F4A116808604FF0A6
S315010098E8300080F31188BFF34F8FBFF36F8F01F0FC
S315010098F879F84FF0000080F31188074A1168086863
S31501009908B0E8FC0F13F0100F08BFB0EC108A82F311
S315010099180B8880F3098818474C4100201EF0040F74
S315010099280CBFEFF30880EFF30980014908470000EF
S315010099388516800010B5044600F062FE204619F02F
S315010099485CDD044600F026FF204610BD10B504462E
S3150100995840B100F055FE20461BF0C7DFBDE81040B8
S3150100996800F018BF10BD70B50446FFF72FFF94F835
S31501009978455004F124066DB2002D14DCFF2384F84A
S315010099884530FFF731FFFFF721FF94F8445004F102
S3150100999810066DB2002D12DCFF2384F84430BDE8B1
S315010099A87040FFF721BF636A002BE7D0304600F00D
S315010099B8BFFF08B101F066F8013D6DB2DCE7236926
S315010099C8002BE9D0304600F0B3FF08B101F05AF890
S315010099D8013D6DB2DEE710B50446FFF7F7FEA46B4D
S315010099E8FFF702FFB4FA84F0400910BD70B51646B8
S315010099F8026C0446856B42B906689EB9806801F017
S31501009A089DF8A6600135A56370BD6EB940681BF067
S31501009A18ABDA6368226C1344A2686360934224BF7D
S31501009A28236863600020EDE7C0681BF09DDA226CAD
S31501009A38E36851429B1A2268E36093423EBFA368DA
S31501009A485B18E360022EEDD10DB1013DEAE7284628
S31501009A58D8E703461A6C084610B46AB1DC689968F7
S31501009A6814448C4228BF1968DC6028BFD960D968BC
S31501009A785DF8044B1BF0789A5DF8044B7047F0B516
S31501009A88044685B01D4601920E4601F001F8FFF71E
S31501009A989DFEA26BE36B9A421FD22A4631462046A7
S31501009AA8FFF7A4FF636A1BB104F1240000F040FF2D
S31501009AB808B1FFF77FFEFFF797FE012005B0F0BD5D
S31501009AC8FFF784FEA36BE26B9A42E6D80123019A5B
S31501009AD842B9FFF789FE0020F0E7022DDDD0002309
S31501009AE81F46F4E713B902A801F0A6F8FFF77CFEB2
S31501009AF800F086FDFFF76AFE94F84430FF2B08BF95
S31501009B0884F8447094F84530FF2B08BF84F84570F3
S31501009B18FFF76AFE01A902A801F09AF820BBFFF730
S31501009B2855FEA26BE36B9A4210D1FFF75DFE0199D0
S31501009B3804F1100000F0CAFE2046FFF714FF00F0FA
S31501009B4829FE0028BCD1FFF735FE06E0FFF74CFEDB
S31501009B582046FFF708FF00F01DFEFFF737FEA26B50
S31501009B68E36B9A42B2D298E72046FFF7FCFE00F073
S31501009B7811FEB0E738B100231A461946836003601F
S31501009B88C360FFF77CBF7047F0B5044685B00E4643
S31501009B98019200F07DFFFFF719FEA56B9DB13146D5
S31501009BA82046FFF756FF2369013DA56333B104F14A
S31501009BB8100000F0BDFE08B1FFF7FCFDFFF714FE2B
S31501009BC8012005B0F0BD019B1BB9FFF70DFE002072
S31501009BD8F7E702A801F030F82F46FFF705FE00F077
S31501009BE80FFDFFF7F3FD94F84430FF2B08BF84F807
S31501009BF8447094F84530FF2B08BF84F84570FFF789
S31501009C08F3FD01A902A801F023F8F8B92046FFF7E8
S31501009C18E2FEA8B1019904F1240000F057FE20469E
S31501009C28FFF7A1FE00F0B6FD08B9FFF7C3FDFFF780
S31501009C38CDFDA56B002DB2D1019B002BCDD1C4E77B
S31501009C482046FFF790FE00F0A5FDF0E72046FFF756
S31501009C588AFE00F09FFD2046FFF7BDFE0028E6D0EC
S31501009C68B5E7F8B504460E4609F024DBFFF716FEFC
S31501009C78A36BE26B07469A421FD994F84520013334
S31501009C88FF2A55B2A3630FD1636A3BB104F12400DD
S31501009C9800F04EFE10B10EB101233360012438469F
S31501009CA8FFF707FE2046F8BD00F0B8FC8542F5D25D
S31501009CB801356DB284F84550F0E70024EFE72DE948
S31501009CC8F84304468946904609F0F4DAFFF7E6FDBB
S31501009CD8A66B0746C6B194F84450494620466DB26C
S31501009CE8FFF7B7FE013E6B1CA66313D1236953B177
S31501009CF804F1100000F01CFE28B1B8F1000F02D0E3
S31501009D080123C8F8003001263846FFF7D2FD304650
S31501009D18BDE8F88300F082FC8542F4D201356DB2C4
S31501009D2884F84450EFE7F0B5002585B00446019163
S31501009D382E4600F0ADFE2F46FFF748FDA36BA3B1F3
S31501009D48013BA363236813B900F06CFFA060236984
S31501009D5833B104F1100000F0EBFD08B1FFF72AFD5D
S31501009D68FFF742FD012005B0F0BD019B1BB9FFF7C6
S31501009D783BFD0020F7E716B902A800F05DFFFFF7E3
S31501009D8833FD00F03DFCFFF721FD94F84430FF2B2D
S31501009D9808BF84F8447094F84530FF2B08BF84F84F
S31501009DA84570FFF721FD01A902A800F051FF10BB7C
S31501009DB82046FFF710FEC0B123683BB9FFF706FD41
S31501009DC8A06800F075FE0546FFF70EFD019904F13E
S31501009DD8240000F07BFD2046FFF7C5FD00F0DAFC04
S31501009DE808B9FFF7E7FC0126A6E72046FFF7BBFD02
S31501009DF800F0D0FCF7E72046FFF7B5FD00F0CAFCF6
S31501009E082046FFF7E8FD0028EDD0002DB1D0FFF779
S31501009E18DDFC616A19B1236B1968C1F13801A068C3
S31501009E2800F0C2FEA3E710B50446FFF7CFFC23688E
S31501009E3823B9A468FFF7D8FC204610BD0024F9E72A
S31501009E4803680BB9806870470020704770B586684B
S31501009E5804460D4600F010FE864204D10120E3684F
S31501009E680133E36070BD29462046FFF75CFF0028F1
S31501009E78F8D0E3680133E360F4E738B5856804464A
S31501009E8800F0FAFD85420BD1E368013BE3600BB1B3
S31501009E98012038BD1A4619462046FFF7F0FDF7E7B7
S31501009EA80020F6E770B5B9B100230C4A1C461546E1
S31501009EB85668864204D105EBC403C3E900100BE0DA
S31501009EC81BB91668002E08BF134601340A2C02F185
S31501009ED80802EDD1002BF0D170BD00BF003C002077
S31501009EE8002310B5084A52F83310DC00814206D126
S31501009EF80021064A42F833102244516010BD01334D
S31501009F080A2BF0D1FAE700BF043C0020003C0020F0
S31501009F1810B5FFF7E5FF90F846301BB9BDE81040CC
S31501009F28FFF714BD10BD70B504460D461646FFF77A
S31501009F384DFC94F84430FF2B04BF002384F84430C9
S31501009F4894F84530FF2B04BF002384F84530FFF70A
S31501009F584BFCA36B2BB93246294604F1240000F0C9
S31501009F68C5FC2046BDE87040FFF7FDBC70B50E463E
S31501009F78044610B3C06B00B3236CA3FB0035DDB9EF
S31501009F88FFF724FCD4E90F314B432268A563D018A7
S31501009F985B1A62601A44FF23A06084F84430E260C9
S31501009FA884F8453056B104F11000FFF727FB04F198
S31501009FB82400FFF723FB0AE0002070BD236933B1B3
S31501009FC804F1100000F0B4FC08B1FFF7F3FBFFF74A
S31501009FD80BFC0120F1E72DE9F0410D46174606462F
S31501009FE818B900242046BDE8F081A1FB0038B8F174
S31501009FF8000FF6D1484310F1510FF2D85030FFF750
S3150100A00899FC04460028ECD080F846805DB100F141
S3150100A018500301212046C4E90F652360FFF7A6FF17
S3150100A02884F84C70DEE70346F3E7024610B50021D3
S3150100A0380120FFF7D0FF0446FFF79CFD204610BD1F
S3150100A04810B50C4630B1884204D302220021FFF72D
S3150100A058C2FF08B9002010BD8463FCE737B50D4679
S3150100A0681C46E8B193B1A2B1E1B150230193019B1A
S3150100A078019B0121C4E90F0584F846102046226098
S3150100A088FFF774FF9DF8183084F84C30204603B06A
S3150100A09830BD49B950230193019B2246019BE8E74C
S3150100A0A80446F3E70C46F1E71446EFE7002213B539
S3150100A0B80B46009011460120FFF7D0FF0446FFF733
S3150100A0C859FD204602B010BD13B513460C4640B1E2
S3150100A0D8884206D30222009200221146FFF7BEFFEC
S3150100A0E810B9002002B010BD8463FBE710B590F8E3
S3150100A0F85D3004463BB9006BFFF728FC2046BDE8F6
S3150100A1081040FFF723BC012BF9D010BD00222DE921
S3150100A118F84306461E4B1F4C1D681F4B0F46D3F8C6
S3150100A12800801E4BD3F800902368206883F85E20D0
S3150100A1380430FFF793FA731C14D19FB1184B2168A9
S3150100A1485A688A6090682168C8602168043141604C
S3150100A158216804319160226853611A6801321A60D4
S3150100A168BDE8F88323682168AD195D6001F1040132
S3150100A17804D34846BDE8F843FFF74EBA4046FFF711
S3150100A1884BFA084B1A68AA4288BF1D60E8E700BF68
S3150100A198743C00204C410020C03C0020BC3C0020FF
S3150100A1A87C3C0020583C0020064A13681968064B77
S3150100A1B819B94FF0FF321A6070471268D2681268EF
S3150100A1C8F9E700BFC03C0020583C0020F8B50C4C0C
S3150100A1D80C4F0D4D236803B9F8BDFFF7F7FAFB6875
S3150100A1E8DE68301DFFF73AFA2B68013B2B602368BE
S3150100A1F8013B2360FFF7F8FA3046FFF777FFE9E7F7
S3150100A208903C0020943C0020783C00202DE9F04148
S3150100A2180446FFF7DBFA304B304E1A68304F0132ED
S3150100A2281A603568002D4AD134601B68012B1FD18D
S3150100A238B84640460135FFF7E1F9382D08F114080B
S3150100A248F7D1DFF8C480274D4046FFF7D7F92846EE
S3150100A258FFF7D4F92448FFF7D1F92448FFF7CEF9D7
S3150100A2682348FFF7CBF9234BC3F80080224B1D6027
S3150100A278224A201D136801331360214A2364116899
S3150100A288E36A8B4288BF136014225343F9184A685C
S3150100A2989568A260E56068609060FA58616101326C
S3150100A2A8FA50FFF7A1FA174B1B689BB13368DA6AB4
S3150100A2B8E36A9A420ED2BDE8F041FFF77BBA114B29
S3150100A2C81A68E36A002AD3D13268D26A9A4298BFD9
S3150100A2D83460CDE7BDE8F081783C00204C41002090
S3150100A2E8EC3C0020C43C0020A83C0020943C002003
S3150100A2F87C3C0020C03C0020BC3C00205C3C00208B
S3150100A308703C00206C3C0020D83C002008B5044C69
S3150100A318FFF75CFF2368012BFAD9FFF74BFAF7E73A
S3150100A328EC3C00202DE9F8430D46DDE90994960039
S3150100A33832460746A521206B9846FEF7C7FE236BD2
S3150100A348043E1E4426F007066DB16B1E04F1330266
S3150100A358093513F8011F02F8011F09B1AB42F8D1FB
S3150100A368002384F83D30089D201D372D28BF372549
S3150100A378E562A564FFF74DF9C5F1380504F1180042
S3150100A388FFF747F943463A463046216B2461A561F2
S3150100A3986462FFF773F92060B9F1000F01D0C9F8BB
S3150100A3A80040BDE8F8832DE9F043074685B09000E3
S3150100A3B8884616469946FFF7BDFA0546F0B160206C
S3150100A3C8FFF7B8FA0446B0B160220021FEF77EFE17
S3150100A3D80D9B256301930C9B3246414638460093F3
S3150100A3E802944B46FFF79EFF2046FFF70FFF012019
S3150100A3F805B0BDE8F0832846FFF7A8FA4FF0FF300D
S3150100A408F6E72DE9F043174660220E46002187B08C
S3150100A41805929846DDE90F94059B0546059B04912F
S3150100A428C4B1B9F1000F15D02046FEF74FFE02233D
S3150100A43884F85D3004ABC4F8309001930E9B28462E
S3150100A44800933A46434631460294FFF76BFF20468E
S3150100A458FFF7DCFE049807B0BDE8F083F8B50446BB
S3150100A4681D4DFFF7B3F904B92C68271D3846FFF7C8
S3150100A478F5F8A36A1BB104F11800FFF7EFF8174ABC
S3150100A488174E1368013313602B68A342336800D152
S3150100A4985BB9144A1368013B1360FFF785FEFFF7A2
S3150100A4A8A3F92046FFF722FE09E039460E48FFF7D1
S3150100A4B8CAF80E4A136801331360FFF795F9336832
S3150100A4C843B12B68A34205D1094B1B68BDE8F84087
S3150100A4D8FFF770B9F8BD00BF4C4100205C3C002075
S3150100A4E86C3C0020783C0020943C0020903C0020E5
S3150100A4F8503C00201A4B2DE9F0411B680446834263
S3150100A50826D0FFF763F9174BD4F828801F68164B36
S3150100A51865691E68FFF768F9144B98451AD0BD425C
S3150100A5281AD0B54218D0124B9D4209D1A36A9BB9DC
S3150100A53894F85C30012B14BF03200220BDE8F0819A
S3150100A5480C4B9D420AD0002D14BF01200420F5E7CB
S3150100A5580020F3E70120F1E70220EFE70420EDE709
S3150100A5684C410020C03C0020BC3C0020A83C0020F7
S3150100A5787C3C0020943C002030B58BB007AB1D46CF
S3150100A588184A12F8014B03F8014B002CF9D106AA17
S3150100A59805A904A8CDE90444FFF718F8049B294640
S3150100A5A80293059B069ACDE900430F482346FFF718
S3150100A5B828FF0E4B186080B100F0D8FC012805462B
S3150100A5C80BD1FFF76BF94FF0FF32094B1A60094BB4
S3150100A5D81D60094B1C60FFF79DF8084B1B680BB003
S3150100A5E830BD00BFC8DC01016D218000543C00204C
S3150100A5F8583C00206C3C0020743C0020307B002035
S3150100A608024A136801331360704700BF503C0020AB
S3150100A618014B1868704700BF743C0020014B18684D
S3150100A628704700BF783C00202DE9F84F4E4B1B6858
S3150100A638002B40F092804D4B1C6801341C6064B9B4
S3150100A6484B4B1A684B4A19681068186011604A4AD8
S3150100A658136801331360FFF7A7FD484D00202B68E7
S3150100A668474AA342DFF824B10FD91421DBF8003099
S3150100A678DB6A4B43D358022B424B28BF01201B6888
S3150100A688002B18BF0120BDE8F88F0746DFF800C187
S3150100A698374B1B681B681BB94FF0FF332B60E4E788
S3150100A6A8334B1B68DB68DB6859688C4201D2296029
S3150100A6B8DBE7D3F81480D3E90219C1F80890C9F881
S3150100A6C80410D8F8041003F1040E7145D8F80010E7
S3150100A6D808BFC8F8049001395F61C8F80010D3F8BB
S3150100A6E82880B8F1000F13D0D3E90719C1F80890EB
S3150100A6F8C9F80410D8F8041003F1180A5145D8F816
S3150100A708001008BFC8F8049001399F62C8F8001004
S3150100A7181426D96ADCF80080414506FB01F802EBEC
S3150100A728080ADAF8049088BFCCF80010D9F808604E
S3150100A738C3F80890DE60C6F804E0C9F808E0C3F873
S3150100A74814A052F80830013342F80830DBF800301B
S3150100A758DB6A994288BF01209AE70B4A00201368F1
S3150100A768013313608FE700BF503C0020743C002082
S3150100A778C03C0020BC3C0020603C0020583C002026
S3150100A788EC3C0020643C0020683C00204C41002041
S3150100A798703C00202DE9F84FFFF718F8434B1A686B
S3150100A7A81A68013A1A601B682BB10024FFF71CF8D6
S3150100A7B82046BDE8F88F3E4A1268002AF5D01425CE
S3150100A7C84FF0010C3B483C4C3C4A3D4E3D4F51E055
S3150100A7D8C368DB68D3F828E0D3E90718C1F808800D
S3150100A7E8C8F80410DEF8041003F1180949454FF0BA
S3150100A7F8000108BFCEF804809962DEF8001001391D
S3150100A808CEF80010D3F814E0D3E90218C1F808808D
S3150100A818C8F80410DEF8041003F104094945DEF806
S3150100A828001008BFCEF804800139CEF80010D3F81D
S3150100A8382CE0216805FB0EF802EB080A8E45DAF8CA
S3150100A848041088BFC4F800E0D1F808B09960C3F8CD
S3150100A8580CB0CBF80490C1F8089052F80810C3F868
S3150100A86814A0013142F808103168C96A8E4501D928
S3150100A878C7F800C001680029AAD10BB1FFF794FCFB
S3150100A888114D2C6844B101270E4EFFF7CDFE00B1DC
S3150100A8983760013CF9D12C600A4B1B68002B84D028
S3150100A8A8074B01241B68FEF785FF7FE7503C002014
S3150100A8B8783C0020A83C0020703C0020EC3C00209D
S3150100A8C84C410020643C0020683C002010B50C4631
S3150100A8D8054B19681831FEF79FFE2046BDE8104062
S3150100A8E80121FFF713BC00BF4C4100200F4B70B488
S3150100A8F844681D68A668EC611D68002A2E621D68F9
S3150100A90805F1180575601D681B6805F11805A56030
S3150100A9189862036870BC03F1010303600CBF084623
S3150100A9284FF0FF301146FFF7F1BB00BF4C41002045
S3150100A938C368F0B5DB689A6AD3E9070181604860A4
S3150100A948506803F11804A04208BF516000219962BA
S3150100A9581168013911601D4AD96A1268002A29D17C
S3150100A968D3E902405A69A060446054681D1DAC428F
S3150100A97808BF5060106801381060154A1068814296
S3150100A98888BF116014224A43124886187468A7685A
S3150100A9989C60DF607D60A5605E61835801338350EA
S3150100A9A80D4B1B68DB6A994285BF01200B4B0020C2
S3150100A9B81860F0BD0A4A50688568D8611D626C60E6
S3150100A9C884609A62136801331360E9E7503C0020FA
S3150100A9D8703C0020EC3C00204C410020643C0020E7
S3150100A9E8A83C0020F8B51F4B1A681F4B12B101226B
S3150100A9F81A60F8BD1D4C1A6023681B6B1A68B2F100
S3150100AA08A53F0BD15A68B2F1A53F07D19A68B2F1B1
S3150100AA18A53F03D1DB68B3F1A53F04D021682068BF
S3150100AA28343112F0DFDF1427114D124A296807FB6A
S3150100AA3801F3D658981896B14668083376681344D0
S3150100AA489E4208BFC368466008BF4360142303FBE0
S3150100AA5801225368DB68236029602368C9E7013945
S3150100AA68E5E700BF503C0020643C00204C41002033
S3150100AA78703C0020EC3C0020014B1868704700BF71
S3150100AA884C4100200122014B1A607047643C0020AA
S3150100AA98054B1B6833B1054B1868B0FA80F04009BD
S3150100AAA840007047012070476C3C0020503C002054
S3150100AAB8F8B5044600282ED01D4DC36A2A68D26A05
S3150100AAC893422DD282691B4E002AA1BF2A68D26AF7
S3150100AAD8C2F138028261142202FB036342699A4277
S3150100AAE81AD1071D3846FEF7B9FD2B68124ADB6AEB
S3150100AAF81168E3628B4288BF136014225343F1182D
S3150100AB084A689068A260E06047609760F2586161A0
S3150100AB180132F2500120F8BD2B68DB6AC362F9E7FE
S3150100AB282B68806CDB6A98422CBF00200120F2E773
S3150100AB384C410020EC3C0020703C002070B50446D6
S3150100AB4808B9002070BD154BC16A1B68826CC36CBD
S3150100AB58914203F1FF33C364F3D0002BF1D1051DF4
S3150100AB682846FEF77BFDA36CC3F13802A2610C4AA5
S3150100AB78E36211688B424FF0140188BF13604B439F
S3150100AB88084AD01841688E68A160E66075608D60D4
S3150100AB98D158606101310120D150D3E74C410020E1
S3150100ABA8703C0020EC3C002070B50446002831D0EA
S3150100ABB8836C994238BF1946C36A8B422AD0C26C44
S3150100ABC8012A27D1144A154D12688269C162002AE1
S3150100ABD84FF0140202FB03534269A4BFC1F13801C5
S3150100ABE881619A4216D1061D3046FEF737FD0C4A99
S3150100ABF8E36A11688B4288BF136014225343E9182C
S3150100AC084A689068A260E06046609660EA586161A9
S3150100AC180132EA5070BD00BF4C410020EC3C0020D7
S3150100AC28703C0020034B186810B1C36C0133C36430
S3150100AC38704700BF4C410020034B1B680360034B60
S3150100AC481B684360704700BF603C0020743C0020CD
S3150100AC5870B504460D46FEF7B9FD144B62681968CE
S3150100AC68134B186890F85E0040B100221B6883F800
S3150100AC785E200124FEF7B8FD204670BD2B68581CDE
S3150100AC8812D00C4826680068864204D08A4202D847
S3150100AC9800232B60EDE7881A8342F9D95B1A13441E
S3150100ACA820462B60FFF7C8FF0024E3E7743C002029
S3150100ACB84C410020603C0020914208B5416000618A
S3150100ACC80AD8D21A83699A420DD2084B011D18680F
S3150100ACD8FEF7A2FC002008BD9A4201D2994202D28F
S3150100ACE8034B011DF3E70120F5E700BFAC41002046
S3150100ACF8B041002070B504460D461646A1692B469B
S3150100AD08324620462944FFF7D7FF00B970BDA3692B
S3150100AD1820461D44236A9847F0E700000E4B70B59C
S3150100AD281B680546DB680E46DC68201DFEF796FCA7
S3150100AD3894F828305A0709D5324629462046FFF79E
S3150100AD48D9FF2046236ABDE87040184723F001035E
S3150100AD5884F82830F5E700BFB0410020F8B505466C
S3150100AD68FFF756FC0D4E04463368834209D90C4F4A
S3150100AD783B681A6852B90B4A116813603960012396
S3150100AD8800E0002320462B603460F8BDDB684FF0F5
S3150100AD98FF311868FFF7C2FFEAE700BF50410020FC
S3150100ADA8B0410020AC410020F7B5114CFEF70EFD6D
S3150100ADB82568BDB90F4F104E3846FEF71FFC3046C1
S3150100ADC8FEF71CFC0D4B10211F600D4B0A201E605F
S3150100ADD80C4A0D4B0095FFF741F9206010B10B495C
S3150100ADE8FFF760F803B0BDE8F040FEF7FDBC00BF11
S3150100ADF8A8410020C8410020B4410020B0410020EC
S3150100AE08AC4100205559002054410020CDDC0101F8
S3150100AE182DE9F041524F534E86B03B68D3F8008076
S3150100AE28B8F1000F37D00024DB68D3F80080FFF7AC
S3150100AE38E7FB02A8FFF792FF029B0546002B3FD1CD
S3150100AE485CBB40452FD3FFF7A5FC29464046FFF7D3
S3150100AE5865FF1022002102A8FEF738F900223068A2
S3150100AE6802A9FEF791FE0028D7D0029B0498002B71
S3150100AE7829DB049C63696BBB01A8FFF76FFF029B83
S3150100AE880546013B082BE9D8DFE803F028284B5291
S3150100AE986128284B52000124C9E7334B1B681C68FB
S3150100AEA8B4FA84F4640922463068A8EB0501FFF771
S3150100AEB83AF8FFF76FFC0028CBD1FEF77BFCC8E711
S3150100AEC8FFF768FCC5E7039B05999847029B002B8A
S3150100AED8C4DBCEE7201DFEF7C1FBCDE794F8283089
S3150100AEE8A16943F0010384F82830039B02461944FB
S3150100AEF82046FFF7E1FE0028B0D094F8283059071C
S3150100AF080AD5A36903992A4620461944FFF7F2FE92
S3150100AF182046236A9847A1E723F0010384F82830DD
S3150100AF28F6E794F8283023F0010384F8283095E7EA
S3150100AF3894F82830024643F0010384F8283003992F
S3150100AF480346A16101442046FFF7B6FE86E794F859
S3150100AF5828309A07E7D42046FEF7F8FC7EE700BFBB
S3150100AF68B0410020A8410020AC41002010B588B0AE
S3150100AF78FFF71AFF0E4B00241868B8B107AA06A9ED
S3150100AF8805A8CDE90544FEF72DFB059B079A029313
S3150100AF98069B084901932823074800932346FFF790
S3150100AFA830FA064B1860001B18BF012008B010BD07
S3150100AFB8A8410020D2DC0101712C8000A4410020A7
S3150100AFC80348044B834202D0034B03B11847704729
S3150100AFD8C4860020C486002000000000064B0749ED
S3150100AFE8C91A891048BF0131491003D0044B0BB166
S3150100AFF801481847704700BFC4860020C486002050
S3150100B0080000000010B5064C237843B9FFF7D8FFB6
S3150100B018044B13B10448AFF300800123237010BD1C
S3150100B028545900200000000068F5010108B5054BD8
S3150100B0381BB105490548AFF30080BDE80840FFF795
S3150100B048CDBF00BF000000002036002068F50101D1
S3150100B058A3F5803A704700BF174B002B08BF134B67
S3150100B0689D46FFF7F5FF00218B460F461348144A04
S3150100B078121AF5F757DF0E4B002B00D098470D4BE8
S3150100B088002B00D098470020002104000D000D4830
S3150100B098002802D00C48AFF3008009F06FFE2000AB
S3150100B0A8290010F04AFB09F0D3FD00BF0000080093
S3150100B0B8000000000000000020320020A835002012
S3150100B0C8287B0020000000000000000008B50348A6
S3150100B0D8F5F701D8BDE8084011F08DBC84EB0101F4
S3150100B0E80148F4F7F89F00BF84EB0101002307B577
S3150100B0F80193054B1B68F6F7FDDA019B002BFCD083
S3150100B10803B05DF804FB00BF2C7B0020EFF3058339
S3150100B1180F2B84BF034A9B5C4FF0E023D3F80C3D09
S3150100B128704700BFF0E300E030B5074C2568246896
S3150100B1386A40D2B2891A101A090A41EA10216340F3
S3150100B14823EA0100C0B230BDDC410020044B1B6874
S3150100B158584043085B4240421843C017704700BF36
S3150100B168DC410020054B01311B680132434022EACC
S3150100B178030208400243501E00B27047DC4100201A
S3150100B1882DE9F04F834699B00F4618460021164619
S3150100B19804930AF0ADFF002800F0878100240125F9
S3150100B1A8774B30461493049915ABCDE90B45CDE998
S3150100B1B80D45CDE90F45CDE9114513930AF021FF58
S3150100B1C8A04228DABBF1000F05D1E7B900242046D1
S3150100B1D819B0BDE8F08F214658460AF087FE0446A5
S3150100B1E80028F2D00BA80AF0D6FD0DA80AF0D3FD67
S3150100B1F80FA80AF0D0FD11A80AF0CDFD0C2115A85B
S3150100B20801F0A4FAE3E7314638460AF03AFE044665
S3150100B2180028E7D1DAE731460BA80AF032FE0446E0
S3150100B2280028DFD104990DA80AF02BFE0446002850
S3150100B238D8D1F1880FA80231ADF83850ADF83050A1
S3150100B2480AF0B7FD04460028CCD101460FA80AF03A
S3150100B2584DFE04460028C5D1F18811A802310AF02D
S3150100B268A8FD04460028BDD10DA80AF07EFE00F00F
S3150100B2781F001F2873D0C0F11F0319460BA801939D
S3150100B2880AF099FE04460028ACD101990DA80AF0E6
S3150100B29892FE04460028A5D1BDF83250BDF83A8081
S3150100B2A80DA8A5EB080A4FEA4A1949460AF083FE92
S3150100B2B80446002896D14FEA8A0A0DA90BA80AF076
S3150100B2C8CFFE00284DDA49460DA80AF091FE04463C
S3150100B2D8002887D108F1FF3302939B0005F1FF3A55
S3150100B2E8069305F1804508F18043023B013D9B0029
S3150100B2F8A5EB08050993AB000393029B9A4541D830
S3150100B308BBF1000F0DD058460FA90AF0BAFD002867
S3150100B31840F0C780049AB388928813FB02F3ABF80E
S3150100B3280430002F3FF45EAF01990BA80AF060FEC6
S3150100B338002840F0B680B3880BA93846ADF83030FE
S3150100B3480AF09FFD0146002840F0AD8038460AF014
S3150100B358CFFE00287FF446AF0123BB8042E7019464
S3150100B3689AE70F9A0BA952F80A300846013342F8B0
S3150100B3780A300DAA0AF0A1FF044600289DD031E73C
S3150100B388010003000D9B069A05931344DDF82C90E2
S3150100B3980893059B4FEA8A089A5859F82A10A8F182
S3150100B3A804030F9D0793039B91421D4474D207988A
S3150100B3B8002359F80000F5F725DC002914BF4FF0E2
S3150100B3C8FF330346BAF1010F2B600EBF002309EBC9
S3150100B3D8080353F8083C099A1593079B59F8033053
S3150100B3E8169359F8083017932B6801332B60059B80
S3150100B3F8134498462B680021013B2B6011A80AF0DB
S3150100B40875FD00284DD1029B002B48D0D8F80020A5
S3150100B418119B11A91A60089A084612685A602A6887
S3150100B4280AF0D3FF00283CD113A911A80AF018FE87
S3150100B4380028DFDC2A680DA911A80AF0C6FF80BB1F
S3150100B448039B11A84FEAC30841460AF0B4FD40BB65
S3150100B4580BA9084611AA0AF030FF014618BB0BA82A
S3150100B4680AF046FE002812DA0DA911A80AF009FD0C
S3150100B478B8B9414611A80AF09EFD90B90BA908462C
S3150100B48811AA0AF017FF60B92B68013B2B60039BD1
S3150100B4980AF1FF3A043B2FE74FF0FF3392E7029A8E
S3150100B4A8B6E704469EE60C469CE66FF00B048EE66C
S3150100B4B8044B1B68584043085B4240421843C01777
S3150100B4C8704700BFDC41002010B50B4C2268236889
S3150100B4D84240594081EA0200C00FFFF7E9FF23689D
S3150100B4E8521A434022EA030208401043C00FBDE83E
S3150100B4F81040FFF7DDBF00BFDC410020F8B50D465F
S3150100B508014628681746FFF7DFFF0124C143074BA9
S3150100B5181E68BC4202D346EA0100F8BD55F824006C
S3150100B528FFF7C6FF01340643F3E700BFDC410020FD
S3150100B5382DE9F04707460F4B88461E6819681D68AE
S3150100B548541E631C02D13046BDE8F08758F824A082
S3150100B55857F8249050464946FFF7B6FF514605432A
S3150100B5684846FFF7B1FF20EA05031E430543013CA0
S3150100B578E7E700BFDC4100208842F0B504D000258A
S3150100B588084F0438AA4200D1F0BD3E6850F8044F6E
S3150100B5985E4024EA060451F8256001351E4034430D
S3150100B5A80460EFE7DC4100202DE9F04F1C4685B029
S3150100B5B8DFF884900391064621461046D9F80030F3
S3150100B5C8D9F800300BF051F9C51D272D90468CBFCF
S3150100B5D84FF01E0A4FF0FA0AEB0825F00705029309
S3150100B5E82D1A0F9B2146009330460E9B029A0BF0AB
S3150100B5F839FB0746C0B92A46214630460BF0AEF953
S3150100B608BAF1010A14D0224631460398FFF776FFAC
S3150100B6182246834641463046FFF78AFFD9F800207D
S3150100B6280BEA00039A42DCD0384605B0BDE8F08F34
S3150100B6386FF00D07F8E700BFDC41002070B50C4636
S3150100B6480646114620461A460AF053FE0546A0B993
S3150100B658B36C33B921462046321DBDE870400AF065
S3150100B668E5BEB4F90430002B09DB20460AF07DFC5F
S3150100B678F36BB0EB430F09D9184D284670BD014647
S3150100B68820460AF035FD0028EFD0F5E72046B36CD1
S3150100B698984705460028F0D10436B4F90430002B42
S3150100B6A804DA002120460AF023FD68B9314620460E
S3150100B6B80AF0D6FC0028E0DB3246214620460AF08D
S3150100B6C877FD0028F2D006E03246214620460AF0E8
S3150100B6D8F1FD0028E1D00546CFE700BF80B0FFFFA6
S3150100B6E8F0B514461F46054685B002A80E460AF06F
S3150100B6F84DFB2346022100972A1D02A80AF044FFA2
S3150100B708044648BB06F110021146284602ABFFF76C
S3150100B71895FF044600BB06F108073A46394628460E
S3150100B72802ABFFF78BFF0446B0B902AB1A461946BE
S3150100B7382846FFF783FF044670B932463146284644
S3150100B74802ABFFF77BFF044630B93A46394628462D
S3150100B75802ABFFF773FF044602A80AF01CFB034875
S3150100B76814F10E0F18BF204605B0F0BD00B3FFFF58
S3150100B7782DE9F14F9A461B6904460E4691460A9DE4
S3150100B7881BB9724801B0BDE8F08F02F1100700211C
S3150100B79838460AF0ADFC30B95146304601B0BDE82D
S3150100B7A8F04F0BF043BD0AF11008002140460AF09C
S3150100B7B89FFC08B94946F0E7012140460AF098FC82
S3150100B7C80028DED13B463A4629462046FFF736FF92
S3150100B7D80028D7D105F108083B462A4641462046A6
S3150100B7E8FFF72CFF0028CDD153462A462946204685
S3150100B7F8FFF724FF0028C5D14246414620460AF1F3
S3150100B8080803FFF71BFF0028BCD14B462A462946E9
S3150100B81820460BF0FEFA0028B4D109F1080B5B4665
S3150100B8284246414620460BF0F4FA0028AAD10021E7
S3150100B83828460AF05DFC014690B940460AF058FCD4
S3150100B84840B92B464A463146204601B0BDE8F04F7D
S3150100B8580BF05CBB304601B0BDE8F04F0BF0FCBC09
S3150100B8682B463A46204606F11001FFF7E7FE002867
S3150100B87888D105F110072B462A4639462046FFF797
S3150100B888DDFE00287FF47EAF05F1180A2B463A46FD
S3150100B89851462046FFF7D2FE00287FF473AF4B4688
S3150100B8A83A4639462046FFF7C9FE00287FF46AAFB3
S3150100B8B8394628460AF0E5FA00287FF463AF294697
S3150100B8C820460BF014FB00287FF45CAF4346424642
S3150100B8D831462046FFF7B2FE00287FF453AF2B46C8
S3150100B8E83246314620460BF094FA00287FF44AAFD7
S3150100B8F853463246314620460BF08BFA00287FF430
S3150100B90841AF33463A46394620460BF082FA0028BB
S3150100B9187FF438AF43463A4639462046FFF78EFE4E
S3150100B92800287FF42FAF5B46524651462046FFF763
S3150100B93885FE00287FF426AF53463A46204606F18F
S3150100B948080101B0BDE8F04F0BF063BA80B0FFFF04
S3150100B9582DE9F047012A8246DDE908490E46904657
S3150100B9681F4644D804300AF004FB054650460BF03E
S3150100B978D3FB012882463CD1002106F110000AF0CA
S3150100B988B7FB48B9B9F1000F02D11B48BDE8F087EA
S3150100B9982070C7F800A0F9E7B8F1000F17D16B00BE
S3150100B9A801334B453B60F0D8214604232A463046ED
S3150100B9B801F8013B0AF0F9FA0028E7D12A46691C81
S3150100B9C8214406F10800BDE8F0470AF0EEBA6B1CFF
S3150100B9D84B453B60D9D8002106F108000AF0A2FAC6
S3150100B9E82146023001F8010B2A463046EBE70348A7
S3150100B9F8CCE70348CAE700BF00B1FFFF80B0FFFFED
S3150100BA0880B1FFFF2DE9F84380460C4615461F46CF
S3150100BA1813B91D48BDE8F88304300AF0AAFA0646A8
S3150100BA2840460BF079FB012881462AD12B7833B998
S3150100BA38012FEED12046BDE8F8430BF00DBC06F107
S3150100BA480108B845E5D832462046691C0AF097FA36
S3150100BA580028DFD1494604F110000AF047FA002808
S3150100BA68D8D12B78042BD4D173000133BB42D0D162
S3150100BA78324605EB080104F10800BDE8F8430AF06F
S3150100BA887EBA0248C6E700BF80B0FFFF80B1FFFF5C
S3150100BA982DE9FF410E460546012106F110000AF07F
S3150100BAA827FB044650B928460BF036FB01287AD104
S3150100BAB8214630460AF01CFB002801DA3B4C6EE0B1
S3150100BAC806F10808214640460AF012FB0028F5DB74
S3150100BAD82F1D394630460AF0C3FA0028EEDA3946F0
S3150100BAE840460AF0BDFA0028E8DA68460AF04EF937
S3150100BAF802A80AF04BF94346424669462846FFF72B
S3150100BB089DFD0446002844D133463246284602A9FB
S3150100BB18FFF794FD044600283BD1EB687BBB02A9DD
S3150100BB28032208460AF0CDFB044690BBBDF90C304A
S3150100BB38002B04DA002102A80AF0DAFAC8B902AA27
S3150100BB48334611462846FFF779FD044608BB02AA83
S3150100BB581146284605F114030BF03FF90446C0B90E
S3150100BB68684602A90AF07CFA104B041E18BF1C4647
S3150100BB780FE002A93A4608460AF09CFBD4E702AA56
S3150100BB881146284605F10C030BF027F9044600284F
S3150100BB98D5D068460AF0FFF802A80AF0FCF8204654
S3150100BBA804B0BDE8F081024CF9E700BF80B3FFFF9E
S3150100BBB880B0FFFF38B505460BF0AEFA01280C46F2
S3150100BBC801460DD120460AF093FA002806DB2046E5
S3150100BBD805F134010AF044FA002803DB024838BDAE
S3150100BBE80248FCE70020FAE780B3FFFF80B0FFFFB9
S3150100BBF82DE9F04F0F46B5B0114606469A46029210
S3150100BC08FFF7D8FF0446002840F09F815146304689
S3150100BC18FFF73EFF0446002840F0978130460BF0B7
S3150100BC287BFA012840F09A81336C182101330220EE
S3150100BC384FEA53090FF03FFB0546002800F08C81B7
S3150100BC4805F118080BF071FA40460BF06EFA0DF182
S3150100BC584C0B0BEB040008340AF098F8202CF8D1A9
S3150100BC68514628460BF0E2FA044698BB8246D1456E
S3150100BC781ED1414630460BF035F8044650BB4346C3
S3150100BC882A4641463046CDF800B0FFF771FD044615
S3150100BC9800BB414630460BF025F80446D0B905F1FC
S3150100BCA810000AF078F805F128000AF074F811E096
S3150100BCB8BAFBF9F1012318228B4009FB11A1DBB26A
S3150100BCC802FB0352F9B11146304613AB0BF01EF9CC
S3150100BCD8044638B34FF0000A0BEB0A000AF1080ACA
S3150100BCE80AF059F8BAF1200FF6D1F4B1B36D9D42B5
S3150100BCF82DD028460BF056FA40460BF053FA284643
S3150100BD0811F01FFD23E003F0FE0101EB530110467C
S3150100BD1805EBC10103920BF089FA039A0446002840
S3150100BD28D1D0D7E70AF1010AA1E705A80AF02EF84A
S3150100BD3806F1340B0BA80AF029F8214658460AF0F1
S3150100BD48F1F8012811D0B36D9D4204D1844C3846CF
S3150100BD580BF028FAF9E028460BF024FA40460BF0D6
S3150100BD6821FA284611F0EDFCF0E7214602980AF07F
S3150100BD78D9F80299824605A80AF083F8044630B133
S3150100BD880BA80AF008F805A80AF005F8AEE759461F
S3150100BD98029A0BA80AF091FA04460028F0D1BAFAD9
S3150100BDA88AFA4FEA5A1A52460BA905A80AF025F843
S3150100BDB804460028E4D1014609F1010213A8F5F762
S3150100BDC8B1D813AB1A46A346D94502925DD0594656
S3150100BDD805A803930AF0A6F8029A09EB0B01147851
S3150100BDE80BF1010B044305A80AF09CF8E4B2029A88
S3150100BDF844EA4004039B02F8014BE5E75C781A78AC
S3150100BE0884EA010E6FEA0E0000F0010012FB00F24F
S3150100BE180C4002EA0E0182EA0E0203F8012F13F81A
S3150100BE28012C214342EAC01203F8012C0CF1010C42
S3150100BE38E345E3D20BA809F0AEFF05A809F0ABFF6D
S3150100BE4805A80BF072F900240BAB1819083409F090
S3150100BE589DFF202CF8D10BF1D0036B442A463946B5
S3150100BE68304613F8843C0BF001F80446002831D11A
S3150100BE783E9B002B6DD0DDE93E2339463046FFF760
S3150100BE882FFC002865D0044624E000214FF0010C60
S3150100BE98CEE74B463A46394630460BF1FF3B0BF0A7
S3150100BEA835F80028EFD113AB2A46304613F80B3084
S3150100BEB805A90AF0DBFF0028E5D13A46394630469E
S3150100BEC8CDF8009005ABFFF753FC0028DBD1BBF199
S3150100BED8000FDED105A80AF0BBFF4FF000090BAB36
S3150100BEE803EB090009F1080909F055FFB9F1200F1B
S3150100BEF8F5D1002C7FF4FAAE5246394630460AF09F
S3150100BF0835FF044600287FF4F1AE3E9B4BB1DDE9CF
S3150100BF183E2339463046FFF7E3FB044600287FF403
S3150100BF28E5AE394630460AF0DDFEB36D04469D425C
S3150100BF3808D028460BF036F940460BF033F9284667
S3150100BF4811F0FFFB002C7FF402AF204635B0BDE8A7
S3150100BF58F08F0DF12C09BAE7024CF8E6004CF4E72C
S3150100BF6880B0FFFF80B2FFFF30B4DDE9024524B19E
S3150100BF78CDE9024530BCFFF73BBE014830BC7047EE
S3150100BF8880B0FFFF73B505461E460BF0C5F80128BC
S3150100BF980C4601460ED113462046009605F1340299
S3150100BFA80AF0F2FA044B10F10E0F18BF03461846B1
S3150100BFB802B070BD014BFAE700B3FFFF80B0FFFF87
S3150100BFC82DE9F0410D46014628461746984600F0E8
S3150100BFD847F80446B0B928460BF09EF8012805F142
S3150100BFE8600612D142463946304609F0C8FF044672
S3150100BFF828B931462846FFF7DDFD044610B130461B
S3150100C00809F0C9FE2046BDE8F081014CF7E700BFFB
S3150100C01880B1FFFF70B5066C0D460736B3EBD60F38
S3150100C028114604464FEAD60203D200230A482B607A
S3150100C03870BDB0F866302A604BB10BF06DF8012877
S3150100C04807D104F16000BDE8704009F0AEBF0348AE
S3150100C058EEE76FF06D00EBE700B1FFFF80B0FFFF81
S3150100C06838B504460D460BF0A1F820460BF06BF8DF
S3150100C078032D257023D1144B144AA360A361A3632E
S3150100C0882362A362124B626063624FF00113114A85
S3150100C09823636261104A114B6263114AE362E261EA
S3150100C0A8201D09F062FFE06304F1340009F05DFF29
S3150100C0B8206400200123C4E91600636438BD002307
S3150100C0C808482370FAE700BF010008005CDD01019A
S3150100C0D8FCDC01013CDD0101DCDC01017CDD010147
S3150100C0E81CDD010180B1FFFF0538C0B206289ABFE1
S3150100C0F8024B53F820000020704700BF80DD010184
S3150100C1080023F0B5044603600A276FF067000C4E5A
S3150100C1180B68934203D21D78303D092D00D9F0BD35
S3150100C1282568B54209D87D43256013F8010B2844D3
S3150100C1383038206000200B60EAE76FF06700EEE711
S3150100C1489999991970B5094C256815B96FF02D009B
S3150100C15809E0667C864207D1267C8E4204D10020FE
S3150100C168156062681A6070BD1434EDE7C4E6010112
S3150100C17830B5084B1C6814B96FF02D0006E01D7C1C
S3150100C188854204D100205B680C60136030BD14330E
S3150100C198F0E700BF74E6010130B5084B1C6814B915
S3150100C1A86FF02D0006E01D7C854204D100205B68F6
S3150100C1B80C60136030BD1433F0E700BF4CE6010193
S3150100C1C82DE9F04F0F460021054687B00846009332
S3150100C1D890469B46134605AA109E09F050FD28462F
S3150100C1E810F077FE0446384610F073FE05990229C9
S3150100C1F80A4638BF02224B1C023A03EB9213234428
S3150100C2081844119B984207D96FF02908129B1860A8
S3150100C218404607B0BDE8F08F39B101200FF04BF861
S3150100C228044618B9DFF8A080F2E70C4643462046D3
S3150100C2380599CDF800B005AA09F021FD804618B187
S3150100C248204611F07EFAE3E7284610F042FE294619
S3150100C2580246304610F0B4FD284610F03AFEA146D3
S3150100C2684FF00A0A3518DDF814B0BBF1000F18D1E2
S3150100C278384610F02EFE39460246284610F0A0FD33
S3150100C288384610F026FE02462B18581C129B05F854
S3150100C29802B0821B1A60119B59469A1AF4F742DEBC
S3150100C2A8CEE75A46402A28BF4022494628460392E5
S3150100C2B810F086FD039AABEB0200154405909144F4
S3150100C2C805F801ABCFE700BF80EEFFFFF0B50546E5
S3150100C2D887B00E46182200216846F4F723DE1DB9F9
S3150100C2E8114C204607B0F0BD2B68002BF8D16946E2
S3150100C2F830460BF0FCFB04460028F1D1BDF800706E
S3150100C30868460BF0D0FE27F0FF03B3F5E24F07D0DE
S3150100C31847F201039F4205D1044B2B60AE60E0E76B
S3150100C328034BFAE7034CDCE780C1FFFF54E7010141
S3150100C33884E7010180C6FFFF2DE9F74F1646DDE9BF
S3150100C3480C89DDE90EAB04460D46109AE1B92BB905
S3150100C358036803BB164803B0BDE8F08F002EF9D079
S3150100C36801680029F6D021684F69FFB1CDE90FB2FE
S3150100C378294632462046BC46CDE90D9ACDF830808D
S3150100C38803B0BDE8F04F6047002EE3D001680029ED
S3150100C398E0D0002BE7D128460192FFF7A5FE0AF067
S3150100C3A883FF019A03460028DDD1D3E70148D2E786
S3150100C3B880C1FFFF00C1FFFF0048704780C6FFFF2D
S3150100C3C82DE9F04F04468BB00E46DDE9149A00219B
S3150100C3D8174604A818229846169DF4F7A3DD2046A9
S3150100C3E804A90BF084FB38B10722194B19490CF043
S3150100C3F8BAF90BB0BDE8F08F04A8BDF812B00BF07E
S3150100C40852FE46F0C06143463A462046CDE901A5AB
S3150100C418CDF8009041F4E0610BF0CCFC034670B115
S3150100C4288533E1D143463A462046CDE901A5CDF803
S3150100C438009046F006210BF0BDFC0028D4D1CDE9C9
S3150100C44800A54B46494658462A680CF0B2F9D0E78A
S3150100C458E1DA0001C0E701012DE9F0431E469BB070
S3150100C4680746884614460021182204A8F4F75ADD1F
S3150100C4780023F51DED0802936D0024B92A4C2046C8
S3150100C4881BB0BDE8F0834FF006294FF4005144F480
S3150100C498824404A8ADF810400AF0F3FF4246394633
S3150100C4A802ABCDF81C9000F033FD48B101F014FB46
S3150100C4B80546029800F02CFC04463DB32C46DEE7FF
S3150100C4C8402D03D9029800F023FCD7E703AB01936B
S3150100C4D84023DDE924120AAF009330463B460CF0AF
S3150100C4E8BCF90446029814B100F012FCC7E7039B95
S3150100C4F8AB42E8D1CDE90073DDE9222349460BF0C9
S3150100C5089CFC50B9029800F003FC0446002CB6D0F6
S3150100C518204601F0E1FA0446B1E70722034B044934
S3150100C5280CF021F9C4E700BF80C1FFFFE1DA000181
S3150100C538C0E701012DE9F04105469CB000211646E8
S3150100C54805A818221F46F4F7EDDCA86805A90BF023
S3150100C558CEFA38B10722144B14490CF004F91CB071
S3150100C568BDE8F081BDF8144005A804F44F43B3F5BE
S3150100C578824F18BF0024BDF816800BF094FD4122A6
S3150100C588A86804AB0BA90BF00BFB0028E2D1239B8F
S3150100C59804990393229B0096CDE90173E2B24346BF
S3150100C5A80BA8FFF759FFDAE7E1DA0001C0E7010155
S3150100C5B870B5002306460846BEB0CDE903334122CD
S3150100C5C8806803AB05A90BF0EBFA044618B101F034
S3150100C5D883FA3EB070BD16ADA0223146284610F04A
S3150100C5E8EFFB28460AF048FF0238314602284FF089
S3150100C5F8A002284698BF179C10F0E2FB28460AF0CD
S3150100C6083BFF0238022888BF00214FF0410398BF3B
S3150100C6181799CDE900530022204604AB6831FFF78C
S3150100C62897F90028D5D1DDE903239A4208D129468D
S3150100C63805A810F0B7FC034B002818BF1846C8E731
S3150100C6480048C6E780C1FFFF2DE9F0419046002763
S3150100C658ACB004ADA02206460C46284641460397CF
S3150100C66810F0AEFB28460AF007FF023802284046BA
S3150100C67898BF059F0AF000FF072811D141222946D4
S3150100C688D8F8080003AB0BF08BFA00BB3068039AA5
S3150100C698041B944214D26FF06B002CB0BDE8F081F4
S3150100C6A841230022CDE90053384603AB07F168015F
S3150100C6B8FFF74EF90028F0D13068A042E7D2EAE741
S3150100C6C8801A2946306010F07BFB0398E5E701489C
S3150100C6D8E3E700BF80C1FFFF73B5054610460C4668
S3150100C6E816460AF0C9FE022809D1324621462846CD
S3150100C6F8FFF7AAFF00280DDB034618460AE0304675
S3150100C7080AF0BAFE07281BD100232A68019394422E
S3150100C71802D90C4802B070BD2146B06801AB121BA4
S3150100C7280BF03EFA0028F4D12868019A2146801AAE
S3150100C738286010F047FC019B002B1846DDDAE9E773
S3150100C7480148E7E780C1FFFF80C6FFFF10B50A462B
S3150100C758044619B1024B00211B68984710BD00BF5A
S3150100C768347B0020F8B50D4E0D4C0E4D33680E483E
S3150100C778984767782B680C48984733680B48984759
S3150100C788022F08D12478E31F5C425C412B680748D5
S3150100C79898472046F8BD0024F8E700BF3C7B0020F7
S3150100C7A8E0410020387B0020B84700201C480020C3
S3150100C7B80E4B0340B3F1607F06D1B1F5885F14BF14
S3150100C7C86FF0860000207047B3F1707F0BD101F43A
S3150100C7D8E043B3F5005F06D111F4E06F0CBF6FF0CB
S3150100C7E88600002070476FF0860070470000C07F02
S3150100C7F88A42F8B507460C4600F019818F4922F49A
S3150100C808FF7323F001038B420ED08D4B22F0FF01FB
S3150100C818994209D08B4822F47F7323F0030383429C
S3150100C82802D0894B994228D1884B24F0FF019942BD
S3150100C8380FD114F0FF000BD0854B40F000709842E1
S3150100C84840F0F78082EA0400FF288CBF002001200F
S3150100C858F8BD7B4B9942ECD0A3F588539942E8D0B1
S3150100C86824F4FF7323F00103B3F1062FE1D07648D0
S3150100C8788142DED073498B42DBD004F0FE43B3F12B
S3150100C888A06F14D102F0FE43B3F1A06F40F0D1803E
S3150100C89882EA040333F47E1340F0CB8014F400409B
S3150100C8A8D6D0C4F30540C2F305429042CDE7B3F1B1
S3150100C8B8407F40F0A88002F0FE43B3F1407F40F08C
S3150100C8C8B88082EA040535F47E1540F0B28039460F
S3150100C8D82046FFF76DFF002840F0AB805D4B12F450
S3150100C8E87C1603EA020319D0B3F1607FC2F3054649
S3150100C8F879D15949D3B243F000738B4277D003F10A
S3150100C9087E43043B0F2B5CD8DFE803F05A5A5B7170
S3150100C9186567696B65675B5B6567696BB3F1607FC3
S3150100C92834D14D49D3B243F000738B4244D003F15D
S3150100C9387E43043B0F2BDCD801A151F823F000BF3D
S3150100C948C5C90001C5C90001FBC80001C1C900016B
S3150100C9583FCA000189C900018DC9000191C90001B9
S3150100C9683FCA000189C90001FBC80001FBC80001D3
S3150100C9783FCA000189C900018DC9000191C9000199
S3150100C9882026B6E73026B4E74026B2E7B3F1707F32
S3150100C99817D107F4E043B3F5005F03D10126C7F3C6
S3150100C9A802239E4007F4E043B3F5005F09D1012550
S3150100C9B8C7F302218D4004E010269AE7142698E76A
S3150100C9C8142514F47C1FC4F3054312D1B54214BFD0
S3150100C9D8002001203CE71C25F3E72025F1E7302557
S3150100C9E8EFE74025EDE7B3F1707FEAD1DAE71025E5
S3150100C9F8E7E712F47C1F01D1AB4218D022047FF578
S3150100CA0827AFB34221E7B3F1106F12D124F01F60AB
S3150100CA1820F4702068B902F0FE43B3F1106F7FF479
S3150100CA2817AF0E48104040F01060A042CFE7012032
S3150100CA380EE700200CE71C265BE700BF0002000694
S3150100CA48001300060004000600090006000300069C
S3150100CA58FF0000020000C07F030000020000FFF68D
S3150100CA6810B5344B21F0FF02E8B19A4236D003F5EE
S3150100CA7880539A4232D0A3F588539A422ED021F494
S3150100CA88FF7323F00103B3F1062F40D02A488242EF
S3150100CA983DD02A4A934221D0294B99420CBF002006
S3150100CAA86FF0860010BD9A4203D111F0FF0318D129
S3150100CAB8F8E7244B9A42F8D0A3F588539A42F4D062
S3150100CAC821F4FF7323F00103B3F1062FEDD01A4CBD
S3150100CAD8A242EAD0194A9342E4D1E6E711F0FF03EC
S3150100CAE804D0194A43F00073934202D16FF08600CD
S3150100CAF8D8E7164A934208D003F17E43083B032B35
S3150100CB088CBF6FF085000020CCE70020CAE711F042
S3150100CB18FF03E6D1094B21F47F7121F00301994204
S3150100CB28E4D003F5A0639A4214BF00206FF0860093
S3150100CB38B8E700BF00030006000900060004000666
S3150100CB480008000600130006FF00000205000002A7
S3150100CB5837B505460C46FFF705FE78B10023224690
S3150100CB6801932946074801AB0DF07AFC20B9019BD0
S3150100CB78A34218BF6FF0930003B030BD6FF0880071
S3150100CB88FAE700BFE44100202DE9F04F4468DFF8D9
S3150100CB989CC0240A85B064458046DDE90E5689465F
S3150100CBA892469B46109F38D007D894B1012C2CD0B9
S3150100CBB86FF0860005B0BDE8F08FDFF874C06445F4
S3150100CBC81BD00CF1010C6445F2D1CDE90F670E9526
S3150100CBD80EE0CDE9016700950DF045FE10F1860FCF
S3150100CBE8E8D15B46524649464046CDE90F670E9560
S3150100CBF805B0BDE8F04F0AF009BFCDE90F670E95FC
S3150100CC0805B0BDE8F04F0DF02EBECDE90F670E95C4
S3150100CC1805B0BDE8F04F0DF015BDCDE90F670E95CE
S3150100CC2805B0BDE8F04F05F019B900BF0100800055
S3150100CC38020080002DE9F843884617461C4600F095
S3150100CC4819FE054688BBD8F80060B6F8009009F4C5
S3150100CC58E043B3F5804FB36808BF27F0010737EA09
S3150100CC6803031AD10CB3254B24F0FF029A421FD1B4
S3150100CC7814F0FF0304D0224A43F00073934232D0E2
S3150100CC8822464846F168FFF7B3FD074668B92246CA
S3150100CC9848463169FFF7ACFD70BB6FF08405002388
S3150100CCA83046C8F8003000F061FE2846BDE8F88332
S3150100CCB8144B9A42DCD0A3F588539A42D8D024F46F
S3150100CCC8FF7323F00103B3F1062FD1D00E498A422F
S3150100CCD8CED00E4A9342CBD004F0FE43B3F1407F47
S3150100CCE804D12304CCD56FF08605D8E7B3F1A06F3C
S3150100CCF8F7D0034B9C42C2E73D46D6E70003000640
S3150100CD08FF000002001300060009000600040006E1
S3150100CD1837B50446C0B101A900F0ACFD044698B97F
S3150100CD28224B23481B689847224D80BB0198037EF6
S3150100CD38032B11D10BF08BFB2B6804461C48984733
S3150100CD4828B10CB96FF08F04204603B030BD002C12
S3150100CD5808BF6FF08704F7E7022B16D10323037682
S3150100CD684368DAB2FF2A1ED0134AB2EB132F06D054
S3150100CD78019B1A795AB158690BF0AAFB03E00DF029
S3150100CD8810FD0028F4D0044601E06FF096040198DE
S3150100CD980BF05DFB2B68002818BF0446044898472A
S3150100CDA80028D1D0CDE76FF08404F0E73C7B002062
S3150100CDB880480020387B0020010080002DE9F341DE
S3150100CDC80D46194600236E680B60304690466F691A
S3150100CDD80BF052FB044668B930460BF04FFB04468C
S3150100CDE840B9F6B256B91FB9AA68204B134063B1C8
S3150100CDF86FF08604204602B0BDE8F08101466869F5
S3150100CE080BF014FB0028EFD1F2E74FF6F8736A88A6
S3150100CE189A4227D8164B17481B682F79984710B19D
S3150100CE286FF08F04E6E707B901A8414600F0E2FC76
S3150100CE38114B04461B680F48984710B1002CD9D1ED
S3150100CE48EEE7002CD6D10FCDD8F800C066460FC63E
S3150100CE5895E8030086E80300002FCBD1019BCCF8A7
S3150100CE681430C7E76FF08504C4E700BFFC00FF7FF5
S3150100CE783C7B002080480020387B0020154B70B58C
S3150100CE881B68054614481646984718B16FF08F0473
S3150100CE98204670BD2B794BB96B69002433602B7E14
S3150100CEA8012B14D034606FF0960407E02846D5E9C3
S3150100CEB808120BF028FB04460028EDD0074B06485C
S3150100CEC81B6898470028E3D0002CE1D1DEE702234E
S3150100CED82B76F3E73C7B002080480020387B002036
S3150100CEE810B5044660B1074B07481B6898472046AA
S3150100CEF80AF0E0FDBDE81040044B03481B681847DB
S3150100CF0810BD00BF3C7B002080480020387B0020F4
S3150100CF182DE9F0410646002088B0884615461F4689
S3150100CF28CDE9040007921860002A6DD0B2F1005FBE
S3150100CF386DD2314605AB04AAFFF740FF044698B9FE
S3150100CF48049B5B6AABB104982A464388414606931B
S3150100CF5806AB029300F124030193436A0093036A23
S3150100CF68FFF712FE044658B3DDE90401FFF7B8FFDF
S3150100CF7840E073681B0A16D0264A934206D8023A3D
S3150100CF88934218D8012B06D0934216D00023079353
S3150100CF986FF08604E8E7304607A9079500F0B2F96D
S3150100CFA804460028E0D1079904980AF00CFD0446C6
S3150100CFB80028C8D0D8E70795F5E701230793F2E7D4
S3150100CFC80498069B4288CAB943804FF6F872934281
S3150100CFD817D8338813B102889A42D9D1738813B105
S3150100CFE842889A42D4D13A460599FFF747FF044643
S3150100CFF80028B9D1204608B0BDE8F0819A42C7D1C8
S3150100D008E3E76FF08504AFE76FF08604F2E76FF0A8
S3150100D0188504EFE70300800047F2010102888A428E
S3150100D02810D1104923F4FF7222F001028A4215D069
S3150100D0380D4A23F0FF03934214BF6FF086006FF089
S3150100D0488500704702F44F42B2F5824F06D123F4A8
S3150100D058FF7323F00103B3F1062FEDE76FF08500A7
S3150100D068704700BF00020006001300062DE9F041D3
S3150100D07817461C461F4A23F4FF7323F00103934204
S3150100D08805460E4698B00ED01B4B24F0FF029A4275
S3150100D09809D01A4924F47F7323F003038B4202D083
S3150100D0A8174B9A4222D1DDE91E1207AB01934023A1
S3150100D0B814F0FF000DF1200818BF40F0007000932E
S3150100D0C843460AF022FB70B9229B3A460493219BF8
S3150100D0D831460393209B28460293079BCDE900839B
S3150100D0E823460AF09BFD18B0BDE8F0816FF0850074
S3150100D0F8F9E700BF00020006001300060004000657
S3150100D1080009000644F20101028822F440508842CF
S3150100D11810D1104923F4FF7222F001028A4215D078
S3150100D1280D4A23F0FF03934214BF6FF086006FF098
S3150100D1388500704702F44F42B2F5824F06D123F4B7
S3150100D148FF7323F00103B3F1062FEDE76FF08500B6
S3150100D158704700BF0002000600130006002307B54A
S3150100D1681A46009102490AF0B6FE03B05DF804FBBF
S3150100D178B4E7010170B51C4E1C4C33681C4898472E
S3150100D1882378580744BF23F00403237023789907AB
S3150100D19805D500F015FB237823F002032370154DFE
S3150100D1A813482B68984733681348984763781BB127
S3150100D1B80023124A63605360002308210F486370F5
S3150100D1C8FFF7C4FA2B680C4898473368084898470C
S3150100D1D823780748DA0744BF23F0010323702B6835
S3150100D1E8BDE87040184700BF3C7B0020E0410020A5
S3150100D1F81C480020387B0020B8470020E441002065
S3150100D2082DE9F041FFF7AEFA18B100242046BDE832
S3150100D218F081364F36483B689847044620B16FF08F
S3150100D2288F04FFF7A7FFF1E7324D2B78D8070AD409
S3150100D2380DF00BF9044610B90DF010F904462B78D8
S3150100D24843F001032B702C4E29483368984710B1D7
S3150100D258002CE4D0E5E7002CE3D13B682448984745
S3150100D26804460028DBD12B78990706D400F0A0FAEA
S3150100D27804462B7843F002032B7033681C48984701
S3150100D2880028E5D1002CCCD13B68194898470028DD
S3150100D298C5D13368164895F8008098470028BED14D
S3150100D2A83B68164898470028B9D16B783BB918F0FE
S3150100D2B8010F04D0124B6C605C6002236B703368FB
S3150100D2C80E4898470028AAD13B680948984700287C
S3150100D2D8A5D12B7806485A075CBF43F004032B7087
S3150100D2E833689847002890D099E700BF3C7B002017
S3150100D2F81C480020E0410020387B0020B847002068
S3150100D308E4410020426870B5120A012A058843885B
S3150100D31859D06448824254D0002A40F0BE8005F4B0
S3150100D328E042B2F5805F02D0B2F5005F05D107335E
S3150100D338DB0840D16FF0850014E005F44F42B2F5E1
S3150100D348844F03D10733DB080AD1F3E747F2010219
S3150100D358954208D15B080133DB0803EBC3033B3372
S3150100D36800200B6070BD44F20102954202D1DB0830
S3150100D3781033F5E747F20202954204D1DB0803EBC5
S3150100D38843035A33ECE744F20202954204D1DB081F
S3150100D39803EB43034A33E3E725F0FF05B5F5E24F0F
S3150100D3A8D0D0B5F5824FC5D10733DB085B00013311
S3150100D3B8012BD5D1BEE725F0FF05B5F5824FCFD1B3
S3150100D3C8F6E70123CCE705F4E046DC1DB6F5805FF8
S3150100D3D825F0FF024FEAD40002D0B6F5005F06D168
S3150100D3E800284AD0B2F5824F07D1034640E005F43A
S3150100D3F84F46B6F5844F02D190B3C31C32E047F2CB
S3150100D4080106B5420DD15B080133DB0803EBC30303
S3150100D4183B330333800723F0030335D1072C23D18C
S3150100D42832E044F20106B54202D1DB081033F0E7D7
S3150100D43847F20206B54204D1DB0803EB43035A332C
S3150100D448E7E744F20206B54204D1DB0803EB4303DE
S3150100D4584A33DEE7B2F5E24FCED0B2F5824F05D0B8
S3150100D4680B68033323F003032C3379E743000133B5
S3150100D478012B00D10B68013BCBE7B2F5824F0B6854
S3150100D48806D0033323F00303B2F5824FECD102E051
S3150100D498023323F003030433E6E700236FF0860023
S3150100D4A80B605FE7010080002DE9F74300F4E040D7
S3150100D4B8B0F5804F0D4616461F46DDF828902CD14B
S3150100D4C801F16808404609F0DBFE88B94B4600229F
S3150100D4D841462846CDE90067FEF73AFA0AF03DF9D2
S3150100D4E80446B0B13A4600213046F3F71BDD10E099
S3150100D4F8002301930D4B4146009305F1600205F1A6
S3150100D5081C03284609F0C5FE0AF027F90446002837
S3150100D518DCD0204603B0BDE8F08349462846FEF72D
S3150100D52879FD03B0BDE8F0430AF017B9A7870101F1
S3150100D538F0B51D460388174603F44F42B2F5824FEC
S3150100D54818BF00230E46A1B04188D8B20BF01DF9C9
S3150100D5580446F8B1684609F017FE21466846FEF703
S3150100D5687FFD044670B903460C4A684618A9FEF7BA
S3150100D57809FD044630B93B46324629466846FEF758
S3150100D58849FD0446684609F041FE20460AF0E5F8D9
S3150100D59821B0F0BD6FF08500FAE700BFA78701014A
S3150100D5A80368114A10B59342044609D8023A9342D0
S3150100D5B815D88BB1023A93420BD06FF088000DE073
S3150100D5C803F17E430A3B012BF7D804300CF03CFEED
S3150100D5D802E004300CF040FE0020206010BD04304B
S3150100D5E80CF036FEF8E700BF0900000210B5036823
S3150100D5F80F4CA34208D8023CA34215D8023CA342C9
S3150100D6080BD06FF0880010BD03F17E430A3B012B56
S3150100D618F7D8043003F0CCFD02E0043003F020FE15
S3150100D628BDE810400AF099B8043003F0F3FDF7E7B6
S3150100D638090000022DE9F04114461D460378334AD4
S3150100D64843F000739342074688462C6037D003F1AE
S3150100D6587E43043B0F2B09D8DFE803F01C1C083175
S3150100D6682125292D212508082125292D24B12246E0
S3150100D67821214046F3F756DC00263B68244A9342AB
S3150100D6882AD8023A93423BD8023A93422ED06FF0F7
S3150100D698880002E0F4B96FF08900BDE8F081002C3A
S3150100D6A8F9D01C260EE0002CF5D020260AE0002C25
S3150100D6B8F1D0302606E0002CEDD0402602E0002C01
S3150100D6C8E9D01026224621214046F3F72BDCB44245
S3150100D6D8D3D2E0E71426F5E703F17E430A3B012B93
S3150100D6E8D5D84146381D03F06DFD03E04146381D86
S3150100D6F803F0C0FD0AF031F80028CED12E60CCE740
S3150100D7084146381D03F090FDF4E700BF030000020F
S3150100D7180900000238B5074C074B20461B68984795
S3150100D728064B204693F8C855054B1B68984728466B
S3150100D73838BD00BF1C4800203C7B0020EC4100207E
S3150100D748387B002000F14043242B70B505460E4670
S3150100D7580CD82822154C02FB0344237E022B02D146
S3150100D7686369834218D06FF08B001AE001210AF031
S3150100D7785DFEB8B10D4B00221C46197E022902D165
S3150100D7885969A94205D00132252A03F12803F4D1A2
S3150100D798E9E7282303FB024420460AF03AFE00B9CA
S3150100D7A8346070BD6FF08700FBE700BFEC410020D5
S3150100D7B80122024B002083F8C8257047EC4100205E
S3150100D7C82DE9F0410A4C002526464FF001080327AA
S3150100D7D82046C4F81C80277601350AF06BF9252DF9
S3150100D7E804F12804F4D1002386F8C835BDE8F08190
S3150100D7F8EC410020F8B506460F46FFF78BFF88B3C4
S3150100D80800241B4B22461D46197ED1B13CB902297B
S3150100D81805D1D96919B91979002918BF1C460132E8
S3150100D828252A03F12803EFD114B96FF08C0006E01D
S3150100D83820460AF0EEFD20460AF03CF910B1002414
S3150100D8480EE01C46237E83B9012323763EB1651B70
S3150100D858ED1003F1CC335D4305F1804535600020B9
S3150100D8683C60F8BD6FF08800E9E76FF09600E6E7DF
S3150100D878EC41002000232DE9F3410B6080460D465B
S3150100D888FFF748FF002867D0354B36481B6898478D
S3150100D898074628B16FF08F04204602B0BDE8F08133
S3150100D8A829464046FFF74EFF10F18C0F04462E4ECF
S3150100D8B807D033682B4898470028EDD0002CEBD1C8
S3150100D8C8E8E729463846FFF795FF044618B1336855
S3150100D8D824489847E0E701232F68CDE90000694607
S3150100D8E83846C7F814807B6001AA0AF05EFE044632
S3150100D8F870B1DDE900010AF056FE28680AF0DAF887
S3150100D90814F18C0F08BF6FF0870400232B60D0E752
S3150100D918DDE9001238460AF069F80446DDE9000136
S3150100D9280AF041FE002CE8D128688368D90444BF6F
S3150100D93843F48063836083689A0444BF43F40063B5
S3150100D9488360037E012B04BF022303760AF061FD7F
S3150100D95804460028ADD0D8E76FF088049CE700BFDD
S3150100D9683C7B002080480020387B00200B4B10B5FB
S3150100D9781B6804460A48984718B16FF08F04204679
S3150100D98810BD20460AF063FD064B04461B68044891
S3150100D99898470028F3D0002CF1D1EEE73C7B002014
S3150100D9A880480020387B002037B5044630B1164B35
S3150100D9B816481B68984720B16FF08F04204603B0BC
S3150100D9C830BD204601A9FFF7BDFE114D044640B101
S3150100D9D810F18C0F2B680D4808BF6FF08704984724
S3150100D9E8ECE70198C369012B0AD10AF063F80446EA
S3150100D9F82B68064898470028E0D0002CDED1DBE7E3
S3150100DA080AF025FDF3E700BF3C7B00208048002093
S3150100DA18387B002030B40D4D2C681C606C685C6046
S3150100DA2800249C605468DC6014881C8254885C82DB
S3150100DA3894685C61D4689C61126930BCDA611962C8
S3150100DA480A46014603F124000FF0BAB9B8E7010105
S3150100DA582DE9F843232904460F4691469846089E20
S3150100DA6804D86FF098052846BDE8F88308221949B5
S3150100DA780FF098FA05460028F3D1A368002BF0D1D8
S3150100DA88216A243F8F42C8F80010EAD3B1F5005F36
S3150100DA98E7D271B9C9F80000E3687360238A338055
S3150100DAA8638A73806369B360A369F360E369336169
S3150100DAB8D9E701200DF0FFFBC9F8000030B1D8F80D
S3150100DAC8002004F124010FF07BF9E5E76FF08C05DE
S3150100DAD8C9E700BFB8E7010100F19903142B1AD869
S3150100DAE8DFE803F017171919191919171919191947
S3150100DAF81319191B150B0F0D110009487047094811
S3150100DB0870470948704709487047094870470948E6
S3150100DB187047094870470AF009BE0848704700BFB0
S3150100DB2800C3FFFF80C6FFFF80C5FFFF00C1FFFFDF
S3150100DB3880C0FFFF80C1FFFF00C2FFFF80C7FFFF54
S3150100DB4870B5094D04462860084801600849094826
S3150100DB580A60094A1360A0472B68084898472B684A
S3150100DB680748BDE870401847447B0020407B0020E9
S3150100DB783C7B002080480020387B00201C48002080
S3150100DB88B84700202DE9F04FCBB0029008460C4665
S3150100DB9805250FF09EF90023CDE90753099305934F
S3150100DBA8029B27181E68002E40F0F2802546B246D1
S3150100DBB84FF0010BDFF83C92BD4206D909980028BF
S3150100DBC837D148464BB0BDE8F08F2B78BBF1000F33
S3150100DBD800F0F9803D2B40F0D980DFF81CA22A1B02
S3150100DBE8DAF800603EB9214607A809F085FB002846
S3150100DBF800F0E780F6E0DAF804309A4208D12146C7
S3150100DC08304603920FF0F0F8039A002800F0C68018
S3150100DC180AF1100AE4E72378232B7AD100232A1B79
S3150100DC2802F1FF3B1BF00108069305D0DFF8C4910A
S3150100DC3809980FF086FDC4E7033AB2F5027F4FEA69
S3150100DC485B0BF3D2594601200DF035FB81460028BE
S3150100DC585CD0BBF1000F0ED14B4613F8014B05AA58
S3150100DC6809EB0B0106A8069307F0E9FD90B14846B2
S3150100DC780FF067FDDAE7013420460AF05EFE002858
S3150100DC88F5DB09F8080008F10108C34504F10204A7
S3150100DC98F2D1E1E7059AB2F5807FE8D81F2C0699FB
S3150100DCA807D8524BE340D80703D50B46501898427C
S3150100DCB826D10AA80FF084F848460FF042FDDDE99F
S3150100DCC80821059B029800930AAB07F051FF81468C
S3150100DCD809980FF036FD00230993B9F1000F5AD0C0
S3150100DCE82B46C9F80C401D460133AF421C4602D0EB
S3150100DCF86A78202AF7D04FF0010B4FF0000945E06A
S3150100DD0813F801CBBCF1000FD1D1B0E7DFF8EC90E5
S3150100DD188EE7BAF1000F62D10DF12808C346A54274
S3150100DD2804D8A8EB0B03F4680593C8E721785C29A6
S3150100DD3826D1A21C954204F10109039213D948463A
S3150100DD480AF0FBFD431C0ED0002848D0039A08F1BF
S3150100DD58010CC1B2ACEB0B0CBCF5807F08F8011BBA
S3150100DD683DD0541CDBE74D4539D9617820480391EC
S3150100DD780EF0EEFE98B34A46039908F1010CE9E75D
S3150100DD88224608F1010CE5E74FF0000B013513E7D0
S3150100DD98DFF86C9015E7DFF8649012E70390DAF87C
S3150100DDA808000FF096F80146089001200DF083FA55
S3150100DDB8089ADAF8081009900FF002F8039B5646FC
S3150100DDC89B46DA466C1C2B782C2B03D115F8013CA3
S3150100DDD85C2B01D1BD42D7D1A5427FF41CAF09986E
S3150100DDE80FF0AFFCDFF80C90EBE600BF00105850BF
S3150100DDF8DCE7010180DCFFFF00E8010180D7FFFFB6
S3150100DE0800D8FFFF2DE9F04F0746A1B00D460120C6
S3150100DE184B21144609930DF04EFA8046002800F06E
S3150100DE281F8100230B933B7A29460893FA682B191D
S3150100DE380CA807930C930AF042FE041EC0F2F58063
S3150100DE4800F0FA80224629460CA807F0A9FDA1464A
S3150100DE58041EC0F2EA80302229460DEB020007F0C3
S3150100DE68C3FD061EC0F2F380A1444E44324629463C
S3150100DE780CA807F095FD041EC0F2D7803122294669
S3150100DE880CA807F0B1FDB0F10009C0F2DC80092346
S3150100DE982946744A0CA807F00EFE0028C0F2D58060
S3150100DEA826444E4400EB06094A4629460CA807F0C3
S3150100DEB877FD041EC0F2B980302229460DEB020017
S3150100DEC807F092FD061EC0F2C280A1444E443246B6
S3150100DED829460CA807F064FDB0F1000AC0F2B1802A
S3150100DEE8A02229460CA807F07FFDB0F10009C0F26F
S3150100DEF8AA800C9A29463868521B09F067FB041E4A
S3150100DF08C0F293800C9B29461B1B7A680CA80C93BC
S3150100DF180AF025FDA346041EC0F287800022294681
S3150100DF280CA807F010FE0028C0F28F8056444E4414
S3150100DF385E44264400EB06094A4629460CA807F022
S3150100DF482FFD041E71DB302229460DEB020007F076
S3150100DF584BFD061E7BDB0FAB019340230898A144BA
S3150100DF684E44009332466B440C9940F0007009F018
S3150100DF7842FE034600286CD12A9A0492099A039212
S3150100DF880EAA02924B22CDE9008210AA397A386884
S3150100DF9809F060FA0446002847D10121386809F0DA
S3150100DFA850FA00284AD10421386809F04AFA0028AB
S3150100DFB852D04FF004094846397A0BAB0AAAFEF744
S3150100DFC8C1F8044688BB32460C9928460EF0FAFF7A
S3150100DFD8079BCDF808900D930E9BA919CDE90083EF
S3150100DFE8DDE90A230DA80AF020FD041E1DDB0D98A4
S3150100DFF83246801B294626440D900EF0E3FF324631
S3150100E00829460DA807F0CCFC041E0EDB3022294652
S3150100E0180DA807F0E9FC071E20DB0D9A002128460A
S3150100E028521BF2F77FDF34443C4440460FF089FB2C
S3150100E038204621B0BDE8F08F264648E74FF0010992
S3150100E048B9E75446F1E74C46EFE70446EDE73446AF
S3150100E058EBE76FF06F04E8E7034CE6E73C46E4E7D5
S3150100E068024CE5E7D0E9010100DDFFFF80D7FFFF9C
S3150100E07870B5002686B005960A9E0C46009615468A
S3150100E088FFF7C0FE00280ADB2A1A05ABCDE90153C2
S3150100E09804490346009404482244FEF791F806B061
S3150100E0A870BD00BFDAE90101FDE90101BFF34F8F38
S3150100E0B80549064BCA6802F4E0621343CB60BFF315
S3150100E0C84F8F00BFFDE700BF00ED00E00400FA0531
S3150100E0D80348044A0449121A92100AF09EBD00BF69
S3150100E0E8A8810001C8AF0001000000204FF00060C0
S3150100E0F82DE988484249434B434AD3F89430886608
S3150100E1080221012B414B4FF0000099604FF000515D
S3150100E11846D80025002600275FF000085FF00009B1
S3150100E1285FF0000A5FF0000B5FF0000C501A4FF425
S3150100E1388073B0FBF3F404FB03F40C44A14210D240
S3150100E148A1E8E01FA1E8E01FA1E8E01FA1E8E01FA0
S3150100E158A1E8E01FA1E8E01FA1E8E01FA1E8E01F90
S3150100E168ECE7914202D241F8045BFAE70522274B14
S3150100E1789A604FF00062A3F540539A66244B83F3E5
S3150100E1880A8800F04FF8FFF7A3FF224B22498B427A
S3150100E19828D30020214B22498B422ED3FCF75CFF62
S3150100E1A8501A4FF02003B0FBF3F404FB03F40C44BC
S3150100E1B8A14204D291E8E01FA1E8E01FF8E79142E5
S3150100E1C803D20D6841F8045BF9E7CFE7186850F800
S3150100E1D82240586840F82240013298688242F5D3B5
S3150100E1E80C33D4E70022F8E71C6844F82200013210
S3150100E1F85C68A242F8D30833CEE70022F8E700BFED
S3150100E20800508040008000A3000008200090804054
S3150100E218202E002070F501017CF501017CF5010134
S3150100E2287CF50101044B054A9A60D3F8882042F42B
S3150100E2387002C3F88820704700ED00E000800001F5
S3150100E248002307B529480193F1F745DF4FF44073D9
S3150100E258012204216846ADF800300AF002FD0122C8
S3150100E268234B0520C3F8442401A9F1F72FDF002821
S3150100E27839D1204BD3F8F02042F00102C3F8F0203F
S3150100E288D3F8FC2042F08072C3F8FC201A4AA3F5A1
S3150100E2985D431A60019B194A03F5D52303F2FC4332
S3150100E2A8B3FBF2F3164A013B13610223C2F8F030BD
S3150100E2B84FF48073C2F804334FF06043114AC3F830
S3150100E2C8B02F114AC3F8802ED3F8002E42F480727B
S3150100E2D8C3F8002EFF2283F82020D3F8002E22F45B
S3150100E2E88072C3F8002E03B05DF804FB84EB0101CC
S3150100E2F800D0834000ED00E0FF030040F8590D000F
S3150100E308000004E055CEACC509000100F8B5044685
S3150100E3180127124D04B314F001000BD0002024F09C
S3150100E328010405EBC0021668002EF3D05168C0B28D
S3150100E338B047EFE72246013020284FEA520201D0C2
S3150100E348D307F8D507FA00F20F2824EA0204E8D918
S3150100E35805EBC0021038E6E7F8BD00BFE448002027
S3150100E36808B50C48F1F7B7DE2A2004F06FF928B191
S3150100E3782A2004F079F92A200CF02AFE2B2004F031
S3150100E38865F928B12B2004F06FF92B200CF020FE3B
S3150100E398002008BD84EB010108B501F0BFFF054B5C
S3150100E3A800F0553020F05020C3F82004BDE808409D
S3150100E3B8FFF7ACBF00E0834008B501F0AFFF054B9E
S3150100E3C800F0AA3020F0A020C3F82004BDE80840D8
S3150100E3D8FFF79CBF00E083402DE9F04F1446054640
S3150100E3E80E469B46036C87B001225B6902A96068E9
S3150100E3F898472B6C01225B6903A93046984702A806
S3150100E4080BF0E9F9074648B10023A37563754FF088
S3150100E418FF33A360002007B0BDE8F08F03A80BF017
S3150100E428E7F90123A375237E04EBC303DE611F8489
S3150100E4386368B3420ED1206003A80BF0FBF94FF0D5
S3150100E448FF332075A360237D043B022B26D80023C6
S3150100E458A375DFE723681A1A53425341A37503A824
S3150100E4680BF0E8F9237D834218BFA77503A80BF0C3
S3150100E478C3F9074602A80BF0BFF9874218BF002364
S3150100E48803A818BFA3750BF0BFF9074602A80BF03E
S3150100E498BBF987421CBF0023A375D4E703A80BF079
S3150100E4A8ABF980B12B6C022230465B6904A9984707
S3150100E4B804A80BF0B0F90346207D032839D8DFE814
S3150100E4C800F03838040903A8F3E7CC22237E04EBCD
S3150100E4D8C3031A8401F090FE109B187003A8277EC7
S3150100E4E80BF07EF904EBC70787F82200237E03A801
S3150100E4F804EBC303B3F8209093F822700BF07CF970
S3150100E508804603A80BF080F98246B8F1000F15D0B2
S3150100E5182B6C022230465B6904A9984704A80BF0C4
S3150100E5283FF96075637D6BB90023A3754FF0000849
S3150100E53838E0227E04EBC2021384CBE703A80BF072
S3150100E5481AF9EEE794F81680B8F1000FEED0B9F192
S3150100E558000F09D1DFB10123E375637E002B4FD18B
S3150100E568012F42D1677614E0EB6C06EB0A02594299
S3150100E57886EA020008421CBF0021A175591E0A40FD
S3150100E5889B1A9945D0D8A37D002BE3D1CEE7E37D2D
S3150100E59843B94FF000084B465246314628460AF021
S3150100E5A81FFDA060A27D12B123694B4423611A495C
S3150100E5B8237E097899422AD901332376BBF1000FC4
S3150100E5C827D032B3E37D23B3B8F1000F21D1032F4E
S3150100E5D81FD0A1684B1C1CD0109B224600932846CD
S3150100E5E80123FFF7F9FEA07513E095F8383063B9F2
S3150100E5F82B6B0133CFD1032FCDD10123A376C8E7E6
S3150100E608012FCFD0032FC4D1F7E79846C3E70023DC
S3150100E618A375A07DFFE600BF54EA01012DE9F04F7D
S3150100E6280E46984600238BB004464FF0FF3110463C
S3150100E63817468DF8133001F0C9FDB6F5801F3BD397
S3150100E648B21C53D1256B6B1C57D12046A16A0AF01F
S3150100E6580DFC0546B31C18BF0123DFF8249101936D
S3150100E668A36AE26C0293236805A902FB053A236CA7
S3150100E67805225B695046984705A80BF047F90BF048
S3150100E6886AF950460BF072F94FF0000B82460146C3
S3150100E6984B1C05D0E36C81EA0A025B42134232D075
S3150100E6A8294620460AF0E2FB029BAB424DD0BBF15C
S3150100E6B8000F4DD10546D3E7314605AA04F10800F6
S3150100E6C80AF0A2FF0146481C10D0384601F07EFD2B
S3150100E6D80122394620460DF113030AF0CAFC28B176
S3150100E6E89DF8133088F80030002003E0237C002BC6
S3150100E6F8A8D12D200BB0BDE8F08F2368ED1AE36C85
S3150100E708B5FBF3F5A6E7484601F060FD0DF11303E5
S3150100E71849462046019A0AF0ACFC034690B1B21C60
S3150100E72803D0D9F80020B2420CD19DF813200393E7
S3150100E738124B88F8002049461A6838460EF040FB05
S3150100E748039B9B46D9F80810A2E7BBF1000FD0D06E
S3150100E758B6F5801FC8D208343146204698F80030ED
S3150100E7687A680AF059FE0028BED13146204698F843
S3150100E77800307A680AF0BBFEBCE700BF50EA010127
S3150100E788C45000202DE9F3410446174698460E4623
S3150100E798194DC16A236B8B422AD04B1C18E02846B7
S3150100E7A801F014FD0122294620460DF107030AF05E
S3150100E7B860FC30B14346294620469DF80720B847F4
S3150100E7C8B0B1A9684A1C05D0012E0AD0236B99421B
S3150100E7D8E5D10DE0696820460AF0D5FB012E014610
S3150100E7E8D8D16B6881EA0302E36C5B421A42D1D045
S3150100E7F802B0BDE8F08100BF905000202DE9F0413C
S3150100E808436B9046C26B07689A4288BFC363C26C62
S3150100E818836A90B002FB0377036C0E46052201A9B1
S3150100E8285B6904463846984701A80BF06FF801283A
S3150100E8380146307057D0E56C226C2368A06AD2F87D
S3150100E84814C005FB0030052206A9E04706A80BF00F
S3150100E8585DF801284FF0000523D0D4E90B320121D8
S3150100E8689342CDE90B458DF834800E958DF83C1011
S3150100E8782AD1194620460AF086FB636BE26C1433EB
S3150100E8889B1A206363630C9B53B99DF83C303BB1DB
S3150100E898A26AE16C2368206C01FB02310AF0EEFFE3
S3150100E8A80C9D236C05225B6901A93846984701A886
S3150100E8B80BF02CF830702846636BE26B9A4288BFDE
S3150100E8C8E36310B0BDE8F081237C33B91C490BAA78
S3150100E8D804F1080001F086FBD5E72046194A0BAB7F
S3150100E8E8FFF750FFCFE7237C23BB2246164904F1E5
S3150100E8F8080001F077FBA16A20460AF0D8FAA16A56
S3150100E908421C20460AF04DFA054620B9636BE26CB3
S3150100E9181344143B63632046E16A0AF034FB236817
S3150100E928E062C01AE36CB0FBF3F0A06220460AF07D
S3150100E9386DFBB6E700232046044AFFF723FFDAE713
S3150100E948ADF5000119F5000115910101B19001011B
S3150100E95873B50D46D11E4A421C461B7E4A419A4250
S3150100E96826D129682368994222D3636899421FD818
S3150100E978114E0DF107033246FFF750FEC0B9726812
S3150100E9886B689A4214D19DF80730DA1E53425341F7
S3150100E998227E93420CD1636901336361D4E903236F
S3150100E9A8934205D22968A26842F8231001332361EC
S3150100E9B8012002B070BD00BFF85000202DE9F047D4
S3150100E9C84FF0FF334FF6FF720025044600F10807A2
S3150100E9D8C0E90A238EB00363456245633846884613
S3150100E9E80AF003FD20460AF0BDF9002840F0C5806B
S3150100E9F8414620460AF08AFA20460AF0B3F9064645
S3150100EA08236F1B6898470546002840F08F80002E23
S3150100EA1800F0278120460AF0D9F94FF6FF72A36A5A
S3150100EA28934200F02081226CE66C2068D2F814C06B
S3150100EA3806FB030004A90522E04704A80AF03DFFE6
S3150100EA48A26A2368E06C894E00FB02300AF08EFF49
S3150100EA584FF0FF33E062236332466FF0010120462F
S3150100EA680DF10F03FFF7DAFD002840F0AE80D6F866
S3150100EA7808800026C4F83080236C01225B6909A945
S3150100EA8808EB06009847099B013340F0A180E36C27
S3150100EA98043606EB080288EA02025B421A42EBD008
S3150100EAA8666326B92046216B0AF06DFA2063414652
S3150100EAB820460AF068FA0646E36A9E4240F08A80D2
S3150100EAC820460AF0E2F84FF0000881464646236AD6
S3150100EAD89E42C0F09380C14540F2AF802046A16AAC
S3150100EAE80AF0C4F9064604F1480A454515D3E36C0C
S3150100EAF82768052203FB0677236C04A95B69384658
S3150100EB08984704A80AF0D9FE94F87430024600938F
S3150100EB1839465346206C0AF02BFF314620460AF047
S3150100EB28A5F90135A9450646DFD1642528460EB063
S3150100EB38BDE8F0872368226CE06C566900FB053056
S3150100EB48052209A9B04709A80AF0E0FE0AF003FF61
S3150100EB5890B109A80AF02AFF94F8743083427ED14D
S3150100EB680025236A9D420DD320460AF0FBF8064686
S3150100EB7800283FF43DAF43E70135236A9D42D9D3C7
S3150100EB880020E9E72368226CE06C566900FB053032
S3150100EB98052209A9B04709A80AF0B8FE01280AD131
S3150100EBA8294620460AF083F9421C294620460AF0DE
S3150100EBB8F8F80135D5E70AF0D3FE0028F9D0294639
S3150100EBC820460AF074F90246EFE7D4F82C8050E79C
S3150100EBD8002665E7314620460AF09BF8636B314605
S3150100EBE803448046636320460AF0CDF90646B8F128
S3150100EBF8000F7FF461AFC4E90C085DE7E26C236896
S3150100EC0809A902FB063A236C05225B695046984717
S3150100EC1809A80AF07BFE0AF09EFE60B150460AF08A
S3150100EC28A5FE014620460AF074F8E36C143B9842A7
S3150100EC3808BF08F10108013649E738460AF0D5FB4D
S3150100EC480023204619460A4AFFF79CFD6369012BF2
S3150100EC587FF66CAF384601F03DF8054666E726258E
S3150100EC6864E75E2562E7672560E700BFF850002084
S3150100EC789F9001012DE9F0410F4616469846044634
S3150100EC8888B060B390F83850FDB101210AF05FF8F9
S3150100EC9800210E9BCDE90511CDE902379DF83C30DF
S3150100ECA8CDF804808DF81C30237C04968BB90D4968
S3150100ECB801AA04F1080001F095F9DDE90553206C74
S3150100ECC8002E08BF1D460AF02FFA284608B0BDE8EF
S3150100ECD8F0812046044A01ABFFF754FDEDE70546EE
S3150100ECE8F3E700BFDF90010159E900012DE9F04F73
S3150100ECF89BB01F469DF89430DDF890B0022B05466F
S3150100ED08DBF8108005910992089303D0B845C0F045
S3150100ED18DE80B846DBF80430704E0493704B0693D8
S3150100ED28B8F1000F18D1DBF810309BB1089B002B06
S3150100ED3840F0C48095F87430022B73D19BF81830D3
S3150100ED486749DA00B7EBC30F28BFBF1A3A460598D9
S3150100ED580EF036F8002066E02B6C01225B690AA9E1
S3150100ED68049898470AA80AF043FDDBF80030834265
S3150100ED7840F0AF800AA80AF047FD0428079055D14C
S3150100ED880AA80AF048FD04460A9B0D93002CE1D017
S3150100ED98049B079A12A903EB02090023CDE90F3355
S3150100EDA811932B6C01225B69484698472868D5F868
S3150100EDB84CE0A9EB000CBCFBFEFC99FA89F3139312
S3150100EDC82B6C05225B6915A90EFB0C00984715A843
S3150100EDD80AF073FD00BA0DF13C0A149012AB032C2C
S3150100EDE893E807008AE8070030D92B6C31465B693E
S3150100EDF84846A208984724F0030314F0030A1E4460
S3150100EE080CD099442B6C01225B6915A94846984791
S3150100EE183046524615A90DF0D3FF564495F874307D
S3150100EE28022B15D026201BB0BDE8F08F2B6C0BA941
S3150100EE3802225B69049898470BA80AF0ECFC079A2A
S3150100EE4804460BA90DA80DF0BBFF9FE7A246D9E71B
S3150100EE58012322492A6F0393231F0B440293069B1E
S3150100EE68A4F10809CDE900930FA8D2F80CA00B1D4F
S3150100EE78079A0DA9D0470028D5D1089B012B0CD19B
S3150100EE8895F87430022BCDD1DDE905014A460EF01D
S3150100EE9889F800BB059B4B440593B8EB040807D0DA
S3150100EEA895F87430022BBDD1069B361B4B4406934D
S3150100EEB8284604990AF067F8049031E7089B022B63
S3150100EEC87FF448AF0649099B3A4619443FE7632050
S3150100EED8A9E76F20A7E73620A5E700BFF569002057
S3150100EEE8F55900202DE9F04F9FB09A469DF8A030BC
S3150100EEF8044608939DF8A4308B460993D1E9033556
S3150100EF080693099B1746022B44D1CC2D40F0E0818C
S3150100EF18089B93B10AF066F90E9001234FF0000998
S3150100EF284FF008080793099B012B0FD194F8743009
S3150100EF38022B47D109F1080908E0069B4FF008089A
S3150100EF481B68DDF820900E9301230793DBF8003048
S3150100EF5807993B6009983D610AF070FC4FEA9803EE
S3150100EF680D93754B2E460C930023CDE90A3338755C
S3150100EF780593E16C4A1E0AEA02028B1A002E4CD04E
S3150100EF88C144994554D3636BCDF810A05B1A134459
S3150100EF986363C0E0089B13B3099B012B1FD10022B1
S3150100EFA82B46CDE900126449FFF7A0FE064650B983
S3150100EFB8DBF810309BB19BF8173083B194F87430A5
S3150100EFC8022B04D0262630461FB0BDE8F08F9BF8E9
S3150100EFD81830013BDA00B5EBC30F28BFAD1A782DFF
S3150100EFE8E36C9AD85A1E0AEA02029B1A2A1D9A4209
S3150100EFF808D975B1082B90D800234FF00409079357
S3150100F008C84690E74FF000094FF00408CDF81C9068
S3150100F01889E74FF004090795F2E74345B3D3354627
S3150100F0280AEB08030493059B002B18BF032311E081
S3150100F038A3EB08039E4235460AEB080228BF1D4684
S3150100F0489E420492EFD901233A69FB75B2426DD10A
S3150100F058C7F804A00593FB7D002B69D03A7E059974
S3150100F06807EBC203C3F81CA01D8483F82210531CA6
S3150100F0783B769DB1099B022B60D10A9B63B90B9B19
S3150100F0882B44032B0AD9236C01229B6904980EA9E8
S3150100F0989847002840F0248101230A93059B0FA86D
S3150100F0A80193079B00933A7D2B46DBF8001001F08C
S3150100F0B843F8236C50469B690D9A0FA998478146D8
S3150100F0C8002840F001812B4642465146204609F068
S3150100F0D887FF636BEA1CA3EB080322F003029B1A62
S3150100F0E8B8606363B9F1000F40F0F4800B9B761B9F
S3150100F0F82B440B93DBF810306BB1099B012B0AD11A
S3150100F108059B013BDBB2012B05D894F87430022B21
S3150100F1187FF458AF08362046049909F034FF4FF0BA
S3150100F12800098246002E7FF424AF4CE7022391E7BB
S3150100F138C7F804A09DE700BFF5590020032D40F24A
S3150100F148BE80059B0FA80193079B0DF14C090093FF
S3150100F1583A7D2B46DBF8001000F0EEFF0FA9424678
S3150100F16811A80DF02DFE0023CDE913331593236F56
S3150100F17804215B6816A89847E0B9049B226C1BBA60
S3150100F18820681793049BD4F84CC052691B1AB3FB29
S3150100F198FCF396460CFB03000522734619A998470A
S3150100F1A819A80AF08AFB00BA189016AB93E807006B
S3150100F1B889E80700089A94F87430002A40D1022B8E
S3150100F1C840F08D800122236F039219AA0292454AC3
S3150100F1D80192A5F108020092D3F80890069B4246CF
S3150100F1E811A913A8C84700287AD1139B3E4A136070
S3150100F1F894F87430022B6FD13C4B199A5A51089BDB
S3150100F20843B194F87430022B69D10C9AA5F108031D
S3150100F2181A440C92236C34499B690498AA089847A6
S3150100F2288146E8B194F87430022B7FF4CBAE069A86
S3150100F238A5F108031A4406922A9B049A1A6042E722
S3150100F248022B4CD10122236F039219AA0292254A55
S3150100F2580192A5F108020092D3F808900C9BBEE72B
S3150100F26815F0030220D0204B25F0030903EB090111
S3150100F278049B99444FF0FF3319A819930DF0A0FD8B
S3150100F288236C48469B69012219A9984794F874305A
S3150100F2988146022B7FF496AE069AA5F108031A4415
S3150100F2A806920028C8D1F9E694F87430022B7FF447
S3150100F2B889AE069AA5F108031A440692EEE62A468D
S3150100F2C8DDF810900699D5E72A9BC3F800A0FAE65F
S3150100F2D8702678E64E4676E6089B002B9AD02620BD
S3150100F2E8064670E6F9690020F5690020F1690020F3
S3150100F2F82DE9F04F8FB0069300230F4609920A694C
S3150100F308C16C0C931439D31DB3FBF1F3013302EB32
S3150100F318C302436B04469342C0F0F180DFF8E4B1BF
S3150100F328256B7848294600F051FF0CAB0293069BE2
S3150100F33839460193099B20460093724A2B46FFF7EB
S3150100F348D1FD8246B8B9DBF808300834A362DBF888
S3150100F35804202046069B39680AF05EF8002840F02A
S3150100F368CA802046069BDBF8042039680FB0BDE841
S3150100F378F04F0AF0BCB83D2840F0BD802368E06C28
S3150100F388A5EB0308B8FBF0F808FB00300AF0EEFA23
S3150100F398216B0646204609F0F6FDE36A834200F032
S3150100F3A89580E26CDBF80830511E0B40616B2063D7
S3150100F3B8891A0B44636321680C9B5B1AB3FBF2F34E
S3150100F3C89845089368D1AD1B66D0DFF83C81DFF814
S3150100F3D83C914FF0FF314C4800F0F8FE236C0122B6
S3150100F3E85B690DA9304698470DA80AF001FA464A05
S3150100F3F801460DF12F032046FFF710F9002879D1B0
S3150100F40898F8173053B198F81830D8F8102008EB47
S3150100F418C3031B8BD21A083315441E44216B3B4880
S3150100F428079100F0D3FE9DF82F30079905930CAB91
S3150100F4380293059B204601930123344A00930B4608
S3150100F4484146FFF74FFD002854D1D9E90012D9F8F2
S3150100F4580830236304F1080307930798059B09F00D
S3150100F468DBFF28B9D9E90012059B07980AF03FF88E
S3150100F478D8F8103098F81720782B06D908339D420A
S3150100F48800D3ED1A002A33D004E06AB308339D424B
S3150100F49800D3ED1A002D9CD12368089AE16C206CE3
S3150100F4A801FB02310AF0D7F9204609F05BFC204638
S3150100F4B809F08CFCA26A2368E06C00FB02300AF0B2
S3150100F4C855FAE062204609F0A1FD60633A69E16CEC
S3150100F4D8D31D1439B3FBF1F3013302EBC302636B9A
S3150100F4E89342BFF41DAF06E004339D4200D3ED1AE3
S3150100F4F81E44CFE7824650460FB0BDE8F08F4FF065
S3150100F5081C0AF8E7C4500020905000205C500020E7
S3150100F518032A2DE9F34107460E4690461C4606D1B5
S3150100F528237A012B2AD0012002B0BDE8F0811C4DB7
S3150100F53809682A460DF10703FFF770F8606000288D
S3150100F548EED19DF80730032BEAD0696872689142BB
S3150100F558E6D1356945B1012B12D1337EB5EBC30F1F
S3150100F5684FEAC30200D3A81A227AE368012A09D10D
S3150100F578BA691844904205D900232374207CD3E73D
S3150100F5882846F1E708351D440122434631463846E7
S3150100F598E560FFF7ADFE60600028C1D00020C3E733
S3150100F5A8F85000202DE9F341089C032A17462668DE
S3150100F5B806D1237A012B34D0012002B0BDE8F081AF
S3150100F5C8DFF8B080304642460DF10703FFF726F80B
S3150100F5D860600028EDD12568D8F80430E96AEA6C3C
S3150100F5E84B4050420340E4D1D8F8100078B19DF859
S3150100F5F807C0BCF1010F0AD198F818C0B0EBCC0FBF
S3150100F60838BF18464FEACC0E28BFA0EB0E00237A66
S3150100F618012B08D1E3681844B369984203D900233A
S3150100F6282374207CC9E728682B6B1B1A081AB3FBBD
S3150100F638F2F3B0FBF2F083420BD1F06C336B421E4E
S3150100F6481340726B121A13442846736309F09BFC24
S3150100F6582863D8F81020E36808321344E3600122CE
S3150100F6683B4604492068FFF743FE60600028A0D0A6
S3150100F6780020A2E7F85000200022724B2DE9F04144
S3150100F6881F680D4604461A6018B921252846BDE8A3
S3150100F698F08190F838606EB30A6803689A4240F0C0
S3150100F6A8C5804A6843689A4240F0C0808A68836880
S3150100F6B89A4240F0BB80CA68C3689A4240F0B68055
S3150100F6C80A6983699A4240F0B1808A69036C9A4251
S3150100F6D840F0AC80CA69036F9A4240F0A78091F85E
S3150100F6E8202090F874309A4240F0A0804B6900259A
S3150100F6F8C361CBE778223146D0F83C80F1F712DCBA
S3150100F708D5E902122B6804F1080023606B68C4F876
S3150100F7183C8063602B69A3616B69E36109F078FE3C
S3150100F728AB6904F1480023649B68984700284DD1CA
S3150100F738E16C11B16368B3FBF1F194F84B302162C6
S3150100F748002BA2D00023A366EB69236795F82060F6
S3150100F758E56C84F87460002D70D000296ED023689A
S3150100F768B3FBF5F205FB1233002B61D1D4F8048003
S3150100F778B8FBF5F305FB1383002B59D1204609F095
S3150100F788B7FAE36904330344984553D340F6347210
S3150100F798A369CC3B93424FD8B5F5805F4ED3012E72
S3150100F7A84ED9032E4CD00321204609F0D0FAD4E9CC
S3150100F7B80001236C1B6898470546236C0220DB6809
S3150100F7C898472DB1002384F838301FE03146B4E755
S3150100F7D839462046FFF7F2F86428054604D139462A
S3150100F7E82046FFF7EBF80546E36C143B002DE9D1FB
S3150100F7F8626A204602FB03F609F07AFAE3690433E2
S3150100F80803449E4206D284F838505A25206C09F0E2
S3150100F8188BFC3BE70123D4E900010B4A84F8383015
S3150100F82813680133136009F0A5FFEFE75D252DE79E
S3150100F83859252BE75A2529E75F2527E75B2525E77C
S3150100F848262523E7E8490020E44900202DE9F0436D
S3150100F8580C4691461E46054685B0002847D090F8C5
S3150100F8683830002B45D0B1F5801F44D2DFF890809F
S3150100F878012109F06CFA2146424628460DF10F038B
S3150100F888FEF7CCFE0446F8B99DF80F30012B27D1B7
S3150100F898D8F810703FB195F87430022B18D198F842
S3150100F8A8183006EBC306B7421FD100223B4649462C
S3150100F8B82846CDE90082FFF719FA044620B9014620
S3150100F8C83A460E48F1F72EDB286C09F02DFC03E0C9
S3150100F8D8286C09F029FC2624204605B0BDE8F083EA
S3150100F8E8022B14BF2D246024EEE76324ECE72124C0
S3150100F8F8F2E71124F0E72924EEE700BFF5590020C5
S3150100F9082C5100202DE9F04385B00C4691461E4640
S3150100F9180546DDF8308000284DD090F83830002BA8
S3150100F9284BD0B1F5801F4AD2264F012109F00FFAB3
S3150100F93821463A4628460DF10F03FEF76FFE0446A7
S3150100F948E8B99DF80F30012B2ED195F87430022BAA
S3150100F95819D13869F8B906EB0803834229D8022375
S3150100F9683246CDE90073494643462846FFF7BEF9B4
S3150100F978044620B9014642461348F1F7D3DA286C02
S3150100F98809F0D2FB03E0286C09F0CEFB26242046B9
S3150100F99805B0BDE8F0833B7EB0EBC30F4FEAC30267
S3150100F9A834BF2046801AD6E7022B14BF2D246024C3
S3150100F9B8E5E76324E3E72124E9E71124E7E72924B6
S3150100F9C8E5E700BF2C510020F55900202DE9F34148
S3150100F9D81E4600230C4617460546336000283AD0D2
S3150100F9E890F83830002B38D0B1F5801F37D2DFF8C0
S3150100F9F87480012109F0ABF92146424628460DF1EA
S3150100FA080703FEF70BFE044618BB9DF80730286C62
S3150100FA18032B1ED0022B07D1012304213B60316041
S3150100FA28286C09F081FB10E0D8F810103C60002919
S3150100FA38F5D095F87430022B04D198F81830A1EB5B
S3150100FA48C301ECE709F070FB2624204602B0BDE8A5
S3150100FA58F0812D24E4E72124F7E71124F5E7292489
S3150100FA68F3E700BF2C51002073B50446816909F0FC
S3150100FA7823F9E26E636B024493422CBF00220122F2
S3150100FA88834294BF00231B1A207C84F85820E3651F
S3150100FA9884F86000A8B100230B4E1A461946204681
S3150100FAA8009609F06CFC002305461A4619462046BD
S3150100FAB8009609F06DFCE3682844984294BF00203B
S3150100FAC8C01A606602B070BDFFFF0F002DE9F3474B
S3150100FAD81D4683690446AB420F4691469DF8288028
S3150100FAE862D300268DF807602046A16909F0E4F87B
S3150100FAF8D4F834A082450AD2636AB6EB430F06D21C
S3150100FB08002220460DF10701FEF778FE80B39DF825
S3150100FB180730012B05D1002220460DF10701FEF71A
S3150100FB286DFEB8F1030F25D1224E4FF0FF31304655
S3150100FB3800F04CFB376035611E49434600222046DA
S3150100FB48C1F80C90FFF7D4FBA36E054663B12046B6
S3150100FB58FFF78AFF94F8583013B994F860301BB14F
S3150100FB68A36E04F158009847284602B0BDE8F0870D
S3150100FB780136B9E72946204609F09EF8666B8642A2
S3150100FB8814D30C4E4FF0FF31304600F01FFBB8F18D
S3150100FB98010F37603561CFD1002DCDD094F874307F
S3150100FBA8022B05D10835C6E76225DDE71C25DBE70B
S3150100FBB82625D9E7F85000202DE9FF410F46904642
S3150100FBC81E460546002847D090F83830002B45D008
S3150100FBD8B1F5801F44D2234C022109F0B8F8224618
S3150100FBE8394628460DF10F03FEF718FD50BB236968
S3150100FBF833B395F87420022A1AD1227E06EBC20283
S3150100FC089DF80F1001291DD193421BD1CDE9004161
S3150100FC18002241462846FFF769F8044690B901468D
S3150100FC2832461148F1F77ED9286C09F07DFA03E0CE
S3150100FC38286C09F079FA2624204604B0BDE8F0813B
S3150100FC483246DDE7012342460093394633462846C4
S3150100FC58FFF73CFF0446E7E72124EDE71124EBE72C
S3150100FC682924E9E72C510020F559002030B50C4626
S3150100FC78054685B028B390F8383023B3B1F5801F0F
S3150100FC8823D2022109F063F80DF10F032146284614
S3150100FC980F4AFEF7C3FC034688B99DF80F20032ACD
S3150100FCA80DD003222146009202462846FFF70EFF91
S3150100FCB80446286C09F038FA204605B030BD2D24D3
S3150100FCC8F7E72124F8E71124F6E72924F4E700BF2A
S3150100FCD82C5100202DE9F04FC56889B0AC0005907C
S3150100FCE820460BF0B6FADFF83CB2DFF82CA2CBF8C7
S3150100FCF8000020460BF0ADFACAF8000020460BF0CA
S3150100FD08A8FADFF81892DFF81882C9F80000204629
S3150100FD180BF09FFAC8F8000020460BF09AFA7C4FC0
S3150100FD28386020460BF095FA7A4B06461860DBF8E0
S3150100FD38003000240293DAF80030D8F800E0039383
S3150100FD4801236A1ED9F800C0D7F800800192019AEA
S3150100FD589A42C0F0C1805A0000920122013B0693E3
S3150100FD68009B0025013B0492079367E0069B5C19FB
S3150100FD78019B9C4228BF1C46079B03EB0509019B77
S3150100FD88994528BF9946AC42C0F0A2804C4580F0FF
S3150100FD989F80029B002B00F09D80039B002B00F0A7
S3150100FDA89980BCF1000F00F09580BEF1000F00F0BC
S3150100FDB89180B8F1000F00F08D80002E00F08A8046
S3150100FDC80021049BEF0004EB030A059B1B688A4587
S3150100FDD839D10027A9EB040B03EBC404A2680398E5
S3150100FDE8C2F3130240F82720E2684EF8272054F898
S3150100FDF8082F46F827200137BB45EFD10022A9462F
S3150100FE08144603F1040AA1422FD8274603EBC90A6F
S3150100FE18B9420AF1080A47D80F1BA14238BF002781
S3150100FE284F4403EBC703934503F1080346D800245F
S3150100FE38009B009A1D44049B9B1A0493019BAB42A9
S3150100FE4894D8009B83E7DA59029803EB070BC2F3B0
S3150100FE58130240F82120DBF804204CF82120DA5956
S3150100FE68083748F821200131B1E79345CDD90398E0
S3150100FE7850F82270029850F82400B84295BF58F8F5
S3150100FE88247056F8227043F8397043F8397096BFD2
S3150100FE985CF824705EF8227001344AF8397088BF1C
S3150100FEA8013209F10109AEE758F827004AF8080CAA
S3150100FEB85CF8270001374AF8040CA9E756F822101E
S3150100FEC843F8081C5EF82210013243F8041CAAE71D
S3150100FED82124ADE71924ABE702980DF032FC0E4B4D
S3150100FEE818680DF02EFC0A4B18680DF02AFC0B4B0E
S3150100FEF818680DF026FC074B18680DF022FC084B14
S3150100FF0818680DF01EFC204609B0BDE8F08F00BF49
S3150100FF18F0490020EC490020FC490020F84900205E
S3150100FF28F4490020004A00202DE9F041C7689846A7
S3150100FF384368FFB19F422CD9B8F1030F25D023B3EB
S3150100FF4805682E464FF0000C03E0634506F10806E6
S3150100FF581BD055F83C400CF1010CC4F3075EBEF109
S3150100FF68030FF2D1C1F3130141EA0851C6E90012A0
S3150100FF78BDE8F0814BB1056855F8374005EBC70672
S3150100FF8801341ED0B8F1030FDBD101230372BDE89A
S3150100FF98F08105680024AC4655F834600134C6F38F
S3150100FFA8130E013601D0714516D0A7420CF1080C83
S3150100FFB8F2D19F42C0D255F8374005EBC706013446
S3150100FFC8E0D1C1F3130141EA085145F83710013769
S3150100FFD87260C760BDE8F08141EA0851CCE90012B8
S3150100FFE8D5E700BF2DE9F0410646406882B0C0B1A9
S3150100FFF80F4690460024336853F8345003EBC40384
S31501010008C5F30752C5F31301013504F1010406D0FD
S315010100185B683046CDF80080B84710B170688442F4
S31501010028E9D302B0BDE8F081024B1968024B1868A1
S31501010038FFF722BB5C7B0020847B002030B5164D7F
S315010100489BB0297831BB4FF0007203231024CDE907
S315010100580223F6231C2209A8CDE905110791049368
S31501010068CDE90044F0F75EDF042310A808940B9349
S31501010078F0F71CDB694608AA10A80AF033F810B193
S3150101008873201BB030BD0122044B2A70C3E900203D
S31501010098986018750020F4E7FD7900204450002086
S315010100A8F0B587B09DF83C700C46012F15461946E7
S315010100B8DDE90C230E9E14D198B104B98DB901B9A4
S315010100C87AB973B16EB104270090CDE90367CDE919
S315010100D8014505480AF04EFF002818BF722007B0EE
S315010100E8F0BD2120FBE700BF44500020F0B587B0E1
S315010100F89DF83C700C46012F15461946DDE90C237E
S315010101080E9E14D198B104B98DB901B97AB973B1F1
S315010101186EB104270090CDE90367CDE9014505488C
S315010101280AF03CFF002818BF472007B0F0BD21207F
S31501010138FBE700BF4450002073B504462248012A53
S3150101014800EAC1119DF8185023F07C4007D9961E83
S31501010158012E28D9073303F07F03194308E09DF8D7
S315010101681C300A43DB0603F0C053134343F06041D5
S315010101780023C4E900108DF80730B5B120222146C4
S315010101880DF1070009F019FC1A220DF10700211DCD
S3150101019809F013FC082063689DF8072043EA826386
S315010101A8636002B070BD1143E2E71B220DF107003E
S315010101B8214609F002FC23689DF80720042043EA39
S315010101C8C2632360EDE700BF80FFFF0738B5094B1E
S315010101D80D461A6800210446F0F7A4DE00234FF004
S315010101E8FF322383C4E900252361A260E382A37652
S315010101F838BD00BF50EA01010138C0B205289ABFCE
S31501010208014B185C0120704755EA01012DE9F043BC
S315010102180746154600240E46596889B0490A012937
S3150101022822464FEA510104F10104F8D8DC7899789C
S3150101023824031B88C90201F4006104F480540C43A8
S31501010248C3F30A031C4453039BB21C444FF6FE78BD
S315010102584FF6FF739DF840204FF00009022A18BF97
S315010102689846274B02A9039325F07843ED430DF1EF
S3150101027807001B2202938DF8079009F09EFB9DF852
S315010102880720029B02A943EAC2630DF107001B225B
S3150101029825F07845049302958DF8079009F08DFBB1
S315010102A89DF80720029B44EA084443EAC263059381
S315010102B84FF0FF330794069307A9BB69012206F19B
S315010102C810009847BB6905A90446012206F10800F1
S315010102D89847BB69484518BF044604A90122301D40
S315010102E898470122484518BF0446BB69304603A908
S315010102F89847484508BF204609B0BDE8F08300BFC5
S3150101030801009AB20122437801789A403023594370
S31501010318014B5A50704700BF40E08340034BD3F865
S315010103282424D3F820041040704700BF00C083403D
S315010103382DE9F8431F4B0546D3F810334B1E0E2BF7
S315010103480E461746047890F8018026D951B34FF025
S31501010358000928461FB3F0F7B1D80F21B8F1070FE5
S3150101036804EB440488BFA8F108084FEA04141248AB
S3150101037895BF4FEA88084FEA880804340C3409FA0C
S3150101038808F201FA08F1204409F035FB86B9284635
S3150101039857B1BDE8F843F0F791988946D9E7FFF7D0
S315010103A8B1FFDAE78946D8E7BDE8F843FFF7AABFFF
S315010103B8BDE8F88300C0834030C083404FF48032E2
S315010103C80A4B5A6603F5DE239B69C3F303320270AE
S315010103D8C3F303424270C3F3461203F00F031343F7
S315010103E843804FF6FF738380704700BF00508040FA
S315010103F80048704700100000274B2DE9F0411B68A2
S31501010408F0F7D0DD0128074620D9F0F7F7DD051EFB
S3150101041803DA01242046BDE8F081204B1B78002B25
S3150101042838D14FF050081E4C04EB0800A465C4F8F6
S315010104385C80F0F78ADE206680B90124012FE9D9AB
S315010104482846F0F7F1DD0028E4DAE2E7134B1B78D9
S3150101045803F0FF05002BE4D00024DBE70024114E4D
S31501010468214606F110033246012034607460B360F7
S31501010478C6F80C80F0F719DF30660028DDD00321B4
S3150101048801200AF0A7FD01200AF0A2FD0122034B72
S315010104981A70D3E70024D3E7887B0020FF7900206F
S315010104A8C45100206051002008B5F0F77BDD012811
S315010104B805D9F0F7A3DD002821DA012008BD174B7C
S315010104C81B7803F0FF00002BF8D0F0F76DD8002850
S315010104D8F4D1012002F0C8F801200AF077FD104B8A
S315010104E8186EF0F789DF90B90E4B186EF0F7C5DE75
S315010104F8003818BF01200022084B1A70DEE7074BA6
S315010105081B7833B1F0F790DD0028DEDAD5E7012053
S31501010518F1E7F0F789DDC00FD0E700BFFF790020C9
S3150101052860510020C451002008B54FF085435B6C2A
S31501010538DA0208D5F0F736DD0238012803D80A4B65
S31501010548186EF0F731DF4FF08542536CDB02FCD5AB
S31501010558536D1268054A03F4702313600120BDE83F
S31501010568084002F081B800BF60510020887B002055
S315010105782DE9F0474FF000088EB00E46174604469E
S31501010588CDF80480002867D022B9002528460EB087
S31501010598BDE8F08700295FD032F0030902F0030AAA
S315010105A826D04FF0E06303600123C0F80480C0F848
S315010105B808800891099349F000530A9308AA02ABE6
S315010105C8C0F8208007CA83E8070019462046F0F7D4
S315010105D861D949462046F0F735D92046F0F704D8BE
S315010105E8054628B14A4641463046F0F79BDCCDE738
S315010105F8BAF1000FC9D04FF0E0634FF0000823604C
S3150101060801ABC4F80480C4F808800B9301230C9349
S31501010618124B0EAA0D9305AB12E90700C4F8208007
S3150101062883E8070019462046F0F734D90421204604
S31501010638F0F708D92046EFF7D7DF054608B13A465C
S31501010648D1E7019A4E44EB00013522FA03F3AA4593
S3150101065806F8013BF7D198E7212597E70400002021
S315010106682DE9F0410C46154606468AB0002844D0C4
S31501010678002942D05A1E072A3FD8072D3DD85F19AE
S31501010688082F3AD81F4B0DF1180803600023436060
S31501010698036283600123CDF80C8004931A4B03AAE4
S315010106A805936B4607CA83E8070030461946F0F7F2
S315010106B8F1D83046EFF798DF10B92146AF4202D893
S315010106C80AB0BDE8F08138F815200D6002F44053EF
S315010106D8B3F5405F13D093044CBF0223C2F3003331
S315010106E80B72C2F30B03DB034B60C2F38033D20BEC
S315010106F84B728A7201350C31E0E72120E0E70220CD
S31501010708DEE700BF000053FF10000020F0B51646D2
S315010107180546A7B0002857D0002955D0002A53D03D
S315010107282A4B012703600023294C43600362836036
S3150101073808AA089102AB09970A9407CA83E8070030
S315010107480B960BAA0C970D9405AC07CA84E807000A
S3150101075819462846F0F79ED821462846F0F79AD831
S315010107682846EFF741DF044640BB019001A9284617
S31501010778F0F73CD8044608BB40F20223019A9A4293
S315010107881CD8014660220EA8F0F7CCDB08232246C5
S3150101079828460EA9FFF764FFA0B908220EAB197AFC
S315010107A80C33022904BF53F8081C00EBD100013AA6
S315010107B8F5D13368834204D31B1A3360204627B027
S315010107C8F0BD02200446F9E72124F7E7000064FF9A
S315010107D80400002070B50E461C46054686B040B396
S315010107E823B332B313F0030323D143600362836056
S315010107F801230392049344F0005305936B460E4972
S3150101080806AA016012E9070083E807001946284686
S3150101081809F007FD31462846F0F714D8214628463E
S31501010828F0F710D82846EFF74BDF0446204606B005
S3150101083870BD2124FAE700BF000063FF2DE9F041ED
S315010108480F46017804460139904692B004295CD8CD
S31501010858DFE801F003474C515600402514262C497F
S315010108680C3400225D437A6038463960BA602946FC
S315010108783A62EFF7E7DF4FF0010C45F00055CDF885
S315010108882480CDF828C00B956D4609AB46F0005674
S3150101089893E8070003AB85E807000C940CAACDF889
S315010108A834C00E9607CA83E807000F9412AACDF839
S315010108B840C006AC119612E9070084E807001946FB
S315010108C8384609F0AEFC2946384609F0AAFC3846ED
S315010108D82146EFF7DFDF3846EFF786DE12B0BDE8CE
S315010108E8F081402520260B490C34BAE740252026FC
S315010108F809490C34B5E78025402608491434B0E77F
S315010109088025402606491434ABE72120E6E700BFD6
S3150101091800020103000301030004010300050103A9
S315010109280006010310B591B188B10023C0E901336D
S31501010938084B00F10C0203F1200153F8044B8B42D9
S3150101094842F8044BF9D101230370002010BD21207F
S31501010958FCE700BF24EB010110B591B188B1002371
S31501010968C0E90133084B00F10C0203F1200153F8E8
S31501010978044B8B4242F8044BF9D102230370002040
S3150101098810BD2120FCE700BF5BEA010110B591B159
S3150101099888B10023C0E90133084B00F10C0203F1C8
S315010109A8200153F8044B8B4242F8044BF9D1032336
S315010109B80370002010BD2120FCE700BF7CEA01017C
S315010109C810B5A1B198B10023C0E90133C0E90333D8
S315010109D8084B00F1140203F1400153F8044B8B4211
S315010109E842F8044BF9D104230370002010BD2120DC
S315010109F8FCE700BF9DEA010110B5A1B198B1002339
S31501010A08C0E90133C0E90333084B00F1140203F1CC
S31501010A18400153F8044B8B4242F8044BF9D10523A3
S31501010A280370002010BD2120FCE700BFDEEA0101A9
S31501010A382DE9F04F0D46174693B0002800F0A08026
S31501010A48002900F09D80002A00F09A800278013A77
S31501010A58042A00F29580DFE802F0030E717B880013
S31501010A684FF0140B484A00F10C0A00F1040900F190
S31501010A782C04D8460AE04FF0200B4FF01C08434AD4
S31501010A8800F10C0A00F1040900F12C0440219845F2
S31501010A9876D809F1040309EBD10653F8040B0028AA
S31501010AA870D1B342F9D1D9F80030013901EA030607
S31501010AB831462A6068602862A8602846EFF7C2DED7
S31501010AC82846D9F80010EFF7BDDE4FF0010EEC46C6
S31501010AD84BF00053CDF824A046F00056CDF828E096
S31501010AE80B9309AB93E807000CAB8CE807000C9450
S31501010AF8CDF834E00E9693E8070003AE48F00053AB
S31501010B0886E8070006AC0F97CDF840E0119312ABC2
S31501010B1813E9070084E807006146284609F081FBC5
S31501010B283146284609F07DFB28462146EFF7B2DE14
S31501010B382846EFF759DD13B0BDE8F08F4FF0200BCA
S31501010B48134A00F10C0A00F1040900F12C0490E79B
S31501010B584FF0400B4FF030080E4A00F1140A00F12C
S31501010B68040900F15404802191E74FF0400B0A4A28
S31501010B78D84600F1140A00F1040900F15404F2E718
S31501010B882120D8E70F20D6E7000203030003030358
S31501010B980004030300050303000603032DE9F043DB
S31501010BA88DB00D4691461E460446149F002841D034
S31501010BB8002F3FD00AB9002B3CD16B1EDBB2042BA7
S31501010BC838D81D4A12F80380159B984532D8002357
S31501010BD8280200F1407000F58070314601256360F5
S31501010BE82060A36020462362EFF72CDE6B4646F0B0
S31501010BF80056CDF8189006AA0795089607CA83E8FC
S31501010C08070048F0005209970A950B9203AD0CAA01
S31501010C1812E9070085E807001946204609F001FB94
S31501010C2820462946EFF736DE2046EFF7DDDC0DB023
S31501010C38BDE8F0832120FAE71FEB0101F0B50F4664
S31501010C4816461D46044693B010B9212013B0F0BDCE
S31501010C580029FAD0002AF8D0002BF6D00023314614
S31501010C681A46384608F0BCFF0028EFD1304602A9DA
S31501010C7808F054FF0028E9D1EB68022B0AD039683C
S31501010C883F48029A81426B6902D01830814270D17C
S31501010C989A42DAD82B68002BD7D14FF0606263608C
S31501010CA838462260A360236201A909F005F80028E4
S31501010CB8CCD10199204621F4F0610191EFF7C2DD0A
S31501010CC86946284608F0F8FF0028BFD12046009951
S31501010CD8EFF7B8DD384609A900F054F80028B5D16F
S31501010CE8204609A909F09DFA38460CA909F00EF919
S31501010CF80028ABD120460CA909F093FAEB684BB150
S31501010D08284606A900F03EF800289FD1204606A9E3
S31501010D1809F087FA304603A909F0F8F8002895D1B0
S31501010D28B368DA040CD59B0427D50621F369326920
S31501010D381B6801FB03225B0043F0005303920593F1
S31501010D48204603A909F06DFA28460FA909F0DEF82C
S31501010D5800287FF47BAF20460FA9EFF79BDD03251A
S31501010D682046EFF741DC01287FF470AF013DF7D149
S31501010D786CE7B3EB420F8DD267E7292066E700BF1F
S31501010D88200000B090B189B101234B60C368013BD2
S31501010D98012B08D88269064B1AB10A6000208B60BB
S31501010DA87047044AF9E74FF00053F7E721207047E6
S31501010DB80800002044EB0101F0B50F46154604462B
S31501010DC88FB0002862D0002960D0002A5ED00123A5
S31501010DD829461A46384608F003FF002854D1BB684C
S31501010DE813F4C04F52D0AB6803F4C043B3F5005FA7
S31501010DF84CD1284B0BAE60602062A0603146384663
S31501010E08236008F059FF00283ED120460B99EFF7D8
S31501010E1819DD384602A9FFF7B5FF002834D1204666
S31501010E2809F0FFF9384605A909F070F860BB2046B3
S31501010E3805A909F0F6F9EB6843BBAB6803F4C043AE
S31501010E48B3F5005F22D1284601A908F091FED8B968
S31501010E58019B6A699A421BD32A6943F000530B9293
S31501010E6801220C920D9308AB96E8070083E8070067
S31501010E7819462046EFF70EDD03252046EFF7B4DBC9
S31501010E88012801D1013DF8D10FB0F0BD2120FBE7C1
S31501010E981D20F9E70000010230B50D46044685B06B
S31501010EA8E0B1D9B10E4B01A9036000234360036286
S31501010EB88360284608F000FF70B920460199EFF7CB
S31501010EC8C1DC284601A9FFF75DFF28B9204609F0CB
S31501010ED8A8F92046EFF788DB05B030BD2120FBE7ED
S31501010EE8000005012DE9F04798B00D46DDE9208698
S31501010EF80446DDF88890002800F08880002900F072
S31501010F088580B9F1000F00F08180B8F1000F01D198
S31501010F18002E7BD1296815AF01F07041B1F1404F1F
S31501010F286FD0002B6FD139461046159309F05EF93A
S31501010F38002863D1159B43F0C0632360002339461A
S31501010F4863602846A360236208F0B6FE002855D1DE
S31501010F5820461599EFF776DC31462046EFF772DC24
S31501010F6869462846FFF70EFF002847D169462046FC
S31501010F7809F057F9284603A908F0C8FF00283DD109
S31501010F884FF0010A204603A946F0005609F049F92E
S31501010F98CDF83C8006ABCDF840A00FAA119607CA39
S31501010FA883E807001946204609F03BF9CDF8488040
S31501010FB809ABCDF84CA012AA149607CA83E8070013
S31501010FC82A6802F07042B2F1404F03D11946204610
S31501010FD809F027F90123CDF854901693239B43F081
S31501010FE8005317930CAB97E8070083E807002046DF
S31501010FF81946EFF74FDC2046EFF7F6DA18B0BDE8E8
S31501011008F087034B99E74FF0C06396E72120F5E78F
S31501011018000002062DE9F04393B00D46DDE91A9762
S315010110280446DDF87080002800F08480002900F06C
S315010110388180B9F1000F01D1002F7BD1B8F1000FE1
S3150101104878D0A968890475D529680FAE01F0704170
S31501011058B1F1404F64D0002B64D1314610460F934C
S3150101106809F0C4F8002858D10F9B43F0C06343F433
S31501011078803323600023314663602846A3602362D7
S3150101108808F01AFE002848D120460F99EFF7DADB56
S3150101109839462046EFF7D6DB69462846FFF772FE41
S315010110A800283AD16946204609F0BBF8284603A922
S315010110B808F02CFF88BB204603A909F0B2F84FF0C6
S315010110C8010C47F00057CDF830900CABCDF834C080
S315010110D80E9793E807001D9B0DF1180943F000537C
S315010110E889E80700CDF83C80CDF840C011932B68FB
S315010110F809AF03F07043B3F1404F96E8070087E85B
S31501011108070011D13946204609F08BF84946204690
S3150101111809F087F82046EFF767DA13B0BDE8F083DF
S31501011128054BA6E7054BA4E74946204609F079F898
S315010111383946ECE72120F0E7000003060000010625
S3150101114810F1860F14D010F1850F07DA10F1930FFC
S3150101115811D0873007D04FF0FF307047003818BFDC
S31501011168012040427047054B194411F9050C704796
S315010111786FF0710070476FF06F0070474CEB01FF1C
S31501011188012910B50CDC084C084B00290CBF214676
S31501011198194609F086FD2146BDE81040FFF7D0BF83
S315010111A86FF0740010BD00BF0B0000020A000002B7
S315010111B808B509F0B6FDBDE808400149FFF7C0BF0A
S315010111C80B000002002307B54022019301AB09F088
S315010111D8C4FD034903B05DF804EBFFF7B1BF00BFD6
S315010111E80B000002012910B50CDC084C084B00293B
S315010111F80CBF2146194609F054FD2146BDE81040A8
S31501011208FFF79EBF6FF0730010BD00BF0900000212
S315010112180800000208B509F084FDBDE80840014946
S31501011228FFF78EBF09000002002307B520220193AB
S3150101123801AB09F092FD034903B05DF804EBFFF731
S315010112487FBF00BF0900000210B5044C214609F011
S3150101125828FD2146BDE81040FFF772BF05000002CF
S3150101126808B509F05EFDBDE808400149FFF768BF09
S3150101127805000002002307B51422019301AB09F009
S315010112886CFD034903B05DF804EBFFF759BF00BFD5
S315010112980500000238B5134DFFF7AEF8124B134A94
S315010112A813491448FCF74CFC2B7803F0FF04BBB92E
S315010112B8EFF778DE012802D9EFF7A0DE04462B788D
S315010112C82BB90D4B0D481B68984701232B70EFF776
S315010112D869DE012804D92046BDE83840EFF7A49E06
S315010112E838BD00BF007A002083A2010165A2010170
S315010112F89DA20101A7A20101447B0020804800208B
S3150101130800F01F02A0F50620A0F55060812810D82B
S31501011318012309494009934051F820201A4341F80C
S315010113282020064951F8202022EA030241F820200B
S3150101133870474FF0FF3070473C5200202852002079
S3150101134800F01F03A0F50620A0F55060812810B50D
S3150101135819D801210D4A4009994052F820300B4309
S315010113680B4942F82030D1E9004323448C682344D0
S31501011378CC68096923445B1804D1C2E90033C2E97F
S315010113880233136110BD4FF0FF30FBE728520020ED
S315010113983C5200202DE9F04FA7B003921F4604469F
S315010113A80822CDE90401414021FA02F34B4098078D
S315010113B802F1080218BF9B00202A1C44F4D181239B
S315010113C8B4FBF3F303EBC313E41A7F4B04F50624C9
S315010113D81B7804F55064002B39D1FEF725FE054625
S315010113E800286FD10146402206A8EFF79BDD294661
S315010113F8402216A8EFF796DD744D754EA8461035AD
S31501011408AE4228BF2E467348013E00964346102236
S31501011418006806A907F0B3FF4FF0000B81460DF1ED
S31501011428180AD94541D16B480096434610220068EE
S3150101143816A907F0ADFF4FF00008834616AEC3455E
S3150101144846D1654B9D42D8D101225F4B1A704FF0A7
S3150101145881080026DFF894B1A4F50625A5F55063A0
S315010114685B095BF8232004F01F01CA40D20746D461
S315010114785A4A52F82330CB40DB0732D58123002E55
S3150101148808BF2646A5F6FF44B4FBF3F303EBC313E2
S31501011498E41A04F50624B8F1010804F55064DBD110
S315010114A8039B03B3FEB1344625E05AF8040BFFF753
S315010114B827FF013009D10022434B1A70424B1B7891
S315010114C8002BC4D16FF091000FE00BF1010BA8E7D6
S315010114D856F8040BFFF734FF0130EFD008F1010884
S315010114E8ADE7039B23B96FF08B0027B0BDE8F08FF9
S315010114F8002E18BF3446329B00201C60F5E7309B4D
S3150101150813B10023309A1360319B13B10023319A29
S3150101151813604FF0100ADFF8BC90CDF800A0002344
S315010115283A462146D9F80000FEF7ECF9002838D1E8
S3150101153830993A682A4BE9B19A42C1F800A01CD000
S315010115482146D9F80000FEF791FB0028CBD1D7E94E
S315010115580223DDE90410834208BF8A422AD0812386
S31501011568A5F6FF45B5FBF3F303EBC313ED1A05F531
S31501011578062490E79A42EAD0E2E7319B002BE6D0AE
S315010115882146D9F8000016AAFEF720FA48B9319B77
S31501011598309A1B681268934294D39B1A319A136045
S315010115A8D5E7104B9842CBD06328C9D00E4B984248
S315010115B8CDD087E7039B002B9DD07B68012B9AD160
S315010115C86FF0840091E700BF017A0020006D0800E1
S315010115D8816D0800847B0020906D08002852002047
S315010115E8105D175EFFDF00F0FEDF00F03C520020C0
S315010115F870B5124D2B7803F0FF04CBB9EFF7D2DCA6
S31501011608012802D9EFF7FADC04462B784BB90C48C5
S31501011618436D43F0010343650A4B1B689847012350
S315010116282B70EFF7BFDC012802D92046EFF7FCDC66
S31501011638BDE87040044B02481B681847027A00202E
S3150101164850520020447B00203C7B0020034B1B7831
S315010116581BB1034B03481B6818477047027A0020E0
S31501011668387B0020505200202DE9F04F87B0824681
S31501011678894698461646DDF840B02AB1002B55D061
S3150101168840F26C739A4254D8BBF1010F54D8002425
S3150101169806F1100739460120059409F00CFE0546A5
S315010116A800284CD0394608F007FEFFF7A1FF05AB24
S315010116B8CDE9014300942B46012250464946FFF7DD
S315010116C869FE044688B110F18C0F08BF6FF08D04CD
S315010116D83946284608F0F0FD28460CF032F8FFF79E
S315010116E8B5FF204607B0BDE8F08F164BC5E902A93B
S315010116F82B60C5F804B02EB13246414605F11000FA
S315010117080BF05EFB059E10483B462A4631460068AA
S31501011718FEF752FA38B93046FFF7F2FD013008BF34
S315010117286FF08604D4E76FF09104D1E76FF0860470
S31501011738D7E76FF09104D4E76FF08504D1E76FF02D
S315010117488C04CEE7105D175E847B00202DE9F047F6
S315010117588CB08146DDE914780C4616461D466BB1F7
S31501011768B8F1000F49D0002F47D0B7F1005F44D334
S31501011778C3F1005303F500239F423ED84FF0000AF7
S315010117881022002108A8EFF7CDDBCDE905AAFFF75D
S315010117982FFF07AB029305AB019306AB21460093D5
S315010117A85246484608ABFFF7F5FD0446D0B9059BF5
S315010117B83DB1B3421CD853EA060504D06FF086043D
S315010117C810E0B342FAD3069B0D48C8F800500095BC
S315010117D83A46079900683344FEF794F8002818BF7A
S315010117E86FF09104FFF732FF20460CB0BDE8F08790
S315010117F89B1B9D4228BF1D46E5E76FF08604F3E76B
S31501011808847B002070B500260C4605468CB0102253
S31501011818002108A8EFF786DBCDE90566FFF7E8FEA3
S3150101182807AB029305AB019306AB214600933246FA
S31501011838284608ABFFF7AEFD044608BB099B012BF9
S3150101184823D0079D144B29461868FEF70FFAF8B9F4
S31501011858A5F50623A3F55063812B05F01F020DD8C3
S3150101186801210E485B09914050F823204A4040F86E
S3150101187823202846FFF764FD013001D16FF0860464
S31501011888FFF7E4FE20460CB070BD6FF08404F7E75C
S315010118986FF09104F4E700BF847B00203C520020DD
S315010118A810B50024436814601B0A012B0DD0094C9D
S315010118B8A34208D05BB9008808F0EEFD00B10131F9
S315010118C80020116010BD0121FAE72C31F8E76FF00C
S315010118D88500F7E7010080002DE9F0410D46144620
S315010118E81E46C4B010B96FF0860038E00029FAD057
S315010118F8002AF8D0002BF6D0038803F44F42B2F53B
S31501011908824F02D06FF0850029E0DAB2122AF9D1A5
S3150101191823F0FF03B3F5E24F29D1438833600BBBAB
S31501011928E3003360B3F5807FECD1002318464649BD
S315010119382E19214411F8014D16F8012D1043121BD8
S315010119480CBF4FF0FF340024B54203EA040343EA0E
S315010119580203EFD10028C6D0002BC4DA002044B017
S31501011968BDE8F081DA1DB4EBD20FDBD0BBE7B3F5E5
S31501011978824F66D10B78042BB5D12822002118A8EC
S31501011988EFF7D0DA18A8EEF791DE002856D100272D
S315010119988422394623A82297EFF7C4DA01232022A4
S315010119A8394668468DF88830EFF7BCDA20224FF0C0
S315010119B88808013C3946013505940DEB0200E4001E
S315010119C804956408EFF7AEDA22AD2022394610A84C
S315010119D80C95CDF83480EFF7A5DAB4F5C07FCDE9DA
S315010119E8145834608ED024D8E02C03D0B4F5807F06
S315010119F87FF479AF154B0734009308934FF40053DD
S31501011A0802934FF48043E4080A93640010AB08A9D2
S31501011A186A4618A81194FFF711F933680446073382
S31501011A28DB08590013B1284608F044FD002C95D06E
S31501011A3859E7B4F5047F3FF465AF54E76FF09200B7
S31501011A488DE76FF096008AE753EB010120000080CC
S31501011A58F8B5134642880D460732072A4FEAD201DD
S31501011A6804D0A94202D06FF08600F8BDD0E901671A
S31501011A780488202218460021EFF754DA360A012E86
S31501011A88034617D0454A964211D0002E40F082806E
S31501011A98002DE8D041F20102944205D0B4F5885FE0
S31501011AA802D0B4F5905F33D15D600020DDE70422F1
S31501011AB8C260EDE7C660002DD5D041F2010294421C
S31501011AC802D0B4F5885F0DD1B8075D6007F0010250
S31501011AD812D4002A59D06204E7D49A6842F4807272
S31501011AE89A60E2E7B4F5905F12D14560B90707F04C
S31501011AF8010246D5012E21D104F480441AB99A6806
S31501011B0842F080729A60002CCFD1002FCDDAE4E73A
S31501011B18B4F5105F0DD1182D03D0202D01D0102D4C
S31501011B28A1D1C3E90055002EBFD01C4A9642DDD189
S31501011B38BBE704F44F42B2F5824F02D06FF085003C
S31501011B4893E7E2B2122AF9D1202DF7D1144A1A6084
S31501011B5824F0FF02B2F5E24F0CD0B2F5824F82D1E1
S31501011B684FF4005217F4705F09D017F4864F04D069
S31501011B789A60E3E74FF48042F4E742F480629A609F
S31501011B88D1E712B1012E90D1A5E79A6842F0807288
S31501011B989A60F7E76FF08B0067E700BF01008000E5
S31501011BA8200000802DE9F041174600221C464368B2
S31501011BB88CB01B0A012B80460D46009238D0874A04
S31501011BC8934200F0BC80002B40F0FF80008820F092
S31501011BD8FF03B3F5824F18D1B8F802200732D208AC
S31501011BE8009208F059FC20B96FF085000CB0BDE8E8
S31501011BF8F0810B78042B05D1013FB7EB420F05F1B3
S31501011C08010503D06FF08600F0E70097009E224692
S31501011C1831464046FFF71CFF0028E7D10337C4E9DF
S31501011C28030527F003076761002E40F0AA8068E0E3
S31501011C38032FE7D90B78012B40F0CA80497891B374
S31501011C48F739052900F2C180DFE801F02303BF1E38
S31501011C58BF284FF41056F825614F1C22002102A80E
S31501011C68EFF760D903230197CDE90435039601AA54
S31501011C7809AD134603CBAB42206061601A4604F1F4
S31501011C880804F6D10020B1E710274FF08076FA252E
S31501011C98E3E720274FF00076F725DEE74FF41056E4
S31501011CA8FC254F4FD9E72B2FACD920222046EFF738
S31501011CB839D905F1100315F0030623610DD001ABDE
S31501011CC805F1280C1A4628686968083503C265456D
S31501011CD81346F7D1286801AD10606B68103F236080
S31501011CE8AB686360EB686761A3600123E3601EB1BA
S31501011CF82C2101A808F0DEFB6946204607F00EFFF4
S31501011D0820B12021204608F0D5FB7BE7B8F8003041
S31501011D18009E03F44F42B2F5824F0ED1DAB2122A6E
S31501011D280BD123F0FF03B3F5824F06D17300626924
S31501011D381C339A42BFF478AFE3E73346F7E7002F3E
S31501011D4849D0468822460736F60831460096FFF7F6
S31501011D587FFE00287FF44AAFB8F800306074B3F506
S31501011D68885F05D0B3F5105F7FF44CAFA0745BE7CC
S31501011D78B6F5007F03D0B6F5806F7FF435AF012341
S31501011D88A3742022002101A8EFF7CCD83146404699
S31501011D9801AAFFF75DFE0028B3D12168019D039BC6
S31501011DA88D42A268ADD16168029D8D42A9D1534088
S31501011DB833F48073A5D1A369079A9A42A1D1E3693C
S31501011DC8089A9A423FF412AF9BE76FF08B000DE731
S31501011DD86FF091000AE76FF08C0007E701008000B8
S31501011DE82000008070B54568049C2D0A012D1ED07E
S31501011DF8194EB54206D01DBB9A422AD3C4E904122B
S31501011E08002070BD2AB3002201886274B1F5885F8A
S31501011E1804D0B1F5105F16D1A274F1E7B3F5007FCD
S31501011E2802D0B3F5806F11D10123A374E8E703F159
S31501011E382C0090420DD810311C3321616361DFE713
S31501011E486FF08B00DDE76FF08600DAE76FF085004A
S31501011E58D7E76FF08C00D4E7010080002DE9F04740
S31501011E6888B01546DDE910291F4688460646129BA4
S31501011E7828B96FF08604204608B0BDE8F087002925
S31501011E88F7D0002DF5D0002FF3D0002AF1D0B9F102
S31501011E98000FEED0002BECD00022C9F80020EA0091
S31501011EA81A6043682B4AB2EB132FE2D1DBB2002B3E
S31501011EB8DFD1B0F800A0BAF5105F0AD1A5F1100279
S31501011EC8102A03D8244BD340DB0709D46FF08504C4
S31501011ED8D1E7BAF5885FF9D1402D01D0802DF5D129
S31501011EE8B368002BC5DB202200216846EFF71AD813
S31501011EF86A4629463046FFF7ABFD04460028BAD1A2
S31501011F080423BAF5105F03938DF8110011D18DF8E9
S31501011F1812002A4641466846736900F02DFA78B1DE
S31501011F281C2814D02E2814BF6FF092046FF08A046E
S31501011F38A1E7BAF5885F04BF01238DF81230E8E7F6
S31501011F489DF810303B700123C9F8003093E76FF013
S31501011F588D0490E701008000010101002DE9F0419E
S31501011F680F461E46054688B028B96FF086042046F5
S31501011F7808B0BDE8F0810029F7D0002AF5D0002B79
S31501011F88F3D000232D4A33604368B2EB132FECD10A
S31501011F98DBB2002BE9D14488B0F800800734B8F5E3
S31501011FA8105F4FEAD4040AD1A4F11002102A03D80A
S31501011FB8234BD340DB0709D46FF08504D7E7B8F57E
S31501011FC8885FF9D1402C01D0802CF5D1AB68002B63
S31501011FD8CBDB202200216846EEF7A4DF21466A46BB
S31501011FE82846FFF735FD04460028C0D10423B8F574
S31501011FF8105F03938DF811000FD18DF81200684611
S31501012008696900F01DFA78B11C2813D02E2814BF6E
S315010120186FF092046FF08A04A9E7B8F5885F04BFE7
S3150101202801238DF81230EAE79DF810303B70012340
S3150101203833609CE76FF08D0499E700BF01008000CA
S31501012048010101002DE9F047894692469846054660
S3150101205894B078B171B16AB14288D31D072B4FEAA1
S31501012068D30760D0038803F4E043B3F5805F04D155
S31501012078530708D06FF0860427E0B3F5005FF7D060
S31501012088B3F5804F4FD002AE202200213046EEF73C
S3150101209849DF324639462846FFF7DAFC0446A0B934
S315010120A83B465246494628460096FFF79BFE04469B
S315010120B858B9282201460DEB0200EEF733DF0AA8CB
S315010120C8EEF7F4DA28B16FF09204204614B0BDE8B0
S315010120D8F08731460AA807F043FF58B1482814BFCB
S315010120E86FF092046FF085040AA807F094FC0028A2
S315010120F8EBD0E8E76B681B0A06D142463946284602
S31501012108FFF7CEFB0446EFE7084A934208D1524648
S315010121184946304608F0D6F904460028EDD0E3E7EA
S31501012128012BEAD1F3E76FF08504CEE701008000C0
S3150101213830B44568044CB4EB152F02D130BCFFF716
S315010121480DBF30BCFFF77EBF01008000184A20F49D
S31501012158FF7323F0010393420ED0164B20F0FF02C1
S315010121689A4209D0144920F47F7323F003038B4261
S3150101217802D0124B9A4217D110F0FF0017D040F046
S31501012188007000F17E40053806280DD8DFE800F019
S31501012198040C0C0E06080A0001207047032070473B
S315010121A804207047052070470020704702207047B8
S315010121B800020006001300060004000600090006D5
S315010121C8038830B503F44F44B4F5824F21F0FF0477
S315010121D821F4FF71154D21F0010109D0A9421ED043
S315010121E8134B9C4214BF6FF085006FF0860030BD1A
S315010121F8A942DBB213D00E4DAC4210D0122B11D12C
S3150101220852B1B4F1062F0DD14388B3F5807F0CBFC6
S3150101221800206FF08500EAE7B1F1062FF3E76FF0C9
S315010122288600E4E76FF08500E1E700BF00020006DA
S31501012238001300064FF0FF310148EEF77A9B00BF04
S31501012248B45200200148EEF7929B00BFB452002018
S3150101225838B5FEF7D1F80446B0B950230C4DE81844
S31501012268AD65EB65EEF771DF286678B10222094B98
S3150101227821469A8001221C600132202A996019732C
S31501012288597303F10803F7D1204638BD0124FBE749
S31501012298B4520020185300202DE9F041067C054669
S315010122A81F2E8AB02AD8DFF8608008EBC6073B796A
S315010122B833B3022B26D0FFF7BDFF044670B9014699
S315010122C848F836002822B8806846EEF72BDE6846BC
S315010122D8EEF7ECD9044628B1FFF7B4FF20460AB058
S315010122E8BDE8F08129466846FEF7D6FD0446002871
S315010122F8F2D1684607F08FFB0446EDE72124EDE7A5
S315010123081324EBE70824E9E71853002010B570B147
S3150101231869B10123074A52F83340A04202D100208C
S315010123280B7010BD0133202BF5D12D20F9E72120A2
S31501012338F7E700BF1853002013B504460846ACB1A8
S31501012348A1B10DF10701FFF7E1FF88B10123094A9F
S31501012358916821B9107B10B9237402B010BD0133FC
S31501012368202B02F10802F3D11C20F6E72120F4E71C
S315010123782E20F2E7185300202DE9F0478A469046A8
S315010123889946054692B0002855D0002953D0002A0E
S3150101239851D0002B4FD0FFF74DFF0446002846D1F7
S315010123A86E462F460FCF0FC697E80F0008F10308AF
S315010123B886E80F0028F003022146059208A828227B
S315010123C8CDE9034AEEF7AEDD49462846FFF7B4FFE4
S315010123D80446D0B908A8EEF769D90446A8B92A4628
S315010123E8694608A807F031FE044670B92A7C134BE1
S315010123F808A843F8329003EBC20301221A71AA7C99
S315010124085A7107F008FB044678B12B7C6BB11F2B77
S3150101241809D80A4800EBC3021179012902BF002133
S3150101242840F83310918000232B74FFF70BFF2046E8
S3150101243812B0BDE8F0872124F9E700BF185300203F
S3150101244870B50E4605468AB0002840D000293ED00F
S31501012458FFF7F0FE0446002836D1014628226846D0
S31501012468EEF760DD31462846FFF766FF0446C8B92F
S315010124786846EEF71BD90446A0B92946684607F00E
S315010124886FFD044670B92A7C124B684643F83260DF
S3150101249803EBC20301221A71AA7C5A7107F0BBFA2E
S315010124A8044678B12B7C6BB11F2B09D8094800EB7F
S315010124B8C3021179012902BF002140F83310918025
S315010124C800232B74FFF7BEFE20460AB070BD2124F6
S315010124D8FAE700BF1853002030B588B181B101234D
S315010124E8084A52F8335002EBC304854203D100204E
S315010124F863790B7030BD0133202BF2D12D20F9E719
S315010125082120F7E71853002038B501250A4C0B4855
S31501012518EDF7E1DD0B20EDF79BDF04F500535D6770
S3150101252842201D6700F0A0F804F58054422008F006
S315010125384FFD0020656738BD0040104080EB010161
S3150101254808B5054B1B6FDB0704D50122034B1A6737
S31501012558AFF3008008BD00BF004010400060104085
S315010125680028ACBF00F16040064B4FEA0111C9B220
S31501012578ABBF00F5614000F00F0080F80013195454
S31501012588704700BF14ED00E0002807DB012341096C
S31501012598034A00F01F00834042F82130704700BF0B
S315010125A800E100E000280CDB01220649430900F09D
S315010125B81F008240203341F82320BFF34F8FBFF319
S315010125C86F8F704700E100E0034672B6044A9068CE
S315010125D89360BFF34F8FBFF36F8F62B6704700BF2A
S315010125E800ED00E038B5EEF775D9154B1C781CBB23
S315010125F801221A70EEF769D9EEF763D9114B05462F
S3150101260898682346104AC1580433B3F5D47F42F872
S31501012618041BF8D16A210C48FFF7D6FF2846EEF7C5
S315010126284BD96FF0040210460132052152B2FFF768
S3150101263897FF5A2AF7D138BDBDE83840EEF74599D3
S31501012648037A002000ED00E000340020054B421119
S3150101265853F8223000F01F0023FA00F0C04300F0BE
S315010126680100704700E100E0002808DB0122430967
S31501012678034900F01F008240603341F82320704767
S3150101268800E100E010B50446EEF724D9024B1C60BF
S31501012698EEF71BD9002010BD4454002013B50023C1
S315010126A801241A4619461846009400F0C7FA002370
S315010126B800941A461946184600F0F2FA0248FFF73D
S315010126C8E1FF002002B010BD9C7B002013B50A4C26
S315010126D823787BB900F048F8684600F03DF8DDE952
S315010126E800010222054B09F00AF808B901232370F2
S315010126F802B010BD1220FBE7047A002048540020DD
S3150101270807B5009313460A460146034808F0BDFC7E
S3150101271803B05DF804FB00BF4854002013460A467E
S315010127280146014808F0A1BD4854002007B50093A8
S3150101273813460A460146034808F0A1FD03B05DF8B0
S3150101274804FB00BF4854002013460A4601460148C6
S3150101275808F0BBBD48540020024AD2E90021C0E96C
S3150101276800217047705400200349044B044A5B1A3F
S3150101277811605360704700BFC88600200000082019
S315010127887054002008B50AF069F9034B1868BDE8C9
S315010127980840EEF7C09C00BF7854002000B58BB005
S315010127A82022002102A8EEF7BDDB084B4FF4805227
S315010127B8019337230021CDE90623054801AAEEF73E
S315010127C855DC044B18600BB05DF804FB5EDF0101B3
S315010127D88D27010178540020036810B4596A846E63
S315010127E89A68C1F5977193682144034A5DF8044BC8
S315010127F85C300BF054B900BF0C000020B1F5067F1F
S3150101280813B504462AD310200BF0B3F918B96FF0A2
S31501012818020002B010BD236840F20C411A6802F0A9
S315010128287F020BF0BFF90028F1D0EEF75FD9A0615D
S31501012838B8B1214613220C4B04F11800636051F813
S31501012848303B00921B6890220AF072FE074B00206A
S3150101285863610123C4E90300A360DAE76FF022008B
S31501012868D7E76FF00100D4E720ED010179280101CD
S31501012878F8B5C36804460F4600F1180643B943681B
S31501012888416ADB6830463A4A43F480630BF007F93B
S31501012898A36A9B052AD4224652F8C01BE368C86875
S315010128A80969302834BF082010204D1E1D404D1BD3
S315010128B80130854238BF6D182A44D90002F8011C36
S315010128C805F1BF025B09224404F1C10191424AD1D2
S315010128D88023616A84F8C03063682A46DB6830461A
S315010128E898310BF0DCF823692B44236122693846B8
S315010128F8D31C23F003039B1A226A52F8041C41EAEA
S31501012908032142F8041C52F8081C0B4443F00053F6
S3150101291842F8083C2368D968CD1CEEF769D92368C2
S315010129280146DA6830460BF0C4F8236825F0030539
S31501012938DA68AA4206D0AA1A0021304642F0804234
S315010129480BF0B7F8A16A11F4806110D123685A69AD
S31501012958DB689A420BD0D21A3046BDE8F84042F0FC
S3150101296880420BF0A6B802F8013D1B0AAEE7F8BD95
S3150101297804000020014B0360FFF740BFC0EC0101D1
S31501012988014B0360FFF73ABFA0EC0101014B03605C
S31501012998FFF734BF80EC0101014B0360FFF72EBF3E
S315010129A800ED0101014B0360FFF728BFE0EC0101CE
S315010129B82DE9F041324F3B7883B13248EDF78BDB94
S315010129C83148EDF788DB08F0FAFF2E48EDF786DB8B
S315010129D82D48EDF783DB0020BDE8F081EEF7E2DA59
S315010129E80128064614D9EEF709DB051E46DB3B78B5
S315010129F8002B3CD14FF05008244C04EB0800A46588
S31501012A08C4F85C80EEF7A1DB206638B90120E3E75B
S31501012A183B7803F0FF05002BCFD1EBE71C4C04F102
S31501012A285000C4E91648EEF790DB20660028EDD080
S31501012A3804F1640304F1B400C4E92F38EEF785DB28
S31501012A48C4F8C4000028E1D00021124C012004F188
S31501012A5810032246C4E90011C4E90238EEF725DC60
S31501012A6820660028D2D001239E423B70A5D928466B
S31501012A78EEF7DADA0028A0DA0220ADE70D20ABE796
S31501012A88057A002078EB01017CEB0101E454002071
S31501012A98485500208054002008B5154B4FF4FC72A7
S31501012AA800211846EEF73EDA0A220346026142611F
S31501012AB81048114A98614FF48061DA61002219625E
S31501012AC89A625A62DA62C3F808010C48C3F80C0122
S31501012AD8C3F810110A49C3F81821C3F81421C3F818
S31501012AE81C2111F8010D98540132102AF9D108BD9A
S31501012AF8CC84002030ED0101CC800020CC7C002063
S31501012B0849ED01012DE9F84FDFF88880824698F8E9
S31501012B1800308946532B164601D0FFF7BDFF18270A
S31501012B2807FB0A87D7F81851D7F814B15D452FD98C
S31501012B38D7F81041D7F80C11641BB44228BF3446A3
S31501012B484846294422460AF03BF9D7F8103125446B
S31501012B58AB4208BF0025A144361BABEB050B5E450D
S31501012B6828BF5E465EB1182303FB0A83D3F80C110D
S31501012B783246294448460AF023F93444354424B1F6
S31501012B88182303FB0A88C8F818512046BDE8F88FAF
S31501012B980024E2E7CC840020F8B5182700FB077565
S31501012BA8124B0E461D4407FB0033DB6A1446012B03
S31501012BB80AD0022B14D023B9284608F021FF8442F2
S31501012BC808D900242046F8BD284608F019FF844291
S31501012BD828BF044622463146284608F01AFFF1E77E
S31501012BE82846BDE8F84008F02FBF00BFCC84002075
S31501012BF8F8B50B4B04461B780D46532B164601D0E7
S31501012C08FFF74AFFEFF311874FF0200181F311888E
S31501012C18324629462046FFF7BFFF87F31188F8BDDB
S31501012C28CC8400201822044B02FB0033D3F814018B
S31501012C38D3F81831C01A7047CC8400202DE9F04128
S31501012C48164C1E4623780546532B8846174601D04E
S31501012C58FFF722FF092D1DD8EFF3118C4FF0200143
S31501012C6881F3118865B1182005FB000344F8038037
S31501012C78E2180023576000FB05421662936253620C
S31501012C88182303FB0544069BE3628CF31188002094
S31501012C98BDE8F0814FF0FF30FAE700BFCC84002090
S31501012CA82DE9F843174E1F4633780546532B8946B6
S31501012CB8904601D0FFF7F0FE092D1FD8EFF31182D7
S31501012CC84FF0200181F311886DB11824002304FB0B
S31501012CD80564C4F80891C4F80C81C4F81071C4F8E4
S31501012CE81831C4F81431182303FB0566089BC6F885
S31501012CF81C3182F311880020BDE8F8834FF0FF30BB
S31501012D08FAE700BFCC84002010B5044686B00B460D
S31501012D180B4A052104A802F0DDFB9DF813301021A9
S31501012D2802939DF81230204601939DF81130054A08
S31501012D3800939DF8103002F0CDFB002006B010BDBE
S31501012D484AED01014FED010130B589B0044608F09C
S31501012D58BFFE01230E4A0025CDE902230D4B01A829
S31501012D6805934FF47053CDE90654019308F0A3FE78
S31501012D78019B049307F09EFA000240F001000390BB
S31501012D88694602A80095FAF7E9F909B030BD00BF0D
S31501012D981271000109060006F0B589B00C461546FF
S31501012DA8064608F095FE0123114A0027CDE90223BB
S31501012DB8104B01A805934FF47053CDE9067601939B
S31501012DC808F079FE019B049307F074FA000240F0BA
S31501012DD8010021466B462A46039002A80097FAF795
S31501012DE897F8044602A805F05EF9204609B0F0BD38
S31501012DF8127100010906000610B50A4B86B0144680
S31501012E0802930023059103901A46CDE90033214423
S31501012E1805A802F059FD002814BFAC20002006B010
S31501012E2810BD00BFDDBA01012DE9F047DEB0669D8F
S31501012E381C462B68074689469046002B65D06B6868
S31501012E48B3F5007F61D302A805F0A3FE6368BBB1A0
S31501012E5826682F4B3278002A08BF1E4600219C227C
S31501012E6837A80DF1180A3691EEF75CD8494650464E
S31501012E78FFF74AFF30B1AC2420465EB0BDE8F087C2
S31501012E88234EEBE70DF1280941464846FFF73CFF7A
S31501012E9804460028EFD1A0213346CDE900A91D4AF0
S31501012EA836A802F017FB36A902A805F08BFE002801
S31501012EB8E1D1092102A805F081FE3868FFF744FF2F
S31501012EC80EA804F0B9FA39680EA8F9F7FFF906460A
S31501012ED80028D0D10EA902A805F072FE0096334644
S31501012EE8D5E9001202A8FBF7C3F80028C3D128685F
S31501012EF809F0EFFF6B680130984201D909F06DFFBE
S31501012F08686002A805F049FEB6E72F24B4E700BFB9
S31501012F1865ED010173ED0101F0B50D46002197B08B
S31501012F280646144607A83C220691EDF7FBDF402326
S31501012F3805AACDE9013206AF009705930E49306816
S31501012F48D5E9002304F027FFA0B9059D63689D42D1
S31501012F580ED84DB12A46394620680AF033F8636816
S31501012F689D4201D909F039FF0020656017B0F0BD0E
S31501012F781920FBE7AC20F9E70906000638B504462E
S31501012F880D46204608F0E2FD6B7C002857D0052B3B
S31501012F9859D0032B17D0042B38D0012B4DD102223E
S31501012FA82146284608F090FE002833D129462846AD
S31501012FB808F0CEFE70BB95F82430002B0CBF032315
S31501012FC805236B74DDE795F825209AB12146284634
S31501012FD82A7F08F079FEE8B92946284608F0F9FE5C
S31501012FE8C0B995F8253073B90223AA691A442A6228
S31501012FF80423E6E72B7D013BDBB2022B9CBF134A77
S31501013008D25CAA61F0E72B7F0233EEE795F824300B
S315010130180BB1232038BDAA690AB91820FAE7214656
S31501013028284608F051FE0028F4D12946284608F019
S31501013038F8FE0028EED10523C3E70320EAE7052BAD
S3150101304801D00D20E6E70020E4E700BFADED01015F
S3150101305800487047C87B0020024A0349034809F022
S3150101306809BD00BF287B002005BF0101C87B0020DF
S315010130780023F0B590F8812087B00446019322B167
S31501013088A0F88030174809F084FC0025164F04F191
S315010130987806304601ABC5F18002791908F029FD98
S315010130A8C0B1DDB1114B04AA0493802302A92046BC
S315010130B8CDE90275059308F038FFDDE9041280F0C0
S315010130C8010084F88100304608F02DFD30B1002059
S315010130D807B0F0BD019B01901D44DAE794F8800021
S315010130E8F6E700BF88570020867A0020067A002075
S315010130F8836810B504460BB92F2010BD1A491A6BFE
S31501013108D1E900138B4298BF002302F1040288BF5B
S315010131185B1A9A4204D000231348194608F0FFFFA7
S31501013128A36812491A6BD1E900138B4298BF002390
S3150101313802F1080288BF5B1A9A4204D000230B48A0
S31501013148194608F0ECFFD4E90312A06801F076F9F3
S315010131580028D2D1237E2BB16169A06801F0F6F866
S315010131680028CAD10020C8E748570020185700206F
S315010131782DE9F341054608460C4608F0F4FC0646D6
S3150101318878B1254808F0E2FC58B18642324622490F
S3150101319828BF0246204608F07BFD10B102B0BDE802
S315010131A8F0811E4F1C4E27E03368013AC6E9023306
S315010131B8D7F80031C7F8042157F82300013303F082
S315010131C83F030190C7F800312846CB69124A01A984
S315010131D898470028E2D1204608F0C5FC80463046CA
S315010131E808F0B4FC80454246314628BF02462046CE
S315010131F808F04EFD0028D1D1204608F0B4FC296813
S3150101320818B1D7F80421002ACED12846CB6802B0D5
S31501013218BDE8F041184700BF185700201056002095
S3150101322870B504460D460E4E284608F08FFC28B99E
S3150101323823682046BDE870409B68184731462846F1
S31501013248FFF79CFE0D28EFD048B9236820469B69F4
S315010132580349984718B9024808F084FFE4E770BDA5
S315010132684857002091F8273070B506460C464D8A15
S315010132782BB10A7D1948294608F097FF30BBB5F5E8
S31501013288827F0AD8B5F5807F0BD9A5F58175022DFF
S3150101329809D8DFE805F00C0A0F0040F23B139D42FD
S315010132A811D0A62012E0E36AF36000200EE0E36A7A
S315010132B83361FAE794F8243083F00103337603B1D5
S315010132C8E36A7361F1E7B2680AB92F2070BDA38D6C
S315010132D8002B08BF4FF400731363E6E7105600206D
S315010132E808B503480A7D498A08F05FFF08BD00BF92
S315010132F81056002070B586680C460EB92F2070BD90
S3150101330891F8263003B9743694F82730257D33B1FF
S315010133182A46618A174808F048FF0028EFD1032D8C
S3150101332826D8DFE805F016020E1133689B6894F872
S315010133382420618A5AB904F12C023046BDE870404D
S31501013348184733681B69F2E733689B69EFE700227F
S31501013358F3E73368618ADD6A94F8243033B9E26A9E
S315010133683046AC46A369BDE8704060470022F7E7DD
S315010133782620C4E7105600200A46498A10B5B1F538
S31501013388A27F15D008D840F2051399421AD0B1F592
S31501013398A17F0DD0A6200AE040F2A1139942F9D1E5
S315010133A8806838B10368DC6A9369D26AA04710BD9F
S315010133B8806808B92F20FAE703682C321B69BDE832
S315010133C810401847127D024808F0EFFEEFE700BFEB
S315010133D8105600202DE9F04100251746526894B090
S315010133E8052A88461E468DF805508DF806508DF832
S315010133F8075040F2A78001233968023A02A808F06A
S31501013408A5FE0DF1050102A808F07CFC0446002879
S3150101341840F094800DF1060102A808F073FC0446F8
S31501013428002840F08B800DF1070102A808F06AFC1B
S315010134380446002840F082807B683168802B7CD85D
S3150101344873687F2B7CD903467622083107A808F0D1
S315010134587DFE9DF80630013B042B6CD8DFE803F0AD
S3150101346803325D64550001238DF83430514BCDF893
S3150101347838800C930023CDE90F3311938DF8483029
S31501013488B8F1000F1BD0D8F8305000232A1D194670
S31501013498494808F044FE484808F064FE002305F14E
S315010134A808021946454808F03AFE0022444BC3F87A
S315010134B8042107AA02A90CA808F09CFE09E04FF409
S315010134C80075E2E73C4808F01CFE3C4808F019FE85
S315010134D80020099A079B9A4288BFD41AE5B2044685
S315010134E800230822316807A808F030FE00211C22B2
S315010134F80DA80C91EDF716DD022107A808F040FB8E
S3150101350810B3002014B0BDE8F08101238DF83430E1
S315010135182C4BCDF838800C93CBE70323CDF83880B3
S315010135288DF83430284BF6E70423CDF838808DF829
S315010135383430264BEFE72A20CBE7C2240025CFE713
S315010135481924FBE71924CBE79DF8061007A841F0D2
S31501013558800108F015FB0028D3D19DF8071007A8AB
S3150101356808F00EFB0028CCD1214607A808F02DFB4F
S315010135780028C6D1294607A808F002FB0028C0D1B0
S31501013588726805F10A03934201D909F026FC083547
S315010135982946306873600CAA00F0F8FF0028B0D1FB
S315010135A89DF80600BDF830203368023818BF01209E
S315010135B85A53A7E7CCED01014857002018570020B7
S315010135C810560020F4ED01011CEE010144EE010142
S315010135D8002208B51146064808F0D3FD0022054820
S315010135E8114608F0CEFD0022034BC3E9402208BD6E
S315010135F848570020185700201056002002490A682A
S3150101360802604A684260704708F0010110B440F24D
S315010136186314A142034612D0B1F5B27F07D2B1F5BF
S31501013628827F20D0B1F5B17F18D0A62009E040F2FA
S3150101363897108142F9D102B11268DA6211E01AB919
S315010136482F205DF8044B704711680A4BA1F57A7270
S315010136589A42F5D85DF8044B00F0D0BD02B1126863
S315010136689A620020EDE7002AEAD011685DF8044B59
S3150101367800F06CBEB8820100F0B5B1F5AA7F99B028
S31501013688154606461A461E9C3CD8B1F5A07F09D8AF
S3150101369840F2051399426DD040F21113994262D055
S315010136A8A62065E06FF4A07319441329F8D801A37C
S315010136B853F821F0B7370101A9360101D1370101C3
S315010136C8A9360101D7370101DD370101E3370101C7
S315010136D8E9370101A9360101A9360101A936010115
S315010136E8A9360101A9360101A9360101A936010146
S315010136F8A9360101A9360101EF370101F5370101A2
S31501013708FF370101B1F5C17F00F0928010D840F26F
S315010137186513994200F08280B1F5B37F00F0838089
S31501013728B1F5B27FBCD12346294600F083FD1EE0DF
S3150101373840F29513994200F0898040F2B1139942FA
S3150101374800F0938040F293139942A9D1CDE90B5226
S3150101375805B9EAB933683046D3F880300BA99847D9
S3150101376830B90C9B21E02346294600F001FE48B3F6
S3150101377819B0F0BD00F134073846039209F0A9FBE7
S31501013788039A0130CDE906050597089215B90AB1DB
S3150101379809F023FB07AB00933046728B318B05ABDE
S315010137A800F090FD0028E3D1089B23600AE0036835
S315010137B81B6B2946304698470028D9D1284609F076
S315010137C888FB20600020D3E703689B6BF1E7036858
S315010137D81B6CEEE703685B6CEBE703689B6CE8E738
S315010137E80368DB6CE5E703685B6DE2E72346294677
S315010137F800F0C6FCBBE721230E9303680FAF0392C2
S315010138081B6E0D970DA99847039A0028B0D1134647
S3150101381820212A46384609F071F8D2E72346294676
S3150101382800F014FDA3E72346294600F0ADFD9EE706
S31501013838CDE909530DB9002BAAD133683046DB6F9F
S3150101384809A99847002893D10A9BAEE7CDE90D52FC
S315010138580DB9002A9CD133683046D3F884300DA9B5
S315010138689847002884D10E9B9FE7CDE90F520DB9E0
S31501013878002A8DD133683046D3F8A0300FA998476D
S3150101388800287FF475AF109B8FE700BF70B5B1F5BE
S31501013898B27F054616461C4692B000F01D8121D815
S315010138A840F21113994271D06FF4A07319448BB286
S315010138B8132B30D813292ED8DFE811F06F002D000C
S315010138C87C002D0089009600A300B0002D002D0073
S315010138D82D002D002D002D002D002D002D00BD00E0
S315010138E8D900EA0040F29513994200F04481B1F5F5
S315010138F8CB7F22D240F28113994200F01F81B1F5A3
S31501013908C17F0AD240F26513994200F0F080B1F500
S31501013918B37F00F0F380A620A0E000F0228140F2F7
S3150101392893139942F7D13146224609A808F0BEFDFB
S31501013938284609A900F012FE90E0B1F5D17F00F001
S315010139483B8111D8B1F5CB7F00F01F8140F2A1135C
S315010139589942E0D1002A40F0228140223146343091
S31501013968EDF7E0DA002079E040F2B1139942D2D1BC
S31501013978002AF7D0002CF5D03146224609A808F0CD
S3150101398895FD284609A900F02FFD67E02246314633
S3150101399812B0BDE8704000F0E5BC02B13CB90022A5
S315010139A88D49284612B0BDE8704000F00DBB22468C
S315010139B83146F6E702B13CB900228749284612B0D9
S315010139C8BDE8704000F028BB22463146F6E702B150
S315010139D83CB900228049284612B0BDE8704000F082
S315010139E843BB22463146F6E702B13CB900227A4980
S315010139F8284612B0BDE8704000F048BB2246314660
S31501013A08F6E702B13CB900227349284612B0BDE86E
S31501013A18704000F04DBB22463146F6E702B13CB98A
S31501013A2800226D49284612B0BDE8704000F052BB2C
S31501013A3822463146F6E702B194B900211C220AA8A9
S31501013A480991EDF76FDA2021644AAB8B09A801F0D8
S31501013A5841FD09A90246284600F062FB12B070BD74
S31501013A682246314612B0BDE8704000F059BB02B199
S31501013A783CB908225A49284612B0BDE8704000F0FF
S31501013A8879BB102C01D92F20E8E722463146F2E706
S31501013A9802B1C4B9102105A808F00EFE0028DDD12E
S31501013AA8022310210093212309AA05A808F0E6FE9D
S31501013AB80028D3D109A809F00CFA09A90246284612
S31501013AC800F064FBCAE7102CDDD8022321460093D6
S31501013AD83046212309AAE9E7002AD4D0002BD2D0FE
S31501013AE81A46314612B0BDE8704000F09DBB224628
S31501013AF8314612B0BDE8704000F0A2BB02B1B4B9BB
S31501013B080023CDE90933CDF82B30AB6A09A8029315
S31501013B18EB8B01936B6A00936A8B298B2B6A08F0ED
S31501013B2880FC0B22284609A900F028FC96E72246C3
S31501013B38314612B0BDE8704000F020BC02B154B95B
S31501013B48002305AACDE909238DF81430284609A9C8
S31501013B5808F08DFD82E72246314609A808F0A6FC40
S31501013B68F4E73146224609A808F0A0FC284609A926
S31501013B7800F000FD72E73146224609A808F096FCD5
S31501013B88284609A900F0DEFC68E73146224609A85C
S31501013B9808F08CFC284609A900F082FB5EE73F2C58
S31501013BA83FF671AF22463146343009F009F900234F
S31501013BB82C4484F83430D5E6002A3FF464AF002C4E
S31501013BC83FF461AF3146224609A808F06FFC284641
S31501013BD809A900F0F1FB41E75EDF010164EE01018C
S31501013BE867EE01012DE9F047002405468EB08846A6
S31501013BF8174621460D2205A80DF128091E460494EA
S31501013C08EDF790D921460D2248460994EDF78AD94F
S31501013C181122284602AB04A9CDE9024400F0B0FA03
S31501013C28044600285DD1029B0A2B51D19DF8143017
S31501013C382D2B2FD00025049B0A2203A909A8099334
S31501013C488DF8285001F088F8039BA8F800004B4528
S31501013C5841D1BDF814300A2203A909A8ADF82430C7
S31501013C688DF8265001F078F83870039F0DF1260377
S31501013C789F4230D1BDF816300A2203A909A8ADF829
S31501013C8824308DF8265001F067F8039B3070BB424A
S31501013C9821D125E09DF817302D2BCBD1082302938D
S31501013CA806AB01930DF1150311210F4A009309A8DA
S31501013CB804AB01F00FFCDDF808A009A9524604A8D6
S31501013CC809F07EF85246284604A900F053FA40B98C
S31501013CD8029B072BAED8054804A901F073F82F24D6
S31501013CE820460EB0BDE8F08710F001011DF0010173
S31501013CF80023F0B587B001930C46D1E9001201AB57
S31501013D0800F04AFA40F20123984225D102AD2A462A
S31501013D18144B03F110072E4618685968083303C670
S31501013D28BB423546F7D163680F2B02D8192007B074
S31501013D38F0BD256806AE134603CBB3422860696018
S31501013D481A4605F10805F6D110230193019B62680C
S31501013D58934204D909F041F80028E8D1F6E7002091
S31501013D686360E4E7DAF0010170B50025044696B00F
S31501013D782A220E460BA829460A95EDF7D3D801AB97
S31501013D882E2220460AA9019500F054FA40F2012390
S31501013D9898422BD1182301931A4B0AAC03F1180542
S31501013DA8224618685968083303C2AB421446F7D14B
S31501013DB800241C22214603A80294EDF7B3D80199E0
S31501013DC802AA0AA800F0F8FBA0F11003102B054678
S31501013DD813D87368984212D8024602A9306808F0C6
S31501013DE8EFFF73689D4205D908F0F7FF0028DFD078
S31501013DF816B070BD20467560FAE72F20F8E719203D
S31501013E08F6E700BF3CF00101F0B54B680646602BA9
S31501013E180C461546A5B02DD900278222394603A895
S31501013E280297EDF77FD801AB8622304602A90197A1
S31501013E3800F00CFA40F20123984212D184220E496C
S31501013E4802A8019208F0BCFF2268019902A800F0B4
S31501013E58B3FB612828600BD16368602B05D808F08C
S31501013E68BCFF0028F0D025B0F0BD60600020FAE75C
S31501013E782F20F8E71920F6E755F00101012903BFBB
S31501013E88034B00201B78A62008BF1370704700BF9B
S31501013E98267B0020022938B514461D460FD120225A
S31501013EA800210848EDF73ED83CB1202D2A46214686
S31501013EB828BF2022034808F083FF002038BDA62029
S31501013EC8FCE700BF067B0020104608B56AB163B15D
S31501013ED802290CD1202B28BF20231A46029B05490A
S31501013EE81A6008F06DFF002008BD2F20FCE7A62007
S31501013EF8FAE700BF067B0020012905D102B1127834
S31501013F08024B00201A707047A6207047267B0020B5
S31501013F182DE9F0431E46002389B0074608460D469A
S31501013F281446CDE9053300F0BBFC18B9D82009B010
S31501013F38BDE8F083284605A900F01CFD0028F6D145
S31501013F48204600F0ADFC0028F0D0204606A900F075
S31501013F5811FD0028EBD1DDE90595079007A9184858
S31501013F6800F008FD044608BB079919EB01081FD1A2
S31501013F780DB108F032FF022008F0D4FCA8B1079B65
S31501013F88022100931F203B46CDE901950D4A08F010
S31501013F98BCFC73689D4211D83DB12A464146306839
S31501013FA809F010F873689D42E3D875602046BEE7AB
S31501013FB8022008F0B7FC0028EBD0E0E71924F5E761
S31501013FC82172080024F10101014800F0E1BD00BF99
S31501013FD800720800002307B50348019301AB00F0FD
S31501013FE8F1FC03B05DF804FB00720800014800F01A
S31501013FF8A1BD00BF0C72080010B506480C4600F0B9
S315010140088DFC40F20123984202BF4FF6F17300205D
S31501014018238010BD0C720800014800F0B9BD00BF2C
S315010140280D720800002307B50348019301AB00F09F
S31501014038C9FC03B05DF804FB0D720800014800F0E4
S3150101404879BD00BF0B72080010B506480C4600F091
S3150101405865FC40F20123984202BF48F201030020A0
S31501014068238010BD0B720800014800F091BD00BF05
S315010140780E720800002307B50348019301AB00F04E
S31501014088A1FC03B05DF804FB0E720800014800F0BB
S315010140987FBD00BF10720800002307B503480193CD
S315010140A801AB00F08FFC03B05DF804FB1072080048
S315010140B8014800F06DBD00BF11720800002307B564
S315010140C80348019301AB00F07DFC03B05DF804FBE5
S315010140D811720800014800F05BBD00BF12720800A9
S315010140E8002307B50348019301AB00F06BFC03B04C
S315010140F85DF804FB12720800014800F01BBD00BF00
S315010141081872080010B505480C4600F007FC40F284
S315010141180123984204BF0020208010BD18720800AF
S31501014128014800F035BD00BF0F72080073B50026BE
S3150101413801AB0E480C461546019600F043FC40F2C8
S31501014148012398420BD164B10C2D0CD920462A467C
S31501014158074908F05BFE30462C4404F8016C02B0AD
S3150101416870BD0B20FBE71920F9E700BF0F720800A4
S3150101417842F10101014800F00BBD00BF04720800BC
S31501014188014800F01FBC00BF04720800014800F095
S3150101419819BD00BF1F72080007B50020009003482A
S315010141A800F066FC03B05DF804FB00BF1F7208004E
S315010141B8014800F0BFBC00BF0772080010B50D48E1
S315010141C80C4600F0ABFB40F20123984204D14FF4AF
S315010141D87063238000200BE050B92388B3F5805F13
S315010141E8F8D305482F2240F28B1100F019FA2F2036
S315010141F810BD00BF077208004FF10101014800F027
S31501014208B1BC00BF0872080010B506480C4600F09B
S31501014218B1FB40F20123984202BF4FF47A730020A1
S31501014228236010BD08720800014800F0B1BC00BF47
S3150101423809720800014800F0C5BB00BF09720800F0
S31501014248014800F0A5BC00BF0A720800014800F048
S31501014258B9BB00BF0A7208000B46024A0249034864
S31501014268FFF756BE27720800267208006FF1010191
S315010142780B46024A02490348FFF74ABE257208005E
S31501014288247208008BF101010B46024A02490348CF
S31501014298FFF73EBE2372080022720800B1F101013F
S315010142A8022307B5D1E9001201A80193FEF7A4FD7E
S315010142B818B90199024800F055FC03B05DF804FBF1
S315010142C8207208001FB5022003900698009003A8E2
S315010142D8FEF7AAFD18B90399024800F043FC05B097
S315010142E85DF804FB20720800002370B5154886B0F5
S315010142F80D461646049300F0D3FA08B3114804A9EA
S3150101430800F038FBD0B9049B3246002B08BF0223C3
S31501014318294605A80593FEF7FFFD0446022008F084
S3150101432801FB50B102947368022101936B681F2046
S315010143380093054A049B08F0E8FA204606B070BDC9
S31501014348D824EBE720720800CAF10101014800F0FF
S3150101435809BC00BF21720800014800F00BBB00BF70
S3150101436821720800014800F013BC00BF2972080038
S31501014378014800F027BB00BF29720800014800F077
S3150101438821BC00BF0572080007B50020009003484B
S3150101439800F06EFB03B05DF804FB00BF057208006F
S315010143A8014800F0AFBB00BF28720800014800F0C0
S315010143B889BA00BF28720800032307B5D1E900129B
S315010143C801A8019300F094F918B90199024800F07E
S315010143D8C9FB03B05DF804FB30720800014800F01F
S315010143E8C9BA00BF307208004A6808B5102A01D057
S315010143F82F2008BD0968024800F0E4FBF9E700BF70
S31501014408177208001FB500234A680C460F2A039341
S315010144180FD90093102203AB0968074800F028FB5E
S3150101442863680F2B01D808F0D8FC1023636004B028
S3150101443810BD1920FBE700BF177208000021094BBF
S3150101444810B5196032B9084C2146BDE81040074834
S3150101445800F088BB064C074800F098F9204608F099
S31501014468C6FAF1E77857002000F0380121720800F1
S31501014478000039018857002000232DE9F04F85B046
S3150101448880460F462C4803A91546039300F072FA94
S31501014498002838D1294E039933681BB9284800F0F9
S315010144A87FF980BBD5E900143368039A02EB030B44
S315010144B814F003031BD10A4623465946204800F046
S315010144C88BF900BB4046316800F04CFBD8B9384638
S315010144D8696800F047FBB0B932686B68002013447C
S315010144E813F03F021CBF40339B1A33600BE004F102
S315010144F8040AAAEB030A5046019100F0D9F8019979
S31501014508814618B9AC2005B0BDE8F08F224608F0FE
S3150101451857FCAAEB0402FF2109EB0400ECF702DDC3
S3150101452853464A465946064800F056F9044648464E
S3150101453800F0CEF82046C4E721720800785700201A
S315010145488857002008B50A4602480349FFF794FF30
S3150101455808BD00BF227208002372080008B50A4681
S3150101456802480349FFF788FF08BD00BF2472080006
S315010145782572080008B50A4602480349FFF77CFF78
S3150101458808BD00BF26720800277208001FB5134629
S315010145980022039203AA0192202200920A460146A9
S315010145A8044803F028FB002814BFAC20002005B0FD
S315010145B85DF804FB09000002014B08F0F7B800BFDA
S315010145C8D9C6010138B5094BD3E8EF2F541CC3E805
S315010145D8E54F002DF8D1002A04DC00F04DF808B1A9
S315010145E808F0FBFB4FF0000038BD00BF7C570020E7
S315010145F82D2828BF002010B4074C04EB8000074C76
S31501014608D4E8AF4F1CB1A4465DF8044B60475DF889
S31501014618044B08F092B900BF26F201018057002028
S3150101462807B50346CDE9001200200121024A08F027
S315010146386CF903B05DF804FB15F20101024BD3E8ED
S315010146488F0FC0B2704700BFB37C0020024608B580
S31501014658064BD3E8AF3F3BB9054B06491B68D868FA
S3150101466800F01EFF08F0B9FB08BD00BF8457002002
S31501014678507C0020DAF2010108B50A4BD3E8EF2F85
S31501014688511CC3E8E01F0028F8D1002A07DD064BB3
S3150101469806481B68D96800F015FF08F09EFB002043
S315010146A808BD00BF84570020507C002022F3010178
S315010146B838B504460548FFF7C9FF204600F02EFE26
S315010146C80546214608F037F9284638BD55F3010153
S315010146D810B504460548FFF7B9FF2046002108F041
S315010146E82BF92046BDE8104000F020BE61F3010117
S315010146F870B5044688B000680D46164608F01EF9DD
S3150101470823684FF40071079301230B4A02A8CDE9E7
S3150101471802230A4B3246CDE904130023294606939F
S3150101472801ABF8F7F5FB014618B1054800F04AFB5C
S31501014738AC2008B070BD00BF002480000010C00481
S315010147486CF30101014B0360704700BFDCF3010102
S3150101475810B5044608F04CF9054B0020D3F894200E
S3150101476803F5805362604FF400321A6710BD00BF2A
S31501014778008000A310B50446034B0821036006F027
S315010147880BFF204610BD00BFDCF3010108B5FBF79D
S3150101479833FE10B90148EBF789DF08BD90570020B0
S315010147A8002313B50C460B48694601AA0093FBF78A
S315010147B8ADFF58B9009B24F07F4223F07F439A420B
S315010147C806D9012221460348EBF786DF02B010BD5F
S315010147D82E20FBE79057002073B51E4600230C4691
S315010147E8154669460B4801AA0093FBF78FFF60B985
S315010147F8009B24F07F4223F07F439A4207D933462F
S315010148082A4621460348FBF7E5FF02B070BD2E2073
S31501014818FBE700BF905700200448054B054A036092
S3150101482800230549436008F025B900BF88570020D0
S31501014838DCF30101287B00204D47010137B50E4DF7
S315010148482C686CB9032322462146009301200B4BA0
S31501014858EDF730DB2346224621462860EDF73BD8A2
S31501014868286808B908F0B9FA4FF0FF3103B0BDE875
S315010148783040EDF7849900BF08580020B857002049
S31501014888064B10B5186808B908F0A7FA0023BDE860
S3150101489810401A461946EDF71E9800BF0858002020
S315010148A807B5014606486A4601AB0068FBF78EF86B
S315010148B808F078F8B0FA80F0400903B05DF804FB16
S315010148C8847B00207FB5002304460D468DF8073009
S315010148D808F074F8D0B1104E2146306803AB02AA2C
S315010148E8FBF774F808F05EF870B9039B012B10D138
S315010148F8214630680DF10702FAF7A8FF08F052F8C8
S3150101490810B99DF807302B7004B070BD40F2012033
S31501014918FAE72F20F8E700BF847B00207FB5002343
S3150101492804460D46ADF8063008F048F8D0B1104EE8
S315010149382146306803AB02AAFBF748F808F032F8BA
S3150101494870B9039B022B10D1214630680DF106027D
S31501014958FAF77CFF08F026F810B9BDF806302B8066
S3150101496804B070BD40F20120FAE72F20F8E700BF35
S31501014978847B00207FB5002304460D46039308F086
S315010149881DF8C0B10E4E2146306802AB01AAFBF7EC
S315010149981DF808F007F860B9029B042B0ED12146D0
S315010149A8306803AAFAF752FF07F0FCFF08B9039B1F
S315010149B82B6004B070BD40F20120FAE72F20F8E719
S315010149C8847B00202DE9F0431D46002385B02B6029
S315010149D807460E46914607F0F1FF00283ED0DFF85B
S315010149E88C803946D8F8000003AB02AAFAF7EEFF24
S315010149F807F0D8FF0446B8B9039B93B3C6B14B4533
S31501014A0831D232463946D8F80000FAF71FFF07F0C6
S31501014A18C9FFD8B9039B012B03D13378003B18BFD2
S31501014A28012300222B60F254204605B0BDE8F0832C
S31501014A38012B01D02B60F7E73946D8F800000DF1B3
S31501014A480702FAF703FF07F0ADFF08B10446EBE7E2
S31501014A589DF8073003B103982860E5E740F2012480
S31501014A68E2E71E24E0E71924DEE700BF847B002084
S31501014A782DE9F04F1D46002385B02B600746884670
S31501014A881646DDF838A007F099FFA0B3DFF870B034
S31501014A983946DBF8000003AB02AAFAF797FF07F0DC
S31501014AA881FF0446A8B9B8F1000F12D0039BDBF8C0
S31501014AB80000A3EB0A09B1450FD8534642463946C8
S31501014AC8CDF80090FAF71EFF07F06CFFB0B9C5F8EB
S31501014AD80090204605B0BDE8F08F53464246394657
S31501014AE80096FAF70FFF07F05DFF04460028F0D19B
S31501014AF819242E60EDE740F20124EAE70446E8E7C6
S31501014B08847B002013B504468DF8071007F056FF7C
S31501014B1858B107480123214600680DF10702FBF741
S31501014B284BF807F03FFF02B010BD2F20FBE700BF8E
S31501014B38847B002013B50446ADF8061007F03EFF45
S31501014B4858B107480223214600680DF10602FBF711
S31501014B5833F807F027FF02B010BD2F20FBE700BF8E
S31501014B68847B002013B50446019107F027FF58B14C
S31501014B7804230648214600680DEB0302FBF71CF8DE
S31501014B8807F010FF02B010BD2F20FBE7847B002040
S31501014B9810B5044607F012FF68B179B10848012A30
S31501014BA81346006838BF01230A462146FBF704F874
S31501014BB807F0F8FE10BD40F20120FBE72F20F9E7C7
S31501014BC8847B002010B5044607F0F8FE58B101B9F7
S31501014BD862B90748134600680A462146FAF7ECFF07
S31501014BE807F0E0FE10BD40F20120FBE72F20F9E7AF
S31501014BF8847B002007B507F0FDFE00210846FFF773
S31501014C08E1FC074B4FF48062019337230549009371
S31501014C1805480023EDF7F3DA03B05DF804FB00BF9D
S31501014C280C58002024F40101E3C90101064B1B6854
S31501014C381A7A022A04D812B11B68044A136070470A
S31501014C48032AF9D0704700BF4C7C00201058002078
S31501014C5808B5064B044613B10021AFF30080044B96
S31501014C681B6803B19847204603F0C4FF0000000002
S31501014C784C5900202DE9F04386460D46354E284606
S31501014C8815F8014B375D17F00807F8D12D2C26D1F8
S31501014C982C780127851C3BBB302C32D00A234FF0D7
S31501014CA8FF380026B8FBF3F803FB08F930466FEA2B
S31501014CB80909A4F1300CBCF1090F29D86446A342AC
S31501014CC837DDB6F1FF3F07D080452FD301D1A14585
S31501014CD82CDB00FB0340012615F8014BE9E72B2CD8
S31501014CE804BF2C78851CD6E7102BD8D1302CD6D108
S31501014CF8287800F0DF005828D1D16C7810230235C5
S31501014D08CDE72B7803F0DF03582BF6D00823C6E746
S31501014D18A4F1410CBCF1190F01D8373CCFE7A4F135
S31501014D28610CBCF1190F04D8573CC8E74FF0FF369F
S31501014D38D2E7731C06D122233046CEF8003032B9A8
S31501014D48BDE8F08307B14042002AF9D006B1691ED0
S31501014D581160F5E767F4010113460A46014602485F
S31501014D680068FFF787BF00BF507C0020024B034450
S31501014D78587800F01700704766F4010170B50D4DBA
S31501014D8800260D4C641BA410A64209D10B4D002621
S31501014D980B4C08F061FF641BA410A64205D170BD36
S31501014DA855F8043B01369847EEE755F8043B0136B9
S31501014DB89847F2E7B47C0020B87C0020B87C002033
S31501014DC8C87C00200FB407B5064904AB086853F837
S31501014DD8042B8168019300F007F803B05DF804EB31
S31501014DE804B07047507C00202DE9F04F0D469DB067
S31501014DF814469846064618B1036A0BB900F038FB02
S31501014E086B6ED90705D4AB899A0502D4A86D08F04A
S31501014E18F4F8AB891B0701D52B699BB9294630469D
S31501014E2800F0FAF870B16B6EDC0704D54FF0FF306C
S31501014E381DB0BDE8F08FAB899805F7D4A86D08F0C8
S31501014E48DDF8F3E70023CDF80C804FF00109DFF80F
S31501014E58B481099320238DF8293030238DF82A301E
S31501014E6823469A4613F8012B0AB1252AF9D1BAEB39
S31501014E78040B0BD05B4622462946304607F018FE3D
S31501014E88013000F0A780099A5A4409929AF800302C
S31501014E98002B00F09F8000234FF0FF320AF1010A2F
S31501014EA8049307938DF853301A93CDE90523544694
S31501014EB80522544814F8011B07F074FF049AD8B95E
S31501014EC8D10644BF20238DF85330130744BF2B2342
S31501014ED88DF853309AF800302A2B15D0079A544683
S31501014EE800204FF00A0C214611F8013B303B092BF2
S31501014EF84BD9B0B1079214E0A0EB0803A24609FA0F
S31501014F0803F313430493D2E7039B191D1B68002B73
S31501014F180391BBBF5B4242F0020207930793B8BFF5
S31501014F28049223782E2B0AD163782A2B32D1039B3B
S31501014F3802341A1D1B6843EAE37303920593DFF8EA
S31501014F48D4A003222178504607F02CFF38B1A0EBF3
S31501014F580A004022049B013482401343049314F846
S31501014F68011B062228488DF8281007F01BFF002887
S31501014F783FD0264B1BBB039B073323F0070308339B
S31501014F880393099B3B4409936AE70CFB02320C46DE
S31501014F980120A8E7002301344FF00A0C19460593AD
S31501014FA8204610F8012B303A092A03D9002BC6D01D
S31501014FB80591C4E70CFB012104460123F0E703AB84
S31501014FC82A4604A930460093114BAFF300800746E0
S31501014FD8781CD6D16B6ED90705D4AB899A0502D44B
S31501014FE8A86D08F00BF8AB895B063FF51FAF099869
S31501014FF81EE703AB2A4604A930460093044B00F089
S3150101500861F8E4E733F401013DF401010000000010
S31501015018B9CA010139F4010138B5294B05460C46CE
S31501015028186818B1036A0BB900F022FAB4F90C3001
S31501015038190722D4DA0607D409222A6043F0400364
S315010150484FF0FF30A38133E0580712D5616B41B1A7
S3150101505804F14403994202D0284606F0A2FA002334
S315010150686363A38923F02403A3810023636023696E
S315010150782360A38943F00803A38123694BB9A38953
S3150101508803F42073B3F5007F03D02146284607F0C0
S31501015098DBFFB4F90C3013F001020AD00022A26039
S315010150A862695242A261226942B913F08000C5D1EF
S315010150B838BD990758BF6269A260F4E70020F7E78E
S315010150C8507C00202DE9FF470F7E914680460C460C
S315010150D8782F9A460C9E01F1430207D8622F0AD806
S315010150E8002F00F0DD80582F00F0C38004F142063D
S315010150F884F842703AE0A7F16303152BF6D801A1AA
S3150101510851F823F06551010179510101F550010168
S31501015118F5500101F5500101F550010179510101DE
S31501015128F5500101F5500101F5500101F550010153
S315010151388F5201010752010147520101F55001013F
S31501015148F5500101B1520101F55001010752010161
S31501015158F5500101F55001014F52010133681A1D3C
S315010151681B68326004F1420684F842300123A8E043
S3150101517831682368081D30601E0601D50D6803E0F4
S315010151885D06FBD5B1F90050002D616878DA2D204D
S315010151980029A16084F843002DDA6D425D480A238E
S315010151A81646B5FBF3F103FB1157C75D06F8017DF9
S315010151B82F460D46BB42F4D9082B0BD12368DF07CD
S315010151C808D5236961689942DEBF302306F8013C97
S315010151D806F1FF36921B22614B4603AA2146404638
S315010151E8CDF800A007F0C1FC01306FD14FF0FF30B7
S315010151F804B0BDE8F08723F004032360CDE72168F5
S315010152083368080653F8045B02D4490648BFADB2B0
S315010152186F2F33603F4814BF0A230823002184F8FE
S3150101522843106668002EA660BADB216821F00401E5
S315010152382160002DB4D1002EB2D11646BCE72368F0
S3150101524843F02003236078273348236884F845709F
S315010152581F06316851F8045B02D45F0648BFADB237
S315010152683160D90744BF43F0200323601DB11023E0
S31501015278D4E72848E9E7236823F020032360F6E702
S3150101528824480A23CDE733682568181D616930600A
S315010152982E061B6801D5196002E06806FBD519803F
S315010152A800231646236197E7336800211A1D3260E8
S315010152B81E686268304607F075FD08B1801B60609B
S315010152C863682361002384F8433085E723693246FD
S315010152D849464046D047013088D023689B0714D4F4
S315010152E8E068039B9842B8BF184681E70123324615
S315010152F849464046D04701303FF478AF0135E36866
S3150101530803995B1AAB42F1DCEAE7002504F11906B8
S31501015318F5E700BF44F4010155F40101024B0146C9
S31501015328186806F03BB900BF507C0020024B0146C4
S31501015338186806F036B900BF507C002010B504463E
S315010153480448134620B10A4602202146AFF30080DC
S3150101535810BD00BF00000000002310B5044683609C
S31501015368818119464366C28108228361C0E90033F6
S31501015378C0E904335C30EBF7D5DD0D4B246263627A
S315010153880C4BA3620C4BE3620C4B23630C4B9C4203
S3150101539806D003F16802944202D0D0339C4205D16A
S315010153A804F15800BDE8104007F026BE10BD00BF44
S315010153B8EBCE01010DCF010145CF010169CF0101F4
S315010153C814580020024A0349034807F0CDBD00BF1E
S315010153D8A07C00205DCD0101547C002041680C4B65
S315010153E8994210B5044601D007F0B4FCA168094BEE
S315010153F8994202D0204607F0ADFCE168064B994275
S3150101540804D02046BDE8104007F0A4BC10BD00BF7A
S31501015418145800207C580020E458002010B50B4B85
S3150101542804210B4C0B4A20461A600022FFF794FF10
S3150101543804F1680001220921FFF78EFF04F1D0006A
S3150101544802221221BDE81040FFF786BF4C59002000
S3150101545814580020CD530101014807F0CEBD00BF04
S31501015468277B0020014807F0C9BD00BF277B002023
S3150101547810B50446FFF7F0FF236A1BB1BDE81040DA
S31501015488FFF7F0BF044B2362044B1B68002BF5D1D0
S31501015498FFF7C4FFF2E700BFE55301014C590020AC
S315010154A80EB403B503AB0146054853F8042B00684E
S315010154B80193FFF799FC02B05DF804EB03B070475D
S315010154C8507C0020024B0A460146186807F0B1BC18
S315010154D8507C00200CB4184B30B50C1E9DB01D68CC
S315010154E808DA8B234FF0FF302B601DB0BDE8304041
S315010154F802B070474FF402730290069002A9ADF803
S31501015508143014BF04F1FF332346209A2846049325
S3150101551807934FF6FF73ADF8163021AB019300F0EF
S315010155281FF8431CBCBF8B232B60002CDDD0029BCB
S3150101553800221A70D9E700BF507C002038B504460D
S31501015548064D0846114600222A601A4603F060FBF9
S31501015558431C02D12B6803B1236038BD5059002081
S315010155682DE9F04F98468B899DB007461B060D46D6
S31501015578144610D50B6973B9402106F00FF8286056
S31501015588286130B90C233B604FF0FF301DB0BDE8EF
S31501015598F08F40236B610023CDF80C804FF0010990
S315010155A8DFF8A081099320238DF8293030238DF85E
S315010155B82A3023469A4613F8012B0AB1252AF9D12D
S315010155C8BAEB040B0BD05B4622462946384607F04F
S315010155D877FD013000F0A780099A5A4409929AF891
S315010155E80030002B00F09F8000234FF0FF320AF1B3
S315010155F8010A049307938DF853301A93CDE90523CC
S31501015608544605224F4814F8011B07F0CBFB049AAF
S31501015618D8B9D00644BF20238DF85330110744BFAA
S315010156282B238DF853309AF800302A2B15D0079A77
S31501015638544600204FF00A0C214611F8013B303B34
S31501015648092B4BD9B0B1079214E0A0EB0803A24686
S3150101565809FA03F313430493D2E7039B191D1B6844
S31501015668002B0391BBBF5B4242F0020207930793EA
S31501015678B8BF049223782E2B0AD163782A2B32D10B
S31501015688039B02341A1D1B6843EAE37303920593CC
S31501015698DFF8C0A003222178504607F083FB38B111
S315010156A8A0EB0A004022049B013482401343049370
S315010156B814F8011B062224488DF8281007F072FBFD
S315010156C8002836D0214B1BBB039B073323F0070365
S315010156D808330393099B334409936AE70CFB0232A6
S315010156E80C460120A8E7002301344FF00A0C19469C
S315010156F80593204610F8012B303A092A03D9002BC4
S31501015708C6D00591C4E70CFB012104460123F0E744
S3150101571803AB2A4604A9384600930D4BAFF3008023
S31501015728421C0646D6D1AB895B063FF52DAF0998D2
S315010157382CE703AB2A4604A938460093044BFFF725
S31501015748C1FCEDE733F401013DF40101000000005C
S31501015758C9D0010139F4010138B50023054D0446C3
S3150101576808462B6003F043FA431C02D12B6803B1A7
S31501015778236038BD50590020024B0146186807F0CD
S31501015788FABC00BF507C002038B50023064D0446FB
S31501015798084611462B6003F02EFA431C02D12B68E9
S315010157A803B1236038BD00BF5059002038B5002325
S315010157B8054D044608462B6003F021FA431C02D124
S315010157C82B6803B1236038BD5059002038B504460A
S315010157D8064D0846114600222A601A4603F014FAB4
S315010157E8431C02D12B6803B1236038BD50590020EF
S315010157F838B50446064D0846114600222A601A465E
S3150101580803F004FA431C02D12B6803B1236038BDA6
S315010158185059002038B50023064D0446084611465D
S315010158282B6003F0EEF9431C02D12B6803B1236007
S3150101583838BD00BF505900200F207047704770B519
S3150101584804680D1B002D02DC6FF05F0070BD94F931
S3150101585800602378002E0ADB631C0360237813603A
S315010158680368C91A13688B42EED80020EEE703F0E4
S315010158787F035E1E032E10D89D42E5DD0025013406
S31501015888156004600468166814F8015B013B45EA72
S31501015898062515600460F5D1E2E76FF06300D5E7E7
S315010158A870B404680E1B002E07DD26789E4208D1C6
S315010158B80134046070BCFFF7C2BF6FF05F0070BCB2
S315010158C870476FF06100FAE72DE9F04F85B0009254
S315010158D8984603AA302304460E469DF838A09DF83A
S315010158E83CB0FFF7DDFF054610BB2368039A134455
S315010158F89E421AD06FF065051AE05A1C226093F888
S315010159080090009B09EA0303434522D1314620460B
S3150101591803AAFFF794FFD0B909EA0A015945226892
S31501015928039B09D022681A4422602368B342E4D34F
S31501015938284605B0BDE8F08F10990029F2D0DDE9B6
S31501015948107049460193B847019B0028EAD00546DC
S31501015958EEE76FF06105EBE738B505462C6804B942
S3150101596838BDA369A0682B6007F0EBFE606907F0F3
S31501015978E8FE204607F0E5FEF0E770B50E46154646
S3150101598804460CB9204670BD6368AB4206D12A4666
S315010159983146A06807F006FB0028F3D0A469F0E7B1
S315010159A87F2A034610B51AD914460120240A00F1A3
S315010159B80100FBD11C68641A844212DB19684C1E6A
S315010159C81C6001F8012C120AF8D1012806D01A68BF
S315010159D8511E196000F17F0302F8013C10BD012037
S315010159E8E8E76FF06B00F9E70368591A0029C1BFA7
S315010159F803F1FF310160012003F8012CD8BF6FF0D3
S31501015A086B0070472DE9F04106460F461546984643
S31501015A18FFF7C6FF041E09DB424639463046FFF742
S31501015A28E3FF0028B2BF0446641924182046BDE8DD
S31501015A38F081F0B4144600250668721A002A1CDDA5
S31501015A48771E076006F8014C2412002C05F10102A4
S31501015A5811DC046894F90060002E08DA621A002A3A
S31501015A680BDD621E0260002204F8012CAA1CDBB2BE
S31501015A78F0BCFFF7C7BF1546DEE76FF06B00F0BC58
S31501015A88704770B50D46064600681146A8421C4680
S31501015A980AD3451B9D4207D3C01A306013B11A4672
S31501015AA807F08EF9204670BD6FF06B00FBE7052301
S31501015AB80022FFF7A7BF70B504460D46FFF7E1FFC0
S31501015AC8021E06DB29462046BDE870400623FFF77C
S31501015AD899BF70BD2DE9F0419846DDE90663044693
S31501015AE80D461746ABB126B9FFF7E1FF002812DBD0
S31501015AF8064643463A4629462046FFF7DCFF002873
S31501015B0809DB821929462046BDE8F0413023FFF712
S31501015B1879BF1E46EDE7BDE8F08130B40468651A20
S31501015B28002D0CDD003A18BF01220123651E5242E0
S31501015B38056004F8012C30BC1A46FFF763BF6FF004
S31501015B486B0030BC70470223FFF773BF70B5164669
S31501015B581A46049B04460D46FFF793FF021E06DB10
S31501015B6829462046F3B2BDE87040FFF74BBF70BD29
S31501015B782DE9F84306460068894690461F46089D61
S31501015B88FFF7FBFE0446002833D12021012005F049
S31501015B9892FB044650B1C0F804804146012005F044
S31501015BA88AFBA06030B9204607F0CBFD00242046C8
S31501015BB8BDE8F8834246494607F002F925614DB128
S31501015BC82946012005F077FB606138B9A06807F01D
S31501015BD8B8FDE8E73368A3613460E8E73368A36190
S31501015BE83460002FE3D02A463946606907F0E8F8A0
S31501015BF8DDE72DB9406907F0A4FDC4E90455D6E7E7
S31501015C080369AB42EDD02946012005F054FB06464E
S31501015C180028CBD0606907F094FDC4E90456E0E792
S31501015C2838B500F14103054602461921DBB20020C8
S31501015C38F5F77AFA05F147032A4604463321DBB219
S31501015C481A20F5F771FA2B1F2A463D210443DBB2C7
S31501015C583420F5F769FA3E21E4B22A462B23044397
S31501015C680846F5F761FA3F21E4B22F232A46044390
S31501015C780846F5F759FAE4B22043C0B238BD2DE911
S31501015C88F74F0C9F0546164617B91760002012E013
S31501015C980324B7FBF4F404EB4408474518BF013460
S31501015CA8B4F1804F0AD2A40001348C4200D840B91C
S31501015CB86FF02900346003B0BDE8F08F4FF0FF346F
S31501015CC8F6E781460024444503F1030209F1040A72
S31501015CD82ED3BC424A4626D293F800800134BC42EF
S31501015CE84FEA98002CBF4FF0000B93F801B0FFF76C
S31501015CF897FF89F800004FEA081000F0300000EB21
S31501015D081B10FFF78DFFBC4289F801003CD24FEA0F
S31501015D188B0000F03C00FFF783FF3D23524689F8CB
S31501015D28020089F803300023551B35601370ADE76E
S31501015D3812F8033C12F8029C980812F801BC019268
S31501015D480093FFF76DFF009B0AF8040C180100F098
S31501015D58300000EB1910FFF763FF0AF8030C4FEA4D
S31501015D68890000F03C0000EB9B10FFF759FF0AF888
S31501015D78020C0BF03F00FFF753FF019AD146134678
S31501015D880AF8010C03349EE73D20C6E700220123E8
S31501015D98C0E90023704710B5044648B1006818B137
S31501015DA8E188890001F091FC00220123C4E900235D
S31501015DB810BD42F21073994270B504460D4602D9D7
S31501015DC86FF00F0070BDC3888B4201D30020F9E73C
S31501015DD80421284605F06FFA06460028F0D0216805
S31501015DE841B1E288920006F0EBFFE188206889005B
S31501015DF801F06BFCE5802660E8E7F8B50D46C98830
S31501015E0804461646FFF7D5FF0746A8B93046F5F702
S31501015E189DF90646B4F90420B5F90410F5F7A2F976
S31501015E283346F643A080EA8820682968F5F7A4FB7A
S31501015E38EB88E088984201D83846F8BD216851F8BF
S31501015E482320324041F823200133F3E738B50446CC
S31501015E580D4619B9FFF79FFF002038BDC2888A424E
S31501015E6807D1002100689200EBF75CD80123A380D2
S31501015E78F2E7FFF790FF29462046BDE83840FFF7CC
S31501015E8898BF884270B505460E4609D0C988C288A9
S31501015E9841B92AB10123920083800068EBF742D800
S31501015EA8002070BD4C1E8CB9B6F904300134A242EA
S31501015EB8AB8012D221462846FFF77BFF0028F0D195
S31501015EC831682868A20006F07BFFE9E7336853F8D1
S31501015ED82430002BE8D1013CE5E72868121B002193
S31501015EE8920000EB8400EBF71DD8E9E770B50C4683
S31501015EF801210546FFF75DFF064688B9EA8801468D
S31501015F0892002868EBF70ED884EAE472A2EBE472F0
S31501015F18E40FC4EBC4342B68640001341A60AC8005
S31501015F28304670BDC388B1EB431F3FBF03684A09B9
S31501015F3853F8220001F01F013ABFC84000F00100E1
S31501015F48002070470022C188914201D8002070477C
S31501015F58036853F8223033B193FAA3F0B0FA80F00B
S31501015F6800EB421070470132EEE7C188006800F084
S31501015F787CBC08B5FFF7F9FF0730C00808BD70B545
S31501015F880E4612F0030118BF012101EB92010546E4
S31501015F981446FFF75BFF38B923463246E988286874
S31501015FA8BDE8704000F083BC70BD13460A46C1883E
S31501015FB8006800F0A1BC38B504460D46FFF7D5FFC8
S31501015FC8E3882844B0EB431F06D820682A46E188AE
S31501015FD800F002FD002038BD10F01F0118BF012194
S31501015FE801EB50112046FFF7E4FE0028EDD0F2E758
S31501015FF80A46C18808B511B1006800F0AFFC002056
S3150101600808BD10B5C38823B9CA885AB9ABB10120ED
S3150101601817E0026802EB830252F8042C002AF3D135
S31501016028013BF0E70C6804EB820454F8044C0CB903
S31501016038013AEAE79342EAD80FD3013B5A1C01D147
S31501016048002010BD026852F823400A6852F823203D
S315010160589442DCD803F1FF33F0D24FF0FF30F0E779
S3150101606830B5C38823B9CA885AB9002B3DD136E060
S31501016078026802EB830252F8042C002AF3D1013B90
S31501016088F0E70C6804EB820555F8045C4DBB013A4F
S31501016098EAE7B1F9045003D2B1F90400404226E016
S315010160A8B0F90420002A03DD002D0CDA01201EE0D7
S315010160B8002D08DD3AB14FF0FF3018E003F1FF3347
S315010160C80BD2504213E0013B016851F8235054F8B1
S315010160D823108D42F2D9104609E0591CF4D100204A
S315010160E805E0002BD8D09342D3D9B0F9040030BDCD
S315010160F81FB581EAE173A3EBE17301930123C90F8B
S31501016108C1EBC13149000131ADF80C10ADF80E30C2
S3150101611802A901AB0293FFF7A3FF05B05DF804FBE2
S3150101612890422DE9F04105460F46144602D08842B0
S3150101613806D127460123FC88AB803CB9002003E040
S31501016148FFF79FFE0028F4D0BDE8F0813B684FEACE
S31501016158840803EB840353F8043C0BB9013CECE7CF
S3150101616821462846FFF725FE0028EDD12E6823464C
S315010161783A683146304600F065FC074606EB0803E6
S31501016188002FDBD0EA88661CA24208D83146284688
S31501016198FFF70FFE0028D7D12B6803EB84031A6892
S315010161A83446D2192CBF0127002743F8042BE7E708
S315010161B82DE9F04105460E469046D4883CB9F18849
S315010161C8A1420ED26FF009073846BDE8F081D8F829
S315010161D8003003EB840353F8043C002BEFD1013C57
S315010161E8ECE72846FFF7E5FD07460028ECD1F288DA
S315010161F894420BD2AE4209D028683168121B92002B
S3150101620801EB840100EB840006F0DAFDEA88F088E7
S31501016218824207D92B68121A0021920003EB8000EA
S31501016228EAF780DED8F8002023463168286800F0AD
S315010162381FFC024610B90123AB80C5E72968EB8823
S3150101624801EB840108461B1B00F03BFD0028F2D037
S31501016258B8E72DE9F843B2F804C0B1F9044081461B
S315010162681CFB04FC664673430D4617461CD51146AD
S315010162782846FFF7C6FEB0F100080DDB3A46294666
S315010162884846FFF795FF98B9B8F1000F08BF0124F1
S315010162980020A9F804400BE02A464846FFF788FF83
S315010162A830B9644224B2F3E7FFF73AFF0028EFD089
S315010162B8BDE8F8830123FFF7CCBF4FF0FF33FFF7A2
S315010162C8C8BF1FB582EAE273A3EBE2730193012307
S315010162D8D20FC2EBC23252000132ADF80C20ADF831
S315010162E80E3002AA01AB0293FFF7E7FF05B05DF88D
S315010162F804FB2DE9F04701231646002286B08842A0
S3150101630807460D46CDE90223CDE9042306D102A8A4
S31501016318FFF7B7FD0446002833D102ADB74206D1CE
S31501016328394604A8FFF7ADFD044650BB04AEB5F8DE
S315010163380680B8F1000F2ED1B6F80690B9F1000F13
S3150101634833D14FF0010A384609EB0801FFF731FD50
S315010163580446B0B901463846FFF7C8FD044680B977
S31501016368CDF80090424633682968386800F059FC2F
S31501016378BAF1000F22D1AB88B28813FB02F31BB223
S31501016388BB8004A8FFF707FD02A8FFF704FD204615
S3150101639806B0BDE8F0872B6803EB880353F8043C84
S315010163A8002BC9D108F1FF38C3E7336803EB890329
S315010163B853F8043C23B909F1FF39BFE70123DFE7A4
S315010163C8B8FA88FA4FEA5A1ABDE72DE9F3410546A3
S315010163D888461646CF883FB1D8F8003003EB8703C4
S315010163E853F8043C3BB146B90021284602B0BDE841
S315010163F8F041FFF77BBD013FEDE72846791CFFF721
S31501016408D8FC044670B941462846FFF73AFD0446C9
S3150101641840B9013E00963B46D8F80020E98828682C
S3150101642800F043FB204602B0BDE8F08170B5044691
S315010164380D46104600211646FFF75AFE002824DBB1
S315010164482A46334621460020F4F79AFE054638B115
S31501016458284670BD324621462046FFF72BFF90B9E3
S3150101646800212046FFF744FE0028F3DB314620468A
S31501016478FFF7F6FD0028EBDB324621462046FFF7FA
S315010164881CFF0028F2D00546E2E76FF00905DFE7B0
S315010164982DE9FF410123164600220546684688462D
S315010164A8CDE90023CDE90223FFF7EBFC04460028D9
S315010164B855D1314602A8FFF7E4FC044600284ED11E
S315010164C86846FFF73FFD074602A8FFF73BFD06466B
S315010164D850B9214602A8FFF725FD28B941462846A4
S315010164E8FFF7CFFC04463AE00123ADF80C30ADF8CD
S315010164F8043000216846FFF7FBFD50B9B74239461A
S3150101650802A828BF3146FFF756FD044638BB02A942
S31501016518E5E76846FFF716FD01466846FFF768FD98
S315010165280446E0B902A8FFF70DFD014602A8FFF7E7
S315010165385FFD044698B9684602A9FFF791FD00284F
S3150101654817DB6946684602AAFFF732FE044630B9E7
S3150101655801216846FFF74CFD04460028C9D0684663
S31501016568FFF719FC02A8FFF716FC204604B0BDE89F
S31501016578F08102A96A460846FFF71AFE0446002871
S31501016588EDD1012102A8E5E7F7B50E1E0446154628
S315010165981F4614DB1046FFF7ABFD00280FDD204629
S315010165A8E988FFF753FC40B9089B3146CDE90073E9
S315010165B8E3882A682068F4F7F7FF03B0F0BD6FF0A6
S315010165C80300FAE72DE9F0410646884610460121FE
S315010165D892B01546FFF78CFD002840F3438100234D
S315010165E801272A4641466846CDE90237CDE90437EE
S315010165F8CDE90637CDE90837CDE90037CDE90A37BF
S31501016608CDE90C37CDE90E37CDE91037FFF740FF54
S315010166180446002840F0978039466846FFF768FD29
S31501016628002840F01C812A46414602A8FFF7FEFED2
S315010166380446002840F0878002A904A8FFF721FC37
S31501016648044600287FD129460AA8FFF71AFC044601
S31501016658002878D129460CA8FFF713FC044600281F
S3150101666871D1394606A8FFF741FC044600286AD1CB
S31501016678014608A8FFF73AFC0446002863D10146FA
S315010166880EA8FFF733FC044600285CD1394610A849
S31501016698FFF72CFC0446002855D1049B1B68D80733
S315010166A83CD50C9B1B68DB0740F182800CA904A829
S315010166B8FFF7D6FC0028C0F2AB8004A908460CAA4C
S315010166C8FFF7FBFD044600283DD106A908460EAA97
S315010166D8FFF7F3FD0446002835D110AA08A9084693
S315010166E8FFF7EBFD044670BB002104A8FFF700FD87
S315010166F80028D2D100210EA8FFF7FAFC0028C0F222
S315010167089A8029460EA8FFF7ABFC002880F29D80E6
S3150101671830460EA9FFF7B5FB044614E0012104A88A
S31501016728FFF766FC044670B9069B1B68DF0729D487
S31501016738089B1B68DC0725D4012106A8FFF758FC2D
S31501016748044600282FD002A8FFF725FB04A8FFF766
S3150101675822FB06A8FFF71FFB08A8FFF71CFB6846E3
S31501016768FFF719FB0AA8FFF716FB0CA8FFF713FB9E
S315010167780EA8FFF710FB10A8FFF70DFB204612B074
S31501016788BDE8F08106A908460AAAFFF793FD044662
S315010167980028D8D108A9084602AAFFF78EFD0446A2
S315010167A80028C9D0CFE7012108A8FFF721FC71E725
S315010167B801210CA8FFF71CFC04460028C3D10E9B36
S315010167C81B68D90713D4109B1B68DA070FD401215B
S315010167D80EA8FFF70DFC04460028B4D1012110A823
S315010167E8FFF706FC044600283FF45BAFABE70EA9A9
S315010167F808460AAAFFF75EFD04460028A3D110A997
S31501016808084602AAFFF759FD04460028DFD09AE790
S315010168180CA9084604AAFFF750FD0446002892D19F
S315010168280EA9084606AAFFF748FD044600288AD19B
S3150101683808AA10A953E70EA92A460846FFF73AFD01
S31501016848044600283FF456AF7DE70EA92A460846B5
S31501016858FFF733FD044600283FF453AF73E76FF0A2
S315010168680D0470E76FF0030488E70139002901DA9D
S315010168780020704750F82130002BF6D0B3FA83F087
S315010168880131C0EB4110704739B101F1804101393C
S3150101689800EB81018142034600D270471B680A68F1
S315010168A81BBA12BA40F8042B41F80439F2E72DE96B
S315010168B8F0411C4613F0030318BF012303EB9403AC
S315010168C88B4206460D46904613D879B18F003A4652
S315010168D80021EAF727DB2CB1381B22464146304411
S315010168E806F06EFA29463046FFF7CEFF0020BDE8CD
S315010168F8F0816FF00700FAE7B3EB810F70B5044633
S315010169084FEA8105104619D95A1B86180021EAF75B
S3150101691809DB30462B460021C2188B4210D10020D3
S3150101692870BD22F00301615802F00306F600F14039
S31501016938C9B281B90132AA42F3D1ECE71A46FAE79B
S3150101694821F00300205801F00305ED00E84002F8A3
S31501016958010D0131E1E76FF00700E1E7F8B50546F9
S31501016968500988420C4602F01F0601D80AD136B1F0
S315010169782846A2000021BDE8F840EAF7D39A1F2A62
S3150101698802D8F8BD1F2A0FD9820005EB8003291FFA
S3150101699805EB8407BB421AD1201A38BF0022002110
S315010169A805EB8000EAF7BEDA002EEAD0002205EBF4
S315010169B88404C6F12000AC42E3D054F8041C21FA40
S315010169C806F3134344F8043D01FA00F2F3E753F8D9
S315010169D804CB41F804CFDDE71F2AF8B503460D4676
S315010169E84FEA521402F01F0613D96FF003000A4643
S315010169F800FB0430944202F1FF3113D3621BAC420E
S31501016A0888BF00222A44184600219200EAF78ADA49
S31501016A18034636B1002103EB8403C6F12007AC42D4
S31501016A2806D3F8BD50F8212043F821200A46E1E7AB
S31501016A381868013400FA06F20A4343F8042B20FACE
S31501016A4807F1ECE7F0B50024844620469C4200D1C3
S31501016A58F0BD51F8245052F824702E182CBF012587
S31501016A680025BF194CF8247045F100000134EDE702
S31501016A78F0B50024064620469C4200D1F0BD51F8E6
S31501016A8824C052F82470ACEB0005AF4294BF4FF015
S31501016A98000E4FF0010EED1B46F8245084452CBF1C
S31501016AA870460EF101000134E6E78B4228BF0B4619
S31501016AB82DE9F0479646DE080446C91A03F0070888
S31501016AC875460346B4460020089A0CF1FF3CBCF111
S31501016AD8FF3F03F1200305F1200511D104EB46140B
S31501016AE825460EEB46164FEA880C06EB880E7645C7
S31501016AF840F081806444013980F08B80BDE8F087DC
S31501016B0855F8207CA2FB079710EB090953F8200CCD
S31501016B1847F1000710EB090043F8200C55F81C0C46
S31501016B2847F10007A2FB00093F1853F81C0C49F16C
S31501016B380009C01943F81C0C55F8180C49F100094C
S31501016B48A2FB000719EB000953F8180C47F10007D6
S31501016B5810EB090043F8180C55F8140C47F1000716
S31501016B68A2FB00093F1853F8140C49F10009C01991
S31501016B7843F8140C55F8100C49F10009A2FB00075A
S31501016B8819EB000953F8100C47F1000710EB09003E
S31501016B9843F8100C55F80C0C47F10007A2FB000944
S31501016BA83F1853F80C0C49F10009C01943F80C0CAC
S31501016BB855F8080C49F10009A2FB000719EB000970
S31501016BC853F8080C47F1000710EB090043F8080CC4
S31501016BD855F8040C47F10007A2FB000A17EB000957
S31501016BE853F8047C4AF1000017EB090740F100004C
S31501016BF843F8047C69E756F8043BA2FB0337C3183B
S31501016C08286847F10007C31847F1000045F8043B16
S31501016C186DE723681B182CBF0120002044F8043BAB
S31501016C2869E72DE9F347DDF8289015464A440F46E9
S31501016C3892000021064698460024EAF773D905F120
S31501016C48010A4C4502D102B0BDE8F08758F8243053
S31501016C5806EB840000933A462B465146FFF725FF7A
S31501016C680134EEE72DE9F04712F0030418BF0124B8
S31501016C7804EB92048C420646884617461D464FEA9E
S31501016C88840AC2EB840919D84A460021EAF74AD986
S31501016C98A8EB04020021920006EB0A00EAF742D9A1
S31501016CA83A46089806EB0901A847054618B9214647
S31501016CB83046FFF7E9FD2846BDE8F0876FF0030581
S31501016CC8F9E730B50546104600229A4200D130BD92
S31501016CD851F82240241A45F8224034BF01200020E8
S31501016CE80132F2E72DE9F34101F1100506460F4696
S31501016CF828460021FFF7FCF9044698B36846FFF7D1
S31501016D0845F829466846321DFFF75CFC044630BB47
S31501016D1807F108086B46424641463046F4F78EFCB0
S31501016D280446E0B96B466A4669463046F4F786FC7D
S31501016D380446A0B96B463A4639463046F4F77EFC15
S31501016D48044660B96B46424641463046F4F776FC3D
S31501016D58044620B901212846FFF7C8F804466846C2
S31501016D68FFF719F8204602B0BDE8F081F7B50D46DF
S31501016D780446083568461646FFF708F800212846ED
S31501016D88FFF7B6F9211D07462A466846FFF795FA20
S31501016D98044648B9002F0CBF002206F001026946D4
S31501016DA82846FFF72AF804466846FEF7F4FF204607
S31501016DB803B0F0BD38B50C46051D29462046FFF737
S31501016DC84FF9002801DA002006E02A462146204625
S31501016DD8FFF7EEF90028F0D038BD70B50C46054627
S31501016DE8114620461A46FFF765FA064630B90435B3
S31501016DF829462046FFF734F9002801DA304670BDE5
S31501016E082A4621462046FFF7D3F90028F0D006463F
S31501016E18F4E770B50C460646114620461A46FFF7B1
S31501016E284CFA054648B90436B4F90430002B04DA9C
S31501016E3800212046FFF75CF908B9284670BD32469C
S31501016E4821462046FFF736FA0028EDD00546F4E734
S31501016E5810B50446FEF79FFF04F10800FEF79BFFF4
S31501016E6804F11000BDE81040FEF795BF13F07E0F3F
S31501016E782DE9F0470C4615460CBF4FF0010A4FF0B4
S31501016E88000A07465246294620461E46C3F34508C7
S31501016E98FEF7B3FF48BB04F108095246484605F116
S31501016EA80801FEF7AAFF00BB08F1FF33D3F1000879
S31501016EB848EB03084246204605F11801FEF79DFFF6
S31501016EC898B94246484605F12001FEF796FF60B991
S31501016ED821463846F209FFF749FF30B904F1100096
S31501016EE80121BDE8F047FFF701B8BDE8F08738B5DC
S31501016EF80C46054601212046FFF75DF828B92146CA
S31501016F082846BDE83840FFF755BF38BD2DE9F84F8A
S31501016F181E4603F10805C36804468A469046002BB6
S31501016F2840F0C08002F110031A462946F4F786FBA0
S31501016F38002840F0EF8006F110072B4642463946F4
S31501016F482046FFF74AFF002840F0E48006F11809B8
S31501016F582B46424649462046FFF75BFF002840F08B
S31501016F68D9804B463A4629462046F4F767FB00285D
S31501016F7840F0D080032229463046FFF726FA002839
S31501016F8840F0C88031462046FFF714FF002840F03B
S31501016F98C18008F1080B06F110075B465A463946C6
S31501016FA82046F4F74BFB002840F0B48039462046C9
S31501016FB8FFF79DFF002840F0AD803B464246294632
S31501016FC82046F4F73BFB002840F0A48029462046D9
S31501016FD8FFF78DFF002840F09D8006F118093B4611
S31501016FE83A4649462046F4F729FB002840F09280A3
S31501016FF849462046FFF77BFF002840F08B80334640
S31501017008324639462046F4F719FB002840F08280BA
S315010170182B463A4639462046FFF7FBFE002879D129
S315010170282B463A4639462046FFF7F3FE002871D129
S315010170383B462A4629462046FFF7EBFE002869D139
S3150101704833462A4629462046F4F7F8FA002861D13B
S315010170584B462A4629462046FFF7DBFE002859D129
S315010170685A464946204608F11003F4F7E7FA00287B
S3150101707850D149462046FFF73AFF00284AD13946F9
S315010170885046FEF7FEFE002844D129460AF10800BA
S31501017098FEF7F7FEF0BB49460AF11000BDE8F84FC5
S315010170A8FEF7EFBE13462946F4F7C8FA90BB032249
S315010170B829463046FFF789F960BB31462046FFF775
S315010170C879FE38BB04F10C0701463846FFF710F87B
S315010170D800283FF45EAF08F110031A4629462046F7
S315010170E8F4F7ACFAB0B906F110092B462A46494616
S315010170F82046F4F7A3FA68B93B464A46294620468B
S31501017108F4F79CFA30B92B46324631462046FFF749
S3150101711864FE3BE7BDE8F88F0346C06920B15B6AA7
S31501017128002B14BF01200220704710B50446FEF753
S315010171382DFE04F10800FEF729FE04F11000BDE851
S315010171481040FEF723BE38B50025044600F8045B56
S31501017158FEF71CFE04F10C00FEF718FE04F11400FB
S31501017168FEF714FE04F11C00FFF7DFFF04F13400FA
S31501017178FEF70CFEC4E90F55C4E91155C4E91355C7
S31501017188C4E91555E56538BD10B50446FFF7DBFFBA
S3150101719804F16000FEF7FAFD04F16800BDE810404C
S315010171A8FFF7C3BF08B1FFF753BE704770B5044671
S315010171B858B3436C012B11D00C30FEF7ECFD04F1E9
S315010171C81400FEF7E8FD04F11C00FFF7EBFF04F1DB
S315010171D83400FEF7E0FD201DFEF7DDFDA36D8BB939
S315010171E82046BDE870406021F5F7B0BA06FB0500F7
S315010171F8FFF7D8FF0135D4E91603AB42F6D806F0F5
S31501017208A0FAEDE700251826F5E770BD10B5044685
S3150101721858B1FFF7CBFF04F16000FEF7BCFD04F19D
S315010172286800BDE81040FFF7BDBF10BD38B504467B
S315010172380D46FEF726FE70B905F1080104F10800AD
S31501017248FEF71FFE38B905F1100104F11000BDE87A
S315010172583840FEF716BE38BD10B501210446FEF7C2
S3150101726845FE60B9012104F10800FEF73FFE30B978
S31501017278014604F11000BDE81040FEF737BE10BD06
S31501017288002108B51030FEF733FFB0FA80F0400946
S3150101729808BD1FB500240294079C0194069C00941D
S315010172A8F4F762FE04B010BD00B14078704770B5BD
S315010172B800231446E4091D4603F10103FAD10468C2
S315010172C8091B994212D302F07F0161550224D209A1
S315010172D89C42016803D919440160002070BD1D1B38
S315010172E862F07F064E55D2090134F1E76FF00A00C3
S315010172F8F4E76FF02D0070472DE9F04300260546A6
S3150101730887B001918F180296B94225D1731E7E2B3A
S3150101731800F28C8006EB86060121304603F0CBFF8D
S315010173288046A860002800F0848005903A4601A9A4
S3150101733803A8F4F7E5FE044630B9DDF80C90B9F176
S31501017348020F0FD96FF06704A86806F0FAF900234E
S315010173582646C5E9013347E011F8013B2E2B08BF43
S315010173680136D1E7019BBB42ECD218782E28E9D127
S31501017378013304A80193F4F7C3FE04460028E3D1B7
S31501017388B9F1020F02D0049B272BDBD8019BBB4223
S3150101739804D21A782E2AD5D101330193282303FB66
S315010173A809F9049B19EB0302CCD2B044414605A85D
S315010173B8FFF77DFF0646002833D1019BBB4217D350
S315010173C8AB68059C0121E41A204603F074FF0746C0
S315010173D848B32246A96805F0F3FCA86806F0B1F995
S315010173E80623C5E901472B60304607B0BDE8F0839E
S315010173F83A4601A902A8F4F783FE04460028A3D157
S31501017408019BBB4204D21A782E2A9BD101330193DF
S315010174184146029A05A8FFF74AFF04460028CCD03F
S3150101742892E7044690E76FF069048DE76FF0670606
S31501017438DAE76FF06906D7E70023C0E9003383600D
S315010174487047034608461BB11B680BB1DB68184731
S315010174580020704710B5002486B005940C9C04944D
S315010174680B9C03940A9C0294099C0194089C009420
S31501017478F4F762FF06B010BD10B1006800B10078DB
S315010174887047CA0448BF41F480618B0448BF41F47F
S31501017498006181607047022803D0031F5842584191
S315010174A8704701207047012802D0831F584258416D
S315010174B8704710B5044686B0002118226846E9F7D7
S315010174C831DD6946A06800F012FB38B96846BDF896
S315010174D8024000F0E8FD204606B010BD0024FAE797
S315010174E88068F4F76DBF37B504460D4610466946FF
S315010174F801AAF4F751FE28B9DDE9002329462046F8
S31501017508FEF7D9FA03B030BD10B5A8B00446FFF7A6
S31501017518B3FF072820D1A468002118226846E9F794
S3150101752801DD6946204600F0E2FA18B10024204639
S3150101753828B010BDBDF80000BDF8021000F44F4394
S31501017548B3F5824F18BF0020C0B201F01EF90446F7
S31501017558684600F0A8FDEAE7A0222146684605F03B
S315010175682FFC6846FFF788FF0238022802D8019BDB
S315010175781C78DCE700231B78FFDE10B586B00446CC
S31501017588FFF77AFF07281BD1A4680021182268464C
S31501017598E9F7C8DC6946204600F0A9FA90B9BDF8B1
S315010175A80040684600F07FFD04F44F43B3F5824F6E
S315010175B80AD044F2010324F44050C31A58425841EF
S315010175C806B010BD0020FBE70220F9E72DE9F04FCF
S315010175D8002787B080460E46CDE904772AB96FF0B0
S315010175E86B04204607B0BDE8F08F0A4403920246B0
S315010175F803A8F5F771F8041EF3DB039B9A1B002A0E
S31501017608EDDD5A1E651C039231462A4603F8017CB3
S3150101761803A8FEF7C5F9B0F1000A52DB0322314688
S3150101762803A8FEF7E1F9B0F100094CDB4046FFF783
S31501017638A4FF83464046FFF7A0FF022836D14046FC
S31501017648FFF762FF00F0FB03092B024627D104AAC3
S3150101765805A9FFF74EFE04460028C2D10746049B39
S3150101766833B3DDE90432CDE90074314603A8FEF7E7
S3150101767831FA041EB5DB55444D4425442A463146A3
S3150101768803A8FEF78DF9041EABDB3022314603A8A8
S31501017698FEF7AAF9002812DB25444419A1E7314668
S315010176A803A8FFF720FF041E9BDB27460124D6E723
S315010176B8584604AA05A9F4F75BFD0028D1D004466A
S315010176C88FE754468DE74C468BE710B5044608B15A
S315010176D8F5F73CF82046BDE8104006F032B800F44B
S315010176E8E040B0F5805F04D0A0F5005358425841F7
S315010176F87047012070473AB1002918BF002321219B
S31501017708D21A1844E9F70E9C70472DE9F743DDE9CA
S315010177180A89CDE9008904460D4616461F4602F037
S31501017728FFFD10F1860F15D13B4632462946204603
S31501017738CDE9008903F065FA10F1860F0AD13B46B6
S31501017748324629462046CDE90A8903B0BDE8F04308
S3150101775800F02CBE03B0BDE8F083434213F07F036A
S3150101776814D05F2BC3F1000000F3AC8010F10E0FAA
S3150101777829DA10F13B0F80F2D38010F13D0F7BDA44
S3150101778810F1400F08BF6FF093002BE010F56E5F03
S3150101779800F0E18000F3938010F59C4F76D05DDC13
S315010177A810F5C44F00F0CB8031DC10F5C74F00F05E
S315010177B8C9803FDB10F5C64F68D010F5C54F39D1E1
S315010177C86FF086007047012300F10E02934040F2E3
S315010177D815521342F4D100283FD010F1080F08BF02
S315010177E86FF0890018BF6FF083007047012300F11C
S315010177F86C02934041F250521342E1D1DB0700F189
S31501017808B08010F16A0F08BF6FF08C00EAE710F536
S31501017818A24FD5D011DC10F5C14F1CD006DC10F5ED
S31501017828C34F00F0958010F5C24FC8E710F5A34F75
S3150101783800F08E806FF08300704710F59E4F00F0BF
S31501017848908005DC10F5A14F05D010F59F4FB6E7DD
S3150101785810F59D4FEED16FF08500704710F5785FF1
S3150101786873D01EDC10F5994FAAD008DC10F59B4F91
S315010178786ED010F59A4FDDD16FF09300704710F570
S315010178887E5F65D005DC10F5984FD3D16FF0940072
S31501017898704720F0800010F57C5F08BF6FF0860005
S315010178A8A0E710F5705F56D0C4DC10F5725FD2D02F
S315010178B8C0DC10F5765F83D010F5745F7FE710F1B0
S315010178C85F0F29DA10F16C0F90DA10F1700F45D0BC
S315010178D810F16F0F1ADA10F5645FD7D00DDC10F5C8
S315010178E8685FB8D006DC10F56C5F3FF469AF10F537
S315010178F86A5FAFE710F5665FACE710F5625F30D0F6
S3150101790810F1720F08BF6FF085006BE710F16E0F6A
S3150101791808BF6FF0960065E700287FF727AF89E76B
S3150101792810F1200F97D010F11F0F05DA10F1220F70
S3150101793891D010F1210FB0E710F1100F63E76FF045
S31501017948950070476FF0960070476FF09100704788
S315010179586FF08C0070476FF0840070476FF09200EA
S3150101796870476FF08900704741F2052398421AD88A
S31501017978B0F5905F09D241F2010398420CD0B0F5F6
S31501017988885F09D06FF0850070472923A0F59050CB
S3150101799880B2C340DB07F5D511F0070F0CBF0020F4
S315010179A86FF086007047B0F5105FEBD121F0400307
S315010179B8802B06D0B1F5807F0CBF00206FF08600C1
S315010179C870470020704770B5046A05460E463CB9F2
S315010179D8012003F070FC286228B120466E6270BD51
S315010179E86FF08A00FBE76FF08C00F8E7F8B50F46F0
S315010179F8114606461546FFF7E6FF044620B92A460B
S31501017A083946306A05F0DCF92046F8BD2DE9F14F12
S31501017A180C9E8346DDE90A9A88461F46154604885F
S31501017A28002A39D02046FFF75AFEE8B133680BB967
S31501017A38D300336020463168FFF796FF044678B9CB
S31501017A480731B5EBD10F21D14D4522D82A464146F9
S31501017A58384605F0B5F933680733DB08CAF800304B
S31501017A68204601B0BDE8F08F630415D504F44F44EF
S31501017A78B4F5824F10D13B465846CDE90BA6CDF850
S31501017A88289001B0BDE8F04F00F0E6BB6FF086041F
S31501017A98E6E76FF08904E3E76FF08504E0E710B5DF
S31501017AA80446006A10B1616AFFF70FFE0020C4E9B6
S31501017AB8080010BD38B50546FFF7F1FF2B7E0446D0
S31501017AC8012B0ED0023B012B0ED8EB69012B18BFF6
S31501017AD86FF09604282200212846E9F723DA204681
S31501017AE838BDEB69002BF2E76FF09604F2E773B53F
S31501017AF8054608460C4600F0D6FA002328461A46DA
S31501017B0801A9F5F797F850B9019E35460FCD0FC46E
S31501017B1895E8030084E803003046F5F727FF02B02C
S31501017B2870BD2DE9F04704888C46DDE9087804F42F
S31501017B38E04EBEF5804F15461E4644F2010E24F469
S31501017B4840591AD1F14507D004F44F44B4F5824F8F
S31501017B5802D0B4F5844F20D1BD421BD861462A46CD
S31501017B68304605F02DF900217A1B7019E9F7DAD9A2
S31501017B780020C8F80050BDE8F087F1450DD004F49E
S31501017B884F44B4F5824F08D1CDE90878BDE8F047ED
S31501017B9800F090BB6FF08900EDE76FF08500EAE729
S31501017BA8F0B50F461E46154685B00AB3002303A94B
S31501017BB81A463360F5F73EF8044638B9039803883F
S31501017BC85B0406D4F5F7D2FE6FF08604204605B0AC
S31501017BD8F0BDCDE900563B46D0E9081200F067FA37
S31501017BE804460398F5F7C2FE002C08BF0446EDE7E3
S31501017BF86FF08904EAE770B40024DDE903652C60B6
S31501017C0800F0FE44B4F1007F04D1CDE9036570BCEF
S31501017C18FFF77BBD6FF0860070BC70472DE9F04F09
S31501017C28456889B02D0A0446DDE91267DDE914893B
S31501017C389B46CDE90612DDF858A006D0012D1CD0C8
S31501017C486FF0860009B0BDE8F08FCDE9039ACDE959
S31501017C580178009602F0D1FF10F1860FF2D1DDE924
S31501017C6806125B462046CDE9159ACDE91378129697
S31501017C7809B0BDE8F04FF5F7CFB9CDE9159ACDE9C8
S31501017C881378129609B0BDE8F04F02F0B0BF2DE99D
S31501017C98F04F8B46994600238BB0DDF85C8004468C
S31501017CA8DDE915A711465846C8F800301646F4F716
S31501017CB8D7FE00285AD1002F6AD0BBF1000F204602
S31501017CC8334614BF4FF480624FF4805209A9F4F781
S31501017CD8B1FF044600283CD1099D2B8803F4E043F2
S31501017CE8B3F5E04F51D1D5E90812BBF1000F40D0E8
S31501017CF86B681B0A0DD0012B1FD0149B2846CDE9B1
S31501017D080093CDE903783346CDF808A0F5F7AEF926
S31501017D181EE0149B2846CDE90093CDE90378334645
S31501017D28CDF808A0CDE9061202F065FF10F1860F1C
S31501017D3804460ED1DDE90612DFE7149B2846CDE993
S31501017D480093CDE903783346CDF808A002F04DFF3B
S31501017D5804463A4621465046D8F80030FFF7CBFC8F
S31501017D680998F5F703FE002C18BF20460BB0BDE8AC
S31501017D78F08F149B2846CDE90093CDE90378334664
S31501017D88CDF808A0FFF74AFFE2E76FF08604E0E7BE
S31501017D986FF08900EAE71FB5089C0394079C0294D2
S31501017DA8069CCDE9003413460A460121FFF76FFF08
S31501017DB804B010BD1FB5089C0394079C0294069C48
S31501017DC8CDE9003413460A460021FFF760FF04B0E6
S31501017DD810BD2DE9F04F456887B02D0A0446DDE946
S31501017DE81067DDE9128992469B46059106D0012D58
S31501017DF81AD06FF0860007B0BDE8F08FCDE9028988
S31501017E08CDE9006702F0FBFE10F1860FF3D15B465F
S31501017E18524620460599CDE91289CDE9106707B081
S31501017E28BDE8F04FF5F76EB9CDE91289CDE91067CD
S31501017E3807B0BDE8F04F02F0DCBEF0B5074687B0E2
S31501017E4800200C4615461E46F4F70AFED0B923460C
S31501017E584FF40052384605A9F4F7ECFE90B90D9B8B
S31501017E68059803930C9B0095CDE901632346D0E957
S31501017E780812FFF7AEFF04460598F5F777FD002CC2
S31501017E8818BF204607B0F0BD036819430CBF01208E
S31501017E9800207047F4F75CBE70B505880446DDE934
S31501017EA8046228460699FFF71AFC28B13046BDE84F
S31501017EB870401146F4F74CBE25F0FF05B5F5E24FC2
S31501017EC806D10B4620463146BDE87040F5F730BB71
S31501017ED86FF0850070BD2DE9F04F1E46002389B06C
S31501017EE81746129ACDE905331360438881460D4633
S31501017EF8002B00F0D580038803F4E043B3F5804FE6
S31501017F0800F0CE8031462846FFF7BEFF002800F073
S31501017F18C7804946012006AB05AAF4F74FFF044677
S31501017F28002840F08880059B5B6AB3B1DDF814909F
S31501017F38CA46D9F80430D9F820B0190AC3F3162369
S31501017F48012B5AF8248F00F0A480002978D06FF00C
S31501017F5886040598FFF7A3FD6DE0D9F804301A0ADE
S31501017F6862D1B9F800A0B9F802105046FFF7B7FB7C
S31501017F7880B15046FFF7F8FC044600285BD10AF4A4
S31501017F88E043B3F5805F02D0B3F5005F0AD107314B
S31501017F98CA0817E02AF0FF03B3F5E24F37D06FF0AD
S31501017FA8850448E00AF44F43B3F5844FEFD047F20D
S31501017FB801039A450FD149080131C90801EBC101EC
S31501017FC801F13B02079207990598FFF7FCFC044664
S31501017FD80028ABD02FE044F201039A4503D1C90821
S31501017FE801F11002EEE747F202039A4505D1C908E4
S31501017FF801EB410101F15A02E4E744F202039A4510
S3150101800805D1C90801EB410101F14A02DAE72AF072
S31501018018FF00B0F5E24FBAD0B0F5824F01BFCC1DD2
S31501018028E4086400621CCDE7484607A9F5F76AF931
S3150101803804460028C7D0DDE90501F4F751FF24E01C
S31501018048B9F800305B040BD433463A46294648460B
S31501018058CDE9018ACDF800B0FFF71EFF044609E014
S31501018068534642465946484602F0D8FB10F1860F57
S315010180780446E9D00598002C7FF46BAF129A06994C
S31501018088F4F7FCFE04460028D5D1204609B0BDE81F
S31501018098F08F5346424659464846FAF749F8DDE70D
S315010180A86FF08604F1E718220021E8F73B9F2DE9D5
S315010180B8F34745680446DDE90A672D0A884691466C
S315010180C89A4606D0012D16D06FF0860002B0BDE89A
S315010180D8F087CDE9006702F0B4FB10F1860FF5D1FF
S315010180E853464A4641462046CDE90A6702B0BDE8EC
S315010180F8F047FFF716BDCDE90A6702B0BDE8F047BB
S3150101810802F09EBA2DE9F84300F4E049B9F5804F2A
S3150101811805460C4690461F4612D100F44F43B3F566
S31501018128824F02D1C3B2412B0AD0FB0705D57B0881
S3150101813844B1E21DB3EBD20F05D06FF0860562E0BB
S315010181483B46F5E7DC008021012003F0B4F8064639
S3150101815800287ED0FFF718F805F44F43B3F5824F8F
S3150101816807D1E8B2302859D00DD8122815D01728C9
S315010181785CD06FF086043046FFF748F8304605F0C3
S31501018188E0FA25463FE04128F3D1B4F5807F52D084
S31501018198B4F5E07F0ED0FF2C0BE040F209239C4297
S315010181A808D036D8B4F5807F04D02FD824F020031F
S315010181B8C02BDED1214600F0E8FA0146002843D05A
S315010181C83046F3F74DFFFFF7C8FA054600283ED1B9
S315010181D8B9F5804F31D106F168093B464246494610
S315010181E83046F3F70FFCFFF7B8FA04460028C2D167
S315010181F849463046F3F74CFCFFF7AFFA0446002827
S31501018208B9D1089B1E602846BDE8F883B4F5C07F3D
S31501018218CFE7B4F5047FACD11C46CBE724F0800344
S31501018228B3F5807FC6D0B4F5007FC2E7C02CC1D0B3
S31501018238B4F5807FBDE7FF24BCE73B46424631469C
S315010182483078F3F7BDFED7E76FF0850493E7044667
S3150101825891E76FF08C05D6E77FB51E460023039398
S3150101826803AB0093054613460A4641880088FFF782
S3150101827849FF0446A0B92888039900F44F42B2F58B
S31501018288824F0B6C03D1C2B2412A08BF01330A9A44
S315010182981360099B32460093089BF5F705F90446D5
S315010182A8039D2846FEF7B2FF284605F04AFA2046FD
S315010182B804B070BD7FB51E460023039303AB00933B
S315010182C8054613460A4641880088FFF71BFF0446FF
S315010182D8D0B92888039D00F44F43B3F5824F099B12
S315010182E80CBFC0B24FF482403246294608BF40F45A
S315010182F882400093089BF5F7D7F804462846FEF70E
S3150101830885FF284605F01DFA204604B070BD0368AD
S3150101831870B505460E46002B45D101F17E43053B55
S31501018328062B32D8DFE803F0043131131C222B0066
S31501018338041D204601F08EFF2046F8F785FF044605
S3150101834868BB2E602046BDE87040FFF706BA041DDA
S31501018358204601F07BFF01212046F8F743FFEEE7AE
S31501018368041D204601F072FF0021F5E7041D204690
S3150101837801F068FF01212046F8F702FFDFE7041D36
S31501018388204601F05FFF0021F5E701F0FE46B6F14F
S31501018398007F14BF6FF086006FF0850070BD284617
S315010183A8F5F7FEF8CEE76FF08800F7E72DE9F04318
S315010183B80446B9B00E46DDE940890021174601A8F0
S315010183C8DC221D46E8F7AEDD2146C9F8008001A881
S315010183D8FFF79DFF044630B101A8F5F7E1F82046FC
S315010183E839B0BDE8F0833A46314601A8F5F7FEF8FA
S315010183F804460028F0D14B464246294601A8F5F71D
S3150101840819F9044601A8F5F7CBF8002C08BF04466B
S31501018418E5E7037E022B06D1C3695A1C03D0013352
S31501018428C361002070476FF09600704703466FF0ED
S3150101843840420846591E914207D338B103F14043D8
S3150101844893428CBF002001207047012070470346E3
S3150101845868B1017E8A1E012A0BD80329C26903D193
S31501018468012A01D1FFF726BB1AB1013ADA610020C7
S3150101847870476FF09600704700207047C0B2FF2819
S315010184880CBF6FF086000020704737B50C4601A96D
S315010184980546F5F7EFF930B90198256003B0BDE84E
S315010184A83040F5F763BA10F1880F4FF0000308BFA2
S315010184B86FF08B00236003B030BD07B500216A4612
S315010184C801F003FF8C3018BF012003B05DF804FBEE
S315010184D813B500216A46044601F0F7FE8C3002D134
S315010184E8002002B010BD00212046F9F78BF901469B
S315010184F810B16FF09800F4E76A46204601F0E5FEEF
S315010185088C30EDD0F5E72DE9FF410746144688463B
S3150101851800293FD0002A3DD0B2F5005F3DD202F1D4
S3150101852824063146012002F0C6FE0546C0B30346BC
S315010185383A4621464046F5F76DFA7F6900243846E1
S31501018548FFF7BBFF01281FD021462B463246384685
S315010185580094F9F789F80146C8B9384602AA01F023
S31501018568B4FE044620B9029B9E4205D06FF09804D9
S3150101857838460021F9F746F931462846FFF7A5F8A5
S31501018588204604B0BDE8F0816FF08A04F4E76FF084
S315010185989804F1E76FF08604F2E76FF08D04EFE7CF
S315010185A86FF08C04ECE7FFF790B82DE9F047D0F8A6
S315010185B814A086B08146884617465046002104AA6A
S315010185C801F083FE044610BB049E0120314602F0E8
S315010185D872FE0546002837D02146504604AA03945F
S315010185E801F073FE044670B903AB02462146CDE993
S315010185F8005350463346F9F7A9F8039B04469E42B0
S3150101860809D06FF0980431462846FFF75EF82046EF
S3150101861806B0BDE8F0870028F5D13B46424631460A
S315010186282846CDF80090F5F713FA04460028EAD151
S31501018638D8F800302BB13B68002B08BF6FF09104C5
S31501018648E1E76FF09104DEE76FF08C04DFE773B5BC
S315010186580C46164602783AB19A1BA2420BDA6FF01A
S315010186686B05284602B070BD013C00F10100F1D14C
S315010186786FF06705F5E71B1B22460146184601936C
S3150101868804F09EFB90F90020002A08DA821B002AD1
S31501018698E5DD421E01920022013400F8012C224631
S315010186A8314601A8FDF77CF9051EDADB02223146BE
S315010186B801A8FDF799F9002802DB25440544D0E70D
S315010186C80546CEE72DE9F341064617461D460090B4
S315010186D801440223684601AAFDF7E2F818B9019B8C
S315010186E823B96FF0670002B0BDE8F081009A92F9EB
S315010186F8000011780028F4DB71B1DDF80480A84582
S31501018708EFD8009CA5EB080021464246384444446B
S3150101871804F056FBA01BE6E7511C013B00910193AE
S31501018728002BEAD05378002BE7D1DAE710F1860F4F
S3150101873813D010F1850F0BDA20F0020393330FD012
S3150101874810F1970F0CBF6FF06D004FF0FF307047B6
S31501018758003818BF0120404270476FF07100704719
S315010187686FF06F00704730B40024944201D130BCD8
S31501018778184731F92450854201D00134F5E701EB57
S315010187888401B1F9020030BC7047122805D1B1F54F
S31501018798807F0CBF032000207047002070470846E0
S315010187A808B51146FFF776FB002818BF6FF03B00A5
S315010187B808BDF0B51D4693B0189CC31D2C440F4640
S315010187C8DE080194002840D0B2EB460F3DD1B3F53E
S315010187D8847F3DD2324602A804F0F2FA3246B9192B
S315010187E80AA804F0EDFA23462A4631460AA8FFF7F4
S315010187F82EFF041E26DB019B2A461B1B314602A8B6
S315010188080193FFF724FF2746041E1BDB019B27441F
S315010188181B1B3A46294601A80193FDF7C1F8041E17
S3150101882810DB3022294601A8FDF7DEF8002812DB04
S315010188383C44044422462846019904F0C3FB199B8A
S315010188481C600024204613B0F0BD6FF06704F9E7F8
S315010188586FF06B04F6E70446F4E72DE9F04700F1FA
S31501018868070A92B00E469046994600914FEADA0AEE
S3150101887800283DD01A9B4FEA4A07B3EB4A0F3AD370
S31501018888402F38D83023684601AA4144FDF708F834
S31501018898044648BB01463A4602A8E8F743DBDDE947
S315010188A80001534602AAFFF70DFF051E26DB0098B4
S315010188B8019902AA2844491B534652440090019141
S315010188C8FFF700FF051E19DB009B019A2B44009354
S315010188D89B1B521B4345019212D13A46484602A9AE
S315010188E804F06EFA1B9B1F60204612B0BDE8F087A3
S315010188F86FF06704F8E76FF06B04F5E72C46F3E7C9
S315010189086FF06504F0E76FF01B0070477047034687
S315010189183038C2B2092A0FD9A3F16102052A02D850
S31501018928A3F157007047A3F14102052A02D8A3F121
S31501018938370070474FF0FF30704710B5044600788D
S31501018948FFF7E5FF01466078FFF7E1FF4A1C04D00E
S31501018958431C0CBF014640EA0111084610BD2DE929
S31501018968F34706460F4690464FF00009B8F1000F46
S3150101897814D14A4639463046FDF712F8041E09DB79
S31501018988302239463046FDF72FF800284BDBA14442
S3150101899800EB0904204602B0BDE8F087D8F810308B
S315010189A8D8E901A5009339463046D8F81430D8F8E4
S315010189B80C20FDF7CBF8041EECDB2A465346394653
S315010189C83046FDF778F8051E2BDB25442A4639463C
S315010189D83046FCF7E5FFB0F1000A20DB30223946C3
S315010189E83046FDF701F8041ED4DBAA44A2445246D7
S315010189F839463046FCF7D4FF051E12DB31223946CA
S31501018A083046FCF7F1FF041EC4DB05EB0A032344D8
S31501018A18002B1C46BEDBD8F818809944A6E75446B4
S31501018A28B8E72C46B6E70446B4E72DE9F74F0646FB
S31501018A3800680F468842904699460D9C05D26FF00B
S31501018A486B05284603B0BDE8F08F431AA342F6D356
S31501018A58001B22460C99306004F0B2F93368DA1B1F
S31501018A68002AECDD4FF0000B5A1E013432603946FB
S31501018A782246304603F801BCFCF792FF051EE0DBEE
S31501018A88032239463046FCF7AFFFB0F1000A12DB83
S31501018A989DF838304246043B18BF01233946CDE9D2
S31501018AA800B330464B46FDF715F8002805DB2C4483
S31501018AB854440519C5E75546C3E70546C1E72DE9F6
S31501018AC8F84F0746884616464FF000091EB94C4627
S31501018AD82046BDE8F88FD6E9043241463846013BBE
S31501018AE80132FCF7CEFF041EF2DB326941463846F4
S31501018AF8013AFCF755FFB0F1000A48DB0422414669
S31501018B083846FCF771FF051E3DDB7369A2441B78E4
S31501018B1855443BB1012241463846FCF7FEFF041E86
S31501018B28D6DB25444146D6E901323846FCF7A9FF89
S31501018B38B0F1000B29DB414638467268FCF730FF74
S31501018B48B0F1000A23DB062241463846FCF74CFF01
S31501018B58041EBDDB5D44554425442A464146384633
S31501018B68FCF71EFFB0F1000A11DB302241463846F7
S31501018B78FCF73AFF041EABDBAA4414EB0A04A7D49B
S31501018B88B669A144A2E72C46A2E75C46A0E754468A
S31501018B989EE710220021E8F7C59910B5044660B190
S31501018BA80430FCF7D9FE04F10C00FCF7D5FE20468A
S31501018BB8BDE810401021F3F7C9BD10BD0172704718
S31501018BC80160704738B50D46041D2046FCF7C4FE01
S31501018BD829462046BDE83840F4F7D4BF08B5082030
S31501018BE800F028F8BDE80840082000F02EB84FF03B
S31501018BF8FF307047FEE700207047012070470120CA
S31501018C0870474FF0FF3070470020704700207047CA
S31501018C1800207047F5F76ABAFEE700239A4200D1A8
S31501018C28704710B550F8234041F8234001339A4261
S31501018C38F8D110BD4FF060420123D2F8001E8340DE
S31501018C480B430020C2F8003E70474FF060410122F4
S31501018C58D1F8003E824023EA02030020C1F8003E12
S31501018C687047F8B50E461746044660B1E7F732DE96
S31501018C7805463A4631462046F7F75AFB2846E7F7AD
S31501018C8824DE0020F8BD2220FCE7C16C836910B5FA
S31501018C98DA1CA1F11404B2FBF4F203EBC2000330AE
S31501018CA8B0FBF4F0B1F5805F00F1010002D10128B2
S31501018CB828BF0120013010BD38B505460C46FFF71E
S31501018CC8E4FFE96CA1F11402B1F5805F02FB00F33F
S31501018CD804D1A969B1F57E6F88BFCC3304B10834D3
S31501018CE8E01DB0FBF2F01C44013004EBC00038BDB5
S31501018CF838B5054684692146FFF7DEFFEA6C04F1BA
S31501018D080F03143AB3FBF2F304EBC3041034204402
S31501018D1838BDF7B506460D460C4601F10807336C11
S31501018D2801225B69204601A99847019B01330CD1B0
S31501018D38A742F36C03D1A3F1140003B0F0BD0434C7
S31501018D4885EA04025B421A42E9D00020F5E770B5CB
S31501018D5805460C46FBF772FD2B6C2046BDE87040B3
S31501018D68DB68184770B50025044686B04562236A53
S31501018D78AB4202D8606A06B070BDE66C2068236C06
S31501018D8805225B6901A906FB0500984701A800F0C0
S31501018D98BDFD00F0E0FD10B1636A0133636201357F
S31501018DA8E5E737B5044694F87430C56C0068009355
S31501018DB805FB010104F14803206C00F0D9FD0546C4
S31501018DC82046FFF7CFFF284603B030BD2DE9F0470E
S31501018DD800254FF0FF384FF6FF730446C1462F466B
S31501018DE8C0E9095386B0236ABB420DD8A5EB08052C
S31501018DF8012D06D94FF6FF730025A362236AAB42FB
S31501018E0826D806B0BDE8F0872368226CE06C56695E
S31501018E1800FB0730052201A9B04701A800F076FD3C
S31501018E28824601A800F049FD0646504600F093FD29
S31501018E3860B1B14588BFA762B04528BFB046B54202
S31501018E4838BF3546B146636A013363620137CAE7FA
S31501018E58E66C2068236C052206FB05005B6901A9FE
S31501018E68984701A800F029FD0135C7E7F0B5054680
S31501018E78002687B02C6A013CB44203D80C46204629
S31501018E8807B0F0BD01B14C1EEF6C28682B6C0522A9
S31501018E985B6901A907FB0400984701A800F036FDA3
S31501018EA800F059FD0028EAD121460136E2E7F0B57D
S31501018EB804460D46C66C236C006887B005225B69BA
S31501018EC801A906FB0500984701A800F01FFD00F05E
S31501018ED842FD20B101A800F0F0FC07B0F0BD29461A
S31501018EE82046FFF7C3FF0646E76C2068236C052277
S31501018EF85B6901A907FB0600984701A800F0DDFC9B
S31501018F08431CEAD0B54238BF0130E6E72DE9F04303
S31501018F184FF6FF79D0F8288004460E46C84514BF96
S31501018F2845460025002787B0236ABB4202D807B008
S31501018F38BDE8F083226C2368E06CD2F814C000FB0B
S31501018F480530052201A9E04701A800F0DFFC022846
S31501018F5806D0C8450CD1721C29462046FFF721FFC8
S31501018F68236A0135B5FBF3F2013703FB1255DBE73A
S31501018F7829462046FFF79BFFB0F1FF3F14BF024682
S31501018F8832460132E8E70368F0B5CC1AC36C0646E6
S31501018F98B4FBF3F4002587B0336A37685A1E954244
S31501018FA8F06C08D3F06C336800FB043007B0BDE8F8
S31501018FB8F04000F0DBBC0134B4FBF3F203FB1244CD
S31501018FC8336C05225B6901A900FB0470984701A866
S31501018FD800F09CFC00F0BFFC0028E3D10135DBE77A
S31501018FE810B423F0030422449B070A44C36C18BF37
S31501018FF804325B4282EA0104234203D05DF8044B41
S31501019008FFF7C1BF10465DF8044B70472DE9F041E2
S31501019018D0E90B369E42044686B028D11422036A4A
S31501019028456802FB1355284606B0BDE8F08120685C
S31501019038E76C331AB3FBF7F3226C07FB0300D2F88B
S31501019048148001A90522C04701A800F05FFC012887
S3150101905804D0E36C1D44013B3340ED1A31462046E9
S31501019068FFF791FF0646E36AB342E0D1DBE7002544
S31501019078F9E713B50C460021217600936168134679
S315010190882246F5F7A9F918B1E37D03B1A07EA075CA
S31501019098A07D02B010BD08B508301346D1E900120A
S315010190A8F6F742FF012008BD73B5164600F108051A
S315010190B80C46284609680DF1070200F0A5FA032EA8
S315010190C806D16368834203D12846216800F06BFA09
S315010190D8012002B070BDD01E009B42424241187E5A
S315010190E8824211D11A688A420ED85A688A420BD32A
S315010190F85A6901325A61D3E9030282423FBF98682C
S3150101910840F8221001321A610120704710B5032A6D
S31501019118029C07D1E26A5340E26C5242134201D1E1
S3150101912800F041FA012010BD08B5C368002098472F
S31501019138BDE80840FBF7A4BB012814BF042002209F
S3150101914870B5002442431C70CC7D101D02F0020249
S315010191584CB91AB1012220F003001A7000F1080373
S315010191684868184470BD1AB1012220F003001A702B
S3150101917800230C7E01F12005DAB2944201D80020C0
S31501019188F0E735F833205E1C824206D901EBC303A9
S3150101919800F10802D8691044E4E73346801AEBE77F
S315010191A873B5054690F84A601C4630460DF103032E
S315010191B8FFF7C2FF2B6C012E5B690DD1324601A95E
S315010191C898479DF8033013B1BDF806300193BDF8F0
S315010191D80430236002B070BD0122214602B0BDE808
S315010191E870401847F0B50546002448682B6C87B0CE
S315010191F80E4601225B69029402A90830984727465F
S3150101920895F84A30012B40F08480632C02D90298E3
S3150101921807B0F0BD612C08D805AB22463146284670
S31501019228FFF7BEFF9DF814301BB305AB2246314645
S3150101923828468DF81070FFF7B3FF95F84A30012BD0
S31501019248059B55D14FF6FF72934200F0968008228D
S3150101925805A904A800F0B1FB059B9DF81010C3F3FD
S315010192680722914240F08980DBB2029A1A4402929E
S3150101927883E095F84A30012B30D1224631462846FA
S3150101928803ABFFF78DFF3146284604AB621CFFF796
S3150101929887FF3146284605ABA21CFFF781FF10223D
S315010192A808230DEB02010DF107008DF8073000F0D7
S315010192B884FB102205A90DF1070000F07EFB039B33
S315010192C8DAB2002A52D19DF80720B2EB132F4DD1FC
S315010192D8DDE9043203EB0243029347E0302C2BD933
S315010192E844E09DF80720B2EB134F3FD1049BF3E706
S315010192F8013342D0102205A90DEB020000F05DFBF6
S31501019308059B9DF81010C3F30742914235D19BB2D3
S31501019318ABE7312C3FF67BAF87D005AB2246314609
S315010193282846FFF73DFFBDF81430002B7FF47DAFCA
S3150101933895F84A30012BA0D022463146284603AB7F
S31501019348FFF72EFF3146284604AB621CFFF728FFBB
S31501019358102320220DEB03010DF107008DF80730CB
S3150101936800F02BFB039B9AB2002ABAD095F84A3032
S31501019378012B14BF012302231C44013440E713B511
S3150101938800240194049C0094F5F774FC02B010BD05
S3150101939813B501240194049C0094F5F76BFC02B002
S315010193A810BD50F83130C3F3130343EA025340F8B1
S315010193B831307047C368F0B58BB100240768013BAA
S315010193C81E19700857F83050C5F31305A94202D181
S315010193D810600020F0BD04D9441C9C42F0D92D200F
S315010193E8F8E7012EFBD9431EF7E700234FF0FF32B9
S315010193F830B544689C4203D100230372C36030BD72
S31501019408016801EBC30541F833206A600133F1E7CD
S31501019418C0E90012FFF7E9BF73B51E4600230193A0
S31501019428C3680446154613B9002002B070BD4268E7
S315010194389342F9D801AAFFF7BDFF0028F4D12068A4
S31501019448019950F8313000EBC1040133ECD03246B1
S31501019458FFF7A7FF01206560E7E770B50468934246
S315010194680AD854F83230C3F31303994200D90132A9
S315010194780020049B1A6070BD54F83300C0F3130031
S31501019488814201D95A1CF3E754F83200C0F313009B
S315010194988142EDD39E18700854F83050C5F313056F
S315010194A8A94201D1421CE3E701D9421CD7E7012EA2
S315010194B801D9431ED3E72D20DDE7F0B5C368013B8A
S315010194C88B4200D33BB90B4304D103681A689A60EE
S315010194D85A68DA60F0BD0468DA0054F83370083264
S315010194E804EBC306A518A75072686A60E7E72DE978
S315010194F8FF471F46C668436804469E428846914609
S3150101950804D3032F4DD10123237227E000220392AD
S315010195184EB103AB0093731EFFF79FFF18B920469F
S315010195280399FFF7CAFF4FF0FF3303992268013602
S3150101953802EBC10042F83130436020683A4650F8DF
S31501019548313000EBC1051B0D1B0548EA030340F841
S315010195583130FFF726FFC5F80490E660002004B014
S31501019568BDE8F08701318B42CDD0206850F83150E2
S3150101957800EBC10AC5F30752032AF3D12D0D2D05B7
S3150101958848EA05053A4640F83150FFF70AFF012E28
S31501019598CAF80490E2D9204604B0BDE8F047F6F7C7
S315010195A899BB0021DFE70023F7B5C56804460F46D5
S315010195B80193FDB143689D421CD801AAFFF7FAFE42
S315010195C8C0B9019A26684FEAC20C56F8320006EB71
S315010195D8C203411C0ED0C0F3130087420AD14FF0D2
S315010195E8FF3146F80C100D445960954203F1080301
S315010195F802D8E56003B0F0BD1968013243F8081CC9
S31501019608596843F8041CF0E7002337B50193C36889
S31501019618044615461BB94FF0FF3003B030BD426809
S315010196289342F8D801AAFFF7C5FE0028F3D1019B99
S315010196382168DA0051F83330591CECD01B0D2B7017
S31501019648236813445868E8E730B50D4604468BB0DC
S315010196586846E7F72BD82A4621466846F6F788FF72
S31501019668002818BF74200BB030BD7047F0B50E46FF
S315010196788BB0970040F0C0456846E7F717D83B46D7
S31501019688324629466846F7F7A5F8044638B93A46EF
S315010196983146284603F086FC002818BF3D2420469A
S315010196A80BB0F0BD08B50346084643F0C041034374
S315010196B89B070AD1091A03E01B68013A40F8043BE2
S315010196C84318002AF8D1002008BD920003F078FB5F
S315010196D8F9E730B58BB040F0C0446846E6F7E6DFF6
S315010196E8012221466846E6F7F7DF054630B9F6F75E
S315010196F87FFE20F003002044844202D128460BB0A4
S3150101970830BD2368013301D10434F5E73E25F5E778
S3150101971813B504466846F6F751FEBDF802302380B3
S315010197284FF480736380F6F763FE6060002002B030
S3150101973810BDF6F7B9BE30B58DB005460C46F6F73C
S315010197485BFEA8B902A8E6F7B1DF694601AA02A834
S31501019758F6F7DCFF40B9009B9D4207D3019A2C44D9
S3150101976813449C4288BF6E200DB030BD6E20FBE7C5
S315010197781020F9E7704713B50023044601461B2259
S315010197880DF107008DF8073000F017F922689DF8E9
S315010197980730B3EBD26F0CBF0120002002B010BD18
S315010197A813B500230446014620220DF107008DF861
S315010197B8073000F002F90DF107001A22211D00F008
S315010197C8FCF862689DF80730B3EB926F0CBF012074
S315010197D8002002B010BD0068431C58425841704729
S315010197E8006810F07E0F0CBFC0F3C16000207047FE
S315010197F80068C0F3D3107047006800F07F000128A4
S315010198088CBF002001207047036813F07E0F14BF37
S31501019818042008207047036813F07E0F03D14068BE
S3150101982820F07C40704713F078001CBF03F07F03DA
S31501019838D81F7047006800F07F007047032809D0D8
S31501019848022803D1C1F10201C8B2704700290CBF30
S3150101985807200020704737B5054601F10C04436915
S315010198686946012220469847BDF800300122019335
S315010198782046AB6901A9984703B030BD37B501F157
S315010198880C044369012269460546204698474FF665
S31501019898FF72009B99B291420DD11B0C1B0443F433
S315010198A8254343F0A503019301222046AB6901A98A
S315010198B8984703B030BD0020FBE737B504460025BC
S315010198C81B22011D0DF107008DF8075000F075F8EF
S315010198D860689DF80720B2EBD06F03D120F078407C
S315010198E803B030BD0DF107001B2204F108018DF803
S315010198F8075000F062F8A0689DF80730B3EBD06F06
S3150101990801D1C043EAE74FF0FF30E9E74BF29A226A
S31501019918036810B5B2EB134F044613D19BB2012B61
S3150101992813D1FFF7CAFF01300CD04FF6FF72E06879
S31501019938B2EB104F4FEA104309D180B2C01A18BFD2
S31501019948012010BD2368013303D00420F9E7022061
S31501019958F7E70320F5E701288CBF002001207047AE
S31501019968033801288CBF0020012070471430704745
S315010199782DE9F34105469846036908460E461746F9
S315010199889847044650B99DF820303A460093314626
S3150101999843462846F6F73AFC044618B131462846A5
S315010199A8FFF759FF204602B0BDE8F081408A80F0F1
S315010199B8010000F00100400070471F2A0B689EBF95
S315010199C84FF0FF3191408B43590801F055315B1A2C
S315010199D803F033319B0803F033330B44017803EB6E
S315010199E813130A444FF0013103F00F334B43A2EB32
S315010199F813620270704770B5054614460E46E6F7BE
S31501019A0860DF2B685C4034405C402C60BDE87040E7
S31501019A18E6F7529F704708B1E6F7489E212070473D
S31501019A282DE9F84F0646894617461C46002B70D084
S31501019A3828B121B11AB10378032B02D853B92120D0
S31501019A4868E0043B012BFAD880254168021D00F123
S31501019A58540A04E040254168021D00F12C0A134607
S31501019A68081943F8040B4FEAD50E1FD2724453F86D
S31501019A78040B002850D19A42F9D105F1FF3808EAB9
S31501019A880108A5EB080BB8F1000F22D15C4524D3D7
S31501019A98B4FBF5FB3A465B4649463046F6F7CEFE38
S31501019AA8C0BB0BFB05F52F44641B30E09C4650688F
S31501019AB8A2F1040801305060F044C445D6D05CF8DF
S31501019AC8040B0028F9D1DCF800000130CCF80000BC
S31501019AD8F3E75C4508D2A542DAD9224639460AEBAB
S31501019AE8080003F06DF914E05A4639460AEB0800F5
S31501019AF803F066F90123524649463046F6F79EFEBA
S31501019B0840B9641B4444A54280465F44C0D9002C30
S31501019B18E3D10020BDE8F88F0F20FBE708B9212022
S31501019B2870470029FBD0036813F0704209D1C3F3CA
S31501019B3809030B601BB94368002BF0D00B600020A9
S31501019B487047B2F1004F07D18268D2040ED5C369B5
S31501019B58002BE4D01B68ECE7B2F1204FF4D0B2F147
S31501019B68304FF1D0B2F1404FEED0D8E7DBB2E0E7A2
S31501019B7837B50C460546E0B1D9B1002301A90193D0
S31501019B88FFF7CCFF28B9296811F0704103D1019B70
S31501019B98236003B030BDAA68B1F1204FC2F3803307
S31501019BA8C2F34035C2F3003215D004D8B1F1004FE2
S31501019BB809D02120EDE7B1F1304F02D0B1F1404F83
S31501019BC8F7D12B4404E0062103EB450301FB0233DC
S31501019BD8019A5343DCE72B4402EB82021344F7E76C
S31501019BE82DE9F3470C46904699460546E8B1E1B198
S31501019BF806680F6806F0704ABE4229D0BAF1004FCD
S31501019C0810D186EA0703B3F1805F12D3B9F1000FC8
S31501019C1849D1B8F1000F21D0AB68A268534013F4BA
S31501019C28E04F3EE0BAF1404FEBD0212002B0BDE84A
S31501019C38F0870023284601A90193FFF76FFF002842
S31501019C48F3D1019BC3F30E031E431F43BE42ECD15D
S31501019C58BAF1000FDADBBAF1805F13D00023694646
S31501019C6828460093FFF75AFF0028DFD1019001A981
S31501019C782046FFF753FF0028D8D1DDE900239A4290
S31501019C88D4D0D2E7B9F1000F03D0A3689A04E5D479
S31501019C98CBE7B8F1000FE1D0A368AA68534013F4E2
S31501019CA8C04FDBD0C1E7B8F1000FEED0AB68A268AF
S31501019CB85340DB04E9D5B8E7F7B50C460546002854
S31501019CC832D0002930D000230B60036803F07043BA
S31501019CD80B60C268042A27D8DFE802F0060329299E
S31501019CE82C0043F000632360EB68042B25D16A7CC1
S31501019CF8032A19D8236823F0407343EA02632360D0
S31501019D082A7C1F2A10D823F47C0343EA8243236061
S31501019D18AA7C072A08D823F4603343EAC2332360AD
S31501019D28AB6813F0407F32D0212003B0F0BD43F078
S31501019D388063D8E743F04063D5E7AA68970102F043
S31501019D4840714AD5B1F1407F4AD0002BECD04FF092
S31501019D580072236823F0407313432360EA68022AD9
S31501019D6807D12A69032ADFD823F47F0343EA024389
S31501019D782360EB68032B03D12B69F52BD4D9A37087
S31501019D88AB681E0442BF236843F400432360EB68B2
S31501019D98032B09D023682A6823F4FF4323F07F03A1
S31501019DA8C2F30E02134323602A68AB6802F07042BC
S31501019DB8B2F1805F03F4805703F480661CD213F471
S31501019DC8F84FB1D103F480729B0564D4002A3BD0C4
S31501019DD8236843F40063236036E0B1F1407F04D17F
S31501019DE8002BA1D04FF04072B3E702F08072002B2D
S31501019DF8AFD1002AADD097E7580403F4005143D4F3
S31501019E08002991D0226842F4005222601A0542BF04
S31501019E18236843F4006323601FB1236843F4805325
S31501019E2823602B6803F07043B3F1404F04D01EB190
S31501019E38236843F480632360AB6803F4007203F477
S31501019E4880731A437FF470AF0023284601A9019351
S31501019E58FFF764FE00287FF468AF2B6813F07041A1
S31501019E681ED12368019A23F47F7323F00303C2F3F6
S31501019E78090213432360002F3FF457AFEB69002B07
S31501019E883FF452AF0F2050E7226842F48042226024
S31501019E980029BBD0B6E7236843F48063236095E7BD
S31501019EA803F05043B3F1004F06D0B1F1304F03D05F
S31501019EB8B1F1404F7FF438AF019B2268013BDBB218
S31501019EC822F0FF0213432360002F3FF42EAFEA6904
S31501019ED8002A3FF429AFB1F1004FD3D1117F71B1F6
S31501019EE8002E3FF422AF43F400732360537F002B06
S31501019EF83FF41BAF236843F48073236015E7537F4F
S31501019F08002B3FF412AF002EF4D10EE773B50C46C0
S31501019F18054608B921201AE00029FBD00123C668A4
S31501019F284B609E4217D8002301A90193FFF720FE32
S31501019F3868B9019B06B11C336A699A4209D32A6930
S31501019F48002AE7D0226043F000530020A36002B043
S31501019F5870BD1D20FBE7023E022EDBD80023F4E784
S31501019F682DE9F0410D46044698B0002869D000292B
S31501019F7867D04FF000730360002315A9436003629C
S31501019F8883602846FFF798FE002857D12046159980
S31501019F98E6F758DCAB68DB043CD52B68002B52DAB3
S31501019FA84FF00108EE696946376873682046CDF8AE
S31501019FB804800093029700F034F9B368204603A997
S31501019FC8CDF810800393059700F02BF9F368204625
S31501019FD806A9CDF81C800693089700F022F9336982
S31501019FE8204609A9CDF8288009930B9700F019F99C
S31501019FF8736920460CA9CDF834800C930E9700F0AD
S3150101A00810F9B36920460FA9CDF840800F9311972E
S3150101A01800F007F9284612A9F6F7B4FE70B92046E9
S3150101A02800F0FFF8284615A9FFF770FF30B9204659
S3150101A03815A9E6F72FDC2046E6F7D6DA18B0BDE80A
S3150101A048F0812120FAE70F20F8E770B50E4615468B
S3150101A05804468AB0002843D0002941D0002A3FD0BE
S3150101A0680023012229463046FFF7BAFD002835D1DA
S3150101A078F368002B34D1EB685A1E012A01D9042B46
S3150101A0882ED14FF080732360002328466360236233
S3150101A098A36007A9FFF710FE00BB20460799E6F75B
S3150101A0A8D1DB304601A9FFF731FFB8B9204601A92D
S3150101A0B800F0B7F8284604A9F6F764FE70B92046F8
S3150101A0C800F0AFF8284607A9FFF720FF30B9204667
S3150101A0D807A9E6F7DFDB2046E6F786DA0AB070BD9F
S3150101A0E82120FBE770B50E46154604468EB00028B9
S3150101A0F87AD0002978D0002A76D000230122294670
S3150101A1083046FFF76DFD002866D1F368002B6BD049
S3150101A118032B63D1EB68042B66D14FF0837323605C
S3150101A1280023304663602362A3600BA9FFF7C4FDD0
S3150101A138002851D120460B99E6F784DB284601A967
S3150101A148FFF7BAFD002847D1E968019B042904BF35
S3150101A158C3F3854023F440614FEA936201BFDB08EB
S3150101A16803F4E0430B430193019918BFC3F3074075
S3150101A17821F47F71130221F00301014303F44073B2
S3150101A1881943C1F3140120460191E6F75BDB304619
S3150101A19805A9F6F7F7FDF8B9204600F042F8304669
S3150101A1A808A9FFF7B3FEB8B9204608A900F039F89E
S3150101A1B8284602A9F6F7E6FD70B9204600F031F8FE
S3150101A1C828460BA9FFF7A2FE30B920460BA9E6F7E7
S3150101A1D861DB2046E6F708DA0EB070BD042B03D021
S3150101A1E8EB680BB1032B98D12120F5E70138042837
S3150101A1F815D8DFE800F003080B0E11004FF40073C0
S3150101A20800200B6070474FF44073F9E74FF4806300
S3150101A218F6E74FF4A063F3E74FF4C063F0E72120B3
S3150101A2287047436882B013B9416002B07047436809
S3150101A2380193019B5B68012B019B01D15960F4E7ED
S3150101A2485B68F5E700F0CCBD00F0CABD00F0C8BDFA
S3150101A25800F0C6BD00F0C4BD00F0C2BD08B548B1E5
S3150101A2684FF0FF31E6F765DB002814BF6FF01D00DB
S3150101A278002008BD6FF01B00FBE708B538B1E6F70A
S3150101A28876DB002814BF6FF01D00002008BD6FF0B2
S3150101A2981B00FBE710B1006EE6F7EF9F704710B59B
S3150101A2A8044630B150238065C3651844E6F74DDF8E
S3150101A2B8206610BD0120704738B505460C4619B10F
S3150101A2C80A460021E6F72EDE38BDF0B506460C46EC
S3150101A2D815468DB00AB300271022002108A8E6F712
S3150101A2E821DECDE90577F7F783F907AB029305ABCC
S3150101A2F8019306AB214600933A46304608ABF7F778
S3150101A30849F8044620B1F7F7A1F920460DB0F0BD89
S3150101A318099B6B60059B2B60F5E76FF08604F4E7F3
S3150101A3282DE9F041ADF5067D1D46DDE98C369046F0
S3150101A3380F4611B9002A40F082800DB9002B7ED152
S3150101A348002E7CD0002200F17E40053832600628B5
S3150101A35878D8DFE800F00477771318263400132B31
S3150101A3680ED900210846E6F71FDB002841D06FF018
S3150101A3788F0420460DF5067DBDE8F0811B2B2CD8EF
S3150101A3886FF08904F5E71F2BFAD900210846E6F78C
S3150101A3980BDB0028EBD14FF406716846F8F7EAFAA8
S3150101A3A82CE02F2BECD900210846E6F7FDDA002827
S3150101A3B8DDD14FF406716846F8F7E2FA1EE03F2B44
S3150101A3C8DED900210846E6F7EFDA0028CFD14FF4A6
S3150101A3D806716846F8F7DAFA10E000210846E6F749
S3150101A3E8E3DA0028C3D14FF406716846F8F7DAFAB9
S3150101A3F804E04FF406716846F8F7CEFA0446E6F723
S3150101A4082FDB0028B3D114B16FF09204B1E74246AC
S3150101A4183946684601F050FA0028F5D129466846B9
S3150101A42801F082FA0028EFD1684601F0BAFA04462A
S3150101A4380028E9D1684601F0BFFA306099E76FF063
S3150101A448860496E76FF0850493E708B5F5F7D4FF17
S3150101A458002814BF6FF09200002008BDFFF7F5BF71
S3150101A468F0B51C4600238BB023600F461646F5F757
S3150101A478C3FF70B96846E6F719D9054648B93246A0
S3150101A48839466846F6F774F810B926600BB0F0BD7F
S3150101A49825606FF09200F9E720F0FF03B3F5824FCB
S3150101A4A806D14138C0B2012894BF00200120704766
S3150101A4B80020704738B50A460C4600210546E6F7DD
S3150101A4C831DD38BDF0B50B46C168044601298DB0A9
S3150101A4D833D12B2A37D913F003071A460DD001AD0B
S3150101A4E803F1280C2E4610685168083203C66245E5
S3150101A4F83546F7D1106801AA306001211180002182
S3150101A50851802168516061689160A168D1608FB1FC
S3150101A51801AA15460BAE144603CCB442186059601C
S3150101A528224603F10803F6D120682C211860284632
S3150101A538FFF7C0FF00200DB0F0BD0429FAD112B111
S3150101A548027C1A70F6E76FF08900F4E72DE9F0430A
S3150101A5589DB00D46DDE9248916461F4604460028A5
S3150101A56868D0002966D0002A64D0002B62D0B8F1E0
S3150101A578000F5FD0B9F1000F5CD02022002102A89B
S3150101A588E6F7D0DC20463246294602ABF7F70AFB45
S3150101A5980446F8B90AAD02AE0FCE0FC596E80F000B
S3150101A5A885E80F000C9A7B1C22F080720E9322F427
S3150101A5B8804208F1020323F0030342F4005201A980
S3150101A5C80AA80D940F930C920194FFF7D1FA28B1B9
S3150101A5D86FF0920420461DB0BDE8F083019B01335B
S3150101A5E84345019329D82822214612A8E6F79ADC80
S3150101A5F812A8E6F75BD80028EAD10AAA02A912A885
S3150101A608F6F7DAFB012812D058B1482814BF6FF0C2
S3150101A61892046FF0850412A8FFF7FDF90028D9D035
S3150101A628D6E704233B70019BC9F80030F3E76FF0C5
S3150101A6388B04F0E76FF08604CCE76FF08904C9E76C
S3150101A648FFF784BF2DE9F04F9FB01546DDE928AB29
S3150101A6580F46994606462A9A002800F09F80002B44
S3150101A66800F09C80BAF1000F00F09880002900F0F3
S3150101A6789580002D00F09280BBF1000F00F08E80CD
S3150101A688002A00F08B800023B0F80080CBF8003057
S3150101A69808F44F41EB00B1F5824F13605FD15FFAC0
S3150101A6A888F112290ED128F0FF01B1F5824F02BFB7
S3150101A6B8083B5B0813601368B3F5047F04BF40F2D6
S3150101A6C80923136000232A4603933946304603AB0F
S3150101A6D8F7F702F9044600283DD1039C40460734A1
S3150101A6E8E408FFF7D9FE08B1013D01370DF110085C
S3150101A6F82022002140460394E6F714DC214642460E
S3150101A7083046F7F7A5F9044628BBC6460DF1300CC4
S3150101A718BEE80F00ACE80F009EE80F008CE80F00B9
S3150101A728EB1C214623F00303282214A8CDE90F4780
S3150101A7381193E6F7F7DB2B46524649463046CDF8E3
S3150101A7480080F7F74FFB044628B914A8E5F7AEDFF1
S3150101A75838B16FF0920420461FB0BDE8F08F2C4640
S3150101A768C4E742460CA914A8FFF76FFC98B95246EB
S3150101A77849464046FFF7A6FE04460028EBD15A464C
S3150101A78829463046F7F78CF8044614A8FFF743F92A
S3150101A7980028E0D0DDE76FF09204F6E76FF0860452
S3150101A7A8D9E730B505468BB048B300214488202244
S3150101A7B802A88DF80710E6F7B5DB68690DF10701FF
S3150101A7C8E408F7F7A3FDD0B92146284602AAF7F707
S3150101A7D83FF90446A8B99DF8073068690DF11A01D0
S3150101A7E88DF81830F7F778FE48B902A88DF819409F
S3150101A7F8F7F752FD28B113280DD0212804D16FF09E
S3150101A808860420460BB030BD08280CBF6FF08404BE
S3150101A8186FF09204F5E76FF08B04F2E710B4048840
S3150101A82804F4E044B4F5805F06D0B4F5005F03D0C3
S3150101A8385DF8044BF7F706BC6FF085005DF8044B2C
S3150101A848704770B40488DDE9035604F4E044B4F5AD
S3150101A858804F04D0CDE9035670BCFFF777BE6FF080
S3150101A868850070BC7047F8B51E4603880F4603F488
S3150101A8784F43B3F5824F154610D1089BF7F72CF8CC
S3150101A888044648B9069B9D420BD82A4639463046A5
S3150101A89802F096FA079B1D602046F8BD6FF0850404
S3150101A8A8FAE76FF08904F7E72DE9F04FC1B00C46D5
S3150101A8B8DDE94A89DDE94CA793461E460546002886
S3150101A8C800F09A80002900F09780002A00F0948010
S3150101A8D8B8F1000F00F09080B9F1000F00F08C80FB
S3150101A8E8BAF1000F08D1002F40F086806FF0940469
S3150101A8F8204641B0BDE8F08F002FF7D0282200216C
S3150101A90814A8E6F70FDB2022002104A8E6F70ADBE3
S3150101A91821465A46284604ABF7F744F90446002866
S3150101A928E6D16A880732D208B7EB420FDED1024671
S3150101A93831462846F7F744FC04460028D8D14FF09A
S3150101A948000B842259461FA8CDF878B0E6F7EADA52
S3150101A9582B8823F0FF03B3F5E24F2BD10CAD04AEDF
S3150101A9680FCE0FC596E80F0085E80F000E9B14A8B8
S3150101A97823F0407323F4804343F40053CDE90E3B9E
S3150101A9881EAB109388231193E5F790DE70BB0CAAD1
S3150101A99804A914A8F6F710FA054614A8FFF73BF817
S3150101A9A8284323D104AE0CAD0FCD0FC695E80F0090
S3150101A9B886E80F0014A8E5F779DE0246B0B9012346
S3150101A9C8CDE902A7CDE9008904A914A8F6F722FB66
S3150101A9D838B12C280DD0012814BF6FF092046FF0FD
S3150101A9E88B0414A8FFF717F8002881D06FF0920499
S3150101A9F87EE76FF09404F4E76FF0860478E72DE9B2
S3150101AA08F04F97B00D46DDE9219ADDE923B81646DF
S3150101AA181F46044628B96FF08605284617B0BDE8D2
S3150101AA28F08F0029F7D0002AF5D0209B002BF2D010
S3150101AA38B9F1000FEFD0BAF1000FECD0BBF1000F5D
S3150101AA48E9D0B8F1000FE6D0282200210CA8E6F7D3
S3150101AA5869DA2022002104A8E6F764DA2946324692
S3150101AA68204604ABF7F79EF805460028D5D1238879
S3150101AA7823F0FF03B3F5E24FCDD101223946204632
S3150101AA88F7F79EFB05460028C7D163880733DB081C
S3150101AA98BBEB430F03FA02F421D30CA8E5F706DE53
S3150101AAA898B9209B2A460093CDE902A40123CDF842
S3150101AAB8049004A90CA8F6F715FA48B9C8F8004094
S3150101AAC80CA8FEF7A8FF0028A7D06FF09205A4E706
S3150101AAD8012814BF6FF092056FF08B05F0E76FF04F
S3150101AAE889059AE72DE9F04F97B00E46DDE922ABC4
S3150101AAF817461D460446DDF8909000286CD00029BA
S3150101AB086AD0002A68D0209B13B9219B002B63D1F7
S3150101AB18BAF1000F60D0BBF1000F5DD0B9F1000F9A
S3150101AB285AD0238823F0FF03B3F5E24F54D101220A
S3150101AB3829462046F7F744FB804600283CD128469A
S3150101AB48F7F704FB0546002849D0414628220CA8F7
S3150101AB58E6F7E8D94146202204A8E6F7E3D93A46B9
S3150101AB683146204604ABF7F71DF8804620BB6288BB
S3150101AB780732D208BBEB420F4FEA420632D30CA881
S3150101AB88E5F794DDB0B9219B2A460193209BCDE9CE
S3150101AB9802A6009304A943460CA8F6F7A3F978B9C6
S3150101ABA862880732D2085200C9F800200CA8FEF7BC
S3150101ABB832FF08B16FF09208404617B0BDE8F08F31
S3150101ABC8012806D0482814BF6FF092086FF085084E
S3150101ABD8ECE76FF08B08E9E76FF08608ECE76FF0B1
S3150101ABE88508E9E76FF08908E6E7FFF77BBFFFF715
S3150101ABF806BFFFF759BEFFF775BFFFF700BFFFF79E
S3150101AC0853BE2DE9F0478CB09046DDE914A5994666
S3150101AC180F4609B9002A3ED1B9F1000F02D1BAF19D
S3150101AC28000F38D1002D36D000F17E4005380628AF
S3150101AC3834D8DFE800F019333304101316001C2049
S3150101AC4802248245286012D200236FF089002B6005
S3150101AC580CB0BDE8F08720200324F2E73020042454
S3150101AC68EFE740200524ECE714200124E9E702A8CF
S3150101AC78E5F71CDD064610B16FF09200E8E7434699
S3150101AC883A462146CDE9009A02A8F5F787FF002839
S3150101AC98DED02E60F0E76FF08600D9E76FF0850008
S3150101ACA8D6E730B50D4604468BB0A0B3031D002186
S3150101ACB8D4221846E6F736D905F17E410539062922
S3150101ACC82CD8DFE801F0042B2B10161C22000122D7
S3150101ACD869462270F5F726FE002814BF6FF0920027
S3150101ACE800200BB030BD022269462270F5F734FE09
S3150101ACF8F2E7032269462270F5F748FEECE70422DA
S3150101AD0869462270F5F75CFEE6E705226946227077
S3150101AD18F5F772FEE0E76FF08600E2E76FF085006E
S3150101AD28DFE770B50D46164604468AB090B101B9FA
S3150101AD3882B96846E5F7BADC18B16FF092000AB034
S3150101AD4870BD33462A466946201DFEF769FE00286D
S3150101AD58F5D0F2E76FF08600F1E72DE9F0430D46EC
S3150101AD6891461E4604468BB0A0B301B992BB8EB378
S3150101AD786846E5F79BDC804620B16FF092000BB07F
S3150101AD88BDE8F083271D2A4669464B463846F5F73D
S3150101AD984FFE0546D42241463846E6F7C3D8A5B93A
S3150101ADA82378013B042B18D8DFE803F00309070BC5
S3150101ADB80D00142200203260E1E72022FAE71C2265
S3150101ADC8F8E73022F6E74022F4E7212DD5D16FF0D5
S3150101ADD88900D4E76FF08600D1E76FF08800CEE7E6
S3150101ADE808B518B1D8220021E6F79CD8002008BD7C
S3150101ADF8F0B5012806460D4693B022D8482200210E
S3150101AE086846E6F78FD82F1F0C3500213046E5F73E
S3150101AE18CBDD044640B9684657F8041F00F021FD09
S3150101AE2828B1E5F71DDE0124204613B0F0BD6846B9
S3150101AE3800F0EDFC0028F4D1E5F712DEAF42E4D1CA
S3150101AE48F2E72124F0E710B592B02822002108A8DB
S3150101AE58E6F768D8202200216846E6F763D808A8EC
S3150101AE68E5F724DC044650B9202269460DEB0200B8
S3150101AE78F5F77EFB044608A824B1FEF7CCFD20466A
S3150101AE8812B010BDFEF7C7FD04460028F7D1694681
S3150101AE98FFF7AEFF04460028F1D1012004A9FFF707
S3150101AEA8A7FF0446EBE72DE9F04F98460368F1B091
S3150101AEB804460E461746DDF8ECA1DDF8F89113BBF9
S3150101AEC86D468268016928460DF1140B02F0AAFE46
S3150101AED895E807008BE80700217D6068E5F764DDE1
S3150101AEE8044660B9524605A908A8B6B102F0BFFDE4
S3150101AEF80546E5F7B5DD044608B98DB101242046B5
S3150101AF0871B0BDE8F08F012B32D16D4681682846B3
S3150101AF180DF1140B02F08BFEDAE702F0B1FDE7E75A
S3150101AF2808A8DDE97C1202F073FC0028E6D1424645
S3150101AF3839467A9B08A802F0DDFC0028DED17F9903
S3150101AF4808A802F07CFD0028D8D1494608A866B1AF
S3150101AF5802F012FA0028D1D108A802F065FD0028ED
S3150101AF68CDD0002ECAD12C24C9E702F057FAF1E750
S3150101AF782124C4E710B586B00C9C05940B9C049456
S3150101AF880A9C0394099C0294089CCDE90034134652
S3150101AF980A460121FFF787FF06B010BD10B586B035
S3150101AFA80C9C05940B9C04940A9C0394099C029499
S3150101AFB8089CCDE9003413460A460021FFF773FFC1
S3150101AFC806B010BDF7F7A0BAF3F770B8F7F7EABA02
S3150101AFD8F7F7DABA40B2F7F7C3BA10B500201C463B
S3150101AFE800F05BFD002820600CBF1B20002010BD6E
S3150101AFF808B50020F7F7FCFD002008BDF8B50C4699
S3150101B0088D18073552421540A5F1080706463846F7
S3150101B01800F0CEFAA0883B1B618800EBE30080B201
S3150101B028A1EBE30125F8040C25F8061CA188DA1021
S3150101B038D1B1A4EBC101B1F802C0C88002EB0C0081
S3150101B0484880E188B9B18A1A92B204EBC10125F89F
S3150101B058022C8A80A2888AB9B2681344F268B3605D
S3150101B068934288BFF3600EE015F8081C41F002010E
S3150101B07805F8081CE5E725F8021CEBE7A4EBC20471
S3150101B0882278D207E8D43846F8BD2DE9F04F17469C
S3150101B0984FF0000887B07A1C109A054614BF3C4642
S3150101B0A80824CDF81480002A00F0CB80C2F800806C
S3150101B0B8002900F0C88042688A4240F2C4800731FB
S3150101B0C803F0010A21F00706E5F704DC05AACDE933
S3150101B0D8008281463A4653463146284600F06CFAC3
S3150101B0E8059F834607B130B94846E5F7EEDB1920D6
S3150101B0F807B0BDE8F08FB7F8028029694FEAC8029F
S3150101B108C0EBC8080139B8F1270F29617ED9BAF10F
S3150101B118000F55D1864206F108084CD02246394618
S3150101B1282846FFF76BFF04460590059B9844404660
S3150101B13800F03EFA059906F10F004A88C308A2EB09
S3150101B148D002A8F80220CA88A8F80430002A34D007
S3150101B158D31A9BB201EBC202A8F8063093808B88F9
S3150101B168F608A380B8F804303A46E380414600233D
S3150101B1782846668000F08DFAAB68EA68083393427F
S3150101B188AB6088BFEB60237843F0010323702B6919
S3150101B19801332B616288AB68083403EBC203EA68A1
S3150101B1A8AB60934288BFEB60109B48461C60E5F78C
S3150101B1B88CDB00209CE73C46B7E7A8F80620CEE7DA
S3150101B1C807EB08042046039200F0F2F90BF1070395
S3150101B1D8DB080599638008F10703DB08A380CB889F
S3150101B1E893B1DB00039AD81D821A5A44C2F3CF02DE
S3150101B1F80B44E2809A80A38808F1FF384FEAD80800
S3150101B208A1F80280CB80B7E7E380F4E7BAF1000F32
S3150101B2181BD007F10803B3FBF4F204FB1233B3B1F4
S3150101B228224639462846FFF7E9FE044623783A4677
S3150101B23843F00103237021460123284600F029FA28
S3150101B248A8E7222054E7212052E78642E8D13C4665
S3150101B258ECE707B500224FF0FF3101AB0192F7F791
S3150101B2684FFA019803B05DF804FB07B5009313463D
S3150101B2784FF0FF32FFF709FF03B05DF804FB70B524
S3150101B288049E15461A4696B1002333608DB181B1E4
S3150101B2984D4333462946FFF7E8FF044628B9306886
S3150101B2A818B12A462146E5F73DDE204670BD22241E
S3150101B2B8FBE72124F9E707B5002201AB0192F7F76C
S3150101B2C835FA019803B05DF804FB2DE9F74F0646F7
S3150101B2D80D4614469B46002B00F0408100221A6058
S3150101B2E84268A24240F23C8149B9002C00F03881FA
S3150101B2F80A46214603B0BDE8F04FFFF7B6BF2CB9A0
S3150101B308084603B0BDE8F04F02F017BAE5F7E2DAED
S3150101B31835F8067C07344FEAC70924F00704A14525
S3150101B3288046A5F1080180F0978035F8023C002B8B
S3150101B33870D0DA1B012A6DD101EBC30A11F833303A
S3150101B348D80767D4BAF80220A9EB040313EBC203A1
S3150101B35860D41F2B3CDD2F19C4F3CF0425F8064C05
S3150101B3680134384625F8024C009300F021F935F8E5
S3150101B378022C009BBA80BAF80620DB087B802AB327
S3150101B388BAF80210511A11FA83F39BB20AEBC202F7
S3150101B398FB809380524600233946304600F079F9FD
S3150101B3A8504600F005F9002235F8061CB368CBF8BA
S3150101B3B8005003EBC103F168A3EB09038B42B360A8
S3150101B3C848D8002A41D0083BB3603EE0FA80E1E75C
S3150101B3D833690137013B3361BAF80630174425F859
S3150101B3E8067CA3B1BAF802209A1A12FA87F7BFB2F4
S3150101B3F80AEBC30325F8027C9F8052460123304696
S3150101B40800F047F9504600F0D3F80122CCE725F8B8
S3150101B418023CF2E721465B4600223046FFF725FF4B
S3150101B428044630B14046E5F750DA204603B0BDE897
S3150101B438F08F4A462946DBF8000001F0C1FC28468F
S3150101B44802F07BF904460028ECD14046E5F73DDADE
S3150101B4580024EAE7F360B4E77DD935F8022CA9EBB4
S3150101B468040A531EDB1B002A37D001EBC20711F868
S3150101B4783220D20732D48BBBC4F3CF03291925F85D
S3150101B488063C0133084625F8023C009100F090F884
S3150101B498009935F8022C7B888A80FA8803EBDA034E
S3150101B4A84B80BAB17888101A10FA83F39BB207EB6D
S3150101B4B8C202CB80938000233A46304600F0E9F870
S3150101B4C8384600F075F8B368CBF800502344A3EB6E
S3150101B4D8090379E70023CB80EDE71746BAF1270F70
S3150101B4E839D9C4F3CF02291925F8062C01320846A0
S3150101B4F825F8022C009101930AF1FF3A00F058F858
S3150101B508009935F8022C4FEADA0AA1F802A08A80D5
S3150101B518FFB1019B013313FA8AFA1FFA8AFAA1F8D4
S3150101B52806A0A7F804A03369304601333361002325
S3150101B5381A4600F0AEF8B368CBF80050E2180832A3
S3150101B548F368A2EB09029A42B2607FF67EAFF26016
S3150101B5587BE7CF80E7E7CBF8005076E7222464E75B
S3150101B568212462E7002307B501AA0193F7F7ECF84D
S3150101B578019803B05DF804FBF7F7A8B813B50024E1
S3150101B58801AA21460194F7F7C9F800B10194019876
S3150101B59802B010BD02F0D1B802F0CFB80846FFF7E4
S3150101B5A858BE084602F0CDB808461146FFF7DABF7C
S3150101B5B80023036043607047F0B5D0E90540551C87
S3150101B5C808BF0822002B4FF0000518BF0446DDF815
S3150101B5D818C0CCF80050002C37D09DF81470658836
S3150101B5E8FF0007EBC505C2F1000E2078C00708D593
S3150101B5F81BBBE088A0B104EBC004658807EBC50550
S3150101B608F3E78D42F4D363B904F10806B6FBF2F008
S3150101B61802FB106670180EB1A842EAD8CCF80040B0
S3150101B628F0BD082A0FD06088013004EBC000461A24
S3150101B63806EA0E06801B8542F0D2A0880028EFD0C3
S3150101B648A4EBC004D9E70846E8E72046E8E703463C
S3150101B65810461A69DAB108B921B918680378DB07FE
S3150101B66802D470479869F9E739B9C3887BB100EB08
S3150101B678C3000378DA07F8D47047012907D183880B
S3150101B6882BB1A0EBC3000378DB07F8D47047002080
S3150101B69870472DE9F041D0E9054507468846164622
S3150101B6A8F3B194420FD042B1954215D142460121D7
S3150101B6B83846FFF7CCFF05460EE00A463146FFF745
S3150101B6C8C6FF0446F2E70A460021FFF7C0FFB54265
S3150101B6D80446EBD0002EE9D0C7E90545BDE8F0815E
S3150101B6E8944208D08C4228BF0C46B54205D045453F
S3150101B6F838BF4546F0E70C46F7E74546ECE738B566
S3150101B7081C46C3E900010023C4E90500C4E9023363
S3150101B718236122776362FFF74BFF23690139C90860
S3150101B728013341802361A368E268083393424FF0EC
S3150101B7380000A36088BFE36038BD08B500F016F8BC
S3150101B74800F034F8FEE7704770477047704708B54F
S3150101B75801F056F901F062F901F069F9FFF7F5FF10
S3150101B76801F07AF9BDE8084001F077B908B5FEF7A5
S3150101B77851F9FFF7E8FFF6F735FFFFF7E5FFE5F7BB
S3150101B788FBDB00F007F801F046F9BDE80840F7F7D9
S3150101B79805B8704708B501F02FF901F02EF901F046
S3150101B7A82DF901F02CF9FFF7F4FF08BD01F034B9C1
S3150101B7B80020704738B50368054693B1816800F1E1
S3150101B7C8180291424FF0000406D11846E5F756D9F9
S3150101B7D86FF040002C6038BD302102F07DF920461A
S3150101B7E8F9E76FF02000F6E738B5036805465BB15E
S3150101B7F802F0F4F9431C044604D02868E5F73ED95A
S3150101B80800232B60204638BD6FF02004FAE710B5F6
S3150101B81804462068E5F7A2D92046FFF7E5FF431C50
S3150101B828F7D010BD38B51C210446E5F7C7D9102252
S3150101B838342105462046E5F7CFD900223421204691
S3150101B848E5F7CAD93C212046E5F7B8D94306F9D423
S3150101B85835B12A462046BDE838401C21E5F7BC9991
S3150101B86838BD37B5044601200D4602F082F9E0B12B
S3150101B878E5F73CD92060E0B146F6110330222046AE
S3150101B888009304F118012B4601F052FE00210846E6
S3150101B898E5F7AED900220146204602F00AF920460B
S3150101B8A803B0BDE83040FFF785BF6FF0020003B072
S3150101B8B830BD6FF00100FAE738B5044680690B46D9
S3150101B8C8154670B35AB3A268E1690232B1EB021F98
S3150101B8D806D2E5F7D3D800236FF04400A36138BD3A
S3150101B8E8B5F1807F06D3E5F7C9D800236FF03F008C
S3150101B8F8A361F4E729461846E5F779D9636801464C
S3150101B908DB682A4604F1180002F0C9F823692B44B9
S3150101B9182361E3682B44E360A3680133A360002034
S3150101B928DDE76FF02000DAE7836910B50446ABB1AC
S3150101B938D0E903239A4204D00268836A52685340C4
S3150101B948836220466369984704F118004FF4F4713C
S3150101B95804F1300202F0C0F8002010BD6FF020009A
S3150101B968FBE738B583690446C3B1183002F036F9E5
S3150101B978431C054610D0214651F8C03B5B69C3F506
S3150101B988AC70C3F5F8720144A069E5F72DD9A06930
S3150101B998E5F774D80023A361284638BD6FF0200561
S3150101B9A8FAE710B50446A069E5F7D8D82046FFF7A6
S3150101B9B8D8FF431CF7D010BD0368D868704738B55E
S3150101B9C800252846E5F7E0D80446B8B14FF4806169
S3150101B9D8E5F7F4D890B100221C212046E5F7FCD8F9
S3150101B9E84FF0FF3230212046E5F7F6D801353422EA
S3150101B9F81C212046E5F7F0D8402DE2D1002038BDBB
S3150101BA080369C26893429CBF81685B18013B981A16
S3150101BA1870472DE9F041D0E902840546A8EB0406F1
S3150101BA284068964220440F46144404D901F0C8F9E6
S3150101BA38EC60BDE8F0813246A4EB080401F0C0F9D7
S3150101BA4822466868B919F1E72DE9F8430646894698
S3150101BA5817464FF00008C5683369B4689D4228BF87
S3150101BA681B19641BBC4228BF3C46013B5B1B9C421C
S3150101BA7828BF1C46706849462844224601F0A0F9A8
S3150101BA88B3682544AB4208BF00253F1BA044A14426
S3150101BA98F560E1D14046BDE8F88310B50B46EFF3F1
S3150101BAA811844FF0200181F311881946F7F72AF815
S3150101BAB884F3118810BD0368D90444BF43F4806334
S3150101BAC8036003689A0444BF43F400630360704743
S3150101BAD8F1F71EB910B40C46042C11461A4604D1C5
S3150101BAE800685DF8044BF7F757B900205DF8044B78
S3150101BAF87047F8B517461D460E4681B10024204602
S3150101BB081C60F7F78FF860B1B8420246314628BF83
S3150101BB183A462046FFF7C1FF28602046F8BD2F2087
S3150101BB28FCE7AE20FAE770B515460E4661B1002469
S3150101BB38AC4205D200202A1B3119F7F759F808B981
S3150101BB48002070BD0444F3E72F20FAE701688268F3
S3150101BB58C3688A4294BF0022521A8B4294BF0023BA
S3150101BB685B1AD01A70478368D0E900128A4294BFDA
S3150101BB780022521A8B4294BF00235B1AD01A7047CE
S3150101BB8870B5856804460E463DB1FFF7ECFF30B145
S3150101BB9800206B1CA3602E7070BD2F20FCE71920B5
S3150101BBA8FAE770B5866804460D4656B1FFF7DBFF1D
S3150101BBB8012808D900206DBA3580A3680233A3602C
S3150101BBC870BD2F20FCE71920FAE770B5866804468F
S3150101BBD80D4656B1FFF7C7FF032808D900202DBA2C
S3150101BBE83560A3680433A36070BD2F20FCE71920D3
S3150101BBF8FAE72DE9F0410E4698461546F2B1FE2AB5
S3150101BC081ED94FF6FE77BA428CBF03270227C0F326
S3150101BC18080444EA063444EA872424B24046A1B218
S3150101BC28FFF7BFFFA0B996B98FB1012F0AD0022F2D
S3150101BC3810D029464046FFF7C8FF07E01746E6E751
S3150101BC480127E4E74046E9B2FFF79AFF00B9002068
S3150101BC58BDE8F0814046A9B2FFF7A3FFF6E7F8B5BB
S3150101BC68044615460E4679B187686FB1FFF77BFF22
S3150101BC78A8420BD32A463146384601F0A1F80020DD
S3150101BC88A3682B44A360F8BD2F20FCE71920FAE726
S3150101BC9870B5144606460D46FFF765FFA04211D356
S3150101BCA82846FFF753FFA0420CD32246E968B0683C
S3150101BCB801F086F80020B3682344B360EB68234496
S3150101BCC8EB6070BD1920FCE7F8B5154606460F4627
S3150101BCD8FFF73CFFA842044612D23846FFF736FF62
S3150101BCE82A1B824228BF024639463046FFF7D0FF52
S3150101BCF828B93046FFF72AFFA84201D20D20F8BD1F
S3150101BD080020FCE770B5C46805460E4644B1FFF745
S3150101BD181DFF38B1002014F8012BEC60327070BD9B
S3150101BD282F20FCE71920FAE770B5C46805460E46C7
S3150101BD3854B1FFF70BFF012808D9002034F8022B6B
S3150101BD4853BAEC60338070BD2F20FCE71920FAE75E
S3150101BD58002313B5044608460DF10601ADF8063070
S3150101BD68FFF7E2FFF8B9BDF80620A061C2F308039F
S3150101BD786382C2F3402384F82730C2F38123032B5C
S3150101BD8808BF04232377B3FA83F3110B5B0984F8FC
S3150101BD982430B1FA81F3C2F300225B09217584F8D3
S3150101BDA8253084F8262002B010BD70B5C468054651
S3150101BDB80E4654B1FFF7CAFE032808D9002054F8E4
S3150101BDC8042B12BAEC60326070BD2F20FCE71920F2
S3150101BDD8FAE713B50446227F0846012A4FF0000304
S3150101BDE80BD101A98DF80430FFF78CFF18B99DF81D
S3150101BDF804300020A36102B010BD022A09D101A9AC
S3150101BE08ADF80430FFF790FF0028F4D1BDF80430EE
S3150101BE18EFE701A90193FFF7C8FF0028EBD1019BC1
S3150101BE28E7E703460022DA621A7D084610B503F1EF
S3150101BE382C01032A11D8DFE802F00C020609FFF7E3
S3150101BE4861FF40B110BDFFF76FFFFAE7FFF7ADFFDD
S3150101BE58F7E7C268DA620020F4E72620F2E738B587
S3150101BE68154613460A1E0C4618BF01220121FFF782
S3150101BE78C0FE30B924B128462178FFF781FE00B901
S3150101BE88002038BD38B515460A1E18BF01220C46D1
S3150101BE982B4602215200FFF7ACFE30B924B12846E0
S3150101BEA82188FFF77EFE00B9002038BD38B5154651
S3150101BEB80A1E18BF01220C462B4603219200FFF7E1
S3150101BEC898FE30B924B128462168FFF77EFE00B9EC
S3150101BED8002038BD70B50C1E15464FF0000108BF8C
S3150101BEE800221E46FFF785FE38B92CB12A4621469E
S3150101BEF83046FFF7B4FE00B9002070BD704710B592
S3150101BF0800F180010446F8F751FA40B1012384F89A
S3150101BF18803000212046F8F743FA20B110BD94F884
S3150101BF288030002BF5D10020F8E713464A68012A2B
S3150101BF380AD90A681278022A04D10A4601467C30CE
S3150101BF48F7F748BA00225A60002070470020704767
S3150101BF58002070477047704770477047704737B57B
S3150101BF6803460C46088840F203118842154604D057
S3150101BF78B0F5827F0AD0A6200DE04FF4805301A9BE
S3150101BF880193FFF793FF30B9002004E00022986876
S3150101BF98019210B92F2003B030BD01A9F8F7DCF9D8
S3150101BFA80028F8D12A46208801A9EAE72DE9F043B4
S3150101BFB883680D46164685B01BB92F2005B0BDE825
S3150101BFC8F083CA7842B903F17404AA78032A6DD8B1
S3150101BFD8DFE802F048041D331C46F6E700278DF811
S3150101BFE80C7023682046DB68298803AA9847D82854
S3150101BFF8044602D048B12046E0E739463246288848
S3150101C008FFF72DFF0028F6D0D8E703A9F6E70027A1
S3150101C018236820465B692988ADF80C7003AA9847FD
S3150101C028D828044603D00028E5D103A900E03946FA
S3150101C03832462888FFF726FFE4E7002723682046CA
S3150101C048DB692988039703AA9847D828044603D0A8
S3150101C0580028D0D103A900E0394632462888FFF7DE
S3150101C06825FFCFE7186BF9F759F94FF0000823684F
S3150101C07803AA0092D3F82890024607464FF40073A3
S3150101C08820462988CDF80C80C847D82804460BD004
S3150101C09830B939463346039A2888FFF71BFF044608
S3150101C0A83846F9F743F9A6E74146F3E7262085E736
S3150101C0B8806808B100F09DBA2F20704710B5044673
S3150101C0C81C21FFF769FA204610BD10B504460C215B
S3150101C0D8FFF762FA204610BD10B504460C21FFF799
S3150101C0E85BFA204610BD10B504460C21FFF754FA38
S3150101C0F8204610BD10B504460421FFF74DFA204626
S3150101C10810BD10B50446006818B1237C0BB1FFF7C1
S3150101C11841FA0023C4E90233C4E9003310BDF8B575
S3150101C1280C46064615461F46FFF7EBFF2CB928466E
S3150101C13800F0A5FC01230446337425447560002FDC
S3150101C14808BF25463460C6E90254F8BD38B500254D
S3150101C1580446C0E90055C0E902550574FFF7DFFF3A
S3150101C168204638BD0368C0E902330123437400231D
S3150101C178C0E9083343820375836103778362C36226
S3150101C188704710B500230446FFF7E0FF01236374E6
S3150101C19800232046C4E9083363822375A361237703
S3150101C1A8A362FFF7DFFF204610BD30B5D0F8044181
S3150101C1B83F2C1DD80025AC42D0F800310FD12344BC
S3150101C1C803F03F0320F8231000EB8305C1F3002197
S3150101C1D80134AA70E970C0F80441002030BD2B442E
S3150101C1E803F03F0330F823308B42F6D00135E2E7FD
S3150101C1F81920F3E773B50D46002304460DF107012E
S3150101C208284616468DF80730FFF77CFD38B92846CA
S3150101C218FFF79CFC9DF80730834202D0182002B033
S3150101C22870BD2368294620461B6998470028F6D11F
S3150101C2382368314620465B699847F0E72D20704708
S3150101C2482D2070472D207047037900200B70704708
S3150101C25801710020704740F26713994204D0B1F584
S3150101C268B47F06D0A620704702B112780262002077
S3150101C278704712B113784362F9E70623FBE740F2E7
S3150101C2886713994204D0B1F5B47F06D0A620704749
S3150101C29890F8203000201370704790F82430F9E7A0
S3150101C2A80B46114640F25112934210B41BD0B3F515
S3150101C2B8A97F09D2B3F5A17F0DD0B3F5A27F0FD01E
S3150101C2C8A6205DF8044B704740F261129342F7D1FB
S3150101C2D803685B6E01E003685B6B5DF8044B184705
S3150101C2E80368DB6BF9E703681B6DF6E7A620704760
S3150101C2F870470438704714387047103870470C383E
S3150101C308704740F25113994270B5044633D0B1F5DD
S3150101C318A97F07D2B1F5A17F1CD0B1F5A27F22D0A1
S3150101C328A62019E040F261139942F9D16ABB00F1DD
S3150101C3381E050221284600F0BFF968B9E38BB3F55A
S3150101C348805FF6D223682046E18BD3F8AC30BDE88D
S3150101C358704018470AB92F2070BD1188BDE8704091
S3150101C3680183F7F743BE002AF5D0BDE8704011886D
S3150101C3784183F7F763BE32B111882046A183BDE82F
S3150101C3887040F7F7B9BE1146F7E71388C383D9E7B2
S3150101C39810B504467821FFF7FFF8204610BDA0F134
S3150101C3A80400F5E7A0F10C00F2E7A0F11000EFE7B0
S3150101C3B8A0F11400ECE70B46B3F5B17F114610B4B1
S3150101C3C80FD040F26312934206D0B3F5827F0ED1A4
S3150101C3D85DF8044BF7F7C0BF03685DF8044B9B6E24
S3150101C3E81847836A002013605DF8044B7047A6203D
S3150101C3F8FAE7F0B50446C818059B98420FD80126F5
S3150101C40802B9F0BDD30707D5CD08675D01F007036A
S3150101C41806FA03F33B43635501315208F0E700205D
S3150101C428EFE72DE9F74F5825DDE90CBA1746002242
S3150101C43888461E461146032300950446DDF83890C1
S3150101C448FFF7D7FF42460146102320460095FFF71D
S3150101C458D0FF3A460146102320460095FFF7C9FF4A
S3150101C46832460146022320460095FFF7C2FF5A4686
S3150101C4780146082320460095FFF7BBFF52460146B0
S3150101C4880C2320460095FFF7B4FF4A4601461B23B4
S3150101C49820460095FFF7ADFF0423014600222046F9
S3150101C4A80C9503B0BDE8F04FFFF7A3BF08B5C0E986
S3150101C4B8001211B90AB100F090FC08BDA0F10400FF
S3150101C4C8F7F790BB70B50026044686B00D220D46D6
S3150101C4D802A831460196E4F725DD20466B4611226D
S3150101C4E801A90096F7F74CFE044638B9009E082EB5
S3150101C4F813D96B68083EB34203D21924204606B004
S3150101C50870BD3246286803A900F05AFC6B689E4241
S3150101C51801D900F062FC6E60F0E76860EEE7A0F110
S3150101C5280400FFF7CFBFA0F10400F7F7E1BBA0F1C3
S3150101C5380C00F7F719BC08B531B903681146D3F8E8
S3150101C54884309847D82800D12D2008BDA0F11000C4
S3150101C558FFF7F1BF08B531B903681146D3F8803041
S3150101C5689847D82800D12D2008BDA0F11000FFF762
S3150101C578F1BF01220280428082800022C280704777
S3150101C588A1F11001FFF7F5BF0020704700207047A0
S3150101C59838B5049DBAB9B3B9012903D002290ED018
S3150101C5A82F2038BD0368D3F8843029469847D828FF
S3150101C5B809D00028F5D16A68059B1A60F1E7036875
S3150101C5C8D3F88030F1E72D20EBE7A0F11000FFF752
S3150101C5D8DFBFA0F10C00F7F717BC2D207047A62085
S3150101C5E87047704710B504460421FEF7D5FF20466A
S3150101C5F810BD00207047A0F10400F7F7EBBCA0F1CC
S3150101C6080400F7F7F9BCA0F10400F7F70BBDA0F197
S3150101C6180400F7F719BDA0F10400F7F72BBDA0F146
S3150101C6280400F7F739BDA0F10400F7F747BDA0F1FA
S3150101C6380400F7F755BDA0F10400F7F763BDA0F1B2
S3150101C6480400F7F773BDA0F10C00F7F7B1BDA0F12E
S3150101C6580C00F7F7B3BDA0F10C00F7F7D5BD2D20F6
S3150101C66870472D2070472D2070472D2070470020D7
S3150101C6787047002048607047A0F11000FFF7F9BF25
S3150101C688A0F11000F7F7E8BDA0F11000F7F7F0BD2A
S3150101C698A0F11000F7F7F8BDA0F11000F7F724BED5
S3150101C6A8A0F11400F7F79ABE6C2070476C20704709
S3150101C6B8A0F11400F7F7A6BE08B538B131B1FBF7F9
S3150101C6C8E9FB00280CBF0020AC2008BD2F20FCE7A0
S3150101C6D82B28034612D02F2812D0A0F13002092A9D
S3150101C6E802D80433D8B270474138C0B219280AD9D9
S3150101C6F8A3F16102192A05D8473BF3E73E207047A2
S3150101C7083F207047FF2070472DE9F84F0C469246A6
S3150101C7189946071D961CB51E2CB117F8048C40467F
S3150101C728F8F724FB18B9A5EB0A0080B203E0012C3E
S3150101C73803D14FF6FF70BDE8F88F4046C8478046DA
S3150101C74817F8030CC847B8F1FF0F8346F1D0FF2844
S3150101C758EFD04FEA880848EA1018022C06F1FF358E
S3150101C76806F8028CDFD017F8020C3D28DBD0C84742
S3150101C778FF280546DDD0830843EA0B13032C06F887
S3150101C788013C11D017F8010C3D280DD0C847043CCE
S3150101C798FF28A4B207F1040706F10306C9D040EA46
S3150101C7A8851006F8030CB6E73546BCE72DE9F84FBF
S3150101C7B806460C4615469B4600274FF6FC794FF669
S3150101C7C8FF7A4C45A04628BFC8465B462A463046ED
S3150101C7D81FFA88F1FFF798FF504506D0B4EB080414
S3150101C7E8074404D046440544EBE74FF0FF37384682
S3150101C7F8BDE8F88F2DE9F047054610B90020BDE8D7
S3150101C808F087002AFAD011F00100F7D1B1EB430FF5
S3150101C818F4D80446089E05F1020C06F001068C427D
S3150101C828EDD200234FEA540E67190CEB040817F8E9
S3150101C838019B1B01A9F1300ABAF1090FDBB20AD82A
S3150101C848303B4B4403F0FF034745F0D102F80E3064
S3150101C85801300234E3E7A9F1410ABAF1050F04D817
S3150101C868373B59FA83F3DBB2EEE7002EC6D1A9F1BC
S3150101C878610ABAF1050FC1D8573BF2E7F0B5059C34
S3150101C888D8B9F1B902B9E3B9C4F3400505EB4105D4
S3150101C898AB4204F002062FD314F0010F14BF412550
S3150101C8A86125002401380A3D571C8C420BD116B16A
S3150101C8B8002302F814300020F0BD02B90BB9002992
S3150101C8C8E2DA2F20F8E790F801C04FEA1C13BCF110
S3150101C8D89F0F86BF5B19DBB2303302F8143010F8AB
S3150101C8E8013F03F00F03092B86BF5B19DBB2303316
S3150101C8F807F814300134D8E71920DDE713B5002408
S3150101C9080094FFF777FF02B010BD0CB407B504AB6D
S3150101C91853F8042B0193F7F76BFE03B05DF804EBAB
S3150101C92802B0704708B50246F7F788FE904234BF50
S3150101C9380020012008BD70477047704737B501A926
S3150101C9480546FBF7A2FD0446284624B1F1F72CF862
S3150101C958204603B030BDF0F7DBF90446F8E72D2090
S3150101C96870472D2070470020704770470020704797
S3150101C97870472D207047002070472D2070470020F1
S3150101C988704740687047036853F81C3C184440686F
S3150101C9987047FEF719BB0A680260496852F84C2CC0
S3150101C9A88150704748B12D2805D0C0B200F5300035
S3150101C9B840F00040704740F201207047A0F5072377
S3150101C9C8A3F50073B3F5A06F05D3B0F5803F2CBF6E
S3150101C9D80020012070470120704710B5F6F738FB92
S3150101C9E80446FFF78CFA2046F6F742FBFBE7704748
S3150101C9F80020704770477047704770477047704706
S3150101CA0808B5EEF76DFBFEF7DDFAEEF75FFBBDE85C
S3150101CA180840F3F709BB7047E4F7D49A08B5F1F76B
S3150101CA280FFCF1F79DFCBDE80840FCF7D7B808B53E
S3150101CA38F8F702FFF4F72EFCF0F7E2FBF3F7DCFC5B
S3150101CA48F5F7B6FFFEF7FFF9F5F702FCF5F726FE4E
S3150101CA58BDE80840F8F7EAB87047704708B5FEF728
S3150101CA6876FEF8F7C7F8FEF7A3FE00B908BDFEF78B
S3150101CA786DFEF8E70B4601461846F8F75FBCFEF767
S3150101CA887DBD9368013B002B936010B408DA946964
S3150101CA98A34201DB0A2903D15DF8044B00F01AB858
S3150101CAA81368581C1060084619705DF8044B7047E5
S3150101CAB8F8B506460F461446D518AC4201D10020F1
S3150101CAC807E03A4614F8011B3046FFF7DAFF431C23
S3150101CAD8F3D1F8BDF8B50E461446054618B1036AF1
S3150101CAE80BB9F8F7C5FCA369A360A3891A0701D590
S3150101CAF8236943B921462846F8F78EFA18B14FF04A
S3150101CB08FF373846F8BD2368F6B222693746981ABF
S3150101CB186369834205DC2146284600F01BF9002892
S3150101CB28EDD1A368013BA36023685A1C22601E70DC
S3150101CB38431C62699A4204D0A389DB07E1D50A2E0F
S3150101CB48DFD12146284600F005F90028D9D0D6E7D4
S3150101CB58C9B20346184613F8012B12B18A42F9D113
S3150101CB687047002918BF002070472DE9F04716467E
S3150101CB7898468A6807460B690C46DDF82090934268
S3150101CB88B8BF1346336091F843200AB101333360C4
S3150101CB982368990642BF336802333360256815F065
S3150101CBA8060506D104F1190AE36832689B1AAB42F4
S3150101CBB82BDC94F843302268003B18BF0123920607
S3150101CBC830D404F1430241463846C847013023D0DF
S3150101CBD823681A3454F80A2C03F00603042B0ABFF6
S3150101CBE854F80E5C002533684FF0000608BFED1AAC
S3150101CBF854F8123C08BF25EAE5759342C4BF9B1A4E
S3150101CC08ED18B5421AD1002008E0012352464146E2
S3150101CC183846C847013003D14FF0FF30BDE8F087E8
S3150101CC280135C1E7E1185A1C30200233224481F843
S3150101CC38430094F8451082F84310C2E701232246BE
S3150101CC4841463846C8470130E6D00136D9E7B1F938
S3150101CC580C202DE9F041170705460C4656D44B68B9
S3150101CC68002B02DC0B6C002B3DDDE66A002E3AD067
S3150101CC78002312F480522F68216A2B6025D0626D38
S3150101CC88A389580705D56368D21A636B0BB1236C5F
S3150101CC98D21A216A0023E66A2846B047411C24D0E4
S3150101CCA80023636023692360A389DA0400D56065DB
S3150101CCB8616B2F60B9B104F14403994202D0284648
S3150101CCC8FEF76FFC002363630DE001232846B04795
S3150101CCD8461C0246D4D12B68002BD1D01D2B01D07D
S3150101CCE8162B2AD12F6000202EE02A68B4F90C30C0
S3150101CCF842B11D2A01D0162A21D100236360236975
S3150101CD082360D5E7626022692260CEE70F69002FA9
S3150101CD18E9D093070E680F600CBF4B690023A6EB98
S3150101CD2807088B60B8F1000FDDDD43463A46216AF3
S3150101CD382846A66AB047002808DCB4F90C3043F046
S3150101CD4840034FF0FF30A381BDE8F0810744A8EB0A
S3150101CD580008E7E738B50B6905460C4613B90025FE
S3150101CD68284638BD18B1036A0BB9F8F781FBB4F93E
S3150101CD780C30002BF3D0626ED00704D4990502D486
S3150101CD88A06D00F03AF928462146FFF760FF636E68
S3150101CD980546DA07E4D4A3899B05E1D4A06D00F021
S3150101CDA82DF9DDE7C9B20346024410B59342184687
S3150101CDB801D1002003E0047801338C42F6D110BD7C
S3150101CDC80A44431E914200D1704710B511F8014B2F
S3150101CDD8914203F8014FF9D110BD062008B5F8F7BC
S3150101CDE8CBFC0120FBF706FF10B56AB1013984189E
S3150101CDF810F8012B11F8013F9A4203D1A04201D043
S3150101CE08002AF5D1D01A10BD1046FCE701390346AF
S3150101CE1810B532B111F8014F013A03F8014B002C53
S3150101CE28F7D11A440021934200D110BD03F8011B21
S3150101CE38F9E770B50D461446064618B1036A0BB9EA
S3150101CE48F8F716FB636ED90705D4A3899A0502D4A7
S3150101CE58A06D00F0D2F8A3891B0701D5236973BB1D
S3150101CE6821463046F8F7D8F848B3636EDA0702D493
S3150101CE78A3899B0529D54FF0FF3013E0A368013B30
S3150101CE88002BA3600FDB23685A1C2260197015F861
S3150101CE98011F0029F2D1636ED80702D4A389990526
S3150101CEA80FD5002070BDA269934201DB0A29EAD197
S3150101CEB822463046FFF70EFE0130E8D1D5E7013D9E
S3150101CEC8E5E7A06D00F09AF8EBE7A06D00F096F89A
S3150101CED8D1E7034613F8012B002AFBD1181A0138A9
S3150101CEE8704710B50C46B1F90E10F8F781FC002808
S3150101CEF8ABBF636DA3891B1823F48053ACBF63656C
S3150101CF08A38110BD2DE9F0411F468B8905460C46C3
S3150101CF18DB05164605D502230022B1F90E10F8F7ED
S3150101CF2855FCA3893246B4F90E10284623F48053D9
S3150101CF38A3813B46BDE8F041F8F700BB10B50C46A5
S3150101CF48B1F90E10F8F742FC431CA38915BF6065B8
S3150101CF5823F4805343F48053A38118BFA38110BDE1
S3150101CF68B1F90E10F8F7F8BB2DE9F84307468846DB
S3150101CF7814460026D4E90195B9F1010905D52468B4
S3150101CF88002CF7D13046BDE8F883AB89012B07D9C7
S3150101CF98B5F90E30013303D029463846C047064351
S3150101CFA86835E9E70139024410B5904201D10020FB
S3150101CFB805E0037811F8014FA34201D0181B10BDF2
S3150101CFC80130F2E7884210B501EB020402D9844225
S3150101CFD8234607D8431EA14208D011F8012B03F8AD
S3150101CFE8012FF8E7024401468A4200D110BD13F820
S3150101CFF8014D02F8014DF7E770477047704770B563
S3150101D0080C46B1F90E1096B0154600291E460CDAE2
S3150101D018A389002113F0800F14BF40234FF48063C5
S3150101D028002031602B6016B070BD6A46F8F7ACFB7B
S3150101D0380028EDDB019901F47041A1F5005359422C
S3150101D04859414FF48063EBE78B89F7B59D0706468E
S3150101D0580C4607D504F14703236023610123636164
S3150101D06803B0F0BD01AB6A46FFF7C9FF009F05464C
S3150101D07830463946FEF792FA48B9B4F90C309A05A1
S3150101D088EED423F0030343F00203A381E2E7A38964
S3150101D098206043F08003A381019BC4E904075BB1C6
S3150101D0A8B4F90E103046F8F781FB28B1A38923F0AC
S3150101D0B8030343F00103A381A3891D43A581CFE797
S3150101D0C82DE9F0471F468E6882460C46BE429046B8
S3150101D0D80B682DD8B1F90C2012F4906F26D0656929
S3150101D0E8096905EB4505A3EB01097B1C05EBD5751B
S3150101D0F84B446D109D4238BF1D46530527D5294618
S3150101D108FEF74CFA064660B34A462169FFF758FE0F
S3150101D118A38923F4906343F08003A38126614E44D6
S3150101D1286561A5EB090526603E46A560BE4200D9A3
S3150101D1383E46324641462068FFF744FFA368002070
S3150101D1489B1BA360236833442360BDE8F0872A4605
S3150101D158FEF72AFA06460028E0D121695046FEF76C
S3150101D16820FA0C234FF0FF30CAF80030A38943F0A7
S3150101D1784003A381E9E71F2938B505460C4604D9B9
S3150101D188162303604FF0FF3038BDC26B12B152F856
S3150101D19821304BB9284600F016F8224601462846A1
S3150101D1A8BDE83840F8F736BB012B0AD0591C03D123
S3150101D1B8162303600120E7E70021204642F82410DF
S3150101D1C898470020E0E7FBF718BD00002DE9F34772
S3150101D1D817460022044699460D46C265426500294D
S3150101D1E800F0B6800B688E682BB9002E00F0B0806E
S3150101D1F8984646460EE0002E51D14B68102B49D070
S3150101D208182B49D0202B40F0A68010220426564B14
S3150101D21853F822806B68182B43D0D9F80030DB0705
S3150101D2283FD4022000F0A5FC8246E3F75FDC4F4BB1
S3150101D238E0652360E36DBBBB012000F09AFC40F277
S3150101D248044148F0400200F0ADFCD9F80030064629
S3150101D25813F0010908D04FF080524FF4816100F0B3
S3150101D268A1FC4FF0020906463046E3F73FDC404B85
S3150101D278E0650C2239462360666504F5BD7000F048
S3150101D28879FABAF1000F01D0E36D0BB9002E65D019
S3150101D29800260BE03246BAE708221646B7E790465A
S3150101D2A8A7E74FF0FF3AC5E74FF00009E36D002BF9
S3150101D2B857D02146AA6851F8740B9301DBB292083B
S3150101D2C843EA0273426804F15C0802F1080C01227F
S3150101D2D802FA0CF2134382683343126843EA0903DB
S3150101D2E800924046E02200F023F9AB686BB9D5E913
S3150101D2F80001E3F77CDC23686A689B6801465B6881
S3150101D308404642F0005200F0CAFB0C213846E3F7C9
S3150101D3186EDC236801469B6840469B68154A00F006
S3150101D328BEFB002300220020C4E90823C4E9062321
S3150101D33804F13403C4E90B03102323722368C4E9F6
S3150101D3480300DB68A0626360A56502B0BDE8F087EA
S3150101D3586FF02100F9E76FF04100F6E76FF002007F
S3150101D368F3E76FF00100F0E78CEB010120EC010115
S3150101D378D0EB01010C000020F8B5C36D04460F4638
S3150101D388002B46D000F011FAD4E90805D4E90613B1
S3150101D39822680E1843EB0503956AAE4273F1000341
S3150101D3A805D2204600F02CFA6FF00200F8BD136988
S3150101D3B804F5AA72984704F15C0640B12368A16E87
S3150101D3C89B6830465B69144AE83100F068FB217AAB
S3150101D3D8384601F10F05E3F70BDC227A014630469F
S3150101D3E800F067FB237A25F00F05AB4206D0EA1A4E
S3150101D3F80021304642F0804200F05BFB00253046B1
S3150101D4084FF49371656004F1740200F065FB2846D7
S3150101D418CCE76FF02000C9E710000020F8B5C36D0D
S3150101D42804460E46002B7DD003685A68052A0AD19F
S3150101D438C26EDB691A4206D0036923B900F0E0F925
S3150101D4486FF04000F8BD204600F0AFF9D4E90805B0
S3150101D458D4E9061322680F1843EB0503956AAF420F
S3150101D46873F1000305D2204600F0CAF96FF00200F4
S3150101D478E8E7136904F5AA729847254655F85C3B0E
S3150101D48828B39B68A16E28465B69284AE83100F0F2
S3150101D49806FB6660A16E227A2846E83102F10F067B
S3150101D4A800F007FB237A26F00F06B34206D0F21ADB
S3150101D4B80021284642F0804200F0FBFA28464FF443
S3150101D4C8937104F1740200F007FB0020BAE71A6BA5
S3150101D4D8002ADED09B689B6903F0C003C02B09D1E2
S3150101D4E8636E53F80C2C103B002AFAD1DA6842F024
S3150101D4F82002DA60217A0029CCD0304601F10F07E2
S3150101D508E3F775DB236827F00F079A68237A92698F
S3150101D518FB1A014642EA0323284647F0005200F066
S3150101D528BEFAB7E76FF020008CE700BF10000020B4
S3150101D53870B504461D46049E00F0C3FA33462046DB
S3150101D548E1682561024ABDE8704000F0A8BA00BF4A
S3150101D558040000202DE9F04F0C4685B0002900F0A2
S3150101D568EA800846E2F7B6DF0546D0E90568E3F73A
S3150101D578B1D914F808EC34F806CC1EF0010F019064
S3150101D58802D0BCF1000F06D10198E3F79ED901201B
S3150101D59805B0BDE8F08FA968D5F810B034F8049C38
S3150101D5A8A1EBCC010BF10103A4F108070CF101026E
S3150101D5B8A9602B61B9F1000F43D04FEAC903029360
S3150101D5C8A7EBC903D888B3F802A0039018780EF01F
S3150101D5D8020EC00725D4BEF1000F25D10398A0EB91
S3150101D5E80A0EBEF1010F2CD10CF10202083952447F
S3150101D5F8C5F810B0A96034F802ECBEF1000F22D1CA
S3150101D60814F8081C24F806EC6EF3000104F8081C4A
S3150101D618013A5A801A786EF300021A700022DA80EA
S3150101D62845E0BEF1000F0CD002984A44091AA960D7
S3150101D63814F8081C6FF3410104F8081C00219980AC
S3150101D648D9E73B46D7E707EBCE0AD5E9001001EB47
S3150101D6580009CA450ED314F8081C013A6FF30001F3
S3150101D66804F8081C002124F8061C5A801A7861F36B
S3150101D6780002D2E717F83E70514617F001072FD07D
S3150101D68814F8087C013A6FF3000704F8087C0027AF
S3150101D69892B224F8067C5A801A7867F300021A7046
S3150101D6A8C3F107020A44C2F3CF02DA808A80002E47
S3150101D6B83FD0B3423DD37288002A08BF1E46B8F14E
S3150101D6C8000F06D0434504D8B8F80220002A18BF2E
S3150101D6D843460198C5E90563E3F7F7D8002057E7FB
S3150101D6E8AEEB0C0EBEF1010FCAD1BAF802C0AAF807
S3150101D6F802709444BAF80620CAB10AEBC20100279E
S3150101D7082A69013A2A61AA68083AAA6014F8082C12
S3150101D71824F8067C6FF3000204F8082C1A78A3F89A
S3150101D72802C067F300021A700029B9D176E71146DA
S3150101D738E5E71E46C3E722202AE701460020FFF74F
S3150101D74809BFFFF7FABFC000C90002F1080303F8D0
S3150101D758010D93424FEA1020F9D103F11002083362
S3150101D76802F8011D9A424FEA1121F9D101207047A8
S3150101D77800207047002310B5934200D110BDCC5C3F
S3150101D788C4540133F8E7C26810B5044662B10F32D1
S3150101D79822F0804222F00F02002142F080425C30E1
S3150101D7A800F087F90023E36010BD816A38B50446A4
S3150101D7B809B3006B01F10F05E3F719DA236825F0BF
S3150101D7C80F059A68A36A1269EB1A014642EA03230D
S3150101D7D804F15C0045F0005200F061F9A16AE368C1
S3150101D7E80B44E360D4E908325B1842F10002C4E94B
S3150101D7F808320023A3622046BDE83840FFF7C3BFBC
S3150101D80810B50446C06DE3F739D90023E36510BDA8
S3150101D818C36D2DE9F04704460F461646002B66D01F
S3150101D828B2F1807F05D3FFF7EBFF6FF03F00BDE84B
S3150101D838F087D0E906352B4304D0FFF7E1FF6FF0F6
S3150101D8484800F4E7836A98180F2808D8206B18440A
S3150101D858FFF790FFA36A1344A3620020E7E704F1E7
S3150101D8685C0AC3B11946206BE3F7C1D9236801469E
S3150101D8789B68A26A1B69504600F011F9A16AE3681F
S3150101D8880B44E360D4E908325B1842F10002C4E9AA
S3150101D89808320023A362E568384605EB060828F035
S3150101D8A80F09A9EB05052946E3F7A1D9236801461D
S3150101D8B89B682A461B69504600F0F1F8E3682B4438
S3150101D8C8E360D4E908325B1942F10002AE42C4E9C8
S3150101D8D80832C2D0206BA8EB0902231A3C3300EBAC
S3150101D8E8430020637919FFF745FFA262B5E76FF097
S3150101D8F820009CE72DE9F0479846C36D05468A46FF
S3150101D9081446002B48D0B2F1807F05D3FFF778FF83
S3150101D9186FF03F00BDE8F087D0F81090B9F1000F1C
S3150101D92804D0FFF76DFF6FF04A00F3E7FFF73DFFFC
S3150101D9380CB90020EEE72E4621465046E3F757D9A2
S3150101D94856F85C3B04F10F079B6827F00F075B69E3
S3150101D958A7EB040A014643EA0A23304647F0005277
S3150101D96800F09DF8D5E90623121943F10003C5E92B
S3150101D9780623214640462C61E3F73AD92246014658
S3150101D988304600F096F8BC42D3D0494630464AF0B3
S3150101D998804200F08EF8CCE76FF02000BAE7F8B5BF
S3150101D9A8C36D0446002B3CD05C3000F017F9431CCB
S3150101D9B8054603D020B12046FFF722FF2846F8BDC8
S3150101D9C8E36A002BF7D12368E66E9A69E06D164082
S3150101D9D804F5AA7708D05B6AC3F14601C3F59772C4
S3150101D9E83944E3F701D9E6E76368B3B14623394612
S3150101D9F8E822E3F7F9D833466068217AB14204D8B7
S3150101DA08002B18BF6FF00F05D5E7825D17F801CB1B
S3150101DA18013682EA0C021343F0E72B46E82239461E
S3150101DA28DFE76FF02005C9E710B50446E06DE3F7B6
S3150101DA3895D82046FFF7B3FF431CF7D010BD08B5AB
S3150101DA48C36D8BB103685A68052A07D1027A8A42DE
S3150101DA5804D0FFF7D5FE6FF0420008BDDB6A8B42A1
S3150101DA68F7D801720020F8E76FF02000F5E70023E7
S3150101DA7807B5019301ABFFF7A9FB03B05DF804FBF9
S3150101DA88002313B5019301AB0446FFF79FFB20B9A8
S3150101DA982268E36E12681343E36602B010BD10B53E
S3150101DAA8846821600021E360C4E9011210348460AD
S3150101DAB810BD836819600121C3E90112103383601E
S3150101DAC8704710B5C0E90121044600F1100100684B
S3150101DAD8E3F78BD8E06010BD2DE9F0431546C6681A
S3150101DAE8836885B0044688461022002168460836AF
S3150101DAF8A3F110093746E3F715DA28466B4681453E
S3150101DB082DD20121EA68696042F02002EA60AA6819
S3150101DB18206842F00052AA609A68596042F00052A0
S3150101DB289A60019D08F1080204F11001E3F75BD837
S3150101DB38324620680021E3F748D82A462068102191
S3150101DB48E3F743D8206803223421E3F745D80322B2
S3150101DB583821206805B0BDE8F043E3F73D984268EE
S3150101DB6822B15F60034610371030C8E76F6005467A
S3150101DB78F9E7F8B5002506462C4601272046E3F7BD
S3150101DB8803D868B14FF48061E3F718D8304218BF5A
S3150101DB9807FA04F304F1010418BF1D43202CEDD142
S3150101DBA82846F8BD2DE9F041002504460F46904661
S3150101DBB82E4614B92846BDE8F081E3070BD5304650
S3150101DBC8E2F7E2DF3946E2F7F9DF38EA000002BF98
S3150101DBD80123B3401D4301366408EAE770B52821DC
S3150101DBE805460068E2F7EADF3C2106462868E2F7BE
S3150101DBF8E5DF16F0240F00F0230407D0E2F7FADF78
S3150101DC082868FDF70FFE6FF01F0070BD3CB9286843
S3150101DC184FF0FF323021E2F7DFDF2046F5E74FF01B
S3150101DC28FF30F2E7C0E90021002282607047002334
S3150101DC3820298CBF19460131C0E90033816070473B
S3150101DC4800000000000000000000000000000000C4
S3150101DC580000000000000000F8B500BFF8BC08BCD0
S3150101DC689E467047F8B500BFF8BC08BC9E4670478A
S3150101DC7813B779FAC925DDB7ADF3CFE0F1B614B813
S3150101DC880102000000000000FFFFFFFF1000000075
S3150101DC980100000000000000000000000000000073
S3150101DCA80000000000000000000000000000000064
S3150101DCB80000000000000000000000000000000054
S3150101DCC849444C4500546D725100546D7220537686
S3150101DCD863000000512563FCC2CAB9F3849E17A7E4
S3150101DCE8ADFAE6BCFFFFFFFFFFFFFFFF00000000E3
S3150101DCF8FFFFFFFFF551BF376840B6CBCE5E316BEB
S3150101DD085733CE2B169E0F7C4AEBE78E9B7F1AFE65
S3150101DD18E242E34F96C298D84539A1F4A033EB2DD7
S3150101DD28817D0377F240A463E5E6BCF847422CE11D
S3150101DD38F2D1176B4B60D2273E3CCE3BF6B053CCA2
S3150101DD48B0061D65BC86987655BDEBB3E7933AAA2D
S3150101DD58D835C65AFFFFFFFFFFFFFFFFFFFFFFFF92
S3150101DD6800000000000000000000000001000000A2
S3150101DD78FFFFFFFF01000000A8DD0101000000000F
S3150101DD8800000000A5DD0101A2DD01019FDD010100
S3150101DD989CDD01010B40800A3080092040081C40A6
S3150101DDA80514402A864886F70D020700686D6163E6
S3150101DDB85348413100484D41432D5348412D3100C6
S3150101DDC82A864886F70D020800686D616353484142
S3150101DDD832323400484D41432D5348412D323234B4
S3150101DDE8002A864886F70D020900686D6163534862
S3150101DDF84132353600484D41432D5348412D32357F
S3150101DE0836002A864886F70D020A00686D61635352
S3150101DE18484133383400484D41432D5348412D3348
S3150101DE283834002A864886F70D020B00686D61634E
S3150101DE3853484135313200484D41432D5348412D0F
S3150101DE48353132002B0E03021A0069642D7368619C
S3150101DE5831006086480165030402040069642D7373
S3150101DE6868613232340060864801650304020100A3
S3150101DE7869642D7368613235360060864801650328
S3150101DE880402020069642D736861333834006086BF
S3150101DE98480165030402030069642D73686135311C
S3150101DEA832002B0E030207006465734342430044A3
S3150101DEB845532D434243002A864886F70D03070039
S3150101DEC86465732D656465332D6362630044455347
S3150101DED82D454445332D4342430060864801650378
S3150101DEE8040102006165733132382D6362630041B1
S3150101DEF845533132382D4342430060864801650353
S3150101DF08040116006165733139322D63626300417B
S3150101DF1845533139322D4342430060864801650331
S3150101DF2804012A006165733235362D636263004146
S3150101DF3845533235362D434243002A8648CE3D03A1
S3150101DF48010700736563703235367231002A8648D6
S3150101DF5886F70D01010100727361456E637279706D
S3150101DF6874696F6E00525341002A8648CE3D0201FB
S3150101DF780069642D65635075626C69634B65790047
S3150101DF8847656E65726963204543206B6579002B88
S3150101DF988104010C0069642D6563444800454320E9
S3150101DFA86B657920666F722045434448002A864885
S3150101DFB8CE3D04010065636473612D776974682D2B
S3150101DFC853484131004543445341207769746820D8
S3150101DFD853484131002A8648CE3D04030100656351
S3150101DFE86473612D776974682D534841323234005F
S3150101DFF84543445341207769746820534841323275
S3150101E00834002A8648CE3D040302006563647361C0
S3150101E0182D776974682D5348413235360045434495
S3150101E0285341207769746820534841323536002AAD
S3150101E0388648CE3D0403030065636473612D7769E0
S3150101E04874682D53484133383400454344534120BC
S3150101E0587769746820534841333834002A8648CE93
S3150101E0683D0403040065636473612D776974682D42
S3150101E0785348413531320045434453412077697448
S3150101E088682053484135313200616E79506F6C69A8
S3150101E098637900416E7920506F6C696379002B06AB
S3150101E0A80105050703010069642D6B702D736572FE
S3150101E0B87665724175746800544C53205765622020
S3150101E0C85365727665722041757468656E74696304
S3150101E0D86174696F6E002B06010505070302006964
S3150101E0E8642D6B702D636C69656E74417574680076
S3150101E0F8544C532057656220436C69656E742041FF
S3150101E108757468656E7469636174696F6E002B064F
S3150101E1180105050703030069642D6B702D636F649F
S3150101E128655369676E696E6700436F646520536954
S3150101E138676E696E67002B06010505070304006909
S3150101E148642D6B702D656D61696C50726F746563B1
S3150101E15874696F6E00452D6D61696C2050726F741B
S3150101E168656374696F6E002B0601050507030800CF
S3150101E17869642D6B702D74696D655374616D706970
S3150101E1886E670054696D65205374616D70696E67B8
S3150101E198002B060105050703090069642D6B702D1E
S3150101E1A84F4353505369676E696E67004F43535026
S3150101E1B8205369676E696E67002B0601040182E4C3
S3150101E1C825010069642D6B702D776973756E2D664E
S3150101E1D8616E2D6465766963650057692D53554EE0
S3150101E1E820416C6C69616E6365204669656C6420C2
S3150101E1F841726561204E6574776F726B20284641BD
S3150101E2084E2900551D130069642D63652D626173DD
S3150101E2186963436F6E73747261696E7473004261E7
S3150101E22873696320436F6E73747261696E747300E7
S3150101E238551D0F0069642D63652D6B6579557361EC
S3150101E248676500551D250069642D63652D6578741B
S3150101E2584B6579557361676500457874656E6465C3
S3150101E26864204B657920557361676500551D110059
S3150101E27869642D63652D7375626A656374416C748E
S3150101E2884E616D65005375626A65637420416C74EC
S3150101E298204E616D65006086480186F842010100DC
S3150101E2A869642D6E657473636170652D6365727436
S3150101E2B874797065004E6574736361706520436591
S3150101E2C8727469666963617465205479706500556C
S3150101E2D81D200069642D63652D636572746966691C
S3150101E2E863617465506F6C6963696573004365722F
S3150101E2F8746966696361746520506F6C69636965E0
S3150101E3087300551D0E0069642D63652D7375626A67
S3150101E3186563744B65794964656E74696669657285
S3150101E328005375626A656374204B65792049646592
S3150101E3386E74696669657200551D230069642D63EA
S3150101E348652D617574686F726974794B657949646C
S3150101E358656E74696669657200417574686F72697B
S3150101E3687479204B6579204964656E7469666965B6
S3150101E37872005504030069642D61742D636F6D6D17
S3150101E3886F6E4E616D6500436F6D6D6F6E204E61E7
S3150101E3986D6500434E005504060069642D61742DAF
S3150101E3A8636F756E7472794E616D6500436F756E33
S3150101E3B8747279005504070069642D61742D6C6FB7
S3150101E3C863616C697479004C6F63616C6974790076
S3150101E3D85504080069642D61742D737461746500AF
S3150101E3E853746174650053540055040A0069642D18
S3150101E3F861742D6F7267616E697A6174696F6E4EA8
S3150101E408616D65004F7267616E697A6174696F6ED4
S3150101E418004F0055040B0069642D61742D6F7267F5
S3150101E428616E697A6174696F6E616C556E69744E54
S3150101E438616D65004F726720556E6974004F55000D
S3150101E4482A864886F70D01090100656D61696C41E6
S3150101E45864647265737300452D6D61696C2061642D
S3150101E4686472657373005504050069642D61742D21
S3150101E47873657269616C4E756D6265720053657279
S3150101E48869616C206E756D626572005504100069CB
S3150101E498642D61742D706F7374616C416464726566
S3150101E4A8737300506F7374616C2061646472657370
S3150101E4B873005504110069642D61742D706F7374AD
S3150101E4C8616C436F646500506F7374616C20636F8F
S3150101E4D86465005504040069642D61742D737572B0
S3150101E4E84E616D65005375726E616D6500534E001F
S3150101E4F855042A0069642D61742D676976656E4E26
S3150101E508616D6500476976656E206E616D650047C7
S3150101E5184E0055042B0069642D61742D696E697469
S3150101E52869616C7300496E697469616C730055049C
S3150101E5382C0069642D61742D67656E657261746954
S3150101E5486F6E5175616C69666965720047656E65BD
S3150101E558726174696F6E207175616C69666965723C
S3150101E5680055040C0069642D61742D7469746C6518
S3150101E578005469746C650055042E0069642D617433
S3150101E5882D646E5175616C696669657200446973BA
S3150101E59874696E67756973686564204E616D652076
S3150101E5A87175616C69666965720055044100696432
S3150101E5B82D61742D70736575646F6E796D00507375
S3150101E5C86575646F6E796D000992268993F22C64DB
S3150101E5D801010069642D75696400557365722049E5
S3150101E5E864000992268993F22C6401190069642D44
S3150101E5F8646F6D61696E436F6D706F6E656E7400E0
S3150101E608446F6D61696E20636F6D706F6E656E74AF
S3150101E6180044430055042D0069642D61742D756EFE
S3150101E628697175654964656E7469666965720055CE
S3150101E6386E69717565204964656E74696669657285
S3150101E6480000000042DF0101080000004BDF010163
S3150101E6584BDF01010300000000000000000000007B
S3150101E66800000000000000000000000055DF010164
S3150101E678090000005FDF01016DDF010101000000F2
S3150101E68871DF01010700000079DF010188DF01015E
S3150101E6980200000097DF0101050000009DDF01016D
S3150101E6A8A5DF0101030000000000000000000000D1
S3150101E6B8000000000000000000000000B5DF0101B4
S3150101E6C807000000BDDF0101CDDF010105040000DE
S3150101E6D8DDDF010108000000E6DF0101F8DF0101C4
S3150101E6E8080400000AE001010800000013E0010125
S3150101E6F825E001010904000037E0010108000000D5
S3150101E70840E0010152E001010A04000064E001014F
S3150101E718080000006DE001017FE001010B04000022
S3150101E72800000000000000000000000000000000D9
S3150101E738000000004F7061717565004543445341FE
S3150101E7480045435F444800454300000007000000B7
S3150101E7583CE70101BB740101AF740101000000002E
S3150101E768C1C3000100000000000000000000000014
S3150101E7780000000000000000000000000700000082
S3150101E7883CE70101BB7401019F7401013DC500010B
S3150101E798E97401010000000000000000B9C500018B
S3150101E7A80000000000000000000000000000000059
S3150101E7B8505341004B455900000000007BFF80B0D2
S3150101E7C879FF80B078FF80B176FF00B16CFF00B3A5
S3150101E7D86BFF00B2202C3D2B3C3E233B225C0052B1
S3150101E7E80073746174654F7250726F76696E6365F1
S3150101E7F84E616D65000000009BE301010200000006
S3150101E8087AE301010C00000084E301010A0000001A
S3150101E8187AE301010C00000020DF0101010000007B
S3150101E8289EE3010113000000A8E301010B000000AA
S3150101E8389EE301011300000019E401010100000032
S3150101E848F1E301010C000000FBE3010110000000E6
S3150101E858F1E301010C0000003BF401010100000094
S3150101E868BCE301010C000000C6E301010800000038
S3150101E878BCE301010C000000E7E70101010000000A
S3150101E88848E401011600000045E401010200000007
S3150101E8981BE401010C00000025E40101160000003A
S3150101E8A81BE401010C000000EEE301010200000076
S3150101E8B8D8E301010C000000E9E70101130000009A
S3150101E8C8D8E301010C00000052E401010C0000002B
S3150101E8D848E401011600000078E401010C0000007A
S3150101E8E86EE40101130000009DE401010D00000021
S3150101E8F893E4010113000000C4E401010A000000C8
S3150101E908BAE401011300000089E501010B000000C9
S3150101E9187FE501011300000073E50101050000000F
S3150101E92869E501010C000000E5E4010107000000A9
S3150101E938DBE401010C000000F5E40101020000001D
S3150101E948DBE401010C00000002E5010109000000F8
S3150101E958F8E401010C00000017E5010102000000BD
S3150101E968F8E401010C00000024E50101080000009A
S3150101E9781AE501010C000000BCE5010109000000CE
S3150101E988B2E501010C00000040E501011300000098
S3150101E99836E501010C000000F8E501010F00000050
S3150101E9A8EAE501011600000019E60101020000006D
S3150101E9B8EAE5010116000000000000000000000060
S3150101E9C800000000050000002A864886F70D0109A6
S3150101E9D80E002D2D2D2D2D454E44204345525449CA
S3150101E9E846494341544520524551554553542D2DC8
S3150101E9F82D2D2D0A002D2D2D2D2D424547494E2010
S3150101EA084345525449464943415445205245515576
S3150101EA184553542D2D2D2D2D0A00000045000101C8
S3150101EA2851960101A9000101F50001013F97010173
S3150101EA383B9701011997010173960101DB960101C2
S3150101EA48AD96010175960101340000000302020326
S3150101EA58000000C1059ED8367CD5073070DD17F751
S3150101EA680E5939FFC00B316858151164F98FA7BEC4
S3150101EA78FA4FA4006A09E667BB67AE853C6EF37275
S3150101EA88A54FF53A510E527F9B05688C1F83D9AB69
S3150101EA985BE0CD1900CBBB9D5DC1059ED8629A2964
S3150101EAA82A367CD5079159015A3070DD17152FEC95
S3150101EAB8D8F70E593967332667FFC00B318EB44A29
S3150101EAC88768581511DB0C2E0D64F98FA747B548D0
S3150101EAD81DBEFA4FA4006A09E667F3BCC908BB67FC
S3150101EAE8AE8584CAA73B3C6EF372FE94F82BA54FFB
S3150101EAF8F53A5F1D36F1510E527FADE682D19B057E
S3150101EB08688C2B3E6C1F1F83D9ABFB41BD6B5BE048
S3150101EB18CD19137E217900141C2030406745230144
S3150101EB28EFCDAB8998BADCFE10325476C3D2E1F047
S3150101EB3800000000000000000000000000000000C5
S3150101EB48000000008D92928C8C8B8BFFFFFFFF00DA
S3150101EB58000000FFFFFFFFFFFFFFFFBCE6FAADA7BD
S3150101EB68179E84F3B9CAC2FC63255100100000003F
S3150101EB785F00000002000000140000001A000000F6
S3150101EB887274740000000001FFFFFFFFFFFFFFFF22
S3150101EB98FFFFFFFFFFFFFFFFFFFFFFFFFFFFFFFF75
S3150101EBA8FFFFFFFF00000002FFFFFFFFFFFFFFFF5F
S3150101EBB8FFFFFFFFFFFFFFFFFFFFFFFFFFFFFFFF55
S3150101EBC8FFFFFFFF0000000401000000060000002E
S3150101EBD804EC0101000000004FD70101E127010101
S3150101EBE820000000100000001000000020000000B5
S3150101EBF800000000010000000000000011000000F3
S3150101EC081108000011280000000000004100000061
S3150101EC1801000000010000000100000000000000E1
S3150101EC2864EC010154EC010179D7010100000000EE
S3150101EC3800000000000000001000000000000000B4
S3150101EC4801000000100000000100000000000000A2
S3150101EC58000000000000000000000000160000008E
S3150101EC6816100000363000000000000046000000C2
S3150101EC7806000000C6000000200600000002000090
S3150101EC880004000040000000800000004000000070
S3150101EC98900000000528010110060000000200008D
S3150101ECA80004000030000000800000004000000060
S3150101ECB89000000005280101080600000002000075
S3150101ECC800040000200000004000000020000000B0
S3150101ECD848000000052801010406000000020000A1
S3150101ECE8000400001C000000400000002000000094
S3150101ECF84800000005280101020600000002000083
S3150101ED080004000014000000400000001400000087
S3150101ED1848000000052801011300000063000000F6
S3150101ED28A3000000030000005465726D696E616CF1
S3150101ED38000000000000005454522052454747453F
S3150101ED4853002530345800233043303425303258A6
S3150101ED58253032582530325825303258004D6174E4
S3150101ED687465722044657669636500434E3D257372
S3150101ED782C20312E332E362E312E342E312E333789
S3150101ED883234342E322E313D25732C20312E332E39
S3150101ED98362E312E342E312E33373234342E322E4D
S3150101EDA8323D257300010204000000000000000045
S3150101EDB865BF0101FDC00101DD330101000000004C
S3150101EDC80000000063BF0101C5C00101F93001015D
S3150101EDD859BF010129320101793101016D3201015F
S3150101EDE867BF0101000000000000000061BF0101C9
S3150101EDF8D3C0010155BF010159BF010129320101E1
S3150101EE087931010181330101B5BF0101000000001A
S3150101EE18000000005FBF0101E1C00101B9C00101A4
S3150101EE2859BF01012932010179310101FD3201017E
S3150101EE38B5BF010100000000000000005DBF01012E
S3150101EE48EFC0010155BF010159BF01012932010174
S3150101EE5879310101E9320101B5BF010125640030AA
S3150101EE683030303030303000000000000000000042
S3150101EE78F9C2010199C301015FC2010187C20101F9
S3150101EE880BC30101A9C2010115360101BFC3010164
S3150101EE98F5C20101F5C20101813601019538010168
S3150101EEA8DD3F0101014001012D40010151400101EF
S3150101EEB87D400101A1400101C5400101E94001016E
S3150101EEC80D41010135410101ED3B0101CDC40101AD
S3150101EED8F93C0101C5410101114201016FC6010157
S3150101EEE8713D0101113E01017BC601016142010129
S3150101EEF87942010191420101F14201013FC5010135
S3150101EF085DC501017BC5010191C5010199C50101D3
S3150101EF180D440101B1C60101E5430101B9410101EF
S3150101EF2867C60101FCFFFFFF00000000FBC20101EA
S3150101EF38A7C301010FC6010107C601011FC60101C8
S3150101EF4817C6010137C601012FC6010127C60101ED
S3150101EF58FFC50101C5C4010127C501013FC601015B
S3150101EF6847C601012FC5010145C2010149C2010176
S3150101EF784DC2010151C2010159C201010536010101
S3150101EF88F4FFFFFF0000000007C30101ADC3010142
S3150101EF9857C601014FC601015FC6010137C5010106
S3150101EFA8DBC5010173C601016BC60101F0FFFFFF54
S3150101EFB80000000003C30101B3C3010189C60101B0
S3150101EFC881C6010199C6010155C5010191C6010112
S3150101EFD873C5010189C5010195C50101D3C50101A1
S3150101EFE8A1C60101ECFFFFFF00000000FFC20101FC
S3150101EFF8B9C30101B9C60101A9C60101B5C6010114
S3150101F008040004002D002D00252E3473252E32739C
S3150101F018252E327300496E76616C6964206D616EC5
S3150101F02875666163747572696E6720646174653AA0
S3150101F0382025730055314242533055795543424C87
S3150101F0485A586B675532467364413D3D00755746BB
S3150101F05877717567444E476945636B2F706F374BF7
S3150101F0684877774D7777715A674E313058757942B6
S3150101F078616A504775797A5545562F6972656534BE
S3150101F0886C4F72616F354775776E6C513635434AE8
S3150101F0987A62655542343973333145482B4E456B8E
S3150101F0A867304A5649354D474351474D4D542F53BC
S3150101F0B85250464E524F446D3377482F4D4269653A
S3150101F0C86875466336464A2F4E4836526D7A773DFC
S3150101F0D83D0000112233445566778899AABBCCDDD8
S3150101F0E8EEFF00000000000000000000EBC5010171
S3150101F0F8EDC50101013F0101853E0101E3C501019B
S3150101F108E3C50101E3C50101E3C50101E7C5010143
S3150101F118E7C50101D13E01019D3E010125732C205F
S3150101F128616464723A3078253036782B2530337527
S3150101F1382C2073697A653A257500544553545F56EF
S3150101F148455253494F4E0076616C7565203C3D2009
S3150101F1586B4D61784469736372696D696E61746F28
S3150101F1687256616C756500476574436572746966A3
S3150101F17869636174696F6E4465636C61726174690F
S3150101F1886F6E0047657450726F6475637441747468
S3150101F1986573746174696F6E496E7465726D6564C0
S3150101F1A86961746543657274004765744465766976
S3150101F1B863654174746573746174696F6E436572CD
S3150101F1C874005369676E576974684465766963653E
S3150101F1D84174746573746174696F6E4B65792C201A
S3150101F1E86B69643A25752C206D73675F73697A6556
S3150101F1F83A25752C207369675F73697A653A2575AE
S3150101F2082C206572723A3078253032780025733AA6
S3150101F21825642066616C73653A20256C78002D009A
S3150101F2280000494E0000424C45004D4C0000534D2B
S3150101F2380000454D0000544C560041534E004352BF
S3150101F248000043544C00414C000053430000424422
S3150101F2585800444D470044430000444400004543D7
S3150101F2684800465000004E500000534400005350D8
S3150101F27800005357550046530000545300004842B5
S3150101F288000043534C0045564C0053505400544F0B
S3150101F2984F005A434C0053480000444C0000535058
S3150101F2A84C005356520044495300494D00005453EA
S3150101F2B854004F53530041544D0043534D004943A4
S3150101F2C84400465300005041460043414D004A4619
S3150101F2D8000041424F52543A20636869703A3A50E4
S3150101F2E86C6174666F726D3A3A25732829206361D8
S3150101F2F86C6C6564206265666F7265206368697006
S3150101F3083A3A506C6174666F726D3A3A4D656D6F32
S3150101F3187279496E697428290A0041424F52543A51
S3150101F32820636869703A3A506C6174666F726D3A16
S3150101F3383A4D656D6F7279496E6974282920636141
S3150101F3486C6C65642074776963652E0A004D656D79
S3150101F3586F7279416C6C6F63004D656D6F72794699
S3150101F368726565004661696C656420746F20696D13
S3150101F378706F72742061206B6579206572726F7284
S3150101F3883A256C640A000000000000000000000034
S3150101F398000000000000000000000000000000005D
S3150101F3A8000000000000000000000000000000004D
S3150101F3B8000000000000000000000000000000003D
S3150101F3C8000000000000000000000000000000002D
S3150101F3D8000000005947010167C901016BC9010113
S3150101F3E86FC901018BC9010173C9010175C90101FF
S3150101F3F879C901017BC901017FC9010183C90101DB
S3150101F40895470101A9470101E147010187C90101A0
S3150101F4189BC901014D4701017D47010150726F7673
S3150101F4286973696F6E205461736B00232D302B202C
S3150101F43800686C4C006566674546470030313233D2
S3150101F448343536373839414243444546003031323D
S3150101F45833343536373839616263646566000020AD
S3150101F4682020202020202020282828282820202064
S3150101F4782020202020202020202020202020208814
S3150101F4881010101010101010101010101010100478
S3150101F49804040404040404040410101010101010C8
S3150101F4A841414141414101010101010101010101BC
S3150101F4B801010101010101010101101010101010D2
S3150101F4C8424242424242020202020202020202028C
S3150101F4D802020202020202020202101010102000A8
S3150101F4E8000000000000000000000000000000000C
S3150101F4F800000000000000000000000000000000FC
S3150101F50800000000000000000000000000000000EB
S3150101F51800000000000000000000000000000000DB
S3150101F52800000000000000000000000000000000CB
S3150101F53800000000000000000000000000000000BB
S3150101F54800000000000000000000000000000000AB
S3150101F558000000000000000000000000000000009B
S30D0101F568D4167E7F01000000AB
S3110101F5707CF50101287B0020E702000068
S3150101F57C00000000AAAAAAAA370000002D0F8000DC
S3150101F58C0F8901010F8901011589010115890101F3
S3150101F59C80D5430280D1F00880D54302008000005A
S3150101F5AC00F04902607B00200050380100A00000E8
S3150101F5BC044A0020C8000000FE0000000000000003
S3150101F5CC34EA010124EA010102000000A8350020F8
S3150101F5DC000005009C7B002088EB01010100000065
S3150101F5ECA526010100000000F9AF01010000000090
S3150101F5FCE3AF010111000000000000000000004111
S3150101F60C0000000001000000004000410000000064
S3150101F61C78EE010134EF01010000000090EF0101C8
S3150101F62CBCEF0101F4EF0101000000000000000034
S3150101F63C00000000000000000000000000000000B6
S3150101F64C00020000000000000000000000000000A4
S3150101F65C0000000000000000000000000000000096
S3150101F66C0000000000000000000000000000000086
S3150101F67C0000000000000000000000000000000076
S3150101F68C00000000F4F0010100000000B8ED0101D9
S3150101F69C010000008C7B0020547C0020000000003E
S3150101F6AC145800207C580020E4580020000000006A
S3150101F6BC0000000000000000000000000000000036
S3150101F6CC0000000000000000000000000000000026
S3150101F6DC0000000000000000000000000000000016
S3150101F6EC0000000000000000000000000300000003
S3150101F6FC145800200C0000000000020481B5010120
S3150101F70C35B0000161300101D935010121480101F1
S3150101F71C0DB0000100000000000000000000000017
S3150101F72C00000000000000000000000000000000C5
S3150101F73C00000000000000000000000000000000B5
S3150101F74C00000000000000000000000000000000A5
S3150101F75C0000000000000000000000000000000095
S3150101F76C0000000000000000000000000000000085
S3150101F77C0000000000000000000000000000000075
S3150101F78C0000000000000000000000000000000065
S3150101F79C0000000000000000000000000000000055
S3150101F7AC0000000000000000000000000000000045
S3150101F7BC0000000000000000000000000000000035
S3150101F7CC0000000000000000000000000000000025
S3150101F7DC0000000000000000000000000000000015
S3150101F7EC0000000000000000000000000000000005
S3150101F7FC00000000000000000000000000000000F5
S3150101F80C00000000000000000000000000000000E4
S3150101F81C00000000000000000000000000000000D4
S3150101F82C00000000000000000000000000000000C4
S3150101F83C00000000000000000000000000000000B4
S3150101F84C00000000000000000000000000000000A4
S3150101F85C0000000000000000000000000000000094
S3150101F86C0000000000000000000000000000000084
S3150101F87C0000000000000000000000000000000074
S3150101F88C0000000000000000000000000000000064
S3150101F89C0000000000000000000000000000000054
S3150101F8AC0000000000000000000000000000000044
S3150101F8BC0000000000000000000000000000000034
S3150101F8CC0000000000000000000000000000000024
S3150101F8DC0000000000000000000000000000000014
S3150101F8EC0000000000000000000000000000000004
S3150101F8FC00000000000000000000000000000000F4
S3150101F90C00000000000000000000000000000000E3
S3150101F91C00000000000000000000000000000000D3
S3150101F92C00000000000000000000000000000000C3
S3150101F93C00000000000000000000000000000000B3
S3150101F94C00000000000000000000000000000000A3
S3150101F95C0000000000000000000000000000000093
S3150101F96C0000000000000000000000000000000083
S3150101F97C0000000000000000000000000000000073
S3150101F98C0000000000000000000000000000000063
S3150101F99C0000000000000000000000000000000053
S3150101F9AC0000000000000000000000000000000043
S3150101F9BC0000000000000000000000000000000033
S3150101F9CC0000000000000000000000000000000023
S3150101F9DC0000000000000000000000000000000013
S3150101F9EC0000000000000000000000000000000003
S3150101F9FC00000000000000000000000000000000F3
S3150101FA0C00000000000000000000000000000000E2
S3150101FA1C00000000000000000000000000000000D2
S3150101FA2C00000000000000000000000000000000C2
S3150101FA3C00000000000000000000000000000000B2
S3150101FA4C00000000000000000000000000000000A2
S3150101FA5C0000000000000000000000000000000092
S3150101FA6C0000000000000000000000000000000082
S3150101FA7C0000000000000000000000000000000072
S3150101FA8C0000000000000000000000000000000062
S3150101FA9C0000000000000000000000000000000052
S3150101FAAC0000000000000000000000000000000042
S3150101FABC0000000000000000000000000000000032
S3150101FACC0000000000000000000000000000000022
S3150101FADC0000000000000000000000000000000012
S3150101FAEC0000000000000000000000000000000002
S3150101FAFC00000000000000000000000000000000F2
S3150101FB0C00000000000000000000000000000000E1
S3150101FB1C00000000000000000000000000000000D1
S3150101FB2C00000000000000000000000000000000C1
S3150101FB3C00000000000000000000000000000000B1
S3150101FB4C00000000000000000000000000000000A1
S3150101FB5C0000000000000000000000000000000091
S3150101FB6C0000000000000000000000000000000081
S3150101FB7C0000000000000000000000000000000071
S3150101FB8C0000000000000000000000000000000061
S3150101FB9C0000000000000000000000000000000051
S3150101FBAC0000000000000000000000000000000041
S3150101FBBC0000000000000000000000000000000031
S3150101FBCC0000000000000000000000000000000021
S3150101FBDC0000000000000000000000000000000011
S3150101FBEC0000000000000000000000000000000001
S3150101FBFC00000000000000000000000000000000F1
S3150101FC0C00000000000000000000000000000000E0
S3150101FC1C00000000000000000000000000000000D0
S3150101FC2C00000000000000000000000000000000C0
S3150101FC3C00000000000000000000000000000000B0
S3150101FC4C00000000000000000000000000000000A0
S3150101FC5C0000000000000000000000000000000090
S3150101FC6C0000000000000000000000000000000080
S3150101FC7C0000000000000000000000000000000070
S3150101FC8C0000000000000000000000000000000060
S3150101FC9C0000000000000000000000000000000050
S3150101FCAC0000000000000000000000000000000040
S3150101FCBC0000000000000000000000000000000030
S3150101FCCC0000000000000000000000000000000020
S3150101FCDC0000000000000000000000000000000010
S3150101FCEC0000000000000000000000000000000000
S3150101FCFC00000000000000000000000000000000F0
S3150101FD0C00000000000000000000000000000000DF
S3150101FD1C00000000000000000000000000000000CF
S3150101FD2C00000000000000000000000000000000BF
S3150101FD3C00000000000000000000000000000000AF
S3150101FD4C000000000000000000000000000000009F
S3150101FD5C000000000000000000000000000000008F
S3150101FD6C000000000000000000000000000000007F
S3150101FD7C000000000000000000000000000000006F
S3150101FD8C000000000000000000000000000000005F
S3150101FD9C000000000000000000000000000000004F
S3150101FDAC000000000000000000000000000000003F
S3150101FDBC000000000000000000000000000000002F
S3150101FDCC000000000000000000000000000000001F
S3150101FDDC000000000000000000000000000000000F
S3150101FDEC00000000000000000000000000000000FF
S3150101FDFC00000000000000000000000000000000EF
S3150101FE0C00000000000000000000000000000000DE
S3150101FE1C00000000000000000000000000000000CE
S3150101FE2C00000000000000000000000000000000BE
S3150101FE3C00000000000000000000000000000000AE
S3150101FE4C000000000000000000000000000000009E
S3150101FE5C000000000000000000000000000000008E
S3150101FE6C000000000000000000000000000000007E
S3150101FE7C000000000000000000000000000000006E
S3150101FE8C000000000000000000000000000000005E
S3150101FE9C000000000000000000000000000000004E
S3150101FEAC000000000000000000000000000000003E
S3150101FEBC000000000000000000000000000000002E
S3150101FECC000000000000000000000000000000001E
S3150101FEDC000000000000000000000000000000000E
S3150101FEEC00000000000000000000000000000000FE
S3150101FEFC00000000000000000000000000000000EE
S3150101FF0C00000000000000000000000000000000DD
S3150101FF1C00000000000000000000000000000000CD
S3150101FF2C00000000000000000000000000000000BD
S3150101FF3C00000000000000000000000000000000AD
S3150101FF4C000000000000000000000000000000009D
S3150101FF5C000000000000000000000000000000008D
S3150101FF6C000000000000000000000000000000007D
S3150101FF7C000000000000000000000000000000006D
S3150101FF8C000000000000000000000000000000005D
S3150101FF9C000000000000000000000000000000004D
S3150101FFAC000000000000000000000000000000003D
S3150101FFBC000000000000000000000000000000002D
S3150101FFCC000000000000000000000000000000001D
S3150101FFDC000000000000000000000000000000000D
S3150101FFEC00000000000000000000000000000000FD
S3150101FFFC00000000000000000000000000000000ED
S3150102000C00000000000000000000000000000000DB
S3150102001C00000000000000000000000000000000CB
S3150102002C00000000000000000000000000000000BB
S3150102003C00000000000000000000000000000000AB
S3150102004C000000000000000000000000000000009B
S3150102005C000000000000000000000000000000008B
S3150102006C000000000000000000000000000000007B
S3150102007C000000000000000000000000000000006B
S3150102008C000000000000000000000000000000005B
S3150102009C000000000000000000000000000000004B
S315010200AC000000000000000000000000000000003B
S315010200BC000000000000000000000000000000002B
S315010200CC000000000000000000000000000000001B
S315010200DC000000000000000000000000000000000B
S315010200EC00000000000000000000000000000000FB
S315010200FC00000000000000000000000000000000EB
S3110102010C000000000000000000000000DE
S70501018C1D4F
