S01C00006275696C642F64656275672F67656E657261746F722E7333379C
S31501008000003300204D00011101020111010201118D
S315010080100102011101020111010201110102011105
S3150100802001020111010201110102011101020111F5
S3150100803001020111585B0301010201110102011143
S315010080400000000000000000000000000000000029
S315010080500000000000000000000000000000000019
S315010080600000000000000000000000000000000009
S3150100807000000000000000000000000000000000F9
S3150100808000000000000000000000000000000000E9
S3150100809000000000000000000000000000000000D9
S315010080A000000000000000000000000000000000C9
S315010080B000000000000000000000000000000000B9
S315010080C000000000000000000000000000000000A9
S315010080D00000000000000000000000000000000099
S315010080E00000000000000000000000000000000089
S315010080F00000000000000000000000000000000079
S315010081000000000000000000000000000000000068
S315010081100000000000000000000000000000000058
S315010081200000000000000000000000000000000048
S315010081300000000000000000000000000000000038
S315010081400000000000000000000000000000000028
S315010081500000000000000000000000000000000018
S315010081600000000000000000000000000000000008
S3150100817000000000000000000000000000000000F8
S3150100818000000000000000000000000000000000E8
S3150100819000000000000000000000000000000000D8
S315010081A000000000000000000000000000000000C8
S315010081B000000000000000000000000000000000B8
S315010081C000000000000000000000000000000000A8
S315010081D00000000000000000000000000000000098
S315010081E00000000000000000000000000000000088
S315010081F00000000000000000000000000000000078
S315010082000000000000000000000000000000000067
S315010082100000000000000000000000000000000057
S315010082200000000000000000000000000000000047
S315010082300000000000000000000000000000000037
S315010082400000000000000000000000000000000027
S315010082500000000000000000000000000000000017
S315010082600000000000000000000000000000000007
S3150100827000000000000000000000000000000000F7
S3150100828000000000000000000000000000000000E7
S3150100829000000000000000000000000000000000D7
S315010082A000000000000000000000000000000000C7
S315010082B000000000000000000000000000000000B7
S315010082C000000000000000000000000000000000A7
S315010082D00000000000000000000000000000000097
S315010082E00000000000000000000000000000000087
S315010082F00000000000000000000000000000000077
S315010083000000000000000000000000000000000066
S315010083100000000000000000000000000000000056
S315010083200000000000000000000000000000000046
S315010083300000000000000000000000000000000036
S315010083400000000000000000000000000000000026
S315010083500000000000000000000000000000000016
S315010083600000000000000000000000000000000006
S3150100837000000000000000000000000000000000F6
S3150100838000000000000000000000000000000000E6
S3150100839000000000000000000000000000000000D6
S315010083A000000000000000000000000000000000C6
S315010083B000000000000000000000000000000000B6
S315010083C000000000000000000000000000000000A6
S315010083D00000000000000000000000000000000096
S315010083E00000000000000000000000000000000086
S315010083F00000000000000000000000000000000076
S315010084000000000000000000000000000000000065
S315010084100000000000000000000000000000000055
S315010084200000000000000000000000000000000045
S315010084300000000000000000000000000000000035
S315010084400000000000000000000000000000000025
S315010084500000000000000000000000000000000015
S315010084600000000000000000000000000000000005
S3150100847000000000000000000000000000000000F5
S3150100848000000000000000000000000000000000E5
S3150100849000000000000000000000000000000000D5
S315010084A000000000000000000000000000000000C5
S315010084B000000000000000000000000000000000B5
S315010084C000000000000000000000000000000000A5
S315010084D00000000000000000000000000000000095
S315010084E00000000000000000000000000000000085
S315010084F00000000000000000000000000000000075
S315010085000000000000000000000000000000000064
S315010085100000000000000000000000000000000054
S315010085200000000000000000000000000000000044
S315010085300000000000000000000000000000000034
S315010085400000000000000000000000000000000024
S315010085500000000000000000000000000000000014
S315010085600000000000000000000000000000000004
S3150100857000000000000000000000000000000000F4
S3150100858000000000000000000000000000000000E4
S3150100859000000000000000000000000000000000D4
S315010085A000000000000000000000000000000000C4
S315010085B000000000000000000000000000000000B4
S315010085C000000000000000000000000000000000A4
S315010085D00000000000000000000000000000000094
S315010085E00000000000000000000000000000000084
S315010085F00000000000000000000000000000000074
S315010086000000000000000000000000000000000063
S315010086100000000000000000000000000000000053
S315010086200000000000000000000000000000000043
S315010086300000000000000000000000000000000033
S315010086400000000000000000000000000000000023
S315010086500000000000000000000000000000000013
S315010086600000000000000000000000000000000003
S3150100867000000000000000000000000000000000F3
S3150100868000000000000000000000000000000000E3
S3150100869000000000000000000000000000000000D3
S315010086A000000000000000000000000000000000C3
S315010086B000000000000000000000000000000000B3
S315010086C000000000000000000000000000000000A3
S315010086D00000000000000000000000000000000093
S315010086E00000000000000000000000000000000083
S315010086F00000000000000000000000000000000073
S315010087000000000000000000000000000000000062
S315010087100000000000000000000000000000000052
S315010087200000000000000000000000000000000042
S315010087300000000000000000000000000000000032
S315010087400000000000000000000000000000000022
S315010087500000000000000000000000000000000012
S315010087600000000000000000000000000000000002
S3150100877000000000000000000000000000000000F2
S3150100878000000000000000000000000000000000E2
S3150100879000000000000000000000000000000000D2
S315010087A000000000000000000000000000000000C2
S315010087B000000000000000000000000000000000B2
S315010087C000000000000000000000000000000000A2
S315010087D00000000000000000000000000000000092
S315010087E00000000000000000000000000000000082
S315010087F00000000000000000000000000000000072
S315010088000000000000000000000000000000000061
S315010088100000000000000000000000000000000051
S315010088200000000000000000000000000000000041
S315010088300000000000000000000000000000000031
S315010088400000000000000000000000000000000021
S315010088500000000000000000000000000000000011
S315010088600000000000000000000000000000000001
S3150100887000000000000000000000000000000000F1
S3150100888000000000000000000000000000000000E1
S3150100889000000000000000000000000000000000D1
S315010088A000000000000000000000000000000000C1
S315010088B000000000000000000000000000000000B1
S315010088C000000000000000000000000000000000A1
S315010088D00000000000000000000000000000000091
S315010088E00000000000000000000000000000000081
S315010088F00000000000000000000000000000000071
S315010089000000000000000000000000000000000060
S315010089100000000000000000000000000000000050
S315010089200000000000000000000000000000000040
S315010089300000000000000000000000000000000030
S315010089400000000000000000000000000000000020
S315010089500000000000000000000000000000000010
S315010089600000000000000000000000000000000000
S3150100897000000000000000000000000000000000F0
S3150100898000000000000000000000000000000000E0
S3150100899000000000000000000000000000000000D0
S315010089A000000000000000000000000000000000C0
S315010089B000000000000000000000000000000000B0
S315010089C000000000000000000000000000000000A0
S315010089D00000000000000000000000000000000090
S315010089E00000000000000000000000000000000080
S315010089F00000000000000000000000000000000070
S31501008A00000000000000000000000000000000005F
S31501008A10000000000000000000000000000000004F
S31501008A20000000000000000000000000000000003F
S31501008A30000000000000000000000000000000002F
S31501008A40000000000000000000000000000000001F
S31501008A50000000000000000000000000000000000F
S31501008A6000000000000000000000000000000000FF
S31501008A7000000000000000000000000000000000EF
S31501008A8000000000000000000000000000000000DF
S31501008A9000000000000000000000000000000000CF
S31501008AA000000000000000000000000000000000BF
S31501008AB000000000000000000000000000000000AF
S31501008AC0000000000000000000000000000000009F
S31501008AD0000000000000000000000000000000008F
S31501008AE0000000000000000000000000000000007F
S31501008AF0000000000000000000000000000000006F
S31501008B00000000000000000000000000000000005E
S31501008B10000000000000000000000000000000004E
S31501008B20000000000000000000000000000000003E
S31501008B30000000000000000000000000000000002E
S31501008B40000000000000000000000000000000001E
S31501008B50000000000000000000000000000000000E
S31501008B6000000000000000000000000000000000FE
S31501008B7000000000000000000000000000000000EE
S31501008B8000000000000000000000000000000000DE
S31501008B9000000000000000000000000000000000CE
S31501008BA000000000000000000000000000000000BE
S31501008BB000000000000000000000000000000000AE
S31501008BC0000000000000000000000000000000009E
S31501008BD0000000000000000000000000000000008E
S31501008BE0000000000000000000000000000000007E
S31501008BF0000000000000000000000000000000006E
S31501008C00000000000000000000000000000000005D
S31501008C10000000000000000000000000000000004D
S31501008C20000000000000000000000000000000003D
S31501008C30000000000000000000000000000000002D
S31501008C40000000000000000000000000000000001D
S31501008C50000000000000000000000000000000000D
S31501008C6000000000000000000000000000000000FD
S31501008C7000000000000000000000000000000000ED
S31501008C8000000000000000000000000000000000DD
S31501008C9000000000000000000000000000000000CD
S31501008CA000000000000000000000000000000000BD
S31501008CB000000000000000000000000000000000AD
S31501008CC0000000000000000000000000000000009D
S31501008CD0000000000000000000000000000000008D
S31501008CE0000000000000000000000000000000007D
S31501008CF0000000000000000000000000000000006D
S31501008D00000000000000000000000000000000005C
S31501008D10000000000000000000000000000000004C
S31501008D20000000000000000000000000000000003C
S31501008D30000000000000000000000000000000002C
S31501008D40000000000000000000000000000000001C
S31501008D50000000000000000000000000000000000C
S31501008D6000000000000000000000000000000000FC
S31501008D7000000000000000000000000000000000EC
S31501008D8000000000000000000000000000000000DC
S31501008D9000000000000000000000000000000000CC
S31501008DA000000000000000000000000000000000BC
S31501008DB000000000000000000000000000000000AC
S31501008DC0000000000000000000000000000000009C
S31501008DD0000000000000000000000000000000008C
S31501008DE0000000000000000000000000000000007C
S31501008DF0000000000000000000000000000000006C
S31501008E00000000000000000000000000000000005B
S31501008E10000000000000000000000000000000004B
S31501008E20000000000000000000000000000000003B
S31501008E30000000000000000000000000000000002B
S31501008E40000000000000000000000000000000001B
S31501008E50000000000000000000000000000000000B
S31501008E6000000000000000000000000000000000FB
S31501008E7000000000000000000000000000000000EB
S31501008E8000000000000000000000000000000000DB
S31501008E9000000000000000000000000000000000CB
S31501008EA000000000000000000000000000000000BB
S31501008EB000000000000000000000000000000000AB
S31501008EC0000000000000000000000000000000009B
S31501008ED0000000000000000000000000000000008B
S31501008EE0000000000000000000000000000000007B
S31501008EF0000000000000000000000000000000006B
S31501008F00000000000000000000000000000000005A
S31501008F10000000000000000000000000000000004A
S31501008F20000000000000000000000000000000003A
S31501008F30000000000000000000000000000000002A
S31501008F40000000000000000000000000000000001A
S31501008F50000000000000000000000000000000000A
S31501008F6000000000000000000000000000000000FA
S31501008F7000000000000000000000000000000000EA
S31501008F8000000000000000000000000000000000DA
S31501008F9000000000000000000000000000000000CA
S31501008FA000000000000000000000000000000000BA
S31501008FB000000000000000000000000000000000AA
S31501008FC0000000000000000000000000000000009A
S31501008FD0000000000000000000000000000000008A
S31501008FE0000000000000000000000000000000007A
S31501008FF0000000000000000000000000000000006A
S315010090000000000000000000000000000000000059
S315010090100000000000000000000000000000000049
S315010090200000000000000000000000000000000039
S315010090300000000000000000000000000000000029
S315010090400000000000000000000000000000000019
S315010090500000000000000000000000000000000009
S3150100906000000000000000000000000000000000F9
S3150100907000000000000000000000000000000000E9
S3150100908000000000000000000000000000000000D9
S3150100909000000000000000000000000000000000C9
S315010090A000000000000000000000000000000000B9
S315010090B000000000000000000000000000000000A9
S315010090C00000000000000000000000000000000099
S315010090D00000000000000000000000000000000089
S315010090E00000000000000000000000000000000079
S315010090F00000000000000000000000000000000069
S315010091000000000000000000000000000000000058
S315010091100000000000000000000000000000000048
S315010091200000000000000000000000000000000038
S315010091300000000000000000000000000000000028
S315010091400000000000000000000000000000000018
S315010091500000000000000000000000000000000008
S3150100916000000000000000000000000000000000F8
S3150100917000000000000000000000000000000000E8
S3150100918000000000000000000000000000000000D8
S3150100919000000000000000000000000000000000C8
S315010091A000000000000000000000000000000000B8
S315010091B000000000000000000000000000000000A8
S315010091C00000000000000000000000000000000098
S315010091D00000000000000000000000000000000088
S315010091E00000000000000000000000000000000078
S315010091F00000000000000000000000000000000068
S315010092000000000000000000000000000000000057
S315010092100000000000000000000000000000000047
S315010092200000000000000000000000000000000037
S315010092300000000000000000000000000000000027
S315010092400000000000000000000000000000000017
S315010092500000000000000000000000000000000007
S3150100926000000000000000000000000000000000F7
S3150100927000000000000000000000000000000000E7
S3150100928000000000000000000000000000000000D7
S3150100929000000000000000000000000000000000C7
S315010092A000000000000000000000000000000000B7
S315010092B000000000000000000000000000000000A7
S315010092C00000000000000000000000000000000097
S315010092D00000000000000000000000000000000087
S315010092E00000000000000000000000000000000077
S315010092F00000000000000000000000000000000067
S315010093000000000000000000000000000000000056
S315010093100000000000000000000000000000000046
S315010093200000000000000000000000000000000036
S315010093300000000000000000000000000000000026
S315010093400000000000000000000000000000000016
S315010093500000000000000000000000000000000006
S3150100936000000000000000000000000000000000F6
S3150100937000000000000000000000000000000000E6
S3150100938000000000000000000000000000000000D6
S3150100939000000000000000000000000000000000C6
S315010093A000000000000000000000000000000000B6
S315010093B000000000000000000000000000000000A6
S315010093C00000000000000000000000000000000096
S315010093D00000000000000000000000000000000086
S315010093E00000000000000000000000000000000076
S315010093F00000000000000000000000000000000066
S315010094000000000000000000000000000000000055
S315010094100000000000000000000000000000000045
S315010094200000000000000000000000000000000035
S315010094300000000000000000000000000000000025
S315010094400000000000000000000000000000000015
S315010094500000000000000000000000000000000005
S3150100946000000000000000000000000000000000F5
S3150100947000000000000000000000000000000000E5
S3150100948000000000000000000000000000000000D5
S3150100949000000000000000000000000000000000C5
S315010094A000000000000000000000000000000000B5
S315010094B000000000000000000000000000000000A5
S315010094C00000000000000000000000000000000095
S315010094D00000000000000000000000000000000085
S315010094E00000000000000000000000000000000075
S315010094F00000000000000000000000000000000065
S315010095000000000000000000000000000000000054
S315010095100000000000000000000000000000000044
S315010095200000000000000000000000000000000034
S315010095300000000000000000000000000000000024
S315010095400000000000000000000000000000000014
S315010095500000000000000000000000000000000004
S3150100956000000000000000000000000000000000F4
S3150100957000000000000000000000000000000000E4
S3150100958000000000000000000000000000000000D4
S3150100959000000000000000000000000000000000C4
S315010095A000000000000000000000000000000000B4
S315010095B000000000000000000000000000000000A4
S315010095C00000000000000000000000000000000094
S315010095D00000000000000000000000000000000084
S315010095E00000000000000000000000000000000074
S315010095F00000000000000000000000000000000064
S315010096000000000000000000000000000000000053
S315010096100000000000000000000000000000000043
S315010096200000000000000000000000000000000033
S315010096300000000000000000000000000000000023
S315010096400000000000000000000000000000000013
S315010096500000000000000000000000000000000003
S3150100966000000000000000000000000000000000F3
S3150100967000000000000000000000000000000000E3
S3150100968000000000000000000000000000000000D3
S3150100969000000000000000000000000000000000C3
S315010096A000000000000000000000000000000000B3
S315010096B000000000000000000000000000000000A3
S315010096C00000000000000000000000000000000093
S315010096D00000000000000000000000000000000083
S315010096E00000000000000000000000000000000073
S315010096F00000000000000000000000000000000063
S315010097000000000000000000000000000000000052
S315010097100000000000000000000000000000000042
S315010097200000000000000000000000000000000032
S315010097300000000000000000000000000000000022
S315010097400000000000000000000000000000000012
S315010097500000000000000000000000000000000002
S3150100976000000000000000000000000000000000F2
S3150100977000000000000000000000000000000000E2
S3150100978000000000000000000000000000000000D2
S3150100979000000000000000000000000000000000C2
S315010097A000000000000000000000000000000000B2
S315010097B000000000000000000000000000000000A2
S315010097C00000000000000000000000000000000092
S315010097D00000000000000000000000000000000082
S315010097E00000000000000000000000000000000072
S315010097F00000000000000000000000000000000062
S315010098000000000000000000000000000000000051
S315010098100000000000000000000000000000000041
S315010098200000000000000000000000000000000031
S315010098300000000000000000000000000000000021
S315010098400000000000000000000000000000000011
S315010098500000000000000000000000000000000001
S3150100986000000000000000000000000000000000F1
S3150100987000000000000000000000000000000000E1
S3150100988000000000000000000000000000000000D1
S3150100989000000000000000000000000000000000C1
S315010098A000000000000000000000000000000000B1
S315010098B000000000000000000000000000000000A1
S315010098C00000000000000000000000000000000091
S315010098D00000000000000000000000000000000081
S315010098E00000000000000000000000000000000071
S315010098F00000000000000000000000000000000061
S315010099000000000000000000000000000000000050
S315010099100000000000000000000000000000000040
S315010099200000000000000000000000000000000030
S315010099300000000000000000000000000000000020
S315010099400000000000000000000000000000000010
S315010099500000000000000000000000000000000000
S3150100996000000000000000000000000000000000F0
S3150100997000000000000000000000000000000000E0
S3150100998000000000000000000000000000000000D0
S3150100999000000000000000000000000000000000C0
S315010099A000000000000000000000000000000000B0
S315010099B000000000000000000000000000000000A0
S315010099C00000000000000000000000000000000090
S315010099D00000000000000000000000000000000080
S315010099E00000000000000000000000000000000070
S315010099F00000000000000000000000000000000060
S31501009A00000000000000000000000000000000004F
S31501009A10000000000000000000000000000000003F
S31501009A20000000000000000000000000000000002F
S31501009A30000000000000000000000000000000001F
S31501009A40000000000000000000000000000000000F
S31501009A5000000000000000000000000000000000FF
S31501009A6000000000000000000000000000000000EF
S31501009A7000000000000000000000000000000000DF
S31501009A8000000000000000000000000000000000CF
S31501009A9000000000000000000000000000000000BF
S31501009AA000000000000000000000000000000000AF
S31501009AB0000000000000000000000000000000009F
S31501009AC0000000000000000000000000000000008F
S31501009AD0000000000000000000000000000000007F
S31501009AE0000000000000000000000000000000006F
S31501009AF0000000000000000000000000000000005F
S31501009B00000000000000000000000000000000004E
S31501009B10000000000000000000000000000000003E
S31501009B20000000000000000000000000000000002E
S31501009B30000000000000000000000000000000001E
S31501009B40000000000000000000000000000000000E
S31501009B5000000000000000000000000000000000FE
S31501009B6000000000000000000000000000000000EE
S31501009B7000000000000000000000000000000000DE
S31501009B8000000000000000000000000000000000CE
S31501009B9000000000000000000000000000000000BE
S31501009BA000000000000000000000000000000000AE
S31501009BB0000000000000000000000000000000009E
S31501009BC0000000000000000000000000000000008E
S31501009BD0000000000000000000000000000000007E
S31501009BE0000000000000000000000000000000006E
S31501009BF0000000000000000000000000000000005E
S31501009C00000000000000000000000000000000004D
S31501009C10000000000000000000000000000000003D
S31501009C20000000000000000000000000000000002D
S31501009C30000000000000000000000000000000001D
S31501009C40000000000000000000000000000000000D
S31501009C5000000000000000000000000000000000FD
S31501009C6000000000000000000000000000000000ED
S31501009C7000000000000000000000000000000000DD
S31501009C8000000000000000000000000000000000CD
S31501009C9000000000000000000000000000000000BD
S31501009CA000000000000000000000000000000000AD
S31501009CB0000000000000000000000000000000009D
S31501009CC0000000000000000000000000000000008D
S31501009CD0000000000000000000000000000000007D
S31501009CE0000000000000000000000000000000006D
S31501009CF0000000000000000000000000000000005D
S31501009D00000000000000000000000000000000004C
S31501009D10000000000000000000000000000000003C
S31501009D20000000000000000000000000000000002C
S31501009D30000000000000000000000000000000001C
S31501009D40000000000000000000000000000000000C
S31501009D5000000000000000000000000000000000FC
S31501009D6000000000000000000000000000000000EC
S31501009D7000000000000000000000000000000000DC
S31501009D8000000000000000000000000000000000CC
S31501009D9000000000000000000000000000000000BC
S31501009DA000000000000000000000000000000000AC
S31501009DB0000000000000000000000000000000009C
S31501009DC0000000000000000000000000000000008C
S31501009DD0000000000000000000000000000000007C
S31501009DE0000000000000000000000000000000006C
S31501009DF0000000000000000000000000000000005C
S31501009E00000000000000000000000000000000004B
S31501009E10000000000000000000000000000000003B
S31501009E20000000000000000000000000000000002B
S31501009E30000000000000000000000000000000001B
S31501009E40000000000000000000000000000000000B
S31501009E5000000000000000000000000000000000FB
S31501009E6000000000000000000000000000000000EB
S31501009E7000000000000000000000000000000000DB
S31501009E8000000000000000000000000000000000CB
S31501009E9000000000000000000000000000000000BB
S31501009EA000000000000000000000000000000000AB
S31501009EB0000000000000000000000000000000009B
S31501009EC0000000000000000000000000000000008B
S31501009ED0000000000000000000000000000000007B
S31501009EE0000000000000000000000000000000006B
S31501009EF0000000000000000000000000000000005B
S31501009F00000000000000000000000000000000004A
S31501009F10000000000000000000000000000000003A
S31501009F20000000000000000000000000000000002A
S31501009F30000000000000000000000000000000001A
S31501009F40000000000000000000000000000000000A
S31501009F5000000000000000000000000000000000FA
S31501009F6000000000000000000000000000000000EA
S31501009F7000000000000000000000000000000000DA
S31501009F8000000000000000000000000000000000CA
S31501009F9000000000000000000000000000000000BA
S31501009FA000000000000000000000000000000000AA
S31501009FB0000000000000000000000000000000009A
S31501009FC0000000000000000000000000000000008A
S31501009FD0000000000000000000000000000000007A
S31501009FE0000000000000000000000000000000006A
S31501009FF0000000000000000000000000000000005A
S3150100A0000000000000000000000000000000000049
S3150100A0100000000000000000000000000000000039
S3150100A0200000000000000000000000000000000029
S3150100A0300000000000000000000000000000000019
S3150100A0400000000000000000000000000000000009
S3150100A05000000000000000000000000000000000F9
S3150100A06000000000000000000000000000000000E9
S3150100A07000000000000000000000000000000000D9
S3150100A08000000000000000000000000000000000C9
S3150100A09000000000000000000000000000000000B9
S3150100A0A000000000000000000000000000000000A9
S3150100A0B00000000000000000000000000000000099
S3150100A0C00000000000000000000000000000000089
S3150100A0D00000000000000000000000000000000079
S3150100A0E00000000000000000000000000000000069
S3150100A0F00000000000000000000000000000000059
S3150100A1000000000000000000000000000000000048
S3150100A1100000000000000000000000000000000038
S3150100A1200000000000000000000000000000000028
S3150100A1300000000000000000000000000000000018
S3150100A1400000000000000000000000000000000008
S3150100A15000000000000000000000000000000000F8
S3150100A16000000000000000000000000000000000E8
S3150100A17000000000000000000000000000000000D8
S3150100A18000000000000000000000000000000000C8
S3150100A19000000000000000000000000000000000B8
S3150100A1A000000000000000000000000000000000A8
S3150100A1B00000000000000000000000000000000098
S3150100A1C00000000000000000000000000000000088
S3150100A1D00000000000000000000000000000000078
S3150100A1E00000000000000000000000000000000068
S3150100A1F00000000000000000000000000000000058
S3150100A2000000000000000000000000000000000047
S3150100A2100000000000000000000000000000000037
S3150100A2200000000000000000000000000000000027
S3150100A2300000000000000000000000000000000017
S3150100A2400000000000000000000000000000000007
S3150100A25000000000000000000000000000000000F7
S3150100A26000000000000000000000000000000000E7
S3150100A27000000000000000000000000000000000D7
S3150100A28000000000000000000000000000000000C7
S3150100A29000000000000000000000000000000000B7
S3150100A2A000000000000000000000000000000000A7
S3150100A2B00000000000000000000000000000000097
S3150100A2C00000000000000000000000000000000087
S3150100A2D00000000000000000000000000000000077
S3150100A2E00000000000000000000000000000000067
S3150100A2F00000000000000000000000000000000057
S3150100A3000000000000000000000000000000000046
S3150100A3100000000000000000000000000000000036
S3150100A3200000000000000000000000000000000026
S3150100A3300000000000000000000000000000000016
S3150100A3400000000000000000000000000000000006
S3150100A35000000000000000000000000000000000F6
S3150100A36000000000000000000000000000000000E6
S3150100A37000000000000000000000000000000000D6
S3150100A38000000000000000000000000000000000C6
S3150100A39000000000000000000000000000000000B6
S3150100A3A000000000000000000000000000000000A6
S3150100A3B00000000000000000000000000000000096
S3150100A3C00000000000000000000000000000000086
S3150100A3D00000000000000000000000000000000076
S3150100A3E00000000000000000000000000000000066
S3150100A3F00000000000000000000000000000000056
S3150100A4000000000000000000000000000000000045
S3150100A4100000000000000000000000000000000035
S3150100A4200000000000000000000000000000000025
S3150100A4300000000000000000000000000000000015
S3150100A4400000000000000000000000000000000005
S3150100A45000000000000000000000000000000000F5
S3150100A46000000000000000000000000000000000E5
S3150100A47000000000000000000000000000000000D5
S3150100A48000000000000000000000000000000000C5
S3150100A49000000000000000000000000000000000B5
S3150100A4A000000000000000000000000000000000A5
S3150100A4B00000000000000000000000000000000095
S3150100A4C00000000000000000000000000000000085
S3150100A4D00000000000000000000000000000000075
S3150100A4E00000000000000000000000000000000065
S3150100A4F00000000000000000000000000000000055
S3150100A5000000000000000000000000000000000044
S3150100A5100000000000000000000000000000000034
S3150100A5200000000000000000000000000000000024
S3150100A5300000000000000000000000000000000014
S3150100A5400000000000000000000000000000000004
S3150100A55000000000000000000000000000000000F4
S3150100A56000000000000000000000000000000000E4
S3150100A57000000000000000000000000000000000D4
S3150100A58000000000000000000000000000000000C4
S3150100A59000000000000000000000000000000000B4
S3150100A5A000000000000000000000000000000000A4
S3150100A5B00000000000000000000000000000000094
S3150100A5C00000000000000000000000000000000084
S3150100A5D00000000000000000000000000000000074
S3150100A5E00000000000000000000000000000000064
S3150100A5F00000000000000000000000000000000054
S3150100A6000000000000000000000000000000000043
S3150100A6100000000000000000000000000000000033
S3150100A6200000000000000000000000000000000023
S3150100A6300000000000000000000000000000000013
S3150100A6400000000000000000000000000000000003
S3150100A65000000000000000000000000000000000F3
S3150100A66000000000000000000000000000000000E3
S3150100A67000000000000000000000000000000000D3
S3150100A68000000000000000000000000000000000C3
S3150100A69000000000000000000000000000000000B3
S3150100A6A000000000000000000000000000000000A3
S3150100A6B00000000000000000000000000000000093
S3150100A6C00000000000000000000000000000000083
S3150100A6D00000000000000000000000000000000073
S3150100A6E00000000000000000000000000000000063
S3150100A6F00000000000000000000000000000000053
S3150100A7000000000000000000000000000000000042
S3150100A7100000000000000000000000000000000032
S3150100A7200000000000000000000000000000000022
S3150100A7300000000000000000000000000000000012
S3150100A7400000000000000000000000000000000002
S3150100A75000000000000000000000000000000000F2
S3150100A76000000000000000000000000000000000E2
S3150100A77000000000000000000000000000000000D2
S3150100A78000000000000000000000000000000000C2
S3150100A79000000000000000000000000000000000B2
S3150100A7A000000000000000000000000000000000A2
S3150100A7B00000000000000000000000000000000092
S3150100A7C00000000000000000000000000000000082
S3150100A7D00000000000000000000000000000000072
S3150100A7E00000000000000000000000000000000062
S3150100A7F00000000000000000000000000000000052
S3150100A8000000000000000000000000000000000041
S3150100A8100000000000000000000000000000000031
S3150100A8200000000000000000000000000000000021
S3150100A8300000000000000000000000000000000011
S3150100A8400000000000000000000000000000000001
S3150100A85000000000000000000000000000000000F1
S3150100A86000000000000000000000000000000000E1
S3150100A87000000000000000000000000000000000D1
S3150100A88000000000000000000000000000000000C1
S3150100A89000000000000000000000000000000000B1
S3150100A8A000000000000000000000000000000000A1
S3150100A8B00000000000000000000000000000000091
S3150100A8C00000000000000000000000000000000081
S3150100A8D00000000000000000000000000000000071
S3150100A8E00000000000000000000000000000000061
S3150100A8F00000000000000000000000000000000051
S3150100A9000000000000000000000000000000000040
S3150100A9100000000000000000000000000000000030
S3150100A9200000000000000000000000000000000020
S3150100A9300000000000000000000000000000000010
S3150100A9400000000000000000000000000000000000
S3150100A95000000000000000000000000000000000F0
S3150100A96000000000000000000000000000000000E0
S3150100A97000000000000000000000000000000000D0
S3150100A98000000000000000000000000000000000C0
S3150100A99000000000000000000000000000000000B0
S3150100A9A000000000000000000000000000000000A0
S3150100A9B00000000000000000000000000000000090
S3150100A9C00000000000000000000000000000000080
S3150100A9D00000000000000000000000000000000070
S3150100A9E00000000000000000000000000000000060
S3150100A9F00000000000000000000000000000000050
S3150100AA00000000000000000000000000000000003F
S3150100AA10000000000000000000000000000000002F
S3150100AA20000000000000000000000000000000001F
S3150100AA30000000000000000000000000000000000F
S3150100AA4000000000000000000000000000000000FF
S3150100AA5000000000000000000000000000000000EF
S3150100AA6000000000000000000000000000000000DF
S3150100AA7000000000000000000000000000000000CF
S3150100AA8000000000000000000000000000000000BF
S3150100AA9000000000000000000000000000000000AF
S3150100AAA0000000000000000000000000000000009F
S3150100AAB0000000000000000000000000000000008F
S3150100AAC0000000000000000000000000000000007F
S3150100AAD0000000000000000000000000000000006F
S3150100AAE0000000000000000000000000000000005F
S3150100AAF0000000000000000000000000000000004F
S3150100AB00000000000000000000000000000000003E
S3150100AB10000000000000000000000000000000002E
S3150100AB20000000000000000000000000000000001E
S3150100AB30000000000000000000000000000000000E
S3150100AB4000000000000000000000000000000000FE
S3150100AB5000000000000000000000000000000000EE
S3150100AB6000000000000000000000000000000000DE
S3150100AB7000000000000000000000000000000000CE
S3150100AB8000000000000000000000000000000000BE
S3150100AB9000000000000000000000000000000000AE
S3150100ABA0000000000000000000000000000000009E
S3150100ABB0000000000000000000000000000000008E
S3150100ABC0000000000000000000000000000000007E
S3150100ABD0000000000000000000000000000000006E
S3150100ABE0000000000000000000000000000000005E
S3150100ABF0000000000000000000000000000000004E
S3150100AC00000000000000000000000000000000003D
S3150100AC10000000000000000000000000000000002D
S3150100AC20000000000000000000000000000000001D
S3150100AC30000000000000000000000000000000000D
S3150100AC4000000000000000000000000000000000FD
S3150100AC5000000000000000000000000000000000ED
S3150100AC6000000000000000000000000000000000DD
S3150100AC7000000000000000000000000000000000CD
S3150100AC8000000000000000000000000000000000BD
S3150100AC9000000000000000000000000000000000AD
S3150100ACA0000000000000000000000000000000009D
S3150100ACB0000000000000000000000000000000008D
S3150100ACC0000000000000000000000000000000007D
S3150100ACD0000000000000000000000000000000006D
S3150100ACE0000000000000000000000000000000005D
S3150100ACF0000000000000000000000000000000004D
S3150100AD00000000000000000000000000000000003C
S3150100AD10000000000000000000000000000000002C
S3150100AD20000000000000000000000000000000001C
S3150100AD30000000000000000000000000000000000C
S3150100AD4000000000000000000000000000000000FC
S3150100AD5000000000000000000000000000000000EC
S3150100AD6000000000000000000000000000000000DC
S3150100AD7000000000000000000000000000000000CC
S3150100AD8000000000000000000000000000000000BC
S3150100AD9000000000000000000000000000000000AC
S3150100ADA0000000000000000000000000000000009C
S3150100ADB0000000000000000000000000000000008C
S3150100ADC0000000000000000000000000000000007C
S3150100ADD0000000000000000000000000000000006C
S3150100ADE0000000000000000000000000000000005C
S3150100ADF0000000000000000000000000000000004C
S3150100AE00000000000000000000000000000000003B
S3150100AE10000000000000000000000000000000002B
S3150100AE20000000000000000000000000000000001B
S3150100AE30000000000000000000000000000000000B
S3150100AE4000000000000000000000000000000000FB
S3150100AE5000000000000000000000000000000000EB
S3150100AE6000000000000000000000000000000000DB
S3150100AE7000000000000000000000000000000000CB
S3150100AE8000000000000000000000000000000000BB
S3150100AE9000000000000000000000000000000000AB
S3150100AEA0000000000000000000000000000000009B
S3150100AEB0000000000000000000000000000000008B
S3150100AEC0000000000000000000000000000000007B
S3150100AED0000000000000000000000000000000006B
S3150100AEE0000000000000000000000000000000005B
S3150100AEF0000000000000000000000000000000004B
S3150100AF00000000000000000000000000000000003A
S3150100AF10000000000000000000000000000000002A
S3150100AF20000000000000000000000000000000001A
S3150100AF30000000000000000000000000000000000A
S3150100AF4000000000000000000000000000000000FA
S3150100AF5000000000000000000000000000000000EA
S3150100AF6000000000000000000000000000000000DA
S3150100AF7000000000000000000000000000000000CA
S3150100AF8000000000000000000000000000000000BA
S3150100AF9000000000000000000000000000000000AA
S3150100AFA0000000000000000000000000000000009A
S3150100AFB0000000000000000000000000000000008A
S3150100AFC0000000000000000000000000000000007A
S3150100AFD0000000000000000000000000000000006A
S3150100AFE0000000000000000000000000000000005A
S3150100AFF0000000000000000000000000000000004A
S3150100B0000000000000000000000000000000000039
S3150100B0100000000000000000000000000000000029
S3150100B0200000000000000000000000000000000019
S3150100B0300000000000000000000000000000000009
S3150100B04000000000000000000000000000000000F9
S3150100B05000000000000000000000000000000000E9
S3150100B06000000000000000000000000000000000D9
S3150100B07000000000000000000000000000000000C9
S3150100B08000000000000000000000000000000000B9
S3150100B09000000000000000000000000000000000A9
S3150100B0A00000000000000000000000000000000099
S3150100B0B00000000000000000000000000000000089
S3150100B0C00000000000000000000000000000000079
S3150100B0D00000000000000000000000000000000069
S3150100B0E00000000000000000000000000000000059
S3150100B0F00000000000000000000000000000000049
S3150100B1000000000000000000000000000000000038
S3150100B1100000000000000000000000000000000028
S3150100B1200000000000000000000000000000000018
S3150100B1300000000000000000000000000000000008
S3150100B14000000000000000000000000000000000F8
S3150100B15000000000000000000000000000000000E8
S3150100B16000000000000000000000000000000000D8
S3150100B17000000000000000000000000000000000C8
S3150100B18000000000000000000000000000000000B8
S3150100B19000000000000000000000000000000000A8
S3150100B1A00000000000000000000000000000000098
S3150100B1B00000000000000000000000000000000088
S3150100B1C00000000000000000000000000000000078
S3150100B1D00000000000000000000000000000000068
S3150100B1E00000000000000000000000000000000058
S3150100B1F00000000000000000000000000000000048
S3150100B2000000000000000000000000000000000037
S3150100B2100000000000000000000000000000000027
S3150100B2200000000000000000000000000000000017
S3150100B2300000000000000000000000000000000007
S3150100B24000000000000000000000000000000000F7
S3150100B25000000000000000000000000000000000E7
S3150100B26000000000000000000000000000000000D7
S3150100B27000000000000000000000000000000000C7
S3150100B28000000000000000000000000000000000B7
S3150100B29000000000000000000000000000000000A7
S3150100B2A00000000000000000000000000000000097
S3150100B2B00000000000000000000000000000000087
S3150100B2C00000000000000000000000000000000077
S3150100B2D00000000000000000000000000000000067
S3150100B2E00000000000000000000000000000000057
S3150100B2F00000000000000000000000000000000047
S3150100B3000000000000000000000000000000000036
S3150100B3100000000000000000000000000000000026
S3150100B3200000000000000000000000000000000016
S3150100B3300000000000000000000000000000000006
S3150100B34000000000000000000000000000000000F6
S3150100B35000000000000000000000000000000000E6
S3150100B36000000000000000000000000000000000D6
S3150100B37000000000000000000000000000000000C6
S3150100B38000000000000000000000000000000000B6
S3150100B39000000000000000000000000000000000A6
S3150100B3A00000000000000000000000000000000096
S3150100B3B00000000000000000000000000000000086
S3150100B3C00000000000000000000000000000000076
S3150100B3D00000000000000000000000000000000066
S3150100B3E00000000000000000000000000000000056
S3150100B3F00000000000000000000000000000000046
S3150100B4000000000000000000000000000000000035
S3150100B4100000000000000000000000000000000025
S3150100B4200000000000000000000000000000000015
S3150100B4300000000000000000000000000000000005
S3150100B44000000000000000000000000000000000F5
S3150100B45000000000000000000000000000000000E5
S3150100B46000000000000000000000000000000000D5
S3150100B47000000000000000000000000000000000C5
S3150100B48000000000000000000000000000000000B5
S3150100B49000000000000000000000000000000000A5
S3150100B4A00000000000000000000000000000000095
S3150100B4B00000000000000000000000000000000085
S3150100B4C00000000000000000000000000000000075
S3150100B4D00000000000000000000000000000000065
S3150100B4E00000000000000000000000000000000055
S3150100B4F00000000000000000000000000000000045
S3150100B5000000000000000000000000000000000034
S3150100B5100000000000000000000000000000000024
S3150100B5200000000000000000000000000000000014
S3150100B5300000000000000000000000000000000004
S3150100B54000000000000000000000000000000000F4
S3150100B55000000000000000000000000000000000E4
S3150100B56000000000000000000000000000000000D4
S3150100B57000000000000000000000000000000000C4
S3150100B58000000000000000000000000000000000B4
S3150100B59000000000000000000000000000000000A4
S3150100B5A00000000000000000000000000000000094
S3150100B5B00000000000000000000000000000000084
S3150100B5C00000000000000000000000000000000074
S3150100B5D00000000000000000000000000000000064
S3150100B5E00000000000000000000000000000000054
S3150100B5F00000000000000000000000000000000044
S3150100B6000000000000000000000000000000000033
S3150100B6100000000000000000000000000000000023
S3150100B6200000000000000000000000000000000013
S3150100B6300000000000000000000000000000000003
S3150100B64000000000000000000000000000000000F3
S3150100B65000000000000000000000000000000000E3
S3150100B66000000000000000000000000000000000D3
S3150100B67000000000000000000000000000000000C3
S3150100B68000000000000000000000000000000000B3
S3150100B69000000000000000000000000000000000A3
S3150100B6A00000000000000000000000000000000093
S3150100B6B00000000000000000000000000000000083
S3150100B6C00000000000000000000000000000000073
S3150100B6D00000000000000000000000000000000063
S3150100B6E00000000000000000000000000000000053
S3150100B6F00000000000000000000000000000000043
S3150100B7000000000000000000000000000000000032
S3150100B7100000000000000000000000000000000022
S3150100B7200000000000000000000000000000000012
S3150100B7300000000000000000000000000000000002
S3150100B74000000000000000000000000000000000F2
S3150100B75000000000000000000000000000000000E2
S3150100B76000000000000000000000000000000000D2
S3150100B77000000000000000000000000000000000C2
S3150100B78000000000000000000000000000000000B2
S3150100B79000000000000000000000000000000000A2
S3150100B7A00000000000000000000000000000000092
S3150100B7B00000000000000000000000000000000082
S3150100B7C00000000000000000000000000000000072
S3150100B7D00000000000000000000000000000000062
S3150100B7E00000000000000000000000000000000052
S3150100B7F00000000000000000000000000000000042
S3150100B8000000000000000000000000000000000031
S3150100B8100000000000000000000000000000000021
S3150100B8200000000000000000000000000000000011
S3150100B8300000000000000000000000000000000001
S3150100B84000000000000000000000000000000000F1
S3150100B85000000000000000000000000000000000E1
S3150100B86000000000000000000000000000000000D1
S3150100B87000000000000000000000000000000000C1
S3150100B88000000000000000000000000000000000B1
S3150100B89000000000000000000000000000000000A1
S3150100B8A00000000000000000000000000000000091
S3150100B8B00000000000000000000000000000000081
S3150100B8C00000000000000000000000000000000071
S3150100B8D00000000000000000000000000000000061
S3150100B8E00000000000000000000000000000000051
S3150100B8F00000000000000000000000000000000041
S3150100B9000000000000000000000000000000000030
S3150100B9100000000000000000000000000000000020
S3150100B9200000000000000000000000000000000010
S3150100B9300000000000000000000000000000000000
S3150100B94000000000000000000000000000000000F0
S3150100B95000000000000000000000000000000000E0
S3150100B96000000000000000000000000000000000D0
S3150100B97000000000000000000000000000000000C0
S3150100B98000000000000000000000000000000000B0
S3150100B99000000000000000000000000000000000A0
S3150100B9A00000000000000000000000000000000090
S3150100B9B00000000000000000000000000000000080
S3150100B9C00000000000000000000000000000000070
S3150100B9D00000000000000000000000000000000060
S3150100B9E00000000000000000000000000000000050
S3150100B9F00000000000000000000000000000000040
S3150100BA00000000000000000000000000000000002F
S3150100BA10000000000000000000000000000000001F
S3150100BA20000000000000000000000000000000000F
S3150100BA3000000000000000000000000000000000FF
S3150100BA4000000000000000000000000000000000EF
S3150100BA5000000000000000000000000000000000DF
S3150100BA6000000000000000000000000000000000CF
S3150100BA7000000000000000000000000000000000BF
S3150100BA8000000000000000000000000000000000AF
S3150100BA90000000000000000000000000000000009F
S3150100BAA0000000000000000000000000000000008F
S3150100BAB0000000000000000000000000000000007F
S3150100BAC0000000000000000000000000000000006F
S3150100BAD0000000000000000000000000000000005F
S3150100BAE0000000000000000000000000000000004F
S3150100BAF0000000000000000000000000000000003F
S3150100BB00000000000000000000000000000000002E
S3150100BB10000000000000000000000000000000001E
S3150100BB20000000000000000000000000000000000E
S3150100BB3000000000000000000000000000000000FE
S3150100BB4000000000000000000000000000000000EE
S3150100BB5000000000000000000000000000000000DE
S3150100BB6000000000000000000000000000000000CE
S3150100BB7000000000000000000000000000000000BE
S3150100BB8000000000000000000000000000000000AE
S3150100BB90000000000000000000000000000000009E
S3150100BBA0000000000000000000000000000000008E
S3150100BBB0000000000000000000000000000000007E
S3150100BBC0000000000000000000000000000000006E
S3150100BBD0000000000000000000000000000000005E
S3150100BBE0000000000000000000000000000000004E
S3150100BBF0000000000000000000000000000000003E
S3150100BC00000000000000000000000000000000002D
S3150100BC10000000000000000000000000000000001D
S3150100BC20000000000000000000000000000000000D
S3150100BC3000000000000000000000000000000000FD
S3150100BC4000000000000000000000000000000000ED
S3150100BC5000000000000000000000000000000000DD
S3150100BC6000000000000000000000000000000000CD
S3150100BC7000000000000000000000000000000000BD
S3150100BC8000000000000000000000000000000000AD
S3150100BC90000000000000000000000000000000009D
S3150100BCA0000000000000000000000000000000008D
S3150100BCB0000000000000000000000000000000007D
S3150100BCC0000000000000000000000000000000006D
S3150100BCD0000000000000000000000000000000005D
S3150100BCE0000000000000000000000000000000004D
S3150100BCF0000000000000000000000000000000003D
S3150100BD00000000000000000000000000000000002C
S3150100BD10000000000000000000000000000000001C
S3150100BD20000000000000000000000000000000000C
S3150100BD3000000000000000000000000000000000FC
S3150100BD4000000000000000000000000000000000EC
S3150100BD5000000000000000000000000000000000DC
S3150100BD6000000000000000000000000000000000CC
S3150100BD7000000000000000000000000000000000BC
S3150100BD8000000000000000000000000000000000AC
S3150100BD90000000000000000000000000000000009C
S3150100BDA0000000000000000000000000000000008C
S3150100BDB0000000000000000000000000000000007C
S3150100BDC0000000000000000000000000000000006C
S3150100BDD0000000000000000000000000000000005C
S3150100BDE0000000000000000000000000000000004C
S3150100BDF0000000000000000000000000000000003C
S3150100BE00000000000000000000000000000000002B
S3150100BE10000000000000000000000000000000001B
S3150100BE20000000000000000000000000000000000B
S3150100BE3000000000000000000000000000000000FB
S3150100BE4000000000000000000000000000000000EB
S3150100BE5000000000000000000000000000000000DB
S3150100BE6000000000000000000000000000000000CB
S3150100BE7000000000000000000000000000000000BB
S3150100BE8000000000000000000000000000000000AB
S3150100BE90000000000000000000000000000000009B
S3150100BEA0000000000000000000000000000000008B
S3150100BEB0000000000000000000000000000000007B
S3150100BEC0000000000000000000000000000000006B
S3150100BED0000000000000000000000000000000005B
S3150100BEE0000000000000000000000000000000004B
S3150100BEF0000000000000000000000000000000003B
S3150100BF00000000000000000000000000000000002A
S3150100BF10000000000000000000000000000000001A
S3150100BF20000000000000000000000000000000000A
S3150100BF3000000000000000000000000000000000FA
S3150100BF4000000000000000000000000000000000EA
S3150100BF5000000000000000000000000000000000DA
S3150100BF6000000000000000000000000000000000CA
S3150100BF7000000000000000000000000000000000BA
S3150100BF8000000000000000000000000000000000AA
S3150100BF90000000000000000000000000000000009A
S3150100BFA0000000000000000000000000000000008A
S3150100BFB0000000000000000000000000000000007A
S3150100BFC0000000000000000000000000000000006A
S3150100BFD0000000000000000000000000000000005A
S3150100BFE0000000000000000000000000000000004A
S3150100BFF0000000000000000000000000000000003A
S3150100C0000000000000000000000000000000000029
S3150100C0100000000000000000000000000000000019
S3150100C0200000000000000000000000000000000009
S3150100C03000000000000000000000000000000000F9
S3150100C04000000000000000000000000000000000E9
S3150100C05000000000000000000000000000000000D9
S3150100C06000000000000000000000000000000000C9
S3150100C07000000000000000000000000000000000B9
S3150100C08000000000000000000000000000000000A9
S3150100C0900000000000000000000000000000000099
S3150100C0A00000000000000000000000000000000089
S3150100C0B00000000000000000000000000000000079
S3150100C0C00000000000000000000000000000000069
S3150100C0D00000000000000000000000000000000059
S3150100C0E00000000000000000000000000000000049
S3150100C0F00000000000000000000000000000000039
S3150100C1000000000000000000000000000000000028
S3150100C1100000000000000000000000000000000018
S3150100C1200000000000000000000000000000000008
S3150100C13000000000000000000000000000000000F8
S3150100C14000000000000000000000000000000000E8
S3150100C15000000000000000000000000000000000D8
S3150100C16000000000000000000000000000000000C8
S3150100C17000000000000000000000000000000000B8
S3150100C18000000000000000000000000000000000A8
S3150100C1900000000000000000000000000000000098
S3150100C1A00000000000000000000000000000000088
S3150100C1B00000000000000000000000000000000078
S3150100C1C00000000000000000000000000000000068
S3150100C1D00000000000000000000000000000000058
S3150100C1E00000000000000000000000000000000048
S3150100C1F00000000000000000000000000000000038
S3150100C2000000000000000000000000000000000027
S3150100C2100000000000000000000000000000000017
S3150100C2200000000000000000000000000000000007
S3150100C23000000000000000000000000000000000F7
S3150100C24000000000000000000000000000000000E7
S3150100C25000000000000000000000000000000000D7
S3150100C26000000000000000000000000000000000C7
S3150100C27000000000000000000000000000000000B7
S3150100C28000000000000000000000000000000000A7
S3150100C2900000000000000000000000000000000097
S3150100C2A00000000000000000000000000000000087
S3150100C2B00000000000000000000000000000000077
S3150100C2C00000000000000000000000000000000067
S3150100C2D00000000000000000000000000000000057
S3150100C2E00000000000000000000000000000000047
S3150100C2F00000000000000000000000000000000037
S3150100C3000000000000000000000000000000000026
S3150100C3100000000000000000000000000000000016
S3150100C3200000000000000000000000000000000006
S3150100C33000000000000000000000000000000000F6
S3150100C34000000000000000000000000000000000E6
S3150100C35000000000000000000000000000000000D6
S3150100C36000000000000000000000000000000000C6
S3150100C37000000000000000000000000000000000B6
S3150100C38000000000000000000000000000000000A6
S3150100C3900000000000000000000000000000000096
S3150100C3A00000000000000000000000000000000086
S3150100C3B00000000000000000000000000000000076
S3150100C3C00000000000000000000000000000000066
S3150100C3D00000000000000000000000000000000056
S3150100C3E00000000000000000000000000000000046
S3150100C3F00000000000000000000000000000000036
S3150100C4000000000000000000000000000000000025
S3150100C4100000000000000000000000000000000015
S3150100C4200000000000000000000000000000000005
S3150100C43000000000000000000000000000000000F5
S3150100C44000000000000000000000000000000000E5
S3150100C45000000000000000000000000000000000D5
S3150100C46000000000000000000000000000000000C5
S3150100C47000000000000000000000000000000000B5
S3150100C48000000000000000000000000000000000A5
S3150100C4900000000000000000000000000000000095
S3150100C4A00000000000000000000000000000000085
S3150100C4B00000000000000000000000000000000075
S3150100C4C00000000000000000000000000000000065
S3150100C4D00000000000000000000000000000000055
S3150100C4E00000000000000000000000000000000045
S3150100C4F00000000000000000000000000000000035
S3150100C5000000000000000000000000000000000024
S3150100C5100000000000000000000000000000000014
S3150100C5200000000000000000000000000000000004
S3150100C53000000000000000000000000000000000F4
S3150100C54000000000000000000000000000000000E4
S3150100C55000000000000000000000000000000000D4
S3150100C56000000000000000000000000000000000C4
S3150100C57000000000000000000000000000000000B4
S3150100C58000000000000000000000000000000000A4
S3150100C5900000000000000000000000000000000094
S3150100C5A00000000000000000000000000000000084
S3150100C5B00000000000000000000000000000000074
S3150100C5C00000000000000000000000000000000064
S3150100C5D00000000000000000000000000000000054
S3150100C5E00000000000000000000000000000000044
S3150100C5F00000000000000000000000000000000034
S3150100C6000000000000000000000000000000000023
S3150100C6100000000000000000000000000000000013
S3150100C6200000000000000000000000000000000003
S3150100C63000000000000000000000000000000000F3
S3150100C64000000000000000000000000000000000E3
S3150100C65000000000000000000000000000000000D3
S3150100C66000000000000000000000000000000000C3
S3150100C67000000000000000000000000000000000B3
S3150100C68000000000000000000000000000000000A3
S3150100C6900000000000000000000000000000000093
S3150100C6A00000000000000000000000000000000083
S3150100C6B00000000000000000000000000000000073
S3150100C6C00000000000000000000000000000000063
S3150100C6D00000000000000000000000000000000053
S3150100C6E00000000000000000000000000000000043
S3150100C6F00000000000000000000000000000000033
S3150100C7000000000000000000000000000000000022
S3150100C7100000000000000000000000000000000012
S3150100C7200000000000000000000000000000000002
S3150100C73000000000000000000000000000000000F2
S3150100C74000000000000000000000000000000000E2
S3150100C75000000000000000000000000000000000D2
S3150100C76000000000000000000000000000000000C2
S3150100C77000000000000000000000000000000000B2
S3150100C78000000000000000000000000000000000A2
S3150100C7900000000000000000000000000000000092
S3150100C7A00000000000000000000000000000000082
S3150100C7B00000000000000000000000000000000072
S3150100C7C00000000000000000000000000000000062
S3150100C7D00000000000000000000000000000000052
S3150100C7E00000000000000000000000000000000042
S3150100C7F00000000000000000000000000000000032
S3150100C8000000000000000000000000000000000021
S3150100C8100000000000000000000000000000000011
S3150100C8200000000000000000000000000000000001
S3150100C83000000000000000000000000000000000F1
S3150100C84000000000000000000000000000000000E1
S3150100C85000000000000000000000000000000000D1
S3150100C86000000000000000000000000000000000C1
S3150100C87000000000000000000000000000000000B1
S3150100C88000000000000000000000000000000000A1
S3150100C8900000000000000000000000000000000091
S3150100C8A00000000000000000000000000000000081
S3150100C8B00000000000000000000000000000000071
S3150100C8C00000000000000000000000000000000061
S3150100C8D00000000000000000000000000000000051
S3150100C8E00000000000000000000000000000000041
S3150100C8F00000000000000000000000000000000031
S3150100C9000000000000000000000000000000000020
S3150100C9100000000000000000000000000000000010
S3150100C9200000000000000000000000000000000000
S3150100C93000000000000000000000000000000000F0
S3150100C94000000000000000000000000000000000E0
S3150100C95000000000000000000000000000000000D0
S3150100C96000000000000000000000000000000000C0
S3150100C97000000000000000000000000000000000B0
S3150100C98000000000000000000000000000000000A0
S3150100C9900000000000000000000000000000000090
S3150100C9A00000000000000000000000000000000080
S3150100C9B00000000000000000000000000000000070
S3150100C9C00000000000000000000000000000000060
S3150100C9D00000000000000000000000000000000050
S3150100C9E00000000000000000000000000000000040
S3150100C9F00000000000000000000000000000000030
S3150100CA00000000000000000000000000000000001F
S3150100CA10000000000000000000000000000000000F
S3150100CA2000000000000000000000000000000000FF
S3150100CA3000000000000000000000000000000000EF
S3150100CA4000000000000000000000000000000000DF
S3150100CA5000000000000000000000000000000000CF
S3150100CA6000000000000000000000000000000000BF
S3150100CA7000000000000000000000000000000000AF
S3150100CA80000000000000000000000000000000009F
S3150100CA90000000000000000000000000000000008F
S3150100CAA0000000000000000000000000000000007F
S3150100CAB0000000000000000000000000000000006F
S3150100CAC0000000000000000000000000000000005F
S3150100CAD0000000000000000000000000000000004F
S3150100CAE0000000000000000000000000000000003F
S3150100CAF0000000000000000000000000000000002F
S3150100CB00000000000000000000000000000000001E
S3150100CB10000000000000000000000000000000000E
S3150100CB2000000000000000000000000000000000FE
S3150100CB3000000000000000000000000000000000EE
S3150100CB4000000000000000000000000000000000DE
S3150100CB5000000000000000000000000000000000CE
S3150100CB6000000000000000000000000000000000BE
S3150100CB7000000000000000000000000000000000AE
S3150100CB80000000000000000000000000000000009E
S3150100CB90000000000000000000000000000000008E
S3150100CBA0000000000000000000000000000000007E
S3150100CBB0000000000000000000000000000000006E
S3150100CBC0000000000000000000000000000000005E
S3150100CBD0000000000000000000000000000000004E
S3150100CBE0000000000000000000000000000000003E
S3150100CBF0000000000000000000000000000000002E
S3150100CC00000000000000000000000000000000001D
S3150100CC10000000000000000000000000000000000D
S3150100CC2000000000000000000000000000000000FD
S3150100CC3000000000000000000000000000000000ED
S3150100CC4000000000000000000000000000000000DD
S3150100CC5000000000000000000000000000000000CD
S3150100CC6000000000000000000000000000000000BD
S3150100CC7000000000000000000000000000000000AD
S3150100CC80000000000000000000000000000000009D
S3150100CC90000000000000000000000000000000008D
S3150100CCA0000000000000000000000000000000007D
S3150100CCB0000000000000000000000000000000006D
S3150100CCC0000000000000000000000000000000005D
S3150100CCD0000000000000000000000000000000004D
S3150100CCE0000000000000000000000000000000003D
S3150100CCF0000000000000000000000000000000002D
S3150100CD00000000000000000000000000000000001C
S3150100CD10000000000000000000000000000000000C
S3150100CD2000000000000000000000000000000000FC
S3150100CD3000000000000000000000000000000000EC
S3150100CD4000000000000000000000000000000000DC
S3150100CD5000000000000000000000000000000000CC
S3150100CD6000000000000000000000000000000000BC
S3150100CD7000000000000000000000000000000000AC
S3150100CD80000000000000000000000000000000009C
S3150100CD90000000000000000000000000000000008C
S3150100CDA0000000000000000000000000000000007C
S3150100CDB0000000000000000000000000000000006C
S3150100CDC0000000000000000000000000000000005C
S3150100CDD0000000000000000000000000000000004C
S3150100CDE0000000000000000000000000000000003C
S3150100CDF0000000000000000000000000000000002C
S3150100CE00000000000000000000000000000000001B
S3150100CE10000000000000000000000000000000000B
S3150100CE2000000000000000000000000000000000FB
S3150100CE3000000000000000000000000000000000EB
S3150100CE4000000000000000000000000000000000DB
S3150100CE5000000000000000000000000000000000CB
S3150100CE6000000000000000000000000000000000BB
S3150100CE7000000000000000000000000000000000AB
S3150100CE80000000000000000000000000000000009B
S3150100CE90000000000000000000000000000000008B
S3150100CEA0000000000000000000000000000000007B
S3150100CEB0000000000000000000000000000000006B
S3150100CEC0000000000000000000000000000000005B
S3150100CED0000000000000000000000000000000004B
S3150100CEE0000000000000000000000000000000003B
S3150100CEF0000000000000000000000000000000002B
S3150100CF00000000000000000000000000000000001A
S3150100CF10000000000000000000000000000000000A
S3150100CF2000000000000000000000000000000000FA
S3150100CF3000000000000000000000000000000000EA
S3150100CF4000000000000000000000000000000000DA
S3150100CF5000000000000000000000000000000000CA
S3150100CF6000000000000000000000000000000000BA
S3150100CF7000000000000000000000000000000000AA
S3150100CF80000000000000000000000000000000009A
S3150100CF90000000000000000000000000000000008A
S3150100CFA0000000000000000000000000000000007A
S3150100CFB0000000000000000000000000000000006A
S3150100CFC0000000000000000000000000000000005A
S3150100CFD0000000000000000000000000000000004A
S3150100CFE0000000000000000000000000000000003A
S3150100CFF0000000000000000000000000000000002A
S3150100D0000000000000000000000000000000000019
S3150100D0100000000000000000000000000000000009
S3150100D02000000000000000000000000000000000F9
S3150100D03000000000000000000000000000000000E9
S3150100D04000000000000000000000000000000000D9
S3150100D05000000000000000000000000000000000C9
S3150100D06000000000000000000000000000000000B9
S3150100D07000000000000000000000000000000000A9
S3150100D0800000000000000000000000000000000099
S3150100D0900000000000000000000000000000000089
S3150100D0A00000000000000000000000000000000079
S3150100D0B00000000000000000000000000000000069
S3150100D0C00000000000000000000000000000000059
S3150100D0D00000000000000000000000000000000049
S3150100D0E00000000000000000000000000000000039
S3150100D0F00000000000000000000000000000000029
S3150100D1000000000000000000000000000000000018
S3150100D1100000000000000000000000000000000008
S3150100D12000000000000000000000000000000000F8
S3150100D13000000000000000000000000000000000E8
S3150100D14000000000000000000000000000000000D8
S3150100D15000000000000000000000000000000000C8
S3150100D16000000000000000000000000000000000B8
S3150100D17000000000000000000000000000000000A8
S3150100D1800000000000000000000000000000000098
S3150100D1900000000000000000000000000000000088
S3150100D1A00000000000000000000000000000000078
S3150100D1B00000000000000000000000000000000068
S3150100D1C00000000000000000000000000000000058
S3150100D1D00000000000000000000000000000000048
S3150100D1E00000000000000000000000000000000038
S3150100D1F00000000000000000000000000000000028
S3150100D2000000000000000000000000000000000017
S3150100D2100000000000000000000000000000000007
S3150100D22000000000000000000000000000000000F7
S3150100D23000000000000000000000000000000000E7
S3150100D24000000000000000000000000000000000D7
S3150100D25000000000000000000000000000000000C7
S3150100D26000000000000000000000000000000000B7
S3150100D27000000000000000000000000000000000A7
S3150100D2800000000000000000000000000000000097
S3150100D2900000000000000000000000000000000087
S3150100D2A00000000000000000000000000000000077
S3150100D2B00000000000000000000000000000000067
S3150100D2C00000000000000000000000000000000057
S3150100D2D00000000000000000000000000000000047
S3150100D2E00000000000000000000000000000000037
S3150100D2F00000000000000000000000000000000027
S3150100D3000000000000000000000000000000000016
S3150100D3100000000000000000000000000000000006
S3150100D32000000000000000000000000000000000F6
S3150100D33000000000000000000000000000000000E6
S3150100D34000000000000000000000000000000000D6
S3150100D35000000000000000000000000000000000C6
S3150100D36000000000000000000000000000000000B6
S3150100D37000000000000000000000000000000000A6
S3150100D3800000000000000000000000000000000096
S3150100D3900000000000000000000000000000000086
S3150100D3A00000000000000000000000000000000076
S3150100D3B00000000000000000000000000000000066
S3150100D3C00000000000000000000000000000000056
S3150100D3D00000000000000000000000000000000046
S3150100D3E00000000000000000000000000000000036
S3150100D3F00000000000000000000000000000000026
S3150100D4000000000000000000000000000000000015
S3150100D4100000000000000000000000000000000005
S3150100D42000000000000000000000000000000000F5
S3150100D43000000000000000000000000000000000E5
S3150100D44000000000000000000000000000000000D5
S3150100D45000000000000000000000000000000000C5
S3150100D46000000000000000000000000000000000B5
S3150100D47000000000000000000000000000000000A5
S3150100D4800000000000000000000000000000000095
S3150100D4900000000000000000000000000000000085
S3150100D4A00000000000000000000000000000000075
S3150100D4B00000000000000000000000000000000065
S3150100D4C00000000000000000000000000000000055
S3150100D4D00000000000000000000000000000000045
S3150100D4E00000000000000000000000000000000035
S3150100D4F00000000000000000000000000000000025
S3150100D5000000000000000000000000000000000014
S3150100D5100000000000000000000000000000000004
S3150100D52000000000000000000000000000000000F4
S3150100D53000000000000000000000000000000000E4
S3150100D54000000000000000000000000000000000D4
S3150100D55000000000000000000000000000000000C4
S3150100D56000000000000000000000000000000000B4
S3150100D57000000000000000000000000000000000A4
S3150100D5800000000000000000000000000000000094
S3150100D5900000000000000000000000000000000084
S3150100D5A00000000000000000000000000000000074
S3150100D5B00000000000000000000000000000000064
S3150100D5C00000000000000000000000000000000054
S3150100D5D00000000000000000000000000000000044
S3150100D5E00000000000000000000000000000000034
S3150100D5F00000000000000000000000000000000024
S3150100D6000000000000000000000000000000000013
S3150100D6100000000000000000000000000000000003
S3150100D62000000000000000000000000000000000F3
S3150100D63000000000000000000000000000000000E3
S3150100D64000000000000000000000000000000000D3
S3150100D65000000000000000000000000000000000C3
S3150100D66000000000000000000000000000000000B3
S3150100D67000000000000000000000000000000000A3
S3150100D6800000000000000000000000000000000093
S3150100D6900000000000000000000000000000000083
S3150100D6A00000000000000000000000000000000073
S3150100D6B00000000000000000000000000000000063
S3150100D6C00000000000000000000000000000000053
S3150100D6D00000000000000000000000000000000043
S3150100D6E00000000000000000000000000000000033
S3150100D6F00000000000000000000000000000000023
S3150100D7000000000000000000000000000000000012
S3150100D7100000000000000000000000000000000002
S3150100D72000000000000000000000000000000000F2
S3150100D73000000000000000000000000000000000E2
S3150100D74000000000000000000000000000000000D2
S3150100D75000000000000000000000000000000000C2
S3150100D76000000000000000000000000000000000B2
S3150100D77000000000000000000000000000000000A2
S3150100D7800000000000000000000000000000000092
S3150100D7900000000000000000000000000000000082
S3150100D7A00000000000000000000000000000000072
S3150100D7B00000000000000000000000000000000062
S3150100D7C00000000000000000000000000000000052
S3150100D7D00000000000000000000000000000000042
S3150100D7E00000000000000000000000000000000032
S3150100D7F00000000000000000000000000000000022
S3150100D8000000000000000000000000000000000011
S3150100D8100000000000000000000000000000000001
S3150100D82000000000000000000000000000000000F1
S3150100D83000000000000000000000000000000000E1
S3150100D84000000000000000000000000000000000D1
S3150100D85000000000000000000000000000000000C1
S3150100D86000000000000000000000000000000000B1
S3150100D87000000000000000000000000000000000A1
S3150100D8800000000000000000000000000000000091
S3150100D8900000000000000000000000000000000081
S3150100D8A00000000000000000000000000000000071
S3150100D8B00000000000000000000000000000000061
S3150100D8C00000000000000000000000000000000051
S3150100D8D00000000000000000000000000000000041
S3150100D8E00000000000000000000000000000000031
S3150100D8F00000000000000000000000000000000021
S3150100D9000000000000000000000000000000000010
S3150100D9100000000000000000000000000000000000
S3150100D92000000000000000000000000000000000F0
S3150100D93000000000000000000000000000000000E0
S3150100D94000000000000000000000000000000000D0
S3150100D95000000000000000000000000000000000C0
S3150100D96000000000000000000000000000000000B0
S3150100D97000000000000000000000000000000000A0
S3150100D9800000000000000000000000000000000090
S3150100D9900000000000000000000000000000000080
S3150100D9A00000000000000000000000000000000070
S3150100D9B00000000000000000000000000000000060
S3150100D9C00000000000000000000000000000000050
S3150100D9D00000000000000000000000000000000040
S3150100D9E00000000000000000000000000000000030
S3150100D9F00000000000000000000000000000000020
S3150100DA00000000000000000000000000000000000F
S3150100DA1000000000000000000000000000000000FF
S3150100DA2000000000000000000000000000000000EF
S3150100DA3000000000000000000000000000000000DF
S3150100DA4000000000000000000000000000000000CF
S3150100DA5000000000000000000000000000000000BF
S3150100DA6000000000000000000000000000000000AF
S3150100DA70000000000000000000000000000000009F
S3150100DA80000000000000000000000000000000008F
S3150100DA90000000000000000000000000000000007F
S3150100DAA0000000000000000000000000000000006F
S3150100DAB0000000000000000000000000000000005F
S3150100DAC0000000000000000000000000000000004F
S3150100DAD0000000000000000000000000000000003F
S3150100DAE0000000000000000000000000000000002F
S3150100DAF0000000000000000000000000000000001F
S3150100DB00000000000000000000000000000000000E
S3150100DB1000000000000000000000000000000000FE
S3150100DB2000000000000000000000000000000000EE
S3150100DB3000000000000000000000000000000000DE
S3150100DB4000000000000000000000000000000000CE
S3150100DB5000000000000000000000000000000000BE
S3150100DB6000000000000000000000000000000000AE
S3150100DB70000000000000000000000000000000009E
S3150100DB80000000000000000000000000000000008E
S3150100DB90000000000000000000000000000000007E
S3150100DBA0000000000000000000000000000000006E
S3150100DBB0000000000000000000000000000000005E
S3150100DBC0000000000000000000000000000000004E
S3150100DBD0000000000000000000000000000000003E
S3150100DBE0000000000000000000000000000000002E
S3150100DBF0000000000000000000000000000000001E
S3150100DC00000000000000000000000000000000000D
S3150100DC1000000000000000000000000000000000FD
S3150100DC2000000000000000000000000000000000ED
S3150100DC3000000000000000000000000000000000DD
S3150100DC4000000000000000000000000000000000CD
S3150100DC5000000000000000000000000000000000BD
S3150100DC6000000000000000000000000000000000AD
S3150100DC70000000000000000000000000000000009D
S3150100DC80000000000000000000000000000000008D
S3150100DC90000000000000000000000000000000007D
S3150100DCA0000000000000000000000000000000006D
S3150100DCB0000000000000000000000000000000005D
S3150100DCC0000000000000000000000000000000004D
S3150100DCD0000000000000000000000000000000003D
S3150100DCE0000000000000000000000000000000002D
S3150100DCF0000000000000000000000000000000001D
S3150100DD00000000000000000000000000000000000C
S3150100DD1000000000000000000000000000000000FC
S3150100DD2000000000000000000000000000000000EC
S3150100DD3000000000000000000000000000000000DC
S3150100DD4000000000000000000000000000000000CC
S3150100DD5000000000000000000000000000000000BC
S3150100DD6000000000000000000000000000000000AC
S3150100DD70000000000000000000000000000000009C
S3150100DD80000000000000000000000000000000008C
S3150100DD90000000000000000000000000000000007C
S3150100DDA0000000000000000000000000000000006C
S3150100DDB0000000000000000000000000000000005C
S3150100DDC0000000000000000000000000000000004C
S3150100DDD0000000000000000000000000000000003C
S3150100DDE0000000000000000000000000000000002C
S3150100DDF0000000000000000000000000000000001C
S3150100DE00000000000000000000000000000000000B
S3150100DE1000000000000000000000000000000000FB
S3150100DE2000000000000000000000000000000000EB
S3150100DE3000000000000000000000000000000000DB
S3150100DE4000000000000000000000000000000000CB
S3150100DE5000000000000000000000000000000000BB
S3150100DE6000000000000000000000000000000000AB
S3150100DE70000000000000000000000000000000009B
S3150100DE80000000000000000000000000000000008B
S3150100DE90000000000000000000000000000000007B
S3150100DEA0000000000000000000000000000000006B
S3150100DEB0000000000000000000000000000000005B
S3150100DEC0000000000000000000000000000000004B
S3150100DED0000000000000000000000000000000003B
S3150100DEE0000000000000000000000000000000002B
S3150100DEF0000000000000000000000000000000001B
S3150100DF00000000000000000000000000000000000A
S3150100DF1000000000000000000000000000000000FA
S3150100DF2000000000000000000000000000000000EA
S3150100DF3000000000000000000000000000000000DA
S3150100DF4000000000000000000000000000000000CA
S3150100DF5000000000000000000000000000000000BA
S3150100DF6000000000000000000000000000000000AA
S3150100DF70000000000000000000000000000000009A
S3150100DF80000000000000000000000000000000008A
S3150100DF90000000000000000000000000000000007A
S3150100DFA0000000000000000000000000000000006A
S3150100DFB0000000000000000000000000000000005A
S3150100DFC0000000000000000000000000000000004A
S3150100DFD0000000000000000000000000000000003A
S3150100DFE0000000000000000000000000000000002A
S3150100DFF0000000000000000000000000000000001A
S3150100E0000000000000000000000000000000000009
S3150100E01000000000000000000000000000000000F9
S3150100E02000000000000000000000000000000000E9
S3150100E03000000000000000000000000000000000D9
S3150100E04000000000000000000000000000000000C9
S3150100E05000000000000000000000000000000000B9
S3150100E06000000000000000000000000000000000A9
S3150100E0700000000000000000000000000000000099
S3150100E0800000000000000000000000000000000089
S3150100E0900000000000000000000000000000000079
S3150100E0A00000000000000000000000000000000069
S3150100E0B00000000000000000000000000000000059
S3150100E0C00000000000000000000000000000000049
S3150100E0D00000000000000000000000000000000039
S3150100E0E00000000000000000000000000000000029
S3150100E0F00000000000000000000000000000000019
S3150100E1000000000000000000000000000000000008
S3150100E11000000000000000000000000000000000F8
S3150100E12000000000000000000000000000000000E8
S3150100E13000000000000000000000000000000000D8
S3150100E14000000000000000000000000000000000C8
S3150100E15000000000000000000000000000000000B8
S3150100E16000000000000000000000000000000000A8
S3150100E1700000000000000000000000000000000098
S3150100E1800000000000000000000000000000000088
S3150100E1900000000000000000000000000000000078
S3150100E1A00000000000000000000000000000000068
S3150100E1B00000000000000000000000000000000058
S3150100E1C00000000000000000000000000000000048
S3150100E1D00000000000000000000000000000000038
S3150100E1E00000000000000000000000000000000028
S3150100E1F00000000000000000000000000000000018
S3150100E2000000000000000000000000000000000007
S3150100E21000000000000000000000000000000000F7
S3150100E22000000000000000000000000000000000E7
S3150100E23000000000000000000000000000000000D7
S3150100E24000000000000000000000000000000000C7
S3150100E25000000000000000000000000000000000B7
S3150100E26000000000000000000000000000000000A7
S3150100E2700000000000000000000000000000000097
S3150100E2800000000000000000000000000000000087
S3150100E2900000000000000000000000000000000077
S3150100E2A00000000000000000000000000000000067
S3150100E2B00000000000000000000000000000000057
S3150100E2C00000000000000000000000000000000047
S3150100E2D00000000000000000000000000000000037
S3150100E2E00000000000000000000000000000000027
S3150100E2F00000000000000000000000000000000017
S3150100E3000000000000000000000000000000000006
S3150100E31000000000000000000000000000000000F6
S3150100E32000000000000000000000000000000000E6
S3150100E33000000000000000000000000000000000D6
S3150100E34000000000000000000000000000000000C6
S3150100E35000000000000000000000000000000000B6
S3150100E36000000000000000000000000000000000A6
S3150100E3700000000000000000000000000000000096
S3150100E3800000000000000000000000000000000086
S3150100E3900000000000000000000000000000000076
S3150100E3A00000000000000000000000000000000066
S3150100E3B00000000000000000000000000000000056
S3150100E3C00000000000000000000000000000000046
S3150100E3D00000000000000000000000000000000036
S3150100E3E00000000000000000000000000000000026
S3150100E3F00000000000000000000000000000000016
S3150100E4000000000000000000000000000000000005
S3150100E41000000000000000000000000000000000F5
S3150100E42000000000000000000000000000000000E5
S3150100E43000000000000000000000000000000000D5
S3150100E44000000000000000000000000000000000C5
S3150100E45000000000000000000000000000000000B5
S3150100E46000000000000000000000000000000000A5
S3150100E4700000000000000000000000000000000095
S3150100E4800000000000000000000000000000000085
S3150100E4900000000000000000000000000000000075
S3150100E4A00000000000000000000000000000000065
S3150100E4B00000000000000000000000000000000055
S3150100E4C00000000000000000000000000000000045
S3150100E4D00000000000000000000000000000000035
S3150100E4E00000000000000000000000000000000025
S3150100E4F00000000000000000000000000000000015
S3150100E5000000000000000000000000000000000004
S3150100E51000000000000000000000000000000000F4
S3150100E52000000000000000000000000000000000E4
S3150100E53000000000000000000000000000000000D4
S3150100E54000000000000000000000000000000000C4
S3150100E55000000000000000000000000000000000B4
S3150100E56000000000000000000000000000000000A4
S3150100E5700000000000000000000000000000000094
S3150100E5800000000000000000000000000000000084
S3150100E5900000000000000000000000000000000074
S3150100E5A00000000000000000000000000000000064
S3150100E5B00000000000000000000000000000000054
S3150100E5C00000000000000000000000000000000044
S3150100E5D00000000000000000000000000000000034
S3150100E5E00000000000000000000000000000000024
S3150100E5F00000000000000000000000000000000014
S3150100E6000000000000000000000000000000000003
S3150100E61000000000000000000000000000000000F3
S3150100E62000000000000000000000000000000000E3
S3150100E63000000000000000000000000000000000D3
S3150100E64000000000000000000000000000000000C3
S3150100E65000000000000000000000000000000000B3
S3150100E66000000000000000000000000000000000A3
S3150100E6700000000000000000000000000000000093
S3150100E6800000000000000000000000000000000083
S3150100E6900000000000000000000000000000000073
S3150100E6A00000000000000000000000000000000063
S3150100E6B00000000000000000000000000000000053
S3150100E6C00000000000000000000000000000000043
S3150100E6D00000000000000000000000000000000033
S3150100E6E00000000000000000000000000000000023
S3150100E6F00000000000000000000000000000000013
S3150100E7000000000000000000000000000000000002
S3150100E71000000000000000000000000000000000F2
S3150100E72000000000000000000000000000000000E2
S3150100E73000000000000000000000000000000000D2
S3150100E74000000000000000000000000000000000C2
S3150100E75000000000000000000000000000000000B2
S3150100E76000000000000000000000000000000000A2
S3150100E7700000000000000000000000000000000092
S3150100E7800000000000000000000000000000000082
S3150100E7900000000000000000000000000000000072
S3150100E7A00000000000000000000000000000000062
S3150100E7B00000000000000000000000000000000052
S3150100E7C00000000000000000000000000000000042
S3150100E7D00000000000000000000000000000000032
S3150100E7E00000000000000000000000000000000022
S3150100E7F00000000000000000000000000000000012
S3150100E8000000000000000000000000000000000001
S3150100E81000000000000000000000000000000000F1
S3150100E82000000000000000000000000000000000E1
S3150100E83000000000000000000000000000000000D1
S3150100E84000000000000000000000000000000000C1
S3150100E85000000000000000000000000000000000B1
S3150100E86000000000000000000000000000000000A1
S3150100E8700000000000000000000000000000000091
S3150100E8800000000000000000000000000000000081
S3150100E8900000000000000000000000000000000071
S3150100E8A00000000000000000000000000000000061
S3150100E8B00000000000000000000000000000000051
S3150100E8C00000000000000000000000000000000041
S3150100E8D00000000000000000000000000000000031
S3150100E8E00000000000000000000000000000000021
S3150100E8F00000000000000000000000000000000011
S3150100E9000000000000000000000000000000000000
S3150100E91000000000000000000000000000000000F0
S3150100E92000000000000000000000000000000000E0
S3150100E93000000000000000000000000000000000D0
S3150100E94000000000000000000000000000000000C0
S3150100E95000000000000000000000000000000000B0
S3150100E96000000000000000000000000000000000A0
S3150100E9700000000000000000000000000000000090
S3150100E9800000000000000000000000000000000080
S3150100E9900000000000000000000000000000000070
S3150100E9A00000000000000000000000000000000060
S3150100E9B00000000000000000000000000000000050
S3150100E9C00000000000000000000000000000000040
S3150100E9D00000000000000000000000000000000030
S3150100E9E00000000000000000000000000000000020
S3150100E9F00000000000000000000000000000000010
S3150100EA0000000000000000000000000000000000FF
S3150100EA1000000000000000000000000000000000EF
S3150100EA2000000000000000000000000000000000DF
S3150100EA3000000000000000000000000000000000CF
S3150100EA4000000000000000000000000000000000BF
S3150100EA5000000000000000000000000000000000AF
S3150100EA60000000000000000000000000000000009F
S3150100EA70000000000000000000000000000000008F
S3150100EA80000000000000000000000000000000007F
S3150100EA90000000000000000000000000000000006F
S3150100EAA0000000000000000000000000000000005F
S3150100EAB0000000000000000000000000000000004F
S3150100EAC0000000000000000000000000000000003F
S3150100EAD0000000000000000000000000000000002F
S3150100EAE0000000000000000000000000000000001F
S3150100EAF0000000000000000000000000000000000F
S3150100EB0000000000000000000000000000000000FE
S3150100EB1000000000000000000000000000000000EE
S3150100EB2000000000000000000000000000000000DE
S3150100EB3000000000000000000000000000000000CE
S3150100EB4000000000000000000000000000000000BE
S3150100EB5000000000000000000000000000000000AE
S3150100EB60000000000000000000000000000000009E
S3150100EB70000000000000000000000000000000008E
S3150100EB80000000000000000000000000000000007E
S3150100EB90000000000000000000000000000000006E
S3150100EBA0000000000000000000000000000000005E
S3150100EBB0000000000000000000000000000000004E
S3150100EBC0000000000000000000000000000000003E
S3150100EBD0000000000000000000000000000000002E
S3150100EBE0000000000000000000000000000000001E
S3150100EBF0000000000000000000000000000000000E
S3150100EC0000000000000000000000000000000000FD
S3150100EC1000000000000000000000000000000000ED
S3150100EC2000000000000000000000000000000000DD
S3150100EC3000000000000000000000000000000000CD
S3150100EC4000000000000000000000000000000000BD
S3150100EC5000000000000000000000000000000000AD
S3150100EC60000000000000000000000000000000009D
S3150100EC70000000000000000000000000000000008D
S3150100EC80000000000000000000000000000000007D
S3150100EC90000000000000000000000000000000006D
S3150100ECA0000000000000000000000000000000005D
S3150100ECB0000000000000000000000000000000004D
S3150100ECC0000000000000000000000000000000003D
S3150100ECD0000000000000000000000000000000002D
S3150100ECE0000000000000000000000000000000001D
S3150100ECF0000000000000000000000000000000000D
S3150100ED0000000000000000000000000000000000FC
S3150100ED1000000000000000000000000000000000EC
S3150100ED2000000000000000000000000000000000DC
S3150100ED3000000000000000000000000000000000CC
S3150100ED4000000000000000000000000000000000BC
S3150100ED5000000000000000000000000000000000AC
S3150100ED60000000000000000000000000000000009C
S3150100ED70000000000000000000000000000000008C
S3150100ED80000000000000000000000000000000007C
S3150100ED90000000000000000000000000000000006C
S3150100EDA0000000000000000000000000000000005C
S3150100EDB0000000000000000000000000000000004C
S3150100EDC0000000000000000000000000000000003C
S3150100EDD0000000000000000000000000000000002C
S3150100EDE0000000000000000000000000000000001C
S3150100EDF0000000000000000000000000000000000C
S3150100EE0000000000000000000000000000000000FB
S3150100EE1000000000000000000000000000000000EB
S3150100EE2000000000000000000000000000000000DB
S3150100EE3000000000000000000000000000000000CB
S3150100EE4000000000000000000000000000000000BB
S3150100EE5000000000000000000000000000000000AB
S3150100EE60000000000000000000000000000000009B
S3150100EE70000000000000000000000000000000008B
S3150100EE80000000000000000000000000000000007B
S3150100EE90000000000000000000000000000000006B
S3150100EEA0000000000000000000000000000000005B
S3150100EEB0000000000000000000000000000000004B
S3150100EEC0000000000000000000000000000000003B
S3150100EED0000000000000000000000000000000002B
S3150100EEE0000000000000000000000000000000001B
S3150100EEF0000000000000000000000000000000000B
S3150100EF0000000000000000000000000000000000FA
S3150100EF1000000000000000000000000000000000EA
S3150100EF2000000000000000000000000000000000DA
S3150100EF3000000000000000000000000000000000CA
S3150100EF4000000000000000000000000000000000BA
S3150100EF5000000000000000000000000000000000AA
S3150100EF60000000000000000000000000000000009A
S3150100EF70000000000000000000000000000000008A
S3150100EF80000000000000000000000000000000007A
S3150100EF90000000000000000000000000000000006A
S3150100EFA0000000000000000000000000000000005A
S3150100EFB0000000000000000000000000000000004A
S3150100EFC0000000000000000000000000000000003A
S3150100EFD0000000000000000000000000000000002A
S3150100EFE0000000000000000000000000000000001A
S3150100EFF0000000000000000000000000000000000A
S3150100F00000000000000000000000000000000000F9
S3150100F01000000000000000000000000000000000E9
S3150100F02000000000000000000000000000000000D9
S3150100F03000000000000000000000000000000000C9
S3150100F04000000000000000000000000000000000B9
S3150100F05000000000000000000000000000000000A9
S3150100F0600000000000000000000000000000000099
S3150100F0700000000000000000000000000000000089
S3150100F0800000000000000000000000000000000079
S3150100F0900000000000000000000000000000000069
S3150100F0A00000000000000000000000000000000059
S3150100F0B00000000000000000000000000000000049
S3150100F0C00000000000000000000000000000000039
S3150100F0D00000000000000000000000000000000029
S3150100F0E00000000000000000000000000000000019
S3150100F0F00000000000000000000000000000000009
S3150100F10000000000000000000000000000000000F8
S3150100F11000000000000000000000000000000000E8
S3150100F12000000000000000000000000000000000D8
S3150100F13000000000000000000000000000000000C8
S3150100F14000000000000000000000000000000000B8
S3150100F15000000000000000000000000000000000A8
S3150100F1600000000000000000000000000000000098
S3150100F1700000000000000000000000000000000088
S3150100F1800000000000000000000000000000000078
S3150100F1900000000000000000000000000000000068
S3150100F1A00000000000000000000000000000000058
S3150100F1B00000000000000000000000000000000048
S3150100F1C00000000000000000000000000000000038
S3150100F1D00000000000000000000000000000000028
S3150100F1E00000000000000000000000000000000018
S3150100F1F00000000000000000000000000000000008
S3150100F20000000000000000000000000000000000F7
S3150100F21000000000000000000000000000000000E7
S3150100F22000000000000000000000000000000000D7
S3150100F23000000000000000000000000000000000C7
S3150100F24000000000000000000000000000000000B7
S3150100F25000000000000000000000000000000000A7
S3150100F2600000000000000000000000000000000097
S3150100F2700000000000000000000000000000000087
S3150100F2800000000000000000000000000000000077
S3150100F2900000000000000000000000000000000067
S3150100F2A00000000000000000000000000000000057
S3150100F2B00000000000000000000000000000000047
S3150100F2C00000000000000000000000000000000037
S3150100F2D00000000000000000000000000000000027
S3150100F2E00000000000000000000000000000000017
S3150100F2F00000000000000000000000000000000007
S3150100F30000000000000000000000000000000000F6
S3150100F31000000000000000000000000000000000E6
S3150100F32000000000000000000000000000000000D6
S3150100F33000000000000000000000000000000000C6
S3150100F34000000000000000000000000000000000B6
S3150100F35000000000000000000000000000000000A6
S3150100F3600000000000000000000000000000000096
S3150100F3700000000000000000000000000000000086
S3150100F3800000000000000000000000000000000076
S3150100F3900000000000000000000000000000000066
S3150100F3A00000000000000000000000000000000056
S3150100F3B00000000000000000000000000000000046
S3150100F3C00000000000000000000000000000000036
S3150100F3D00000000000000000000000000000000026
S3150100F3E00000000000000000000000000000000016
S3150100F3F00000000000000000000000000000000006
S3150100F40000000000000000000000000000000000F5
S3150100F41000000000000000000000000000000000E5
S3150100F42000000000000000000000000000000000D5
S3150100F43000000000000000000000000000000000C5
S3150100F44000000000000000000000000000000000B5
S3150100F45000000000000000000000000000000000A5
S3150100F4600000000000000000000000000000000095
S3150100F4700000000000000000000000000000000085
S3150100F4800000000000000000000000000000000075
S3150100F4900000000000000000000000000000000065
S3150100F4A00000000000000000000000000000000055
S3150100F4B00000000000000000000000000000000045
S3150100F4C00000000000000000000000000000000035
S3150100F4D00000000000000000000000000000000025
S3150100F4E00000000000000000000000000000000015
S3150100F4F00000000000000000000000000000000005
S3150100F50000000000000000000000000000000000F4
S3150100F51000000000000000000000000000000000E4
S3150100F52000000000000000000000000000000000D4
S3150100F53000000000000000000000000000000000C4
S3150100F54000000000000000000000000000000000B4
S3150100F55000000000000000000000000000000000A4
S3150100F5600000000000000000000000000000000094
S3150100F5700000000000000000000000000000000084
S3150100F5800000000000000000000000000000000074
S3150100F5900000000000000000000000000000000064
S3150100F5A00000000000000000000000000000000054
S3150100F5B00000000000000000000000000000000044
S3150100F5C00000000000000000000000000000000034
S3150100F5D00000000000000000000000000000000024
S3150100F5E00000000000000000000000000000000014
S3150100F5F00000000000000000000000000000000004
S3150100F60000000000000000000000000000000000F3
S3150100F61000000000000000000000000000000000E3
S3150100F62000000000000000000000000000000000D3
S3150100F63000000000000000000000000000000000C3
S3150100F64000000000000000000000000000000000B3
S3150100F65000000000000000000000000000000000A3
S3150100F6600000000000000000000000000000000093
S3150100F6700000000000000000000000000000000083
S3150100F6800000000000000000000000000000000073
S3150100F6900000000000000000000000000000000063
S3150100F6A00000000000000000000000000000000053
S3150100F6B00000000000000000000000000000000043
S3150100F6C00000000000000000000000000000000033
S3150100F6D00000000000000000000000000000000023
S3150100F6E00000000000000000000000000000000013
S3150100F6F00000000000000000000000000000000003
S3150100F70000000000000000000000000000000000F2
S3150100F71000000000000000000000000000000000E2
S3150100F72000000000000000000000000000000000D2
S3150100F73000000000000000000000000000000000C2
S3150100F74000000000000000000000000000000000B2
S3150100F75000000000000000000000000000000000A2
S3150100F7600000000000000000000000000000000092
S3150100F7700000000000000000000000000000000082
S3150100F7800000000000000000000000000000000072
S3150100F7900000000000000000000000000000000062
S3150100F7A00000000000000000000000000000000052
S3150100F7B00000000000000000000000000000000042
S3150100F7C00000000000000000000000000000000032
S3150100F7D00000000000000000000000000000000022
S3150100F7E00000000000000000000000000000000012
S3150100F7F00000000000000000000000000000000002
S3150100F80000000000000000000000000000000000F1
S3150100F81000000000000000000000000000000000E1
S3150100F82000000000000000000000000000000000D1
S3150100F83000000000000000000000000000000000C1
S3150100F84000000000000000000000000000000000B1
S3150100F85000000000000000000000000000000000A1
S3150100F8600000000000000000000000000000000091
S3150100F8700000000000000000000000000000000081
S3150100F8800000000000000000000000000000000071
S3150100F8900000000000000000000000000000000061
S3150100F8A00000000000000000000000000000000051
S3150100F8B00000000000000000000000000000000041
S3150100F8C00000000000000000000000000000000031
S3150100F8D00000000000000000000000000000000021
S3150100F8E00000000000000000000000000000000011
S3150100F8F00000000000000000000000000000000001
S3150100F90000000000000000000000000000000000F0
S3150100F91000000000000000000000000000000000E0
S3150100F92000000000000000000000000000000000D0
S3150100F93000000000000000000000000000000000C0
S3150100F94000000000000000000000000000000000B0
S3150100F95000000000000000000000000000000000A0
S3150100F9600000000000000000000000000000000090
S3150100F9700000000000000000000000000000000080
S3150100F9800000000000000000000000000000000070
S3150100F9900000000000000000000000000000000060
S3150100F9A00000000000000000000000000000000050
S3150100F9B00000000000000000000000000000000040
S3150100F9C00000000000000000000000000000000030
S3150100F9D00000000000000000000000000000000020
S3150100F9E00000000000000000000000000000000010
S3150100F9F00000000000000000000000000000000000
S3150100FA0000000000000000000000000000000000EF
S3150100FA1000000000000000000000000000000000DF
S3150100FA2000000000000000000000000000000000CF
S3150100FA3000000000000000000000000000000000BF
S3150100FA4000000000000000000000000000000000AF
S3150100FA50000000000000000000000000000000009F
S3150100FA60000000000000000000000000000000008F
S3150100FA70000000000000000000000000000000007F
S3150100FA80000000000000000000000000000000006F
S3150100FA90000000000000000000000000000000005F
S3150100FAA0000000000000000000000000000000004F
S3150100FAB0000000000000000000000000000000003F
S3150100FAC0000000000000000000000000000000002F
S3150100FAD0000000000000000000000000000000001F
S3150100FAE0000000000000000000000000000000000F
S3150100FAF000000000000000000000000000000000FF
S3150100FB0000000000000000000000000000000000EE
S3150100FB1000000000000000000000000000000000DE
S3150100FB2000000000000000000000000000000000CE
S3150100FB3000000000000000000000000000000000BE
S3150100FB4000000000000000000000000000000000AE
S3150100FB50000000000000000000000000000000009E
S3150100FB60000000000000000000000000000000008E
S3150100FB70000000000000000000000000000000007E
S3150100FB80000000000000000000000000000000006E
S3150100FB90000000000000000000000000000000005E
S3150100FBA0000000000000000000000000000000004E
S3150100FBB0000000000000000000000000000000003E
S3150100FBC0000000000000000000000000000000002E
S3150100FBD0000000000000000000000000000000001E
S3150100FBE0000000000000000000000000000000000E
S3150100FBF000000000000000000000000000000000FE
S3150100FC0000000000000000000000000000000000ED
S3150100FC1000000000000000000000000000000000DD
S3150100FC2000000000000000000000000000000000CD
S3150100FC3000000000000000000000000000000000BD
S3150100FC4000000000000000000000000000000000AD
S3150100FC50000000000000000000000000000000009D
S3150100FC60000000000000000000000000000000008D
S3150100FC70000000000000000000000000000000007D
S3150100FC80000000000000000000000000000000006D
S3150100FC90000000000000000000000000000000005D
S3150100FCA0000000000000000000000000000000004D
S3150100FCB0000000000000000000000000000000003D
S3150100FCC0000000000000000000000000000000002D
S3150100FCD0000000000000000000000000000000001D
S3150100FCE0000000000000000000000000000000000D
S3150100FCF000000000000000000000000000000000FD
S3150100FD0000000000000000000000000000000000EC
S3150100FD1000000000000000000000000000000000DC
S3150100FD2000000000000000000000000000000000CC
S3150100FD3000000000000000000000000000000000BC
S3150100FD4000000000000000000000000000000000AC
S3150100FD50000000000000000000000000000000009C
S3150100FD60000000000000000000000000000000008C
S3150100FD70000000000000000000000000000000007C
S3150100FD80000000000000000000000000000000006C
S3150100FD90000000000000000000000000000000005C
S3150100FDA0000000000000000000000000000000004C
S3150100FDB0000000000000000000000000000000003C
S3150100FDC0000000000000000000000000000000002C
S3150100FDD0000000000000000000000000000000001C
S3150100FDE0000000000000000000000000000000000C
S3150100FDF000000000000000000000000000000000FC
S3150100FE0000000000000000000000000000000000EB
S3150100FE1000000000000000000000000000000000DB
S3150100FE2000000000000000000000000000000000CB
S3150100FE3000000000000000000000000000000000BB
S3150100FE4000000000000000000000000000000000AB
S3150100FE50000000000000000000000000000000009B
S3150100FE60000000000000000000000000000000008B
S3150100FE70000000000000000000000000000000007B
S3150100FE80000000000000000000000000000000006B
S3150100FE90000000000000000000000000000000005B
S3150100FEA0000000000000000000000000000000004B
S3150100FEB0000000000000000000000000000000003B
S3150100FEC0000000000000000000000000000000002B
S3150100FED0000000000000000000000000000000001B
S3150100FEE0000000000000000000000000000000000B
S3150100FEF000000000000000000000000000000000FB
S3150100FF0000000000000000000000000000000000EA
S3150100FF1000000000000000000000000000000000DA
S3150100FF2000000000000000000000000000000000CA
S3150100FF3000000000000000000000000000000000BA
S3150100FF4000000000000000000000000000000000AA
S3150100FF50000000000000000000000000000000009A
S3150100FF60000000000000000000000000000000008A
S3150100FF70000000000000000000000000000000007A
S3150100FF80000000000000000000000000000000006A
S3150100FF90000000000000000000000000000000005A
S3150100FFA0000000000000000000000000000000004A
S3150100FFB0000000000000000000000000000000003A
S3150100FFC0000000000000000000000000000000002A
S3150100FFD0000000000000000000000000000000001A
S3150100FFE0000000000000000000000000000000000A
S3150100FFF000000000000000000000000000000000FA
S31501010000003300204D00011101020111010201110C
S315010100100102011101020111010201110102011184
S315010100200102011101020111010201110102011174
S3150101003001020111585B03010102011101020111C2
S3150101004000000111000002010000010068485C4B3B
S315010100507844D0F800C04668C3F808C0326882F314
S315010100608888584A584C96605A6A42F400225A6264
S31501010070564ADA60D3F88C2042F4406242F001021A
S31501010080C3F88C2000234FF0FF32214641F823208B
S315010100900133102BFAD14FF450424D4BFF219A6691
S315010100A001224C4B4C4CC3F89011C3F83021C4F8D2
S315010100B070118068B0F5003F7DD007D8B0F5004FCB
S315010100C00DD0B0F5803F09D0002208E0B0F5802FB0
S315010100D073D0B0F5002FF7D1052200E002224FF0CF
S315010100E0FF31C3F86422C3F8701233465C680126F6
S315010100F04FF01009394FDFF8FCE0DFF8FC803200E0
S315010101003B461A60320073461A601A6802EA060211
S31501010110002AFAD14FF41047314D2B463A461A605F
S3150101012007F1A2476FF48018DFF8D0E007F583578E
S315010101303B460A461A60734642461A60294DA7F59F
S315010101405E6729462CF07F43B3FBF0F3202B05D9DB
S31501010150A3F120034FF0FF320A6008E04FF00102DC
S315010101609A406FEA02020A604FF0FF33FFE701F19D
S315010101700401B942EADD1C490B4632001A601B49EA
S315010101806408640002220B461A6000200021002245
S3150101019000230025002600275FF000085FF0000913
S315010101A05FF0000A5FF0000B5FF0000CBFF34F8FA9
S315010101B0BFF36F8F2447032291E704228FE700BF24
S315010101C000ED00E000ED02E080E300E00020FA0529
S315010101D0005080400090005100A00051185083400A
S315010101E0686080407492005170930051D0ED00E037
S315010101F0ECFFFFFF18D0854014C0854064A0005173
S31501010200FEE7000000000000000000000000000001
S3150101021000000000000000000000000000000000D6
S3150101022000000000000000000000000000000000C6
S3150101023000000000000000000000000000000000B6
S3150101024000000000000000000000000000000000A6
S315010102500000000000000000000000000000000096
S315010102600000000000000000000000000000000086
S315010102700000000000000000000000000000000076
S315010102800000000000000000000000000000000066
S315010102900000000000000000000000000000000056
S315010102A00000000000000000000000000000000046
S315010102B00000000000000000000000000000000036
S315010102C00000000000000000000000000000000026
S315010102D00000000000000000000000000000000016
S315010102E00000000000000000000000000000000006
S315010102F000000000000000000000000000000000F6
S3150101030000000000000000000000000000000000E5
S3150101031000000000000000000000000000000000D5
S3150101032000000000000000000000000000000000C5
S3150101033000000000000000000000000000000000B5
S3150101034000000000000000000000000000000000A5
S315010103500000000000000000000000000000000095
S315010103600000000000000000000000000000000085
S315010103700000000000000000000000000000000075
S315010103800000000000000000000000000000000065
S315010103900000000000000000000000000000000055
S315010103A00000000000000000000000000000000045
S315010103B00000000000000000000000000000000035
S315010103C00000000000000000000000000000000025
S315010103D00000000000000000000000000000000015
S315010103E00000000000000000000000000000000005
S315010103F000000000000000000000000000000000F5
S3150101040000000000000000000000000000000000E4
S3150101041000000000000000000000000000000000D4
S3150101042000000000000000000000000000000000C4
S3150101043000000000000000000000000000000000B4
S3150101044000000000000000000000000000000000A4
S315010104500000000000000000000000000000000094
S315010104600000000000000000000000000000000084
S315010104700000000000000000000000000000000074
S315010104800000000000000000000000000000000064
S315010104900000000000000000000000000000000054
S315010104A00000000000000000000000000000000044
S315010104B00000000000000000000000000000000034
S315010104C00000000000000000000000000000000024
S315010104D00000000000000000000000000000000014
S315010104E00000000000000000000000000000000004
S315010104F000000000000000000000000000000000F4
S3150101050000000000000000000000000000000000E3
S3150101051000000000000000000000000000000000D3
S3150101052000000000000000000000000000000000C3
S3150101053000000000000000000000000000000000B3
S3150101054000000000000000000000000000000000A3
S315010105500000000000000000000000000000000093
S315010105600000000000000000000000000000000083
S315010105700000000000000000000000000000000073
S315010105800000000000000000000000000000000063
S315010105900000000000000000000000000000000053
S315010105A00000000000000000000000000000000043
S315010105B00000000000000000000000000000000033
S315010105C00000000000000000000000000000000023
S315010105D00000000000000000000000000000000013
S315010105E00000000000000000000000000000000003
S315010105F000000000000000000000000000000000F3
S3150101060000000000000000000000000000000000E2
S3150101061000000000000000000000000000000000D2
S3150101062000000000000000000000000000000000C2
S3150101063000000000000000000000000000000000B2
S3150101064000000000000000000000000000000000A2
S315010106500000000000000000000000000000000092
S315010106600000000000000000000000000000000082
S315010106700000000000000000000000000000000072
S315010106800000000000000000000000000000000062
S315010106900000000000000000000000000000000052
S315010106A00000000000000000000000000000000042
S315010106B00000000000000000000000000000000032
S315010106C00000000000000000000000000000000022
S315010106D00000000000000000000000000000000012
S315010106E00000000000000000000000000000000002
S315010106F000000000000000000000000000000000F2
S3150101070000000000000000000000000000000000E1
S3150101071000000000000000000000000000000000D1
S3150101072000000000000000000000000000000000C1
S3150101073000000000000000000000000000000000B1
S3150101074000000000000000000000000000000000A1
S315010107500000000000000000000000000000000091
S315010107600000000000000000000000000000000081
S315010107700000000000000000000000000000000071
S315010107800000000000000000000000000000000061
S315010107900000000000000000000000000000000051
S315010107A00000000000000000000000000000000041
S315010107B00000000000000000000000000000000031
S315010107C00000000000000000000000000000000021
S315010107D00000000000000000000000000000000011
S315010107E00000000000000000000000000000000001
S315010107F000000000000000000000000000000000F1
S3150101080000000000000000000000000000000000E0
S3150101081000000000000000000000000000000000D0
S3150101082000000000000000000000000000000000C0
S3150101083000000000000000000000000000000000B0
S3150101084000000000000000000000000000000000A0
S315010108500000000000000000000000000000000090
S315010108600000000000000000000000000000000080
S315010108700000000000000000000000000000000070
S315010108800000000000000000000000000000000060
S315010108900000000000000000000000000000000050
S315010108A00000000000000000000000000000000040
S315010108B00000000000000000000000000000000030
S315010108C00000000000000000000000000000000020
S315010108D00000000000000000000000000000000010
S315010108E00000000000000000000000000000000000
S315010108F000000000000000000000000000000000F0
S3150101090000000000000000000000000000000000DF
S3150101091000000000000000000000000000000000CF
S3150101092000000000000000000000000000000000BF
S3150101093000000000000000000000000000000000AF
S31501010940000000000000000000000000000000009F
S31501010950000000000000000000000000000000008F
S31501010960000000000000000000000000000000007F
S31501010970000000000000000000000000000000006F
S31501010980000000000000000000000000000000005F
S31501010990000000000000000000000000000000004F
S315010109A0000000000000000000000000000000003F
S315010109B0000000000000000000000000000000002F
S315010109C0000000000000000000000000000000001F
S315010109D0000000000000000000000000000000000F
S315010109E000000000000000000000000000000000FF
S315010109F000000000000000000000000000000000EF
S31501010A0000000000000000000000000000000000DE
S31501010A1000000000000000000000000000000000CE
S31501010A2000000000000000000000000000000000BE
S31501010A3000000000000000000000000000000000AE
S31501010A40000000000000000000000000000000009E
S31501010A50000000000000000000000000000000008E
S31501010A60000000000000000000000000000000007E
S31501010A70000000000000000000000000000000006E
S31501010A80000000000000000000000000000000005E
S31501010A90000000000000000000000000000000004E
S31501010AA0000000000000000000000000000000003E
S31501010AB0000000000000000000000000000000002E
S31501010AC0000000000000000000000000000000001E
S31501010AD0000000000000000000000000000000000E
S31501010AE000000000000000000000000000000000FE
S31501010AF000000000000000000000000000000000EE
S31501010B0000000000000000000000000000000000DD
S31501010B1000000000000000000000000000000000CD
S31501010B2000000000000000000000000000000000BD
S31501010B3000000000000000000000000000000000AD
S31501010B40000000000000000000000000000000009D
S31501010B50000000000000000000000000000000008D
S31501010B60000000000000000000000000000000007D
S31501010B70000000000000000000000000000000006D
S31501010B80000000000000000000000000000000005D
S31501010B90000000000000000000000000000000004D
S31501010BA0000000000000000000000000000000003D
S31501010BB0000000000000000000000000000000002D
S31501010BC0000000000000000000000000000000001D
S31501010BD0000000000000000000000000000000000D
S31501010BE000000000000000000000000000000000FD
S31501010BF000000000000000000000000000000000ED
S31501010C0000000000000000000000000000000000DC
S31501010C1000000000000000000000000000000000CC
S31501010C2000000000000000000000000000000000BC
S31501010C3000000000000000000000000000000000AC
S31501010C40000000000000000000000000000000009C
S31501010C50000000000000000000000000000000008C
S31501010C60000000000000000000000000000000007C
S31501010C70000000000000000000000000000000006C
S31501010C80000000000000000000000000000000005C
S31501010C90000000000000000000000000000000004C
S31501010CA0000000000000000000000000000000003C
S31501010CB0000000000000000000000000000000002C
S31501010CC0000000000000000000000000000000001C
S31501010CD0000000000000000000000000000000000C
S31501010CE000000000000000000000000000000000FC
S31501010CF000000000000000000000000000000000EC
S31501010D0000000000000000000000000000000000DB
S31501010D1000000000000000000000000000000000CB
S31501010D2000000000000000000000000000000000BB
S31501010D3000000000000000000000000000000000AB
S31501010D40000000000000000000000000000000009B
S31501010D50000000000000000000000000000000008B
S31501010D60000000000000000000000000000000007B
S31501010D70000000000000000000000000000000006B
S31501010D80000000000000000000000000000000005B
S31501010D90000000000000000000000000000000004B
S31501010DA0000000000000000000000000000000003B
S31501010DB0000000000000000000000000000000002B
S31501010DC0000000000000000000000000000000001B
S31501010DD0000000000000000000000000000000000B
S31501010DE000000000000000000000000000000000FB
S31501010DF000000000000000000000000000000000EB
S31501010E0000000000000000000000000000000000DA
S31501010E1000000000000000000000000000000000CA
S31501010E2000000000000000000000000000000000BA
S31501010E3000000000000000000000000000000000AA
S31501010E40000000000000000000000000000000009A
S31501010E50000000000000000000000000000000008A
S31501010E60000000000000000000000000000000007A
S31501010E70000000000000000000000000000000006A
S31501010E80000000000000000000000000000000005A
S31501010E90000000000000000000000000000000004A
S31501010EA0000000000000000000000000000000003A
S31501010EB0000000000000000000000000000000002A
S31501010EC0000000000000000000000000000000001A
S31501010ED0000000000000000000000000000000000A
S31501010EE000000000000000000000000000000000FA
S31501010EF000000000000000000000000000000000EA
S31501010F0000000000000000000000000000000000D9
S31501010F1000000000000000000000000000000000C9
S31501010F2000000000000000000000000000000000B9
S31501010F3000000000000000000000000000000000A9
S31501010F400000000000000000000000000000000099
S31501010F500000000000000000000000000000000089
S31501010F600000000000000000000000000000000079
S31501010F700000000000000000000000000000000069
S31501010F800000000000000000000000000000000059
S31501010F900000000000000000000000000000000049
S31501010FA00000000000000000000000000000000039
S31501010FB00000000000000000000000000000000029
S31501010FC00000000000000000000000000000000019
S31501010FD00000000000000000000000000000000009
S31501010FE000000000000000000000000000000000F9
S31501010FF000000000000000000000000000000000E9
S3150101100000000000000000000000000000000000D8
S3150101101000000000000000000000000000000000C8
S3150101102000000000000000000000000000000000B8
S3150101103000000000000000000000000000000000A8
S315010110400000000000000000000000000000000098
S315010110500000000000000000000000000000000088
S315010110600000000000000000000000000000000078
S315010110700000000000000000000000000000000068
S315010110800000000000000000000000000000000058
S315010110900000000000000000000000000000000048
S315010110A00000000000000000000000000000000038
S315010110B00000000000000000000000000000000028
S315010110C00000000000000000000000000000000018
S315010110D00000000000000000000000000000000008
S315010110E000000000000000000000000000000000F8
S315010110F000000000000000000000000000000000E8
S3150101110000000000000000000000000000000000D7
S3150101111000000000000000000000000000000000C7
S3150101112000000000000000000000000000000000B7
S3150101113000000000000000000000000000000000A7
S315010111400000000000000000000000000000000097
S315010111500000000000000000000000000000000087
S315010111600000000000000000000000000000000077
S315010111700000000000000000000000000000000067
S315010111800000000000000000000000000000000057
S315010111900000000000000000000000000000000047
S315010111A00000000000000000000000000000000037
S315010111B00000000000000000000000000000000027
S315010111C00000000000000000000000000000000017
S315010111D00000000000000000000000000000000007
S315010111E000000000000000000000000000000000F7
S315010111F000000000000000000000000000000000E7
S3150101120000000000000000000000000000000000D6
S3150101121000000000000000000000000000000000C6
S3150101122000000000000000000000000000000000B6
S3150101123000000000000000000000000000000000A6
S315010112400000000000000000000000000000000096
S315010112500000000000000000000000000000000086
S315010112600000000000000000000000000000000076
S315010112700000000000000000000000000000000066
S315010112800000000000000000000000000000000056
S315010112900000000000000000000000000000000046
S315010112A00000000000000000000000000000000036
S315010112B00000000000000000000000000000000026
S315010112C00000000000000000000000000000000016
S315010112D00000000000000000000000000000000006
S315010112E000000000000000000000000000000000F6
S315010112F000000000000000000000000000000000E6
S3150101130000000000000000000000000000000000D5
S3150101131000000000000000000000000000000000C5
S3150101132000000000000000000000000000000000B5
S3150101133000000000000000000000000000000000A5
S315010113400000000000000000000000000000000095
S315010113500000000000000000000000000000000085
S315010113600000000000000000000000000000000075
S315010113700000000000000000000000000000000065
S315010113800000000000000000000000000000000055
S315010113900000000000000000000000000000000045
S315010113A00000000000000000000000000000000035
S315010113B00000000000000000000000000000000025
S315010113C00000000000000000000000000000000015
S315010113D00000000000000000000000000000000005
S315010113E000000000000000000000000000000000F5
S315010113F000000000000000000000000000000000E5
S3150101140000000000000000000000000000000000D4
S3150101141000000000000000000000000000000000C4
S3150101142000000000000000000000000000000000B4
S3150101143000000000000000000000000000000000A4
S315010114400000000000000000000000000000000094
S315010114500000000000000000000000000000000084
S315010114600000000000000000000000000000000074
S315010114700000000000000000000000000000000064
S315010114800000000000000000000000000000000054
S315010114900000000000000000000000000000000044
S315010114A00000000000000000000000000000000034
S315010114B00000000000000000000000000000000024
S315010114C00000000000000000000000000000000014
S315010114D00000000000000000000000000000000004
S315010114E000000000000000000000000000000000F4
S315010114F000000000000000000000000000000000E4
S3150101150000000000000000000000000000000000D3
S3150101151000000000000000000000000000000000C3
S3150101152000000000000000000000000000000000B3
S3150101153000000000000000000000000000000000A3
S315010115400000000000000000000000000000000093
S315010115500000000000000000000000000000000083
S315010115600000000000000000000000000000000073
S315010115700000000000000000000000000000000063
S315010115800000000000000000000000000000000053
S315010115900000000000000000000000000000000043
S315010115A00000000000000000000000000000000033
S315010115B00000000000000000000000000000000023
S315010115C00000000000000000000000000000000013
S315010115D00000000000000000000000000000000003
S315010115E000000000000000000000000000000000F3
S315010115F000000000000000000000000000000000E3
S3150101160000000000000000000000000000000000D2
S3150101161000000000000000000000000000000000C2
S3150101162000000000000000000000000000000000B2
S3150101163000000000000000000000000000000000A2
S315010116400000000000000000000000000000000092
S315010116500000000000000000000000000000000082
S315010116600000000000000000000000000000000072
S315010116700000000000000000000000000000000062
S315010116800000000000000000000000000000000052
S315010116900000000000000000000000000000000042
S315010116A00000000000000000000000000000000032
S315010116B00000000000000000000000000000000022
S315010116C00000000000000000000000000000000012
S315010116D00000000000000000000000000000000002
S315010116E000000000000000000000000000000000F2
S315010116F000000000000000000000000000000000E2
S3150101170000000000000000000000000000000000D1
S3150101171000000000000000000000000000000000C1
S3150101172000000000000000000000000000000000B1
S3150101173000000000000000000000000000000000A1
S315010117400000000000000000000000000000000091
S315010117500000000000000000000000000000000081
S315010117600000000000000000000000000000000071
S315010117700000000000000000000000000000000061
S315010117800000000000000000000000000000000051
S315010117900000000000000000000000000000000041
S315010117A00000000000000000000000000000000031
S315010117B00000000000000000000000000000000021
S315010117C00000000000000000000000000000000011
S315010117D00000000000000000000000000000000001
S315010117E000000000000000000000000000000000F1
S315010117F000000000000000000000000000000000E1
S3150101180000000000000000000000000000000000D0
S3150101181000000000000000000000000000000000C0
S3150101182000000000000000000000000000000000B0
S3150101183000000000000000000000000000000000A0
S315010118400000000000000000000000000000000090
S315010118500000000000000000000000000000000080
S315010118600000000000000000000000000000000070
S315010118700000000000000000000000000000000060
S315010118800000000000000000000000000000000050
S315010118900000000000000000000000000000000040
S315010118A00000000000000000000000000000000030
S315010118B00000000000000000000000000000000020
S315010118C00000000000000000000000000000000010
S315010118D00000000000000000000000000000000000
S315010118E000000000000000000000000000000000F0
S315010118F000000000000000000000000000000000E0
S3150101190000000000000000000000000000000000CF
S3150101191000000000000000000000000000000000BF
S3150101192000000000000000000000000000000000AF
S31501011930000000000000000000000000000000009F
S31501011940000000000000000000000000000000008F
S31501011950000000000000000000000000000000007F
S31501011960000000000000000000000000000000006F
S31501011970000000000000000000000000000000005F
S31501011980000000000000000000000000000000004F
S31501011990000000000000000000000000000000003F
S315010119A0000000000000000000000000000000002F
S315010119B0000000000000000000000000000000001F
S315010119C0000000000000000000000000000000000F
S315010119D000000000000000000000000000000000FF
S315010119E000000000000000000000000000000000EF
S315010119F000000000000000000000000000000000DF
S31501011A0000000000000000000000000000000000CE
S31501011A1000000000000000000000000000000000BE
S31501011A2000000000000000000000000000000000AE
S31501011A30000000000000000000000000000000009E
S31501011A40000000000000000000000000000000008E
S31501011A50000000000000000000000000000000007E
S31501011A60000000000000000000000000000000006E
S31501011A70000000000000000000000000000000005E
S31501011A80000000000000000000000000000000004E
S31501011A90000000000000000000000000000000003E
S31501011AA0000000000000000000000000000000002E
S31501011AB0000000000000000000000000000000001E
S31501011AC0000000000000000000000000000000000E
S31501011AD000000000000000000000000000000000FE
S31501011AE000000000000000000000000000000000EE
S31501011AF000000000000000000000000000000000DE
S31501011B0000000000000000000000000000000000CD
S31501011B1000000000000000000000000000000000BD
S31501011B2000000000000000000000000000000000AD
S31501011B30000000000000000000000000000000009D
S31501011B40000000000000000000000000000000008D
S31501011B50000000000000000000000000000000007D
S31501011B60000000000000000000000000000000006D
S31501011B70000000000000000000000000000000005D
S31501011B80000000000000000000000000000000004D
S31501011B90000000000000000000000000000000003D
S31501011BA0000000000000000000000000000000002D
S31501011BB0000000000000000000000000000000001D
S31501011BC0000000000000000000000000000000000D
S31501011BD000000000000000000000000000000000FD
S31501011BE000000000000000000000000000000000ED
S31501011BF000000000000000000000000000000000DD
S31501011C0000000000000000000000000000000000CC
S31501011C1000000000000000000000000000000000BC
S31501011C2000000000000000000000000000000000AC
S31501011C30000000000000000000000000000000009C
S31501011C40000000000000000000000000000000008C
S31501011C50000000000000000000000000000000007C
S31501011C60000000000000000000000000000000006C
S31501011C70000000000000000000000000000000005C
S31501011C80000000000000000000000000000000004C
S31501011C90000000000000000000000000000000003C
S31501011CA0000000000000000000000000000000002C
S31501011CB0000000000000000000000000000000001C
S31501011CC0000000000000000000000000000000000C
S31501011CD000000000000000000000000000000000FC
S31501011CE000000000000000000000000000000000EC
S31501011CF000000000000000000000000000000000DC
S31501011D0000000000000000000000000000000000CB
S31501011D1000000000000000000000000000000000BB
S31501011D2000000000000000000000000000000000AB
S31501011D30000000000000000000000000000000009B
S31501011D40000000000000000000000000000000008B
S31501011D50000000000000000000000000000000007B
S31501011D60000000000000000000000000000000006B
S31501011D70000000000000000000000000000000005B
S31501011D80000000000000000000000000000000004B
S31501011D90000000000000000000000000000000003B
S31501011DA0000000000000000000000000000000002B
S31501011DB0000000000000000000000000000000001B
S31501011DC0000000000000000000000000000000000B
S31501011DD000000000000000000000000000000000FB
S31501011DE000000000000000000000000000000000EB
S31501011DF000000000000000000000000000000000DB
S31501011E0000000000000000000000000000000000CA
S31501011E1000000000000000000000000000000000BA
S31501011E2000000000000000000000000000000000AA
S31501011E30000000000000000000000000000000009A
S31501011E40000000000000000000000000000000008A
S31501011E50000000000000000000000000000000007A
S31501011E60000000000000000000000000000000006A
S31501011E70000000000000000000000000000000005A
S31501011E80000000000000000000000000000000004A
S31501011E90000000000000000000000000000000003A
S31501011EA0000000000000000000000000000000002A
S31501011EB0000000000000000000000000000000001A
S31501011EC0000000000000000000000000000000000A
S31501011ED000000000000000000000000000000000FA
S31501011EE000000000000000000000000000000000EA
S31501011EF000000000000000000000000000000000DA
S31501011F0000000000000000000000000000000000C9
S31501011F1000000000000000000000000000000000B9
S31501011F2000000000000000000000000000000000A9
S31501011F300000000000000000000000000000000099
S31501011F400000000000000000000000000000000089
S31501011F500000000000000000000000000000000079
S31501011F600000000000000000000000000000000069
S31501011F700000000000000000000000000000000059
S31501011F800000000000000000000000000000000049
S31501011F900000000000000000000000000000000039
S31501011FA00000000000000000000000000000000029
S31501011FB00000000000000000000000000000000019
S31501011FC00000000000000000000000000000000009
S31501011FD000000000000000000000000000000000F9
S31501011FE000000000000000000000000000000000E9
S31501011FF000000000000000000000000000000000D9
S3150101200000000000000000000000000000000000C8
S3150101201000000000000000000000000000000000B8
S3150101202000000000000000000000000000000000A8
S315010120300000000000000000000000000000000098
S315010120400000000000000000000000000000000088
S315010120500000000000000000000000000000000078
S315010120600000000000000000000000000000000068
S315010120700000000000000000000000000000000058
S315010120800000000000000000000000000000000048
S315010120900000000000000000000000000000000038
S315010120A00000000000000000000000000000000028
S315010120B00000000000000000000000000000000018
S315010120C00000000000000000000000000000000008
S315010120D000000000000000000000000000000000F8
S315010120E000000000000000000000000000000000E8
S315010120F000000000000000000000000000000000D8
S3150101210000000000000000000000000000000000C7
S3150101211000000000000000000000000000000000B7
S3150101212000000000000000000000000000000000A7
S315010121300000000000000000000000000000000097
S315010121400000000000000000000000000000000087
S315010121500000000000000000000000000000000077
S315010121600000000000000000000000000000000067
S315010121700000000000000000000000000000000057
S315010121800000000000000000000000000000000047
S315010121900000000000000000000000000000000037
S315010121A00000000000000000000000000000000027
S315010121B00000000000000000000000000000000017
S315010121C00000000000000000000000000000000007
S315010121D000000000000000000000000000000000F7
S315010121E000000000000000000000000000000000E7
S315010121F000000000000000000000000000000000D7
S3150101220000000000000000000000000000000000C6
S3150101221000000000000000000000000000000000B6
S3150101222000000000000000000000000000000000A6
S315010122300000000000000000000000000000000096
S315010122400000000000000000000000000000000086
S315010122500000000000000000000000000000000076
S315010122600000000000000000000000000000000066
S315010122700000000000000000000000000000000056
S315010122800000000000000000000000000000000046
S315010122900000000000000000000000000000000036
S315010122A00000000000000000000000000000000026
S315010122B00000000000000000000000000000000016
S315010122C00000000000000000000000000000000006
S315010122D000000000000000000000000000000000F6
S315010122E000000000000000000000000000000000E6
S315010122F000000000000000000000000000000000D6
S3150101230000000000000000000000000000000000C5
S3150101231000000000000000000000000000000000B5
S3150101232000000000000000000000000000000000A5
S315010123300000000000000000000000000000000095
S315010123400000000000000000000000000000000085
S315010123500000000000000000000000000000000075
S315010123600000000000000000000000000000000065
S315010123700000000000000000000000000000000055
S315010123800000000000000000000000000000000045
S315010123900000000000000000000000000000000035
S315010123A00000000000000000000000000000000025
S315010123B00000000000000000000000000000000015
S315010123C00000000000000000000000000000000005
S315010123D000000000000000000000000000000000F5
S315010123E000000000000000000000000000000000E5
S315010123F000000000000000000000000000000000D5
S3150101240000000000000000000000000000000000C4
S3150101241000000000000000000000000000000000B4
S3150101242000000000000000000000000000000000A4
S315010124300000000000000000000000000000000094
S315010124400000000000000000000000000000000084
S315010124500000000000000000000000000000000074
S315010124600000000000000000000000000000000064
S315010124700000000000000000000000000000000054
S315010124800000000000000000000000000000000044
S315010124900000000000000000000000000000000034
S315010124A00000000000000000000000000000000024
S315010124B00000000000000000000000000000000014
S315010124C00000000000000000000000000000000004
S315010124D000000000000000000000000000000000F4
S315010124E000000000000000000000000000000000E4
S315010124F000000000000000000000000000000000D4
S3150101250000000000000000000000000000000000C3
S3150101251000000000000000000000000000000000B3
S3150101252000000000000000000000000000000000A3
S315010125300000000000000000000000000000000093
S315010125400000000000000000000000000000000083
S315010125500000000000000000000000000000000073
S315010125600000000000000000000000000000000063
S315010125700000000000000000000000000000000053
S315010125800000000000000000000000000000000043
S315010125900000000000000000000000000000000033
S315010125A00000000000000000000000000000000023
S315010125B00000000000000000000000000000000013
S315010125C00000000000000000000000000000000003
S315010125D000000000000000000000000000000000F3
S315010125E000000000000000000000000000000000E3
S315010125F000000000000000000000000000000000D3
S3150101260000000000000000000000000000000000C2
S3150101261000000000000000000000000000000000B2
S3150101262000000000000000000000000000000000A2
S315010126300000000000000000000000000000000092
S315010126400000000000000000000000000000000082
S315010126500000000000000000000000000000000072
S315010126600000000000000000000000000000000062
S315010126700000000000000000000000000000000052
S315010126800000000000000000000000000000000042
S315010126900000000000000000000000000000000032
S315010126A00000000000000000000000000000000022
S315010126B00000000000000000000000000000000012
S315010126C00000000000000000000000000000000002
S315010126D000000000000000000000000000000000F2
S315010126E000000000000000000000000000000000E2
S315010126F000000000000000000000000000000000D2
S3150101270000000000000000000000000000000000C1
S3150101271000000000000000000000000000000000B1
S3150101272000000000000000000000000000000000A1
S315010127300000000000000000000000000000000091
S315010127400000000000000000000000000000000081
S315010127500000000000000000000000000000000071
S315010127600000000000000000000000000000000061
S315010127700000000000000000000000000000000051
S315010127800000000000000000000000000000000041
S315010127900000000000000000000000000000000031
S315010127A00000000000000000000000000000000021
S315010127B00000000000000000000000000000000011
S315010127C00000000000000000000000000000000001
S315010127D000000000000000000000000000000000F1
S315010127E000000000000000000000000000000000E1
S315010127F000000000000000000000000000000000D1
S3150101280000000000000000000000000000000000C0
S3150101281000000000000000000000000000000000B0
S3150101282000000000000000000000000000000000A0
S315010128300000000000000000000000000000000090
S315010128400000000000000000000000000000000080
S315010128500000000000000000000000000000000070
S315010128600000000000000000000000000000000060
S315010128700000000000000000000000000000000050
S315010128800000000000000000000000000000000040
S315010128900000000000000000000000000000000030
S315010128A00000000000000000000000000000000020
S315010128B00000000000000000000000000000000010
S315010128C00000000000000000000000000000000000
S315010128D000000000000000000000000000000000F0
S315010128E000000000000000000000000000000000E0
S315010128F000000000000000000000000000000000D0
S3150101290000000000000000000000000000000000BF
S3150101291000000000000000000000000000000000AF
S31501012920000000000000000000000000000000009F
S31501012930000000000000000000000000000000008F
S31501012940000000000000000000000000000000007F
S31501012950000000000000000000000000000000006F
S31501012960000000000000000000000000000000005F
S31501012970000000000000000000000000000000004F
S31501012980000000000000000000000000000000003F
S31501012990000000000000000000000000000000002F
S315010129A0000000000000000000000000000000001F
S315010129B0000000000000000000000000000000000F
S315010129C000000000000000000000000000000000FF
S315010129D000000000000000000000000000000000EF
S315010129E000000000000000000000000000000000DF
S315010129F000000000000000000000000000000000CF
S31501012A0000000000000000000000000000000000BE
S31501012A1000000000000000000000000000000000AE
S31501012A20000000000000000000000000000000009E
S31501012A30000000000000000000000000000000008E
S31501012A40000000000000000000000000000000007E
S31501012A50000000000000000000000000000000006E
S31501012A60000000000000000000000000000000005E
S31501012A70000000000000000000000000000000004E
S31501012A80000000000000000000000000000000003E
S31501012A90000000000000000000000000000000002E
S31501012AA0000000000000000000000000000000001E
S31501012AB0000000000000000000000000000000000E
S31501012AC000000000000000000000000000000000FE
S31501012AD000000000000000000000000000000000EE
S31501012AE000000000000000000000000000000000DE
S31501012AF000000000000000000000000000000000CE
S31501012B0000000000000000000000000000000000BD
S31501012B1000000000000000000000000000000000AD
S31501012B20000000000000000000000000000000009D
S31501012B30000000000000000000000000000000008D
S31501012B40000000000000000000000000000000007D
S31501012B50000000000000000000000000000000006D
S31501012B60000000000000000000000000000000005D
S31501012B70000000000000000000000000000000004D
S31501012B80000000000000000000000000000000003D
S31501012B90000000000000000000000000000000002D
S31501012BA0000000000000000000000000000000001D
S31501012BB0000000000000000000000000000000000D
S31501012BC000000000000000000000000000000000FD
S31501012BD000000000000000000000000000000000ED
S31501012BE000000000000000000000000000000000DD
S31501012BF000000000000000000000000000000000CD
S31501012C0000000000000000000000000000000000BC
S31501012C1000000000000000000000000000000000AC
S31501012C20000000000000000000000000000000009C
S31501012C30000000000000000000000000000000008C
S31501012C40000000000000000000000000000000007C
S31501012C50000000000000000000000000000000006C
S31501012C60000000000000000000000000000000005C
S31501012C70000000000000000000000000000000004C
S31501012C80000000000000000000000000000000003C
S31501012C90000000000000000000000000000000002C
S31501012CA0000000000000000000000000000000001C
S31501012CB0000000000000000000000000000000000C
S31501012CC000000000000000000000000000000000FC
S31501012CD000000000000000000000000000000000EC
S31501012CE000000000000000000000000000000000DC
S31501012CF000000000000000000000000000000000CC
S31501012D0000000000000000000000000000000000BB
S31501012D1000000000000000000000000000000000AB
S31501012D20000000000000000000000000000000009B
S31501012D30000000000000000000000000000000008B
S31501012D40000000000000000000000000000000007B
S31501012D50000000000000000000000000000000006B
S31501012D60000000000000000000000000000000005B
S31501012D70000000000000000000000000000000004B
S31501012D80000000000000000000000000000000003B
S31501012D90000000000000000000000000000000002B
S31501012DA0000000000000000000000000000000001B
S31501012DB0000000000000000000000000000000000B
S31501012DC000000000000000000000000000000000FB
S31501012DD000000000000000000000000000000000EB
S31501012DE000000000000000000000000000000000DB
S31501012DF000000000000000000000000000000000CB
S31501012E0000000000000000000000000000000000BA
S31501012E1000000000000000000000000000000000AA
S31501012E20000000000000000000000000000000009A
S31501012E30000000000000000000000000000000008A
S31501012E40000000000000000000000000000000007A
S31501012E50000000000000000000000000000000006A
S31501012E60000000000000000000000000000000005A
S31501012E70000000000000000000000000000000004A
S31501012E80000000000000000000000000000000003A
S31501012E90000000000000000000000000000000002A
S31501012EA0000000000000000000000000000000001A
S31501012EB0000000000000000000000000000000000A
S31501012EC000000000000000000000000000000000FA
S31501012ED000000000000000000000000000000000EA
S31501012EE000000000000000000000000000000000DA
S31501012EF000000000000000000000000000000000CA
S31501012F0000000000000000000000000000000000B9
S31501012F1000000000000000000000000000000000A9
S31501012F200000000000000000000000000000000099
S31501012F300000000000000000000000000000000089
S31501012F400000000000000000000000000000000079
S31501012F500000000000000000000000000000000069
S31501012F600000000000000000000000000000000059
S31501012F700000000000000000000000000000000049
S31501012F800000000000000000000000000000000039
S31501012F900000000000000000000000000000000029
S31501012FA00000000000000000000000000000000019
S31501012FB00000000000000000000000000000000009
S31501012FC000000000000000000000000000000000F9
S31501012FD000000000000000000000000000000000E9
S31501012FE000000000000000000000000000000000D9
S31501012FF000000000000000000000000000000000C9
S3150101300000000000000000000000000000000000B8
S3150101301000000000000000000000000000000000A8
S315010130200000000000000000000000000000000098
S315010130300000000000000000000000000000000088
S315010130400000000000000000000000000000000078
S315010130500000000000000000000000000000000068
S315010130600000000000000000000000000000000058
S315010130700000000000000000000000000000000048
S315010130800000000000000000000000000000000038
S315010130900000000000000000000000000000000028
S315010130A00000000000000000000000000000000018
S315010130B00000000000000000000000000000000008
S315010130C000000000000000000000000000000000F8
S315010130D000000000000000000000000000000000E8
S315010130E000000000000000000000000000000000D8
S315010130F000000000000000000000000000000000C8
S3150101310000000000000000000000000000000000B7
S3150101311000000000000000000000000000000000A7
S315010131200000000000000000000000000000000097
S315010131300000000000000000000000000000000087
S315010131400000000000000000000000000000000077
S315010131500000000000000000000000000000000067
S315010131600000000000000000000000000000000057
S315010131700000000000000000000000000000000047
S315010131800000000000000000000000000000000037
S315010131900000000000000000000000000000000027
S315010131A00000000000000000000000000000000017
S315010131B00000000000000000000000000000000007
S315010131C000000000000000000000000000000000F7
S315010131D000000000000000000000000000000000E7
S315010131E000000000000000000000000000000000D7
S315010131F000000000000000000000000000000000C7
S3150101320000000000000000000000000000000000B6
S3150101321000000000000000000000000000000000A6
S315010132200000000000000000000000000000000096
S315010132300000000000000000000000000000000086
S315010132400000000000000000000000000000000076
S315010132500000000000000000000000000000000066
S315010132600000000000000000000000000000000056
S315010132700000000000000000000000000000000046
S315010132800000000000000000000000000000000036
S315010132900000000000000000000000000000000026
S315010132A00000000000000000000000000000000016
S315010132B00000000000000000000000000000000006
S315010132C000000000000000000000000000000000F6
S315010132D000000000000000000000000000000000E6
S315010132E000000000000000000000000000000000D6
S315010132F000000000000000000000000000000000C6
S3150101330000000000000000000000000000000000B5
S3150101331000000000000000000000000000000000A5
S315010133200000000000000000000000000000000095
S315010133300000000000000000000000000000000085
S315010133400000000000000000000000000000000075
S315010133500000000000000000000000000000000065
S315010133600000000000000000000000000000000055
S315010133700000000000000000000000000000000045
S315010133800000000000000000000000000000000035
S315010133900000000000000000000000000000000025
S315010133A00000000000000000000000000000000015
S315010133B00000000000000000000000000000000005
S315010133C000000000000000000000000000000000F5
S315010133D000000000000000000000000000000000E5
S315010133E000000000000000000000000000000000D5
S315010133F000000000000000000000000000000000C5
S3150101340000000000000000000000000000000000B4
S3150101341000000000000000000000000000000000A4
S315010134200000000000000000000000000000000094
S315010134300000000000000000000000000000000084
S315010134400000000000000000000000000000000074
S315010134500000000000000000000000000000000064
S315010134600000000000000000000000000000000054
S315010134700000000000000000000000000000000044
S315010134800000000000000000000000000000000034
S315010134900000000000000000000000000000000024
S315010134A00000000000000000000000000000000014
S315010134B00000000000000000000000000000000004
S315010134C000000000000000000000000000000000F4
S315010134D000000000000000000000000000000000E4
S315010134E000000000000000000000000000000000D4
S315010134F000000000000000000000000000000000C4
S3150101350000000000000000000000000000000000B3
S3150101351000000000000000000000000000000000A3
S315010135200000000000000000000000000000000093
S315010135300000000000000000000000000000000083
S315010135400000000000000000000000000000000073
S315010135500000000000000000000000000000000063
S315010135600000000000000000000000000000000053
S315010135700000000000000000000000000000000043
S315010135800000000000000000000000000000000033
S315010135900000000000000000000000000000000023
S315010135A00000000000000000000000000000000013
S315010135B00000000000000000000000000000000003
S315010135C000000000000000000000000000000000F3
S315010135D000000000000000000000000000000000E3
S315010135E000000000000000000000000000000000D3
S315010135F000000000000000000000000000000000C3
S3150101360000000000000000000000000000000000B2
S3150101361000000000000000000000000000000000A2
S315010136200000000000000000000000000000000092
S315010136300000000000000000000000000000000082
S315010136400000000000000000000000000000000072
S315010136500000000000000000000000000000000062
S315010136600000000000000000000000000000000052
S315010136700000000000000000000000000000000042
S315010136800000000000000000000000000000000032
S315010136900000000000000000000000000000000022
S315010136A00000000000000000000000000000000012
S315010136B00000000000000000000000000000000002
S315010136C000000000000000000000000000000000F2
S315010136D000000000000000000000000000000000E2
S315010136E000000000000000000000000000000000D2
S315010136F000000000000000000000000000000000C2
S3150101370000000000000000000000000000000000B1
S3150101371000000000000000000000000000000000A1
S315010137200000000000000000000000000000000091
S315010137300000000000000000000000000000000081
S315010137400000000000000000000000000000000071
S315010137500000000000000000000000000000000061
S315010137600000000000000000000000000000000051
S315010137700000000000000000000000000000000041
S315010137800000000000000000000000000000000031
S315010137900000000000000000000000000000000021
S315010137A00000000000000000000000000000000011
S315010137B00000000000000000000000000000000001
S315010137C000000000000000000000000000000000F1
S315010137D000000000000000000000000000000000E1
S315010137E000000000000000000000000000000000D1
S315010137F000000000000000000000000000000000C1
S3150101380000000000000000000000000000000000B0
S3150101381000000000000000000000000000000000A0
S315010138200000000000000000000000000000000090
S315010138300000000000000000000000000000000080
S315010138400000000000000000000000000000000070
S315010138500000000000000000000000000000000060
S315010138600000000000000000000000000000000050
S315010138700000000000000000000000000000000040
S315010138800000000000000000000000000000000030
S315010138900000000000000000000000000000000020
S315010138A00000000000000000000000000000000010
S315010138B00000000000000000000000000000000000
S315010138C000000000000000000000000000000000F0
S315010138D000000000000000000000000000000000E0
S315010138E000000000000000000000000000000000D0
S315010138F000000000000000000000000000000000C0
S3150101390000000000000000000000000000000000AF
S31501013910000000000000000000000000000000009F
S31501013920000000000000000000000000000000008F
S31501013930000000000000000000000000000000007F
S31501013940000000000000000000000000000000006F
S31501013950000000000000000000000000000000005F
S31501013960000000000000000000000000000000004F
S31501013970000000000000000000000000000000003F
S31501013980000000000000000000000000000000002F
S31501013990000000000000000000000000000000001F
S315010139A0000000000000000000000000000000000F
S315010139B000000000000000000000000000000000FF
S315010139C000000000000000000000000000000000EF
S315010139D000000000000000000000000000000000DF
S315010139E000000000000000000000000000000000CF
S315010139F000000000000000000000000000000000BF
S31501013A0000000000000000000000000000000000AE
S31501013A10000000000000000000000000000000009E
S31501013A20000000000000000000000000000000008E
S31501013A30000000000000000000000000000000007E
S31501013A40000000000000000000000000000000006E
S31501013A50000000000000000000000000000000005E
S31501013A60000000000000000000000000000000004E
S31501013A70000000000000000000000000000000003E
S31501013A80000000000000000000000000000000002E
S31501013A90000000000000000000000000000000001E
S31501013AA0000000000000000000000000000000000E
S31501013AB000000000000000000000000000000000FE
S31501013AC000000000000000000000000000000000EE
S31501013AD000000000000000000000000000000000DE
S31501013AE000000000000000000000000000000000CE
S31501013AF000000000000000000000000000000000BE
S31501013B0000000000000000000000000000000000AD
S31501013B10000000000000000000000000000000009D
S31501013B20000000000000000000000000000000008D
S31501013B30000000000000000000000000000000007D
S31501013B40000000000000000000000000000000006D
S31501013B50000000000000000000000000000000005D
S31501013B60000000000000000000000000000000004D
S31501013B70000000000000000000000000000000003D
S31501013B80000000000000000000000000000000002D
S31501013B90000000000000000000000000000000001D
S31501013BA0000000000000000000000000000000000D
S31501013BB000000000000000000000000000000000FD
S31501013BC000000000000000000000000000000000ED
S31501013BD000000000000000000000000000000000DD
S31501013BE000000000000000000000000000000000CD
S31501013BF000000000000000000000000000000000BD
S31501013C0000000000000000000000000000000000AC
S31501013C10000000000000000000000000000000009C
S31501013C20000000000000000000000000000000008C
S31501013C30000000000000000000000000000000007C
S31501013C40000000000000000000000000000000006C
S31501013C50000000000000000000000000000000005C
S31501013C60000000000000000000000000000000004C
S31501013C70000000000000000000000000000000003C
S31501013C80000000000000000000000000000000002C
S31501013C90000000000000000000000000000000001C
S31501013CA0000000000000000000000000000000000C
S31501013CB000000000000000000000000000000000FC
S31501013CC000000000000000000000000000000000EC
S31501013CD000000000000000000000000000000000DC
S31501013CE000000000000000000000000000000000CC
S31501013CF000000000000000000000000000000000BC
S31501013D0000000000000000000000000000000000AB
S31501013D10000000000000000000000000000000009B
S31501013D20000000000000000000000000000000008B
S31501013D30000000000000000000000000000000007B
S31501013D40000000000000000000000000000000006B
S31501013D50000000000000000000000000000000005B
S31501013D60000000000000000000000000000000004B
S31501013D70000000000000000000000000000000003B
S31501013D80000000000000000000000000000000002B
S31501013D90000000000000000000000000000000001B
S31501013DA0000000000000000000000000000000000B
S31501013DB000000000000000000000000000000000FB
S31501013DC000000000000000000000000000000000EB
S31501013DD000000000000000000000000000000000DB
S31501013DE000000000000000000000000000000000CB
S31501013DF000000000000000000000000000000000BB
S31501013E0000000000000000000000000000000000AA
S31501013E10000000000000000000000000000000009A
S31501013E20000000000000000000000000000000008A
S31501013E30000000000000000000000000000000007A
S31501013E40000000000000000000000000000000006A
S31501013E50000000000000000000000000000000005A
S31501013E60000000000000000000000000000000004A
S31501013E70000000000000000000000000000000003A
S31501013E80000000000000000000000000000000002A
S31501013E90000000000000000000000000000000001A
S31501013EA0000000000000000000000000000000000A
S31501013EB000000000000000000000000000000000FA
S31501013EC000000000000000000000000000000000EA
S31501013ED000000000000000000000000000000000DA
S31501013EE000000000000000000000000000000000CA
S31501013EF000000000000000000000000000000000BA
S31501013F0000000000000000000000000000000000A9
S31501013F100000000000000000000000000000000099
S31501013F200000000000000000000000000000000089
S31501013F300000000000000000000000000000000079
S31501013F400000000000000000000000000000000069
S31501013F500000000000000000000000000000000059
S31501013F600000000000000000000000000000000049
S31501013F700000000000000000000000000000000039
S31501013F800000000000000000000000000000000029
S31501013F900000000000000000000000000000000019
S31501013FA00000000000000000000000000000000009
S31501013FB000000000000000000000000000000000F9
S31501013FC000000000000000000000000000000000E9
S31501013FD000000000000000000000000000000000D9
S31501013FE000000000000000000000000000000000C9
S31501013FF000000000000000000000000000000000B9
S3150101400000000000000000000000000000000000A8
S315010140100000000000000000000000000000000098
S315010140200000000000000000000000000000000088
S315010140300000000000000000000000000000000078
S315010140400000000000000000000000000000000068
S315010140500000000000000000000000000000000058
S315010140600000000000000000000000000000000048
S315010140700000000000000000000000000000000038
S315010140800000000000000000000000000000000028
S315010140900000000000000000000000000000000018
S315010140A00000000000000000000000000000000008
S315010140B000000000000000000000000000000000F8
S315010140C000000000000000000000000000000000E8
S315010140D000000000000000000000000000000000D8
S315010140E000000000000000000000000000000000C8
S315010140F000000000000000000000000000000000B8
S3150101410000000000000000000000000000000000A7
S315010141100000000000000000000000000000000097
S315010141200000000000000000000000000000000087
S315010141300000000000000000000000000000000077
S315010141400000000000000000000000000000000067
S315010141500000000000000000000000000000000057
S315010141600000000000000000000000000000000047
S315010141700000000000000000000000000000000037
S315010141800000000000000000000000000000000027
S315010141900000000000000000000000000000000017
S315010141A00000000000000000000000000000000007
S315010141B000000000000000000000000000000000F7
S315010141C000000000000000000000000000000000E7
S315010141D000000000000000000000000000000000D7
S315010141E000000000000000000000000000000000C7
S315010141F000000000000000000000000000000000B7
S3150101420000000000000000000000000000000000A6
S315010142100000000000000000000000000000000096
S315010142200000000000000000000000000000000086
S315010142300000000000000000000000000000000076
S315010142400000000000000000000000000000000066
S315010142500000000000000000000000000000000056
S315010142600000000000000000000000000000000046
S315010142700000000000000000000000000000000036
S315010142800000000000000000000000000000000026
S315010142900000000000000000000000000000000016
S315010142A00000000000000000000000000000000006
S315010142B000000000000000000000000000000000F6
S315010142C000000000000000000000000000000000E6
S315010142D000000000000000000000000000000000D6
S315010142E000000000000000000000000000000000C6
S315010142F000000000000000000000000000000000B6
S3150101430000000000000000000000000000000000A5
S315010143100000000000000000000000000000000095
S315010143200000000000000000000000000000000085
S315010143300000000000000000000000000000000075
S315010143400000000000000000000000000000000065
S315010143500000000000000000000000000000000055
S315010143600000000000000000000000000000000045
S315010143700000000000000000000000000000000035
S315010143800000000000000000000000000000000025
S315010143900000000000000000000000000000000015
S315010143A00000000000000000000000000000000005
S315010143B000000000000000000000000000000000F5
S315010143C000000000000000000000000000000000E5
S315010143D000000000000000000000000000000000D5
S315010143E000000000000000000000000000000000C5
S315010143F000000000000000000000000000000000B5
S3150101440000000000000000000000000000000000A4
S315010144100000000000000000000000000000000094
S315010144200000000000000000000000000000000084
S315010144300000000000000000000000000000000074
S315010144400000000000000000000000000000000064
S315010144500000000000000000000000000000000054
S315010144600000000000000000000000000000000044
S315010144700000000000000000000000000000000034
S315010144800000000000000000000000000000000024
S315010144900000000000000000000000000000000014
S315010144A00000000000000000000000000000000004
S315010144B000000000000000000000000000000000F4
S315010144C000000000000000000000000000000000E4
S315010144D000000000000000000000000000000000D4
S315010144E000000000000000000000000000000000C4
S315010144F000000000000000000000000000000000B4
S3150101450000000000000000000000000000000000A3
S315010145100000000000000000000000000000000093
S315010145200000000000000000000000000000000083
S315010145300000000000000000000000000000000073
S315010145400000000000000000000000000000000063
S315010145500000000000000000000000000000000053
S315010145600000000000000000000000000000000043
S315010145700000000000000000000000000000000033
S315010145800000000000000000000000000000000023
S315010145900000000000000000000000000000000013
S315010145A00000000000000000000000000000000003
S315010145B000000000000000000000000000000000F3
S315010145C000000000000000000000000000000000E3
S315010145D000000000000000000000000000000000D3
S315010145E000000000000000000000000000000000C3
S315010145F000000000000000000000000000000000B3
S3150101460000000000000000000000000000000000A2
S315010146100000000000000000000000000000000092
S315010146200000000000000000000000000000000082
S315010146300000000000000000000000000000000072
S315010146400000000000000000000000000000000062
S315010146500000000000000000000000000000000052
S315010146600000000000000000000000000000000042
S315010146700000000000000000000000000000000032
S315010146800000000000000000000000000000000022
S315010146900000000000000000000000000000000012
S315010146A00000000000000000000000000000000002
S315010146B000000000000000000000000000000000F2
S315010146C000000000000000000000000000000000E2
S315010146D000000000000000000000000000000000D2
S315010146E000000000000000000000000000000000C2
S315010146F000000000000000000000000000000000B2
S3150101470000000000000000000000000000000000A1
S315010147100000000000000000000000000000000091
S315010147200000000000000000000000000000000081
S315010147300000000000000000000000000000000071
S315010147400000000000000000000000000000000061
S315010147500000000000000000000000000000000051
S315010147600000000000000000000000000000000041
S315010147700000000000000000000000000000000031
S315010147800000000000000000000000000000000021
S315010147900000000000000000000000000000000011
S315010147A00000000000000000000000000000000001
S315010147B000000000000000000000000000000000F1
S315010147C000000000000000000000000000000000E1
S315010147D000000000000000000000000000000000D1
S315010147E000000000000000000000000000000000C1
S315010147F000000000000000000000000000000000B1
S3150101480000000000000000000000000000000000A0
S315010148100000000000000000000000000000000090
S315010148200000000000000000000000000000000080
S315010148300000000000000000000000000000000070
S315010148400000000000000000000000000000000060
S315010148500000000000000000000000000000000050
S315010148600000000000000000000000000000000040
S315010148700000000000000000000000000000000030
S315010148800000000000000000000000000000000020
S315010148900000000000000000000000000000000010
S315010148A00000000000000000000000000000000000
S315010148B000000000000000000000000000000000F0
S315010148C000000000000000000000000000000000E0
S315010148D000000000000000000000000000000000D0
S315010148E000000000000000000000000000000000C0
S315010148F000000000000000000000000000000000B0
S31501014900000000000000000000000000000000009F
S31501014910000000000000000000000000000000008F
S31501014920000000000000000000000000000000007F
S31501014930000000000000000000000000000000006F
S31501014940000000000000000000000000000000005F
S31501014950000000000000000000000000000000004F
S31501014960000000000000000000000000000000003F
S31501014970000000000000000000000000000000002F
S31501014980000000000000000000000000000000001F
S31501014990000000000000000000000000000000000F
S315010149A000000000000000000000000000000000FF
S315010149B000000000000000000000000000000000EF
S315010149C000000000000000000000000000000000DF
S315010149D000000000000000000000000000000000CF
S315010149E000000000000000000000000000000000BF
S315010149F000000000000000000000000000000000AF
S31501014A00000000000000000000000000000000009E
S31501014A10000000000000000000000000000000008E
S31501014A20000000000000000000000000000000007E
S31501014A30000000000000000000000000000000006E
S31501014A40000000000000000000000000000000005E
S31501014A50000000000000000000000000000000004E
S31501014A60000000000000000000000000000000003E
S31501014A70000000000000000000000000000000002E
S31501014A80000000000000000000000000000000001E
S31501014A90000000000000000000000000000000000E
S31501014AA000000000000000000000000000000000FE
S31501014AB000000000000000000000000000000000EE
S31501014AC000000000000000000000000000000000DE
S31501014AD000000000000000000000000000000000CE
S31501014AE000000000000000000000000000000000BE
S31501014AF000000000000000000000000000000000AE
S31501014B00000000000000000000000000000000009D
S31501014B10000000000000000000000000000000008D
S31501014B20000000000000000000000000000000007D
S31501014B30000000000000000000000000000000006D
S31501014B40000000000000000000000000000000005D
S31501014B50000000000000000000000000000000004D
S31501014B60000000000000000000000000000000003D
S31501014B70000000000000000000000000000000002D
S31501014B80000000000000000000000000000000001D
S31501014B90000000000000000000000000000000000D
S31501014BA000000000000000000000000000000000FD
S31501014BB000000000000000000000000000000000ED
S31501014BC000000000000000000000000000000000DD
S31501014BD000000000000000000000000000000000CD
S31501014BE000000000000000000000000000000000BD
S31501014BF000000000000000000000000000000000AD
S31501014C00000000000000000000000000000000009C
S31501014C10000000000000000000000000000000008C
S31501014C20000000000000000000000000000000007C
S31501014C30000000000000000000000000000000006C
S31501014C40000000000000000000000000000000005C
S31501014C50000000000000000000000000000000004C
S31501014C60000000000000000000000000000000003C
S31501014C70000000000000000000000000000000002C
S31501014C80000000000000000000000000000000001C
S31501014C90000000000000000000000000000000000C
S31501014CA000000000000000000000000000000000FC
S31501014CB000000000000000000000000000000000EC
S31501014CC000000000000000000000000000000000DC
S31501014CD000000000000000000000000000000000CC
S31501014CE000000000000000000000000000000000BC
S31501014CF000000000000000000000000000000000AC
S31501014D00000000000000000000000000000000009B
S31501014D10000000000000000000000000000000008B
S31501014D20000000000000000000000000000000007B
S31501014D30000000000000000000000000000000006B
S31501014D40000000000000000000000000000000005B
S31501014D50000000000000000000000000000000004B
S31501014D60000000000000000000000000000000003B
S31501014D70000000000000000000000000000000002B
S31501014D80000000000000000000000000000000001B
S31501014D90000000000000000000000000000000000B
S31501014DA000000000000000000000000000000000FB
S31501014DB000000000000000000000000000000000EB
S31501014DC000000000000000000000000000000000DB
S31501014DD000000000000000000000000000000000CB
S31501014DE000000000000000000000000000000000BB
S31501014DF000000000000000000000000000000000AB
S31501014E00000000000000000000000000000000009A
S31501014E10000000000000000000000000000000008A
S31501014E20000000000000000000000000000000007A
S31501014E30000000000000000000000000000000006A
S31501014E40000000000000000000000000000000005A
S31501014E50000000000000000000000000000000004A
S31501014E60000000000000000000000000000000003A
S31501014E70000000000000000000000000000000002A
S31501014E80000000000000000000000000000000001A
S31501014E90000000000000000000000000000000000A
S31501014EA000000000000000000000000000000000FA
S31501014EB000000000000000000000000000000000EA
S31501014EC000000000000000000000000000000000DA
S31501014ED000000000000000000000000000000000CA
S31501014EE000000000000000000000000000000000BA
S31501014EF000000000000000000000000000000000AA
S31501014F000000000000000000000000000000000099
S31501014F100000000000000000000000000000000089
S31501014F200000000000000000000000000000000079
S31501014F300000000000000000000000000000000069
S31501014F400000000000000000000000000000000059
S31501014F500000000000000000000000000000000049
S31501014F600000000000000000000000000000000039
S31501014F700000000000000000000000000000000029
S31501014F800000000000000000000000000000000019
S31501014F900000000000000000000000000000000009
S31501014FA000000000000000000000000000000000F9
S31501014FB000000000000000000000000000000000E9
S31501014FC000000000000000000000000000000000D9
S31501014FD000000000000000000000000000000000C9
S31501014FE000000000000000000000000000000000B9
S31501014FF000000000000000000000000000000000A9
S315010150000000000000000000000000000000000098
S315010150100000000000000000000000000000000088
S315010150200000000000000000000000000000000078
S315010150300000000000000000000000000000000068
S315010150400000000000000000000000000000000058
S315010150500000000000000000000000000000000048
S315010150600000000000000000000000000000000038
S315010150700000000000000000000000000000000028
S315010150800000000000000000000000000000000018
S315010150900000000000000000000000000000000008
S315010150A000000000000000000000000000000000F8
S315010150B000000000000000000000000000000000E8
S315010150C000000000000000000000000000000000D8
S315010150D000000000000000000000000000000000C8
S315010150E000000000000000000000000000000000B8
S315010150F000000000000000000000000000000000A8
S315010151000000000000000000000000000000000097
S315010151100000000000000000000000000000000087
S315010151200000000000000000000000000000000077
S315010151300000000000000000000000000000000067
S315010151400000000000000000000000000000000057
S315010151500000000000000000000000000000000047
S315010151600000000000000000000000000000000037
S315010151700000000000000000000000000000000027
S315010151800000000000000000000000000000000017
S315010151900000000000000000000000000000000007
S315010151A000000000000000000000000000000000F7
S315010151B000000000000000000000000000000000E7
S315010151C000000000000000000000000000000000D7
S315010151D000000000000000000000000000000000C7
S315010151E000000000000000000000000000000000B7
S315010151F000000000000000000000000000000000A7
S315010152000000000000000000000000000000000096
S315010152100000000000000000000000000000000086
S315010152200000000000000000000000000000000076
S315010152300000000000000000000000000000000066
S315010152400000000000000000000000000000000056
S315010152500000000000000000000000000000000046
S315010152600000000000000000000000000000000036
S315010152700000000000000000000000000000000026
S315010152800000000000000000000000000000000016
S315010152900000000000000000000000000000000006
S315010152A000000000000000000000000000000000F6
S315010152B000000000000000000000000000000000E6
S315010152C000000000000000000000000000000000D6
S315010152D000000000000000000000000000000000C6
S315010152E000000000000000000000000000000000B6
S315010152F000000000000000000000000000000000A6
S315010153000000000000000000000000000000000095
S315010153100000000000000000000000000000000085
S315010153200000000000000000000000000000000075
S315010153300000000000000000000000000000000065
S315010153400000000000000000000000000000000055
S315010153500000000000000000000000000000000045
S315010153600000000000000000000000000000000035
S315010153700000000000000000000000000000000025
S315010153800000000000000000000000000000000015
S315010153900000000000000000000000000000000005
S315010153A000000000000000000000000000000000F5
S315010153B000000000000000000000000000000000E5
S315010153C000000000000000000000000000000000D5
S315010153D000000000000000000000000000000000C5
S315010153E000000000000000000000000000000000B5
S315010153F000000000000000000000000000000000A5
S315010154000000000000000000000000000000000094
S315010154100000000000000000000000000000000084
S315010154200000000000000000000000000000000074
S315010154300000000000000000000000000000000064
S315010154400000000000000000000000000000000054
S315010154500000000000000000000000000000000044
S315010154600000000000000000000000000000000034
S315010154700000000000000000000000000000000024
S315010154800000000000000000000000000000000014
S315010154900000000000000000000000000000000004
S315010154A000000000000000000000000000000000F4
S315010154B000000000000000000000000000000000E4
S315010154C000000000000000000000000000000000D4
S315010154D000000000000000000000000000000000C4
S315010154E000000000000000000000000000000000B4
S315010154F000000000000000000000000000000000A4
S315010155000000000000000000000000000000000093
S315010155100000000000000000000000000000000083
S315010155200000000000000000000000000000000073
S315010155300000000000000000000000000000000063
S315010155400000000000000000000000000000000053
S315010155500000000000000000000000000000000043
S315010155600000000000000000000000000000000033
S315010155700000000000000000000000000000000023
S315010155800000000000000000000000000000000013
S315010155900000000000000000000000000000000003
S315010155A000000000000000000000000000000000F3
S315010155B000000000000000000000000000000000E3
S315010155C000000000000000000000000000000000D3
S315010155D000000000000000000000000000000000C3
S315010155E000000000000000000000000000000000B3
S315010155F000000000000000000000000000000000A3
S315010156000000000000000000000000000000000092
S315010156100000000000000000000000000000000082
S315010156200000000000000000000000000000000072
S315010156300000000000000000000000000000000062
S315010156400000000000000000000000000000000052
S315010156500000000000000000000000000000000042
S315010156600000000000000000000000000000000032
S315010156700000000000000000000000000000000022
S315010156800000000000000000000000000000000012
S315010156900000000000000000000000000000000002
S315010156A000000000000000000000000000000000F2
S315010156B000000000000000000000000000000000E2
S315010156C000000000000000000000000000000000D2
S315010156D000000000000000000000000000000000C2
S315010156E000000000000000000000000000000000B2
S315010156F000000000000000000000000000000000A2
S315010157000000000000000000000000000000000091
S315010157100000000000000000000000000000000081
S315010157200000000000000000000000000000000071
S315010157300000000000000000000000000000000061
S315010157400000000000000000000000000000000051
S315010157500000000000000000000000000000000041
S315010157600000000000000000000000000000000031
S315010157700000000000000000000000000000000021
S315010157800000000000000000000000000000000011
S315010157900000000000000000000000000000000001
S315010157A000000000000000000000000000000000F1
S315010157B000000000000000000000000000000000E1
S315010157C000000000000000000000000000000000D1
S315010157D000000000000000000000000000000000C1
S315010157E000000000000000000000000000000000B1
S315010157F000000000000000000000000000000000A1
S315010158000000000000000000000000000000000090
S315010158100000000000000000000000000000000080
S315010158200000000000000000000000000000000070
S315010158300000000000000000000000000000000060
S315010158400000000000000000000000000000000050
S315010158500000000000000000000000000000000040
S315010158600000000000000000000000000000000030
S315010158700000000000000000000000000000000020
S315010158800000000000000000000000000000000010
S315010158900000000000000000000000000000000000
S315010158A000000000000000000000000000000000F0
S315010158B000000000000000000000000000000000E0
S315010158C000000000000000000000000000000000D0
S315010158D000000000000000000000000000000000C0
S315010158E000000000000000000000000000000000B0
S315010158F000000000000000000000000000000000A0
S31501015900000000000000000000000000000000008F
S31501015910000000000000000000000000000000007F
S31501015920000000000000000000000000000000006F
S31501015930000000000000000000000000000000005F
S31501015940000000000000000000000000000000004F
S31501015950000000000000000000000000000000003F
S31501015960000000000000000000000000000000002F
S31501015970000000000000000000000000000000001F
S31501015980000000000000000000000000000000000F
S3150101599000000000000000000000000000000000FF
S315010159A000000000000000000000000000000000EF
S315010159B000000000000000000000000000000000DF
S315010159C000000000000000000000000000000000CF
S315010159D000000000000000000000000000000000BF
S315010159E000000000000000000000000000000000AF
S315010159F0000000000000000000000000000000009F
S31501015A00000000000000000000000000000000008E
S31501015A10000000000000000000000000000000007E
S31501015A20000000000000000000000000000000006E
S31501015A30000000000000000000000000000000005E
S31501015A40000000000000000000000000000000004E
S31501015A50000000000000000000000000000000003E
S31501015A60000000000000000000000000000000002E
S31501015A70000000000000000000000000000000001E
S31501015A80000000000000000000000000000000000E
S31501015A9000000000000000000000000000000000FE
S31501015AA000000000000000000000000000000000EE
S31501015AB000000000000000000000000000000000DE
S31501015AC000000000000000000000000000000000CE
S31501015AD000000000000000000000000000000000BE
S31501015AE000000000000000000000000000000000AE
S31501015AF0000000000000000000000000000000009E
S31501015B00000000000000000000000000000000008D
S31501015B10000000000000000000000000000000007D
S31501015B20000000000000000000000000000000006D
S31501015B30000000000000000000000000000000005D
S31501015B40000000000000000000000000000000004D
S31501015B50000000000000000000000000000000003D
S31501015B60000000000000000000000000000000002D
S31501015B70000000000000000000000000000000001D
S31501015B80000000000000000000000000000000000D
S31501015B9000000000000000000000000000000000FD
S31501015BA000000000000000000000000000000000ED
S31501015BB000000000000000000000000000000000DD
S31501015BC000000000000000000000000000000000CD
S31501015BD000000000000000000000000000000000BD
S31501015BE000000000000000000000000000000000AD
S31501015BF0000000000000000000000000000000009D
S31501015C00000000000000000000000000000000008C
S31501015C10000000000000000000000000000000007C
S31501015C20000000000000000000000000000000006C
S31501015C30000000000000000000000000000000005C
S31501015C40000000000000000000000000000000004C
S31501015C50000000000000000000000000000000003C
S31501015C60000000000000000000000000000000002C
S31501015C70000000000000000000000000000000001C
S31501015C80000000000000000000000000000000000C
S31501015C9000000000000000000000000000000000FC
S31501015CA000000000000000000000000000000000EC
S31501015CB000000000000000000000000000000000DC
S31501015CC000000000000000000000000000000000CC
S31501015CD000000000000000000000000000000000BC
S31501015CE000000000000000000000000000000000AC
S31501015CF0000000000000000000000000000000009C
S31501015D00000000000000000000000000000000008B
S31501015D10000000000000000000000000000000007B
S31501015D20000000000000000000000000000000006B
S31501015D30000000000000000000000000000000005B
S31501015D40000000000000000000000000000000004B
S31501015D50000000000000000000000000000000003B
S31501015D60000000000000000000000000000000002B
S31501015D70000000000000000000000000000000001B
S31501015D80000000000000000000000000000000000B
S31501015D9000000000000000000000000000000000FB
S31501015DA000000000000000000000000000000000EB
S31501015DB000000000000000000000000000000000DB
S31501015DC000000000000000000000000000000000CB
S31501015DD000000000000000000000000000000000BB
S31501015DE000000000000000000000000000000000AB
S31501015DF0000000000000000000000000000000009B
S31501015E00000000000000000000000000000000008A
S31501015E10000000000000000000000000000000007A
S31501015E20000000000000000000000000000000006A
S31501015E30000000000000000000000000000000005A
S31501015E40000000000000000000000000000000004A
S31501015E50000000000000000000000000000000003A
S31501015E60000000000000000000000000000000002A
S31501015E70000000000000000000000000000000001A
S31501015E80000000000000000000000000000000000A
S31501015E9000000000000000000000000000000000FA
S31501015EA000000000000000000000000000000000EA
S31501015EB000000000000000000000000000000000DA
S31501015EC000000000000000000000000000000000CA
S31501015ED000000000000000000000000000000000BA
S31501015EE000000000000000000000000000000000AA
S31501015EF0000000000000000000000000000000009A
S31501015F000000000000000000000000000000000089
S31501015F100000000000000000000000000000000079
S31501015F200000000000000000000000000000000069
S31501015F300000000000000000000000000000000059
S31501015F400000000000000000000000000000000049
S31501015F500000000000000000000000000000000039
S31501015F600000000000000000000000000000000029
S31501015F700000000000000000000000000000000019
S31501015F800000000000000000000000000000000009
S31501015F9000000000000000000000000000000000F9
S31501015FA000000000000000000000000000000000E9
S31501015FB000000000000000000000000000000000D9
S31501015FC000000000000000000000000000000000C9
S31501015FD000000000000000000000000000000000B9
S31501015FE000000000000000000000000000000000A9
S31501015FF00000000000000000000000000000000099
S315010160000000000000000000000000000000000088
S315010160100000000000000000000000000000000078
S315010160200000000000000000000000000000000068
S315010160300000000000000000000000000000000058
S315010160400000000000000000000000000000000048
S315010160500000000000000000000000000000000038
S315010160600000000000000000000000000000000028
S315010160700000000000000000000000000000000018
S315010160800000000000000000000000000000000008
S3150101609000000000000000000000000000000000F8
S315010160A000000000000000000000000000000000E8
S315010160B000000000000000000000000000000000D8
S315010160C000000000000000000000000000000000C8
S315010160D000000000000000000000000000000000B8
S315010160E000000000000000000000000000000000A8
S315010160F00000000000000000000000000000000098
S315010161000000000000000000000000000000000087
S315010161100000000000000000000000000000000077
S315010161200000000000000000000000000000000067
S315010161300000000000000000000000000000000057
S315010161400000000000000000000000000000000047
S315010161500000000000000000000000000000000037
S315010161600000000000000000000000000000000027
S315010161700000000000000000000000000000000017
S315010161800000000000000000000000000000000007
S3150101619000000000000000000000000000000000F7
S315010161A000000000000000000000000000000000E7
S315010161B000000000000000000000000000000000D7
S315010161C000000000000000000000000000000000C7
S315010161D000000000000000000000000000000000B7
S315010161E000000000000000000000000000000000A7
S315010161F00000000000000000000000000000000097
S315010162000000000000000000000000000000000086
S315010162100000000000000000000000000000000076
S315010162200000000000000000000000000000000066
S315010162300000000000000000000000000000000056
S315010162400000000000000000000000000000000046
S315010162500000000000000000000000000000000036
S315010162600000000000000000000000000000000026
S315010162700000000000000000000000000000000016
S315010162800000000000000000000000000000000006
S3150101629000000000000000000000000000000000F6
S315010162A000000000000000000000000000000000E6
S315010162B000000000000000000000000000000000D6
S315010162C000000000000000000000000000000000C6
S315010162D000000000000000000000000000000000B6
S315010162E000000000000000000000000000000000A6
S315010162F00000000000000000000000000000000096
S315010163000000000000000000000000000000000085
S315010163100000000000000000000000000000000075
S315010163200000000000000000000000000000000065
S315010163300000000000000000000000000000000055
S315010163400000000000000000000000000000000045
S315010163500000000000000000000000000000000035
S315010163600000000000000000000000000000000025
S315010163700000000000000000000000000000000015
S315010163800000000000000000000000000000000005
S3150101639000000000000000000000000000000000F5
S315010163A000000000000000000000000000000000E5
S315010163B000000000000000000000000000000000D5
S315010163C000000000000000000000000000000000C5
S315010163D000000000000000000000000000000000B5
S315010163E000000000000000000000000000000000A5
S315010163F00000000000000000000000000000000095
S315010164000000000000000000000000000000000084
S315010164100000000000000000000000000000000074
S315010164200000000000000000000000000000000064
S315010164300000000000000000000000000000000054
S315010164400000000000000000000000000000000044
S315010164500000000000000000000000000000000034
S315010164600000000000000000000000000000000024
S315010164700000000000000000000000000000000014
S315010164800000000000000000000000000000000004
S3150101649000000000000000000000000000000000F4
S315010164A000000000000000000000000000000000E4
S315010164B000000000000000000000000000000000D4
S315010164C000000000000000000000000000000000C4
S315010164D000000000000000000000000000000000B4
S315010164E000000000000000000000000000000000A4
S315010164F00000000000000000000000000000000094
S315010165000000000000000000000000000000000083
S315010165100000000000000000000000000000000073
S315010165200000000000000000000000000000000063
S315010165300000000000000000000000000000000053
S315010165400000000000000000000000000000000043
S315010165500000000000000000000000000000000033
S315010165600000000000000000000000000000000023
S315010165700000000000000000000000000000000013
S315010165800000000000000000000000000000000003
S3150101659000000000000000000000000000000000F3
S315010165A000000000000000000000000000000000E3
S315010165B000000000000000000000000000000000D3
S315010165C000000000000000000000000000000000C3
S315010165D000000000000000000000000000000000B3
S315010165E000000000000000000000000000000000A3
S315010165F00000000000000000000000000000000093
S315010166000000000000000000000000000000000082
S315010166100000000000000000000000000000000072
S315010166200000000000000000000000000000000062
S315010166300000000000000000000000000000000052
S315010166400000000000000000000000000000000042
S315010166500000000000000000000000000000000032
S315010166600000000000000000000000000000000022
S315010166700000000000000000000000000000000012
S315010166800000000000000000000000000000000002
S3150101669000000000000000000000000000000000F2
S315010166A000000000000000000000000000000000E2
S315010166B000000000000000000000000000000000D2
S315010166C000000000000000000000000000000000C2
S315010166D000000000000000000000000000000000B2
S315010166E000000000000000000000000000000000A2
S315010166F00000000000000000000000000000000092
S315010167000000000000000000000000000000000081
S315010167100000000000000000000000000000000071
S315010167200000000000000000000000000000000061
S315010167300000000000000000000000000000000051
S315010167400000000000000000000000000000000041
S315010167500000000000000000000000000000000031
S315010167600000000000000000000000000000000021
S315010167700000000000000000000000000000000011
S315010167800000000000000000000000000000000001
S3150101679000000000000000000000000000000000F1
S315010167A000000000000000000000000000000000E1
S315010167B000000000000000000000000000000000D1
S315010167C000000000000000000000000000000000C1
S315010167D000000000000000000000000000000000B1
S315010167E000000000000000000000000000000000A1
S315010167F00000000000000000000000000000000091
S315010168000000000000000000000000000000000080
S315010168100000000000000000000000000000000070
S315010168200000000000000000000000000000000060
S315010168300000000000000000000000000000000050
S315010168400000000000000000000000000000000040
S315010168500000000000000000000000000000000030
S315010168600000000000000000000000000000000020
S315010168700000000000000000000000000000000010
S315010168800000000000000000000000000000000000
S3150101689000000000000000000000000000000000F0
S315010168A000000000000000000000000000000000E0
S315010168B000000000000000000000000000000000D0
S315010168C000000000000000000000000000000000C0
S315010168D000000000000000000000000000000000B0
S315010168E000000000000000000000000000000000A0
S315010168F00000000000000000000000000000000090
S31501016900000000000000000000000000000000007F
S31501016910000000000000000000000000000000006F
S31501016920000000000000000000000000000000005F
S31501016930000000000000000000000000000000004F
S31501016940000000000000000000000000000000003F
S31501016950000000000000000000000000000000002F
S31501016960000000000000000000000000000000001F
S31501016970000000000000000000000000000000000F
S3150101698000000000000000000000000000000000FF
S3150101699000000000000000000000000000000000EF
S315010169A000000000000000000000000000000000DF
S315010169B000000000000000000000000000000000CF
S315010169C000000000000000000000000000000000BF
S315010169D000000000000000000000000000000000AF
S315010169E0000000000000000000000000000000009F
S315010169F0000000000000000000000000000000008F
S31501016A00000000000000000000000000000000007E
S31501016A10000000000000000000000000000000006E
S31501016A20000000000000000000000000000000005E
S31501016A30000000000000000000000000000000004E
S31501016A40000000000000000000000000000000003E
S31501016A50000000000000000000000000000000002E
S31501016A60000000000000000000000000000000001E
S31501016A70000000000000000000000000000000000E
S31501016A8000000000000000000000000000000000FE
S31501016A9000000000000000000000000000000000EE
S31501016AA000000000000000000000000000000000DE
S31501016AB000000000000000000000000000000000CE
S31501016AC000000000000000000000000000000000BE
S31501016AD000000000000000000000000000000000AE
S31501016AE0000000000000000000000000000000009E
S31501016AF0000000000000000000000000000000008E
S31501016B00000000000000000000000000000000007D
S31501016B10000000000000000000000000000000006D
S31501016B20000000000000000000000000000000005D
S31501016B30000000000000000000000000000000004D
S31501016B40000000000000000000000000000000003D
S31501016B50000000000000000000000000000000002D
S31501016B60000000000000000000000000000000001D
S31501016B70000000000000000000000000000000000D
S31501016B8000000000000000000000000000000000FD
S31501016B9000000000000000000000000000000000ED
S31501016BA000000000000000000000000000000000DD
S31501016BB000000000000000000000000000000000CD
S31501016BC000000000000000000000000000000000BD
S31501016BD000000000000000000000000000000000AD
S31501016BE0000000000000000000000000000000009D
S31501016BF0000000000000000000000000000000008D
S31501016C00000000000000000000000000000000007C
S31501016C10000000000000000000000000000000006C
S31501016C20000000000000000000000000000000005C
S31501016C30000000000000000000000000000000004C
S31501016C40000000000000000000000000000000003C
S31501016C50000000000000000000000000000000002C
S31501016C60000000000000000000000000000000001C
S31501016C70000000000000000000000000000000000C
S31501016C8000000000000000000000000000000000FC
S31501016C9000000000000000000000000000000000EC
S31501016CA000000000000000000000000000000000DC
S31501016CB000000000000000000000000000000000CC
S31501016CC000000000000000000000000000000000BC
S31501016CD000000000000000000000000000000000AC
S31501016CE0000000000000000000000000000000009C
S31501016CF0000000000000000000000000000000008C
S31501016D00000000000000000000000000000000007B
S31501016D10000000000000000000000000000000006B
S31501016D20000000000000000000000000000000005B
S31501016D30000000000000000000000000000000004B
S31501016D40000000000000000000000000000000003B
S31501016D50000000000000000000000000000000002B
S31501016D60000000000000000000000000000000001B
S31501016D70000000000000000000000000000000000B
S31501016D8000000000000000000000000000000000FB
S31501016D9000000000000000000000000000000000EB
S31501016DA000000000000000000000000000000000DB
S31501016DB000000000000000000000000000000000CB
S31501016DC000000000000000000000000000000000BB
S31501016DD000000000000000000000000000000000AB
S31501016DE0000000000000000000000000000000009B
S31501016DF0000000000000000000000000000000008B
S31501016E00000000000000000000000000000000007A
S31501016E10000000000000000000000000000000006A
S31501016E20000000000000000000000000000000005A
S31501016E30000000000000000000000000000000004A
S31501016E40000000000000000000000000000000003A
S31501016E50000000000000000000000000000000002A
S31501016E60000000000000000000000000000000001A
S31501016E70000000000000000000000000000000000A
S31501016E8000000000000000000000000000000000FA
S31501016E9000000000000000000000000000000000EA
S31501016EA000000000000000000000000000000000DA
S31501016EB000000000000000000000000000000000CA
S31501016EC000000000000000000000000000000000BA
S31501016ED000000000000000000000000000000000AA
S31501016EE0000000000000000000000000000000009A
S31501016EF0000000000000000000000000000000008A
S31501016F000000000000000000000000000000000079
S31501016F100000000000000000000000000000000069
S31501016F200000000000000000000000000000000059
S31501016F300000000000000000000000000000000049
S31501016F400000000000000000000000000000000039
S31501016F500000000000000000000000000000000029
S31501016F600000000000000000000000000000000019
S31501016F700000000000000000000000000000000009
S31501016F8000000000000000000000000000000000F9
S31501016F9000000000000000000000000000000000E9
S31501016FA000000000000000000000000000000000D9
S31501016FB000000000000000000000000000000000C9
S31501016FC000000000000000000000000000000000B9
S31501016FD000000000000000000000000000000000A9
S31501016FE00000000000000000000000000000000099
S31501016FF00000000000000000000000000000000089
S315010170000000000000000000000000000000000078
S315010170100000000000000000000000000000000068
S315010170200000000000000000000000000000000058
S315010170300000000000000000000000000000000048
S315010170400000000000000000000000000000000038
S315010170500000000000000000000000000000000028
S315010170600000000000000000000000000000000018
S315010170700000000000000000000000000000000008
S3150101708000000000000000000000000000000000F8
S3150101709000000000000000000000000000000000E8
S315010170A000000000000000000000000000000000D8
S315010170B000000000000000000000000000000000C8
S315010170C000000000000000000000000000000000B8
S315010170D000000000000000000000000000000000A8
S315010170E00000000000000000000000000000000098
S315010170F00000000000000000000000000000000088
S315010171000000000000000000000000000000000077
S315010171100000000000000000000000000000000067
S315010171200000000000000000000000000000000057
S315010171300000000000000000000000000000000047
S315010171400000000000000000000000000000000037
S315010171500000000000000000000000000000000027
S315010171600000000000000000000000000000000017
S315010171700000000000000000000000000000000007
S3150101718000000000000000000000000000000000F7
S3150101719000000000000000000000000000000000E7
S315010171A000000000000000000000000000000000D7
S315010171B000000000000000000000000000000000C7
S315010171C000000000000000000000000000000000B7
S315010171D000000000000000000000000000000000A7
S315010171E00000000000000000000000000000000097
S315010171F00000000000000000000000000000000087
S315010172000000000000000000000000000000000076
S315010172100000000000000000000000000000000066
S315010172200000000000000000000000000000000056
S315010172300000000000000000000000000000000046
S315010172400000000000000000000000000000000036
S315010172500000000000000000000000000000000026
S315010172600000000000000000000000000000000016
S315010172700000000000000000000000000000000006
S3150101728000000000000000000000000000000000F6
S3150101729000000000000000000000000000000000E6
S315010172A000000000000000000000000000000000D6
S315010172B000000000000000000000000000000000C6
S315010172C000000000000000000000000000000000B6
S315010172D000000000000000000000000000000000A6
S315010172E00000000000000000000000000000000096
S315010172F00000000000000000000000000000000086
S315010173000000000000000000000000000000000075
S315010173100000000000000000000000000000000065
S315010173200000000000000000000000000000000055
S315010173300000000000000000000000000000000045
S315010173400000000000000000000000000000000035
S315010173500000000000000000000000000000000025
S315010173600000000000000000000000000000000015
S315010173700000000000000000000000000000000005
S3150101738000000000000000000000000000000000F5
S3150101739000000000000000000000000000000000E5
S315010173A000000000000000000000000000000000D5
S315010173B000000000000000000000000000000000C5
S315010173C000000000000000000000000000000000B5
S315010173D000000000000000000000000000000000A5
S315010173E00000000000000000000000000000000095
S315010173F00000000000000000000000000000000085
S315010174000000000000000000000000000000000074
S315010174100000000000000000000000000000000064
S315010174200000000000000000000000000000000054
S315010174300000000000000000000000000000000044
S315010174400000000000000000000000000000000034
S315010174500000000000000000000000000000000024
S315010174600000000000000000000000000000000014
S315010174700000000000000000000000000000000004
S3150101748000000000000000000000000000000000F4
S3150101749000000000000000000000000000000000E4
S315010174A000000000000000000000000000000000D4
S315010174B000000000000000000000000000000000C4
S315010174C000000000000000000000000000000000B4
S315010174D000000000000000000000000000000000A4
S315010174E00000000000000000000000000000000094
S315010174F00000000000000000000000000000000084
S315010175000000000000000000000000000000000073
S315010175100000000000000000000000000000000063
S315010175200000000000000000000000000000000053
S315010175300000000000000000000000000000000043
S315010175400000000000000000000000000000000033
S315010175500000000000000000000000000000000023
S315010175600000000000000000000000000000000013
S315010175700000000000000000000000000000000003
S3150101758000000000000000000000000000000000F3
S3150101759000000000000000000000000000000000E3
S315010175A000000000000000000000000000000000D3
S315010175B000000000000000000000000000000000C3
S315010175C000000000000000000000000000000000B3
S315010175D000000000000000000000000000000000A3
S315010175E00000000000000000000000000000000093
S315010175F00000000000000000000000000000000083
S315010176000000000000000000000000000000000072
S315010176100000000000000000000000000000000062
S315010176200000000000000000000000000000000052
S315010176300000000000000000000000000000000042
S315010176400000000000000000000000000000000032
S315010176500000000000000000000000000000000022
S315010176600000000000000000000000000000000012
S315010176700000000000000000000000000000000002
S3150101768000000000000000000000000000000000F2
S3150101769000000000000000000000000000000000E2
S315010176A000000000000000000000000000000000D2
S315010176B000000000000000000000000000000000C2
S315010176C000000000000000000000000000000000B2
S315010176D000000000000000000000000000000000A2
S315010176E00000000000000000000000000000000092
S315010176F00000000000000000000000000000000082
S315010177000000000000000000000000000000000071
S315010177100000000000000000000000000000000061
S315010177200000000000000000000000000000000051
S315010177300000000000000000000000000000000041
S315010177400000000000000000000000000000000031
S315010177500000000000000000000000000000000021
S315010177600000000000000000000000000000000011
S315010177700000000000000000000000000000000001
S3150101778000000000000000000000000000000000F1
S3150101779000000000000000000000000000000000E1
S315010177A000000000000000000000000000000000D1
S315010177B000000000000000000000000000000000C1
S315010177C000000000000000000000000000000000B1
S315010177D000000000000000000000000000000000A1
S315010177E00000000000000000000000000000000091
S315010177F00000000000000000000000000000000081
S315010178000000000000000000000000000000000070
S315010178100000000000000000000000000000000060
S315010178200000000000000000000000000000000050
S315010178300000000000000000000000000000000040
S315010178400000000000000000000000000000000030
S315010178500000000000000000000000000000000020
S315010178600000000000000000000000000000000010
S315010178700000000000000000000000000000000000
S3150101788000000000000000000000000000000000F0
S3150101789000000000000000000000000000000000E0
S315010178A000000000000000000000000000000000D0
S315010178B000000000000000000000000000000000C0
S315010178C000000000000000000000000000000000B0
S315010178D000000000000000000000000000000000A0
S315010178E00000000000000000000000000000000090
S315010178F00000000000000000000000000000000080
S31501017900000000000000000000000000000000006F
S31501017910000000000000000000000000000000005F
S31501017920000000000000000000000000000000004F
S31501017930000000000000000000000000000000003F
S31501017940000000000000000000000000000000002F
S31501017950000000000000000000000000000000001F
S31501017960000000000000000000000000000000000F
S3150101797000000000000000000000000000000000FF
S3150101798000000000000000000000000000000000EF
S3150101799000000000000000000000000000000000DF
S315010179A000000000000000000000000000000000CF
S315010179B000000000000000000000000000000000BF
S315010179C000000000000000000000000000000000AF
S315010179D0000000000000000000000000000000009F
S315010179E0000000000000000000000000000000008F
S315010179F0000000000000000000000000000000007F
S31501017A00000000000000000000000000000000006E
S31501017A10000000000000000000000000000000005E
S31501017A20000000000000000000000000000000004E
S31501017A30000000000000000000000000000000003E
S31501017A40000000000000000000000000000000002E
S31501017A50000000000000000000000000000000001E
S31501017A60000000000000000000000000000000000E
S31501017A7000000000000000000000000000000000FE
S31501017A8000000000000000000000000000000000EE
S31501017A9000000000000000000000000000000000DE
S31501017AA000000000000000000000000000000000CE
S31501017AB000000000000000000000000000000000BE
S31501017AC000000000000000000000000000000000AE
S31501017AD0000000000000000000000000000000009E
S31501017AE0000000000000000000000000000000008E
S31501017AF0000000000000000000000000000000007E
S31501017B00000000000000000000000000000000006D
S31501017B10000000000000000000000000000000005D
S31501017B20000000000000000000000000000000004D
S31501017B30000000000000000000000000000000003D
S31501017B40000000000000000000000000000000002D
S31501017B50000000000000000000000000000000001D
S31501017B60000000000000000000000000000000000D
S31501017B7000000000000000000000000000000000FD
S31501017B8000000000000000000000000000000000ED
S31501017B9000000000000000000000000000000000DD
S31501017BA000000000000000000000000000000000CD
S31501017BB000000000000000000000000000000000BD
S31501017BC000000000000000000000000000000000AD
S31501017BD0000000000000000000000000000000009D
S31501017BE0000000000000000000000000000000008D
S31501017BF0000000000000000000000000000000007D
S31501017C00000000000000000000000000000000006C
S31501017C10000000000000000000000000000000005C
S31501017C20000000000000000000000000000000004C
S31501017C30000000000000000000000000000000003C
S31501017C40000000000000000000000000000000002C
S31501017C50000000000000000000000000000000001C
S31501017C60000000000000000000000000000000000C
S31501017C7000000000000000000000000000000000FC
S31501017C8000000000000000000000000000000000EC
S31501017C9000000000000000000000000000000000DC
S31501017CA000000000000000000000000000000000CC
S31501017CB000000000000000000000000000000000BC
S31501017CC000000000000000000000000000000000AC
S31501017CD0000000000000000000000000000000009C
S31501017CE0000000000000000000000000000000008C
S31501017CF0000000000000000000000000000000007C
S31501017D00000000000000000000000000000000006B
S31501017D10000000000000000000000000000000005B
S31501017D20000000000000000000000000000000004B
S31501017D30000000000000000000000000000000003B
S31501017D40000000000000000000000000000000002B
S31501017D50000000000000000000000000000000001B
S31501017D60000000000000000000000000000000000B
S31501017D7000000000000000000000000000000000FB
S31501017D8000000000000000000000000000000000EB
S31501017D9000000000000000000000000000000000DB
S31501017DA000000000000000000000000000000000CB
S31501017DB000000000000000000000000000000000BB
S31501017DC000000000000000000000000000000000AB
S31501017DD0000000000000000000000000000000009B
S31501017DE0000000000000000000000000000000008B
S31501017DF0000000000000000000000000000000007B
S31501017E00000000000000000000000000000000006A
S31501017E10000000000000000000000000000000005A
S31501017E20000000000000000000000000000000004A
S31501017E30000000000000000000000000000000003A
S31501017E40000000000000000000000000000000002A
S31501017E50000000000000000000000000000000001A
S31501017E60000000000000000000000000000000000A
S31501017E7000000000000000000000000000000000FA
S31501017E8000000000000000000000000000000000EA
S31501017E9000000000000000000000000000000000DA
S31501017EA000000000000000000000000000000000CA
S31501017EB000000000000000000000000000000000BA
S31501017EC000000000000000000000000000000000AA
S31501017ED0000000000000000000000000000000009A
S31501017EE0000000000000000000000000000000008A
S31501017EF0000000000000000000000000000000007A
S31501017F000000000000000000000000000000000069
S31501017F100000000000000000000000000000000059
S31501017F200000000000000000000000000000000049
S31501017F300000000000000000000000000000000039
S31501017F400000000000000000000000000000000029
S31501017F500000000000000000000000000000000019
S31501017F600000000000000000000000000000000009
S31501017F7000000000000000000000000000000000F9
S31501017F8000000000000000000000000000000000E9
S31501017F9000000000000000000000000000000000D9
S31501017FA000000000000000000000000000000000C9
S31501017FB000000000000000000000000000000000B9
S31501017FC000000000000000000000000000000000A9
S31501017FD00000000000000000000000000000000099
S31501017FE00000000000000000000000000000000089
S31501017FF00000000000000000000000000000000079
S315010180000000000000000000000000000000000068
S315010180100000000000000000000000000000000058
S315010180200000000000000000000000000000000048
S315010180300000000000000000000000000000000038
S315010180400000000000000000000000000000000028
S315010180500000000000000000000000000000000018
S315010180600000000000000000000000000000000008
S3150101807000000000000000000000000000000000F8
S3150101808000000000000000000000000000000000E8
S3150101809000000000000000000000000000000000D8
S315010180A000000000000000000000000000000000C8
S315010180B000000000000000000000000000000000B8
S315010180C000000000000000000000000000000000A8
S315010180D00000000000000000000000000000000098
S315010180E00000000000000000000000000000000088
S315010180F00000000000000000000000000000000078
S315010181000000000000000000000000000000000067
S315010181100000000000000000000000000000000057
S315010181200000000000000000000000000000000047
S315010181300000000000000000000000000000000037
S315010181400000000000000000000000000000000027
S315010181500000000000000000000000000000000017
S315010181600000000000000000000000000000000007
S3150101817000000000000000000000000000000000F7
S3150101818000000000000000000000000000000000E7
S3150101819000000000000000000000000000000000D7
S315010181A000000000000000000000000000000000C7
S315010181B000000000000000000000000000000000B7
S315010181C000000000000000000000000000000000A7
S315010181D00000000000000000000000000000000097
S315010181E00000000000000000000000000000000087
S315010181F00000000000000000000000000000000077
S315010182000000000000000000000000000000000066
S315010182100000000000000000000000000000000056
S315010182200000000000000000000000000000000046
S315010182300000000000000000000000000000000036
S315010182400000000000000000000000000000000026
S315010182500000000000000000000000000000000016
S315010182600000000000000000000000000000000006
S3150101827000000000000000000000000000000000F6
S3150101828000000000000000000000000000000000E6
S3150101829000000000000000000000000000000000D6
S315010182A000000000000000000000000000000000C6
S315010182B000000000000000000000000000000000B6
S315010182C000000000000000000000000000000000A6
S315010182D00000000000000000000000000000000096
S315010182E00000000000000000000000000000000086
S315010182F00000000000000000000000000000000076
S315010183000000000000000000000000000000000065
S315010183100000000000000000000000000000000055
S315010183200000000000000000000000000000000045
S315010183300000000000000000000000000000000035
S315010183400000000000000000000000000000000025
S315010183500000000000000000000000000000000015
S315010183600000000000000000000000000000000005
S3150101837000000000000000000000000000000000F5
S3150101838000000000000000000000000000000000E5
S3150101839000000000000000000000000000000000D5
S315010183A000000000000000000000000000000000C5
S315010183B000000000000000000000000000000000B5
S315010183C000000000000000000000000000000000A5
S315010183D00000000000000000000000000000000095
S315010183E00000000000000000000000000000000085
S315010183F00000000000000000000000000000000075
S315010184000000000000000000000000000000000064
S315010184100000000000000000000000000000000054
S315010184200000000000000000000000000000000044
S315010184300000000000000000000000000000000034
S315010184400000000000000000000000000000000024
S315010184500000000000000000000000000000000014
S315010184600000000000000000000000000000000004
S3150101847000000000000000000000000000000000F4
S3150101848000000000000000000000000000000000E4
S3150101849000000000000000000000000000000000D4
S315010184A000000000000000000000000000000000C4
S315010184B000000000000000000000000000000000B4
S315010184C000000000000000000000000000000000A4
S315010184D00000000000000000000000000000000094
S315010184E00000000000000000000000000000000084
S315010184F00000000000000000000000000000000074
S315010185000000000000000000000000000000000063
S315010185100000000000000000000000000000000053
S315010185200000000000000000000000000000000043
S315010185300000000000000000000000000000000033
S315010185400000000000000000000000000000000023
S315010185500000000000000000000000000000000013
S315010185600000000000000000000000000000000003
S3150101857000000000000000000000000000000000F3
S3150101858000000000000000000000000000000000E3
S3150101859000000000000000000000000000000000D3
S315010185A000000000000000000000000000000000C3
S315010185B000000000000000000000000000000000B3
S315010185C000000000000000000000000000000000A3
S315010185D00000000000000000000000000000000093
S315010185E00000000000000000000000000000000083
S315010185F00000000000000000000000000000000073
S315010186000000000000000000000000000000000062
S315010186100000000000000000000000000000000052
S315010186200000000000000000000000000000000042
S315010186300000000000000000000000000000000032
S315010186400000000000000000000000000000000022
S315010186500000000000000000000000000000000012
S315010186600000000000000000000000000000000002
S3150101867000000000000000000000000000000000F2
S3150101868000000000000000000000000000000000E2
S3150101869000000000000000000000000000000000D2
S315010186A000000000000000000000000000000000C2
S315010186B000000000000000000000000000000000B2
S315010186C000000000000000000000000000000000A2
S315010186D00000000000000000000000000000000092
S315010186E00000000000000000000000000000000082
S315010186F00000000000000000000000000000000072
S315010187000000000000000000000000000000000061
S315010187100000000000000000000000000000000051
S315010187200000000000000000000000000000000041
S315010187300000000000000000000000000000000031
S315010187400000000000000000000000000000000021
S315010187500000000000000000000000000000000011
S315010187600000000000000000000000000000000001
S3150101877000000000000000000000000000000000F1
S3150101878000000000000000000000000000000000E1
S3150101879000000000000000000000000000000000D1
S315010187A000000000000000000000000000000000C1
S315010187B000000000000000000000000000000000B1
S315010187C000000000000000000000000000000000A1
S315010187D00000000000000000000000000000000091
S315010187E00000000000000000000000000000000081
S315010187F00000000000000000000000000000000071
S315010188000000000000000000000000000000000060
S315010188100000000000000000000000000000000050
S315010188200000000000000000000000000000000040
S315010188300000000000000000000000000000000030
S315010188400000000000000000000000000000000020
S315010188500000000000000000000000000000000010
S315010188600000000000000000000000000000000000
S3150101887000000000000000000000000000000000F0
S3150101888000000000000000000000000000000000E0
S3150101889000000000000000000000000000000000D0
S315010188A000000000000000000000000000000000C0
S315010188B000000000000000000000000000000000B0
S315010188C000000000000000000000000000000000A0
S315010188D00000000000000000000000000000000090
S315010188E00000000000000000000000000000000080
S315010188F00000000000000000000000000000000070
S31501018900000000000000000000000000000000005F
S31501018910000000000000000000000000000000004F
S31501018920000000000000000000000000000000003F
S31501018930000000000000000000000000000000002F
S31501018940000000000000000000000000000000001F
S31501018950000000000000000000000000000000000F
S3150101896000000000000000000000000000000000FF
S3150101897000000000000000000000000000000000EF
S3150101898000000000000000000000000000000000DF
S3150101899000000000000000000000000000000000CF
S315010189A000000000000000000000000000000000BF
S315010189B000000000000000000000000000000000AF
S315010189C0000000000000000000000000000000009F
S315010189D0000000000000000000000000000000008F
S315010189E0000000000000000000000000000000007F
S315010189F0000000000000000000000000000000006F
S31501018A00000000000000000000000000000000005E
S31501018A10000000000000000000000000000000004E
S31501018A20000000000000000000000000000000003E
S31501018A30000000000000000000000000000000002E
S31501018A40000000000000000000000000000000001E
S31501018A50000000000000000000000000000000000E
S31501018A6000000000000000000000000000000000FE
S31501018A7000000000000000000000000000000000EE
S31501018A8000000000000000000000000000000000DE
S31501018A9000000000000000000000000000000000CE
S31501018AA000000000000000000000000000000000BE
S31501018AB000000000000000000000000000000000AE
S31501018AC0000000000000000000000000000000009E
S31501018AD0000000000000000000000000000000008E
S31501018AE0000000000000000000000000000000007E
S31501018AF0000000000000000000000000000000006E
S31501018B00000000000000000000000000000000005D
S31501018B10000000000000000000000000000000004D
S31501018B20000000000000000000000000000000003D
S31501018B30000000000000000000000000000000002D
S31501018B40000000000000000000000000000000001D
S31501018B50000000000000000000000000000000000D
S31501018B6000000000000000000000000000000000FD
S31501018B7000000000000000000000000000000000ED
S31501018B8000000000000000000000000000000000DD
S31501018B9000000000000000000000000000000000CD
S31501018BA000000000000000000000000000000000BD
S31501018BB000000000000000000000000000000000AD
S31501018BC0000000000000000000000000000000009D
S31501018BD0000000000000000000000000000000008D
S31501018BE0000000000000000000000000000000007D
S31501018BF0000000000000000000000000000000006D
S31501018C00000000000000000000000000000000005C
S31501018C10000000000000000000000000000000004C
S31501018C20000000000000000000000000000000003C
S31501018C30000000000000000000000000000000002C
S31501018C40000000000000000000000000000000001C
S31501018C50000000000000000000000000000000000C
S31501018C6000000000000000000000000000000000FC
S31501018C7000000000000000000000000000000000EC
S31501018C8000000000000000000000000000000000DC
S31501018C9000000000000000000000000000000000CC
S31501018CA000000000000000000000000000000000BC
S31501018CB000000000000000000000000000000000AC
S31501018CC0000000000000000000000000000000009C
S31501018CD0000000000000000000000000000000008C
S31501018CE0000000000000000000000000000000007C
S31501018CF0000000000000000000000000000000006C
S31501018D00000000000000000000000000000000005B
S31501018D10000000000000000000000000000000004B
S31501018D20000000000000000000000000000000003B
S31501018D30000000000000000000000000000000002B
S31501018D40000000000000000000000000000000001B
S31501018D50000000000000000000000000000000000B
S31501018D6000000000000000000000000000000000FB
S31501018D7000000000000000000000000000000000EB
S31501018D8000000000000000000000000000000000DB
S31501018D9000000000000000000000000000000000CB
S31501018DA000000000000000000000000000000000BB
S31501018DB000000000000000000000000000000000AB
S31501018DC0000000000000000000000000000000009B
S31501018DD0000000000000000000000000000000008B
S31501018DE0000000000000000000000000000000007B
S31501018DF0000000000000000000000000000000006B
S31501018E00000000000000000000000000000000005A
S31501018E10000000000000000000000000000000004A
S31501018E20000000000000000000000000000000003A
S31501018E30000000000000000000000000000000002A
S31501018E40000000000000000000000000000000001A
S31501018E50000000000000000000000000000000000A
S31501018E6000000000000000000000000000000000FA
S31501018E7000000000000000000000000000000000EA
S31501018E8000000000000000000000000000000000DA
S31501018E9000000000000000000000000000000000CA
S31501018EA000000000000000000000000000000000BA
S31501018EB000000000000000000000000000000000AA
S31501018EC0000000000000000000000000000000009A
S31501018ED0000000000000000000000000000000008A
S31501018EE0000000000000000000000000000000007A
S31501018EF0000000000000000000000000000000006A
S31501018F000000000000000000000000000000000059
S31501018F100000000000000000000000000000000049
S31501018F200000000000000000000000000000000039
S31501018F300000000000000000000000000000000029
S31501018F400000000000000000000000000000000019
S31501018F500000000000000000000000000000000009
S31501018F6000000000000000000000000000000000F9
S31501018F7000000000000000000000000000000000E9
S31501018F8000000000000000000000000000000000D9
S31501018F9000000000000000000000000000000000C9
S31501018FA000000000000000000000000000000000B9
S31501018FB000000000000000000000000000000000A9
S31501018FC00000000000000000000000000000000099
S31501018FD00000000000000000000000000000000089
S31501018FE00000000000000000000000000000000079
S31501018FF00000000000000000000000000000000069
S315010190000000000000000000000000000000000058
S315010190100000000000000000000000000000000048
S315010190200000000000000000000000000000000038
S315010190300000000000000000000000000000000028
S315010190400000000000000000000000000000000018
S315010190500000000000000000000000000000000008
S3150101906000000000000000000000000000000000F8
S3150101907000000000000000000000000000000000E8
S3150101908000000000000000000000000000000000D8
S3150101909000000000000000000000000000000000C8
S315010190A000000000000000000000000000000000B8
S315010190B000000000000000000000000000000000A8
S315010190C00000000000000000000000000000000098
S315010190D00000000000000000000000000000000088
S315010190E00000000000000000000000000000000078
S315010190F00000000000000000000000000000000068
S315010191000000000000000000000000000000000057
S315010191100000000000000000000000000000000047
S315010191200000000000000000000000000000000037
S315010191300000000000000000000000000000000027
S315010191400000000000000000000000000000000017
S315010191500000000000000000000000000000000007
S3150101916000000000000000000000000000000000F7
S3150101917000000000000000000000000000000000E7
S3150101918000000000000000000000000000000000D7
S3150101919000000000000000000000000000000000C7
S315010191A000000000000000000000000000000000B7
S315010191B000000000000000000000000000000000A7
S315010191C00000000000000000000000000000000097
S315010191D00000000000000000000000000000000087
S315010191E00000000000000000000000000000000077
S315010191F00000000000000000000000000000000067
S315010192000000000000000000000000000000000056
S315010192100000000000000000000000000000000046
S315010192200000000000000000000000000000000036
S315010192300000000000000000000000000000000026
S315010192400000000000000000000000000000000016
S315010192500000000000000000000000000000000006
S3150101926000000000000000000000000000000000F6
S3150101927000000000000000000000000000000000E6
S3150101928000000000000000000000000000000000D6
S3150101929000000000000000000000000000000000C6
S315010192A000000000000000000000000000000000B6
S315010192B000000000000000000000000000000000A6
S315010192C00000000000000000000000000000000096
S315010192D00000000000000000000000000000000086
S315010192E00000000000000000000000000000000076
S315010192F00000000000000000000000000000000066
S315010193000000000000000000000000000000000055
S315010193100000000000000000000000000000000045
S315010193200000000000000000000000000000000035
S315010193300000000000000000000000000000000025
S315010193400000000000000000000000000000000015
S315010193500000000000000000000000000000000005
S3150101936000000000000000000000000000000000F5
S3150101937000000000000000000000000000000000E5
S3150101938000000000000000000000000000000000D5
S3150101939000000000000000000000000000000000C5
S315010193A000000000000000000000000000000000B5
S315010193B000000000000000000000000000000000A5
S315010193C00000000000000000000000000000000095
S315010193D00000000000000000000000000000000085
S315010193E00000000000000000000000000000000075
S315010193F00000000000000000000000000000000065
S315010194000000000000000000000000000000000054
S315010194100000000000000000000000000000000044
S315010194200000000000000000000000000000000034
S315010194300000000000000000000000000000000024
S315010194400000000000000000000000000000000014
S315010194500000000000000000000000000000000004
S3150101946000000000000000000000000000000000F4
S3150101947000000000000000000000000000000000E4
S3150101948000000000000000000000000000000000D4
S3150101949000000000000000000000000000000000C4
S315010194A000000000000000000000000000000000B4
S315010194B000000000000000000000000000000000A4
S315010194C00000000000000000000000000000000094
S315010194D00000000000000000000000000000000084
S315010194E00000000000000000000000000000000074
S315010194F00000000000000000000000000000000064
S315010195000000000000000000000000000000000053
S315010195100000000000000000000000000000000043
S315010195200000000000000000000000000000000033
S315010195300000000000000000000000000000000023
S315010195400000000000000000000000000000000013
S315010195500000000000000000000000000000000003
S3150101956000000000000000000000000000000000F3
S3150101957000000000000000000000000000000000E3
S3150101958000000000000000000000000000000000D3
S3150101959000000000000000000000000000000000C3
S315010195A000000000000000000000000000000000B3
S315010195B000000000000000000000000000000000A3
S315010195C00000000000000000000000000000000093
S315010195D00000000000000000000000000000000083
S315010195E00000000000000000000000000000000073
S315010195F00000000000000000000000000000000063
S315010196000000000000000000000000000000000052
S315010196100000000000000000000000000000000042
S315010196200000000000000000000000000000000032
S315010196300000000000000000000000000000000022
S315010196400000000000000000000000000000000012
S315010196500000000000000000000000000000000002
S3150101966000000000000000000000000000000000F2
S3150101967000000000000000000000000000000000E2
S3150101968000000000000000000000000000000000D2
S3150101969000000000000000000000000000000000C2
S315010196A000000000000000000000000000000000B2
S315010196B000000000000000000000000000000000A2
S315010196C00000000000000000000000000000000092
S315010196D00000000000000000000000000000000082
S315010196E00000000000000000000000000000000072
S315010196F00000000000000000000000000000000062
S315010197000000000000000000000000000000000051
S315010197100000000000000000000000000000000041
S315010197200000000000000000000000000000000031
S315010197300000000000000000000000000000000021
S315010197400000000000000000000000000000000011
S315010197500000000000000000000000000000000001
S3150101976000000000000000000000000000000000F1
S3150101977000000000000000000000000000000000E1
S3150101978000000000000000000000000000000000D1
S3150101979000000000000000000000000000000000C1
S315010197A000000000000000000000000000000000B1
S315010197B000000000000000000000000000000000A1
S315010197C00000000000000000000000000000000091
S315010197D00000000000000000000000000000000081
S315010197E00000000000000000000000000000000071
S315010197F00000000000000000000000000000000061
S315010198000000000000000000000000000000000050
S315010198100000000000000000000000000000000040
S315010198200000000000000000000000000000000030
S315010198300000000000000000000000000000000020
S315010198400000000000000000000000000000000010
S315010198500000000000000000000000000000000000
S3150101986000000000000000000000000000000000F0
S3150101987000000000000000000000000000000000E0
S3150101988000000000000000000000000000000000D0
S3150101989000000000000000000000000000000000C0
S315010198A000000000000000000000000000000000B0
S315010198B000000000000000000000000000000000A0
S315010198C00000000000000000000000000000000090
S315010198D00000000000000000000000000000000080
S315010198E00000000000000000000000000000000070
S315010198F00000000000000000000000000000000060
S31501019900000000000000000000000000000000004F
S31501019910000000000000000000000000000000003F
S31501019920000000000000000000000000000000002F
S31501019930000000000000000000000000000000001F
S31501019940000000000000000000000000000000000F
S3150101995000000000000000000000000000000000FF
S3150101996000000000000000000000000000000000EF
S3150101997000000000000000000000000000000000DF
S3150101998000000000000000000000000000000000CF
S3150101999000000000000000000000000000000000BF
S315010199A000000000000000000000000000000000AF
S315010199B0000000000000000000000000000000009F
S315010199C0000000000000000000000000000000008F
S315010199D0000000000000000000000000000000007F
S315010199E0000000000000000000000000000000006F
S315010199F0000000000000000000000000000000005F
S31501019A00000000000000000000000000000000004E
S31501019A10000000000000000000000000000000003E
S31501019A20000000000000000000000000000000002E
S31501019A30000000000000000000000000000000001E
S31501019A40000000000000000000000000000000000E
S31501019A5000000000000000000000000000000000FE
S31501019A6000000000000000000000000000000000EE
S31501019A7000000000000000000000000000000000DE
S31501019A8000000000000000000000000000000000CE
S31501019A9000000000000000000000000000000000BE
S31501019AA000000000000000000000000000000000AE
S31501019AB0000000000000000000000000000000009E
S31501019AC0000000000000000000000000000000008E
S31501019AD0000000000000000000000000000000007E
S31501019AE0000000000000000000000000000000006E
S31501019AF0000000000000000000000000000000005E
S31501019B00000000000000000000000000000000004D
S31501019B10000000000000000000000000000000003D
S31501019B20000000000000000000000000000000002D
S31501019B30000000000000000000000000000000001D
S31501019B40000000000000000000000000000000000D
S31501019B5000000000000000000000000000000000FD
S31501019B6000000000000000000000000000000000ED
S31501019B7000000000000000000000000000000000DD
S31501019B8000000000000000000000000000000000CD
S31501019B9000000000000000000000000000000000BD
S31501019BA000000000000000000000000000000000AD
S31501019BB0000000000000000000000000000000009D
S31501019BC0000000000000000000000000000000008D
S31501019BD0000000000000000000000000000000007D
S31501019BE0000000000000000000000000000000006D
S31501019BF0000000000000000000000000000000005D
S31501019C00000000000000000000000000000000004C
S31501019C10000000000000000000000000000000003C
S31501019C20000000000000000000000000000000002C
S31501019C30000000000000000000000000000000001C
S31501019C40000000000000000000000000000000000C
S31501019C5000000000000000000000000000000000FC
S31501019C6000000000000000000000000000000000EC
S31501019C7000000000000000000000000000000000DC
S31501019C8000000000000000000000000000000000CC
S31501019C9000000000000000000000000000000000BC
S31501019CA000000000000000000000000000000000AC
S31501019CB0000000000000000000000000000000009C
S31501019CC0000000000000000000000000000000008C
S31501019CD0000000000000000000000000000000007C
S31501019CE0000000000000000000000000000000006C
S31501019CF0000000000000000000000000000000005C
S31501019D00000000000000000000000000000000004B
S31501019D10000000000000000000000000000000003B
S31501019D20000000000000000000000000000000002B
S31501019D30000000000000000000000000000000001B
S31501019D40000000000000000000000000000000000B
S31501019D5000000000000000000000000000000000FB
S31501019D6000000000000000000000000000000000EB
S31501019D7000000000000000000000000000000000DB
S31501019D8000000000000000000000000000000000CB
S31501019D9000000000000000000000000000000000BB
S31501019DA000000000000000000000000000000000AB
S31501019DB0000000000000000000000000000000009B
S31501019DC0000000000000000000000000000000008B
S31501019DD0000000000000000000000000000000007B
S31501019DE0000000000000000000000000000000006B
S31501019DF0000000000000000000000000000000005B
S31501019E00000000000000000000000000000000004A
S31501019E10000000000000000000000000000000003A
S31501019E20000000000000000000000000000000002A
S31501019E30000000000000000000000000000000001A
S31501019E40000000000000000000000000000000000A
S31501019E5000000000000000000000000000000000FA
S31501019E6000000000000000000000000000000000EA
S31501019E7000000000000000000000000000000000DA
S31501019E8000000000000000000000000000000000CA
S31501019E9000000000000000000000000000000000BA
S31501019EA000000000000000000000000000000000AA
S31501019EB0000000000000000000000000000000009A
S31501019EC0000000000000000000000000000000008A
S31501019ED0000000000000000000000000000000007A
S31501019EE0000000000000000000000000000000006A
S31501019EF0000000000000000000000000000000005A
S31501019F000000000000000000000000000000000049
S31501019F100000000000000000000000000000000039
S31501019F200000000000000000000000000000000029
S31501019F300000000000000000000000000000000019
S31501019F400000000000000000000000000000000009
S31501019F5000000000000000000000000000000000F9
S31501019F6000000000000000000000000000000000E9
S31501019F7000000000000000000000000000000000D9
S31501019F8000000000000000000000000000000000C9
S31501019F9000000000000000000000000000000000B9
S31501019FA000000000000000000000000000000000A9
S31501019FB00000000000000000000000000000000099
S31501019FC00000000000000000000000000000000089
S31501019FD00000000000000000000000000000000079
S31501019FE00000000000000000000000000000000069
S31501019FF00000000000000000000000000000000059
S3150101A0000000000000000000000000000000000048
S3150101A0100000000000000000000000000000000038
S3150101A0200000000000000000000000000000000028
S3150101A0300000000000000000000000000000000018
S3150101A0400000000000000000000000000000000008
S3150101A05000000000000000000000000000000000F8
S3150101A06000000000000000000000000000000000E8
S3150101A07000000000000000000000000000000000D8
S3150101A08000000000000000000000000000000000C8
S3150101A09000000000000000000000000000000000B8
S3150101A0A000000000000000000000000000000000A8
S3150101A0B00000000000000000000000000000000098
S3150101A0C00000000000000000000000000000000088
S3150101A0D00000000000000000000000000000000078
S3150101A0E00000000000000000000000000000000068
S3150101A0F00000000000000000000000000000000058
S3150101A1000000000000000000000000000000000047
S3150101A1100000000000000000000000000000000037
S3150101A1200000000000000000000000000000000027
S3150101A1300000000000000000000000000000000017
S3150101A1400000000000000000000000000000000007
S3150101A15000000000000000000000000000000000F7
S3150101A16000000000000000000000000000000000E7
S3150101A17000000000000000000000000000000000D7
S3150101A18000000000000000000000000000000000C7
S3150101A19000000000000000000000000000000000B7
S3150101A1A000000000000000000000000000000000A7
S3150101A1B00000000000000000000000000000000097
S3150101A1C00000000000000000000000000000000087
S3150101A1D00000000000000000000000000000000077
S3150101A1E00000000000000000000000000000000067
S3150101A1F00000000000000000000000000000000057
S3150101A2000000000000000000000000000000000046
S3150101A2100000000000000000000000000000000036
S3150101A2200000000000000000000000000000000026
S3150101A2300000000000000000000000000000000016
S3150101A2400000000000000000000000000000000006
S3150101A25000000000000000000000000000000000F6
S3150101A26000000000000000000000000000000000E6
S3150101A27000000000000000000000000000000000D6
S3150101A28000000000000000000000000000000000C6
S3150101A29000000000000000000000000000000000B6
S3150101A2A000000000000000000000000000000000A6
S3150101A2B00000000000000000000000000000000096
S3150101A2C00000000000000000000000000000000086
S3150101A2D00000000000000000000000000000000076
S3150101A2E00000000000000000000000000000000066
S3150101A2F00000000000000000000000000000000056
S3150101A3000000000000000000000000000000000045
S3150101A3100000000000000000000000000000000035
S3150101A3200000000000000000000000000000000025
S3150101A3300000000000000000000000000000000015
S3150101A3400000000000000000000000000000000005
S3150101A35000000000000000000000000000000000F5
S3150101A36000000000000000000000000000000000E5
S3150101A37000000000000000000000000000000000D5
S3150101A38000000000000000000000000000000000C5
S3150101A39000000000000000000000000000000000B5
S3150101A3A000000000000000000000000000000000A5
S3150101A3B00000000000000000000000000000000095
S3150101A3C00000000000000000000000000000000085
S3150101A3D00000000000000000000000000000000075
S3150101A3E00000000000000000000000000000000065
S3150101A3F00000000000000000000000000000000055
S3150101A4000000000000000000000000000000000044
S3150101A4100000000000000000000000000000000034
S3150101A4200000000000000000000000000000000024
S3150101A4300000000000000000000000000000000014
S3150101A4400000000000000000000000000000000004
S3150101A45000000000000000000000000000000000F4
S3150101A46000000000000000000000000000000000E4
S3150101A47000000000000000000000000000000000D4
S3150101A48000000000000000000000000000000000C4
S3150101A49000000000000000000000000000000000B4
S3150101A4A000000000000000000000000000000000A4
S3150101A4B00000000000000000000000000000000094
S3150101A4C00000000000000000000000000000000084
S3150101A4D00000000000000000000000000000000074
S3150101A4E00000000000000000000000000000000064
S3150101A4F00000000000000000000000000000000054
S3150101A5000000000000000000000000000000000043
S3150101A5100000000000000000000000000000000033
S3150101A5200000000000000000000000000000000023
S3150101A5300000000000000000000000000000000013
S3150101A5400000000000000000000000000000000003
S3150101A55000000000000000000000000000000000F3
S3150101A56000000000000000000000000000000000E3
S3150101A57000000000000000000000000000000000D3
S3150101A58000000000000000000000000000000000C3
S3150101A59000000000000000000000000000000000B3
S3150101A5A000000000000000000000000000000000A3
S3150101A5B00000000000000000000000000000000093
S3150101A5C00000000000000000000000000000000083
S3150101A5D00000000000000000000000000000000073
S3150101A5E00000000000000000000000000000000063
S3150101A5F00000000000000000000000000000000053
S3150101A6000000000000000000000000000000000042
S3150101A6100000000000000000000000000000000032
S3150101A6200000000000000000000000000000000022
S3150101A6300000000000000000000000000000000012
S3150101A6400000000000000000000000000000000002
S3150101A65000000000000000000000000000000000F2
S3150101A66000000000000000000000000000000000E2
S3150101A67000000000000000000000000000000000D2
S3150101A68000000000000000000000000000000000C2
S3150101A69000000000000000000000000000000000B2
S3150101A6A000000000000000000000000000000000A2
S3150101A6B00000000000000000000000000000000092
S3150101A6C00000000000000000000000000000000082
S3150101A6D00000000000000000000000000000000072
S3150101A6E00000000000000000000000000000000062
S3150101A6F00000000000000000000000000000000052
S3150101A7000000000000000000000000000000000041
S3150101A7100000000000000000000000000000000031
S3150101A7200000000000000000000000000000000021
S3150101A7300000000000000000000000000000000011
S3150101A7400000000000000000000000000000000001
S3150101A75000000000000000000000000000000000F1
S3150101A76000000000000000000000000000000000E1
S3150101A77000000000000000000000000000000000D1
S3150101A78000000000000000000000000000000000C1
S3150101A79000000000000000000000000000000000B1
S3150101A7A000000000000000000000000000000000A1
S3150101A7B00000000000000000000000000000000091
S3150101A7C00000000000000000000000000000000081
S3150101A7D00000000000000000000000000000000071
S3150101A7E00000000000000000000000000000000061
S3150101A7F00000000000000000000000000000000051
S3150101A8000000000000000000000000000000000040
S3150101A8100000000000000000000000000000000030
S3150101A8200000000000000000000000000000000020
S3150101A8300000000000000000000000000000000010
S3150101A8400000000000000000000000000000000000
S3150101A85000000000000000000000000000000000F0
S3150101A86000000000000000000000000000000000E0
S3150101A87000000000000000000000000000000000D0
S3150101A88000000000000000000000000000000000C0
S3150101A89000000000000000000000000000000000B0
S3150101A8A000000000000000000000000000000000A0
S3150101A8B00000000000000000000000000000000090
S3150101A8C00000000000000000000000000000000080
S3150101A8D00000000000000000000000000000000070
S3150101A8E00000000000000000000000000000000060
S3150101A8F00000000000000000000000000000000050
S3150101A900000000000000000000000000000000003F
S3150101A910000000000000000000000000000000002F
S3150101A920000000000000000000000000000000001F
S3150101A930000000000000000000000000000000000F
S3150101A94000000000000000000000000000000000FF
S3150101A95000000000000000000000000000000000EF
S3150101A96000000000000000000000000000000000DF
S3150101A97000000000000000000000000000000000CF
S3150101A98000000000000000000000000000000000BF
S3150101A99000000000000000000000000000000000AF
S3150101A9A0000000000000000000000000000000009F
S3150101A9B0000000000000000000000000000000008F
S3150101A9C0000000000000000000000000000000007F
S3150101A9D0000000000000000000000000000000006F
S3150101A9E0000000000000000000000000000000005F
S3150101A9F0000000000000000000000000000000004F
S3150101AA00000000000000000000000000000000003E
S3150101AA10000000000000000000000000000000002E
S3150101AA20000000000000000000000000000000001E
S3150101AA30000000000000000000000000000000000E
S3150101AA4000000000000000000000000000000000FE
S3150101AA5000000000000000000000000000000000EE
S3150101AA6000000000000000000000000000000000DE
S3150101AA7000000000000000000000000000000000CE
S3150101AA8000000000000000000000000000000000BE
S3150101AA9000000000000000000000000000000000AE
S3150101AAA0000000000000000000000000000000009E
S3150101AAB0000000000000000000000000000000008E
S3150101AAC0000000000000000000000000000000007E
S3150101AAD0000000000000000000000000000000006E
S3150101AAE0000000000000000000000000000000005E
S3150101AAF0000000000000000000000000000000004E
S3150101AB00000000000000000000000000000000003D
S3150101AB10000000000000000000000000000000002D
S3150101AB20000000000000000000000000000000001D
S3150101AB30000000000000000000000000000000000D
S3150101AB4000000000000000000000000000000000FD
S3150101AB5000000000000000000000000000000000ED
S3150101AB6000000000000000000000000000000000DD
S3150101AB7000000000000000000000000000000000CD
S3150101AB8000000000000000000000000000000000BD
S3150101AB9000000000000000000000000000000000AD
S3150101ABA0000000000000000000000000000000009D
S3150101ABB0000000000000000000000000000000008D
S3150101ABC0000000000000000000000000000000007D
S3150101ABD0000000000000000000000000000000006D
S3150101ABE0000000000000000000000000000000005D
S3150101ABF0000000000000000000000000000000004D
S3150101AC00000000000000000000000000000000003C
S3150101AC10000000000000000000000000000000002C
S3150101AC20000000000000000000000000000000001C
S3150101AC30000000000000000000000000000000000C
S3150101AC4000000000000000000000000000000000FC
S3150101AC5000000000000000000000000000000000EC
S3150101AC6000000000000000000000000000000000DC
S3150101AC7000000000000000000000000000000000CC
S3150101AC8000000000000000000000000000000000BC
S3150101AC9000000000000000000000000000000000AC
S3150101ACA0000000000000000000000000000000009C
S3150101ACB0000000000000000000000000000000008C
S3150101ACC0000000000000000000000000000000007C
S3150101ACD0000000000000000000000000000000006C
S3150101ACE0000000000000000000000000000000005C
S3150101ACF0000000000000000000000000000000004C
S3150101AD00000000000000000000000000000000003B
S3150101AD10000000000000000000000000000000002B
S3150101AD20000000000000000000000000000000001B
S3150101AD30000000000000000000000000000000000B
S3150101AD4000000000000000000000000000000000FB
S3150101AD5000000000000000000000000000000000EB
S3150101AD6000000000000000000000000000000000DB
S3150101AD7000000000000000000000000000000000CB
S3150101AD8000000000000000000000000000000000BB
S3150101AD9000000000000000000000000000000000AB
S3150101ADA0000000000000000000000000000000009B
S3150101ADB0000000000000000000000000000000008B
S3150101ADC0000000000000000000000000000000007B
S3150101ADD0000000000000000000000000000000006B
S3150101ADE0000000000000000000000000000000005B
S3150101ADF0000000000000000000000000000000004B
S3150101AE00000000000000000000000000000000003A
S3150101AE10000000000000000000000000000000002A
S3150101AE20000000000000000000000000000000001A
S3150101AE30000000000000000000000000000000000A
S3150101AE4000000000000000000000000000000000FA
S3150101AE5000000000000000000000000000000000EA
S3150101AE6000000000000000000000000000000000DA
S3150101AE7000000000000000000000000000000000CA
S3150101AE8000000000000000000000000000000000BA
S3150101AE9000000000000000000000000000000000AA
S3150101AEA0000000000000000000000000000000009A
S3150101AEB0000000000000000000000000000000008A
S3150101AEC0000000000000000000000000000000007A
S3150101AED0000000000000000000000000000000006A
S3150101AEE0000000000000000000000000000000005A
S3150101AEF0000000000000000000000000000000004A
S3150101AF000000000000000000000000000000000039
S3150101AF100000000000000000000000000000000029
S3150101AF200000000000000000000000000000000019
S3150101AF300000000000000000000000000000000009
S3150101AF4000000000000000000000000000000000F9
S3150101AF5000000000000000000000000000000000E9
S3150101AF6000000000000000000000000000000000D9
S3150101AF7000000000000000000000000000000000C9
S3150101AF8000000000000000000000000000000000B9
S3150101AF9000000000000000000000000000000000A9
S3150101AFA00000000000000000000000000000000099
S3150101AFB00000000000000000000000000000000089
S3150101AFC00000000000000000000000000000000079
S3150101AFD00000000000000000000000000000000069
S3150101AFE00000000000000000000000000000000059
S3150101AFF00000000000000000000000000000000049
S3150101B0000000000000000000000000000000000038
S3150101B0100000000000000000000000000000000028
S3150101B0200000000000000000000000000000000018
S3150101B0300000000000000000000000000000000008
S3150101B04000000000000000000000000000000000F8
S3150101B05000000000000000000000000000000000E8
S3150101B06000000000000000000000000000000000D8
S3150101B07000000000000000000000000000000000C8
S3150101B08000000000000000000000000000000000B8
S3150101B09000000000000000000000000000000000A8
S3150101B0A00000000000000000000000000000000098
S3150101B0B00000000000000000000000000000000088
S3150101B0C00000000000000000000000000000000078
S3150101B0D00000000000000000000000000000000068
S3150101B0E00000000000000000000000000000000058
S3150101B0F00000000000000000000000000000000048
S3150101B1000000000000000000000000000000000037
S3150101B1100000000000000000000000000000000027
S3150101B1200000000000000000000000000000000017
S3150101B1300000000000000000000000000000000007
S3150101B14000000000000000000000000000000000F7
S3150101B15000000000000000000000000000000000E7
S3150101B16000000000000000000000000000000000D7
S3150101B17000000000000000000000000000000000C7
S3150101B18000000000000000000000000000000000B7
S3150101B19000000000000000000000000000000000A7
S3150101B1A00000000000000000000000000000000097
S3150101B1B00000000000000000000000000000000087
S3150101B1C00000000000000000000000000000000077
S3150101B1D00000000000000000000000000000000067
S3150101B1E00000000000000000000000000000000057
S3150101B1F00000000000000000000000000000000047
S3150101B2000000000000000000000000000000000036
S3150101B2100000000000000000000000000000000026
S3150101B2200000000000000000000000000000000016
S3150101B2300000000000000000000000000000000006
S3150101B24000000000000000000000000000000000F6
S3150101B25000000000000000000000000000000000E6
S3150101B26000000000000000000000000000000000D6
S3150101B27000000000000000000000000000000000C6
S3150101B28000000000000000000000000000000000B6
S3150101B29000000000000000000000000000000000A6
S3150101B2A00000000000000000000000000000000096
S3150101B2B00000000000000000000000000000000086
S3150101B2C00000000000000000000000000000000076
S3150101B2D00000000000000000000000000000000066
S3150101B2E00000000000000000000000000000000056
S3150101B2F00000000000000000000000000000000046
S3150101B3000000000000000000000000000000000035
S3150101B3100000000000000000000000000000000025
S3150101B3200000000000000000000000000000000015
S3150101B3300000000000000000000000000000000005
S3150101B34000000000000000000000000000000000F5
S3150101B35000000000000000000000000000000000E5
S3150101B36000000000000000000000000000000000D5
S3150101B37000000000000000000000000000000000C5
S3150101B38000000000000000000000000000000000B5
S3150101B39000000000000000000000000000000000A5
S3150101B3A00000000000000000000000000000000095
S3150101B3B00000000000000000000000000000000085
S3150101B3C00000000000000000000000000000000075
S3150101B3D00000000000000000000000000000000065
S3150101B3E00000000000000000000000000000000055
S3150101B3F00000000000000000000000000000000045
S3150101B4000000000000000000000000000000000034
S3150101B4100000000000000000000000000000000024
S3150101B4200000000000000000000000000000000014
S3150101B4300000000000000000000000000000000004
S3150101B44000000000000000000000000000000000F4
S3150101B45000000000000000000000000000000000E4
S3150101B46000000000000000000000000000000000D4
S3150101B47000000000000000000000000000000000C4
S3150101B48000000000000000000000000000000000B4
S3150101B49000000000000000000000000000000000A4
S3150101B4A00000000000000000000000000000000094
S3150101B4B00000000000000000000000000000000084
S3150101B4C00000000000000000000000000000000074
S3150101B4D00000000000000000000000000000000064
S3150101B4E00000000000000000000000000000000054
S3150101B4F00000000000000000000000000000000044
S3150101B5000000000000000000000000000000000033
S3150101B5100000000000000000000000000000000023
S3150101B5200000000000000000000000000000000013
S3150101B5300000000000000000000000000000000003
S3150101B54000000000000000000000000000000000F3
S3150101B55000000000000000000000000000000000E3
S3150101B56000000000000000000000000000000000D3
S3150101B57000000000000000000000000000000000C3
S3150101B58000000000000000000000000000000000B3
S3150101B59000000000000000000000000000000000A3
S3150101B5A00000000000000000000000000000000093
S3150101B5B00000000000000000000000000000000083
S3150101B5C00000000000000000000000000000000073
S3150101B5D00000000000000000000000000000000063
S3150101B5E00000000000000000000000000000000053
S3150101B5F00000000000000000000000000000000043
S3150101B6000000000000000000000000000000000032
S3150101B6100000000000000000000000000000000022
S3150101B6200000000000000000000000000000000012
S3150101B6300000000000000000000000000000000002
S3150101B64000000000000000000000000000000000F2
S3150101B65000000000000000000000000000000000E2
S3150101B66000000000000000000000000000000000D2
S3150101B67000000000000000000000000000000000C2
S3150101B68000000000000000000000000000000000B2
S3150101B69000000000000000000000000000000000A2
S3150101B6A00000000000000000000000000000000092
S3150101B6B00000000000000000000000000000000082
S3150101B6C00000000000000000000000000000000072
S3150101B6D00000000000000000000000000000000062
S3150101B6E00000000000000000000000000000000052
S3150101B6F00000000000000000000000000000000042
S3150101B7000000000000000000000000000000000031
S3150101B7100000000000000000000000000000000021
S3150101B7200000000000000000000000000000000011
S3150101B7300000000000000000000000000000000001
S3150101B74000000000000000000000000000000000F1
S3150101B75000000000000000000000000000000000E1
S3150101B76000000000000000000000000000000000D1
S3150101B77000000000000000000000000000000000C1
S3150101B78000000000000000000000000000000000B1
S3150101B79000000000000000000000000000000000A1
S3150101B7A00000000000000000000000000000000091
S3150101B7B00000000000000000000000000000000081
S3150101B7C00000000000000000000000000000000071
S3150101B7D00000000000000000000000000000000061
S3150101B7E00000000000000000000000000000000051
S3150101B7F00000000000000000000000000000000041
S3150101B8000000000000000000000000000000000030
S3150101B8100000000000000000000000000000000020
S3150101B8200000000000000000000000000000000010
S3150101B8300000000000000000000000000000000000
S3150101B84000000000000000000000000000000000F0
S3150101B85000000000000000000000000000000000E0
S3150101B86000000000000000000000000000000000D0
S3150101B87000000000000000000000000000000000C0
S3150101B88000000000000000000000000000000000B0
S3150101B89000000000000000000000000000000000A0
S3150101B8A00000000000000000000000000000000090
S3150101B8B00000000000000000000000000000000080
S3150101B8C00000000000000000000000000000000070
S3150101B8D00000000000000000000000000000000060
S3150101B8E00000000000000000000000000000000050
S3150101B8F00000000000000000000000000000000040
S3150101B900000000000000000000000000000000002F
S3150101B910000000000000000000000000000000001F
S3150101B920000000000000000000000000000000000F
S3150101B93000000000000000000000000000000000FF
S3150101B94000000000000000000000000000000000EF
S3150101B95000000000000000000000000000000000DF
S3150101B96000000000000000000000000000000000CF
S3150101B97000000000000000000000000000000000BF
S3150101B98000000000000000000000000000000000AF
S3150101B990000000000000000000000000000000009F
S3150101B9A0000000000000000000000000000000008F
S3150101B9B0000000000000000000000000000000007F
S3150101B9C0000000000000000000000000000000006F
S3150101B9D0000000000000000000000000000000005F
S3150101B9E0000000000000000000000000000000004F
S3150101B9F0000000000000000000000000000000003F
S3150101BA00000000000000000000000000000000002E
S3150101BA10000000000000000000000000000000001E
S3150101BA20000000000000000000000000000000000E
S3150101BA3000000000000000000000000000000000FE
S3150101BA4000000000000000000000000000000000EE
S3150101BA5000000000000000000000000000000000DE
S3150101BA6000000000000000000000000000000000CE
S3150101BA7000000000000000000000000000000000BE
S3150101BA8000000000000000000000000000000000AE
S3150101BA90000000000000000000000000000000009E
S3150101BAA0000000000000000000000000000000008E
S3150101BAB0000000000000000000000000000000007E
S3150101BAC0000000000000000000000000000000006E
S3150101BAD0000000000000000000000000000000005E
S3150101BAE0000000000000000000000000000000004E
S3150101BAF0000000000000000000000000000000003E
S3150101BB00000000000000000000000000000000002D
S3150101BB10000000000000000000000000000000001D
S3150101BB20000000000000000000000000000000000D
S3150101BB3000000000000000000000000000000000FD
S3150101BB4000000000000000000000000000000000ED
S3150101BB5000000000000000000000000000000000DD
S3150101BB6000000000000000000000000000000000CD
S3150101BB7000000000000000000000000000000000BD
S3150101BB8000000000000000000000000000000000AD
S3150101BB90000000000000000000000000000000009D
S3150101BBA0000000000000000000000000000000008D
S3150101BBB0000000000000000000000000000000007D
S3150101BBC0000000000000000000000000000000006D
S3150101BBD0000000000000000000000000000000005D
S3150101BBE0000000000000000000000000000000004D
S3150101BBF0000000000000000000000000000000003D
S3150101BC00000000000000000000000000000000002C
S3150101BC10000000000000000000000000000000001C
S3150101BC20000000000000000000000000000000000C
S3150101BC3000000000000000000000000000000000FC
S3150101BC4000000000000000000000000000000000EC
S3150101BC5000000000000000000000000000000000DC
S3150101BC6000000000000000000000000000000000CC
S3150101BC7000000000000000000000000000000000BC
S3150101BC8000000000000000000000000000000000AC
S3150101BC90000000000000000000000000000000009C
S3150101BCA0000000000000000000000000000000008C
S3150101BCB0000000000000000000000000000000007C
S3150101BCC0000000000000000000000000000000006C
S3150101BCD0000000000000000000000000000000005C
S3150101BCE0000000000000000000000000000000004C
S3150101BCF0000000000000000000000000000000003C
S3150101BD00000000000000000000000000000000002B
S3150101BD10000000000000000000000000000000001B
S3150101BD20000000000000000000000000000000000B
S3150101BD3000000000000000000000000000000000FB
S3150101BD4000000000000000000000000000000000EB
S3150101BD5000000000000000000000000000000000DB
S3150101BD6000000000000000000000000000000000CB
S3150101BD7000000000000000000000000000000000BB
S3150101BD8000000000000000000000000000000000AB
S3150101BD90000000000000000000000000000000009B
S3150101BDA0000000000000000000000000000000008B
S3150101BDB0000000000000000000000000000000007B
S3150101BDC0000000000000000000000000000000006B
S3150101BDD0000000000000000000000000000000005B
S3150101BDE0000000000000000000000000000000004B
S3150101BDF0000000000000000000000000000000003B
S3150101BE00000000000000000000000000000000002A
S3150101BE10000000000000000000000000000000001A
S3150101BE20000000000000000000000000000000000A
S3150101BE3000000000000000000000000000000000FA
S3150101BE4000000000000000000000000000000000EA
S3150101BE5000000000000000000000000000000000DA
S3150101BE6000000000000000000000000000000000CA
S3150101BE7000000000000000000000000000000000BA
S3150101BE8000000000000000000000000000000000AA
S3150101BE90000000000000000000000000000000009A
S3150101BEA0000000000000000000000000000000008A
S3150101BEB0000000000000000000000000000000007A
S3150101BEC0000000000000000000000000000000006A
S3150101BED0000000000000000000000000000000005A
S3150101BEE0000000000000000000000000000000004A
S3150101BEF0000000000000000000000000000000003A
S3150101BF000000000000000000000000000000000029
S3150101BF100000000000000000000000000000000019
S3150101BF200000000000000000000000000000000009
S3150101BF3000000000000000000000000000000000F9
S3150101BF4000000000000000000000000000000000E9
S3150101BF5000000000000000000000000000000000D9
S3150101BF6000000000000000000000000000000000C9
S3150101BF7000000000000000000000000000000000B9
S3150101BF8000000000000000000000000000000000A9
S3150101BF900000000000000000000000000000000099
S3150101BFA00000000000000000000000000000000089
S3150101BFB00000000000000000000000000000000079
S3150101BFC00000000000000000000000000000000069
S3150101BFD00000000000000000000000000000000059
S3150101BFE00000000000000000000000000000000049
S3150101BFF00000000000000000000000000000000039
S3150101C0000000000000000000000000000000000028
S3150101C0100000000000000000000000000000000018
S3150101C0200000000000000000000000000000000008
S3150101C03000000000000000000000000000000000F8
S3150101C04000000000000000000000000000000000E8
S3150101C05000000000000000000000000000000000D8
S3150101C06000000000000000000000000000000000C8
S3150101C07000000000000000000000000000000000B8
S3150101C08000000000000000000000000000000000A8
S3150101C0900000000000000000000000000000000098
S3150101C0A00000000000000000000000000000000088
S3150101C0B00000000000000000000000000000000078
S3150101C0C00000000000000000000000000000000068
S3150101C0D00000000000000000000000000000000058
S3150101C0E00000000000000000000000000000000048
S3150101C0F00000000000000000000000000000000038
S3150101C1000000000000000000000000000000000027
S3150101C1100000000000000000000000000000000017
S3150101C1200000000000000000000000000000000007
S3150101C13000000000000000000000000000000000F7
S3150101C14000000000000000000000000000000000E7
S3150101C15000000000000000000000000000000000D7
S3150101C16000000000000000000000000000000000C7
S3150101C17000000000000000000000000000000000B7
S3150101C18000000000000000000000000000000000A7
S3150101C1900000000000000000000000000000000097
S3150101C1A00000000000000000000000000000000087
S3150101C1B00000000000000000000000000000000077
S3150101C1C00000000000000000000000000000000067
S3150101C1D00000000000000000000000000000000057
S3150101C1E00000000000000000000000000000000047
S3150101C1F00000000000000000000000000000000037
S3150101C2000000000000000000000000000000000026
S3150101C2100000000000000000000000000000000016
S3150101C2200000000000000000000000000000000006
S3150101C23000000000000000000000000000000000F6
S3150101C24000000000000000000000000000000000E6
S3150101C25000000000000000000000000000000000D6
S3150101C26000000000000000000000000000000000C6
S3150101C27000000000000000000000000000000000B6
S3150101C28000000000000000000000000000000000A6
S3150101C2900000000000000000000000000000000096
S3150101C2A00000000000000000000000000000000086
S3150101C2B00000000000000000000000000000000076
S3150101C2C00000000000000000000000000000000066
S3150101C2D00000000000000000000000000000000056
S3150101C2E00000000000000000000000000000000046
S3150101C2F00000000000000000000000000000000036
S3150101C3000000000000000000000000000000000025
S3150101C3100000000000000000000000000000000015
S3150101C3200000000000000000000000000000000005
S3150101C33000000000000000000000000000000000F5
S3150101C34000000000000000000000000000000000E5
S3150101C35000000000000000000000000000000000D5
S3150101C36000000000000000000000000000000000C5
S3150101C37000000000000000000000000000000000B5
S3150101C38000000000000000000000000000000000A5
S3150101C3900000000000000000000000000000000095
S3150101C3A00000000000000000000000000000000085
S3150101C3B00000000000000000000000000000000075
S3150101C3C00000000000000000000000000000000065
S3150101C3D00000000000000000000000000000000055
S3150101C3E00000000000000000000000000000000045
S3150101C3F00000000000000000000000000000000035
S3150101C4000000000000000000000000000000000024
S3150101C4100000000000000000000000000000000014
S3150101C4200000000000000000000000000000000004
S3150101C43000000000000000000000000000000000F4
S3150101C44000000000000000000000000000000000E4
S3150101C45000000000000000000000000000000000D4
S3150101C46000000000000000000000000000000000C4
S3150101C47000000000000000000000000000000000B4
S3150101C48000000000000000000000000000000000A4
S3150101C4900000000000000000000000000000000094
S3150101C4A00000000000000000000000000000000084
S3150101C4B00000000000000000000000000000000074
S3150101C4C00000000000000000000000000000000064
S3150101C4D00000000000000000000000000000000054
S3150101C4E00000000000000000000000000000000044
S3150101C4F00000000000000000000000000000000034
S3150101C5000000000000000000000000000000000023
S3150101C5100000000000000000000000000000000013
S3150101C5200000000000000000000000000000000003
S3150101C53000000000000000000000000000000000F3
S3150101C54000000000000000000000000000000000E3
S3150101C55000000000000000000000000000000000D3
S3150101C56000000000000000000000000000000000C3
S3150101C57000000000000000000000000000000000B3
S3150101C58000000000000000000000000000000000A3
S3150101C5900000000000000000000000000000000093
S3150101C5A00000000000000000000000000000000083
S3150101C5B00000000000000000000000000000000073
S3150101C5C00000000000000000000000000000000063
S3150101C5D00000000000000000000000000000000053
S3150101C5E00000000000000000000000000000000043
S3150101C5F00000000000000000000000000000000033
S3150101C6000000000000000000000000000000000022
S3150101C6100000000000000000000000000000000012
S3150101C6200000000000000000000000000000000002
S3150101C63000000000000000000000000000000000F2
S3150101C64000000000000000000000000000000000E2
S3150101C65000000000000000000000000000000000D2
S3150101C66000000000000000000000000000000000C2
S3150101C67000000000000000000000000000000000B2
S3150101C68000000000000000000000000000000000A2
S3150101C6900000000000000000000000000000000092
S3150101C6A00000000000000000000000000000000082
S3150101C6B00000000000000000000000000000000072
S3150101C6C00000000000000000000000000000000062
S3150101C6D00000000000000000000000000000000052
S3150101C6E00000000000000000000000000000000042
S3150101C6F00000000000000000000000000000000032
S3150101C7000000000000000000000000000000000021
S3150101C7100000000000000000000000000000000011
S3150101C7200000000000000000000000000000000001
S3150101C73000000000000000000000000000000000F1
S3150101C74000000000000000000000000000000000E1
S3150101C75000000000000000000000000000000000D1
S3150101C76000000000000000000000000000000000C1
S3150101C77000000000000000000000000000000000B1
S3150101C78000000000000000000000000000000000A1
S3150101C7900000000000000000000000000000000091
S3150101C7A00000000000000000000000000000000081
S3150101C7B00000000000000000000000000000000071
S3150101C7C00000000000000000000000000000000061
S3150101C7D00000000000000000000000000000000051
S3150101C7E00000000000000000000000000000000041
S3150101C7F00000000000000000000000000000000031
S3150101C8000000000000000000000000000000000020
S3150101C8100000000000000000000000000000000010
S3150101C8200000000000000000000000000000000000
S3150101C83000000000000000000000000000000000F0
S3150101C84000000000000000000000000000000000E0
S3150101C85000000000000000000000000000000000D0
S3150101C86000000000000000000000000000000000C0
S3150101C87000000000000000000000000000000000B0
S3150101C88000000000000000000000000000000000A0
S3150101C8900000000000000000000000000000000090
S3150101C8A00000000000000000000000000000000080
S3150101C8B00000000000000000000000000000000070
S3150101C8C00000000000000000000000000000000060
S3150101C8D00000000000000000000000000000000050
S3150101C8E00000000000000000000000000000000040
S3150101C8F00000000000000000000000000000000030
S3150101C900000000000000000000000000000000001F
S3150101C910000000000000000000000000000000000F
S3150101C92000000000000000000000000000000000FF
S3150101C93000000000000000000000000000000000EF
S3150101C94000000000000000000000000000000000DF
S3150101C95000000000000000000000000000000000CF
S3150101C96000000000000000000000000000000000BF
S3150101C97000000000000000000000000000000000AF
S3150101C980000000000000000000000000000000009F
S3150101C990000000000000000000000000000000008F
S3150101C9A0000000000000000000000000000000007F
S3150101C9B0000000000000000000000000000000006F
S3150101C9C0000000000000000000000000000000005F
S3150101C9D0000000000000000000000000000000004F
S3150101C9E0000000000000000000000000000000003F
S3150101C9F0000000000000000000000000000000002F
S3150101CA00000000000000000000000000000000001E
S3150101CA10000000000000000000000000000000000E
S3150101CA2000000000000000000000000000000000FE
S3150101CA3000000000000000000000000000000000EE
S3150101CA4000000000000000000000000000000000DE
S3150101CA5000000000000000000000000000000000CE
S3150101CA6000000000000000000000000000000000BE
S3150101CA7000000000000000000000000000000000AE
S3150101CA80000000000000000000000000000000009E
S3150101CA90000000000000000000000000000000008E
S3150101CAA0000000000000000000000000000000007E
S3150101CAB0000000000000000000000000000000006E
S3150101CAC0000000000000000000000000000000005E
S3150101CAD0000000000000000000000000000000004E
S3150101CAE0000000000000000000000000000000003E
S3150101CAF0000000000000000000000000000000002E
S3150101CB00000000000000000000000000000000001D
S3150101CB10000000000000000000000000000000000D
S3150101CB2000000000000000000000000000000000FD
S3150101CB3000000000000000000000000000000000ED
S3150101CB4000000000000000000000000000000000DD
S3150101CB5000000000000000000000000000000000CD
S3150101CB6000000000000000000000000000000000BD
S3150101CB7000000000000000000000000000000000AD
S3150101CB80000000000000000000000000000000009D
S3150101CB90000000000000000000000000000000008D
S3150101CBA0000000000000000000000000000000007D
S3150101CBB0000000000000000000000000000000006D
S3150101CBC0000000000000000000000000000000005D
S3150101CBD0000000000000000000000000000000004D
S3150101CBE0000000000000000000000000000000003D
S3150101CBF0000000000000000000000000000000002D
S3150101CC00000000000000000000000000000000001C
S3150101CC10000000000000000000000000000000000C
S3150101CC2000000000000000000000000000000000FC
S3150101CC3000000000000000000000000000000000EC
S3150101CC4000000000000000000000000000000000DC
S3150101CC5000000000000000000000000000000000CC
S3150101CC6000000000000000000000000000000000BC
S3150101CC7000000000000000000000000000000000AC
S3150101CC80000000000000000000000000000000009C
S3150101CC90000000000000000000000000000000008C
S3150101CCA0000000000000000000000000000000007C
S3150101CCB0000000000000000000000000000000006C
S3150101CCC0000000000000000000000000000000005C
S3150101CCD0000000000000000000000000000000004C
S3150101CCE0000000000000000000000000000000003C
S3150101CCF0000000000000000000000000000000002C
S3150101CD00000000000000000000000000000000001B
S3150101CD10000000000000000000000000000000000B
S3150101CD2000000000000000000000000000000000FB
S3150101CD3000000000000000000000000000000000EB
S3150101CD4000000000000000000000000000000000DB
S3150101CD5000000000000000000000000000000000CB
S3150101CD6000000000000000000000000000000000BB
S3150101CD7000000000000000000000000000000000AB
S3150101CD80000000000000000000000000000000009B
S3150101CD90000000000000000000000000000000008B
S3150101CDA0000000000000000000000000000000007B
S3150101CDB0000000000000000000000000000000006B
S3150101CDC0000000000000000000000000000000005B
S3150101CDD0000000000000000000000000000000004B
S3150101CDE0000000000000000000000000000000003B
S3150101CDF0000000000000000000000000000000002B
S3150101CE00000000000000000000000000000000001A
S3150101CE10000000000000000000000000000000000A
S3150101CE2000000000000000000000000000000000FA
S3150101CE3000000000000000000000000000000000EA
S3150101CE4000000000000000000000000000000000DA
S3150101CE5000000000000000000000000000000000CA
S3150101CE6000000000000000000000000000000000BA
S3150101CE7000000000000000000000000000000000AA
S3150101CE80000000000000000000000000000000009A
S3150101CE90000000000000000000000000000000008A
S3150101CEA0000000000000000000000000000000007A
S3150101CEB0000000000000000000000000000000006A
S3150101CEC0000000000000000000000000000000005A
S3150101CED0000000000000000000000000000000004A
S3150101CEE0000000000000000000000000000000003A
S3150101CEF0000000000000000000000000000000002A
S3150101CF000000000000000000000000000000000019
S3150101CF100000000000000000000000000000000009
S3150101CF2000000000000000000000000000000000F9
S3150101CF3000000000000000000000000000000000E9
S3150101CF4000000000000000000000000000000000D9
S3150101CF5000000000000000000000000000000000C9
S3150101CF6000000000000000000000000000000000B9
S3150101CF7000000000000000000000000000000000A9
S3150101CF800000000000000000000000000000000099
S3150101CF900000000000000000000000000000000089
S3150101CFA00000000000000000000000000000000079
S3150101CFB00000000000000000000000000000000069
S3150101CFC00000000000000000000000000000000059
S3150101CFD00000000000000000000000000000000049
S3150101CFE00000000000000000000000000000000039
S3150101CFF00000000000000000000000000000000029
S3150101D0000000000000000000000000000000000018
S3150101D0100000000000000000000000000000000008
S3150101D02000000000000000000000000000000000F8
S3150101D03000000000000000000000000000000000E8
S3150101D04000000000000000000000000000000000D8
S3150101D05000000000000000000000000000000000C8
S3150101D06000000000000000000000000000000000B8
S3150101D07000000000000000000000000000000000A8
S3150101D0800000000000000000000000000000000098
S3150101D0900000000000000000000000000000000088
S3150101D0A00000000000000000000000000000000078
S3150101D0B00000000000000000000000000000000068
S3150101D0C00000000000000000000000000000000058
S3150101D0D00000000000000000000000000000000048
S3150101D0E00000000000000000000000000000000038
S3150101D0F00000000000000000000000000000000028
S3150101D1000000000000000000000000000000000017
S3150101D1100000000000000000000000000000000007
S3150101D12000000000000000000000000000000000F7
S3150101D13000000000000000000000000000000000E7
S3150101D14000000000000000000000000000000000D7
S3150101D15000000000000000000000000000000000C7
S3150101D16000000000000000000000000000000000B7
S3150101D17000000000000000000000000000000000A7
S3150101D1800000000000000000000000000000000097
S3150101D1900000000000000000000000000000000087
S3150101D1A00000000000000000000000000000000077
S3150101D1B00000000000000000000000000000000067
S3150101D1C00000000000000000000000000000000057
S3150101D1D00000000000000000000000000000000047
S3150101D1E00000000000000000000000000000000037
S3150101D1F00000000000000000000000000000000027
S3150101D2000000000000000000000000000000000016
S3150101D2100000000000000000000000000000000006
S3150101D22000000000000000000000000000000000F6
S3150101D23000000000000000000000000000000000E6
S3150101D24000000000000000000000000000000000D6
S3150101D25000000000000000000000000000000000C6
S3150101D26000000000000000000000000000000000B6
S3150101D27000000000000000000000000000000000A6
S3150101D2800000000000000000000000000000000096
S3150101D2900000000000000000000000000000000086
S3150101D2A00000000000000000000000000000000076
S3150101D2B00000000000000000000000000000000066
S3150101D2C00000000000000000000000000000000056
S3150101D2D00000000000000000000000000000000046
S3150101D2E00000000000000000000000000000000036
S3150101D2F00000000000000000000000000000000026
S3150101D3000000000000000000000000000000000015
S3150101D3100000000000000000000000000000000005
S3150101D32000000000000000000000000000000000F5
S3150101D33000000000000000000000000000000000E5
S3150101D34000000000000000000000000000000000D5
S3150101D35000000000000000000000000000000000C5
S3150101D36000000000000000000000000000000000B5
S3150101D37000000000000000000000000000000000A5
S3150101D3800000000000000000000000000000000095
S3150101D3900000000000000000000000000000000085
S3150101D3A00000000000000000000000000000000075
S3150101D3B00000000000000000000000000000000065
S3150101D3C00000000000000000000000000000000055
S3150101D3D00000000000000000000000000000000045
S3150101D3E00000000000000000000000000000000035
S3150101D3F00000000000000000000000000000000025
S3150101D4000000000000000000000000000000000014
S3150101D4100000000000000000000000000000000004
S3150101D42000000000000000000000000000000000F4
S3150101D43000000000000000000000000000000000E4
S3150101D44000000000000000000000000000000000D4
S3150101D45000000000000000000000000000000000C4
S3150101D46000000000000000000000000000000000B4
S3150101D47000000000000000000000000000000000A4
S3150101D4800000000000000000000000000000000094
S3150101D4900000000000000000000000000000000084
S3150101D4A00000000000000000000000000000000074
S3150101D4B00000000000000000000000000000000064
S3150101D4C00000000000000000000000000000000054
S3150101D4D00000000000000000000000000000000044
S3150101D4E00000000000000000000000000000000034
S3150101D4F00000000000000000000000000000000024
S3150101D5000000000000000000000000000000000013
S3150101D5100000000000000000000000000000000003
S3150101D52000000000000000000000000000000000F3
S3150101D53000000000000000000000000000000000E3
S3150101D54000000000000000000000000000000000D3
S3150101D55000000000000000000000000000000000C3
S3150101D56000000000000000000000000000000000B3
S3150101D57000000000000000000000000000000000A3
S3150101D5800000000000000000000000000000000093
S3150101D5900000000000000000000000000000000083
S3150101D5A00000000000000000000000000000000073
S3150101D5B00000000000000000000000000000000063
S3150101D5C00000000000000000000000000000000053
S3150101D5D00000000000000000000000000000000043
S3150101D5E00000000000000000000000000000000033
S3150101D5F00000000000000000000000000000000023
S3150101D6000000000000000000000000000000000012
S3150101D6100000000000000000000000000000000002
S3150101D62000000000000000000000000000000000F2
S3150101D63000000000000000000000000000000000E2
S3150101D64000000000000000000000000000000000D2
S3150101D65000000000000000000000000000000000C2
S3150101D66000000000000000000000000000000000B2
S3150101D67000000000000000000000000000000000A2
S3150101D6800000000000000000000000000000000092
S3150101D6900000000000000000000000000000000082
S3150101D6A00000000000000000000000000000000072
S3150101D6B00000000000000000000000000000000062
S3150101D6C00000000000000000000000000000000052
S3150101D6D00000000000000000000000000000000042
S3150101D6E00000000000000000000000000000000032
S3150101D6F00000000000000000000000000000000022
S3150101D7000000000000000000000000000000000011
S3150101D7100000000000000000000000000000000001
S3150101D72000000000000000000000000000000000F1
S3150101D73000000000000000000000000000000000E1
S3150101D74000000000000000000000000000000000D1
S3150101D75000000000000000000000000000000000C1
S3150101D76000000000000000000000000000000000B1
S3150101D77000000000000000000000000000000000A1
S3150101D7800000000000000000000000000000000091
S3150101D7900000000000000000000000000000000081
S3150101D7A00000000000000000000000000000000071
S3150101D7B00000000000000000000000000000000061
S3150101D7C00000000000000000000000000000000051
S3150101D7D00000000000000000000000000000000041
S3150101D7E00000000000000000000000000000000031
S3150101D7F00000000000000000000000000000000021
S3150101D8000000000000000000000000000000000010
S3150101D8100000000000000000000000000000000000
S3150101D82000000000000000000000000000000000F0
S3150101D83000000000000000000000000000000000E0
S3150101D84000000000000000000000000000000000D0
S3150101D85000000000000000000000000000000000C0
S3150101D86000000000000000000000000000000000B0
S3150101D87000000000000000000000000000000000A0
S3150101D8800000000000000000000000000000000090
S3150101D8900000000000000000000000000000000080
S3150101D8A00000000000000000000000000000000070
S3150101D8B00000000000000000000000000000000060
S3150101D8C00000000000000000000000000000000050
S3150101D8D00000000000000000000000000000000040
S3150101D8E00000000000000000000000000000000030
S3150101D8F00000000000000000000000000000000020
S3150101D900000000000000000000000000000000000F
S3150101D91000000000000000000000000000000000FF
S3150101D92000000000000000000000000000000000EF
S3150101D93000000000000000000000000000000000DF
S3150101D94000000000000000000000000000000000CF
S3150101D95000000000000000000000000000000000BF
S3150101D96000000000000000000000000000000000AF
S3150101D970000000000000000000000000000000009F
S3150101D980000000000000000000000000000000008F
S3150101D990000000000000000000000000000000007F
S3150101D9A0000000000000000000000000000000006F
S3150101D9B0000000000000000000000000000000005F
S3150101D9C0000000000000000000000000000000004F
S3150101D9D0000000000000000000000000000000003F
S3150101D9E0000000000000000000000000000000002F
S3150101D9F0000000000000000000000000000000001F
S3150101DA00000000000000000000000000000000000E
S3150101DA1000000000000000000000000000000000FE
S3150101DA2000000000000000000000000000000000EE
S3150101DA3000000000000000000000000000000000DE
S3150101DA4000000000000000000000000000000000CE
S3150101DA5000000000000000000000000000000000BE
S3150101DA6000000000000000000000000000000000AE
S3150101DA70000000000000000000000000000000009E
S3150101DA80000000000000000000000000000000008E
S3150101DA90000000000000000000000000000000007E
S3150101DAA0000000000000000000000000000000006E
S3150101DAB0000000000000000000000000000000005E
S3150101DAC0000000000000000000000000000000004E
S3150101DAD0000000000000000000000000000000003E
S3150101DAE0000000000000000000000000000000002E
S3150101DAF0000000000000000000000000000000001E
S3150101DB00000000000000000000000000000000000D
S3150101DB1000000000000000000000000000000000FD
S3150101DB2000000000000000000000000000000000ED
S3150101DB3000000000000000000000000000000000DD
S3150101DB4000000000000000000000000000000000CD
S3150101DB5000000000000000000000000000000000BD
S3150101DB6000000000000000000000000000000000AD
S3150101DB70000000000000000000000000000000009D
S3150101DB80000000000000000000000000000000008D
S3150101DB90000000000000000000000000000000007D
S3150101DBA0000000000000000000000000000000006D
S3150101DBB0000000000000000000000000000000005D
S3150101DBC0000000000000000000000000000000004D
S3150101DBD0000000000000000000000000000000003D
S3150101DBE0000000000000000000000000000000002D
S3150101DBF0000000000000000000000000000000001D
S3150101DC00000000000000000000000000000000000C
S3150101DC1000000000000000000000000000000000FC
S3150101DC2000000000000000000000000000000000EC
S3150101DC3000000000000000000000000000000000DC
S3150101DC4000000000000000000000000000000000CC
S3150101DC5000000000000000000000000000000000BC
S3150101DC6000000000000000000000000000000000AC
S3150101DC70000000000000000000000000000000009C
S3150101DC80000000000000000000000000000000008C
S3150101DC90000000000000000000000000000000007C
S3150101DCA0000000000000000000000000000000006C
S3150101DCB0000000000000000000000000000000005C
S3150101DCC0000000000000000000000000000000004C
S3150101DCD0000000000000000000000000000000003C
S3150101DCE0000000000000000000000000000000002C
S3150101DCF0000000000000000000000000000000001C
S3150101DD00000000000000000000000000000000000B
S3150101DD1000000000000000000000000000000000FB
S3150101DD2000000000000000000000000000000000EB
S3150101DD3000000000000000000000000000000000DB
S3150101DD4000000000000000000000000000000000CB
S3150101DD5000000000000000000000000000000000BB
S3150101DD6000000000000000000000000000000000AB
S3150101DD70000000000000000000000000000000009B
S3150101DD80000000000000000000000000000000008B
S3150101DD90000000000000000000000000000000007B
S3150101DDA0000000000000000000000000000000006B
S3150101DDB0000000000000000000000000000000005B
S3150101DDC0000000000000000000000000000000004B
S3150101DDD0000000000000000000000000000000003B
S3150101DDE0000000000000000000000000000000002B
S3150101DDF0000000000000000000000000000000001B
S3150101DE00000000000000000000000000000000000A
S3150101DE1000000000000000000000000000000000FA
S3150101DE2000000000000000000000000000000000EA
S3150101DE3000000000000000000000000000000000DA
S3150101DE4000000000000000000000000000000000CA
S3150101DE5000000000000000000000000000000000BA
S3150101DE6000000000000000000000000000000000AA
S3150101DE70000000000000000000000000000000009A
S3150101DE80000000000000000000000000000000008A
S3150101DE90000000000000000000000000000000007A
S3150101DEA0000000000000000000000000000000006A
S3150101DEB0000000000000000000000000000000005A
S3150101DEC0000000000000000000000000000000004A
S3150101DED0000000000000000000000000000000003A
S3150101DEE0000000000000000000000000000000002A
S3150101DEF0000000000000000000000000000000001A
S3150101DF000000000000000000000000000000000009
S3150101DF1000000000000000000000000000000000F9
S3150101DF2000000000000000000000000000000000E9
S3150101DF3000000000000000000000000000000000D9
S3150101DF4000000000000000000000000000000000C9
S3150101DF5000000000000000000000000000000000B9
S3150101DF6000000000000000000000000000000000A9
S3150101DF700000000000000000000000000000000099
S3150101DF800000000000000000000000000000000089
S3150101DF900000000000000000000000000000000079
S3150101DFA00000000000000000000000000000000069
S3150101DFB00000000000000000000000000000000059
S3150101DFC00000000000000000000000000000000049
S3150101DFD00000000000000000000000000000000039
S3150101DFE00000000000000000000000000000000029
S3150101DFF00000000000000000000000000000000019
S3150101E0000000000000000000000000000000000008
S3150101E01000000000000000000000000000000000F8
S3150101E02000000000000000000000000000000000E8
S3150101E03000000000000000000000000000000000D8
S3150101E04000000000000000000000000000000000C8
S3150101E05000000000000000000000000000000000B8
S3150101E06000000000000000000000000000000000A8
S3150101E0700000000000000000000000000000000098
S3150101E0800000000000000000000000000000000088
S3150101E0900000000000000000000000000000000078
S3150101E0A00000000000000000000000000000000068
S3150101E0B00000000000000000000000000000000058
S3150101E0C00000000000000000000000000000000048
S3150101E0D00000000000000000000000000000000038
S3150101E0E00000000000000000000000000000000028
S3150101E0F00000000000000000000000000000000018
S3150101E1000000000000000000000000000000000007
S3150101E11000000000000000000000000000000000F7
S3150101E12000000000000000000000000000000000E7
S3150101E13000000000000000000000000000000000D7
S3150101E14000000000000000000000000000000000C7
S3150101E15000000000000000000000000000000000B7
S3150101E16000000000000000000000000000000000A7
S3150101E1700000000000000000000000000000000097
S3150101E1800000000000000000000000000000000087
S3150101E1900000000000000000000000000000000077
S3150101E1A00000000000000000000000000000000067
S3150101E1B00000000000000000000000000000000057
S3150101E1C00000000000000000000000000000000047
S3150101E1D00000000000000000000000000000000037
S3150101E1E00000000000000000000000000000000027
S3150101E1F00000000000000000000000000000000017
S3150101E2000000000000000000000000000000000006
S3150101E21000000000000000000000000000000000F6
S3150101E22000000000000000000000000000000000E6
S3150101E23000000000000000000000000000000000D6
S3150101E24000000000000000000000000000000000C6
S3150101E25000000000000000000000000000000000B6
S3150101E26000000000000000000000000000000000A6
S3150101E2700000000000000000000000000000000096
S3150101E2800000000000000000000000000000000086
S3150101E2900000000000000000000000000000000076
S3150101E2A00000000000000000000000000000000066
S3150101E2B00000000000000000000000000000000056
S3150101E2C00000000000000000000000000000000046
S3150101E2D00000000000000000000000000000000036
S3150101E2E00000000000000000000000000000000026
S3150101E2F00000000000000000000000000000000016
S3150101E3000000000000000000000000000000000005
S3150101E31000000000000000000000000000000000F5
S3150101E32000000000000000000000000000000000E5
S3150101E33000000000000000000000000000000000D5
S3150101E34000000000000000000000000000000000C5
S3150101E35000000000000000000000000000000000B5
S3150101E36000000000000000000000000000000000A5
S3150101E3700000000000000000000000000000000095
S3150101E3800000000000000000000000000000000085
S3150101E3900000000000000000000000000000000075
S3150101E3A00000000000000000000000000000000065
S3150101E3B00000000000000000000000000000000055
S3150101E3C00000000000000000000000000000000045
S3150101E3D00000000000000000000000000000000035
S3150101E3E00000000000000000000000000000000025
S3150101E3F00000000000000000000000000000000015
S3150101E4000000000000000000000000000000000004
S3150101E41000000000000000000000000000000000F4
S3150101E42000000000000000000000000000000000E4
S3150101E43000000000000000000000000000000000D4
S3150101E44000000000000000000000000000000000C4
S3150101E45000000000000000000000000000000000B4
S3150101E46000000000000000000000000000000000A4
S3150101E4700000000000000000000000000000000094
S3150101E4800000000000000000000000000000000084
S3150101E4900000000000000000000000000000000074
S3150101E4A00000000000000000000000000000000064
S3150101E4B00000000000000000000000000000000054
S3150101E4C00000000000000000000000000000000044
S3150101E4D00000000000000000000000000000000034
S3150101E4E00000000000000000000000000000000024
S3150101E4F00000000000000000000000000000000014
S3150101E5000000000000000000000000000000000003
S3150101E51000000000000000000000000000000000F3
S3150101E52000000000000000000000000000000000E3
S3150101E53000000000000000000000000000000000D3
S3150101E54000000000000000000000000000000000C3
S3150101E55000000000000000000000000000000000B3
S3150101E56000000000000000000000000000000000A3
S3150101E5700000000000000000000000000000000093
S3150101E5800000000000000000000000000000000083
S3150101E5900000000000000000000000000000000073
S3150101E5A00000000000000000000000000000000063
S3150101E5B00000000000000000000000000000000053
S3150101E5C00000000000000000000000000000000043
S3150101E5D00000000000000000000000000000000033
S3150101E5E00000000000000000000000000000000023
S3150101E5F00000000000000000000000000000000013
S3150101E6000000000000000000000000000000000002
S3150101E61000000000000000000000000000000000F2
S3150101E62000000000000000000000000000000000E2
S3150101E63000000000000000000000000000000000D2
S3150101E64000000000000000000000000000000000C2
S3150101E65000000000000000000000000000000000B2
S3150101E66000000000000000000000000000000000A2
S3150101E6700000000000000000000000000000000092
S3150101E6800000000000000000000000000000000082
S3150101E6900000000000000000000000000000000072
S3150101E6A00000000000000000000000000000000062
S3150101E6B00000000000000000000000000000000052
S3150101E6C00000000000000000000000000000000042
S3150101E6D00000000000000000000000000000000032
S3150101E6E00000000000000000000000000000000022
S3150101E6F00000000000000000000000000000000012
S3150101E7000000000000000000000000000000000001
S3150101E71000000000000000000000000000000000F1
S3150101E72000000000000000000000000000000000E1
S3150101E73000000000000000000000000000000000D1
S3150101E74000000000000000000000000000000000C1
S3150101E75000000000000000000000000000000000B1
S3150101E76000000000000000000000000000000000A1
S3150101E7700000000000000000000000000000000091
S3150101E7800000000000000000000000000000000081
S3150101E7900000000000000000000000000000000071
S3150101E7A00000000000000000000000000000000061
S3150101E7B00000000000000000000000000000000051
S3150101E7C00000000000000000000000000000000041
S3150101E7D00000000000000000000000000000000031
S3150101E7E00000000000000000000000000000000021
S3150101E7F00000000000000000000000000000000011
S3150101E8000000000000000000000000000000000000
S3150101E81000000000000000000000000000000000F0
S3150101E82000000000000000000000000000000000E0
S3150101E83000000000000000000000000000000000D0
S3150101E84000000000000000000000000000000000C0
S3150101E85000000000000000000000000000000000B0
S3150101E86000000000000000000000000000000000A0
S3150101E8700000000000000000000000000000000090
S3150101E8800000000000000000000000000000000080
S3150101E8900000000000000000000000000000000070
S3150101E8A00000000000000000000000000000000060
S3150101E8B00000000000000000000000000000000050
S3150101E8C00000000000000000000000000000000040
S3150101E8D00000000000000000000000000000000030
S3150101E8E00000000000000000000000000000000020
S3150101E8F00000000000000000000000000000000010
S3150101E90000000000000000000000000000000000FF
S3150101E91000000000000000000000000000000000EF
S3150101E92000000000000000000000000000000000DF
S3150101E93000000000000000000000000000000000CF
S3150101E94000000000000000000000000000000000BF
S3150101E95000000000000000000000000000000000AF
S3150101E960000000000000000000000000000000009F
S3150101E970000000000000000000000000000000008F
S3150101E980000000000000000000000000000000007F
S3150101E990000000000000000000000000000000006F
S3150101E9A0000000000000000000000000000000005F
S3150101E9B0000000000000000000000000000000004F
S3150101E9C0000000000000000000000000000000003F
S3150101E9D0000000000000000000000000000000002F
S3150101E9E0000000000000000000000000000000001F
S3150101E9F0000000000000000000000000000000000F
S3150101EA0000000000000000000000000000000000FE
S3150101EA1000000000000000000000000000000000EE
S3150101EA2000000000000000000000000000000000DE
S3150101EA3000000000000000000000000000000000CE
S3150101EA4000000000000000000000000000000000BE
S3150101EA5000000000000000000000000000000000AE
S3150101EA60000000000000000000000000000000009E
S3150101EA70000000000000000000000000000000008E
S3150101EA80000000000000000000000000000000007E
S3150101EA90000000000000000000000000000000006E
S3150101EAA0000000000000000000000000000000005E
S3150101EAB0000000000000000000000000000000004E
S3150101EAC0000000000000000000000000000000003E
S3150101EAD0000000000000000000000000000000002E
S3150101EAE0000000000000000000000000000000001E
S3150101EAF0000000000000000000000000000000000E
S3150101EB0000000000000000000000000000000000FD
S3150101EB1000000000000000000000000000000000ED
S3150101EB2000000000000000000000000000000000DD
S3150101EB3000000000000000000000000000000000CD
S3150101EB4000000000000000000000000000000000BD
S3150101EB5000000000000000000000000000000000AD
S3150101EB60000000000000000000000000000000009D
S3150101EB70000000000000000000000000000000008D
S3150101EB80000000000000000000000000000000007D
S3150101EB90000000000000000000000000000000006D
S3150101EBA0000000000000000000000000000000005D
S3150101EBB0000000000000000000000000000000004D
S3150101EBC0000000000000000000000000000000003D
S3150101EBD0000000000000000000000000000000002D
S3150101EBE0000000000000000000000000000000001D
S3150101EBF0000000000000000000000000000000000D
S3150101EC0000000000000000000000000000000000FC
S3150101EC1000000000000000000000000000000000EC
S3150101EC2000000000000000000000000000000000DC
S3150101EC3000000000000000000000000000000000CC
S3150101EC4000000000000000000000000000000000BC
S3150101EC5000000000000000000000000000000000AC
S3150101EC60000000000000000000000000000000009C
S3150101EC70000000000000000000000000000000008C
S3150101EC80000000000000000000000000000000007C
S3150101EC90000000000000000000000000000000006C
S3150101ECA0000000000000000000000000000000005C
S3150101ECB0000000000000000000000000000000004C
S3150101ECC0000000000000000000000000000000003C
S3150101ECD0000000000000000000000000000000002C
S3150101ECE0000000000000000000000000000000001C
S3150101ECF0000000000000000000000000000000000C
S3150101ED0000000000000000000000000000000000FB
S3150101ED1000000000000000000000000000000000EB
S3150101ED2000000000000000000000000000000000DB
S3150101ED3000000000000000000000000000000000CB
S3150101ED4000000000000000000000000000000000BB
S3150101ED5000000000000000000000000000000000AB
S3150101ED60000000000000000000000000000000009B
S3150101ED70000000000000000000000000000000008B
S3150101ED80000000000000000000000000000000007B
S3150101ED90000000000000000000000000000000006B
S3150101EDA0000000000000000000000000000000005B
S3150101EDB0000000000000000000000000000000004B
S3150101EDC0000000000000000000000000000000003B
S3150101EDD0000000000000000000000000000000002B
S3150101EDE0000000000000000000000000000000001B
S3150101EDF0000000000000000000000000000000000B
S3150101EE0000000000000000000000000000000000FA
S3150101EE1000000000000000000000000000000000EA
S3150101EE2000000000000000000000000000000000DA
S3150101EE3000000000000000000000000000000000CA
S3150101EE4000000000000000000000000000000000BA
S3150101EE5000000000000000000000000000000000AA
S3150101EE60000000000000000000000000000000009A
S3150101EE70000000000000000000000000000000008A
S3150101EE80000000000000000000000000000000007A
S3150101EE90000000000000000000000000000000006A
S3150101EEA0000000000000000000000000000000005A
S3150101EEB0000000000000000000000000000000004A
S3150101EEC0000000000000000000000000000000003A
S3150101EED0000000000000000000000000000000002A
S3150101EEE0000000000000000000000000000000001A
S3150101EEF0000000000000000000000000000000000A
S3150101EF0000000000000000000000000000000000F9
S3150101EF1000000000000000000000000000000000E9
S3150101EF2000000000000000000000000000000000D9
S3150101EF3000000000000000000000000000000000C9
S3150101EF4000000000000000000000000000000000B9
S3150101EF5000000000000000000000000000000000A9
S3150101EF600000000000000000000000000000000099
S3150101EF700000000000000000000000000000000089
S3150101EF800000000000000000000000000000000079
S3150101EF900000000000000000000000000000000069
S3150101EFA00000000000000000000000000000000059
S3150101EFB00000000000000000000000000000000049
S3150101EFC00000000000000000000000000000000039
S3150101EFD00000000000000000000000000000000029
S3150101EFE00000000000000000000000000000000019
S3150101EFF00000000000000000000000000000000009
S3150101F00000000000000000000000000000000000F8
S3150101F01000000000000000000000000000000000E8
S3150101F02000000000000000000000000000000000D8
S3150101F03000000000000000000000000000000000C8
S3150101F04000000000000000000000000000000000B8
S3150101F05000000000000000000000000000000000A8
S3150101F0600000000000000000000000000000000098
S3150101F0700000000000000000000000000000000088
S3150101F0800000000000000000000000000000000078
S3150101F0900000000000000000000000000000000068
S3150101F0A00000000000000000000000000000000058
S3150101F0B00000000000000000000000000000000048
S3150101F0C00000000000000000000000000000000038
S3150101F0D00000000000000000000000000000000028
S3150101F0E00000000000000000000000000000000018
S3150101F0F00000000000000000000000000000000008
S3150101F10000000000000000000000000000000000F7
S3150101F11000000000000000000000000000000000E7
S3150101F12000000000000000000000000000000000D7
S3150101F13000000000000000000000000000000000C7
S3150101F14000000000000000000000000000000000B7
S3150101F15000000000000000000000000000000000A7
S3150101F1600000000000000000000000000000000097
S3150101F1700000000000000000000000000000000087
S3150101F1800000000000000000000000000000000077
S3150101F1900000000000000000000000000000000067
S3150101F1A00000000000000000000000000000000057
S3150101F1B00000000000000000000000000000000047
S3150101F1C00000000000000000000000000000000037
S3150101F1D00000000000000000000000000000000027
S3150101F1E00000000000000000000000000000000017
S3150101F1F00000000000000000000000000000000007
S3150101F20000000000000000000000000000000000F6
S3150101F21000000000000000000000000000000000E6
S3150101F22000000000000000000000000000000000D6
S3150101F23000000000000000000000000000000000C6
S3150101F24000000000000000000000000000000000B6
S3150101F25000000000000000000000000000000000A6
S3150101F2600000000000000000000000000000000096
S3150101F2700000000000000000000000000000000086
S3150101F2800000000000000000000000000000000076
S3150101F2900000000000000000000000000000000066
S3150101F2A00000000000000000000000000000000056
S3150101F2B00000000000000000000000000000000046
S3150101F2C00000000000000000000000000000000036
S3150101F2D00000000000000000000000000000000026
S3150101F2E00000000000000000000000000000000016
S3150101F2F00000000000000000000000000000000006
S3150101F30000000000000000000000000000000000F5
S3150101F31000000000000000000000000000000000E5
S3150101F32000000000000000000000000000000000D5
S3150101F33000000000000000000000000000000000C5
S3150101F34000000000000000000000000000000000B5
S3150101F35000000000000000000000000000000000A5
S3150101F3600000000000000000000000000000000095
S3150101F3700000000000000000000000000000000085
S3150101F3800000000000000000000000000000000075
S3150101F3900000000000000000000000000000000065
S3150101F3A00000000000000000000000000000000055
S3150101F3B00000000000000000000000000000000045
S3150101F3C00000000000000000000000000000000035
S3150101F3D00000000000000000000000000000000025
S3150101F3E00000000000000000000000000000000015
S3150101F3F00000000000000000000000000000000005
S3150101F40000000000000000000000000000000000F4
S3150101F41000000000000000000000000000000000E4
S3150101F42000000000000000000000000000000000D4
S3150101F43000000000000000000000000000000000C4
S3150101F44000000000000000000000000000000000B4
S3150101F45000000000000000000000000000000000A4
S3150101F4600000000000000000000000000000000094
S3150101F4700000000000000000000000000000000084
S3150101F4800000000000000000000000000000000074
S3150101F4900000000000000000000000000000000064
S3150101F4A00000000000000000000000000000000054
S3150101F4B00000000000000000000000000000000044
S3150101F4C00000000000000000000000000000000034
S3150101F4D00000000000000000000000000000000024
S3150101F4E00000000000000000000000000000000014
S3150101F4F00000000000000000000000000000000004
S3150101F50000000000000000000000000000000000F3
S3150101F51000000000000000000000000000000000E3
S3150101F52000000000000000000000000000000000D3
S3150101F53000000000000000000000000000000000C3
S3150101F54000000000000000000000000000000000B3
S3150101F55000000000000000000000000000000000A3
S3150101F5600000000000000000000000000000000093
S3150101F5700000000000000000000000000000000083
S3150101F5800000000000000000000000000000000073
S3150101F5900000000000000000000000000000000063
S3150101F5A00000000000000000000000000000000053
S3150101F5B00000000000000000000000000000000043
S3150101F5C00000000000000000000000000000000033
S3150101F5D00000000000000000000000000000000023
S3150101F5E00000000000000000000000000000000013
S3150101F5F00000000000000000000000000000000003
S3150101F60000000000000000000000000000000000F2
S3150101F61000000000000000000000000000000000E2
S3150101F62000000000000000000000000000000000D2
S3150101F63000000000000000000000000000000000C2
S3150101F64000000000000000000000000000000000B2
S3150101F65000000000000000000000000000000000A2
S3150101F6600000000000000000000000000000000092
S3150101F6700000000000000000000000000000000082
S3150101F6800000000000000000000000000000000072
S3150101F6900000000000000000000000000000000062
S3150101F6A00000000000000000000000000000000052
S3150101F6B00000000000000000000000000000000042
S3150101F6C00000000000000000000000000000000032
S3150101F6D00000000000000000000000000000000022
S3150101F6E00000000000000000000000000000000012
S3150101F6F00000000000000000000000000000000002
S3150101F70000000000000000000000000000000000F1
S3150101F71000000000000000000000000000000000E1
S3150101F72000000000000000000000000000000000D1
S3150101F73000000000000000000000000000000000C1
S3150101F74000000000000000000000000000000000B1
S3150101F75000000000000000000000000000000000A1
S3150101F7600000000000000000000000000000000091
S3150101F7700000000000000000000000000000000081
S3150101F7800000000000000000000000000000000071
S3150101F7900000000000000000000000000000000061
S3150101F7A00000000000000000000000000000000051
S3150101F7B00000000000000000000000000000000041
S3150101F7C00000000000000000000000000000000031
S3150101F7D00000000000000000000000000000000021
S3150101F7E00000000000000000000000000000000011
S3150101F7F00000000000000000000000000000000001
S3150101F80000000000000000000000000000000000F0
S3150101F81000000000000000000000000000000000E0
S3150101F82000000000000000000000000000000000D0
S3150101F83000000000000000000000000000000000C0
S3150101F84000000000000000000000000000000000B0
S3150101F85000000000000000000000000000000000A0
S3150101F8600000000000000000000000000000000090
S3150101F8700000000000000000000000000000000080
S3150101F8800000000000000000000000000000000070
S3150101F8900000000000000000000000000000000060
S3150101F8A00000000000000000000000000000000050
S3150101F8B00000000000000000000000000000000040
S3150101F8C00000000000000000000000000000000030
S3150101F8D00000000000000000000000000000000020
S3150101F8E00000000000000000000000000000000010
S3150101F8F00000000000000000000000000000000000
S3150101F90000000000000000000000000000000000EF
S3150101F91000000000000000000000000000000000DF
S3150101F92000000000000000000000000000000000CF
S3150101F93000000000000000000000000000000000BF
S3150101F94000000000000000000000000000000000AF
S3150101F950000000000000000000000000000000009F
S3150101F960000000000000000000000000000000008F
S3150101F970000000000000000000000000000000007F
S3150101F980000000000000000000000000000000006F
S3150101F990000000000000000000000000000000005F
S3150101F9A0000000000000000000000000000000004F
S3150101F9B0000000000000000000000000000000003F
S3150101F9C0000000000000000000000000000000002F
S3150101F9D0000000000000000000000000000000001F
S3150101F9E0000000000000000000000000000000000F
S3150101F9F000000000000000000000000000000000FF
S3150101FA0000000000000000000000000000000000EE
S3150101FA1000000000000000000000000000000000DE
S3150101FA2000000000000000000000000000000000CE
S3150101FA3000000000000000000000000000000000BE
S3150101FA4000000000000000000000000000000000AE
S3150101FA50000000000000000000000000000000009E
S3150101FA60000000000000000000000000000000008E
S3150101FA70000000000000000000000000000000007E
S3150101FA80000000000000000000000000000000006E
S3150101FA90000000000000000000000000000000005E
S3150101FAA0000000000000000000000000000000004E
S3150101FAB0000000000000000000000000000000003E
S3150101FAC0000000000000000000000000000000002E
S3150101FAD0000000000000000000000000000000001E
S3150101FAE0000000000000000000000000000000000E
S3150101FAF000000000000000000000000000000000FE
S3150101FB0000000000000000000000000000000000ED
S3150101FB1000000000000000000000000000000000DD
S3150101FB2000000000000000000000000000000000CD
S3150101FB3000000000000000000000000000000000BD
S3150101FB4000000000000000000000000000000000AD
S3150101FB50000000000000000000000000000000009D
S3150101FB60000000000000000000000000000000008D
S3150101FB70000000000000000000000000000000007D
S3150101FB80000000000000000000000000000000006D
S3150101FB90000000000000000000000000000000005D
S3150101FBA0000000000000000000000000000000004D
S3150101FBB0000000000000000000000000000000003D
S3150101FBC0000000000000000000000000000000002D
S3150101FBD0000000000000000000000000000000001D
S3150101FBE0000000000000000000000000000000000D
S3150101FBF000000000000000000000000000000000FD
S3150101FC0000000000000000000000000000000000EC
S3150101FC1000000000000000000000000000000000DC
S3150101FC2000000000000000000000000000000000CC
S3150101FC3000000000000000000000000000000000BC
S3150101FC4000000000000000000000000000000000AC
S3150101FC50000000000000000000000000000000009C
S3150101FC60000000000000000000000000000000008C
S3150101FC70000000000000000000000000000000007C
S3150101FC80000000000000000000000000000000006C
S3150101FC90000000000000000000000000000000005C
S3150101FCA0000000000000000000000000000000004C
S3150101FCB0000000000000000000000000000000003C
S3150101FCC0000000000000000000000000000000002C
S3150101FCD0000000000000000000000000000000001C
S3150101FCE0000000000000000000000000000000000C
S3150101FCF000000000000000000000000000000000FC
S3150101FD0000000000000000000000000000000000EB
S3150101FD1000000000000000000000000000000000DB
S3150101FD2000000000000000000000000000000000CB
S3150101FD3000000000000000000000000000000000BB
S3150101FD4000000000000000000000000000000000AB
S3150101FD50000000000000000000000000000000009B
S3150101FD60000000000000000000000000000000008B
S3150101FD70000000000000000000000000000000007B
S3150101FD80000000000000000000000000000000006B
S3150101FD90000000000000000000000000000000005B
S3150101FDA0000000000000000000000000000000004B
S3150101FDB0000000000000000000000000000000003B
S3150101FDC0000000000000000000000000000000002B
S3150101FDD0000000000000000000000000000000001B
S3150101FDE0000000000000000000000000000000000B
S3150101FDF000000000000000000000000000000000FB
S3150101FE0000000000000000000000000000000000EA
S3150101FE1000000000000000000000000000000000DA
S3150101FE2000000000000000000000000000000000CA
S3150101FE3000000000000000000000000000000000BA
S3150101FE4000000000000000000000000000000000AA
S3150101FE50000000000000000000000000000000009A
S3150101FE60000000000000000000000000000000008A
S3150101FE70000000000000000000000000000000007A
S3150101FE80000000000000000000000000000000006A
S3150101FE90000000000000000000000000000000005A
S3150101FEA0000000000000000000000000000000004A
S3150101FEB0000000000000000000000000000000003A
S3150101FEC0000000000000000000000000000000002A
S3150101FED0000000000000000000000000000000001A
S3150101FEE0000000000000000000000000000000000A
S3150101FEF000000000000000000000000000000000FA
S3150101FF0000000000000000000000000000000000E9
S3150101FF1000000000000000000000000000000000D9
S3150101FF2000000000000000000000000000000000C9
S3150101FF3000000000000000000000000000000000B9
S3150101FF4000000000000000000000000000000000A9
S3150101FF500000000000000000000000000000000099
S3150101FF600000000000000000000000000000000089
S3150101FF700000000000000000000000000000000079
S3150101FF800000000000000000000000000000000069
S3150101FF900000000000000000000000000000000059
S3150101FFA00000000000000000000000000000000049
S3150101FFB00000000000000000000000000000000039
S3150101FFC00000000000000000000000000000000029
S3150101FFD00000000000000000000000000000000019
S3150101FFE00000000000000000000000000000000009
S3150101FFF000000000000000000000000000000000F9
S3150102000000330020550C0301590C0301590C03015D
S31501020010590C0301590C0301590C0301590C030133
S31501020020590C0301590C0301590C0301A51880004F
S31501020030590C0301585B030149188000AF10800077
S31501020040590C03019D830201590C0301590C030149
S31501020050590C0301590C0301590C0301590C0301F3
S31501020060590C0301590C0301590C0301590C0301E3
S31501020070590C0301590C0301590C0301590C0301D3
S31501020080590C0301590C0301590C0301590C0301C3
S31501020090590C0301590C0301590C0301590C0301B3
S315010200A0590C0301590C0301590C0301590C0301A3
S315010200B0590C0301590C0301590C0301590C030193
S315010200C0590C0301590C0301590C0301590C030183
S315010200D0590C0301590C0301590C0301590C030173
S315010200E0590C0301590C030105630201E562020180
S315010200F0590C0301590C0301590C0301590C030153
S31501020100590C0301590C0301590C0301590C030142
S31501020110590C0301590C0301590C0301590C030132
S31501020120590C0301590C0301590C0301590C030122
S31501020130590C0301590C0301590C0301590C030112
S31501020140590C0301590C030165A20201590C030161
S31501020150590C0301590C0301590C0301590C0301F2
S31501020160590C0301590C0301150C8000590C0301AA
S31501020170590C0301590C0301590C0301590C0301D2
S31501020180590C0301590C0301590C0301590C0301C2
S31501020190590C0301590C0301590C0301590C0301B2
S30D010201A0590C0301590C03017C
S315010201A8014B1868704700BFF07B00200A4B1B6F92
S315010201B803F00703013B042B04D8DFE803F00B0421
S315010201C807030900FEE7054B18687047044BFBE76E
S315010201D8044BF9E70448704700408040F07B002051
S315010201E8F87B0020EC7B0020002D310108B5FFF7D2
S315010201F8DDFF054B1B6FC3F303330133B0FBF3F08A
S31501020208024B186008BD00BF00408040E87B002011
S3150102021800487047002D3101014B1868704700BF2D
S31501020228F87B0020002070474FF40022074B5A66DC
S31501020238074B9B6813F4E04FC3F3023204D0012A39
S31501020248044818BF00207047034870470050804091
S3150102025800001040005A6202002D3101014B186854
S31501020268704700BFF47B00204FF4004070474FF4FB
S315010202787A70704709B100F00DB822207047012142
S3150102028800F076B9002100F073B909B100F096B908
S315010202982220704770B506460C4600F0E9FB054672
S315010202A81D2E00F25E81DFE816F01E0027005C01B2
S315010202B82A0034003F003001550060005C017900D4
S315010202C8DF007D0095005C015C019900AD005C01CF
S315010202D8B1005C01B5005C014901F3005C010A0148
S315010202E8CF005C014101FFF761FF20600024284627
S315010202F800F0B9FB204670BDFFF778FFF5E79B4B87
S315010203081E6FFFF773FFC6F380260136B0FBF6F0C0
S31501020318EBE7964B1E6FFFF769FFC6F38026013698
S31501020328B0FBF6F04008E0E7904BD3F88060D3F8CB
S315010203388030C6F3011603F00303022B06F1010608
S3150102034800F0DA80032B00F0DA80012B35D1FFF7B2
S315010203582DFFDBE7FFF72AFF844BD3F89030C3F36F
S3150102036804430133B0FBF3F0BFE7804BD3F82031E6
S3150102037803F00703013B052B1FD8DFE813F006003C
S31501020388EC000C0009000600EC00FFF709FFACE7D8
S31501020398FFF74AFFA9E7FFF73BFFA6E7734BD3F837
S315010203A82831E5E7714BD3F8403103F00303022BF9
S315010203B80AD0032B0BD0012B03D00023236002247E
S315010203C895E7FFF751FF90E7FFF748FF8DE7FFF73C
S315010203D84EFF8AE7654BD3F86031E6E7634BD3F8FC
S315010203E8003203F00703013B032BE6D801A252F8B8
S315010203F823F000BF23038000290380002F03800016
S3150102040865038000FFF7F2FE800A6EE7574BD3F8C1
S315010204184032CAE7554BD3F8203203F00703013BB2
S31501020428032BCAD801A252F823F000BF9D0380000C
S31501020438F1028000230380002903800021460A2055
S31501020448FFF728FF044652E7484BD3F8703203F008
S315010204580303012B05D0022BAFD1002323600F24FE
S3150102046845E721460C20EBE7404BD3F8A83203F0C7
S315010204780703013B032BA0D801A252F823F000BFC0
S31501020488EB028000B7048000F7028000F1028000C7
S31501020498364BD3F8AC3203F00703013B032B8CD856
S315010204A801A252F823F000BF19048000F10280006C
S315010204B8230380002903800021460B20C0E72B4B2A
S315010204C8D3F8B062D3F8B03206F03F0603F4E0631C
S315010204D8B3F5407F06F1010614D009D8B3F5807F3A
S315010204E80DD0B3F5007F7FF468AFFFF795FE0DE7F0
S315010204F8B3F5806F7FF461AFFFF796FE06E7FFF764
S315010205084FFE03E7FFF784FE00E7184BD3F8803165
S3150102051803F00303022B3FF43EAF032B3FF438AF3C
S31501020528012B7FF44AAF2146082089E74FF0E023E1
S315010205381B6921465B0795D5012081E70B4BD3F849
S31501020548003103F00303022B3FF43EAF032B05D020
S31501020558012B7FF432AFFFF75FFEC6E6FFF762FEB5
S31501020568C3E6002323602124C1E600BF0040804080
S31501020578E0B1026812F4E07FC2F382130FD0012BB5
S315010205880FD0032B12D10A4B69B103F5805301210E
S3150102059802F03F0201FA02F200201A607047054B87
S315010205A8F2E7054BF0E703F50053F0E70E20704733
S315010205B8B44280406440804068408040B8B10268D5
S315010205C812F4E07FC2F382130DD0012B0DD0032B57
S315010205D80DD1084B1B6802F03F02D34003F0010319
S315010205E800200B707047044BF4E7044BF2E70E2028
S315010205F8704700BFB44280406440804068408040F2
S31501020608F8B5164F05463B78834221D0144B1A6832
S3150102061840F201239A421BD998B10B281AD1114CDF
S315010206286379CBB900F024FA214606460E4800F052
S3150102063857F90446304600F016FA04B93D702046C9
S31501020648F8BD00F015FA0646074800F02DF9F0E75D
S315010206580024F4E72124F2E70E24F0E7EC7C0020DB
S315010206681C540020ED7C0020205400200346064835
S3150102067802689A4203D841680A44934202D3406AFD
S315010206880028F5D1704700BF4C54002038B50546FD
S3150102069800F0E5F94FF400410D4A0E4B9B6E916647
S315010206A802F53C32546803F40043E443012204F0A0
S315010206B8010455B108494A601BB94FF40042074B78
S315010206C89A6600F0C7F9204638BD0549F3E700BF27
S315010206D800508040004080400060834000608040B6
S315010206E800508340B0F5802F24D010D8B0F5003FD2
S315010206F822D006D828B3B0F5803F14BF012048207E
S315010207087047B0F5403F14BF01202C207047B0F561
S31501020718302F13D008D8B0F5E02F11D0B0F5202F1D
S3150102072814BF012010207047B0F57F0F14BF0120B6
S31501020738062070474B2070472A20704711207047C0
S315010207482120704708B54FF0FF31064800F0BFF97E
S3150102075838B94FF48062044B9A66BFF34F8FBFF3E1
S315010207686F8F08BDC8510020005080404FF4806247
S31501020778024B03489A6600F0C8B900BF0060804080
S31501020788C851002070B50446002854D0FFF7DAFF95
S31501020798034698BB94F825602EB1FFF777FF01222D
S315010207A80646264B1A70204600F023F994F824309F
S315010207B84BB94FF085435A6CD202FCD55D6D1B6865
S315010207C805F4702523E04FF08542936D43F0020349
S315010207D8936500F0DFFC022812D1194B4FF0FF3165
S315010207E8186E00F09BFE4FF085439A6D22F00202C5
S315010207F89A6538B11B68FFF7B9FF0123184670BD20
S315010208080020F0E74FF4A0220E4B1D681A6094F8F7
S31501020818253033B116B10120FFF738FF0022074B05
S315010208281A70FFF7A3FF0346002DE7D02846BDE855
S315010208387040FFF757BF2123E0E700BF937A0020F4
S3150102084864510020287C002008B528B128220021FD
S3150102085800F060FC002008BD2120FCE7012310B549
S3150102086880F825300446FFF78DFF002384F82530EA
S3150102087810BD000038B51546044688B182B1094B48
S315010208880360002343600362836000F0A9F82046EF
S31501020898294600F0A5F82046BDE83840FFF7DEBF35
S315010208A8212038BD000062FF13B501A9044600F0F4
S315010208B86BF880B940F20123019A9A420DD96FF475
S315010208C88072A3F56B03134460602062A060236003
S315010208D82046FFF757FF02B010BD0F20FBE70000C5
S315010208E82DE9F74391F800800446A8F10603052B82
S315010208F842D8B1F80150B5F5006F3DD2CF78052F30
S315010209083AD80E79032E37D891F8059019F0FD0FCA
S3150102091832D101A900F038F8E8B940F20122019B67
S3150102092893421BD9164B606023604946A060206238
S31501020938204600F055F8204645EA084100F050F8ED
S315010209483946204600F04CF83146204600F048F870
S315010209582046FFF717FF03B0BDE8F083B3F5007F22
S315010209680CD3084B60604946A0602062236020468A
S3150102097800F036F82946E8E72120ECE70F20EAE7F6
S31501020988000215FF000015FF37B50C4610B309B36F
S3150102099800F065F800230DF1070105460E488DF8AA
S315010209A80730FFF772FC0C48FFF769FC0B4BD3F8CB
S315010209B80C3623609DF8073013B90748FFF762FC26
S315010209C8284600F047F80020236823F07F43236076
S315010209D803B030BD2120FBE7606D0301004087406B
S315010209E8036A042B9FBF00EB83020133D1600362C2
S315010209F87047036A052B16D84FF08542116CC90256
S31501020A08FCD5002105339B00136511600168143B6F
S31501020A1811604168116050F8081F11604FF0854254
S31501020A280344984200D1704750F8041F1160F8E751
S31501020A38836882B013B9816002B0704783680193F3
S31501020A48019B5B68012B019B01D15960F4E75B6845
S31501020A58F5E7000010B962B6BFF36F8F7047EFF37F
S31501020A68108072B6704780F31188BFF36F8F704793
S31501020A78EFF31180302383F311887047EFF3108364
S31501020A88DB0706D4EFF311802F2894BF002001203B
S31501020A98704701207047000070B50546A8B1FFF7F7
S31501020AA8DEFF0646286E00F0BEFC044640B100F0A1
S31501020AB820FC844209BF6C6D0124E44304F001045D
S31501020AC83046FFF7C7FF204670BD0124FBE738B55C
S31501020AD80D460446B8B100F05DFB02280FD1FFF7B7
S31501020AE8CDFF20B12046BDE83840FFF7D5BF2946DC
S31501020AF8206E00F051FC003818BF012038BD0328CA
S31501020B08F0D00020FAE70120F8E710B50446B0B1A3
S31501020B1800F040FB02280ED1FFF7B0FF20B12046B4
S31501020B28BDE81040FFF7B8BF206E00F05AFC003846
S31501020B3818BF012010BD0328F1D00020FAE70120D1
S31501020B48F8E70000012870B504460D4639D81F4B4F
S31501020B585B68C3F30803CBB94FF0FF311C48FFF7B3
S31501020B68B6FF58BB64201B4B1B4E4FF0FF3100FBEF
S31501020B7804303460FFF7ABFF00BB336833B92DB1DC
S31501020B884A2032F091DA0122144B1A72BCB914487E
S31501020B98FFF775FB0D4B5868C0F3080070B1012CBD
S31501020BA811D1104BDA6B12F0430FFBD19B6A142059
S31501020BB813F0240318BF01230B4A136070BD0B48B7
S31501020BC8E6E72120FAE70F20F8E700BF00ED00E08B
S31501020BD8E85400204C55002080540020507C002007
S31501020BE8646D0301004000414C7C0020686D0301DD
S31501020BF8044B5B68C3F3080313B90348FFF785BFC0
S31501020C080020704700ED00E0E854002070B5044664
S31501020C181348FFF741FFD0B926684EB9114D2B7A11
S31501020C281BB14A2032F03EDA2E720F48FFF72AFB31
S31501020C382368012B0BD10D4B5B68C3F3080333B948
S31501020C480B4B1B68112B02D10A48FFF71BFB6420C9
S31501020C582268094BBDE8704000FB0230FFF755BF19
S31501020C68E8540020507C0020646D030100ED00E089
S31501020C784C7C0020686D03014C5500200A4B1A680A
S31501020C880123934018400ED0084B5B68C3F308034F
S31501020C983BB1074AD36B13F0430FFBD1012000F096
S31501020CA83BB81046FBE770478054002000ED00E090
S31501020CB80040004108B54FF082439A6A12F0340F98
S31501020CC81CBF34221A63074B1B7A53B100F062FA2E
S31501020CD80238012805D8044B186EBDE8084000F011
S31501020CE84BBC08BD507C00208454002008B5084B33
S31501020CF81B7A5BB100F04EFA022807D1054B4FF079
S31501020D08FF31186EBDE8084000F008BC08BD00BFF7
S31501020D18507C00208454002001280BD8074B5B68BD
S31501020D28C3F3080343B90C22054B06481B6802FBA9
S31501020D3803007047002070470348704700ED00E042
S31501020D4880540020507C00205C7C00204368BFF35D
S31501020D584F8F5858BFF34F8F70474368BFF34F8F72
S31501020D685A50BFF34F8F70474368BFF34F8F5A509C
S31501020D78BFF34F8F704770477047084670477047F1
S31501020D88704700000122024BC3F8FC2F704700BFCF
S31501020D9800F0FFFF53B94AB9002908BF00281CBF52
S31501020DA84FF0FF314FF0FF3000F0B2B9ADF1080C48
S31501020DB86DE904CE00F006F8DDF804E0DDE9022368
S31501020DC804B070472DE9F04F8C46099E04460F463A
S31501020DD8002B48D18A4215465ED9B2FA82F33BB153
S31501020DE8C3F120029F409D409C4020FA02F217431C
S31501020DF84FEA154E1FFA85FC220CB7FBFEF10EFBD4
S31501020E08117701FB0CF042EA0742904207D9AA1868
S31501020E1801F1FF3702D2904200F258813946121A7D
S31501020E28A4B2B2FBFEF00EFB102200FB0CFC44EA54
S31501020E380244A4450BD92C1900F1FF322CBF012714
S31501020E480027A44502D9002F00F04381104640EA43
S31501020E580140A4EB0C0400211EB1DC400023C6E9C3
S31501020E680043BDE8F08F8B4206D90EB1C6E90001EF
S31501020E7800210846BDE8F08FB3FA83F1002951D162
S31501020E886345C0F01681824240F213810846002E5C
S31501020E98E7D0C6E90047E4E7002A00F0AF80B2FAD4
S31501020EA882F3002B40F0C2808A1A4FEA154EAFB27E
S31501020EB80121200CB2FBFEFC0EFB1C2240EA024277
S31501020EC807FB0CF090420ED9AA180CF1FF382CBF79
S31501020ED84FF001094FF00009904203D9B9F1000F09
S31501020EE800F0F080C446121AA4B2B2FBFEF00EFB61
S31501020EF8102200FB07F744EA0244A7420ED92C192D
S31501020F0800F1FF322CBF4FF0010E4FF0000EA7423F
S31501020F1803D9BEF1000F00F0D2801046E41B40EA65
S31501020F280C4099E7C1F120058B400CFA01F400FA4D
S31501020F3801F922FA05F72CFA05FC8A401F4320FA21
S31501020F4805F3380C23431FFA87FE1C0CBCFBF0F889
S31501020F5800FB18CC44EA0C4408FB0EFCA4450ED946
S31501020F683C1908F1FF3A2CBF4FF0010B4FF0000B69
S31501020F78A44503D9BBF1000F00F0B880D046A4EB13
S31501020F880C041FFA83FCB4FBF0F300FB134403FBC6
S31501020F980EFE4CEA0444A6450ED93C1903F1FF306C
S31501020FA82CBF4FF0010C4FF0000CA64503D9BCF13A
S31501020FB8000F00F09F80034643EA0840A4EB0E04A3
S31501020FC8A0FB02EC64457346E04602D307D1F1451C
S31501020FD805D2BEEB02036CEB070C0138E0465EB1A3
S31501020FE8B9EB030264EB080404FA05F522FA01F3E4
S31501020FF8CC401D43C6E90054002132E742082F4678
S315010210084B08AC4642EAC172AE46C407110C92B20B
S3150102101841EA034142EA0142B1FBF5F1B3FBF5F0BC
S315010210281F23A2EB0C0241EA004142E79D40C3F1AC
S31501021038200299409C402CFA02FC4FEA154E20FAEE
S3150102104802F2AFB2BCFBFEF80A430EFB18CC110C36
S3150102105841EA0C4108FB07FC8C4550D9691808F18D
S31501021068FF302CBF4FF001094FF000098C4502D918
S31501021078B9F1000F30D0A1EB0C01B1FBFEF808FB68
S3150102108807FC0EFB181192B242EA0142624534D2BA
S31501021098AA1808F1FF312CBF4FF001094FF00009D8
S315010210A86245BED2B9F1000FBBD1A8F102012A44A9
S315010210B8B7E7841A6CEB030201201746E7E62C44CC
S315010210C802382BE7ACF1020C2A440CE702392A440E
S315010210D8A5E62C440238BAE6A5EB0C0CA8F10200E7
S315010210E86144B1FBFEF808FB07FCCAE7A8F102084E
S315010210F83C4444E7023B3C445EE7414691E7A1EBA7
S315010211080C014046B1FBFEF808FB07FCB9E700BF34
S31501021118704700BF02440346934200D1704703F861
S31501021128011BF9E710B5EFF3058414B10124204632
S3150102113810BD01F0A3FC0128F9D0EFF31083002BAF
S31501021148F4D1EFF31184003C18BF0124EFE708B587
S315010211584FF0E0231B6901F091FC012803D0BDE899
S31501021168084000F061BB08BD08B5FFF7DBFF48B9C7
S3150102117801F084FC0128034607D1054A106820B903
S31501021188136008BD6FF00500FBE74FF0FF30F8E783
S31501021198FC3B002008B501F071FC38B1022804D0E5
S315010211A8034B1868431E5842584108BD0320FCE701
S315010211B8FC3B002010B5FFF7B5FF044668B901F0FC
S315010211C85DFC01280CD1084B1A68012A08D10222B2
S315010211D81A6001F0CDF9204610BD6FF00500FBE754
S315010211E84FF0FF30F8E700BFFC3B002010B5FFF7D0
S315010211F899FF044640B901F041FC40B1022808D1E1
S3150102120801F0F8F9204610BD6FF00500FBE7012051
S31501021218F9E74FF0FF30F6E710B50446FFF782FF0C
S31501021228B0B901F02BFC30F0020314D1012C03D121
S3150102123801F0E0F9204610BD6CB901F0A5FA0128C2
S31501021248F8D001F01BFC841E18BF4FF0FF34F1E7FA
S315010212586FF00504EEE74FF0FF34EBE70023F0B534
S3150102126887B006460F4614460593FFF75BFF18BB80
S3150102127816B364B3A56925B16B1E372B02D907B01C
S31501021288F0BD18256368DB0731D46369B3B19A08DF
S315010212982168D4E902C0BCF1000F11D05F280BD92D
S315010212A8206948B143B1013DCDE9010C3B463046BF
S315010212B8009501F0A2F805900598E0E7A022E7E774
S315010212C80028F9D12369002BF6D10C4601E018252D
S315010212D8A02205AB013D019321463B4630460095C6
S315010212E801F05DF801281CBF00230593E4E70020FD
S315010212F8C5E701F0B7BB38B50546FFF713FF044644
S3150102130850B965B1284601F0F1F804280AD02846F1
S3150102131801F0A0F8204638BD6FF00500FBE76FF033
S315010213280300F8E76FF00200F5E770B50546FFF727
S31501021338F9FE10B10024204670BD1DB36E6833074D
S31501021348F8D4D5E9021306F0010691B14F2BF1D96A
S31501021358B6B1042000F0A5FE04460028EAD02968A1
S3150102136811B1204600F09CFD002EE4D044F00104A0
S31501021378E1E7002BDED12EB1042000F054FEEBE7A3
S315010213880120E7E7012000F04EFE04460028D1D0ED
S31501021398002DD0D00026E2E7F8B505460C4620F026
S315010213A8010600F00107FFF7BDFEA0B9012D15D907
S315010213B82146304667B100F049FD012801D10020D6
S315010213C8F8BD002C14BF6FF001006FF00200F7E7B9
S315010213D800F0A9FCF1E76FF00500F1E76FF00300F1
S315010213E8EEE770B5044620F0010500F00106FFF7A5
S315010213F899FE90B9012C13D946B1284600F03AFD57
S3150102140801280CBF00206FF0020070BD3346324638
S315010214183146284600F044FBF2E76FF00500F4E78F
S315010214286FF00300F1E7012810B50ED920F0010487
S31501021438FFF778FE20B12046BDE8104000F000BD56
S315010214482046BDE8104000F0EEBC002010BD70B584
S31501021458054620F00106FFF765FE044648B9012D47
S315010214680AD9304600F03AFD304600F04FFD2046D3
S3150102147870BD6FF00500FBE76FF00300F8E773B57F
S3150102148804460E461546FFF74DFE40B93CB1B44235
S3150102149805D355B1D5E902322BB14F2A25D80024F5
S315010214A8204602B070BD002AF9D1012C08D0204687
S315010214B8314600F0C3FD04460028F0D075B9EFE7BE
S315010214C803220021012000F084FD17E020461A4676
S315010214D8314600F0F4FD04460028E0D029680029C7
S315010214E8DED0204600F0DCFCDAE7012CEED103223D
S315010214F8014600920246204600F0AEFD0446002847
S31501021508CDD0002EDAD000231A46194600F0C8FAC1
S315010215180128D3D0204600F0F9FCC0E737B50C46BE
S31501021528054618B96FF0030003B030BDFFF7FAFD9F
S31501021538B8B1002CF6D12146284601AA019400F039
S31501021548BEFB012802D06FF00200EDE7019B0BB941
S315010215580020E9E74FF0E0234FF08052C3F8042D4B
S31501021568F6E72146284600F0DEFB0128F0D0002CDA
S31501021578E9D06FF00100D7E713B5044608B3FFF7C0
S31501021588D1FD0346A8B10023204601A9019300F023
S3150102159868FB012803D06FF0020002B010BD019B5F
S315010215A82BB14FF0E0234FF08052C3F8042D0020EF
S315010215B8F3E702460146204600F072FA0128F6D000
S315010215C8E9E76FF00300E8E738B50546FFF7AAFD34
S315010215D8044640B955B1284600F080FC284600F079
S315010215E895FC204638BD6FF00500FBE76FF0030056
S315010215F8F8E70000034B0360034B0B60A02313605B
S31501021608704700BF9C3B00201C390020034B036036
S31501021618034B0B60A0231360704700BFBC38002040
S315010216283C3600204FF0FF3200F10803C0E90223DD
S315010216384360036100230360704700230361704717
S3150102164830B50C68631C0AD103695A684A6091600D
S315010216588B605960036808610133036030BD00F18C
S315010216680802134652681568A542FAD9EDE7436896
S315010216789A684B608A605160996003680861013310
S31501021688036070470369D0E901128A60516059689B
S31501021698814208BF5A60002202611868013818603F
S315010216A87047000010B54FF0807440E90224184AC9
S315010216B84FF0123440F80C2C4FF003324FF0023C33
S315010216C840E905244FF0013240F8203C40E9072C55
S315010216D84FF010334FF011324FF0093440E90A3214
S315010216E84FF008334FF0073C40E90C344FF006330C
S315010216F84FF0053240E90E3C4FF0043340E910320F
S315010217086FF0430340F8443C40F8481D10BD00BF42
S31501021718C93102014FF0E0220423136100234FF479
S315010217287A719361044B1B68B3FBF1F3013B536175
S3150102173807231361704700BFE87B0020002313B516
S315010217484FF07F4201934FF0E023C3F81C2DD3F8E3
S315010217581C3D1B0E8DF803309DF803309DF80330AE
S315010217689DF8033013F0800F019B29D1082B0CBF7A
S315010217780023019B174A18BFC3F107031B0203F48F
S31501021788E06313604FF0E0230024D3F8202D42F4DE
S315010217987F02C3F8202DD3F8202D42F07F42C3F8E9
S315010217A8202DC3F81C4DFFF7B5FF0B4B1C6000F04B
S315010217B879F801F011F921F057DD204602B010BD82
S315010217C8013301939DF803305B00DBB28DF80330D8
S315010217D8C6E700BF003C0020D47B00204FF0E0237F
S315010217E84FF08052C3F8042DBFF34F8FBFF36F8FAB
S315010217F87047000008B500F065F8044A136801331A
S315010218081360BFF34F8FBFF36F8F08BDD47B0020E0
S31501021818044B1A681A68013A1A60186808B900F07E
S315010218285CB87047D47B002010B500F04BF804462B
S3150102183800F0F4FE28B14FF0E0234FF08052C3F8CE
S31501021848042D2046BDE8104000F047B8836913F815
S31501021858023C662B0FD14FF0E023D3F8882D42F4D0
S315010218687002C3F8882DD3F8342F42F04042C3F8E8
S31501021878342F00F001B87047094A1168086806C88A
S3150102188881F30B88022181F31488203080F30988B9
S31501021898BFF36F8F4FF0000080F3118810470000E5
S315010218A85041002006480068006880F3088862B63D
S315010218B861B6BFF34F8FBFF36F8F66DF00BF0000BC
S315010218C808ED00E0EFF311804FF0300181F3118842
S315010218D8BFF34F8FBFF36F8F704780F31188BFF342
S315010218E84F8FBFF36F8F7047EFF309801EF0100F0A
S315010218F808BF20ED108AEFF30B82734620E9FC0F2D
S315010219080F4A116808604FF0300080F31188BFF35F
S315010219184F8FBFF36F8F01F05FF84FF0000080F32E
S315010219281188074A11680868B0E8FC0F13F0100F0E
S3150102193808BFB0EC108A82F30B8880F3098818472E
S31501021948504100201EF0040F0CBFEFF30880EFF39D
S315010219580980014908470000AD17800010B5044601
S3150102196800F048FE204631F0DFDC044600F00CFFA9
S31501021978204610BD10B5044640B100F03BFE204694
S3150102198833F0A7DEBDE8104000F0FEBE10BD70B50B
S315010219980446FFF72FFF94F8455004F124066DB269
S315010219A8002D01DD636AB3B9FF2384F84530FFF7D9
S315010219B82FFFFFF71FFF94F8445004F110066DB28A
S315010219C8002D01DD23697BB9FF2384F84430BDE884
S315010219D87040FFF71DBF304600F0A4FF08B101F0C1
S315010219E847F8013D6DB2DBE7304600F09BFF08B1CF
S315010219F801F03EF8013D6DB2E2E710B50446FFF784
S31501021A08F9FEA46BFFF704FFB4FA84F0400910BD8E
S31501021A1870B51646026C0446856B42B906689EB9CC
S31501021A28806801F081F8A6600135A56370BD6EB9BB
S31501021A38406832F06DDD6368226C1344A268636004
S31501021A48934224BF236863600020EDE7C06832F041
S31501021A585FDD226CE36851429B1A2268E360934276
S31501021A683EBFA3685B18E360022EEDD10DB1013DBD
S31501021A78EAE72846D8E703461A6C084610B462B163
S31501021A88DC68A1189C68D960A14228BF19685DF86B
S31501021A98044B28BFD96032F03B9D5DF8044B704771
S31501021AA82DE9FF41002704460E461D460192B84616
S31501021AB800F0E4FFFFF79EFEA26BE36B9A4213D294
S31501021AC82A4631462046FFF7A3FF636A1BB104F192
S31501021AD8240000F027FF08B1FFF780FEFFF798FE02
S31501021AE8012004B0BDE8F081022DE9D0019B1BB9A2
S31501021AF8FFF78EFE0020F4E717B902A801F092F863
S31501021B08FFF786FE00F076FDFFF774FE94F844307F
S31501021B18FF2B08BF84F8448094F84530FF2B08BF91
S31501021B2884F84580FFF774FE01A902A801F086F838
S31501021B38F0B9FFF75FFEA26BE36B9A420FD1FFF78B
S31501021B4867FE019904F1100000F0BAFE2046FFF77C
S31501021B581EFF00F019FE48B9FFF740FE06E0FFF73F
S31501021B6857FE2046FFF713FF00F00EFE0127A1E7F5
S31501021B782046FFF70CFF00F007FEBBE738B100234A
S31501021B881A46194683600360C360FFF789BF704727
S31501021B982DE9FF41002704460E460192B84600F098
S31501021BA86DFFFFF727FEA56BA5B131462046FFF764
S31501021BB862FF2369013DA56333B104F1100000F008
S31501021BC8B1FE08B1FFF70AFEFFF722FE012004B0B3
S31501021BD8BDE8F081019B1BB9FFF71AFE0020F6E763
S31501021BE817B902A801F01EF8FFF712FE00F002FD6E
S31501021BF8FFF700FE94F84430FF2B08BF84F84480AF
S31501021C0894F84530FF2B08BF84F84580FFF700FE9C
S31501021C1801A902A801F012F8C0B92046FFF7EDFEA4
S31501021C2870B1019904F1240000F04AFE2046FFF73B
S31501021C38AEFE00F0A9FD08B9FFF7D0FD0127B0E70E
S31501021C482046FFF7A4FE00F09FFDF7E72046FFF7BF
S31501021C589EFE00F099FD2046FFF7CFFE0028EDD043
S31501021C68BCE7F8B504460E4621F00EDBFFF72AFE5D
S31501021C78A36BE26B07469A421FD994F845200133B2
S31501021C88FF2A55B2A3630FD1636A3BB104F124005B
S31501021C9800F048FE10B10EB1012333600124384623
S31501021CA8FFF71BFE2046F8BD00F0B2FC8542F5D2CD
S31501021CB801356DB284F84550F0E70024EFE72DE9C6
S31501021CC8F84304468946904621F0DEDAFFF7FAFD23
S31501021CD8A66B0746C6B194F84450494620466DB2EA
S31501021CE8FFF7C9FE013E6B1CA66313D1236953B1E3
S31501021CF804F1100000F016FE28B1B8F1000F02D067
S31501021D080123C8F8003001263846FFF7E6FD3046BA
S31501021D18BDE8F88300F07CFC8542F4D201356DB248
S31501021D2884F84450EFE7F0B5002585B004460191E1
S31501021D382E4600F0A3FE2F46FFF75CFDA36BA3B167
S31501021D48013BA363236813B900F062FFA06023690C
S31501021D5833B104F1100000F0E5FD08B1FFF73EFDCD
S31501021D68FFF756FD012005B0F0BD019B1BB9FFF730
S31501021D784FFD0020F7E716B902A800F053FFFFF757
S31501021D8847FD00F037FCFFF735FD94F84430FF2B89
S31501021D9808BF84F8447094F84530FF2B08BF84F8CD
S31501021DA84570FFF735FD01A902A800F047FF10BBF0
S31501021DB82046FFF722FEC0B123683BB9FFF71AFD99
S31501021DC8A06800F06BFE0546FFF722FD019904F1B2
S31501021DD8240000F075FD2046FFF7D9FD00F0D4FC7A
S31501021DE808B9FFF7FBFC0126A6E72046FFF7CFFD58
S31501021DF800F0CAFCF7E72046FFF7C9FD00F0C4FC6C
S31501021E082046FFF7FAFD0028EDD0002DB1D0FFF7E5
S31501021E18F1FC616A19B1236B1968C1F13801A0682D
S31501021E2800F0B8FEA3E710B50446FFF7E3FC236802
S31501021E3823B9A468FFF7ECFC204610BD0024F9E794
S31501021E4803680BB9806870470020704770B58668C9
S31501021E5804460D4600F006FE864204D1E3680120D7
S31501021E680133E36005E029462046FFF75CFF0028B7
S31501021E78F4D170BD38B58568044600F0F3FD854294
S31501021E880BD1E368013BE3600BB1012038BD1A4669
S31501021E9819462046FFF704FEF7E70020F6E7000099
S31501021EA870B5B9B100230C4A1C46154656688642D6
S31501021EB804D105EBC403C3E900100BE01BB916688C
S31501021EC8002E08BF134601340A2C02F10802EDD18D
S31501021ED8002BF0D170BD00BF043C0020002310B5D1
S31501021EE8084A52F83310DC00814206D10021064A1B
S31501021EF842F833102244516010BD01330A2BF0D146
S31501021F08FAE700BF083C0020043C002010B5FFF7A1
S31501021F18E5FF90F846301BB9BDE81040FFF72ABD28
S31501021F2810BD70B504460D461646FFF763FC94F8D4
S31501021F384430FF2B04BF002384F8443094F845301B
S31501021F48FF2B04BF002384F84530FFF761FCA36B1E
S31501021F582BB93246294604F1240000F0C1FC204679
S31501021F68BDE87040FFF713BD70B50E46044610B3BF
S31501021F78C06B00B3236CA3FB0035DDB9FFF73AFC4E
S31501021F88D4E90F314B432268A563D0185B1A626004
S31501021F981A44FF23A06084F84430E26084F845308D
S31501021FA856B104F11000FFF73DFB04F12400FFF7D7
S31501021FB839FB0AE0002070BD236933B104F1100030
S31501021FC800F0B0FC08B1FFF709FCFFF721FC01207C
S31501021FD8F1E72DE9F0410D461746064618B90024E0
S31501021FE82046BDE8F081A1FB0038B8F1000FF6D111
S31501021FF8484310F1510FF2D85030FFF7AFFC0446AF
S315010220080028ECD080F846805DB100F15003012129
S315010220182046C4E90F652360FFF7A6FF84F84C70D2
S31501022028DEE70346F3E7024610B500210120FFF772
S31501022038D0FF0446FFF7A2FD204610BD10B50C4697
S3150102204840B1884206D302220021FFF7C2FF00B13E
S31501022058846310BD0020FCE737B50D461C46E0B186
S3150102206813B122B121B90C46204603B030BDB1B92C
S3150102207850230121002D08BF22460193C4E90F0509
S3150102208884F8461020462260019B019BFFF76CFFEC
S315010220989DF8183084F84C30E6E70446E4E714461E
S315010220A8E2E7002213B50B46009011460120FFF71D
S315010220B8D3FF0446FFF762FD204602B010BD37B5CD
S315010220C813460D4658B1884209D3022200920022CC
S315010220D81146FFF7C1FF00B1856303B030BD002089
S315010220E8FBE710B590F85D3004463BB9006BFFF784
S315010220F841FC2046BDE81040FFF73CBC012BF9D054
S3150102210810BD000000222DE9F84306461E4B1F4C5E
S315010221181D681F4B0F46D3F800801E4BD3F800905B
S315010221282368206883F85E200430FFF7ABFA731C34
S3150102213814D19FB1184B21685A688A609068216840
S31501022148C8602168043141602168043191602268BE
S3150102215853611A6801321A60BDE8F8832368216857
S31501022168AD195D6001F1040104D34846BDE8F8439F
S31501022178FFF766BA4046FFF763FA084B1A68AA429E
S3150102218888BF1D60E8E700BF783C00205041002067
S31501022198C43C0020C03C0020803C00205C3C00205E
S315010221A8064A13681968064B19B94FF0FF321A60C5
S315010221B870471268D2681268F9E700BFC43C00206A
S315010221C85C3C0020F8B50C4C0C4F0D4D236803B945
S315010221D8F8BDFFF70FFBFB68DE68301DFFF752FA01
S315010221E82B68013B2B602368013B2360FFF710FB39
S315010221F83046FFF776FFE9E7943C0020983C002039
S315010222087C3C00202DE9F0410446FFF7F3FA304BF6
S31501022218304E1A68304F01321A603568002D4AD19C
S3150102222834601B68012B1FD1B84640460135FFF7BA
S31501022238F9F9382D08F11408F7D1DFF8C480274DCA
S315010222484046FFF7EFF92846FFF7ECF92448FFF76E
S31501022258E9F92448FFF7E6F92348FFF7E3F9234B9F
S31501022268C3F80080224B1D60224A201D13680133E0
S315010222781360214A23641168E36A8B4288BF13609B
S3150102228814225343F9184A689568A260E5606860A2
S315010222989060FA5861610132FA50FFF7B9FA174BA1
S315010222A81B689BB13368DA6AE36A9A420ED2BDE8C1
S315010222B8F041FFF793BA114B1B68002BD4D133684F
S315010222C8DA6AE36A9A4298BF3460CDE7BDE8F081DB
S315010222D87C3C002050410020F03C0020C83C0020F4
S315010222E8AC3C0020983C0020803C0020C43C0020E5
S315010222F8C03C0020603C0020743C0020703C002059
S31501022308DC3C002008B5044CFFF75CFF2368012B6F
S31501022318FAD9FFF763FAF7E7F03C00202DE9F8430B
S315010223280D46DDE90994960032460746A521206B3A
S315010223389846FEF7EFFE236B043E1E4426F0070677
S315010223486DB16B1E04F13302093513F8011F02F848
S31501022358011F09B1AB42F8D1002384F83D30089D2B
S31501022368201D372D28BF3725E562A564FFF765F9D4
S31501022378C5F1380504F11800FFF75FF943463A46F5
S315010223883046216B2461A5616462FFF78BF92060EF
S31501022398B9F1000F01D0C9F80040BDE8F8832DE96B
S315010223A8F043074685B09000884616469946FFF7D8
S315010223B8D5FA0546F0B16020FFF7D0FA0446B0B166
S315010223C860220021FEF7A6FE0D9B256301930C9B55
S315010223D8324641463846009302944B46FFF79EFF22
S315010223E82046FFF70FFF012005B0BDE8F083284616
S315010223F8FFF7C0FA4FF0FF30F6E72DE9F04317462B
S3150102240860220E46002187B005929846DDE90F94AF
S31501022418059B0546059B0491C4B1B9F1000F15D078
S315010224282046FEF777FE022384F85D3004ABC4F832
S31501022438309001930E9B284600933A46434631460D
S315010224480294FFF76BFF2046FFF7DCFE049807B0FC
S31501022458BDE8F083F8B504461D4DFFF7CBF904B97B
S315010224682C68271D3846FFF70DF9A36A1BB104F13B
S315010224781800FFF707F9174A174E13680133136055
S315010224882B683268B2B1A34214D139461348FFF711
S31501022498EEF8134A136801331360FFF7B9F9336883
S315010224A8A3B12B68A34211D10E4B1B68BDE8F840B4
S315010224B8FFF794B90C4A1368013B1360FFF770FEE4
S315010224C8FFF7A6F92046FFF70CFEE8E7F8BD00BFBD
S315010224D850410020603C0020703C0020983C0020BE
S315010224E8943C0020543C00207C3C00201A4B2DE9E8
S315010224F8F0411B680446834226D0FFF77BF9174B46
S31501022508D4F828801F68164B65691E68FFF780F99B
S31501022518144B98451AD0BD421AD0B54218D0124B5F
S315010225289D4209D1A36A9BB994F85C30012B0CBF71
S3150102253802200320BDE8F0810C4B9D420AD0002DF2
S315010225480CBF04200120F5E70020F3E70120F1E79B
S315010225580220EFE70420EDE750410020C43C0020A9
S31501022568C03C0020AC3C0020803C0020983C002066
S3150102257830B5194A8BB007AB12F8014B03F8014B78
S31501022588002CF9D106AA05A904A8CDE90444FFF746
S3150102259831F8049B069A0293059B1048CDE900433C
S315010225A807A92346FFF729FF0D4B186080B100F0F2
S315010225B8CBFC012805460BD1FFF784F94FF0FF3210
S315010225C8084B1A60084B1D60084B1C60FFF7B6F8EA
S315010225D8074B1B680BB030BDB95B0301652280004E
S315010225E8583C00205C3C0020703C0020783C0020CE
S315010225F88C680301024A136801331360704700BFEE
S31501022608543C0020014B1868704700BF783C0020F3
S31501022618014B1868704700BF7C3C00202DE9F84F32
S315010226284E4B1B68002B40F093804D4B1C680134BE
S315010226381C6064B94B4B1A684B4A196810681860D2
S3150102264811604A4A136801331360FFF7A9FD484D21
S3150102265800222B684749A342DFF824B109D8174655
S31501022668DFF820C13F4B1B681B689BB94FF0FF334C
S315010226782B604148DBF8003004681420DB6A4343C7
S31501022688C858012898BF002C14BF01200020104306
S31501022698BDE8F88F334B1B68DB68DB6858688442F0
S315010226A801D22860E5E7D3F81480D3E90209C0F814
S315010226B80890C9F80400D8F8040003F1040E70451D
S315010226C8D8F8000008BFC8F8049001385F61C8F855
S315010226D80000D3F82880B8F1000F13D0D3E907090F
S315010226E8C0F80890C9F80400D8F8040003F1180ADA
S315010226F85045D8F8000008BFC8F8049001389F620F
S31501022708C8F800001426D86ADCF80080404506FBA2
S3150102271800F801EB080ADAF8049088BFCCF8000041
S31501022728D9F80860C3F80890DE60C6F804E0C9F86B
S3150102273808E0C3F814A051F80830013341F808300B
S31501022748DBF80030DB6A984288BF42F0010289E76A
S315010227580A4A002013680133136099E7543C0020A2
S31501022768783C0020C43C0020C03C0020643C002088
S315010227785C3C0020F03C0020683C00206C3C0020B8
S3150102278850410020743C00202DE9F84FFFF732F83A
S31501022798434B1A681A68013A1A601B682BB100245E
S315010227A8FFF736F82046BDE8F88F3E4A1268002A36
S315010227B8F5D014264FF0010C3B483C4C3C4A3D4FA0
S315010227C83D4D51E0C368DB68D3F828E0D3E9071821
S315010227D8C1F80880C8F80410DEF8041003F11809D4
S315010227E849454FF0000108BFCEF804809962DEF828
S315010227F800100139CEF80010D3F814E0D3E9021813
S31501022808C1F80880C8F80410DEF8041003F10409B7
S315010228184945DEF8001008BFCEF804800139CEF822
S315010228280010D3F82CE0216806FB0EF802EB080A21
S315010228388E45DAF8041088BFC4F800E0D1F808B06A
S315010228489960C3F80CB0CBF80490C1F8089052F815
S315010228580810C3F814A0013142F808103968C96A88
S315010228688E4501D9C5F800C001680029AAD10BB164
S31501022878FFF796FC114D2C6844B101270E4EFFF75E
S31501022888CDFE00B13760013CF9D12C600A4B1B68B9
S31501022898002B84D0074B01241B68FEF79FFF7FE7B5
S315010228A8543C00207C3C0020AC3C0020743C0020B7
S315010228B8F03C002050410020683C00206C3C00207E
S315010228C810B50C46054B19681831FEF7B9FE2046B4
S315010228D8BDE810400121FFF715BC00BF5041002099
S315010228E80F4B70B444681D68A668EC611D68002A1E
S315010228F82E621D6805F1180575601D681B6805F1CC
S315010229081805A5609862036870BC03F101030360A8
S315010229180CBF08464FF0FF301146FFF7F3BB00BF65
S3150102292850410020C368F0B5DB689A6AD3E907010A
S3150102293881604860506803F11804A04208BF5160DB
S31501022948002199621168013911601D4AD96A126812
S31501022958002A29D1D3E902405A69A0604460546821
S315010229681D1DAC4208BF5060106801381060154A37
S315010229781068814288BF116014224A431248861898
S315010229887468A7689C60DF607D60A5605E61835894
S31501022998013383500D4B1B68DB6A994285BF0120BF
S315010229A80B4B00201860F0BD0A4A50688568D86149
S315010229B81D626C6084609A62136801331360E9E7E9
S315010229C8543C0020743C0020F03C00205041002079
S315010229D8683C0020AC3C0020F8B51D4B1A681D4B1B
S315010229E812B101221A60F8BD1B4C1A6023681B6BCF
S315010229F81A68B2F1A53F0BD15A68B2F1A53F07D1C0
S31501022A089A68B2F1A53F03D1DB68B3F1A53F04D0B9
S31501022A182168206834312AF007DF14270F4E104D3A
S31501022A28316807FB01F3EA58581972B1426808334B
S31501022A3852682B449A42426008BFC268D36808BFEB
S31501022A484260236031602368CDE70139E9E700BFB7
S31501022A58543C0020683C002050410020743C002070
S31501022A68F03C0020014B1868704700BF5041002016
S31501022A780122014B1A607047683C0020054B1B680E
S31501022A8833B1054B1868B0FA80F040094000704727
S31501022A9801207047703C0020543C0020F8B50446DA
S31501022AA800282ED01D4DC36A2A68D26A93422DD2B6
S31501022AB882691B4E002AA1BF2A68D26AC2F138026C
S31501022AC88261142202FB036342699A421AD1071DE3
S31501022AD83846FEF7D7FD2B68124ADB6A1168E362AC
S31501022AE88B4288BF136014225343F1184A689068CF
S31501022AF8A260E06047609760F25861610132F25064
S31501022B080120F8BD2B68DB6AC362F9E72B68806C82
S31501022B18DB6A98422CBF00200120F2E750410020CF
S31501022B28F03C0020743C002070B5044608B9002028
S31501022B3870BD154BC16A1B68826CC36C914203F165
S31501022B48FF33C364F3D0002BF1D1051D2846FEF7E6
S31501022B5899FDA36CC3F13802A2610C4AE3621168BA
S31501022B688B424FF0140188BF13604B43084AD018B1
S31501022B7841688E68A160E66075608D60D1586061B2
S31501022B8801310120D150D3E750410020743C002085
S31501022B98F03C002070B50446002831D0836C994276
S31501022BA838BF1946C36A8B422AD0C26C012A27D179
S31501022BB8144A154D12688269C162002A4FF014023D
S31501022BC802FB03534269A4BFC1F1380181619A42EA
S31501022BD816D1061D3046FEF755FD0C4AE36A116801
S31501022BE88B4288BF136014225343E9184A689068D6
S31501022BF8A260E06046609660EA5861610132EA5075
S31501022C0870BD00BF50410020F03C0020743C0020FA
S31501022C18034B186810B1C36C0133C364704700BF14
S31501022C2850410020034B1B680360034B1B6843603A
S31501022C38704700BF643C0020783C002070B50D4601
S31501022C480446FEF7D7FD144B1968144B1A6892F815
S31501022C585E2042B100221B6883F85E200124FEF73A
S31501022C68D7FD204670BD2B685A1C13D00C4826681E
S31501022C7800686268864204D08A4202D800232B6021
S31501022C88ECE7881A8342F9D95B1A134420462B606A
S31501022C98FFF7C8FF0024E2E7783C002050410020F4
S31501022CA8643C0020914208B5416000610AD8D21AF3
S31501022CB883699A420DD2084B011D1868FEF7C0FCBA
S31501022CC8002008BD9A4201D2994202D2034B011D44
S31501022CD8F3E70120F5E700BFB0410020B441002027
S31501022CE870B504460D461646A1692B46324620465C
S31501022CF82944FFF7D7FF00B970BDA36920461D44D1
S31501022D08236A9847F0E700000E4B70B51B68054623
S31501022D18DB680E46DC68201DFEF7B4FC94F8283001
S31501022D285A0709D5324629462046FFF7D9FF2046D2
S31501022D38236ABDE87040184723F0010384F8283056
S31501022D48F5E700BFB441002010B5084C23681A689C
S31501022D5822B9074A11681360216010BDDB684FF07A
S31501022D68FF311868FFF7D0FFF0E700BFB441002032
S31501022D78B0410020F7B5114CFEF73CFD2568BDB9F7
S31501022D880F4F104E3846FEF74DFC3046FEF74AFC09
S31501022D980D4B10211F600D4B0A201E600C4A0D4B6C
S31501022DA80095FFF759F9206010B10B49FFF778F83A
S31501022DB803B0BDE8F040FEF72BBD00BFAC410020D1
S31501022DC8CC410020B8410020B4410020B041002086
S31501022DD8EA59002058410020BE5B03012DE9FF4153
S31501022DE8554E564B1B681F680FB30025DB681F68D3
S31501022DF8FFF700FCFFF706FC336804469842DFF842
S31501022E08448116D33060002D40D04D4B1B681D6896
S31501022E18B5FA85F56D092A46D8F80000391BFFF778
S31501022E2880F8FFF7B1FC48B9FEF7D8FC06E00125A0
S31501022E38DEE7FFF789FF3460FFF7A6FC10220021BF
S31501022E486846FEF767F900226946D8F80000FEF7D8
S31501022E589FFE0028C5D0009B0298002B1FDB029C0F
S31501022E6863691BBBFFF7CEFB33680546984201D25D
S31501022E78FFF76AFF009B3560013B082BE3D8DFE8C1
S31501022E8803F019193C435219193C43008742C2D827
S31501022E98FFF77AFC21463846FFF736FFCEE7019B54
S31501022EA803999847009B002BCDDBD8E7201DFEF737
S31501022EB8E9FBD7E794F82830A16943F0010384F8BE
S31501022EC82830019B2A4620461944FFF7EBFE0028C3
S31501022ED8B9D094F8283059070AD5A36901992A461F
S31501022EE820461944FFF7FCFE2046236A9847AAE7BB
S31501022EF823F0010384F82830F6E794F8283023F002
S31501022F08010384F828309EE794F82830019943F0A2
S31501022F18010384F82830A1612B462A462046294412
S31501022F28FFF7C0FE8FE794F828309A07E7D42046C0
S31501022F38FEF720FD87E700BF54410020B441002077
S31501022F48B0410020AC41002010B588B0FFF712FF4E
S31501022F580E4B00241868B8B107AA06A905A8CDE937
S31501022F680544FEF753FB059B079A0293069B0849FC
S31501022F7801932823074800932346FFF73EFA064B97
S31501022F881860001B18BF012008B010BDAC41002013
S31101022F98C35B03013D2D8000A84100200F
S31501022FA40348044B834202D0034B03B118477047CB
S31501022FB4088700200887002000000000064B074905
S31501022FC4C91A891048BF0131491003D0044B0BB108
S31501022FD401481847704700BF088700200887002068
S31501022FE40000000010B5064C237843B9FFF7D8FF59
S31501022FF4044B13B10448AFF300800123237010BDBF
S31501023004E8590020000000002875030108B5054BA4
S315010230141BB105490548AFF30080BDE80840FFF737
S31501023024CDBF00BF00000000203600202875030131
S31501023034A3F5803A704700BF174B002B08BF134B09
S315010230449D46FFF7F5FF00218B460F461348144AA6
S31501023054121ADEF70DD80E4B002B00D098470D4BF2
S31501023064002B00D098470020002104000D000D48D2
S31501023074002802D00C48AFF3008009F0BDF8200005
S31501023084290010F067FB08F097FE00BF0000080054
S31501023094000000000000000000330020A8350020D3
S315010230A4C07B0020000000000000000008B50348B0
S315010230B4DDF793D8BDE8084010F0EBBF706D03014C
S315010230C40148DDF78A9800BF706D030170B5204D82
S315010230D42B7813F0FD0F0AD04FF08074A36A03F123
S315010230E47F42B2F5004F09D34FF4817005E000F037
S315010230F433F841F201439842EED070BD1A68154B7A
S315010231049A42F1D100F03CF841F20146B042F4D1BF
S315010231142B7813F0FD0F10D1A36ADB699847044695
S3150102312460B905F0A5F840B100F03CF8034640F257
S315010231340560B34218BF1846DFE7002400F032F8EF
S3150102314441F201439842D8D1012320462B70D4E798
S31501023154E959002007B0CD5E08B50748DEF793D8D2
S31501023164064B41F20142186041F20243002808BFAC
S315010231741A46104608BD00BFC47B0020383600201B
S3150102318408B5074B4FF0FF311868DEF7B3D841F2A1
S31501023194014341F20242002808BF1A46104608BDFD
S315010231A43836002008B5064B1868DEF7C8D841F24E
S315010231B4014341F20242002808BF1A46104608BDDD
S315010231C438360020002307B50193054B1B68DEF749
S315010231D427DB019B002BFCD003B05DF804FB00BF87
S315010231E4D47B0020EFF305830F2B84BF034A9B5C38
S315010231F44FF0E023D3F80C3D704700BFF0E300E043
S3150102320430B5074C256824686A40D2B2891A101A65
S31501023214090A41EA1021634023EA0100C0B230BD22
S31501023224E0410020044B1B68584043085B4240427C
S315010232341843C017704700BFE0410020054B013116
S315010232441B680132434022EA030208400243501E2C
S3150102325400B27047E04100202DE9F04F99B0CDE963
S31501023264021000211846019205930AF0ECFE002889
S3150102327400F0E7814FF001098E4B059914930198E9
S3150102328415ABADF83090ADF83890CDF84090CDF845
S31501023294489013930AF060FE01301ED1039B33B9A1
S315010232A4029B9BB90023184619B0BDE8F08F002191
S315010232B403980AF0C2FD0028F2D00024A046A246D1
S315010232C42746264600946FF00F03D5E0DDE9011087
S315010232D40AF07DFD0028F0D1E4E7002501990BA847
S315010232E40B95ADF832500AF072FD0B9E0446BDF8F9
S315010232F43270002840F09E810D90ADF83A0005998E
S315010233040DA80AF064FDDDF834A00546BDF83A803D
S31501023314002840F09481019B0F90D9880FA80231AD
S31501023324ADF83890ADF830900AF0E9FC044618B1CC
S315010233340F9B2C460093C6E701460FA80AF07DFDB2
S315010233440F9B00930028BED1019B1190D98811A825
S3150102335402310AF0D4FC119C83460028B3D10DA88C
S315010233640AF0AAFD00F01F001F2870D0C0F11F0346
S3150102337419460BA804930AF0C7FD0B9EBDF83270D9
S315010233840028A0D104990DA80AF0BEFDDDF834A0E7
S31501023394BDF83A80002896D1C1463D46A7EB080BF3
S315010233A44FEA4B1319460DA8CDF834A0ADF83A806D
S315010233B407930AF0A9FDDDF834A0BDF83A80002886
S315010233C481D1009B03EB8B0B0DA90BA80B96ADF8D0
S315010233D43270CDF834A0ADF83A800AF0ECFD00283B
S315010233E43ADA09F1FF3307990DA806930AF0ABFD00
S315010233F409F1FF330AEB8303079309F18043023B85
S315010234040AEB830305F1FF3B05F180450893013D70
S31501023414009BA5EB090503EB8505069B9B454BD84A
S31501023424039B73B118460FA90AF0D1FC00287FF455
S315010234344AAF019B059A9B88928813FB02F3039A6E
S315010234449380029B002B40F0D880002314E0C146EE
S315010234543D46CDF810B0A1E7DBF800300BA90133E4
S31501023464CBF8003008460DAA0AF0DCFE0B9E034691
S31501023474BDF832700028A7D00BA801930B96ADF8BC
S3150102348432700AF02EFC0DA8CDF834A0ADF83A80BC
S315010234940AF027FC009B0FA80F930AF022FC11A83D
S315010234A411940AF01EFC0C2115A801F0E7F9019BFF
S315010234B4F9E600BF01000300079B56F82B101A68B0
S315010234C44FEA8B09A9F104003318914209934AD2AE
S315010234D400233058DDF70CDC002914BF4FF0FF330B
S315010234E40346BBF1010F2B600EBF0023B14459F809
S315010234F4083C1593099B1B68169306EB8B031B6801
S3150102350417932B6801332B602B680021013B2B6037
S3150102351411A811940AF091FC119C00287FF4D3AEF0
S31501023524069B1BB3089B1B682360079B11A91B6897
S31501023534084663602A680AF0FEFE119C00287FF49D
S31501023544C2AE13A911A80AF036FD0028DCDC2A68EA
S315010235540DA911A8CDF834A0ADF83A800AF0EBFE14
S3150102356430B1119CAFE64FF0FF33BAE7069BDBE7B6
S315010235746FF00709009B11A809FB03F909EBC509B9
S3150102358449460AF0C1FC119C00287FF49CAE0BA9A2
S31501023594084611AA0B96ADF832700AF043FE0B9E49
S315010235A40346BDF8327000287FF466AF01460BA8C4
S315010235B40AF049FD00281CDA0DA911A80AF007FC34
S315010235C40028CED1494611A80AF09EFC119C002876
S315010235D47FF479AE0BA9084611AA0AF020FE0B9EC6
S315010235E40346BDF8327000287FF446AF2B68013BCF
S315010235F42B600BF1FF3B043D0FE704990BA80B96D5
S31501023604ADF832700AF09FFC019B0BA99B880298C4
S31501023614ADF830300AF0DBFB014600287FF453AEE5
S3150102362402980AF010FD00287FF40FAF0123029AD3
S3150102363493800AE72C46A846AA46009543E60094D7
S3150102364441E66FF00B032EE6044B1B685840430810
S315010236545B4240421843C017704700BFE041002055
S3150102366410B50B4C226823684240594081EA020094
S31501023674C00FFFF7E9FF2368521A434022EA030205
S3150102368408401043C00FBDE81040FFF7DDBF00BF7D
S31501023694E0410020F8B50D46014628681746FFF7B2
S315010236A4DFFF0124C143074B1E68BC4202D346EA2B
S315010236B40100F8BD55F82400FFF7C6FF013406439D
S315010236C4F3E700BFE04100202DE9F04707460F4B1F
S315010236D488461E6819681D68541E631C02D1304649
S315010236E4BDE8F08758F824A057F824905046494675
S315010236F4FFF7B6FF514605434846FFF7B1FF20EAF5
S3150102370405031E430543013CE7E700BFE0410020F0
S315010237148842F0B504D00025084F0438AA4200D1E4
S31501023724F0BD3E6850F8044F5E4024EA060451F89F
S31501023734256001351E4034430460EFE7E041002071
S315010237442DE9F04F1C4685B0DFF8849003910646B5
S3150102375421461046D9F80030D9F800300BF092F818
S31501023764C51D282D904634BF4FF0FA0A4FF01E0AA2
S31501023774EB0825F0070502932D1A0F9B21460093A8
S3150102378430460E9B029A0BF079FA0746C0B92A46CD
S31501023794214630460BF0EFF8BAF1010A14D022465B
S315010237A431460398FFF776FF224683464146304661
S315010237B4FFF78AFFD9F800200BEA00039A42DCD00C
S315010237C4384605B0BDE8F08F6FF00D07F8E700BF84
S315010237D4E041002070B50C460646114620461A46BB
S315010237E40AF03CFD0546A0B9B36C33B9214620461D
S315010237F4321DBDE870400AF0D0BDB4F90430002B85
S3150102380409DB20460AF058FBF36BB0EB430F09D9E7
S31501023814184D284670BD014620460AF014FC0028BC
S31501023824EFD0F5E72046B36C984705460028F0D158
S315010238340436B4F90430002B04DA002120460AF0D6
S3150102384402FC68B9314620460AF0B5FB0028E0DBE2
S315010238543246214620460AF05BFC0028F2D006E0F5
S315010238643246214620460AF0DAFC0028E1D0054612
S31501023874CFE700BF80B0FFFFF0B514461F460546E9
S3150102388485B002A80E460AF027FA234602210097BA
S315010238942A1D02A80AF02EFE044648BB06F11002AE
S315010238A41146284602ABFFF795FF044600BB06F113
S315010238B408073A463946284602ABFFF78BFF044608
S315010238C4B0B902AB1A4619462846FFF783FF0446E6
S315010238D470B932463146284602ABFFF77BFF0446EE
S315010238E430B93A463946284602ABFFF773FF044616
S315010238F402A80AF0F6F9034814F10E0F18BF20467E
S3150102390405B0F0BD00B3FFFF2DE9F14F9A461B69DD
S3150102391404460E4691460A9D1BB9724801B0BDE89A
S31501023924F08F02F11007002138460AF08CFB30B9F8
S315010239345146304601B0BDE8F04F0BF083BC0AF1A3
S315010239441008002140460AF07EFB08B94946F0E711
S31501023954012140460AF077FB0028DED13B463A466E
S3150102396429462046FFF736FF0028D7D105F1080874
S315010239743B462A4641462046FFF72CFF0028CDD175
S3150102398453462A4629462046FFF724FF0028C5D175
S315010239944246414620460AF10803FFF71BFF002867
S315010239A4BCD14B462A46294620460BF041FA002849
S315010239B4B4D109F1080B5B464246414620460BF057
S315010239C437FA0028AAD1002128460AF03CFB01460F
S315010239D490B940460AF037FB40B92B464A4631466E
S315010239E4204601B0BDE8F04F0BF09CBA304601B057
S315010239F4BDE8F04F0BF03CBC2B463A46204606F195
S31501023A041001FFF7E7FE002888D105F110072B46BE
S31501023A142A4639462046FFF7DDFE00287FF47EAFAB
S31501023A2405F1180A2B463A4651462046FFF7D2FEBD
S31501023A3400287FF473AF4B463A4639462046FFF7D0
S31501023A44C9FE00287FF46AAF394628460AF0BFF94F
S31501023A5400287FF463AF294620460BF054FA002866
S31501023A647FF45CAF4346424631462046FFF7B2FE37
S31501023A7400287FF453AF2B463246314620460BF0DB
S31501023A84D7F900287FF44AAF5346324631462046D7
S31501023A940BF0CEF900287FF441AF33463A46394654
S31501023AA420460BF0C5F900287FF438AF43463A465F
S31501023AB439462046FFF78EFE00287FF42FAF5B4678
S31501023AC4524651462046FFF785FE00287FF426AF6B
S31501023AD453463A46204606F1080101B0BDE8F04FC5
S31501023AE40BF0A6B980B0FFFF2DE9F047012A824601
S31501023AF4DDE908490E4690461F4644D804300AF0C9
S31501023B04DFF9054650460BF013FB012882463CD1E8
S31501023B14002106F110000AF096FA48B9B9F1000F2C
S31501023B2402D11B48BDE8F0872070C7F800A0F9E767
S31501023B34B8F1000F17D16B0001334B453B60F0D846
S31501023B44214604232A46304601F8013B0AF0D6F9F6
S31501023B540028E7D12A46691C214406F10800BDE87A
S31501023B64F0470AF0CBB96B1C4B453B60D9D800210F
S31501023B7406F108000AF07DF92146023001F8010B2B
S31501023B842A463046EBE70348CCE70348CAE700BFB7
S31501023B9400B1FFFF80B0FFFF80B1FFFF2DE9F843BB
S31501023BA480460C4615461F4613B91D48BDE8F883DF
S31501023BB404300AF085F9064640460BF0B9FA0128A3
S31501023BC481462AD12B7833B9012FEED12046BDE89D
S31501023BD4F8430BF04DBB06F10108B845E5D8324668
S31501023BE42046691C0AF072F90028DFD1494604F11C
S31501023BF410000AF022F90028D8D12B78042BD4D14B
S31501023C0473000133BB42D0D1324605EB080104F1FC
S31501023C140800BDE8F8430AF059B90248C6E700BFED
S31501023C2480B0FFFF80B1FFFF2DE9FF410E46054635
S31501023C34012106F110000AF006FA044650B9284693
S31501023C440BF076FA01287AD1214630460AF0FBF9BD
S31501023C54002801DA3B4C6EE006F10808214640468B
S31501023C640AF0F1F90028F5DB2F1D394630460AF030
S31501023C74A2F90028EEDA394640460AF09CF90028F0
S31501023C84E8DA68460AF028F802A80AF025F8434653
S31501023C94424669462846FFF79DFD0446002844D15B
S31501023CA433463246284602A9FFF794FD0446002804
S31501023CB43BD1EB687BBB02A9032208460AF0B6FA9A
S31501023CC4044690BBBDF90C30002B04DA002102A88C
S31501023CD40AF0B9F9C8B902AA334611462846FFF7CA
S31501023CE479FD044608BB02AA1146284605F11403C6
S31501023CF40BF082F80446C0B9684602A90AF05BF9D8
S31501023D04104B041E18BF1C460FE002A93A46084688
S31501023D140AF085FAD4E702AA1146284605F10C03EC
S31501023D240BF06AF804460028D5D0684609F0D9FF93
S31501023D3402A809F0D6FF204604B0BDE8F081024C80
S31501023D44F9E700BF80B3FFFF80B0FFFF38B5054630
S31501023D540BF0EEF901280C4601460DD120460AF074
S31501023D6472F9002806DB204605F134010AF023F92B
S31501023D74002803DB024838BD0248FCE70020FAE7C3
S31501023D8480B3FFFF80B0FFFF2DE9F04F8846B5B03F
S31501023D941146054691469B46FFF7D8FF044600287D
S31501023DA440F0938059462846FFF73EFF0446002811
S31501023DB440F08B8028460BF0BBF9012840F07A814A
S31501023DC4182102202F6C0FF08FFA013706467F085D
S31501023DD4002800F06D8106F1180A0BF0B2F950467B
S31501023DE40BF0AFF913AB1819083409F075FF202C3F
S31501023DF4F8D1594630460BF025FA0446B0BB834640
S31501023E045F451ED1514628460AF07BFF044668BB2C
S31501023E1413AB00933246534651462846FFF774FDC7
S31501023E24044618BB514628460AF06BFF0446E8B914
S31501023E3406F1100009F055FF06F1280009F051FFB9
S31501023E4414E0BBFBF7F3012202FA03F1182207FB82
S31501023E5413B3C9B202FB0162002B3AD011462846BA
S31501023E6413AB0BF05FF8044600283FD04FF0000A6B
S31501023E7413AB03EB0A000AF1080A09F032FFBAF19D
S31501023E84200FF5D17CB905A809F026FF05F1340AFC
S31501023E940BA809F021FF2146504609F0EAFF012841
S31501023EA427D0A4F59F44AB6D9E420AD04EB130464B
S31501023EB40BF084F906F118000BF080F9304611F083
S31501023EC4B6FB14B140460BF079F9204635B0BDE88C
S31501023ED4F08F18234908104603FB016102920BF085
S31501023EE4B1F9029A04460028B8D0BFE70BF1010BD7
S31501023EF486E72146484609F0BCFFB0FA80F34946F3
S31501023F045B0905A8029309F062FF0446002851D110
S31501023F144A4651460BA80AF085F90446002849D1B6
S31501023F24029A0BA905A809F00EFF0446002841D1FD
S31501023F3401467A1C13A80DF14C09DDF799D8A2465C
S31501023F444B465745039363D0514605A809F091FFA1
S31501023F54039B07EB0A0193F800B00AF1010A4BEA43
S31501023F64000B05A809F085FF5FFA8BFB039B4BEA5D
S31501023F74400B03F801BBE4E799F8010099F800E064
S31501023F8480EA0201CB4303F0010B43F300030EEA79
S31501023F940303104001EA0302594009F8011F19F803
S31501023FA4013C024343EACB1309F8013C0CF1010C2F
S31501023FB4E245E1D20DF12C09484609F092FE05A823
S31501023FC409F08FFE002C7FF46EAF05A80BF0B9F849
S31501023FD409EB0400083409F07FFE202CF8D107F11D
S31501023FE4D0036B4432464146284613F8843C0AF010
S31501023FF44CFF044670BB3E9B002B4AD0DDE93E23AF
S3150102400441462846FFF738FC002842D0044621E0FF
S3150102401400224FF0010CCBE753464246414628465D
S31501024024013F0AF07FFF0028F0D1324628461BF8E9
S31501024034073005A90AF029FF0028E7D1424641467D
S315010240442846CDF800A005ABFFF75EFC0028DDD1BA
S31501024054002FE1D105A80AF00AFF002709EB0700A0
S31501024064083709F03EFE202FF8D1002C7FF41BAF4E
S3150102407441462846029A0AF088FE044600287FF43D
S3150102408412AF3E9B53B9414628460AF03AFE04460C
S3150102409409E70DF12C0A0DF14C0BD9E74146DDE98D
S315010240A43E232846FFF7E8FB04460028EBD0FAE64E
S315010240B4014CF8E6014C08E780B2FFFF80B0FFFF2E
S315010240C430B4DDE9024524B1CDE9024530BCFFF73E
S315010240D45BBE014830BC704780B0FFFF73B505462D
S315010240E41E460BF025F801280C4601460ED113464D
S315010240F42046009605F134020AF0FCF9044B10F14C
S315010241040E0F18BF0346184602B070BD014BFAE7FB
S3150102411400B3FFFF80B0FFFF2DE9F0410D460146D2
S3150102412428461746984600F047F80446B0B9284689
S315010241340AF0FEFF012805F1600612D1424639460C
S31501024144304609F0C3FE044628B931462846FFF72C
S31501024154FDFD044610B1304609F0C3FD2046BDE813
S31501024164F081014CF7E700BF80B1FFFF70B5066C21
S315010241740D460736B3EBD60F114604464FEAD6026D
S3150102418403D200230A482B6070BDB0F866302A6058
S315010241944BB10AF0CDFF012807D104F16000BDE855
S315010241A4704009F0ABBE0348EEE76FF06D00EBE732
S315010241B400B1FFFF80B0FFFF38B504460D460BF090
S315010241C401F820460AF0CBFF032D257023D1144BA7
S315010241D4144AA360A361A3632362A362124B6260BE
S315010241E463624FF00113114A23636261104A114B50
S315010241F46263114AE362E261201D09F05DFEE06336
S3150102420404F1340009F058FE206400200123C4E9B4
S315010242141600636438BD002308482370FAE700BF19
S315010242240100080010690301B0680301F068030183
S315010242349068030130690301D068030180B1FFFF6D
S315010242440538C0B206289ABF024B53F82000002053
S31501024254704700BF346903010023F0B504460360C5
S315010242640A276FF067000C4E0B68934203D21D783E
S31501024274303D092D00D9F0BD2568B54209D87D43E3
S31501024284256013F8010B28443038206000200B60A6
S31501024294EAE76FF06700EEE79999991970B5094C47
S315010242A4256815B96FF02D0009E0667C864207D1AF
S315010242B4267C8E4204D10020156062681A6070BDA4
S315010242C41434EDE7D869030130B5084B1C6814B9F7
S315010242D46FF02D0006E01D7C854204D100205B6847
S315010242E40C60136030BD1433F0E700BF8869030123
S315010242F430B5084B1C6814B96FF02D0006E01D7C1D
S31501024304854204D100205B680C60136030BD14330E
S31501024314F0E700BF606903012DE9F04F0F46002162
S31501024324054687B00846009390469B46134605AA5E
S31501024334109E09F04AFC284610F0A5F804463846B0
S3150102434410F0A1F8059902290A4638BF02224B1C2C
S31501024354023A03EB921323441844119B984207D958
S315010243646FF02908129B1860404607B0BDE8F08F2A
S3150102437439B101200EF0B8FF044618B9DFF8A0805E
S31501024384F2E70C46434620460599CDF800B005AA44
S3150102439409F01BFC804618B1204611F048F9E3E7FF
S315010243A4284610F070F829460246304610F05EF8A7
S315010243B4284610F068F8A1464FF00A0A3518DDF8C6
S315010243C414B0BBF1000F18D1384610F05CF8394627
S315010243D40246284610F04AF8384610F054F80246C6
S315010243E42B18581C129B05F802B0821B1A60119BEA
S315010243F459469A1ADCF73CDECEE75A46402A28BFCA
S31501024404402249462846039210F030F8039AABEB50
S31501024414020015440590914405F801ABCFE700BFAC
S3150102442480EEFFFFF0B5054687B00E46182200213D
S315010244346846DCF71DDE1DB9114C204607B0F0BDF6
S315010244442B68002BF8D1694630460BF068FB04460B
S315010244540028F1D1BDF8007068460BF048FE27F03A
S31501024464FF03B3F5E24F07D047F201039F4205D199
S31501024474044B2B60AE60E0E7034BFAE7034CDCE73F
S3150102448480C1FFFF506A0301806A030180C6FFFFF0
S315010244942DE9F74F1646DDE90C89DDE90EAB044633
S315010244A40D46109A01B923B11EB9124803B0BDE8EB
S315010244B4F08F21680029F8D04BB928460192FFF7FB
S315010244C4BFFE0AF0FDFE019A03460028EDD02168DB
S315010244D44F696FB1CDE90FB2294632462046BC4631
S315010244E4CDE90D9ACDF8308003B0BDE8F04F6047AF
S315010244F40148DBE780C1FFFF00C1FFFF00487047A7
S3150102450480C6FFFF2DE9F04F04468BB00E46DDE966
S31501024514149A0021174604A818229846169DDCF718
S31501024524A7DD204604A90BF0FAFA38B10722194B82
S3150102453419490CF035F90BB0BDE8F08F04A8BDF8A2
S3150102454412B00BF0D4FD46F0C06143463A4620460A
S31501024554CDE901A5CDF8009041F4E0610BF03FFCF1
S31501024564034670B18533E1D143463A462046CDE945
S3150102457401A5CDF8009046F006210BF030FC002887
S31501024584D4D1CDE900A54B46494658462A680CF0D2
S315010245942DF9D0E7ED5A0201E66A03012DE9F04746
S315010245A41E469AB08046894614460021182204A85A
S315010245B4DCF75EDD0023F51DED0802936D00002C88
S315010245C44CD04FF400534FF0062A0AAF384644F44E
S315010245D482440A93ADF810400AF062FF0A9B4A46E6
S315010245E40693414602AB04A8CDF81CA000F082FC56
S315010245F418B101F079FA044602E0402D0DD9194C9D
S31501024604029800F073FB034654BB10B101F06CFA35
S31501024614034618461AB0BDE8F08703AB019340235B
S31501024624DDE92412009330463B460CF033F9044685
S315010246340028E5D1039BAB42E1D1CDE90073DDE963
S315010246442223514602980BF00DFC04460028D7D0CA
S315010246540722054B05490CF0A3F8CCE7014BD8E731
S315010246642346D6E780C1FFFFED5A0201E66A03013A
S315010246742DE9F04105469CB00021164605A81822EB
S315010246841F46DCF7F5DCA86805A90BF048FA38B130
S315010246940722144B14490CF083F81CB0BDE8F081CF
S315010246A4BDF8144005A804F44F43B3F5824F18BF6D
S315010246B40024BDF816800BF01AFD4122A86804AB4A
S315010246C40BA90BF082FA0028E2D1239B04990393E6
S315010246D4229B0096CDE90173E2B243460BA8FFF78A
S315010246E45DFFDAE7ED5A0201E66A030170B50023BA
S315010246F406460846BEB0CDE903334122806803ABC0
S3150102470405A90BF062FA044618B101F0EDF93EB0BF
S3150102471470BD16ADA022314628460FF0A7FE2846E3
S315010247240AF0B9FE0238314602284FF0A0022846A1
S3150102473498BF179C0FF09AFE28460AF0ACFE02387F
S31501024744022888BF00214FF0410398BF1799CDE98A
S3150102475400530022204604AB6831FFF7C5F900284D
S31501024764D5D1DDE903239A4208D1294605A80FF0DA
S31501024774F5FD034B002818BF1846C8E70048C6E7EB
S3150102478480C1FFFF2DE9F04190460027ACB004AD8C
S31501024794A02206460C462846414603970FF066FEBA
S315010247A428460AF078FE02380228404698BF059F39
S315010247B40AF071FE072811D141222946D8F80800C8
S315010247C403AB0BF002FA00BB3068039A041B944252
S315010247D414D26FF06B002CB0BDE8F08141230022A4
S315010247E4CDE90053384603AB07F16801FFF77CF9BB
S315010247F40028F0D13068A042E7D2EAE7801A2946B6
S3150102480430600FF033FE0398E5E70148E3E700BFA2
S3150102481480C1FFFF73B5054610460C4616460AF0DB
S315010248243AFE022806D1324621462846FFF7AAFF56
S3150102483402B070BD30460AF02EFE072817D10023B6
S315010248442A680193944201D90A48F1E72146B068DC
S3150102485401AB121B0BF0B9F90028F5D12868019AAC
S315010248642146801A28600FF089FD0198E0E7024883
S31501024874DEE700BF80C1FFFF80C6FFFF10B50A460F
S31501024884044619B1024B00211B68984710BD00BFAB
S31501024894B06A0301F8B50D4E0D4C0E4D33680E4840
S315010248A4984767782B680C48984733680B489847AA
S315010248B4022F08D12478E31F5C425C412B68074826
S315010248C498472046F8BD0024F8E700BFDC7B0020A8
S315010248D4E4410020D87B0020BC4700202048002068
S315010248E40E4B0340B3F1607F06D1B1F5885F0CBF6D
S315010248F400206FF086007047B3F1707F0BD101F48B
S31501024904E043B3F5005F06D111F4E06F14BF002052
S315010249146FF0860070476FF0860070470000C07F13
S315010249248A42F8B506460D4600F0CD806A4B22F45A
S31501024934FF7121F00101994210D0684922F0FF0367
S315010249448B420BD022F47F7020F00300A1F5706133
S31501024954884203D001F5A0618B4227D15E4B25F42F
S31501024964FF7121F00101994210D05C4925F0FF0340
S315010249748B420BD025F47F7020F00300A1F5706100
S31501024984884203D001F5A0618B420FD115F0FF00D5
S315010249940BD0534B40F00070984240F0968082EA65
S315010249A40500FF288CBF00200120F8BD05F0FE4357
S315010249B4B3F1A06F11D102F0FE43B3F1A06F72D12C
S315010249C482EA050333F47E136DD128046BD5C5F34C
S315010249D40540C2F305429042E4E7B3F1407F62D156
S315010249E402F0FE43B3F1407F5DD182EA050030F461
S315010249F47E1458D131462846FFF772FF002864D146
S31501024A04384912F47C1701EA020116D0B1F1607F2A
S31501024A14C2F3054336D1D1B241F0007101F17E41AF
S31501024A240339102901D83048445C15F47C1F2FD16F
S31501024A349C4214BF00200120B7E7B1F1607F0AD17D
S31501024A44D3B243F0007303F17E43033B102B40D8E8
S31501024A542649CB5CDFE7B1F1707F17D106F4E04357
S31501024A64B3F5005F33D10123C6F302218B4006F469
S31501024A74E041B1F5005FD8D10120C6F3022600FA5E
S31501024A8406F4D2E7B1F1707FCFD1F0E73B46CCE72A
S31501024A941FB9C5F30541A14215D0290403D5C5F3AE
S31501024AA4054098427EE725F47F03B3F1106F0CD1DA
S31501024AB402F0FE43B3F1106F07D10D48104040F0E6
S31501024AC41060A842B5E701206FE700206DE73B4677
S31501024AD4CDE73B469FE700BF00020006001300062E
S31501024AE4FF0000020000C07FB46A0301B46A030135
S31501024AF40000FFF610B521F0FF02F0B1324C21F4A9
S31501024B04875323F01F03A3422ED0304B9A422BD054
S31501024B1421F4FF7323F00103B3F1062F24D004F524
S31501024B24C064A24220D0A4F5A064A3421CD0284B9F
S31501024B34994235D06FF0860042E0244B21F4FF748A
S31501024B4424F001049C420FD003F588539A420BD0F8
S31501024B5421F47F7424F00304A3F570639C4203D009
S31501024B6403F5A0639A422BD111F0FF0310D0194A1F
S31501024B7443F000739342DDD0174A934221D003F1E5
S31501024B847E43083B042B34BF00206FF0850017E0F7
S31501024B94B0B10E4B21F4FF7020F001009842C9D046
S31501024BA40E4B9A42C6D06FF30901A3F5706399427B
S31501024BB4C0D003F5A0639A420CBF6FF086000020B1
S31501024BC410BD0020FCE700BF000300060002000638
S31501024BD400080006FF000002050000020013000699
S31501024BE437B505460C46FFF755FE78B10023224632
S31501024BF401932946074801AB0DF0DAFB20B9019B63
S31501024C04A34218BF6FF0930003B030BD6FF0880062
S31501024C14FAE700BFE84100202DE9F8438846174622
S31501024C241C4600F033FE0546002844D1D8F800603C
S31501024C34B6F8009009F4E043B3F5804FB36808BFB0
S31501024C4427F0010737EA03032DD1A4B3244B24F435
S31501024C54FF7222F001029A4210D0224A24F0FF0383
S31501024C6493420BD024F47F7121F00301A2F5706201
S31501024C74914203D002F5A06293421FD114F0FF03BD
S31501024C8404D0194A43F0007393421ED02246484681
S31501024C94F168FFF745FE074668B922464846316977
S31501024CA4FFF73EFED0B96FF0840500233046C8F8FB
S31501024CB4003000F063FE2846BDE8F88304F0FE43A3
S31501024CC4B3F1407F04D12304E0D56FF08605ECE706
S31501024CD4B3F1A06FF7D0044B9C42D6E73D46EAE70F
S31501024CE40002000600130006FF00000237B504465F
S31501024CF420B301A900F0CAFD0446F8B9244B25489C
S31501024D041B689847244D58B1002401980BF0C0FB47
S31501024D142B68002818BF04461E48984770B10AE05A
S31501024D240198037E032B11D10BF0B2FB2B680446C7
S31501024D341848984728B10CB96FF08F04204603B07E
S31501024D4430BD002C08BF6FF08704F7E7022B18D198
S31501024D54032303764368DAB2FF2A15D00F4AB2EB6C
S31501024D64132F08D0019B1A79002ACDD058690BF06A
S31501024D74D0FB0446C9E70DF02EFD04460028C4D132
S31501024D84F0E76FF09604C0E76FF08404BDE700BF55
S31501024D94DC7B002084480020D87B002001008000AF
S31501024DA42DE9F3410D46194600236E680B60304620
S31501024DB490466F690BF081FB044668B930460BF0E5
S31501024DC47EFB044640B9F6B256B91FB9AA68204B0E
S31501024DD4134063B16FF08604204602B0BDE8F08148
S31501024DE4014668690BF043FB0028EFD1F2E74FF65F
S31501024DF4F8736A889A4227D8164B17481B682F7983
S31501024E04984710B16FF08F04E6E707B901A8414646
S31501024E1400F0FCFC114B04461B680F48984710B17D
S31501024E24002CD9D1EEE7002CD6D10FCDD8F800C08B
S31501024E3466460FC695E8030086E80300002FCBD128
S31501024E44019BCCF81430C7E76FF08504C4E700BFB1
S31501024E54FC00FF7FDC7B002084480020D87B0020F5
S31501024E64154B70B51B68054614481646984718B182
S31501024E746FF08F04204670BD2B794BB96B69002400
S31501024E8433602B7E012B14D034606FF0960407E055
S31501024E942846D5E908120BF057FB04460028EDD043
S31501024EA4074B06481B6898470028E3D0002CE1D13A
S31501024EB4DEE702232B76F3E7DC7B0020844800201D
S31501024EC4D87B002010B5044660B1074B07481B681E
S31501024ED4984720460AF006FEBDE81040044B0348F3
S31501024EE41B68184710BD00BFDC7B002084480020E4
S31501024EF4D87B00202DE9F04F804600208BB00E4668
S31501024F0414469A46CDE9060009921860002A00F071
S31501024F14BD80B2F1005F80F0BC8006AA414607ABB0
S31501024F24FFF73EFF024600283FD1069B5B6AEBB1BF
S31501024F34069D59492F466A686B88120A8A42089362
S31501024F4457F8249F2B6A00F0908006D8002A38D09D
S31501024F54012A7FD06FF0860227E050498A426ED039
S31501024F6401318A42F6D108AA02923DE0D8F8043008
S31501024F741B0A13D04A4A934206D8023A93421BD8D1
S31501024F84012B04D0934219D000230993E2E7404648
S31501024F9409A9099400F0F0F9024630B9099906986B
S31501024FA40AF02BFD02460028C2D0DDE9060105926C
S31501024FB4FFF788FF059A3EE00994EFE70123099377
S31501024FC4ECE70DF1200B224631462846CDE9017B59
S31501024FD4CDF8009005930DF060FC10F1860F0246A0
S31501024FE4059B09D1CDF808B0224631462846CDE9BA
S31501024FF400970AF025FD0246002AD6D10698089B97
S315010250044288002A3CD143804FF6F87293423AD839
S31501025014B8F8003013B102889A429BD1B8F802302B
S3150102502413B142889A4295D152460799FFF718FF5E
S3150102503402460028B9D110460BB0BDE8F08F08AA82
S31501025044CDE90172314622462846CDF800900DF08B
S3150102505424FCD0E708AACDE9017231462246284644
S31501025064CDF800900DF008FBC5E708AACDE9017257
S31501025074314622462846CDF8009004F00DFEBAE7E1
S315010250849A42C1D066E76FF085028EE76FF0860217
S31501025094D1E76FF08502CEE70100800002008000AD
S315010250A40300800047F2010102888A4211D10F4AA4
S315010250B423F4FF7121F00101914214D023F0FF037D
S315010250C402F5885293420CBF6FF085006FF0860099
S315010250D4704702F44F42B2F5824F04D16FF30803CB
S315010250E4B3F1062FEFE76FF0850070470002000661
S315010250F42DE9F04117461C4623F4FF721F4B22F099
S3150102510401029A4205460E4698B010D01C4A24F072
S31501025114FF0393420BD024F47F7121F00301A2F51C
S315010251247062914203D002F5A062934222D1DDE973
S315010251341E1207AB0193402314F0FF000DF1200860
S3150102514418BF40F00070009343460AF0EFFA70B9B3
S31501025154229B3A460493219B31460393209B28467C
S315010251640293079BCDE9008323460AF06AFD18B030
S31501025174BDE8F0816FF08500F9E700BF0002000681
S315010251840013000644F20101028822F440508842C7
S3150102519411D10F4A23F4FF7121F00101914214D076
S315010251A423F0FF0302F5885293420CBF6FF0850088
S315010251B46FF08600704702F44F42B2F5824F04D172
S315010251C46FF30803B3F1062FEFE76FF0850070471B
S315010251D400020006002307B51A46009102490AF0A5
S315010251E499FE03B05DF804FBC86A030170B51B4E50
S315010251F41B4C33681B4898472378580744BF03F06E
S31501025204FB032370990705D500F0E6FA237823F008
S3150102521402032370144D13482B68984733681348C5
S31501025224984763781BB10023114A636053600023D4
S3150102523408210F486370FFF721FB2B680B48984737
S3150102524433680848984723780648DA0744BF23F0A7
S31501025254010323702B68BDE870401847DC7B0020EC
S31501025264E441002020480020D87B0020BC470020CE
S31501025274E84100202DE9F041FFF70CFB18B10024A7
S315010252842046BDE8F081364F36483B6898470446C6
S3150102529420B16FF08F04FFF7A9FFF1E7324D2B78A6
S315010252A4D8070AD40DF079F8044610B90DF07EF840
S315010252B404462B7843F001032B702C4E294833689C
S315010252C4984710B1002CE4D0E5E7002CE3D13B6802
S315010252D42448984704460028DBD12B78990706D43B
S315010252E400F072FA04462B7843F002032B703368FA
S315010252F41C4898470028E5D1002CCCD13B681948B3
S3150102530498470028C5D13368164895F8008098470E
S315010253140028BED13B68164898470028B9D16B7854
S315010253243BB918F0010F04D0124B6C605C60022386
S315010253346B7033680E4898470028AAD13B6809481E
S3150102534498470028A5D12B7806485A075CBF43F033
S3150102535404032B7033689847002890D099E700BF5D
S31501025364DC7B002020480020E4410020D87B002079
S31501025374BC470020E841002010B544680288240A8B
S31501025384012C438858D06048844200F0B580002C31
S3150102539440F0B48002F4E040B0F5805F02D0B0F58B
S315010253A4005F05D10733DB0840D16FF0850014E0B5
S315010253B402F44F40B0F5844F03D10733DB0853B9E6
S315010253C4F3E747F20100824208D15B080133DB08A5
S315010253D403EBC3033B3300200B6010BD44F201000F
S315010253E4824202D1DB081033F5E747F20200824218
S315010253F404D1DB0803EB43035A33ECE744F202001C
S31501025404824204D1DB0803EB43034A33E3E722F086
S31501025414FF02B2F5E24FD0D0B2F5824FC5D10733BE
S31501025424DB085B000133012BD5D1BEE722F0FF0273
S31501025434B2F5824FF7D0CEE702F4E044B4F5805FC9
S3150102544403F1070002D0B4F5005F08D1C308002BAB
S315010254544AD022F0FF04B4F5824F43D00EE002F49F
S315010254644F44B4F5844FF1D047F20104A24215D157
S315010254745B080133DB0803EBC3033B33033310F04D
S31501025484180F23F0030301D1072805D122F0FF02E5
S31501025494B2F5824F08BF04332C339CE744F201046C
S315010254A4A24202D1DB081033E8E747F20204A24220
S315010254B404D1DB0803EB43035A33DFE744F2020464
S315010254C4A24204D1DB0803EB43034A33D6E722F0B3
S315010254D4FF03B3F5E24FB9D0B3F5824F04D1C30842
S315010254E45B000133012B05D122F0FF04B4F5824F8F
S315010254F40B68C3D1013BC1E701236CE700236FF0BB
S3150102550486000B6069E700BF010080002DE9F743BD
S3150102551400F4E040B0F5804F0D4616461F46DDF80D
S3150102552428902CD101F16808404609F0B5FE88B9E4
S315010255344B46002241462846CDE90067FEF7D4FAD6
S315010255440AF01CF90446B0B13A4600213046DBF7AB
S315010255548FDD10E0002301930D4B4146009305F1C3
S31501025564600205F11C03284609F09FFE0AF006F9BA
S3150102557404460028DCD0204603B0BDE8F083494640
S315010255842846FEF7F3FD03B0BDE8F0430AF0F6B888
S31501025594DD070301F0B51D460388174603F44F429E
S315010255A4B2F5824F18BF00230E46A1B04188D8B284
S315010255B40BF008F90446F8B1684609F0F1FD2146F3
S315010255C46846FEF7F9FD044670B903460C4A684675
S315010255D418A9FEF783FD044630B93B4632462946ED
S315010255E46846FEF7C3FD0446684609F01BFE2046DB
S315010255F40AF0C4F821B0F0BD6FF08500FAE700BFE6
S31501025604DD0703010368114A10B59342044609D81A
S31501025614023A934215D88BB1023A93420BD06FF0F8
S3150102562488000DE003F17E430A3B012BF7D80430CF
S315010256340CF0BDFD02E004300CF0C1FD0020206037
S3150102564410BD04300CF0B7FDF8E700BF09000002F3
S3150102565410B503680F4CA34208D8023CA34215D8DD
S31501025664023CA3420BD06FF0880010BD03F17E43C6
S315010256740A3B012BF7D8043003F0F6FC02E00430AE
S3150102568403F04AFDBDE810400AF078B8043003F08D
S315010256941DFDF7E7090000022DE9F0411D460478D4
S315010256A4064644F0007404F17E44033C102C98BF70
S315010256B41B4B0F4690468CBF00241C5D2A601AB10F
S315010256C421213846DBF7D4DC444525D83268154B0B
S315010256D49A4208D8023B9A4219D8023B9A420CD002
S315010256E46FF0880011E002F17E420A3A012AF7D8E4
S315010256F43946301D03F0C2FC03E03946301D03F07E
S3150102570415FD0AF03BF800B92C60BDE8F081394673
S31501025714301D03F0E5FCF4E76FF08900F5E700BFFD
S31501025724CC6A030109000002064B10B51B68064840
S315010257349847064B044893F8C845054B1B68984796
S31501025744204610BDDC7B002020480020F0410020C9
S31501025754D87B002000F14043242B70B505460E4642
S315010257640CD82822174C02FB0344237E022B02D1B6
S31501025774636983421ED06FF08B0021E001210AF096
S3150102578476FE70B10F4B00221C46197E022902D104
S315010257945969A9420BD00132252A03F12803F4D10E
S315010257A4E9E76FF087000BE06FF0960008E0282323
S315010257B403FB024420460AF04DFE0028F4D134606C
S315010257C470BD00BFF04100200122024B002083F884
S315010257D4C8257047F04100202DE9F0410A4C002505
S315010257E426464FF0010803272046C4F81C80277673
S315010257F401350AF077F9252D04F12804F4D10023A1
S3150102580486F8C835BDE8F081F0410020F8B50646B0
S315010258140F46FFF789FF88B300241B4B22461D4618
S31501025824197ED1B13CB9022905D1D96919B91979B6
S31501025834002918BF1C460132252A03F12803EFD198
S3150102584414B96FF08C0006E020460AF003FE2046E6
S315010258540AF048F910B100240EE01C46237E83B9EE
S31501025864012323763EB1651BED1003F1CC335D436F
S3150102587405F18045356000203C60F8BD6FF0880073
S31501025884E9E76FF09600E6E7F041002000232DE9EF
S31501025894F3410B6007460D46FFF746FF002864D025
S315010258A4334B34481B689847064628B16FF08F0478
S315010258B4204602B0BDE8F08129463846FFF74AFF81
S315010258C410F18C0F0446DFF8B08008D0D8F8003006
S315010258D4284898470028EBD0002CE9D1E6E7294667
S315010258E43046FFF793FF044620B1D8F80030214829
S315010258F49847DDE701232E68CDE900006946304663
S315010259047761736001AA0AF071FE044628B9DDE9DA
S31501025914001230460AF084F80446DDE900010AF071
S3150102592463FE28684CB10AF0DDF814F18C0F08BF46
S315010259346FF0870400232B60C8E78368D90444BF48
S3150102594443F4806383609A0444BF43F4006383602F
S31501025954037E012B04BF022303760AF07BFD044670
S315010259640028B3D06FF09604E4E76FF088049FE74A
S31501025974DC7B002084480020D87B00200B4B10B529
S315010259841B6804460A48984718B16FF08F042046EB
S3150102599410BD20460AF07CFD064B04461B680448EA
S315010259A498470028F3D0002CF1D1EEE7DC7B0020E6
S315010259B484480020D87B002037B5044630B1164B03
S315010259C416481B68984720B16FF08F04204603B02E
S315010259D430BD204601A9FFF7BDFE114D044640B173
S315010259E410F18C0F2B680D4808BF6FF08704984796
S315010259F4ECE70198C369012B0AD10AF073F804464C
S31501025A042B68064898470028E0D0002CDED1DBE754
S31501025A140AF03EFDF3E700BFDC7B00208448002048
S31501025A24D87B002030B40D4D2C681C606C685C6018
S31501025A3400249C605468DC6014881C8254885C824D
S31501025A4494685C61D4689C61126930BCDA6119623A
S31501025A540A46014603F124000EF008BDDD6A03017C
S31501025A642DE9F843232904460F4691469846089E92
S31501025A7404D86FF098052846BDE8F8830822194927
S31501025A840EF06CFC05460028F3D1A368002BF0D175
S31501025A94216A243F8F42C8F80010EAD3B1F5005FA8
S31501025AA4E7D271B9C9F80000E3687360238A3380C7
S31501025AB4638A73806369B360A369F360E3693361DB
S31501025AC4D9E701200DF010FCC9F8000030B1D8F86D
S31501025AD4002004F124010EF0C9FCE5E76FF08C0500
S31501025AE4C9E700BFDD6A030100F19903142B1AD831
S31501025AF4DFE803F0171719191919191719191919B9
S31501025B041319191B150B0F0D110009487047094882
S31501025B147047094870470948704709487047094858
S31501025B247047094870470AF01EBE0848704700BF0D
S31501025B3400C3FFFF80C6FFFF80C5FFFF00C1FFFF51
S31501025B4480C0FFFF80C1FFFF00C2FFFF80C7FFFFC6
S31501025B5470B5094D04462860084801600849094898
S31501025B640A60094A1360A0472B68084898472B68BC
S31501025B740748BDE870401847E47B0020E07B00201B
S31501025B84DC7B002084480020D87B002020480020AA
S31501025B94BC4700202DE9F04FCDB0049008460C46CF
S31501025BA40EF071FC231805220293002309AEC6E9FD
S31501025BB40023B3600793049B0DF11C0BD3F80080F9
S31501025BC4B8F1000F40F01D8125464FF0010A8F4FAF
S31501025BD4CDF80C80029B9D4206D9B06800285BD1A0
S31501025BE438464DB0BDE8F08FBAF1000F36D02B78A6
S31501025BF43D2B40F00481DFF828922A1BD9F8008054
S31501025C04B8F1000F06D12146304609F081FB10B3E3
S31501025C147E4FE5E7D9F804309A4206D12146404639
S31501025C2403920EF0D1FB039A10B109F11009E5E7CB
S31501025C340390D9F808000EF026FC01467060012093
S31501025C440DF052FB7268D9F80810B0600EF00EFC22
S31501025C54039BC8469A466C1CCDF80CA02B782C2BB8
S31501025C6403D115F8013C5C2B03D1029B9D4240F002
S31501025C74C480A54203D1B0680FF0D9FCC8E72378E2
S31501025C84232B74D100222B1B03F1FF3A1AF00109CB
S31501025C94089204D05D4FB0680FF0C9FCA0E7033B3C
S31501025CA4B3F5027F4FEA5A0AF4D2514601200DF0A6
S31501025CB41BFB0746002858D0013420460AF05BFE36
S31501025CC4431C4ED007F8090009F10109CA4504F13A
S31501025CD40204F2D83B4613F8014B5A4607EB0A0172
S31501025CE408A8089307F04FFD00283AD1DBF80020F3
S31501025CF4B2F5807F35D81F2C089907D8444BE34067
S31501025D04D80703D50B465018984225D10CA80EF094
S31501025D14ADFB38460FF08BFCDBF800300498009398
S31501025D24D6E901210CAB07F0CAFE0746B0680FF0AB
S31501025D347EFC0023B360002F65D02B46FC601D4612
S31501025D44029A013395421C4602D06A78202AF6D079
S31501025D544FF0010A002752E013F801CBBCF1000F00
S31501025D64D2D138460FF063FC94E72A4F93E7039B9B
S31501025D74002B80D10DF13009A54207D80CABA9EB52
S31501025D840303D8F80C40CBF80030C5E794F800A019
S31501025D94BAF15C0F2DD1A21C954204F101070592B9
S31501025DA417D938460AF0E7FD431C12D000283FF4FE
S31501025DB462AF059A09F1010C5FFA80FA0CABACEBFE
S31501025DC4030CBCF5807F09F801AB3FF454AF541CB4
S31501025DD4D2E7BD427FF64FAF94F801A00E48514671
S31501025DE40EF0E5FA00283FF446AF3A4609F1010CF2
S31501025DF4E4E7224609F1010CE0E74FF0000A013516
S31501025E04E8E6064FECE6034FEAE600BF80DCFFFF55
S31501025E140010585080D7FFFF7F64030100D8FFFFAB
S31501025E24046B03012DE9F04F0746A1B00D4601208B
S31501025E344B21144609930DF057FA8046002800F0C7
S31501025E441C8100230B933B7A29460893FA682B1982
S31501025E540CA807930C930AF050FE041EC0F2F480B8
S31501025E64264643D0224629460CA807F03AFD041ECB
S31501025E74C0F2EA80302229460DEB020007F055FDF5
S31501025E840028C0F2EF8034440619324629460CA88A
S31501025E9407F027FD041EC0F2D780312229460CA839
S31501025EA407F043FDB0F10009C0F2DA80092329465D
S31501025EB4734A0CA807F0A2FD0028C0F2D380264437
S31501025EC44E4400EB06094A4629460CA807F009FD89
S31501025ED4041EC0F2B980302229460DEB020007F0F6
S31501025EE424FD061EC0F2C080A1444E443246294610
S31501025EF40CA807F0F6FCB0F1000AC0F2AF80A022AA
S31501025F0429460CA807F011FDB0F10009C0F2A880D8
S31501025F140C9A29463868521B09F069FB041EC0F221
S31501025F2493800C9B29461B1B7A680CA80C930AF0D6
S31501025F3434FDA346041EC0F28780002229460CA81A
S31501025F4407F0A6FD0028C0F28D8056444E445E44F5
S31501025F54264400EB06094A4629460CA807F0C1FC69
S31501025F64041E71DB302229460DEB020007F0DDFC2B
S31501025F74061E79DB0FAB019340230898A1444E44D4
S31501025F84009332466B440C9940F0007009F046FEC8
S31501025F94034600286AD12A9A0492099A03920EAAFE
S31501025FA402924B22CDE9008210AA397A386809F0A5
S31501025FB460FA0446002847D10121386809F050FAEB
S31501025FC4002848D10421386809F04AFA002850D039
S31501025FD44FF004094846397A0BAB0AAAFEF75EF971
S31501025FE4044688BB32460C9928460EF0C7F9079B2C
S31501025FF4CDF808900D930E9BA919CDE90083DDE92D
S315010260040A230DA80AF02FFD041E1DDB0D98324644
S31501026014801B294626440D900EF0B0F932462946D4
S315010260240DA807F05EFC041E0EDB302229460DA8DC
S3150102603407F07BFC071E1EDB0D9A00212846521B24
S31501026044DBF716D834443C4440460FF0F0FA2046B6
S3150102605421B0BDE8F08F4FF00109BBE75446F3E7DF
S315010260644C46F1E70446EFE73446EDE76FF06F0479
S31501026074EAE7044CE8E73C46E6E7034CE7E700BFF8
S31501026084A064030100DDFFFF80D7FFFF70B5002680
S3150102609486B005960A9E0C4600961546FFF7C2FE81
S315010260A400280ADB2A1A05ABCDE901530449034642
S315010260B4009404482244FEF72FF906B070BD00BFCE
S315010260C4AA640301CD640301BFF34F8F0549064B4D
S315010260D4CA6802F4E0621343CB60BFF34F8F00BF79
S315010260E4FDE700BF00ED00E00400FA050348044A97
S315010260F40449121A92100AF0AEBD00BFA8010201A8
S31501026104A42F02010001002008B54FF00063022109
S315010261141A4A936602F58042916005219160A2F5BD
S3150102612440529366164B83F30A8800F033F8FFF75D
S31501026134DDFF144B14498B4212D30020134B14492D
S315010261448B4218D3FCF778FF186850F82240586836
S3150102615440F82240013298688242F5D30C33EAE7C9
S315010261640022F8E71C6844F8220001325C68A24264
S31501026174F8D30833E4E70022F8E700BF0050804071
S31501026184002F0020307503013C7503013C750301A0
S315010261943C750301044B054A9A60D3F8882042F4FC
S315010261A47002C3F88820704700ED00E00000020186
S315010261B4002307B525480193DAF70FD80122244BA8
S315010261C40520C3F8442401A9DAF702D8002839D1F3
S315010261D4204BD3F8F02042F00102C3F8F020D3F8A1
S315010261E4FC2042F08072C3F8FC201B4AA3F55D43EE
S315010261F41A60019B194A03F5D52303F2FC43B3FB47
S31501026204F2F3174A013B13610223C2F8F0304FF449
S315010262148073C2F804334FF06043124AC3F8B02FB5
S31501026224114AC3F8802ED3F8002E42F48072C3F8C1
S31501026234002EFF2283F82020D3F8002E22F4807246
S31501026244C3F8002E03B05DF804FB00BF706D0301B1
S3150102625400D0834000ED00E0FF030040F8590D0031
S31501026264000004E055CEACC50900010070B5044630
S3150102627401260C4D04B970BD94FAA4F0B0FA80F06B
S3150102628406FA00F224EA0204C200AA580F2805EB10
S31501026294C001C8BF1038002AECD04968C0B2904781
S315010262A4E8E700BFE848002008B50C48D9F795DFAE
S315010262B42A2004F05BF828B12A2004F065F82A2082
S315010262C40CF0A0FE2B2004F051F828B12B2004F087
S315010262D45BF82B200CF096FE002008BD706D0301BD
S315010262E408B501F09DFF054B00F0553020F0502012
S315010262F4C3F82004BDE80840FFF7B8BF00E08340B5
S3150102630408B501F08DFF054B00F0AA3020F0A0205C
S31501026314C3F82004BDE80840FFF7A8BF00E08340A4
S315010263242DE9F04F144606460F4689B00393036CD2
S3150102633401225B6904A960689847336C01225B698F
S3150102634405A93846984704A80BF043FA054650B105
S315010263540023A37563754FF0FF33A3600025284616
S3150102636409B0BDE8F08F05A80BF040FA0123A37525
S31501026374237E04EBC303DF611D846368BB420ED132
S31501026384206005A80BF053FA4FF0FF332075A36082
S31501026394237D043B022B26D80023A375DEE723685B
S315010263A41A1A53425341A37505A80BF040FA237DE9
S315010263B4834218BFA57505A80BF01CFA804604A8EA
S315010263C40BF018FA804518BF002305A818BFA37558
S315010263D40BF017FA804604A80BF013FA80451CBF8A
S315010263E40023A375D4E705A80BF004FA80B1336C34
S315010263F4022238465B6906A9984706A80BF008FAF1
S315010264040346207D032839D8DFE800F03838040929
S3150102641405A8F3E7CC22237E04EBC3031A8401F015
S3150102642479FE129B187005A894F818800BF0D6F918
S3150102643404EBC80888F82200237E05A804EBC303EB
S31501026444B3F820A093F822800BF0D4F9814605A86B
S315010264540BF0D7F98346B9F1000F14D0336C02223B
S3150102646438465B6906A9984706A80BF097F9607541
S3150102647468B90023A3754FF000093CE0227E04EBC0
S31501026484C2021384CBE705A80BF073F9EFE794F87C
S315010264941690B9F1000FEED0BAF1000F0DD1B8F191
S315010264A4000F1DD00123E375637E002B3FD1B8F1A2
S315010264B4010F30D184F8198014E0F36C07EB0B0158
S315010264C45A4287EA010010421CBF0022A2755A1ED3
S315010264D40A409B1A9A45CCD8A37D002BDFD1CAE781
S315010264E4E37D43B94FF0000953465A4639463046CD
S315010264F40AF081FDA060A37D13B12269524422618F
S315010265041F49227E097891421AD901322276039AC7
S31501026514CAB91D4623E796F838307BB9336B013382
S31501026524E2D1B8F1030FDFD10123A376DAE7B8F199
S31501026534010FE0D0B8F1030FD4D1F5E79946D3E7B9
S315010265440023A3750BE7002B3FF409AFE57D002D6C
S31501026554DFD0B9F1000F11D1B8F1030F3FF4FFAE49
S31501026564A1684B1C3FF4FBAE129B224600933046B4
S315010265740123FFF7D5FE0546A075F0E64D46EEE684
S31501026584046D03012DE9F04F0E46984600238BB0A4
S3150102659404464FF0FF31104617468DF8133001F0C9
S315010265A4A3FDB6F5801F20D2314605AA04F10800DF
S315010265B40BF029F8451C014603D1237CBBB92D20D6
S315010265C410E0384601F090FD0122394620460DF1CC
S315010265D413030AF059FD0028EFD09DF8133088F809
S315010265E4003000200BB0BDE8F08FB01CE5D1256B5D
S315010265F4691C36D12046A16A0AF043FC0546B31C3E
S3150102660418BF0123DFF8E0900193A36AE26C0293B7
S31501026614236805A902FB053A236C05225B695046E8
S31501026624984705A80BF06FF90BF092F950460BF057
S315010266349AF94FF0000B824601464B1C05D0E36CD6
S3150102664481EA0A025B42134211D0294620460AF024
S3150102665418FC029BAB422CD0BBF1000F2CD1054690
S31501026664D3E72368ED1AE36CB5FBF3F5C7E74846AE
S3150102667401F03AFD0DF1130349462046019A0AF047
S3150102668403FD034690B1B21C03D0D9F80020B242ED
S315010266940CD19DF813200393124B88F80020494626
S315010266A41A6838460DF0E2FE039B9B46D9F8081098
S315010266B4C3E7BBF1000F82D0B6F5801F91D208342D
S315010266C43146204698F800307A680AF0A7FE002877
S315010266D487D13146204698F800307A680AF008FFD5
S315010266E480E700BF006D0301C85000202DE9F34184
S315010266F40446174698460E46184DC16A236B8B42C9
S3150102670401D04B1C02D102B0BDE8F081284601F04A
S31501026714EBFC0122294620460DF107030AF0B4FCDB
S3150102672438B14346294620469DF80720B847002832
S31501026734E9D0A9684A1C04D1696820460AF02EFCEC
S315010267440146012EDAD16B6881EA0302E36C5B42EC
S315010267541A4218BF4FF0FF31D0E700BF9450002010
S315010267642DE9F041436B9046C26B90B09A4288BFC1
S31501026774C363C26C836A07680E4602FB0377036C22
S3150102678401A905225B6904463846984701A80BF01C
S31501026794BAF801280146307057D0E56C226C236899
S315010267A4A06AD2F814C005FB0030052206A9E04707
S315010267B406A80BF0A8F801284FF0000523D0D4E966
S315010267C40B3201219342CDE90B458DF834800E95A6
S315010267D48DF83C102AD1194620460AF0DFFB636B79
S315010267E4E26C14339B1A206363630C9B53B99DF8C1
S315010267F43C303BB1A26AE16C2368206C01FB023195
S315010268040BF039F80C9D236C05225B6901A9384604
S31501026814984701A80BF077F830702846636BE26B50
S315010268249A4288BFE36310B0BDE8F081237C33B991
S315010268341C490BAA04F1080001F062FBD5E72046C4
S31501026844194A0BABFFF752FFCFE7237C23BB224640
S31501026854164904F1080001F053FBA16A20460AF025
S3150102686431FBA16A421C20460AF0A6FA054620B962
S31501026874636BE26C1344143B63632046E16A0AF0D8
S315010268848DFB2368E062C01AE36CB0FBF3F0A062ED
S3150102689420460AF0C6FBB6E700232046044AFFF760
S315010268A425FFDAE7F17402015D740201271103017E
S315010268B4C310030173B50D46D11E4A421C461B7E03
S315010268C44A419A4226D129682368994222D36368A6
S315010268D499421FD8114E0DF107033246FFF752FEB4
S315010268E4C0B972686B689A4214D19DF80730DA1EF0
S315010268F453425341227E93420CD16369013363614C
S31501026904D4E90323934205D22968A26842F82310E3
S3150102691401332361012002B070BD00BFFC50002087
S315010269242DE9F0474FF0FF334FF6FF720025044677
S3150102693400F108078EB0C0E90A2303634562456381
S31501026944384688460AF053FD20460AF016FA00280C
S3150102695440F0BD80414620460AF0E3FA20460AF099
S315010269640CFA0646236F1B6898470546002840F031
S315010269748680002E00F0288120460AF032FA4FF66C
S31501026984FF72A36A934200F02181226CE66C2068AD
S31501026994D2F814C006FB030004A90522E04704A8A1
S315010269A40AF088FFA26A2368E06C894E00FB023072
S315010269B40AF0D9FF4FF0FF33E062236332466FF0E8
S315010269C4010120460DF10F03FFF7DCFD002840F01B
S315010269D4A580D6F808804FF00009C4F83080E66C29
S315010269E408EB0900764280EA08031E4000F099800A
S315010269F44E46666326B92046216B0AF0CFFA206316
S31501026A04414620460AF0CAFA0646E36A9E4240F025
S31501026A14948020460AF043F94FF00008814646461F
S31501026A24236A9E42C0F09D80C14540F2B980204648
S31501026A34A16A0AF026FA064604F1480AA84515D8B7
S31501026A44E36C2768052203FB0677236C04A95B69B9
S31501026A543846984704A80AF02DFF94F87430024682
S31501026A64009339465346206C0AF07FFF314620468D
S31501026A740AF007FA0135A9450646DFD164252846F7
S31501026A840EB0BDE8F0872368226CE06C566900FB00
S31501026A940530052209A9B04709A80AF034FF0AF00C
S31501026AA457FF98B109A80AF07EFF94F8743083421D
S31501026AB440F088800026236A9E420DD320460AF0BE
S31501026AC45CF9064600283FF445AF4BE70135236AD4
S31501026AD49D42D8D30020E8E72368226CE06C55690D
S31501026AE400FB0630052209A9A84709A80AF00BFFEB
S31501026AF4012805460CD1314620460AF0E3F9012D57
S31501026B04024600D10132314620460AF055F903E024
S31501026B140AF023FF0028EED10136CCE7D4F82C8003
S31501026B2459E7236C01225B6909A99847099B013339
S31501026B347FF45FAF09F1040951E7314620460AF0B1
S31501026B44F2F8636B314603448046636320460AF0D6
S31501026B5425FA0646B8F1000F7FF457AFC4E90C08CB
S31501026B6453E7E26C236809A902FB063A236C052260
S31501026B745B695046984709A80AF0C5FE0AF0E8FE81
S31501026B8460B150460AF0EFFE014620460AF0CBF800
S31501026B94E36C143B984208BF08F1010801363FE74A
S31501026BA438460AF024FC002320461946094AFFF70F
S31501026BB49DFD6369012B7FF662AF384601F020F829
S31501026BC405465CE726255AE75E2558E7672556E713
S31501026BD4FC500020B11003012DE9F0410F4616467F
S31501026BE49846044688B060B390F83850FDB1012145
S31501026BF40AF0B8F800210E9BCDE90511CDE9023759
S31501026C049DF83C30CDF804808DF81C30237C049623
S31501026C148BB90D4901AA04F1080001F071F9DDE904
S31501026C240553206C002E08BF1D460AF088FA284631
S31501026C3408B0BDE8F0812046044A01ABFFF756FDD0
S31501026C44EDE70546F3E700BFF1100301B968020156
S31501026C542DE9F04F9BB01F469DF89430DDF890B0B4
S31501026C64022B0546DBF8108005910992089303D09D
S31501026C74B845C0F0DE80B846DBF80430704E0493A2
S31501026C84704B0693B8F1000F18D1DBF810309BB1A3
S31501026C94089B002B40F0C48095F87430022B73D103
S31501026CA49BF818306749DA00B7EBC30F28BFBF1A3E
S31501026CB43A4605980DF0DAFB002066E02B6C0122B8
S31501026CC45B690AA9049898470AA80AF08FFDDBF8BA
S31501026CD40030834240F0AF800AA80AF092FD0428EC
S31501026CE4079055D10AA80AF093FD04460A9B0D930F
S31501026CF4002CE1D0049B079A12A903EB0209002393
S31501026D04CDE90F3311932B6C01225B6948469847EF
S31501026D142868D5F84CE0A9EB000CBCFBFEFC99FAF9
S31501026D2489F313932B6C05225B6915A90EFB0C00DF
S31501026D34984715A80AF0BEFD00BA0DF13C0A149053
S31501026D4412AB032C93E807008AE8070030D92B6CAF
S31501026D5431465B694846A208984724F0030314F0B6
S31501026D64030A1E440CD099442B6C01225B6915A9B2
S31501026D74484698473046524615A90DF077FB5644C4
S31501026D8495F87430022B15D026201BB0BDE8F08F7E
S31501026D942B6C0BA902225B69049898470BA80AF08B
S31501026DA437FD079A04460BA90DA80DF05FFB9FE771
S31501026DB4A246D9E7012322492A6F0393231F0B44CF
S31501026DC40293069BA4F10809CDE900930FA8D2F810
S31501026DD40CA00B1D079A0DA9D0470028D5D1089BF3
S31501026DE4012B0CD195F87430022BCDD1DDE90501C5
S31501026DF44A460DF0B3FA00BB059B4B440593B8EB27
S31501026E04040807D095F87430022BBDD1069B361BB4
S31501026E144B440693284604990AF0C0F8049031E7D4
S31501026E24089B022B7FF448AF0649099B3A4619444B
S31501026E343FE76320A9E76F20A7E73620A5E700BF4E
S31501026E448A6A00208A5A00202DE9F04F9FB09A4699
S31501026E549DF8A030044608939DF8A4308B46069308
S31501026E64D1E903360793069B1746022B35D1CC2E5D
S31501026E7440F0CC81089B63B30AF0BFF90E9001235B
S31501026E844FF008084FF000090593DBF80030DDE9FD
S31501026E9405103B603E610AF0CEFC7E4B35460A93F1
S31501026EA400230C93099304934FEA980338750D93BF
S31501026EB4E16C4A1E0AEA02028B1A002D5FD0C14412
S31501026EC499455ED3636BCDF82CA05B1A13446363B5
S31501026ED4CBE0079B1B680E93D1E7089B13B3069B72
S31501026EE4012B1FD100223346CDE900126949FFF76E
S31501026EF4AFFE054650B9DBF810309BB19BF817304B
S31501026F0483B194F87430022B04D0262528461FB087
S31501026F14BDE8F08F9BF81830013BDA00B6EBC30FDC
S31501026F2428BFB61A782E23D8E36C5A1E0AEA02023D
S31501026F349B1A321D9A4212D9B6B1082B18D80023CC
S31501026F444FF0040905934FF00408069B012B9CD1CB
S31501026F5494F87430022BD8D109F1080995E74FF058
S31501026F640009CDF81490EEE74FF004090596EAE715
S31501026F7401234FF000094FF008080593E5E7984508
S31501026F84A0D8A3EB08039D422E460AEB080228BFAA
S31501026F941E469D420B9273D901233A69FB75AA4295
S31501026FA473D1C7F804A00493FB7D002B6FD03B7EFB
S31501026FB4049907EBC3020133C2F81CA0168482F8B2
S31501026FC422103B76A6B1069B022B65D10C9B6BB9AB
S31501026FD4099B3344032B0BD9236C01229B690EA90A
S31501026FE40AEB08009847002840F0188101230C9304
S31501026FF4049B0FA80193059B00933A7D3346DBF864
S31501027004001001F027F8236C50469B690D9A0FA9CB
S3150102701498478146002840F0F58033464246514658
S31501027024204609F0E8FF636BF21CA3EB080322F086
S3150102703403029B1AB8606363B9F1000F40F0E8805A
S31501027044099BAD1B33440993DBF810306BB1069BE4
S31501027054012B0AD1049B013BDBB2012B05D894F81F
S315010270647430022B7FF451AF083520460B9909F08F
S3150102707495FF4FF000098246002D7FF419AF45E7CB
S31501027084049B002B18BF03238DE702238BE7C7F862
S3150102709404A097E78A5A0020032E40F2AE80049B8D
S315010270A40FA80193059B0DF14C0900933A7D3346D2
S315010270B4DBF8001000F0CEFF0FA9424611A80DF02D
S315010270C4D5F90023CDE913331593236F04215B68A4
S315010270D416A89847F0B9226C0AEB080320681BBA72
S315010270E4D4F84CC0526917930AEB08031B1AB3FB73
S315010270F4FCF396460CFB03000522734619A998472D
S3150102710419A80AF0D7FB00BA189016AB93E8070040
S3150102711489E80700089A94F87430002A5DD1022B93
S315010271247BD10122236F039219AA02923C4A01924C
S31501027134A6F108020092D3F80890079B424611A9C8
S3150102714413A8C847002869D1139B364A136094F8D9
S315010271547430022B5ED1344B199A9A51089B43B16E
S3150102716494F87430022B58D10A9AA6F108031A44E8
S315010271740A92236CB2089B692A490AEB08009847CA
S3150102718406F003028146A8B9A2B1264B26F00309E9
S3150102719403EB09010AEB080399444FF0FF3319A8DB
S315010271A419930DF063F9236C484601229B6919A9C7
S315010271B49847814694F87430022B7FF4A6AE079A57
S315010271C4A6F108031A440792B9F1000F3FF410AF6E
S315010271D42A9B0AEB08021A601FE7022B1DD1012220
S315010271E4236F039219AA02920D4A0192A6F1080289
S315010271F40092D3F808900A9BA0E7324607990AEB54
S315010272040809CAE72A9BC3F800A006E770257DE6AA
S315010272144D467BE6089B002BABD02620054675E638
S315010272248E6A00208A6A0020866A00202DE9F04FC0
S315010272348FB0884608920A69C16C06931439D31D24
S31501027244B3FBF1F3013302EBC302436B04469342EC
S31501027254C0F0F8800023DFF8F4B10493256B7B4870
S31501027264294600F041FF049B41460C930CAB029361
S31501027274069B20460193089B744A00932B46FFF70B
S31501027284E3FD8246C8B9DBF808300834A362DBF8A9
S3150102729404202046069BD8F800100AF0BFF80028FD
S315010272A440F0CC802046069BDBF80420D8F8001077
S315010272B40FB0BDE8F04F0AF01BB93D2840F0BE807D
S315010272C40C9BE06C04932368EF1AB7FBF0F707FBF8
S315010272D400300AF048FB216B0646204609F05EFEA1
S315010272E4E36A834200F09580E16C626BDBF8083055
S315010272F42063481E521A034013446363049A2368A3
S31501027304D31AB3FBF1F39F42079368D1AD1B66D03F
S315010273144F4FDFF840914FF0FF314D4800F0E4FE44
S31501027324236C01225B690DA9304698470DA80AF020
S315010273345DFA474A01460DF12F032046FFF722F96A
S3150102734400287AD1FB7D43B13B7E3A6907EBC3033D
S315010273541B8BD21A083315441E44216B3D480991ED
S3150102736400F0C2FE9DF82F3009990593049B20462D
S315010273740C930CAB0293059B364A019301230093AA
S315010273840B463946FFF760FD0C9B0493002854D142
S31501027394D9E90012D9F8083004F10800236304F18B
S315010273A408030993059B0AF039F830B9D9E90012A1
S315010273B4059B04F108000AF09BF83B69782B37D840
S315010273C4F97D002934D104221A44954228BFAD1A03
S315010273D489B3FA7D0AB908331E44002D9BD1236869
S315010273E4079AE16C206C01FB02310AF031FA20465C
S315010273F409F0C3FC204609F0F4FCA26A2368E06C96
S3150102740400FB02300AF0AFFAE062204609F009FEF7
S315010274146063D8F81020E16CD31D1439B3FBF1F380
S31501027424013302EBC302636B9342BFF417AF05E068
S3150102743401210822C8E70433CEE7824650460FB03B
S31501027444BDE8F08F4FF01C0AF8E700BFC8500020D0
S315010274549450002060500020032A2DE9F341074687
S315010274640E4690461C4606D1237A012B2AD00120C8
S3150102747402B0BDE8F0811C4D09682A460DF10703E5
S31501027484FFF780F860600028EED19DF80730032BE0
S31501027494EAD0696872689142E6D1356945B1012B30
S315010274A412D1337EB5EBC30F4FEAC30200D3A81A36
S315010274B4227AE368012A09D1BA691844904205D9A4
S315010274C400232374207CD3E72846F1E708351D44BB
S315010274D40122434631463846E560FFF7A7FE60605E
S315010274E40028C1D00020C3E7FC5000202DE9F34156
S315010274F4032A1746089C06D1237A012B35D001208B
S3150102750402B0BDE8F0812668DFF8B0803046424613
S315010275140DF10703FFF736F860600028ECD1256800
S31501027524D8F80430E96AEA6C4B4050420340E3D18D
S31501027534D8F8100078B19DF807C0BCF1010F0AD141
S3150102754498F818C0B0EBCC0F38BF18464FEACC0EE8
S3150102755428BFA0EB0E00237A012B08D1E368184455
S31501027564B369984203D900232374207CC8E72868A7
S315010275742B6B1B1A081AB3FBF2F3B0FBF2F083422C
S315010275840BD1F06C336B421E1340726B121A134405
S315010275942846736309F002FD2863D8F81020E368CC
S315010275A408321344E36001223B4604492068FFF78B
S315010275B43DFE606000289FD00020A1E7FC50002018
S315010275C40022704B2DE9F0411F680D4604461A60EC
S315010275D418B921252846BDE8F08190F838606EB3C2
S315010275E40A6803689A4240F0C1804A6843689A422B
S315010275F440F0BC808A6883689A4240F0B780CA68C0
S31501027604C3689A4240F0B2800A6983699A4240F099
S31501027614AD808A69036C9A4240F0A880CA69036FF5
S315010276249A4240F0A38091F8202090F874309A424D
S3150102763440F09C804B690025C361CBE77822314631
S31501027644D0F83C80D9F714DDD5E902122B6804F18E
S31501027654080023606B68C4F83C8063602B69A361EC
S315010276646B69E36109F0D6FEAB6904F14800236450
S315010276749B689847002877D1E16C11B16368B3FB23
S31501027684F1F194F84B302162002BA2D00023A366B8
S31501027694EB69236795F82060E56C84F87460002D24
S315010276A46CD000296AD02368B3FBF5F205FB1233C9
S315010276B4002B5DD1D4F80480B8FBF5F305FB1383E3
S315010276C4002B55D1204609F01DFBE369043303441B
S315010276D498454FD340F63472A369CC3B93424BD8B7
S315010276E4B5F5805F4AD3012E4AD9032E48D0032128
S315010276F4204609F037FBD4E90001236C1B6898473D
S315010277040546236C0220DB689847D5B939462046DB
S31501027714FFF706F96428054604D139462046FFF7E0
S31501027724FFF805466DB9E36C626A143B204602FB17
S3150102773403F609F0E7FAE369043303449E4238BFC8
S315010277445A25002D0CBF0123002384F8383007D1B2
S31501027754D4E900010C4A1368013313600AF008F8EC
S31501027764206C09F0ECFC35E731468AE75D2531E701
S3150102777459252FE75A252DE75F252BE75B2529E7AF
S31501027784262527E7EC490020E84900202DE9F043A4
S315010277940C4691461E46054685B0002847D090F808
S315010277A43830002B45D0B1F5801F44D2DFF89080E2
S315010277B4012109F0D7FA2146424628460DF10F0363
S315010277C4FEF7E0FE0446F8B99DF80F30012B27D1E6
S315010277D4D8F810703FB195F87430022B18D198F885
S315010277E4183006EBC306B7421FD100223B4649466F
S315010277F42846CDE90082FFF72BFA044620B9014651
S315010278043A460E48D9F734DC286C09F098FC03E0B1
S31501027814286C09F094FC2624204605B0BDE8F083C1
S31501027824022B14BF2D246024EEE76324ECE7212402
S31501027834F2E71124F0E72924EEE700BF8A5A002071
S31501027844305100202DE9F04385B00C4691461E467F
S315010278540546DDF8308000284DD090F83830002BEB
S315010278644BD0B1F5801F4AD2264F012109F07AFA8B
S3150102787421463A4628460DF10F03FEF783FE0446D6
S31501027884E8B99DF80F30012B2ED195F87430022BED
S3150102789419D13869F8B906EB0803834229D80223B8
S315010278A43246CDE90073494643462846FFF7D0F9E5
S315010278B4044620B9014642461348D9F7D9DB286C56
S315010278C409F03DFC03E0286C09F039FC2624204624
S315010278D405B0BDE8F0833B7EB0EBC30F4FEAC302AA
S315010278E434BF2046801AD6E7022B14BF2D24602406
S315010278F4E5E76324E3E72124E9E71124E7E72924F9
S31501027904E5E700BF305100208A5A00202DE9F341F0
S315010279141E4600230C46174605463360C8B390F843
S315010279243830C3B3B1F5801F37D2DFF87480012131
S3150102793409F018FA2146424628460DF10703FEF7D5
S3150102794421FE0446286C14BB9DF80730032B1ED076
S31501027954022B06D101233B600423336009F0EFFBBA
S315010279640FE0D8F810303C607BB195F87420022AF6
S3150102797404D198F81820A3EBC203EEE709F0DFFB62
S315010279842624204602B0BDE8F0813460E6E72D24C0
S31501027994E4E72124F5E71124F3E72924F1E700BFFB
S315010279A43051002073B50446816909F08FF9E26EFC
S315010279B4636B024493422CBF00220122834294BF89
S315010279C400231B1A207C84F85820E36584F860009E
S315010279D4A8B100230B4E1A4619462046009609F011
S315010279E4D0FC002305461A4619462046009609F09C
S315010279F4D1FCE3682844984294BF0020C01A606609
S31501027A0402B070BDFFFF0F002DE9F3471D468369DE
S31501027A140446AB42894690469DF8287059D30026FE
S31501027A248DF807602046A16909F050F9D4F834A00B
S31501027A3482450BD2636AB6EB430F07D20022204674
S31501027A440DF10701FEF78CFE002840D09DF80730A0
S31501027A54012B05D1002220460DF10701FEF780FE16
S31501027A64032F06D02946204609F030F9666B864271
S31501027A7431D31B4E4FF0FF31304600F035FB012F57
S31501027A84C6F80090356106D12DB194F87430022BF3
S31501027A9423D1083535613B46002220461049C6F8F2
S31501027AA40C80FFF7C3FBA36E054663B12046FFF7BD
S31501027AB479FF94F8583013B994F860301BB1A36E68
S31501027AC404F158009847284602B0BDE8F08701360A
S31501027AD4A8E76225F7E71C25F5E72625F3E700BFA4
S31501027AE4FC5000202DE9FF410F4690461E460546ED
S31501027AF4002847D090F83830002B45D0B1F5801FC5
S31501027B0444D2234C022109F02DF92246394628464C
S31501027B140DF10F03FEF736FD50BB236933B395F816
S31501027B247420022A1AD1227E06EBC2029DF80F1094
S31501027B3401291DD193421BD1CDE9004100224146BF
S31501027B442846FFF785F8044690B90146324611489C
S31501027B54D9F78EDA286C09F0F2FA03E0286C09F0F7
S31501027B64EEFA2624204604B0BDE8F0813246DDE76A
S31501027B74012342460093394633462846FFF744FF1A
S31501027B840446E7E72124EDE71124EBE72924E9E793
S31501027B94305100208A5A002030B50C46054685B07C
S31501027BA428B390F8383023B3B1F5801F23D20221CA
S31501027BB409F0D8F80DF10F03214628460F4AFEF7BC
S31501027BC4E1FC034688B99DF80F20032A0DD003224E
S31501027BD42146009202462846FFF716FF0446286C00
S31501027BE409F0ADFA204605B030BD2D24F7E721246C
S31501027BF4F8E71124F6E72924F4E700BF30510020FF
S31501027C042DE9F04FC56889B0AC00059020460BF00A
S31501027C1439FBDFF83CB2DFF82CA2CBF80000204690
S31501027C240BF030FBCAF8000020460BF02BFBDFF801
S31501027C341892DFF81882C9F8000020460BF022FBDD
S31501027C44C8F8000020460BF01DFB7C4F3860204625
S31501027C540BF018FB7A4B06461860DBF80030002459
S31501027C640293DAF80030D8F800E0039301236A1E7E
S31501027C74D9F800C0D7F800800192019A9A42C0F05D
S31501027C84C1805A0000920122013B0693009B002502
S31501027C94013B0492079367E0069B5C19019B9C4294
S31501027CA428BF1C46079B03EB0509019B994528BF7F
S31501027CB49946AC42C0F0A2804C4580F09F80029B5B
S31501027CC4002B00F09D80039B002B00F09980BCF1F0
S31501027CD4000F00F09580BEF1000F00F09180B8F11B
S31501027CE4000F00F08D80002E00F08A800021049B93
S31501027CF4EF0004EB030A059B1B688A4539D1002769
S31501027D04A9EB040B03EBC404A2680398C2F313029E
S31501027D1440F82720E2684EF8272054F8082F46F83F
S31501027D2427200137BB45EFD10022A946144603F1A8
S31501027D34040AA1422FD8274603EBC90AB9420AF11A
S31501027D44080A47D80F1BA14238BF00274F4403EB49
S31501027D54C703934503F1080346D80024009B009AFE
S31501027D641D44049B9B1A0493019BAB4294D8009B2A
S31501027D7483E7DA59029803EB070BC2F3130240F8BD
S31501027D842120DBF804204CF82120DA59083748F877
S31501027D9421200131B1E79345CDD9039850F82270D8
S31501027DA4029850F82400B84295BF58F8247056F840
S31501027DB4227043F8397043F8397096BF5CF824701F
S31501027DC45EF8227001344AF8397088BF013209F12A
S31501027DD40109AEE758F827004AF8080C5CF82700AF
S31501027DE401374AF8040CA9E756F8221043F8081C8D
S31501027DF45EF82210013243F8041CAAE72124ADE7F6
S31501027E041924ABE702980DF012FC0E4B18680DF01B
S31501027E140EFC0A4B18680DF00AFC0B4B18680DF0A0
S31501027E2406FC074B18680DF002FC084B18680DF0A6
S31501027E34FEFB204609B0BDE8F08F00BFF4490020DD
S31501027E44F0490020004A0020FC490020F84900209C
S31501027E54044A00202DE9F041C768984643687FB376
S31501027E649F421DD9B8F1030F36D0ABB305682E462E
S31501027E744FF0000C03E09C4506F108062CD055F898
S31501027E843C400CF1010CC4F3075EBEF1030FF2D1BF
S31501027E94C1F3130141EA0851C6E90012BDE8F081B2
S31501027EA405680024AC4655F834600134C6F3130E52
S31501027EB4013601D071451ED0A7420CF1080CF2D14C
S31501027EC49F42CFD2056855F8374005EBC706013400
S31501027ED406D0B8F1030FCAD101230372BDE8F081BA
S31501027EE4C1F3130141EA085145F8371001377260AB
S31501027EF4C760BDE8F08141EA0851CCE90012CDE739
S31501027F042DE9F0410646406882B0B8B10F46904663
S31501027F140024336853F8345003EBC403C5F3075200
S31501027F24C5F31301013506D05B683046CDF80080EE
S31501027F34B84718B1706801348442EAD302B0BDE885
S31501027F44F08100BF024B1968024B1868FFF738BB70
S31501027F54FC7B0020247C002030B5164D9BB0297889
S31501027F6431BB4FF0007203231024CDE90223F62319
S31501027F741C2209A8CDE9051107910493CDE9004410
S31501027F84D9F776D8042310A808940B93D8F70ADCF8
S31501027F94694608AA10A80AF070F810B173201BB03A
S31501027FA430BD0122044B2A70C3E90020986018757A
S31501027FB40020F4E7927A002048500020F0B587B0F9
S31501027FC49DF83C700C46012F15461946DDE90C2332
S31501027FD40E9E14D198B104B98DB901B97AB973B1A6
S31501027FE46EB104270090CDE90367CDE90145054841
S31501027FF40AF0DAFF002818BF722007B0F0BD21206B
S31501028004FBE700BF48500020F0B587B09DF83C70ED
S315010280140C46012F15461946DDE90C230E9E14D191
S3150102802498B104B98DB901B97AB973B16EB104279C
S315010280340090CDE90367CDE9014505480AF0C8FF79
S31501028044002818BF472007B0F0BD2120FBE700BF77
S315010280544850002073B504462248012A00EAC11198
S315010280649DF8185023F07C4007D9961E012E28D973
S31501028074073303F07F03194308E09DF81C300A43D2
S31501028084DB0603F0C053134343F060410023C4E902
S3150102809400108DF80730B5B1202221460DF10700F3
S315010280A409F08AFC1A220DF10700211D09F084FC4C
S315010280B4082063689DF8072043EA8263636002B07D
S315010280C470BD1143E2E71B220DF10700214609F0B7
S315010280D473FC23689DF80720042043EAC2632360E4
S315010280E4EDE700BF80FFFF0738B5094B0D461A6855
S315010280F400210446D8F7BCDF00234FF0FF32238365
S31501028104C4E900252361A260E382A37638BD00BFD8
S31501028114006D03010138C0B205289ABF014B185CF0
S3150102812401207047056D03012DE9F0430746154603
S3150102813400240E46596889B0490A012922464FEAA2
S31501028144510104F10104F8D8DC78997824031B88D7
S31501028154C90201F4006104F480540C43C3F30A0313
S315010281641C4453039BB21C444FF6FE784FF6FF732D
S315010281749DF840204FF00009022A18BF9846274B62
S3150102818402A9039325F07843ED430DF107001B225F
S3150102819402938DF8079009F00FFC9DF80720029BC4
S315010281A402A943EAC2630DF107001B2225F07845B1
S315010281B4049302958DF8079009F0FEFB9DF80720BA
S315010281C4029B44EA084443EAC26305934FF0FF3330
S315010281D40794069307A9BB69012206F11000984781
S315010281E4BB6905A90446012206F108009847BB6941
S315010281F4484518BF044604A90122301D98470122A5
S31501028204484518BF0446BB69304603A99847484501
S3150102821408BF204609B0BDE8F08300BF01009AB247
S31501028224034BD3F82424D3F820041040704700BF2B
S3150102823400C083404FF480320A4B5A6603F5DE23AB
S315010282449B69C3F303320270C3F303424270C3F35D
S31501028254461203F00F03134343804FF6FF738380E1
S31501028264704700BF0050804000487047001000006C
S315010282742DE9F843234B1B68D8F73ADF0128064652
S3150102828405D9D8F761DF051E02DA012419E00025B2
S315010282941D4F3B7803F0FF088BBB4FF050091B4C73
S315010282A404EB0900A465C4F85C90D8F7ECDF2066F8
S315010282B450B90124012E04D92846D8F75BDF44EAD2
S315010282C4D0742046BDE8F883114C414604F11003EB
S315010282D422460120C4F80080C4F80480A360C4F8CD
S315010282E40C90D9F77AD820660028E2D0032101201E
S315010282F40AF08AFE01200AF085FE01233B7000245E
S31501028304D8E700BF287C0020947A0020C8510020B7
S315010283146451002038B5D8F7EBDE0128044605D9A5
S31501028324D8F712DF002802DA012038BD0020174DE2
S315010283342A7802F0FF030AB3012C18D8D8F7B0D968
S315010283440028F2D1012002F01FF801200AF058FE9A
S315010283540F4B186ED9F7E6D870B90E4B186ED9F7CA
S3150102836424D8003818BF012000232B70DDE7D8F783
S3150102837401DF0028E2DAD7E70120F5E7012C03D968
S31501028384D8F7F8DEC00FD0E71846CEE7947A002074
S3150102839464510020C851002008B54FF085435B6C37
S315010283A4DA0208D5D8F7A4DE0238012803D80A4B23
S315010283B4186ED9F78FD84FF08542536CDB02FCD580
S315010283C4536D1268054A03F4702313600120BDE854
S315010283D4084001F0D9BF00BF64510020287C002067
S315010283E400232DE9F0478EB00E4617460446019343
S315010283F4002869D00AB1002966D037F0030807F0CC
S31501028404030A28D04FF0E0634FF0000923600123E9
S31501028414C4F80490C4F808900896099348F00053E6
S315010284240A9308AA02AB07CAC4F8209083E8070094
S3150102843419462046D8F7AADA41462046D8F77EDA03
S315010284442046D8F74DD9054628B142464946304613
S31501028454D8F70EDE03E0BAF1000F04D1002528464F
S315010284640EB0BDE8F0874FF0E0634FF000092360D8
S3150102847401ABC4F80490C4F808900B9301230C933E
S31501028484124B0EAA0D9305AB12E90700C4F820900C
S3150102849483E8070019462046D8F778DA04212046EC
S315010284A4D8F74CDA2046D8F71BD9054608B13A461D
S315010284B4CCE7019A4644EB00013522FA03F3AA45B5
S315010284C406F8013BF7D1C9E72125C8E704000020D4
S315010284D42DE9F0410C46154606468AB0002845D0D8
S315010284E4002943D05A1E072A40D8072D3ED85F19C0
S315010284F4082F3BD81E4B0DF1180803600023436075
S31501028504036283600123CDF80C800493194B03AAF9
S31501028514059307CA8DE8070030466946D8F736DA65
S315010285243046D8F7DDD810B92146AF4202D80AB08F
S31501028534BDE8F08138F815200D60D40402F4005325
S3150102854402D513B10220F2E773B9C2F300330B72F7
S31501028554C2F30B03DB034B60C2F38033D20B4B72C0
S315010285648A7201350C31E0E70223F0E72120DEE7C6
S31501028574000053FF10000020F0B516460546A7B0C9
S31501028584002857D0002955D0002A53D02A4B012757
S3150102859403600023294C43600362836008AA08919D
S315010285A402AB09970A9407CA83E807000B960BAA3A
S315010285B40C970D9405AC07CA84E8070019462846A8
S315010285C4D8F7E4D921462846D8F7E0D92846D8F778
S315010285D487D8044640BB019001A92846D8F782D917
S315010285E4044608BB40F20223019A9A421CD8014668
S315010285F460220EA8D8F73CDD0823224628460EA996
S31501028604FFF766FFA0B908220EAB197A0C330229C9
S3150102861404BF53F8081C00EBD100013AF5D13368C3
S31501028624834204D31B1A3360204627B0F0BD0220CD
S315010286340446F9E72124F7E7000064FF0400002059
S3150102864470B50E461C46054686B038B31BB32AB32B
S3150102865413F0030322D1436003628360012303926D
S315010286640F49049344F00053059306AA016012E9E3
S3150102867407008DE807006946284609F085FD31465B
S315010286842846D8F75BD921462846D8F757D928462A
S31501028694D8F792D80446204606B070BD2124FAE7DB
S315010286A4000063FF2DE9F0410F46017804460139C2
S315010286B4904692B004295BD8DFE801F003464B5099
S315010286C45500402514262B490C3400225D437A6059
S315010286D438463960BA6029463A62D8F72FD94FF03B
S315010286E4010C45F00055CDF8248009ABCDF828C01C
S315010286F446F000560B9593E8070003AB8DE8070095
S315010287040C940CAACDF834C00E9607CA83E8070066
S315010287140F9412AACDF840C006AC119612E90700CD
S3150102872484E807001946384609F02EFD694638469B
S3150102873409F02AFD38462146D8F728D93846D7F70B
S31501028744CFDF12B0BDE8F081402520260A490C3458
S31501028754BBE74025202609490C34B6E78025402685
S3150102876407491434B1E78025402606491434ACE797
S315010287742120E6E7000201030003010300040103C9
S31501028784000501030006010310B591B188B1002366
S31501028794C0E90133084B00F10C0203F1200153F83D
S315010287A4044B8B4242F8044BF9D101230370002096
S315010287B410BD2120FCE700BF106D030110B591B174
S315010287C488B10023C0E90133084B00F10C0203F11D
S315010287D4200153F8044B8B4242F8044BF9D102238C
S315010287E40370002010BD2120FCE700BFF2640301DF
S315010287F410B591B188B10023C0E90133084B00F1E8
S315010288040C0203F1200153F8044B8B4242F8044B48
S31501028814F9D103230370002010BD2120FCE700BF18
S315010288241365030110B5A1B198B10023C0E901335F
S31501028834C0E90333084B00F1140203F1400153F872
S31501028844044B8B4242F8044BF9D1042303700020F2
S3150102885410BD2120FCE700BF3465030110B5A1B1A7
S3150102886498B10023C0E90133C0E90333084B00F18F
S31501028874140203F1400153F8044B8B4242F8044BB0
S31501028884F9D105230370002010BD2120FCE700BFA6
S31501028894756503012DE9F04F0D46174693B000287D
S315010288A400F0A380002900F0A080002A00F09D8038
S315010288B40278013A042A00F29880DFE802F0030EF4
S315010288C4747E8B004FF0140B4A4A00F10C0A00F134
S315010288D4040900F12C04D8460AE04FF0200B4FF0AC
S315010288E41C08454A00F10C0A00F1040900F12C04A2
S315010288F44021984579D840290CBF0223042309F162
S31501028904040609EB830356F8040B00286FD19E4231
S31501028914F9D1D9F80030013901EA030631462A6050
S3150102892468602862A8602846D8F708D82846D9F884
S315010289340010D8F703D84FF0010E4BF00053CDF8CF
S3150102894424A046F00056CDF828E00B9309AB93E830
S3150102895407000CAB8DE807000C94CDF834E00E96B3
S3150102896493E8070003AE48F0005386E8070006AC15
S315010289740F97CDF840E0119312AB13E9070084E88F
S3150102898407006946284609F0FFFB3146284609F0E5
S31501028994FBFB28462146D7F7F9DF2846D7F7A0DE9F
S315010289A413B0BDE8F08F4FF0200B144A00F10C0A04
S315010289B400F1040900F12C048DE74FF0400B4FF04E
S315010289C430080F4A00F1140A00F1040900F15404B3
S315010289D480218EE74FF0400B0A4AD84600F1140A69
S315010289E400F1040900F15404F2E72120D8E70F202B
S315010289F4D6E700BF000203030003030300040303D3
S31501028A0400050303000603032DE9F0438DB00D4669
S31501028A1491461E460446149F002840D0002F3ED09C
S31501028A240AB9002B3BD16B1EDBB2042B37D81D4A84
S31501028A3412F80380159B984531D800232802012593
S31501028A4400F1407000F5807063603146A3602362D1
S31501028A54206046F000562046D7F770DFCDF818900D
S31501028A6406AA0795089607CA8DE8070048F0005238
S31501028A7409970A950B9203AD0CAA12E9070085E838
S31501028A8407006946204609F07FFB20462946D7F7A7
S31501028A947DDF2046D7F724DE0DB0BDE8F083212021
S31501028AA4FAE700BF0B6D0301F0B50F4616461D46E4
S31501028AB4044693B010B9212013B0F0BD0029FAD0AF
S31501028AC4002AF8D0002BF6D0002331461A4638463E
S31501028AD409F080F80028EFD1304602A909F011F80D
S31501028AE40028E9D1EB68022B0AD039683F48029A79
S31501028AF481426B6902D01830814270D19A42DAD826
S31501028B042B68002BD7D14FF060626360384622602E
S31501028B14A360236201A909F0BEF80028CCD1019908
S31501028B24204621F4F0610191D7F708DF6946284608
S31501028B3409F0B1F80028BFD120460099D7F7FEDE25
S31501028B44384609A900F054F80028B5D1204609A9E6
S31501028B5409F01AFB38460CA909F09EF90028ABD193
S31501028B6420460CA909F010FBEB684BB1284606A96D
S31501028B7400F03EF800289FD1204606A909F004FB1D
S31501028B84304603A909F088F9002895D1B368DA04B5
S31501028B940CD59B0427D50621F36932691B6801FBAF
S31501028BA403225B0043F0005303920593204603A973
S31501028BB409F0EAFA28460FA909F06EF900287FF4AA
S31501028BC47BAF20460FA9D7F7E1DE03252046D7F767
S31501028BD487DD01287FF470AF013DF7D16CE7B3EB72
S31501028BE4420F8DD267E7292066E700BF200000B055
S31501028BF490B189B101234B60C368013B012B08D8AB
S31501028C048269064B1AB10A6000208B607047044AD6
S31501028C14F9E74FF00053F7E72120704708000020D7
S31501028C24306D0301F0B50E46154604468FB0002891
S31501028C3462D0002960D0002A5ED0012329461A4651
S31501028C44304608F0C7FF002856D1B36813F4C04F63
S31501028C5452D0AB6803F4C043B3F5005F4CD1284B41
S31501028C640BAF60602062A06039463046236009F08A
S31501028C7412F800283ED120460B99D7F75FDE30461B
S31501028C8402A9FFF7B5FF002836D1204609F07CFA7E
S31501028C94304605A909F000F960BB204605A909F089
S31501028CA473FAEB6843BBAB6803F4C043B3F5005FE5
S31501028CB422D1284601A908F04EFFE8B9019B6A6947
S31501028CC49A421BD32A6943F000530B9201220C9256
S31501028CD40D9308AB97E8070083E807001946204677
S31501028CE4D7F754DE03252046D7F7FADC012801D14A
S31501028CF4013DF8D10FB0F0BD2120FBE71D20F9E7B4
S31501028D040000010230B50D46044685B010B9212092
S31501028D1405B030BD0029FAD00E4B01A90360002328
S31501028D24436003628360284608F0B5FF0028EFD149
S31501028D3420460199D7F702DE284601A9FFF758FF13
S31501028D440028E4D1204609F01FFA2046D7F7C8DCE9
S31501028D54DEE700BF000005012DE9F04798B00D4694
S31501028D64DDE920860446DDF88890002800F0978024
S31501028D74002900F09480B9F1000F00F09080B8F157
S31501028D84000F02D1002E40F08A80296801F0704159
S31501028D94B1F1404F7ED0002B7ED1013A042A7ED80E
S31501028DA4DFE802F06F7203756C004FF4806343F0DF
S31501028DB4C0632360002315AF636039462846A36066
S31501028DC4236208F068FF002855D120461599D7F782
S31501028DD4B5DD31462046D7F7B1DD69462846FFF7A8
S31501028DE407FF002847D16946204609F0CDF92846EE
S31501028DF403A909F051F800283DD14FF0010A204692
S31501028E0403A946F0005609F0BFF9CDF83C8006AB3A
S31501028E14CDF840A00FAA119607CA83E8070019469E
S31501028E24204609F0B1F9CDF8488009ABCDF84CA03A
S31501028E3412AA149607CA83E807002A6802F0704246
S31501028E44B2F1404F03D11946204609F09DF9012397
S31501028E54CDF854901693239B43F0005317930CAB0E
S31501028E6497E8070083E8070020461946D7F78EDDFF
S31501028E742046D7F735DC18B0BDE8F0874FF4C06356
S31501028E8495E74FF4007392E74FF440738FE74FF47B
S31501028E94A0638CE7034B8CE74FF0C06389E721207B
S31501028EA4E9E700BF000002062DE9F04393B00D463F
S31501028EB4DDE91A960446DDF87080002800F09580F3
S31501028EC4002900F09280B9F1000F02D1002E40F080
S31501028ED48C80B8F1000F00F08880A968890440F1FA
S31501028EE48480296801F07041B1F1404F73D0002B9F
S31501028EF473D1013A042A78D8DFE802F06467036A77
S31501028F0461004FF4806343F0C06343F4803323600A
S31501028F1400230FAF636039462846A360236208F033
S31501028F24BAFE002848D120460F99D7F707DD314604
S31501028F342046D7F703DD69462846FFF759FE00287E
S31501028F443AD16946204609F01FF9284603A908F0D1
S31501028F54A3FF88BB204603A909F016F94FF0010CB9
S31501028F6446F00056CDF830900CABCDF834C00E96CF
S31501028F7493E807001D9B0DF1180943F0005389E894
S31501028F840700CDF83C80CDF840C011932B6809AE99
S31501028F9403F07043B3F1404F97E8070086E80700F0
S31501028FA41DD13146204609F0EFF84946204609F01B
S31501028FB4EBF82046D7F794DB13B0BDE8F0834FF400
S31501028FC4C063A0E74FF400739DE74FF440739AE739
S31501028FD44FF4A06397E7064B99E7064B97E7494691
S31501028FE4204609F0D1F83146E0E72120E4E700BF43
S31501028FF4000003060000010610F1860F14D010F1D9
S31501029004850F07DA10F1930F11D0873007D04FF08D
S31501029014FF307047003818BF012040427047054BA4
S31501029024194411F9050C70476FF0710070476FF01E
S315010290346F007047386D03FF012908B50CDC084B34
S31501029044084A002918BF1A46114609F044FEBDE82A
S3150102905408400449FFF7D0BF6FF0740008BD00BF92
S315010290640A0000020B00000208B509F074FEBDE80D
S3150102907408400149FFF7C0BF0B000002002307B5F0
S315010290844022019301AB09F082FE034903B05DF864
S3150102909404EBFFF7B1BF00BF0B000002012908B5BB
S315010290A40CDC084B084A002918BF1A46114609F076
S315010290B412FEBDE808400449FFF79EBF6FF0730034
S315010290C408BD00BF080000020900000208B509F044
S315010290D442FEBDE808400149FFF78EBF09000002BE
S315010290E4002307B52022019301AB09F050FE03497F
S315010290F403B05DF804EBFFF77FBF00BF090000026E
S3150102910408B5044909F0E7FDBDE808400149FFF73E
S3150102911473BF00BF0500000208B509F01CFEBDE8D5
S3150102912408400149FFF768BF05000002002307B59D
S315010291341422019301AB09F02AFE034903B05DF837
S3150102914404EBFFF759BF00BF0500000238B5134D02
S31501029154FFF78EF8124B134A13491448FCF7F8FC2D
S315010291642B7803F0FF04BBB9D7F7C2DF012802D972
S31501029174D7F7EADF04462B782BB90D4B0D481B684A
S31501029184984701232B70D7F7B3DF012804D9204668
S31501029194BDE83840D7F7EE9F38BD00BF957A002067
S315010291A4E5210301C7210301FF2103010922030169
S315010291B4E47B00208448002000F01F02A0F506206B
S315010291C4A0F55060812810D801230949400993402A
S315010291D451F820201A4341F82020064951F820204B
S315010291E422EA030241F8202070474FF0FF3070470C
S315010291F4405200202C52002000F01F03A0F5062045
S31501029204A0F55060812810B519D801210D4A4009EB
S31501029214994052F820300B430B4942F82030D1E9E8
S31501029224003423448C682344CC68096923445B18BB
S3150102923404D1C2E90033C2E90233136110BD4FF00E
S31501029244FF30FBE72C520020405200202DE9F04F5B
S31501029254A7B003921D4604460822CDE90401414002
S3150102926421FA02F34B40980702F1080218BF9B0048
S31501029274202A1C44F4D18123B4FBF3F303EBC31375
S31501029284E41A784B04F506241B7804F55064002B82
S3150102929439D1FEF757FE064600286ED10146402211
S315010292A406A8D7F7E5DE3146402216A8D7F7E0DE4F
S315010292B46D4E6E4FB0461036B74228BF37466C48DC
S315010292C4013F009743461022006806A908F059F89F
S315010292D44FF0000B81460DF1180AD94540D1644875
S315010292E4009743461022006816A908F053F84FF076
S315010292F40008834616AFC34545D15E4B9E42D8D17B
S315010293040122584B1A7081270026DFF878A1DFF86B
S3150102931478B16309A3F58643683B5AF8232004F01E
S315010293241F01CA40D20744D45BF82330CB40DB0782
S3150102933432D5002E08BF26468123A4F50624A4F6B7
S31501029344FF44B4FBF3F303EBC313E41A04F5062453
S31501029354013F04F55064DCD1039BFBB12EBB1DE036
S315010293645AF8040BFFF728FF013009D100223D4BBD
S315010293741A703C4B1B78002BC5D16FF091000FE09C
S315010293840BF1010BA9E757F8040BFFF735FF01307F
S31501029394EFD008F10108AEE7039B23B96FF08B0006
S315010293A427B0BDE8F08F06B92646329B00201E601F
S315010293B4F6E7309B13B10023309A1360319B13B144
S315010293C40023319A13604FF01009DFF8A480CDF817
S315010293D4009000232A462146D8F80000FEF732FA05
S315010293E4002836D1309B0BB1C3F800902A68224B70
S315010293F49A4217D02146D8F80000FEF7CDFB002881
S31501029404CCD1D5E90223DDE90410834208BF8A429D
S3150102941492D1039B002BC7D06B68012BC4D16FF089
S315010294248400BDE7309B002BEBD0319B002BE8D0A7
S315010294342146D8F8000016AAFEF768FA48B9319B04
S31501029444309A1B681268934297D39B1A319A136016
S31501029454D7E70A4B9842CDD06328CBD0084B984222
S31501029464CFD08AE7967A0020006D0800816D080044
S31501029474247C0020906D0800105D175EFFDF00F06A
S31501029484FEDF00F0405200202C52002070B5124D2E
S315010294942B7803F0FF04CBB9D7F72ADE012802D9C8
S315010294A4D7F752DE04462B784BB90C48436D43F089
S315010294B4010343650A4B1B68984701232B70D7F7AF
S315010294C417DE012802D92046D7F754DEBDE87040DB
S315010294D4044B02481B681847977A0020545200200D
S315010294E4E47B0020DC7B0020034B1B781BB1034B7E
S315010294F403481B6818477047977A0020D87B0020D7
S31501029504545200202DE9F04F87B082468946984687
S315010295141646DDF840B02AB1002B55D040F26C73E1
S315010295249A4254D8BBF1010F54D8002406F110070C
S3150102953439460120059409F0D7FE054600284CD088
S31501029544394608F06CFEFFF7A1FF05ABCDE90143ED
S3150102955400942B46012250464946FFF777FE0446FC
S3150102956488B110F18C0F08BF6FF08D043946284675
S3150102957408F055FE28460CF05AF8FFF7B5FF2046C7
S3150102958407B0BDE8F08F164BC5E902A92B60C5F8F1
S3150102959404B02EB13246414605F110000AF066FFC7
S315010295A4059E10483B462A4631460068FEF79AFA5A
S315010295B438B93046FFF700FE013008BF6FF0860462
S315010295C4D4E76FF09104D1E76FF08604D7E76FF021
S315010295D49104D4E76FF08504D1E76FF08C04CEE7EA
S315010295E4105D175E247C00202DE9F0478CB081467C
S315010295F4DDE914780C4616461D465BB1B8F1000F37
S3150102960447D0B7F1005F44D3C3F1005303F50023F6
S315010296149F423ED84FF0000A1022002108A8D7F72C
S3150102962427DDCDE905AAFFF731FF07AB029305ABA7
S31501029634019306AB214600935246484608ABFFF70F
S3150102964405FE0446D0B9059B3DB1B3421CD853EA83
S31501029654060504D06FF0860410E0B342FAD3069BE2
S315010296640D48C8F8005000953A46079900683344F4
S31501029674FEF7E8F8002818BF6FF09104FFF734FFEC
S3150102968420460CB0BDE8F0879B1B9D4228BF1D46B0
S31501029694E5E76FF08604F3E7247C002070B5002623
S315010296A40C4605468CB01022002108A8D7F7E0DC47
S315010296B4CDE90566FFF7EAFE07AB029305AB019313
S315010296C406AB214600933246284608ABFFF7BEFD98
S315010296D4044608BB099B012B23D0079D144B29463B
S315010296E41868FEF759FAF8B9A5F50623A3F55063E6
S315010296F4812B05F01F020DD801210E485B09914009
S3150102970450F823204A4040F823202846FFF774FDE7
S31501029714013001D16FF08604FFF7E6FE20460CB054
S3150102972470BD6FF08404F7E76FF09104F4E700BFAC
S31501029734247C00204052002010B5002443681460A2
S315010297441B0A012B0DD00A4CA34207D063B9008828
S3150102975408F04AFE08441060002010BD012313607C
S31501029764FAE72C311160F7E76FF08500F5E700BFE0
S31501029774010080002DE9F043884614461D46C5B012
S31501029784002839D0002937D0B2B3ABB3038803F426
S315010297944F42B2F5824F02D06FF0850025E0DAB26C
S315010297A4122AF9D123F0FF03B3F5E24F27D14388F5
S315010297B42B60EBB9E3002B60B3F5807FECD1002378
S315010297C41846444908EB0405214415F8012D11F8FC
S315010297D4014D1043121B18BF0023A84543EA020395
S315010297E4F3D148B1002B07DA002045B0BDE8F08376
S315010297F4DA1DB4EBD20FDFD06FF08600F5E7B3F5CD
S31501029804824F64D10B78042BF6D12822002118A8A1
S31501029814D7F72EDC18A8D6F7C5DF002854D14FF0A6
S31501029824880922AF4A4600213846D7F721DC0123AB
S315010298342022002168468DF88830D7F719DC2022C8
S31501029844013C08F10103002105940DEB0200E40039
S3150102985404936408D7F70CDC2022002110A8CDE971
S315010298640C79D7F705DCB4F5C07F6E46CDE91479D8
S315010298742C6091D023D8E02C02D0B4F5807FBBD1E1
S31501029884154B0734336008934FF40053B3604FF416
S315010298948043E4080A93640010AB08A9324618A867
S315010298A41194FFF701F92B6804460733DB085900C3
S315010298B413B1384608F0A6FD002C95D09CE7B4F501
S315010298C4047F3FF469AF97E76FF092008DE76FF07B
S315010298D496008AE73F6D030120000080F8B513461E
S315010298E442880C460732072A4FEAD20101D0A14225
S315010298F46DD1D0E901670588202218460021D7F7E0
S31501029904B7DB360A012E034618D0324A964203D0F1
S3150102991426B16FF08B00F8BD0422C260002C56D02A
S3150102992441F20102954205D0B5F5885F02D0B5F53B
S31501029934905F05D15C60B6BB0020ECE7C660EDE73B
S31501029944B5F5105F07D1182C03D0202C01D0102CA9
S315010299543DD11C60EEE705F44F42B2F5824F02D0C7
S315010299646FF08500D7E7EAB2122AF9D1202CF7D192
S31501029974194A1A6025F0FF02B2F5E24F0CD0B2F58C
S31501029984824F24D14FF4005217F4705F09D017F4B1
S31501029994864F04D09A60E3E74FF48042F4E742F437
S315010299A480629A60C7E70B4A9642C5D0F8075EBF42
S315010299B49A6842F080729A606904BDD4BA0701D5E5
S315010299C4002FB9DA9A6842F480729A60B4E76FF0AA
S315010299D48600A0E701008000200000802DE9F04105
S315010299E4174600221C4643688CB01B0A012B80468B
S315010299F40E46009238D0884A934200F0BC80002B6E
S31501029A0440F00181008820F0FF03B3F5824F18D19B
S31501029A14B8F802500735ED08009508F0E5FC20B9BF
S31501029A246FF085000CB0BDE8F0810B78042B05D1EB
S31501029A34013FB7EB450F06F1010604D06FF086002C
S31501029A44F0E73D460097224629464046FFF746FF80
S31501029A540028E7D10337C4E9030627F00307676140
S31501029A64002D40F0AA8068E0032FE7D90B78012B79
S31501029A7440F0CC80497891B3F739052900F2C380C5
S31501029A84DFE801F02303C11EC1284FF41056F8255D
S31501029A94624F1C22002102A8D7F7EADA03230197AF
S31501029AA4CDE90435039601AA09AD134603CBAB42AC
S31501029AB4206061601A4604F10804F6D10020B1E778
S31501029AC410274FF08076FA25E3E720274FF0007638
S31501029AD4F725DEE74FF41056FC25504FD9E72B2F15
S31501029AE4ACD920222046D7F7C3DA06F1100316F0C1
S31501029AF4030523610DD001AB06F1280C1A46306821
S31501029B047168083603C266451346F7D1306801AE59
S31501029B1410607368103F2360B3686360F36867611A
S31501029B24A3600123E3601DB12C2101A808F06AFC9C
S31501029B346946204607F0E5FF20B12021204608F0B8
S31501029B4461FC7BE7B8F80030009D03F44F42B2F59D
S31501029B54824F0ED1DAB2122A0BD123F0FF03B3F5E7
S31501029B64824F06D16B0062691C339A42BFF478AF05
S31501029B74E3E72B46F7E7002F4BD045882246073504
S31501029B84ED0829460095FFF7A9FE00287FF44AAF9E
S31501029B94B8F800306074B3F5885F05D0B3F5105F89
S31501029BA47FF44CAFA0745BE7B5F5007F03D0B5F53E
S31501029BB4806F7FF435AF0123A3742022002101A80B
S31501029BC4D7F756DA294601AA4046FFF787FEDDE9A9
S31501029BD40176DDE90712039D0028AED12368D4F884
S31501029BE408C0BB42A9D16768B742A6D18CEA05036C
S31501029BF433F48073A1D1A3698B429ED1E369934263
S31501029C043FF410AF99E76FF08B000BE76FF0910009
S31501029C1408E76FF08C0005E7010080002000008050
S31501029C2470B54568049C2D0A012D1ED0194EB54204
S31501029C3406D01DBB9A422AD3C4E90412002070BD80
S31501029C442AB3002201886274B1F5885F04D0B1F5A2
S31501029C54105F16D1A274F1E7B3F5007F02D0B3F512
S31501029C64806F11D10123A374E8E703F12C0090421A
S31501029C740DD810311C3321616361DFE76FF08B006C
S31501029C84DDE76FF08600DAE76FF08500D7E76FF05C
S31501029C948C00D4E7010080002DE9F04788B015460F
S31501029CA4DDE9102998468A460646129B28B96FF0C1
S31501029CB48604204608B0BDE8F0870029F7D0002DB6
S31501029CC4F5D0B8F1000FF2D0002AF0D0B9F1000FA5
S31501029CD4EDD0002BEBD00022C9F80020EA001A606D
S31501029CE44368294AB2EB132FE1D1DBB2002BDED151
S31501029CF40788B7F5105F0AD1A5F11002102A03D815
S31501029D04224BD340DB0709D46FF08504D1E7B7F5BB
S31501029D14885FF9D1402D01D0802DF5D1B368002B8E
S31501029D24C5DB202200216846D7F7A2D96A4629460D
S31501029D343046FFF7D3FD04460028BAD1B7F51057CA
S31501029D444FF0040318BF012703938DF811002A4625
S31501029D545146684673698DF8127000F09DF940B157
S31501029D641C280ED02E2814BF6FF092046FF08A04B9
S31501029D749FE79DF8103088F800300123C9F80030B6
S31501029D8497E76FF08D0494E7010080000101010059
S31501029D942DE9F0410F461E46054688B028B96FF0F3
S31501029DA48604204608B0BDE8F0810029F7D0002ACE
S31501029DB4F5D0002BF3D000232A4A33604368B2EB71
S31501029DC4132FECD1DBB2002BE9D14488B0F8008021
S31501029DD40734B8F5105F4FEAD4040AD1A4F110028C
S31501029DE4102A03D8204BD340DB0709D46FF085042C
S31501029DF4D7E7B8F5885FF9D1402C01D0802CF5D18B
S31501029E04AB68002BCBDB202200216846D7F730D979
S31501029E1421466A462846FFF761FD04460028C0D159
S31501029E24B8F5105818BF4FF0010804238DF8110034
S31501029E346969684603938DF8128000F091F940B17D
S31501029E441C280CD02E2814BF6FF092046FF08A04DA
S31501029E54A7E79DF810303B7001233360A1E76FF049
S31501029E648D049EE7010080000101010030B44568BA
S31501029E74044CB4EB152F02D130BCFFF789BF30BCB9
S31501029E8408F00BBB01008000194B20F4FF7222F08B
S31501029E9401029A4210D0174A20F0FF0393420BD0D3
S31501029EA420F47F7121F00301A2F57062914203D07D
S31501029EB402F5A062934217D110F0FF0017D040F0C9
S31501029EC4007000F17E40053806280DD8DFE800F05F
S31501029ED4040C0C0E06080A00012070470320704781
S31501029EE404207047052070470020704702207047FE
S31501029EF40002000600130006038830B503F44F443A
S31501029F04B4F5824F18BF0023114D21F0FF046FF3FC
S31501029F140801A942DBB214D005F58855AC4210D02A
S31501029F24122B11D152B1B4F1062F0DD14388B3F5D7
S31501029F34807F14BF6FF08500002030BDB1F1062F7A
S31501029F44F3E76FF08600F8E76FF08500F5E700BFE7
S31501029F54000200064FF0FF310148D6F7669D00BFA5
S31501029F64B85200200148D6F77E9D00BFB8520020A0
S31501029F7438B5FEF77DF90446B0B950230C4DE818FD
S31501029F84AD65EB65D7F77FD9286678B10222094B0D
S31501029F9421469A8001221C600132202A9960197392
S31501029FA4597303F10803F7D1204638BD0124FBE7AF
S31501029FB4B85200201C5300202DE9F041067C0546C7
S31501029FC41F2E8AB02AD8DFF8608008EBC6073B79D0
S31501029FD433B3022B26D0FFF7BDFF044670B90146FF
S31501029FE448F836002822B8806846D7F741D8684629
S31501029FF4D6F7D8DB044628B1FFF7B4FF20460AB0E8
S3150102A004BDE8F08129466846FEF77CFE044600282F
S3150102A014F2D1684607F0EFFC0446EDE72124EDE7A9
S3150102A0241324EBE70824E9E71C53002010B570B1A9
S3150102A03469B10123074A52F83340A04202D10020F2
S3150102A0440B7010BD0133202BF5D12D20F9E7212008
S3150102A054F7E700BF1C53002013B504460846ACB10A
S3150102A064A1B10DF10701FFF7E1FF88B10123094A05
S3150102A074916821B9107B10B9237402B010BD013362
S3150102A084202B02F10802F3D11C20F6E72120F4E782
S3150102A0942E20F2E71C5300202DE9F0478A4690460A
S3150102A0A49946054692B0002855D0002953D0002A74
S3150102A0B451D0002B4FD0FFF74DFF0446002846D15D
S3150102A0C46E462F460FCF0FC697E80F0008F1030815
S3150102A0D486E80F0028F003022146059208A82822E1
S3150102A0E4CDE9034AD6F7C4DF49462846FFF7B4FF4A
S3150102A0F40446D0B908A8D6F755DB0446A8B92A46B8
S3150102A104694608A807F069FF044670B92A7C134B0D
S3150102A11408A843F8329003EBC20301221A71AA7CFE
S3150102A1245A7107F068FC044678B12B7C6BB11F2B7C
S3150102A13409D80A4800EBC3021179012902BF002199
S3150102A14440F83310918000232B74FFF70BFF20464E
S3150102A15412B0BDE8F0872124F9E700BF1C530020A1
S3150102A16470B50E4605468AB0002840D000293ED075
S3150102A174FFF7F0FE0446002836D101462822684636
S3150102A184D6F776DF31462846FFF766FF0446C8B995
S3150102A1946846D6F707DB0446A0B92946684607F09E
S3150102A1A4A6FE044670B92A7C124B684643F832600D
S3150102A1B403EBC20301221A71AA7C5A7107F01BFC32
S3150102A1C4044678B12B7C6BB11F2B09D8094800EBE5
S3150102A1D4C3021179012902BF002140F8331091808B
S3150102A1E400232B74FFF7BEFE20460AB070BD21245C
S3150102A1F4FAE700BF1C53002030B588B181B10123AF
S3150102A204084A52F8335002EBC304854203D10020B3
S3150102A21463790B7030BD0133202BF2D12D20F9E77E
S3150102A2242120F7E71C53002038B501250A4C0B48B7
S3150102A234D5F7D3DF0B20D6F791D904F500535D6721
S3150102A24442201D6700F0A0F804F58054422008F06C
S3150102A254D9FE0020656738BD004010406C6D0301CC
S3150102A26408B5054B1B6FDB0704D50122034B1A679D
S3150102A274AFF3008008BD00BF0040104000601040EB
S3150102A2840028ACBF00F16040064B4FEA0111C9B286
S3150102A294ABBF00F5614000F00F0080F800131954BA
S3150102A2A4704700BF14ED00E0002807DB01234109D2
S3150102A2B4034A00F01F00834042F82130704700BF71
S3150102A2C400E100E000280CDB01220649430900F003
S3150102A2D41F008240203341F82320BFF34F8FBFF37F
S3150102A2E46F8F704700E100E0034672B6044A906834
S3150102A2F49360BFF34F8FBFF36F8F62B6704700BF90
S3150102A30400ED00E038B5D6F761DB154B1C781CBBB2
S3150102A31401221A70D6F755DBD6F74FDB114B0546E8
S3150102A32498682346104AC1580433B3F5D47F42F8D8
S3150102A334041BF8D16A210C48FFF7D6FF2846D6F743
S3150102A34437DB6FF0040210460132052152B2FFF7E0
S3150102A35497FF5A2AF7D138BDBDE83840D6F7319B63
S3150102A364987A002000ED00E000340020054B4211EA
S3150102A37453F8223000F01F0023FA00F0C04300F024
S3150102A3840100704700E100E0002808DB01224309CD
S3150102A394034900F01F008240603341F823207047CD
S3150102A3A400E100E010B50446D6F710DB024B1C604F
S3150102A3B4D6F707DB002010BD4854002013B500234D
S3150102A3C401241A4619461846009400F0C9FA0023D4
S3150102A3D400941A461946184600F0F4FA0248FFF7A1
S3150102A3E4E1FF002002B010BD3C7C002013B50A4CEB
S3150102A3F423787BB900F048F8684600F03DF8DDE9B8
S3150102A40400010222054B09F087F908B901232370D9
S3150102A41402B010BD1220FBE7997A00204C540020A9
S3150102A42407B5009313460A460146034808F047FE58
S3150102A43403B05DF804FB00BF4C54002013460A46E0
S3150102A4440146014808F02ABF4C54002007B500937F
S3150102A45413460A460146034808F02AFF03B05DF88B
S3150102A46404FB00BF4C54002013460A460146014828
S3150102A47408F044BF4C540020024AD2E90021C0E943
S3150102A48400217047745400200349044B044A5B1AA1
S3150102A49411605360704700BF08870020000008203E
S3150102A4A47454002008B509F029FE034B1868BDE867
S3150102A4B40840D6F7CE9E00BF7C54002000B58BB06F
S3150102A4C42022002102A8D6F7D3DD084B4FF480528D
S3150102A4D4019337230021CDE90623054801AAD6F7BC
S3150102A4E46BDE044B18600BB05DF804FB7E5D030161
S3150102A4F4A9A402017C540020036810B4596A846E2B
S3150102A5049A68C1F5977193682144034A5DF8044B2D
S3150102A5145C300BF039BA00BF0C000020B1F5067F9E
S3150102A52413B504462AD310200BF098FA18B96FF022
S3150102A534020002B010BD236840F20C411A6802F00F
S3150102A5447F020BF0A4FA0028F1D0D6F745DBA0610D
S3150102A554B8B1214613220C4B04F11800636051F879
S3150102A564303B00921B6890220AF08AFF074B0020B7
S3150102A57463610123C4E90300A360DAE76FF02200F1
S3150102A584D7E76FF00100D4E7086F030195A502012D
S3150102A594F8B5C36804460E4643B94368416ADB68A3
S3150102A5A43D4A43F4806318300BF0EEF9A36A9B0526
S3150102A5B42ED4224652F8C01BE368C86809693028BA
S3150102A5C434BF0820102008280CBF092011204D1E73
S3150102A5D41D404D1B854238BF6D182A44D90002F825
S3150102A5E4011C05F1BF025B09224404F1C101914236
S3150102A5F44DD18023616A84F8C03063682A46DB68D8
S3150102A604983104F118000BF0BFF923692B44236135
S3150102A61422692746D31C23F003039B1A226A304676
S3150102A62452F8041C41EA032142F8041C52F8081C9C
S3150102A6340B4443F0005342F8083C2368D968CD1C05
S3150102A644D6F74CDB57F8183B0146DA6838460BF065
S3150102A654A5F9236825F00305DA68AA4206D0AA1ADF
S3150102A6640021384642F080420BF098F9A16A11F4AE
S3150102A674806110D123685A69DB689A420BD0D21AD7
S3150102A6843846BDE8F84042F080420BF087B902F839
S3150102A694013D1B0AABE7F8BD04000020014B036030
S3150102A6A4FFF73CBFA86E0301014B0360FFF736BFF8
S3150102A6B4886E0301014B0360FFF730BF686E030125
S3150102A6C4014B0360FFF72ABFE86E0301014B0360E6
S3150102A6D4FFF724BFC86E03012DE9F843314F3B78D6
S3150102A6E403F0FF0583B13048D5F777DD2F48D5F757
S3150102A6F474DD09F071F92C48D5F772DD2B48D5F7CB
S3150102A7046FDD0020BDE8F883D6F7F2DC01280646A0
S3150102A71403D9D6F719DD051E42DB3B7803F0FF099F
S3150102A724002B34D14FF05008214C04EB0800A465E8
S3150102A734C4F85C80D6F7A7DD206608B90120E1E7F3
S3150102A7441C4C04F15000C4E91648D6F79CDD206678
S3150102A7540028F3D004F1640304F1B400C4E92F38E8
S3150102A764D6F791DDC4F8C4000028E7D0124C494655
S3150102A77404F1100322460120C4E90099C4E902380E
S3150102A784D6F72BDE20660028D8D001233B70012E92
S3150102A794A9D92846D6F7EEDC0028A4DA0220B1E7C5
S3150102A7A40D20AFE79A7A0020646D0301686D0301F7
S3150102A7B4E85400204C5500208454002008B5154B5A
S3150102A7C44FF4FC7200211846D6F752DC0A220346DC
S3150102A7D4026142611048114A98614FF48061DA615B
S3150102A7E4002219629A625A62DA62C3F808010C48B3
S3150102A7F4C3F80C01C3F810110A49C3F81821C3F8A6
S3150102A8041421C3F81C2111F8010D98540132102A9E
S3150102A814F9D108BD10850020BA6503011081002013
S3150102A824107D0020286F03012DE9F84FDFF8888097
S3150102A834824698F800308946532B164601D0FFF713
S3150102A844BDFF182707FB0A87D7F81851D7F814B1A1
S3150102A8545D452FD9D7F81041D7F80C11641BB442C0
S3150102A86428BF344648462944224609F0FFFDD7F853
S3150102A87410312544AB4208BF0025A144361BABEB7C
S3150102A884050B5E4528BF5E465EB1182303FB0A83A8
S3150102A894D3F80C1132462944484609F0E7FD3444FB
S3150102A8A4354424B1182303FB0A88C8F818512046F3
S3150102A8B4BDE8F88F0024E2E710850020F8B51827D1
S3150102A8C400FB0775124B0E461D4407FB0033DB6A78
S3150102A8D41446012B0AD0022B14D023B9284609F0B7
S3150102A8E49CF8844208D900242046F8BD284609F07A
S3150102A8F494F8844228BF044622463146284609F082
S3150102A90495F8F1E72846BDE8F84009F0AAB800BF70
S3150102A91410850020F8B50B4B04461B780D46532BC4
S3150102A924164601D0FFF74AFFEFF311874FF02001D4
S3150102A93481F31188324629462046FFF7BFFF87F382
S3150102A9441188F8BD108500201822044B02FB00333E
S3150102A954D3F81401D3F81831C01A704710850020B0
S3150102A9642DE9F041164C1E4623780546532B88469B
S3150102A974174601D0FFF722FF092D1DD8EFF3118CDB
S3150102A9844FF0200181F3118865B1182005FB0003FC
S3150102A99444F80380E2180023576000FB054216625D
S3150102A9A493625362182303FB0544069BE3628CF309
S3150102A9B411880020BDE8F0814FF0FF30FAE700BFAD
S3150102A9C4108500202DE9F843174E1F4633780546B4
S3150102A9D4532B8946904601D0FFF7F0FE092D1FD865
S3150102A9E4EFF311824FF0200181F311886DB118241E
S3150102A9F4002304FB0564C4F80891C4F80C81C4F865
S3150102AA041071C4F81831C4F81431182303FB05660E
S3150102AA14089BC6F81C3182F311880020BDE8F8832D
S3150102AA244FF0FF30FAE700BF1085002002490A6899
S3150102AA3402604A684260704784700301002307B5C5
S3150102AA440348019301AB01F04BF803B05DF804FB33
S3150102AA5400720800002307B50348019301AB01F014
S3150102AA643FF803B05DF804FB0D720800002307B535
S3150102AA740348019301AB01F033F803B05DF804FB1B
S3150102AA840E720800002307B50348019301AB01F0D6
S3150102AA9427F803B05DF804FB10720800002307B51A
S3150102AAA40348019301AB01F01BF803B05DF804FB03
S3150102AAB411720800002307B50348019301AB01F0A3
S3150102AAC40FF803B05DF804FB12720800014801F0A5
S3150102AAD407B800BF04720800014801F001B800BFBB
S3150102AAE409720800014800F0FBBF00BF0A720800A0
S3150102AAF4014800F0F5BF00BF2972080010B50648E7
S3150102AB040C4600F099FF40F20123984202BF4FF628
S3150102AB14F1730020238010BD0C72080010B506489B
S3150102AB240C4600F089FF40F20123984202BF48F223
S3150102AB3401030020238010BD0B72080010B50548DD
S3150102AB440C4600F079FF40F20123984204BF00202B
S3150102AB54208010BD1872080007B500200090034832
S3150102AB6401F014F803B05DF804FB00BF1F7208007C
S3150102AB7407B500200090034801F008F803B05DF818
S3150102AB8404FB00BF05720800014800F081BF00BF43
S3150102AB943072080010B506480C4600F079FF40F2FF
S3150102ABA40123984202BF4FF47A730020236010BD39
S3150102ABB40872080010B50C480C4600F03DFF40F23D
S3150102ABC40123984204D14FF47063238000200AE0E2
S3150102ABD448B92388B3F5805FF8D304482F22DF21CD
S3150102ABE400F0ACFD2F2010BD07720800C3650301F6
S3150102ABF473B5002601AB0E480C461546019600F0C4
S3150102AC046FFF40F2012398420BD164B10C2D0CD98A
S3150102AC1420462A46074909F0E9FB30462C4404F842
S3150102AC24016C02B070BD0B20FBE71920F9E700BFE6
S3150102AC340F720800E36503011FB500234A680C4637
S3150102AC440F2A039310D9009310220968074803AB0C
S3150102AC5400F09CFF30B963680F2B01D809F06EFA34
S3150102AC641023636004B010BD1920FBE717720800B4
S3150102AC742DE9F0431E46002389B0074608460D46D0
S3150102AC841446CDE9053300F099FE18B9D82009B066
S3150102AC94BDE8F083284605A900F0FAFE0028F6D19C
S3150102ACA4204600F08BFE0028F0D0204606A900F0CB
S3150102ACB4EFFE0028EBD1DDE90595079007A91548B2
S3150102ACC400F0E6FE044608BB079919EB010802D116
S3150102ACD40DB109F033FA022009F07EF948B1079B56
S3150102ACE4022100931F203B46CDE901950A4A09F048
S3150102ACF466F973689D420BD83DB12A4641463068CE
S3150102AD0409F03CFB73689D42E3D875602046BEE7B1
S3150102AD141924FBE721720800F06503010B46024A76
S3150102AD2402490348FFF7A4BF2772080026720800E6
S3150102AD340E6603010B46024A02490348FFF798BF0E
S3150102AD4425720800247208002A6603010B46024A88
S3150102AD5402490348FFF78CBF2372080022720800D6
S3150102AD645066030110B5094CD4E8AF3FDB070BD497
S3150102AD74204609F0D4F938B1054A0649064809F0CC
S3150102AD84C9F9204609F0D7F9034810BD1456002023
S3150102AD94C07B0020F33A0301687C0020014800F0DD
S3150102ADA47DBF00BF00720800014800F077BF00BFF3
S3150102ADB40D720800014800F071BF00BF0E7208004F
S3150102ADC4014800F06BBF00BF10720800014800F091
S3150102ADD465BF00BF11720800014800F05FBF00BFE2
S3150102ADE412720800014800F059BF00BF0F72080031
S3150102ADF4014800F053BF00BF04720800014800F085
S3150102AE044DBF00BF09720800014800F047BF00BFE9
S3150102AE140A720800014800F041BF00BF2972080006
S3150102AE24014800F00DBF00BF0C720800014800F092
S3150102AE3407BF00BF0B720800014800F001BF00BF43
S3150102AE4418720800014800F0FBBE00BF0772080031
S3150102AE54014800F03DBF00BF1F720800014800F01F
S3150102AE6437BF00BF05720800014800F001BF00BFE9
S3150102AE7408720800014800F0FBBE00BF21720800F7
S3150102AE84032307B5D1E9001201A8019300F0BEFC20
S3150102AE9418B90199024800F0EBFE03B05DF804FB10
S3150102AEA430720800014800F0F3BD00BF21720800A8
S3150102AEB4014800F0ADBE00BF28720800014800F047
S3150102AEC48FBD00BF287208004A68102A03D1096897
S3150102AED4024800F0FDBE2F20704700BF177208001A
S3150102AEE410B5094CD4E8AF3FDB070BD4204609F071
S3150102AEF416F938B1054A0649064809F00BF92046FE
S3150102AF0409F019F9034810BD1C560020C07B002024
S3150102AF14C93B03017C7C002000232DE9F04F85B057
S3150102AF2480460F462C4803A91546039300F0B0FD4B
S3150102AF34002838D1294E336823B90399284800F0E9
S3150102AF44BDFC80BBD5E90014039B326802EB030BFB
S3150102AF5414F003031BD10A4623465946204800F03E
S3150102AF64C9FC00BB4046316800F082FED8B93846B6
S3150102AF74696800F07DFEB0B933686A68002013443B
S3150102AF8413F03F021CBF40339B1A33600BE004F1FA
S3150102AF94040AAAEB030A5046019100F017FC01992F
S3150102AFA4814618B9AC2005B0BDE8F08F224609F0F6
S3150102AFB45DFAAAEB0402FF2109EB0400D6F758D87D
S3150102AFC453464A465946064800F094FC0446484606
S3150102AFD400F00CFC2046C4E7217208001856002032
S3150102AFE4345600200A4602480249FFF795BF00BFBC
S3150102AFF422720800237208000A4602480249FFF730
S3150102B0048BBF00BF24720800257208000A46024853
S3150102B0140249FFF781BF00BF2672080027720800A2
S3150102B0240021094B10B5196032B9084C2146BDE815
S3150102B0341040074800F01CBE064C074800F034FCD9
S3150102B044204609F022F8F1E71856002000F07501AE
S3150102B05421720800000076013456002010B5094C0D
S3150102B064D4E8AF3FDB070BD4204609F058F838B1D0
S3150102B074054A0649064809F04DF8204609F05BF8E7
S3150102B084034810BD20560020C07B0020EB3B030180
S3150102B094807C0020002307B5074801A9019300F02B
S3150102B0A4F7FC30B90198002808BF022003B05DF805
S3150102B0B404FB0220FAE700BF2072080070B5536848
S3150102B0C40E463F2B154686B02DD9194800F076FC5B
S3150102B0D458B30023164804A9049300F0D9FC044684
S3150102B0E4E0B905AB02936B68059001932B6811498C
S3150102B0F400930498D6E9002304F062FE10F1880F46
S3150102B10413D010F18C0F10D058B9059B402B08D1DE
S3150102B1146A683F2A01D809F011F86B60204606B025
S3150102B12470BDAC24FAE71924F8E7D824F6E700BF80
S3150102B134207208000906000610B5044686B00B46BD
S3150102B1440B4A052104A800F059FE9DF8133010217B
S3150102B15402939DF81230204601939DF81130054A57
S3150102B16400939DF8103000F049FE002006B010BD90
S3150102B174696603016E660301436810B5DAB20446D1
S3150102B184416122B923F0FF0343F001034360074BF4
S3150102B194074923604FF47053C4E9023107F03DF8BD
S3150102B1A4000240F00100606010BD00BF127100018F
S3150102B1B4090600062DE9F041D2F804800746B8F1E2
S3150102B1C4400F0E4615461C46F6B003D92F2076B01B
S3150102B1D4BDE8F0814122002115A8D5F749DFB8F16E
S3150102B1E4000F37D04246296815A809F03FF903AD85
S3150102B1F439462846FFF7A0FF0028E8D107AF3146B2
S3150102B2043846FFF799FF01460028E0D1A02226A875
S3150102B214D5F72EDFA021374A15ABCDE9005726A86B
S3150102B22400F0ECFDFFF736FF05464EA804F003F9DC
S3150102B2340BA805F0CCFC26A90BA805F0E1FC0646F1
S3150102B244C8B1AC240BA805F0C6FC4EA804F0F8F864
S3150102B2542046BCE7284A15AB02F1080C1D461068C4
S3150102B2645168083203C562452B46F7D110689288A4
S3150102B2742860AA80BBE709210BA805F0BDFC284674
S3150102B284F9F734FD182231460FA8D5F7F1DE29461E
S3150102B2940FA8FFF771FF02A90FA80E60F9F79AFF2B
S3150102B2A406460FA804F023FF002ECAD129464EA84A
S3150102B2B4F9F7B8F806460028C3D14EA90BA805F03A
S3150102B2C49DFC00963346D4E900120BA8FAF7DEFE7A
S3150102B2D40028B6D1206809F0D6F86368013098428D
S3150102B2E401D908F02BFF60602946044800F0C0FC2E
S3150102B2F40446A7E7926603018466030120720800E5
S3150102B30470B54D6888B015B92F2008B070BD0024F8
S3150102B3140968CDE9064405910D44FFF7BBFE0C4BC2
S3150102B32406AECDE9014306902346224629460396F3
S3150102B334009405A802F06AFA10B99DF81C300BB9FB
S3150102B344AC20E2E70699034800F092FCDDE700BF70
S3150102B354A93C03012072080010B5094CD4E8AF3F99
S3150102B364DB070BD4204608F0DAFE38B1054A064952
S3150102B374064808F0CFFE204608F0DDFE034810BD5C
S3150102B38424560020C07B0020913C0301847C0020CA
S3150102B394012903BF034B00201B78A62008BF1370A3
S3150102B3A4704700BFBB7A0020022938B514461D46F0
S3150102B3B40FD1202200210848D5F75ADE3CB1202DAF
S3150102B3C42A46214628BF2022034809F04FF80020C5
S3150102B3D438BDA620FCE700BF9B7A0020104608B5BB
S3150102B3E46AB163B102290CD1202B28BF20231A4644
S3150102B3F4029B05491A6009F039F8002008BD2F207D
S3150102B404FCE7A620FAE700BF9B7A0020012905D1B1
S3150102B41402B11278024B00201A707047A6207047B7
S3150102B424BB7A0020014B00200B6070472542340190
S3150102B4342DE9F041054600248EB0884617460021BF
S3150102B444112209A81E46D5F713DE1122284602AB9C
S3150102B45409A9CDE90644CDE902448DF82040FFF756
S3150102B46435FB00284BD1029B0A2B45D19DF8283086
S3150102B4742D2B47D19DF82B302D2B43D10BAB0193A9
S3150102B4840DF129030093092109AB1F4A06A800F00D
S3150102B494B5FC082306AD029300242B680A2203A9EC
S3150102B4A404A804938DF8144000F00CFE039A05AB2C
S3150102B4B49A42A8F8000021D1AB880A2203A904A85A
S3150102B4C4ADF810308DF8124000F0FCFD3870039F80
S3150102B4D40DF112039F4211D1EB880A2203A904A892
S3150102B4E4ADF810308DF8124000F0ECFD039B30707C
S3150102B4F4BB4203D1204602E0072B03D82F200EB00C
S3150102B504BDE8F08109ADC7E7CC6603010023F0B5B6
S3150102B51487B001930C46D1E9001201ABFFF71CFB7C
S3150102B52440F20123984225D102AD2A46144B03F176
S3150102B53410072E4618685968083303C6BB423546B6
S3150102B544F7D163680F2B02D8192007B0F0BD25681D
S3150102B554134603CB696006A98B4228601A4605F194
S3150102B5640805F5D110230193019B6268934204D91C
S3150102B57408F0E4FD0028E8D1F6E700206360E4E779
S3150102B5849471030170B596B004462D220D460AA89C
S3150102B5940021D5F76DDD00232D220193204601AB4F
S3150102B5A40AA9FFF799FA40F20123984229D11823ED
S3150102B5B40193194B0AAC03F1180622461868596815
S3150102B5C4083303C2B3421446F7D12022002102A84A
S3150102B5D4D5F74EDD019902AA0AA800F07BF8A0F17B
S3150102B5E41003102B044613D86B68984212D80246EC
S3150102B5F402A9286808F03AFF6B689C4205D908F04B
S3150102B6049DFD0028E1D016B070BD00206C60FAE7FA
S3150102B6142F20F8E71920F6E7D966030170B54B68BE
S3150102B6240646602B0C461546A4B02CD98522002168
S3150102B63402A8D5F71DDD002385220193304601AB0D
S3150102B64402A9FFF74FFA40F20123984212D184224A
S3150102B6540E4902A8019208F009FF2268019902A87B
S3150102B66400F038F8612828600BD16368602B05D88D
S3150102B67408F064FD0028F0D024B070BD606000209B
S3150102B684FAE72F20F8E71920F6E700BFF26603016D
S3150102B694024A0349034808F03DBD00BFC07B0020AE
S3150102B6A4293E0301887C00201FB51346002203921A
S3150102B6B403AA0192202200920A460146044804F092
S3150102B6C4ADFA002814BFAC20002005B05DF804FBD6
S3150102B6D409000002014B08F04EBC00BF9D3E030166
S3150102B6E438B5094BD3E8EF2F541CC3E8E54F002DB7
S3150102B6F4F8D1002A04DC00F04DF808B108F01EFD69
S3150102B7044FF0000038BD00BF285600202D2828BF5F
S3150102B714002010B4074C04EB8000074CD4E8AF4F69
S3150102B7241CB1A4465DF8044B60475DF8044B08F06E
S3150102B7345EBC00BFDC7103012C56002007B503462B
S3150102B744CDE9001200200121024A08F038FC03B0B7
S3150102B7545DF804FB77670301024BD3E88F0FC0B28E
S3150102B764704700BFF37C0020024608B5064BD3E8B6
S3150102B774AF3F3BB9054B06491B68D86800F01AFC72
S3150102B78408F0DCFC08BD00BF305600209C7C00207A
S3150102B7948867030108B50A4BD3E8EF2F511CC3E8A6
S3150102B7A4E01F0028F8D1002A07DD064B06481B686C
S3150102B7B4D96800F011FC08F0C1FC002008BD00BFE5
S3150102B7C4305600209C7C0020D067030138B504461C
S3150102B7D40548FFF7C9FF204600F000FB054621464E
S3150102B7E408F003FC284638BD0368030110B5044674
S3150102B7F40548FFF7B9FF2046002108F0F7FB20466A
S3150102B804BDE8104000F0F2BA0F68030170B50446B0
S3150102B81488B000680D46164608F0EAFB23684FF421
S3150102B8240071079301230B4A02A8CDE902230A4BAD
S3150102B8343246CDE9041300232946069301ABF9F7EF
S3150102B84459FB014618B1054800F09AFCAC2008B030
S3150102B85470BD00BF002480000010C0041A680301F1
S3150102B864014B0360704700BFDC72030110B5044645
S3150102B87408F00CFC054B0020D3F8942003F5805301
S3150102B88462604FF400321A6710BD00BF008000A344
S3150102B89410B50446034B0821036007F096FE2046C1
S3150102B8A410BD00BFDC72030108B5FCF7E1FC10B957
S3150102B8B40148D4F777DF08BD3C560020002313B5AF
S3150102B8C40C460B48694601AA0093FCF755FE58B982
S3150102B8D4009B24F07F4223F07F439A4206D9012238
S3150102B8E421460348D4F774DF02B010BD2E20FBE7CC
S3150102B8F43C56002073B51E4600230C46154669467E
S3150102B9040B4801AA0093FCF737FE60B9009B24F0A9
S3150102B9147F4223F07F439A4207D933462A46214678
S3150102B9240348FCF78DFE02B070BD2E20FBE700BF73
S3150102B9343C560020044A054B05491360002302487C
S3150102B9445360044A08F0E6BB34560020DC72030154
S3150102B95465B80201C07B002037B50E4D2C686CB95F
S3150102B964032322462146009301200B4BD6F722DB01
S3150102B9742346224621462860D6F740D8286808B9C4
S3150102B98408F0DCFB4FF0FF3103B0BDE83040D6F7D7
S3150102B994789900BFB456002064560020064B10B5B0
S3150102B9A4186808B908F0CAFB0023BDE810401A4614
S3150102B9B41946D6F7239800BFB456002007B50146A7
S3150102B9C406486A4601AB0068FBF7A0FF08F044FB90
S3150102B9D4B0FA80F0400903B05DF804FB247C002030
S3150102B9E47FB5002304460D468DF8073008F040FB67
S3150102B9F4D0B1104E2146306803AB02AAFBF786FF8B
S3150102BA0408F02AFB70B9039B012B10D12146306839
S3150102BA140DF10702FBF7BAFE08F01EFB10B99DF8F9
S3150102BA2407302B7004B070BD40F20120FAE72F20D3
S3150102BA34F8E700BF247C00207FB5002304460D46A7
S3150102BA44ADF8063008F014FBD0B1104E2146306829
S3150102BA5403AB02AAFBF75AFF08F0FEFA70B9039B7D
S3150102BA64022B10D1214630680DF10602FBF78EFE38
S3150102BA7408F0F2FA10B9BDF806302B8004B070BD95
S3150102BA8440F20120FAE72F20F8E700BF247C0020C8
S3150102BA947FB5002304460D46039308F0E9FAC0B1C3
S3150102BAA40E4E2146306802AB01AAFBF72FFF08F0BE
S3150102BAB4D3FA60B9029B042B0ED12146306803AA3C
S3150102BAC4FBF764FE08F0C8FA08B9039B2B6004B0BD
S3150102BAD470BD40F20120FAE72F20F8E7247C00200A
S3150102BAE42DE9F0431D46002385B02B6007460E4619
S3150102BAF4914608F0BDFA00283ED0DFF88C8039461B
S3150102BB04D8F8000003AB02AAFBF700FF08F0A4FA77
S3150102BB140446B8B9039B93B3C6B14B4531D23246F7
S3150102BB243946D8F80000FBF731FE08F095FAD8B980
S3150102BB34039B012B03D13378003B18BF0123002257
S3150102BB442B60F254204605B0BDE8F083012B01D0E7
S3150102BB542B60F7E73946D8F800000DF10702FBF727
S3150102BB6415FE08F079FA08B10446EBE79DF80730A9
S3150102BB7403B103982860E5E740F20124E2E71E24B3
S3150102BB84E0E71924DEE700BF247C00202DE9FF4704
S3150102BB941C460023236006460F461546DDF83090FF
S3150102BBA408F066FA78B3DFF864A03146DAF80000E1
S3150102BBB403AB02AAFBF7AAFE08F04EFA98B997B1AB
S3150102BBC4039BDAF80000A3EB0908A8450ED84B46F5
S3150102BBD43A463146CDF80080FBF734FE08F03CFACA
S3150102BBE408B9C4F8008004B0BDE8F0874B463A466A
S3150102BBF431460095FBF726FE08F02EFA0028F2D10B
S3150102BC0419202560EFE740F20120ECE7247C0020AD
S3150102BC1413B504468DF8071008F02AFA58B10748F5
S3150102BC240123214600680DF10702FBF75BFF08F0C9
S3150102BC3413FA02B010BD2F20FBE700BF247C0020BB
S3150102BC4413B50446ADF8061008F012FA58B10748BE
S3150102BC540223214600680DF10602FBF743FF08F0B1
S3150102BC64FBF902B010BD2F20FBE700BF247C0020A4
S3150102BC7413B50446019108F0FBF958B104230648A9
S3150102BC84214600680DEB0302FBF72CFF08F0E4F9E9
S3150102BC9402B010BD2F20FBE7247C002010B5044618
S3150102BCA408F0E6F968B179B10848012A1346006831
S3150102BCB438BF01230A462146FBF714FF08F0CCF9E3
S3150102BCC410BD40F20120FBE72F20F9E7247C002076
S3150102BCD410B5044608F0CCF958B101B962B907485E
S3150102BCE4134600680A462146FBF7FCFE08F0B4F93E
S3150102BCF410BD40F20120FBE72F20F9E7247C002046
S3150102BD0438B500F0F7FE0446FFF7EAF80546FFF7F1
S3150102BD1429F82A460146204608F0E9FFFFF71CFBEB
S3150102BD24E060FFF79BF9054B206701212046636713
S3150102BD3408F027FD204600F09DFEFBE77DBD0201CA
S3150102BD4407B508F0A5F900210846FFF7C9FC074B18
S3150102BD544FF4806201933723054900930548002372
S3150102BD64D6F7CBDA03B05DF804FB00BFB856002060
S3150102BD743C68030105BD0201014808F064B900BF2C
S3150102BD8434560020064B1B681A7A022A01D81AB9BC
S3150102BD947047032A00D070471B68024A1360704732
S3150102BDA48C7C0020BC560020024B0344587800F0D8
S3150102BDB4170070472473030108B5064B044613B1F1
S3150102BDC40021AFF30080044B1B6803B19847204658
S3150102BDD404F02EFF00000000F8570020024B014632
S3150102BDE4186807F0F4BB00BF9C7C0020024B014695
S3150102BDF4186807F0EFBB00BF9C7C00200CB4194BFA
S3150102BE0430B50C1E9DB01D6808DA8B234FF0FF3046
S3150102BE142B601DB0BDE8304002B070474FF4027387
S3150102BE240290069002A9ADF814304FF00003209A4D
S3150102BE3428461B9314BF04F1FF3323460493079345
S3150102BE444FF6FF73ADF8163021AB019300F018FAE1
S3150102BE54431CBCBF8B232B60002CDAD0029B00222D
S3150102BE641A70D6E79C7C0020002310B50446836031
S3150102BE74818119464366C28108228361C0E900337E
S3150102BE84C0E904335C30D5F7F3D80D4B24626362FF
S3150102BE940C4BA3620C4BE3620C4B23630C4B9C428B
S3150102BEA406D003F16802944202D0D0339C4205D1F2
S3150102BEB404F15800BDE8104008F0D5BA10BD00BF20
S3150102BEC4E1460301034703013B47030161470301BA
S3150102BED4C0560020024A0349034808F0C4B900BF08
S3150102BEE4907C002091460301A07C002041680C4B02
S3150102BEF4994210B5044601D008F0C8FBA168094B62
S3150102BF04994202D0204608F0C1FBE168064B9942E8
S3150102BF1404D02046BDE8104008F0B8BB10BD00BFEE
S3150102BF24C056002028570020905700200C4B0421AC
S3150102BF340C4A0D4810B51A600022FFF795FF0A4B09
S3150102BF44012209211C4603F16800FFF78DFF022233
S3150102BF5404F1D0001221BDE81040FFF785BF00BFEE
S3150102BF64F8570020D9BE0201C0560020014808F044
S3150102BF747BBA00BFBC7A0020014808F076BA00BF3A
S3150102BF84BC7A002010B50446FFF7F0FF236A1BB101
S3150102BF94BDE81040FFF7F0BF044B2362044B1B6854
S3150102BFA4002BF5D1FFF7C2FFF2E700BFF1BE020192
S3150102BFB4F85700200EB403B503AB0146054853F8FE
S3150102BFC4042B0068019300F057FA02B05DF804EB02
S3150102BFD403B070479C7C0020024B0A46014618684E
S3150102BFE408F0B3B89C7C00202DE9F04386460D4641
S3150102BFF4334E284615F8014B375D17F00807F8D179
S3150102C0042D2C10D12C780127851C33F0100015D163
S3150102C014302C0DD1287800F0DF00582808D16C782D
S3150102C024023510230AE02B2C04BF2C78851CECE77D
S3150102C034002BF6D1302C14BF0A2308234FF0FF3804
S3150102C0440026B8FBF3F803FB08F930466FEA09093F
S3150102C054A4F1300CBCF1090F10D86446A3421EDDCB
S3150102C064B6F1FF3F07D0804516D301D1A14513DBB3
S3150102C07400FB0340012615F8014BE9E7A4F1410C43
S3150102C084BCF1190F01D8373CE8E7A4F1610CBCF104
S3150102C094190F04D8573CE1E74FF0FF36EBE7731C5F
S3150102C0A406D122233046CEF8003032B9BDE8F083F8
S3150102C0B407B14042002AF9D006B1691E1160F5E7BB
S3150102C0C42573030113460A46014602480068FFF72F
S3150102C0D48BBF00BF9C7C002038B5284B05460C4615
S3150102C0E4186818B1036A0BB9FFF74CFFB4F90C309F
S3150102C0F41A0721D4D80607D409222A6043F0400339
S3150102C1044FF0FF30A38130E0590712D5616B41B17B
S3150102C11404F14403994202D0284607F05BFA00234C
S3150102C12463630022B4F90C30626023F024032269AA
S3150102C134226043F00803A38122693AB99A0501D51B
S3150102C144180603D52146284608F0CFF8B4F90C306F
S3150102C15413F001020AD00022A26062695242A2616C
S3150102C164226942B913F08000C8D138BD990758BF74
S3150102C1746269A260F4E70020F7E700BF9C7C002015
S3150102C1840FB407B5064904AB086853F8042B816852
S3150102C194019300F071F903B05DF804EB04B0704742
S3150102C1A49C7C0020024B0146186808F032B900BF94
S3150102C1B49C7C002038B50023054D044608462B60B5
S3150102C1C404F03BFD431C02D12B6803B1236038BD45
S3150102C1D4FC57002038B50023064D0446084611468D
S3150102C1E42B6004F02CFD431C02D12B6803B123609E
S3150102C1F438BD00BFFC57002070B50D4B00260D4D0E
S3150102C2045B1B9C10A64209D10B4D09F097FC0B4B03
S3150102C21400265B1B9C10A64205D170BD55F8043B52
S3150102C22401369847EEE755F8043B01369847F2E79B
S3150102C234F87C0020F47C0020F87C00200C7D002090
S3150102C24438B50023064D0446084611462B6004F010
S3150102C254F0FC431C02D12B6803B1236038BD00BF35
S3150102C264FC57002010B504460448134620B10A4679
S3150102C27402202146AFF3008010BD00BF000000007A
S3150102C2842DE9F04F98468B899DB007461B060D464C
S3150102C294144610D50B6973B9402107F098F9286041
S3150102C2A4286130B90C233B604FF0FF301DB0BDE865
S3150102C2B4F08F40236B610023CDF80C804FF0010906
S3150102C2C4DFF8A081099320238DF8293030238DF8D4
S3150102C2D42A3023469A4613F8012B0AB1252AF9D1A3
S3150102C2E4BAEB040B0BD05B4622462946384608F0C4
S3150102C2F4D2F8013000F0A780099A5A4409929AF8B1
S3150102C3040030002B00F09F8000234FF0FF320AF128
S3150102C314010A049307938DF853301A93CDE9052341
S3150102C324544605224F4814F8011B08F01BFA049AD5
S3150102C334D8B9D00644BF20238DF85330110744BF20
S3150102C3442B238DF853309AF800302A2B15D0079AED
S3150102C354544600204FF00A0C214611F8013B303BAA
S3150102C364092B4BD9B0B1079214E0A0EB0803A246FC
S3150102C37409FA03F313430493D2E7039B191D1B68BA
S3150102C384002B0391BBBF5B4242F002020793079360
S3150102C394B8BF049223782E2B0AD163782A2B32D181
S3150102C3A4039B02341A1D1B6843EAE3730392059342
S3150102C3B4DFF8C0A003222178504608F0D3F938B138
S3150102C3C4A0EB0A004022049B0134824013430493E6
S3150102C3D414F8011B062224488DF8281008F0C2F924
S3150102C3E4002836D0214B1BBB039B073323F00703DB
S3150102C3F408330393099B334409936AE70CFB02321C
S3150102C4040C460120A8E7002301344FF00A0C194611
S3150102C4140593204610F8012B303A092A03D9002B39
S3150102C424C6D00591C4E70CFB012104460123F0E7BA
S3150102C43403AB2A4604A9384600930D4BAFF3008099
S3150102C444421C0646D6D1AB895B063FF52DAF099848
S3150102C4542CE703AB2A4604A938460093044B00F0A1
S3150102C46423F9EDE74B680301556803010000000057
S3150102C4749B440301516803012DE9F04F0D469DB01A
S3150102C48414469846064618B1036A0BB9FFF77AFDB4
S3150102C4946B6ED90705D4AB899A0502D4A86D07F048
S3150102C4A4E3FFAB891B0701D52B699BB929463046A4
S3150102C4B4FFF712FE70B16B6EDC0704D54FF0FF3045
S3150102C4C41DB0BDE8F08FAB899805F7D4A86D07F0C6
S3150102C4D4CCFFF3E70023CDF80C804FF00109DFF816
S3150102C4E4B481099320238DF8293030238DF82A301B
S3150102C4F423469A4613F8012B0AB1252AF9D1BAEB36
S3150102C504040B0BD05B4622462946304608F03AF81C
S3150102C514013000F0A780099A5A4409929AF8003028
S3150102C524002B00F09F8000234FF0FF320AF1010A2B
S3150102C534049307938DF853301A93CDE90523544690
S3150102C5440522544814F8011B08F00CF9049AD8B9C7
S3150102C554D10644BF20238DF85330130744BF2B233E
S3150102C5648DF853309AF800302A2B15D0079A54467F
S3150102C57400204FF00A0C214611F8013B303B092BEE
S3150102C5844BD9B0B1079214E0A0EB0803A24609FA0B
S3150102C59403F313430493D2E7039B191D1B68002B70
S3150102C5A40391BBBF5B4242F0020207930793B8BFF2
S3150102C5B4049223782E2B0AD163782A2B32D1039B38
S3150102C5C402341A1D1B6843EAE37303920593DFF8E7
S3150102C5D4D4A003222178504608F0C4F838B1A0EB5E
S3150102C5E40A004022049B013482401343049314F843
S3150102C5F4011B062228488DF8281008F0B3F80028F2
S3150102C6043FD0264B1BBB039B073323F00703083397
S3150102C6140393099B3B4409936AE70CFB02320C46DA
S3150102C6240120A8E7002301344FF00A0C19460593A9
S3150102C634204610F8012B303A092A03D9002BC6D019
S3150102C6440591C4E70CFB012104460123F0E703AB80
S3150102C6542A4604A930460093114BAFF300800746DC
S3150102C664781CD6D16B6ED90705D4AB899A0502D447
S3150102C674A86D07F0FAFEAB895B063FF51FAF099871
S3150102C6841EE703AB2A4604A930460093044B00F085
S3150102C6940BF8E4E74B680301556803010000000047
S3150102C6A489450301516803012DE9FF470F7E91462E
S3150102C6B480460C46782F9A460C9E01F1430207D80E
S3150102C6C4622F0AD8002F00F0D280582F00F0B780CB
S3150102C6D404F1420684F842703AE0A7F16303152B8A
S3150102C6E4F6D801A151F823F045C7020159C702013F
S3150102C6F4D5C60201D5C60201D5C60201D5C60201B5
S3150102C70459C70201D5C60201D5C60201D5C602011F
S3150102C714D5C6020159C8020183C702010FC8020123
S3150102C724D5C60201D5C602017BC80201D5C60201DC
S3150102C73483C70201D5C60201D5C6020117C8020181
S3150102C74433681A1D1B68326004F1420684F84230CA
S3150102C75401239DE033682068191D3160060601D55F
S3150102C7641D6803E04506FBD5B3F90050002D03DA33
S3150102C7742D236D4284F8433059480A2310E0216877
S3150102C7843368080653F8045B02D4490648BFADB2BE
S3150102C7946F2F5348336059D10823002184F843107B
S3150102C7A46668002EA66005DB21682E4321F004018A
S3150102C7B421604DD01646B5FBF3F103FB1157C75D54
S3150102C7C406F8017D2F460D46BB42F4D9082B0BD13F
S3150102C7D42368DF0708D5236961689942DEBF3023DE
S3150102C7E406F8013C06F1FF36921B22614B4603AA67
S3150102C7F421464046CDF800A007F0D6FE01304CD1C1
S3150102C8044FF0FF3004B0BDE8F087236843F02003FC
S3150102C814236078273348236884F845701F063168F4
S3150102C82451F8045B02D45F0648BFADB23160D90741
S3150102C83444BF43F0200323601DB11023ADE728480A
S3150102C844E9E7236823F020032360F6E70A23A4E732
S3150102C8541646BBE733682568181D616930602E06E2
S3150102C8641B6801D5196002E06806FBD5198000230D
S3150102C87416462361BAE7336800211A1D32601E681F
S3150102C8846268304607F06EFF08B1801B6060636818
S3150102C8942361002384F84330A8E7236932464946D3
S3150102C8A44046D0470130ABD023689B0713D4E068D6
S3150102C8B4039B9842B8BF1846A4E701233246494668
S3150102C8C44046D04701309BD00135E36803995B1A90
S3150102C8D4AB42F2DCEBE7002504F11906F5E700BFEA
S3150102C8E45C6803016D680301B1F90C202DE9F0417D
S3150102C8F4160705460C4651D44B68002B02DC0B6C19
S3150102C904002B49DDE66A002E46D0002312F480523A
S3150102C9142F682B6031D0626DA389590705D56368E7
S3150102C924D21A636B0BB1236CD21A0023E66A216A0B
S3150102C9342846B047421CB4F90C3006D129681D2990
S3150102C94445D8284ACA40D60741D50022D90462608D
S3150102C9542269226004D5421C01D12B6803B96065A0
S3150102C964616B2F60C1B104F14403994202D0284696
S3150102C97406F030FE002363630EE00123216A284692
S3150102C984B0470246501CC7D12B68002BC4D01D2BBD
S3150102C99401D0162B19D12F6000201DE00F69002F3B
S3150102C9A4FAD093070E680F600CBF4B690023A6EBFE
S3150102C9B407088B60B8F1000FEEDD43463A46216A59
S3150102C9C42846A66AB047002808DCB4F90C3043F0BD
S3150102C9D440034FF0FF30A381BDE8F0810744A8EB81
S3150102C9E40008E7E70100402038B50446064D08462B
S3150102C9F4114600222A601A4604F024F9431C02D184
S3150102CA042B6803B1236038BDFC57002038B50446B0
S3150102CA14064D0846114600222A601A4604F014F904
S3150102CA24431C02D12B6803B1236038BDFC57002095
S3150102CA3438B50446064D0846114600222A601A46AE
S3150102CA4404F004F9431C02D12B6803B1236038BDF7
S3150102CA54FC57002038B50023054D044608462B60D1
S3150102CA6404F0E3F8431C02D12B6803B1236038BDF9
S3150102CA74FC570020F0B5036F044687B05BB300236D
S3150102CA8490F87D20019322B1A0F87C30436F03B163
S3150102CA9498470025154E206FC5F180020368711966
S3150102CAA4DF6801ABB847C8B1E5B1114B04AA0493D7
S3150102CAB4802302A920460593CDE9026507F07FFE8C
S3150102CAC4DDE9041280F0010084F87D00206F036819
S3150102CAD41B69984730B1002007B0F0BD019B019054
S3150102CAE41D44D8E794F87C00F6E700BF3D7B00209D
S3150102CAF4BD7A0020004870470058002010B5094C41
S3150102CB04204600F027FB0023C4E91C33064B2046CA
S3150102CB14A3670123A4F87C30044A0549BDE8104001
S3150102CB2407F0F8BA0058002030740301C07B0020D4
S3150102CB348547030110B5836804460BB92F2010BD3E
S3150102CB441A499A6AD1E900138B4298BF002302F16A
S3150102CB54040288BF5B1A9A4204D000231348194679
S3150102CB6407F02BFFA36812499A6AD1E900138B4293
S3150102CB7498BF002302F1080288BF5B1A9A4204D0C5
S3150102CB8400230B48194607F018FFD4E90312A068DB
S3150102CB9408F0B0F80028D2D1237E2BB16169A068CE
S3150102CBA408F0B7F80028CAD10020C8E7B85900200E
S3150102CBB4885900202DE9F743054608460C4607F035
S3150102CBC432FF0746002845D0264807F01FFF254EA7
S3150102CBD458B187423A46314628BF0246204608F0F2
S3150102CBE45FF910B103B0BDE8F083DFF87C801D4F15
S3150102CBF428E03368013AC6E90233D8F80031C8F8A5
S3150102CC04042158F82310013303F03F03C8F8003115
S3150102CC142B6801913A462846DB6901A998470028FF
S3150102CC24E0D1204607F0FFFE8146384607F0EEFEC4
S3150102CC3481454A46394628BF0246204608F030F95C
S3150102CC440028CFD1204607F0EEFE18B1D8F8042108
S3150102CC54002ACED128462B68DB6803B0BDE8F0432F
S3150102CC64184700BF885900208058002070B5044631
S3150102CC740D460E4E284607F0C9FE28B923682046FA
S3150102CC84BDE870409B6818473146284600F00EFD00
S3150102CC940D28EFD048B9236820469B690349984772
S3150102CCA418B9024807F0CCFEE4E770BDB859002072
S3150102CCB438B50C4694F827300546498A23B1227DB4
S3150102CCC4194807F0E0FE38BB638AB3F5827F0AD8B6
S3150102CCD4B3F5807F0BD9A3F58173022B09D8DFE85B
S3150102CCE403F00C0A0F0040F23B12934211D0A62024
S3150102CCF412E0E36AEB6000200EE0E36A2B61FAE7D5
S3150102CD0494F8243083F001032B7603B1E36A6B6151
S3150102CD14F1E7AA680AB92F2038BDA38D002B08BFF3
S3150102CD244FF400739362E6E78058002008B503487E
S3150102CD340A7D498A07F0A7FE08BD00BF8058002074
S3150102CD4470B585680C460DB92F2070BD91F8263051
S3150102CD5403B96C3594F82730227D2BB1618A1848C0
S3150102CD6407F091FE0028F0D1237D032B26D8DFE8B4
S3150102CD7403F016020E112B689B6894F82420618A2B
S3150102CD845AB904F12C022846BDE8704018472B68AB
S3150102CD941B69F2E72B689B69EFE70022F3E72B682D
S3150102CDA4618ADE6A94F8243033B9E26A2846B446C3
S3150102CDB4A369BDE8704060470022F7E72620C4E76D
S3150102CDC48058002010B50A46498AB1F5A27F15D0CA
S3150102CDD408D840F2051399421AD0B1F5A17F0DD0B4
S3150102CDE4A6200AE040F2A1139942F9D1806838B12A
S3150102CDF40368DC6A9369D26AA04710BD806808B9E0
S3150102CE042F20FAE703682C321B69BDE81040184744
S3150102CE14127D024807F037FEEFE700BF8058002073
S3150102CE242DE9F0414FF000081546526896B0052ADD
S3150102CE340E461F468DF805808DF806808DF807800B
S3150102CE4440F2B28001232968023A04A807F0CCFD14
S3150102CE540DF1050104A808F05DF80446002840F026
S3150102CE649B800DF1060104A808F054F80446002833
S3150102CE7440F092800DF1070104A808F04BF804462C
S3150102CE84002840F089806B68802B00F284807B68DD
S3150102CE947F2B40F28780396803467622083109A836
S3150102CEA407F0A2FD9DF80630013B042B71D8DFE899
S3150102CEB403F0032F646A5D0001238DF83C305C4B59
S3150102CEC410960E930023CDE9113313938DF8503046
S3150102CED4DEB1B56A00232A1D1946564807F06DFDCF
S3150102CEE4544807F0ADFD002305F1080219465248DC
S3150102CEF407F063FD0022514BC3F8042109AA04A9D0
S3150102CF040EA807F0E5FD054609E04FF40075E1E7D1
S3150102CF14484807F044FD484807F041FD00250B9AAD
S3150102CF24099B09A89A4288BFD41A07F038FD04A8B6
S3150102CF345FFA84F807F033FD2C4600230822396888
S3150102CF4409A807F051FD00211C220FA80E91D4F75E
S3150102CF548FD8022109A807F01BFF38B3002409A8B8
S3150102CF6407F01DFD204616B0BDE8F08101238DF8B8
S3150102CF743C30334B10960E93C0E7032310968DF87B
S3150102CF843C30304BF7E7042310968DF83C302E4B98
S3150102CF94F1E72A25C3E7C22404A807F000FD4FF0EE
S3150102CFA40008CAE71924F7E71924C6E79DF806100B
S3150102CFB409A841F0800107F0EBFE0028CED19DF8C5
S3150102CFC4071009A807F0E4FE0028C7D1214609A8DB
S3150102CFD407F003FF0028C1D1414609A807F0D8FE8C
S3150102CFE40028BBD17A6808F10A03934201D907F0F2
S3150102CFF4A5F87B600EAB029320230393002EADD0DA
S3150102D0043B6808F10804CDE90434002BEFD030461D
S3150102D01402AA04A907F0ADFE00289FD1BDF8382063
S3150102D0243B681A539DF80640023C18BF012496E751
S3150102D03444740301B85900208859002080580020FD
S3150102D0446C74030194740301BC740301002270B568
S3150102D0540D4C0E4E0E4D1146204607F000FD32468A
S3150102D0642946204607F056F800220A4C1146204664
S3150102D07407F0F5FC32462946204607F04BF8002212
S3150102D084054BC3E9402270BDB8590020C07B00207C
S3150102D094054A0301885900208058002010B403462A
S3150102D0A4806818B903205DF8044B704740F2631493
S3150102D0B4A14212D0B1F5B27F07D2B1F5827F1FD058
S3150102D0C4B1F5B17F17D0A620EDE740F29710814260
S3150102D0D4F9D102B112685A6210E00AB92F20E2E7C5
S3150102D0E411680A4BA1F57A729A42F7D80368DB6B87
S3150102D0F45DF8044B184702B112681A620020D2E79E
S3150102D104002AEBD0036811681B6FF1E7B8820100AC
S3150102D1144B000133212B70B517D800230C4D01386E
S3150102D124561C994203D1002002F8110070BD10F871
S3150102D134014F24092C5D02F81340047804F00F040C
S3150102D1442C5D06F813400133EBE71920EEE700BF25
S3150102D154147503010C4B10B5002103604FF40073DF
S3150102D1640446C0E90111C0E90311C0E90511C0E988
S3150102D17407114162836240222C30D3F779DF034BD4
S3150102D1842046E36610BD00BFE47403016471030122
S3150102D1942DE9F041B1F5AA7F96B0044616461F461B
S3150102D1A41C9D3DD8B1F5A07F09D840F205139942D9
S3150102D1B46FD040F21113994262D0A620B8E06FF4FF
S3150102D1C4A07319441329F8D801A353F821F000BF17
S3150102D1D4CFD20201BFD10201EBD20201BFD10201B8
S3150102D1E4F3D20201FBD2020103D302010BD30201E0
S3150102D1F4BFD10201BFD10201BFD10201BFD10201D6
S3150102D204BFD10201BFD10201BFD10201BFD10201C5
S3150102D214BFD1020113D302011BD3020123D302019B
S3150102D224B1F5C17F00F0AB800FD840F26513994284
S3150102D23400F09D80B1F5B37F00F09D80B1F5B27F18
S3150102D244BBD1406803681C6C1DE040F295139942F8
S3150102D25400F0A38040F2B113994200F0AC8040F28F
S3150102D26493139942A9D1CDE9092702B9F7B960689D
S3150102D27409A903685B6D9847002859D10A9B22E0E4
S3150102D28440680368DC6D2B463A463146A04740B3F3
S3150102D2944EE000F12C08404607F0F5F80130CDE9DD
S3150102D2A40406CDF80C80069716B90FB106F046FFAF
S3150102D2B405AB00932046628A218A03AB07F04CFD33
S3150102D2C4002835D1069B2B600BE0406803689B68F6
S3150102D2D43A463146984700282AD1304607F0D3F810
S3150102D2E42860002024E0406803681B69F0E740686F
S3150102D2F403689B69ECE740680368DB69E8E7406811
S3150102D30403681B6AE4E7406803685B6AE0E740680E
S3150102D3140368DB6ADCE7406803681C6BB3E74068B1
S3150102D324212203680DA95C6B2B46A047044610B162
S3150102D33416B0BDE8F0810F2F17D906F1FF380DA9F2
S3150102D3440F36087807F0A8FC0746487807F0A4FCCC
S3150102D354FF2F0AD0FF2808D040EA071008F8010F68
S3150102D364B04501F10201ECD110242C60B9E7406801
S3150102D37403685C6C87E7406803689C6C83E7CDE9C4
S3150102D38407230AB9002B91D1606807A903681B6DAB
S3150102D39498470028CCD1089B95E7CDE90B270AB912
S3150102D3A4002F83D160680BA903689B6D98470028F7
S3150102D3B4BED10C9B87E7CDE90D2712B9002F7FF465
S3150102D3C475AF60680DA903681B6E98470028AFD133
S3150102D3D40E9B78E72DE9F04F0546AC6810461E46CA
S3150102D3E491B00CB9032097E0B1F5B27F00F0CF807A
S3150102D3F417D840F2111399425AD06FF4A073194403
S3150102D4048BB2132B26D8132924D8DFE801F056232D
S3150102D414622365686B6E2323232323232323237128
S3150102D4248B9940F29513994200F01881B1F5CB7F9D
S3150102D4341BD240F28113994200F0FA80B1F5C17F01
S3150102D4440AD240F26513994200F0A880B1F5B37F7E
S3150102D45400F0A780A6205FE000F0F88040F2931363
S3150102D4649942F7D123685D6DF2E0B1F5D17F00F0FF
S3150102D4740D8112D8B1F5CB7F00F0F38040F2A113EE
S3150102D4849942E7D1002A40F0F3804022002105F1B6
S3150102D4942C00D3F7EDDD00203EE040F2B1139942B0
S3150102D4A4D8D1002A47D0002E45D023681D6ECFE07D
S3150102D4B42368DB6D3246014606E023689B6808B1A0
S3150102D4C4002EF7D100227649204611B0BDE8F04F6D
S3150102D4D4184723681B69F2E723689B69EFE7236808
S3150102D4E4DB69ECE723681B6AE9E723685B6AE6E71B
S3150102D4F402B1A6B900211C2208A80791D3F7B8DD07
S3150102D5042021684AAB8A07A8FEF778FC0246A86876
S3150102D5140168CC6A07A9A04711B0BDE8F08F236858
S3150102D524DB6AC7E702B126B9236808221B6B5E4987
S3150102D534CAE7102E01D92F20EEE723681B6BB9E740
S3150102D54402B1FEB9E86800283FF44CAF102603ACD9
S3150102D55401940296036801A99B6898470028DBD1C6
S3150102D5643146204607AAFFF7D3FD0028D4D107A8DE
S3150102D57406F089FF0246AC6823685B6B204607A95D
S3150102D5849847C9E7102ED6D8314607AAEBE7002AEF
S3150102D594D1D0002BCFD023681B6C8BE723685B6C3D
S3150102D5A488E70AB1002E40D1D5E90698002603235D
S3150102D5B43246314607A8B5F810B0B5F812A0EF8A7B
S3150102D5C4CDE907662D6ACDF8236007F079FB1023AE
S3150102D5D401465A4607A807F073FB10230146524631
S3150102D5E407A807F06DFB022301464A4607A807F07E
S3150102D5F467FB08230146424607A807F061FB0C2391
S3150102D60401463A4607A807F05BFB1B2301462A4655
S3150102D61407A807F055FB04230146324607A807F07B
S3150102D6244FFB23680B229B6CA8E723689B6C41E79B
S3150102D6342368DD6C02B15EB9002303AACDE907238F
S3150102D6448DF80C30204607A9A84765E723681D6DA6
S3150102D6540146324607A807F093FBF3E723689D6D5B
S3150102D664F6E7EC68002C3FF4BDAE23681D69EFE7CB
S3150102D6743F2E3FF660AF0146324605F12C0006F015
S3150102D684F5FE0023354485F82C3004E7002A3FF4DD
S3150102D69452AF002E3FF44FAF23685D6ED8E700BF49
S3150102D6A47E5D03017E6803018168030138B5044680
S3150102D6B40D46204607F0AAF96B7C002857D0052BA4
S3150102D6C459D0032B17D0042B38D0012B4DD102226A
S3150102D6D42146284607F000FC002833D1294628466C
S3150102D6E407F03EFC70BB95F82430002B0CBF0323D4
S3150102D6F405236B74DDE795F825209AB12146284660
S3150102D7042A7F07F0E9FBE8B92946284607F069FCAE
S3150102D714C0B995F8253073B90223AA691A442A6253
S3150102D7240423E6E72B7D013BDBB2022B9CBF134AA2
S3150102D734D25CAA61F0E72B7F0233EEE795F8243037
S3150102D7440BB1232038BDAA690AB91820FAE7214682
S3150102D754284607F0C1FB0028F4D12946284607F0DA
S3150102D76468FC0028EED10523C3E70320EAE7052B6B
S3150102D77401D00D20E6E70020E4E700BF2575030189
S3150102D7840F20704770470368F0B5CC1A002C02DCEF
S3150102D7946FF05F00F0BD93F900601D78002E08DB7F
S3150102D7A45C1C04601B781360091B9942F0D30020A8
S3150102D7B4F0E705F07F056F1E032F2E460FD8AC4204
S3150102D7C4E6DD5C1C27460023013E1360076001D295
S3150102D7D42C44E9E717F801CB4CEA0323F4E76FF08B
S3150102D7E46300D7E770B404680E1B002E07DD2678A2
S3150102D7F49E4208D10134046070BCFFF7C4BF6FF0C6
S3150102D8045F0070BC70476FF06100FAE72DE9F04FD3
S3150102D81485B00092984603AA302305460E469DF822
S3150102D82438A09DF83CB0FFF7DDFF044600BB2B6828
S3150102D834039A1A44964219D06FF0650418E05A1CE9
S3150102D8442A6093F80090009B09EA0303434521D118
S3150102D8543146284603AAFFF796FFC8B909EA0A021E
S3150102D8645A45039B08D02A6813442B609E42E6D884
S3150102D874204605B0BDE8F08F109A002AF3D0DDE9FF
S3150102D884107049462A680193B847019B0028EAD0D9
S3150102D8940446EDE76FF06104EAE738B505462C68FC
S3150102D8A404B938BDA369A0682B6007F0C0FE60699C
S3150102D8B407F0BDFE204607F0BAFEF0E770B50E4644
S3150102D8C4154604460CB9204670BD6368AB4206D1BF
S3150102D8D42A463146A06806F041FD0028F3D0A46920
S3150102D8E4F0E77F2A034610B51AD914460120240A01
S3150102D8F400F10100FBD11C68641A844212DB196827
S3150102D9044C1E1C6001F8012C120AF8D1012806D01A
S3150102D9141A68511E196000F17F0302F8013C10BD19
S3150102D9240120E8E76FF06B00F9E70368591A002949
S3150102D934C1BF03F1FF310160012003F8012CD8BFF5
S3150102D9446FF06B0070472DE9F04106460F46154606
S3150102D9549846FFF7C6FF041E03DA6FF06B00BDE8B3
S3150102D964F081424639463046FFF7DFFF002805F1CA
S3150102D9740105F2DB6019F2E7F0B4144600250668E4
S3150102D984721A002A1CDD771E076006F8014C24125E
S3150102D994002C05F1010211DC046894F90060002EE1
S3150102D9A408DA621A002A0BDD621E0260002204F8FA
S3150102D9B4012CAA1CDBB2F0BCFFF7C5BF1546DEE794
S3150102D9C46FF06B00F0BC704770B50D4606460068F1
S3150102D9D41146A8421C460AD3451B9D4207D3C01AC7
S3150102D9E4306013B11A4606F041FD204670BD6FF050
S3150102D9F46B00FBE705230022FFF7A5BF70B50446BA
S3150102DA040D46FFF7E1FF021E06DB29462046BDE865
S3150102DA1470400623FFF797BF6FF06B0070BD2DE9C7
S3150102DA24F0419846DDE9066304460D461746ABB155
S3150102DA3426B9FFF7DFFF002812DB064643463A46BC
S3150102DA4429462046FFF7DAFF002809DB821929460F
S3150102DA542046BDE8F0413023FFF775BF1E46EDE7C8
S3150102DA64BDE8F08130B40468651A002D0CDD003A74
S3150102DA7418BF01220123651E5242056004F8012CD6
S3150102DA8430BC1A46FFF75FBF6FF06B0030BC7047BC
S3150102DA940223FFF771BF70B516461A46049B044664
S3150102DAA40D46FFF791FF021E06DB29462046F3B215
S3150102DAB4BDE87040FFF747BF6FF06B0070BD2DE9FB
S3150102DAC4F84307460068894690461E46089DFFF7B5
S3150102DAD4F5FE044688BB2021012005F005FC044617
S3150102DAE450B1C0F804804146012005F0FDFBA06057
S3150102DAF430B9204607F09BFD00242046BDE8F88391
S3150102DB044246494606F0B2FC25614DB12946012039
S3150102DB1405F0EAFB606118B9A06807F088FDE8E739
S3150102DB243B68A3613C60002EE7D0002DE5D02A466E
S3150102DB343146606906F09AFCDFE72DB9406907F0C0
S3150102DB4476FDC4E90455D8E70369AB420BD02946ED
S3150102DB54012005F0C9FB07460028CDD0606907F00C
S3150102DB6466FDC4E90457002EC7D0E0E738B500F1D3
S3150102DB744103054602461921DBB20020F5F740FBB3
S3150102DB8405F147032A4604463321DBB21A20F5F787
S3150102DB9437FB2B1F2A463D210443DBB23420F5F71A
S3150102DBA42FFB3E21E4B22A462B2304430846F5F70A
S3150102DBB427FB3F21E4B22F232A4604430846F5F7FD
S3150102DBC41FFBE4B22043C0B238BD2DE9F74F0C9FC7
S3150102DBD40546164617B91760002012E00324B7FB5F
S3150102DBE4F4F404EB4408474518BF0134B4F1804FF9
S3150102DBF40AD2A40001348C4200D840B96FF029003C
S3150102DC04346003B0BDE8F08F4FF0FF34F6E7814686
S3150102DC140024444503F1030209F1040A2ED3BC424A
S3150102DC244A4626D293F800800134BC424FEA980050
S3150102DC342CBF4FF0000B93F801B0FFF797FF89F859
S3150102DC4400004FEA081000F0300000EB1B10FFF74A
S3150102DC548DFFBC4289F801003CD24FEA8B0000F0E9
S3150102DC643C00FFF783FF3D23524689F8020089F8F7
S3150102DC7403300023551B35601370ADE712F8033CDC
S3150102DC8412F8029C980812F801BC01920093FFF75C
S3150102DC946DFF009B0AF8040C180100F0300000EB3A
S3150102DCA41910FFF763FF0AF8030C4FEA890000F023
S3150102DCB43C0000EB9B10FFF759FF0AF8020C0BF02C
S3150102DCC43F00FFF753FF019AD14613460AF8010CA6
S3150102DCD403349EE73D20C6E700220123C0E900235F
S3150102DCE4704710B5044648B1006818B1E188890045
S3150102DCF401F0FCFC00220123C4E9002310BD42F217
S3150102DD041073994270B504460D4602D96FF00F009D
S3150102DD1470BDC3888B4201D30020F9E7042128464A
S3150102DD2405F0E2FA06460028F0D0216841B1E288FC
S3150102DD34920006F09BFBE1882068890001F0D6FC7B
S3150102DD44E5802660E8E7F8B50D46C9880446164615
S3150102DD54FFF7D5FF0746A8B93046F5F763FA064633
S3150102DD64B4F90420B5F90410F5F768FA3346F64313
S3150102DD74A080EA8820682968F5F7CAFCEB88E0885E
S3150102DD84984201D83846F8BD216851F82320324019
S3150102DD9441F823200133F3E738B504460D4619B990
S3150102DDA4FFF79FFF002038BDC2888A4207D10021AE
S3150102DDB400689200D3F75CD90123A380F2E7FFF747
S3150102DDC490FF29462046BDE83840FFF798BF8842AE
S3150102DDD470B505460E4609D0C988C28841B92AB129
S3150102DDE40123920083800068D3F742D9002070BDD3
S3150102DDF44C1E6CB9B6F904300134A242AB800ED280
S3150102DE0421462846FFF77BFF88B16FF00F00EEE744
S3150102DE14336853F82430002BECD1013CE9E7286836
S3150102DE24121B0021920000EB8400D3F721D9316839
S3150102DE342868A20006F01AFBD8E770B50C46012140
S3150102DE440546FFF75CFF064688B9EA880146920051
S3150102DE542868D3F70DD984EAE472A2EBE472E40FDB
S3150102DE64C4EBC4342B68640001341A60AC803046B6
S3150102DE7470BDC388B1EB431F3FBF03684A0953F818
S3150102DE84220001F01F013ABFC84000F00100002040
S3150102DE9470470022C188914201D800207047036865
S3150102DEA453F8223033B193FAA3F0B0FA80F000EBBF
S3150102DEB4421070470132EEE7C188006800F0E2BC05
S3150102DEC408B5FFF7F9FF0730C00808BD70B50E465D
S3150102DED412F0030118BF012101EB92010546144612
S3150102DEE4FFF75AFF38B923463246E9882868BDE85E
S3150102DEF4704000F0E9BC6FF00F0070BD13460A468C
S3150102DF04C188006800F005BD38B504460D46FFF721
S3150102DF14D3FFE3882844B0EB431F06D820682A4678
S3150102DF24E18800F060FD002038BD10F01F0118BF22
S3150102DF34012101EB50112046FFF7E1FE0028EDD045
S3150102DF446FF00F00F0E70A46C18808B511B10068FF
S3150102DF5400F011FD002008BD10B5C38823B9CA8893
S3150102DF645AB9ABB1012017E0026802EB830252F8F7
S3150102DF74042C002AF3D1013BF0E70C6804EB82047A
S3150102DF8454F8044C0CB9013AEAE79A42EAD30FD897
S3150102DF94013B5A1C01D1002010BD026852F82340EC
S3150102DFA40A6852F823209442DCD803F1FF33F0D2F3
S3150102DFB44FF0FF30F0E730B5C38823B9CA885AB99E
S3150102DFC4002B3DD136E0026802EB830252F8042C9F
S3150102DFD4002AF3D1013BF0E70C6804EB820555F8FC
S3150102DFE4045C4DBB013AEAE7B1F9045003D2B1F933
S3150102DFF40400404226E0B0F90420002A03DD002D84
S3150102E0040CDA01201EE0002D08DD3AB14FF0FF3093
S3150102E01418E003F1FF330BD2504213E0013B0168CE
S3150102E02451F8235054F823108D42F2D9104609E0CF
S3150102E034591CF4D1002005E0002BD8D09342D3D940
S3150102E044B0F9040030BD1FB581EAE173A3EBE173B4
S3150102E05401930123C90FC1EBC13149000131ADF865
S3150102E0640C10ADF80E3002A901AB0293FFF7A3FF20
S3150102E07405B05DF804FB90422DE9F04106460F46D0
S3150102E084144602D0884206D127460123FC88B3806E
S3150102E0944CB9002005E0FFF79AFE0028F4D06FF090
S3150102E0A40F00BDE8F0813B684FEA840803EB840361
S3150102E0B453F8043C0BB9013CEAE721463046FFF723
S3150102E0C41EFE0028EBD1356823463A6829462846BE
S3150102E0D400F0BFFC074605EB0803002FD9D0F288EE
S3150102E0E4651CA24208D829463046FFF708FE0028D5
S3150102E0F4D5D1336803EB84031A682C46D2192CBF93
S3150102E10401270027003F18BF012743F8042BE4E740
S3150102E1142DE9F04105460E469046D4886CBBF1883A
S3150102E1242846FFF7ECFD0746002842D1F288A242AF
S3150102E1340BD9AE4209D028683168121B920001EB51
S3150102E144840100EB840006F091F9EA88F0888242A0
S3150102E15407D92B68121A0021920003EB8000D2F729
S3150102E16487DFD8F8002023463168286800F087FC47
S3150102E174024698B90123AB800DE0D8F8003003EBCF
S3150102E184840353F8043C0BB9013CC7E7F188A14265
S3150102E194C6D26FF009073846BDE8F0812968EB88D3
S3150102E1A401EB840108461B1B00F097FD0028E1D010
S3150102E1B4EFE76FF00F07EEE72DE9F843B2F804C073
S3150102E1C4B1F9044005461CFB04FC67467B430E4633
S3150102E1D491461DD511463046FFF7BEFEB0F1FF3F0B
S3150102E1E480460CD04A4631462846FFF791FF68B964
S3150102E1F4B8F1000F08BF01240020AC8006E03246C4
S3150102E2042846FFF785FF08B96442AC80BDE8F88366
S3150102E214FFF731FF0028EFD06FF00F00F6E7012375
S3150102E224FFF7CABF4FF0FF33FFF7C6BF1FB582EA36
S3150102E234E273A3EBE27301930123D20FC2EBC2325F
S3150102E24452000132ADF80C20ADF80E3002AA01AB30
S3150102E2540293FFF7E7FF05B05DF804FB2DE9F047EA
S3150102E26401231446002286B0884206460D46CDE9AC
S3150102E2740223CDE9042310D102A8FFF7A8FD58B160
S3150102E2846FF00F0904A8FFF72CFD02A8FFF729FD79
S3150102E294484606B0BDE8F08702ADA64206D131462C
S3150102E2A404A8FFF794FD0028EAD104ACEF884FBB1A
S3150102E2B4B7FA87FAB4F806804FEA5A1AB8F1000F88
S3150102E2C429D107EB08013046FFF719FDB8F1000F12
S3150102E2D408BF4AF0010A01460028D1D13046FFF7A8
S3150102E2E4ACFD81460028CBD1CDF800803A4623689D
S3150102E2F42968306800F0A1FCBAF1000F15D0012398
S3150102E304B380BFE72B6803EB870353F8043C002B66
S3150102E314CED1013FCBE7236803EB880353F8043CD0
S3150102E324002BCED108F1FF38C8E7AB88A28813FBCC
S3150102E33402F39BB2E4E72DE9F34104460F4615467F
S3150102E344CE8836B13B6803EB860353F8043C3BB1F2
S3150102E35445B90021204602B0BDE8F041FFF76DBD83
S3150102E364013EEEE72046711CFFF7C9FC28B16FF0A6
S3150102E3740F08404602B0BDE8F08139462046FFF750
S3150102E38426FD80460028F2D1013D009533463A68BE
S3150102E394E188206800F090FBEBE770B504460D4670
S3150102E3A4104600211646FFF74EFE002824DB2A46B4
S3150102E3B4334621460020F4F74FFF054638B1284675
S3150102E3C470BD324621462046FFF729FF90B9002146
S3150102E3D42046FFF738FE0028F3DB31462046FFF7D5
S3150102E3E4EAFD0028EBDB324621462046FFF71AFFF7
S3150102E3F40028F2D00546E2E76FF00905DFE7F0B53A
S3150102E40401231546002285B0064668460C46CDE927
S3150102E4140023CDE90223FFF7DAFC50B16FF00F04B2
S3150102E4246846FFF75EFC02A8FFF75BFC204605B0CF
S3150102E434F0BD294602A8FFF7CAFC0028EED16846B8
S3150102E444FFF727FD074602A8FFF723FD054650B944
S3150102E454014602A8FFF70DFD28B921463046FFF70A
S3150102E464B6FC0446DCE70123ADF80C30ADF8043002
S3150102E47400216846FFF7E7FD80B9AF42394602A893
S3150102E48428BF2946FFF740FD0028C7D1304602A915
S3150102E494FFF79DFC04460028C2D0BFE76846FFF792
S3150102E4A4F8FC01466846FFF74EFD02A8FFF7F1FCA8
S3150102E4B4014602A8FFF747FD684602A9FFF77BFD5D
S3150102E4C400280CDB6946684602AAFFF721FE0446C8
S3150102E4D40028A5D101216846FFF735FDC8E702A93F
S3150102E4E46A460846FFF714FE0446002898D101211C
S3150102E4F402A8F1E7F7B50E1E044615461F4614DBBC
S3150102E5041046FFF7A0FD00280FDD2046E988FFF734
S3150102E51443FC68B9089B3146CDE90073E3882A684E
S3150102E5242068F5F70DF903B0F0BD6FF00300FAE7C1
S3150102E5346FF00F00F7E72DE9F04F95B001900F4602
S3150102E544104601219046FFF77EFD002840F397818C
S3150102E554012600254246394602A8CDE90456CDE9EB
S3150102E5640256CDE90C56079609960B960F96119605
S3150102E5741396FFF744FF0446002840F06D813146A5
S3150102E58402A8FFF760FD0546002840F05C81424679
S3150102E594394604A8FFF701FF0446002840F05C81CE
S3150102E5A4069004A906A8FFF712FCDDF818A020B903
S3150102E5B441460CA8FFF70BFC40B14FF0000B5D4638
S3150102E5C4D9465E465F466FF00F0409E10E90414655
S3150102E5D40EA8FFF7FCFBDDF83890002840F04281D3
S3150102E5E43146089008A8FFF728FC089F014600282F
S3150102E5F440F03B810A900AA8FFF71FFC0A9E834654
S3150102E604002840F036810146109010A8FFF715FC48
S3150102E614109D002840F03081012112A8CDF848B09E
S3150102E624FFF70BFCDDF848B00028CCD1DAF800205C
S3150102E634D00753D5D9F80020D3077AD50EA906A84F
S3150102E644CDF818A0CDF83890FFF7B5FC0028C0F232
S3150102E6549F8006A908460EAAFFF7E4FDDDF818A075
S3150102E6640446002840F0BC8008A9084610AA089767
S3150102E6741095FFF7D7FD089F0446002840F0B080A5
S3150102E6840AA9084612AA0A96CDF848B0FFF7CAFDA6
S3150102E6940A9E0446002840F0A380002106A8CDF86C
S3150102E6A418A0FFF7D0FC0028C0D1002110A81095AC
S3150102E6B4FFF7C9FC0028C0F28980414610A81095CB
S3150102E6C4FFF779FC002880F2B380019810A9FFF7BD
S3150102E6D47EFB041E18BF6FF00F0481E0012106A818
S3150102E6E4CDF818A0FFF72FFC3A68D30702D4326893
S3150102E6F4D40713D508A908460CAA0897FFF78FFD74
S3150102E704089F044600286BD10AA9084604AA0A9658
S3150102E714FFF788FD0A9E0446002861D1012108A853
S3150102E7240897FFF710FC01210AA80A96FFF70BFCCA
S3150102E7347CE701210EA8CDF83890FFF704FC2A687C
S3150102E744D10703D4DBF80020D20715D510A9084650
S3150102E7540CAA1095FFF763FD109D044600283FD1CC
S3150102E76412A9084604AACDF848B0FFF75BFDDDF805
S3150102E77448B00446002833D1012110A81095FFF7A9
S3150102E784E2FB012112A8CDF848B0FFF7DCFB51E701
S3150102E7940EA9084606AAFFF745FDDDF83890044698
S3150102E7A4F0B910A9084608AA10950897FFF73AFD89
S3150102E7B4109D0446A0B912A908460AAACDF848B082
S3150102E7C40A96FFF72FFDDDF848B062E710A9424623
S3150102E7D40846FFF724FD109D044600283FF465AF61
S3150102E7E404A8FFF77EFA06A8CDF818A0FFF779FA6E
S3150102E7F408A80897FFF775FA0AA80A96FFF771FAA5
S3150102E80402A8FFF76EFA0CA8FFF76BFA0EA8CDF869
S3150102E8143890FFF766FA10A81095FFF762FA12A864
S3150102E824CDF848B0FFF75DFA204615B0BDE8F08F82
S3150102E83410A942460846FFF7F5FC109D0446002836
S3150102E8443FF43BAFCCE7A3462546A14626462746D7
S3150102E854A2466FF00D04C3E7AB46A9462E462F46E0
S3150102E864AA46BDE7A3462546ABE6A3462546264662
S3150102E874A9E6A3462546A6E64FF0000BA3E66FF0EA
S3150102E8840304D1E70139002901DA0020704750F85F
S3150102E8942130002BF6D0B3FA83F00131C0EB4110DB
S3150102E8A4704739B101F18041013900EB810181429D
S3150102E8B4034600D270471B680A681BBA12BA40F8AB
S3150102E8C4042B41F80439F2E72DE9F0411C4613F011
S3150102E8D4030318BF012303EB94038B4206460D4639
S3150102E8E4904613D879B18F003A460021D2F7C0DB9C
S3150102E8F42CB1381B22464146304405F0B7FD294660
S3150102E9043046FFF7CEFF0020BDE8F0816FF0070025
S3150102E914FAE7B3EB810F70B504464FEA8105104657
S3150102E92419D95A1B86180021D2F7A2DB30462B4687
S3150102E9340021C2188B4210D1002070BD22F00301BE
S3150102E944615802F00306F600F140C9B281B90132F7
S3150102E954AA42F3D3ECE71A46FAE721F00300205858
S3150102E96401F00305ED00E84002F8010D0131E1E78A
S3150102E9746FF00700E1E753098B42F0B402F01F047A
S3150102E98401D805D13CB3F0BC8A000021D2F7709BB1
S3150102E9941F2A22D834B1002200EB8101C4F12006D8
S3150102E9A481420FD1F0BC704752F8047B45F8047FCB
S3150102E9B4B242F9D10022CB1A8B42EBD240F8232080
S3150102E9C40133F9E751F8045D25FA04F313430B60A5
S3150102E9D405FA06F2E4E71F2AE4D900EB8302051FCE
S3150102E9E400EB8106E4E71F2AF0B54FEA521402F05E
S3150102E9F41F0512D96FF003060B4606FB04069C4259
S3150102EA0403F1FF3212D3631A8C4288BF0023002218
S3150102EA140B4400EB830383420ED135B1002200EB92
S3150102EA248400C5F120078C4209D3F0BD56F8223081
S3150102EA3440F822301346E2E743F8042DEBE7066871
S3150102EA44013406FA05F3134340F8043B26FA07F2A6
S3150102EA54E9E7F0B50024844620469C4200D1F0BD84
S3150102EA6451F8245052F824702E182CBF0125002582
S3150102EA74BF194CF8247045F100000134EDE7F0B5F5
S3150102EA840024064620469C4200D1F0BD51F824C01A
S3150102EA9452F82470ACEB0005AF4294BF4FF0000E5E
S3150102EAA44FF0010EED1B46F8245084452CBF7046E7
S3150102EAB40EF101000134E6E78B4228BF0B462DE92C
S3150102EAC4F047DD08A1EB030E074603F007081146DA
S3150102EAD40346AC460020089C0CF1FF3CBCF1FF3F07
S3150102EAE403F1200301F1200112D102EB45114FEA90
S3150102EAF4880607EB451501EB880CBA1A614540F005
S3150102EB0482803544BEF1010E80F08C80BDE8F08727
S3150102EB1451F8206CA6FB049610EB090953F8200C54
S3150102EB2446F1000610EB090043F8200C51F81C0CBF
S3150102EB3446F10006A0FB0409361853F81C0C49F1E8
S3150102EB440009801943F81C0C51F8180C49F1000903
S3150102EB54A0FB040619EB000953F8180C46F100064A
S3150102EB6410EB090043F8180C51F8140C46F100068F
S3150102EB74A0FB0409361853F8140C49F1000980194B
S3150102EB8443F8140C51F8100C49F10009A0FB0406D0
S3150102EB9419EB000953F8100C46F1000610EB0900B3
S3150102EBA443F8100C51F80C0C46F10006A0FB0409BB
S3150102EBB4361853F80C0C49F10009801943F80C0C68
S3150102EBC451F8080C49F10009A0FB040619EB0009E6
S3150102EBD453F8080C46F1000610EB090043F8080C39
S3150102EBE451F8040C46F10006A0FB040A16EB0009CF
S3150102EBF453F8046C4AF1000016EB090640F10000D1
S3150102EC0443F8046C68E70F4657F8043BA3FB043840
S3150102EC14C318885848F10008C3188B5048F10000FC
S3150102EC2439466BE72B681B182CBF012000200038DC
S3150102EC3418BF012045F8043B64E72DE9F347DDF8E3
S3150102EC44289015464A440F469200002106469846E4
S3150102EC540024D2F70DDA05F1010A4C4502D102B0BC
S3150102EC64BDE8F08758F8243006EB840000933A464F
S3150102EC742B465146FFF720FF0134EEE72DE9F04713
S3150102EC8412F0030418BF012404EB92048C420646D3
S3150102EC94884617461D464FEA840AC2EB840919D8E7
S3150102ECA44A460021D2F7E4D9A8EB040200219200D4
S3150102ECB406EB0A00D2F7DCD93A46089806EB0901B3
S3150102ECC4A847054618B921463046FFF7EAFD284604
S3150102ECD4BDE8F0876FF00305F9E770B5064600242F
S3150102ECE410469C4200D170BD51F82420151A34BF36
S3150102ECF401220022101E46F8245018BF01200134B5
S3150102ED04EFE72DE9F34101F1100506460F462846C0
S3150102ED140021FFF798F9044698B36846FEF7DCFF2B
S3150102ED2429466846321DFFF706FC044630BB07F145
S3150102ED3408086B46424641463046F4F74BFD044603
S3150102ED44E0B96B466A4669463046F4F743FD044622
S3150102ED54A0B96B463A4639463046F4F73BFD0446BA
S3150102ED6460B96B46424641463046F4F733FD0446E2
S3150102ED7420B901212846FFF760F804466846FEF7E2
S3150102ED84B0FF204602B0BDE8F081F7B50D46044650
S3150102ED94083568461646FEF79FFF00212846FFF707
S3150102EDA452F9211D07462A466846FFF73BFA0446ED
S3150102EDB448B9002F0CBF002206F001026946284613
S3150102EDC4FEF7C1FF04466846FEF78BFF204603B0F1
S3150102EDD4F0BD38B50C46051D29462046FFF7EBF86A
S3150102EDE4002801DA002006E02A4621462046FFF7DA
S3150102EDF48FF90028F0D038BD70B50C460546114688
S3150102EE0420461A46FFF70BFA064630B90435294657
S3150102EE142046FFF7D0F8002801DA304670BD2A46AB
S3150102EE2421462046FFF774F90028F0D00646F4E796
S3150102EE3470B50C460646114620461A46FFF7F2F904
S3150102EE44054648B90436B4F90430002B04DA002124
S3150102EE542046FFF7F8F808B9284670BD324621461E
S3150102EE642046FFF7DCF90028EDD00546F4E710B594
S3150102EE740446FEF736FF04F10800FEF732FF04F1F9
S3150102EE841000BDE81040FEF72CBF2DE9F047C3F38D
S3150102EE944508B8FA88FA0C4615464FEA5A1A07463D
S3150102EEA45246294620461E46FEF74DFF48BB04F14B
S3150102EEB408095246484605F10801FEF744FF00BB1C
S3150102EEC408F1FF33D3F1000848EB03084246204612
S3150102EED405F11801FEF737FF98B94246484605F18E
S3150102EEE42001FEF730FF60B921463846F209FFF7E1
S3150102EEF44CFF30B904F110000121BDE8F047FEF7D9
S3150102EF049CBFBDE8F08738B50C460546012120466B
S3150102EF14FEF7FAFF28B921462846BDE83840FFF72D
S3150102EF2458BF38BD2DE9F84F1E4603F10805C368DB
S3150102EF3404468A469046002B40F0C08002F1100333
S3150102EF441A462946F4F746FC002840F0EF8006F1FA
S3150102EF5410072B46424639462046FFF74DFF002845
S3150102EF6440F0E48006F118092B46424649462046FA
S3150102EF74FFF75EFF002840F0D9804B463A46294600
S3150102EF842046F4F727FC002840F0D08003222946C4
S3150102EF943046FFF7D0F9002840F0C88031462046B2
S3150102EFA4FFF717FF002840F0C18008F1080B06F1AC
S3150102EFB410075B465A4639462046F4F70BFC0028ED
S3150102EFC440F0B48039462046FFF79DFF002840F001
S3150102EFD4AD803B46424629462046F4F7FBFB002810
S3150102EFE440F0A48029462046FFF78DFF002840F011
S3150102EFF49D8006F118093B463A4649462046F4F7EE
S3150102F004E9FB002840F0928049462046FFF77BFF40
S3150102F014002840F08B803346324639462046F4F7BF
S3150102F024D9FB002840F082802B463A4639462046CF
S3150102F034FFF7FEFE002879D12B463A463946204689
S3150102F044FFF7F6FE002871D13B462A462946204699
S3150102F054FFF7EEFE002869D133462A4629462046A1
S3150102F064F4F7B8FB002861D14B462A4629462046C5
S3150102F074FFF7DEFE002859D15A464946204608F1D1
S3150102F0841003F4F7A7FB002850D149462046FFF79F
S3150102F0943AFF00284AD139465046FEF798FE00281F
S3150102F0A444D129460AF10800FEF791FEF0BB49460E
S3150102F0B40AF11000BDE8F84FFEF789BE1346294648
S3150102F0C4F4F788FB90BB032229463046FFF733F94E
S3150102F0D460BB31462046FFF77CFE38BB04F10C07C0
S3150102F0E401463846FEF7AFFF00283FF45EAF08F14A
S3150102F0F410031A4629462046F4F76CFBB0B906F109
S3150102F10410092B462A4649462046F4F763FB68B999
S3150102F1143B464A4629462046F4F75CFB30B92B4660
S3150102F124324631462046FFF767FE3BE7BDE8F88FD4
S3150102F1340346C06920B15B6A002B14BF0120022079
S3150102F144704710B50446FEF7C7FD04F10800FEF741
S3150102F154C3FD04F11000BDE81040FEF7BDBD38B58C
S3150102F1640025044600F8045BFEF7B6FD04F10C0023
S3150102F174FEF7B2FD04F11400FEF7AEFD04F11C0024
S3150102F184FFF7DFFF04F13400FEF7A6FDC4E90F55CC
S3150102F194C4E91155C4E91355C4E91555E56538BDE4
S3150102F1A410B50446FFF7DBFF04F16000FEF794FD98
S3150102F1B404F16800BDE81040FFF7C3BF08B1FFF7C9
S3150102F1C456BE704770B5044658B3436C012B11D031
S3150102F1D40C30FEF786FD04F11400FEF782FD04F1FC
S3150102F1E41C00FFF7EBFF04F13400FEF77AFD201D44
S3150102F1F4FEF777FDA36D8BB92046BDE87040602109
S3150102F204F5F73CBB06FB0500FFF7D8FF0135D4E948
S3150102F2141603AB42F6D806F00AFAEDE700251826DC
S3150102F224F5E770BD10B5044658B1FFF7CBFF04F1FB
S3150102F2346000FEF756FD04F16800BDE81040FFF7D1
S3150102F244BDBF10BD38B504460D46FEF7C0FD70B903
S3150102F25405F1080104F10800FEF7B9FD38B905F113
S3150102F264100104F11000BDE83840FEF7B0BD38BD07
S3150102F27410B501210446FEF7E0FD60B9012104F14E
S3150102F2840800FEF7DAFD30B9014604F11000BDE8C3
S3150102F2941040FEF7D2BD10BD002108B51030FEF7AD
S3150102F2A4D2FEB0FA80F0400908BD1FB500240294CB
S3150102F2B4079C0194069C0094F4F702FF04B010BD66
S3150102F2C400B14078704770B500231446E4091D461F
S3150102F2D403F10103FAD10468091B994212D302F01C
S3150102F2E47F0161550224D2099C42016803D919445A
S3150102F2F40160002070BD1D1B62F07F064E55D209C6
S3150102F3040134F1E76FF00A00F4E76FF02D0070475C
S3150102F3142DE9F0410446002086B001918E1802902F
S3150102F324B14246D1431E7E2B7FD800EB80080121D0
S3150102F334404603F0D9FF0546A060002878D005901F
S3150102F344324601A903A8F4F787FF002867D1039F70
S3150102F354022F64D8019BB34261D218782E285ED15A
S3150102F364013304A80193F4F777FF002857D1022F3A
S3150102F37402D0049B272B52D8019BB34204D21A789A
S3150102F3842E2A4CD10133019328235F43049BFA1895
S3150102F39445D2A844414605A8FFF795FF054618B389
S3150102F3A46FF00A05A06806F042F90023C4E90133A5
S3150102F3B431E011F8013B2E2B08BF0130B0E732468A
S3150102F3C401A902A8F4F748FF48BB019BB34204D240
S3150102F3D41A782E2A23D1013301934146029A05A8AA
S3150102F3E4FFF771FF0028DBD1019BB342E7D3A36880
S3150102F3F4059E0121F61A304603F076FF074688B1C7
S3150102F4043246A16805F032F8A06806F010F906231F
S3150102F414C4E901672360284606B0BDE8F0816FF0AE
S3150102F4246705BFE76FF06905BCE76FF06705F2E7A9
S3150102F4346FF06905EFE70023C0E900338360704783
S3150102F44410B5044658B103681BB19B6A0BB14068F7
S3150102F45498472046BDE81040A021F5F70FBA10BD22
S3150102F464034608461BB11B680BB1DB68184700202B
S3150102F474704710B5002486B005940C9C04940B9C29
S3150102F48403940A9C0294099C0194089C0094F4F73F
S3150102F494FFFF06B010BD10B1006800B100787047D5
S3150102F4A40368D90444BF43F4806303609A0444BFE6
S3150102F4B443F4006303607047022803D0031F5842D2
S3150102F4C45841704701207047012802D0831F5842D0
S3150102F4D45841704710B5044686B000211822684681
S3150102F4E4D1F7C6DD6946A06800F019FB38B968464A
S3150102F4F4BDF8024000F0FBFD204606B010BD002413
S3150102F504FAE78068F4F7FEBF37B504460D4610469E
S3150102F514694601AAF4F7ECFE28B9DDE90023294676
S3150102F5242046FEF76BFA03B030BD10B5A8B0044607
S3150102F534FFF7B1FF072820D1A468002118226846E3
S3150102F544D1F796DD6946204600F0E9FA18B100249E
S3150102F554204628B010BDBDF80000BDF8021000F423
S3150102F5644F43B3F5824F18BF0020C0B201F02AF906
S3150102F5740446684600F0BBFDEAE7A0222146684636
S3150102F58404F074FF6846FFF786FF0238022802D8A0
S3150102F594019B1C78DCE700231B78FFDE10B586B0DD
S3150102F5A40446FFF778FF07281BD1A4680021182215
S3150102F5B46846D1F75DDD6946204600F0B0FA90B996
S3150102F5C4BDF80040684600F092FD04F44F43B3F5DA
S3150102F5D4824F0AD044F2010324F44050C31A58421A
S3150102F5E4584106B010BD0020FBE70220F9E72DE9D8
S3150102F5F4F04F002787B080460E46CDE904772AB933
S3150102F6046FF06B04204607B0BDE8F08F0A440392FB
S3150102F614024603A8F5F7FEF8041EF3DB039B9A1BC5
S3150102F624002AEDDD5A1E651C039231462A4603F869
S3150102F634017C03A8FEF755F9B0F1000A52DB032255
S3150102F644314603A8FEF771F9B0F100094CDB4046D5
S3150102F654FFF7A4FF83464046FFF7A0FF022836D1EF
S3150102F6644046FFF762FF00F0FB03092B024627D14E
S3150102F67404AA05A9FFF749FE04460028C2D1074692
S3150102F684049B33B3DDE90432CDE90074314603A8A0
S3150102F694FEF7C5F9041EB5DB55444D4425442A46F5
S3150102F6A4314603A8FEF71DF9041EABDB30223146AF
S3150102F6B403A8FEF73AF9002812DB25444419A1E707
S3150102F6C4314603A8FFF720FF041E9BDB27460124CC
S3150102F6D4D6E7584604AA05A9F4F7F6FD0028D1D0BF
S3150102F6E404468FE754468DE74C468BE710B504462C
S3150102F6F408B1F5F7C3F82046BDE8104005F097BFF7
S3150102F70400F4E040B0F5805F04D0A0F500535842FE
S3150102F71458417047012070473AB1002918BF0023A6
S3150102F7242121D21A1844D1F7A39C70472DE9F74334
S3150102F734DDE90A89CDE9008904460D4616461F46C6
S3150102F74402F0A1FD10F1860F15D13B463246294638
S3150102F7542046CDE9008903F06EFA10F1860F0AD12B
S3150102F7643B46324629462046CDE90A8903B0BDE81D
S3150102F774F04300F042BE03B0BDE8F083434213F006
S3150102F7847F0320D0584210F15F0F80F2CA8010F134
S3150102F7946C0F48DA10F1700F00F0F78010F16F0F59
S3150102F7A480F2B78010F5645F00F08F8000F3A680C3
S3150102F7B410F5685F6ED000F39E8010F56C5F1DD064
S3150102F7C410F56A5F64E010F56E5F00F0DB80DADC47
S3150102F7D410F59C4F79D060DC10F5C44F00F0C98056
S3150102F7E434DC10F5C74F00F0C780C0F2D48010F59F
S3150102F7F4C64F6AD010F5C54F40F0CD806FF0860032
S3150102F8047047012300F10E02934040F2155213424E
S3150102F814F4D1002840D010F1080F14BF6FF0830011
S3150102F8246FF089007047012300F16C02934041F2A3
S3150102F83450521342E2D1DB0700F1AA8010F16A0F9A
S3150102F84414BF6FF083006FF08C00704710F5A24F5E
S3150102F854D4D010DC10F5C14F1CD005DC10F5C34F12
S3150102F86406D010F5C24FC7E710F5A34F40F09380B7
S3150102F8746FF08C00704710F59E4F00F0898005DC0D
S3150102F88410F5A14F06D010F59F4FB5E710F59D4F20
S3150102F89440F081806FF08500704710F5785F6ED075
S3150102F8A41BDC10F5994FA9D008DC10F59B4FDFD06C
S3150102F8B410F59A4F6FD16FF09300704710F57E5F82
S3150102F8C4D6D005DC10F5984F65D16FF094007047D8
S3150102F8D420F0800010F57C5F8EE710F5705F51D041
S3150102F8E459DC10F5725FD5D055DC10F5765F85D0FB
S3150102F8F410F5745F80E710F5665FC9E710F5625F7C
S3150102F90446D010F1720F14BF6FF083006FF08500B9
S3150102F914704710F16E0F14BF6FF083006FF09600FB
S3150102F9247047002837DC10F10E0FBFF66AAF10F1EB
S3150102F9343B0F0ADA10F13D0FBDDA10F1400F14BF85
S3150102F9446FF083006FF09300704710F1200FA1D07E
S3150102F95410F11F0F0ADA10F1220F9BD010F1210FB9
S3150102F96414BF6FF083006FF08600704710F1100F19
S3150102F97466E76FF0950070476FF0960070476FF077
S3150102F984910070476FF0840070476FF092007047E0
S3150102F9946FF0890070476FF08300704741F20523C7
S3150102F9A498421AD8B0F5905F09D241F201039842FE
S3150102F9B40CD0B0F5885F09D06FF085007047292312
S3150102F9C4A0F5905080B2C340DB07F5D511F0070FBD
S3150102F9D414BF6FF0860000207047B0F5105FEBD1BB
S3150102F9E421F04003802B06D0B1F5807F14BF6FF05E
S3150102F9F48600002070470020704770B5046A0546E8
S3150102FA040E463CB9012003F06FFC286228B1204658
S3150102FA146E6270BD6FF08A00FBE76FF08C00F8E747
S3150102FA24F8B50F46114606461546FFF7E6FF0446A4
S3150102FA3420B92A463946306A04F018FD2046F8BD33
S3150102FA442DE9F14F0C9F8346DDE90A9A88461E4643
S3150102FA5415460488C2B32046FFF752FEE0B139685F
S3150102FA6409B9D10039602046FFF798FF044678B9EF
S3150102FA740731B5EBD10F21D14D4522D82A4641464C
S3150102FA84304604F0F3FC3B680733DB08CAF800305E
S3150102FA94204601B0BDE8F08F630415D504F44F4442
S3150102FAA4B4F5824F10D133465846CDE90BA7CDF8AA
S3150102FAB4289001B0BDE8F04F00F0F4BB6FF0860464
S3150102FAC4E6E76FF08904E3E76FF08504E0E710B532
S3150102FAD40446006A10B1616AFFF708FE0020C4E910
S3150102FAE4080010BD38B50446FFF7F1FF237E012B4A
S3150102FAF40FD0023B012B0FD8E369012B14BF6FF020
S3150102FB0496050025282200212046D1F7B1DA284696
S3150102FB1438BDE369002BF1E76FF09605F2E773B599
S3150102FB24054608460C4600F0E2FA002328461A4620
S3150102FB3401A9F5F771F850B9019E35460FCD0FC4E7
S3150102FB4495E8030084E803003046F5F717FF02B08F
S3150102FB5470BD2DE9F0411446DDE90656028802F428
S3150102FB64E047B7F5804F22F4405C44F2010718D10D
S3150102FB74BC4507D002F44F47B7F5824F02D0B7F519
S3150102FB84844F10D1AC421AD82246184604F06EFCB0
S3150102FB9400212A1B2044D1F76BDA00203460BDE828
S3150102FBA4F081BC450ED002F44F42B2F5824F09D11F
S3150102FBB42246CDE90656BDE8F04100F0A2BB6FF03C
S3150102FBC48900ECE76FF08500E9E7F0B50F461E46BA
S3150102FBD4154685B0FAB1002303A91A463360F5F72F
S3150102FBE41BF8044688B9039803885B0410D5CDE94A
S3150102FBF400563B46D0E9081200F07DFA0446039802
S3150102FC04F5F7BCFE002C08BF0446204605B0F0BD3C
S3150102FC146FF08604F3E76FF08904F6E770B4002403
S3150102FC24DDE903652C6000F0FE44B4F1007F04D1E2
S3150102FC34CDE9036570BCFFF779BD6FF0860070BC30
S3150102FC4470472DE9F04F456889B02D0A0446DDE96E
S3150102FC541267DDE914899B46CDE90612DDF858A03F
S3150102FC6406D0012D1CD06FF0860009B0BDE8F08FD5
S3150102FC74CDE9039ACDE90178009602F0D8FF10F195
S3150102FC84860FF2D1DDE906125B462046CDE9159AC5
S3150102FC94CDE91378129609B0BDE8F04FF5F702BA29
S3150102FCA4CDE9159ACDE91378129609B0BDE8F04F5C
S3150102FCB402F0B7BF2DE9F04F8B46994600238BB06C
S3150102FCC4DDF85C800546DDE915A711465846C8F8F4
S3150102FCD400301646F4F70EFF044600285AD1002FC7
S3150102FCE46BD0BBF1000F33460CBF4FF480524FF475
S3150102FCF48062284609A9F4F78FFF044600283CD1FD
S3150102FD04099D2B8803F4E043B3F5E04F52D1D5E9BB
S3150102FD140812BBF1000F41D06B681B0A0DD0012BEF
S3150102FD241FD0149B2846CDE90093CDE903783346C7
S3150102FD34CDF808A0F5F7DCF91EE0149B2846CDE9B7
S3150102FD440093CDE903783346CDF808A0CDE906122E
S3150102FD5402F06BFF10F1860F04460ED1DDE906129D
S3150102FD64DFE7149B2846CDE90093CDE903783346B0
S3150102FD74CDF808A002F053FF044621463A465046FE
S3150102FD84D8F80030FFF7C8FC0998F5F7F7FD002CFF
S3150102FD9408BF044620460BB0BDE8F08F149B2846E3
S3150102FDA4CDE90093CDE903783346CDF808A0FFF7F0
S3150102FDB448FFE1E76FF08604DFE76FF08904E9E7BC
S3150102FDC41FB5089C0394079C0294069CCDE9003452
S3150102FDD413460A460121FFF76DFF04B010BD1FB594
S3150102FDE4089C0394079C0294069CCDE900341346AD
S3150102FDF40A460021FFF75EFF04B010BD2DE9F04F5C
S3150102FE04456887B02D0A0446DDE91067DDE91289E2
S3150102FE1492469B46059106D0012D1AD06FF08600B3
S3150102FE2407B0BDE8F08FCDE90289CDE9006702F09A
S3150102FE3400FF10F1860FF3D15B465246204605991F
S3150102FE44CDE91289CDE9106707B0BDE8F04FF5F7A0
S3150102FE5499B9CDE91289CDE9106707B0BDE8F04F2A
S3150102FE6402F0E1BE2DE9F041804686B000200D463E
S3150102FE7416461F46F4F73EFE0446D8B92B464FF4FE
S3150102FE840052404605A9F4F7C7FE044690B90D9BF4
S3150102FE94059803930C9B0096CDE901732B46D0E991
S3150102FEA40812FFF7ABFF04460598F5F767FD002C28
S3150102FEB408BF0446204606B0BDE8F081036819432B
S3150102FEC4B1FA81F040097047F4F78ABE70B5048825
S3150102FED40546DDE9046220460699FFF711FC28B1BD
S3150102FEE43046BDE870401146F4F77ABE04F44F4336
S3150102FEF4B3F5824F0BD104F4E044B4F5E04F06D1D5
S3150102FF040B4628463146BDE87040F5F743BB6FF010
S3150102FF14850070BD2DE9F04F1E46002389B01746B0
S3150102FF24129ACDE905331360438881460D46002BA7
S3150102FF3400F0DA80038803F4E043B3F5804F00F05E
S3150102FF44D38031462846FFF7B9FF002800F0CC805A
S3150102FF544946012006AB05AAF4F722FF0446002806
S3150102FF6440F08D80059B5B6AB3B1DDF81490CA46F5
S3150102FF74D9F80430D9F820B0190AC3F31623012B90
S3150102FF845AF8248F00F0A98000297DD06FF08604E7
S3150102FF940598FFF79CFD72E0D9F804301A0A67D175
S3150102FFA4B9F800A0B9F802105046FFF7A9FB80B1CF
S3150102FFB45046FFF7F3FC0446002860D10AF4E043F5
S3150102FFC4B3F5805F02D0B3F5005F0FD10731CA08DA
S3150102FFD41CE00AF44F43B3F5824F04D10AF4E04319
S3150102FFE4B3F5E04F07D06FF0850448E00AF44F43B6
S3150102FFF4B3F5844FEAD047F201039A450FD1490872
S315010300040131C90801EBC10101F13B0207920799C9
S315010300140598FFF7F2FC04460028A6D02FE044F224
S3150103002401039A4503D1C90801F11002EEE747F228
S3150103003402039A4505D1C90801EB410101F15A02AB
S31501030044E4E744F202039A4505D1C90801EB4101E8
S3150103005401F14A02DAE72AF0FF00B0F5E24FB5D01F
S31501030064B0F5824F01BFCC1DE4086400621CCDE7E1
S31501030074484607A9F5F780F904460028C7D0DDE900
S315010300840501F4F71FFF24E0B9F800305B040BD430
S3150103009433463A4629464846CDE9018ACDF800B0A6
S315010300A4FFF714FF044609E05346424659464846B8
S315010300B402F0CEFB10F1860F0446E9D0002C7FF43F
S315010300C467AFDDE90501129AF4F7CAFE044600286F
S315010300D4D5D1204609B0BDE8F08F53464246594669
S315010300E44846F9F7C3FEDDE76FF08604F1E7182204
S315010300F40021D0F7BD9F2DE9F34745680446DDE9A1
S315010301040A672D0A884691469A4606D0012D16D0CA
S315010301146FF0860002B0BDE8F087CDE9006702F00F
S31501030124AAFB10F1860FF5D153464A4641462046AA
S31501030134CDE90A6702B0BDE8F047FFF70ABDCDE989
S315010301440A6702B0BDE8F04702F094BA2DE9F04715
S3150103015400F4E04ABAF5804F06460C4691469846A2
S31501030164089F14D100F44F43B3F5824F02D1C3B2AE
S31501030174412B0CD018F0010F06D04FEA580344B1B2
S31501030184E21DB3EBD20F05D06FF0860661E0434659
S31501030194F5E7DC008021012003F0A6F805460028D3
S315010301A47DD0FEF7FDFF06F44F43B3F5824F07D126
S315010301B4F0B2302858D00DD8122815D017285BD0A1
S315010301C46FF086042846FFF72DF8284605F02FFA23
S315010301D426463EE04128F3D1B4F5807F51D0B4F5E8
S315010301E4E07F0ED0FF2C0BE040F209239C4208D09A
S315010301F435D8B4F5807F04D02ED824F02003C02B40
S31501030204DED1214600F0DEFA0146002842D0284613
S31501030214F3F7D2FFFFF7B2FA064600283DD1BAF542
S31501030224804F30D105F1680A43464A46514628466A
S31501030234F3F7B4FCFFF7A2FA04460028C2D15146E8
S315010302442846F3F7F1FCFFF799FA04460028B9D1D6
S315010302543D603046BDE8F087B4F5C07FD0E7B4F519
S31501030264047FADD11C46CCE724F08003B3F5807F2C
S31501030274C7D0B4F5007FC3E7C02CC2D0B4F5807FE1
S31501030284BEE7FF24BDE743464A4629462878F3F7E2
S3150103029443FFD8E76FF0850494E7044692E76FF0CA
S315010302A48C06D6E7F0B51F46002385B0039303AB4B
S315010302B40093054613460A4641880088FFF746FF1D
S315010302C4039E0446A0B92888336C00F44F42B2F561
S315010302D4824F03D1C2B2412A08BF01330C9A314674
S315010302E413600B9B3A4600930A9BF5F70FF90446F1
S315010302F43046FEF797FF304605F099F9204605B0D7
S31501030304F0BD7FB51E460023039303AB0093054655
S3150103031413460A4641880088FFF718FF0446D0B9F5
S315010303242888039D00F44F43B3F5824F099B0CBF01
S31501030334C0B24FF482403246294608BF40F4824094
S315010303440093089BF5F7E2F804462846FEF76AFF8D
S31501030354284605F06CF9204604B070BD036870B5F0
S3150103036405460E46002B45D101F17E43053B062B7B
S3150103037432D8DFE803F0043131131C222B00041DA8
S31501030384204601F01AFF2046F8F7BAFE044668BB75
S315010303942E602046BDE87040FFF7F0B9041D2046E0
S315010303A401F007FF01212046F8F778FEEEE7041D65
S315010303B4204601F0FEFE0021F5E7041D204601F067
S315010303C4F4FE01212046F8F737FEDFE7041D204634
S315010303D401F0EBFE0021F5E701F0FE46B6F1007FDD
S315010303E414BF6FF086006FF0850070BD2846F5F7DC
S315010303F409F9CEE76FF08800F7E72DE9F0430446E0
S31501030404B9B00E46DDE940890021174601A8DC226D
S315010304141D46D0F72DDE2146C9F8008001A8FFF752
S315010304249DFF044668B93A46314601A8F5F710F922
S31501030434044630B94B464246294601A8F5F72CF939
S31501030444044601A8F5F7DEF8002C18BF204639B097
S31501030454BDE8F083037E022B06D1C3695A1C03D07C
S315010304640133C361002070476FF09600704703465A
S315010304746FF040420846591E914207D338B103F13E
S31501030484404393428CBF00200120704701207047EB
S31501030494034668B1017E8A1E012A0BD80329C26960
S315010304A403D1012A01D1FFF71DBB1AB1013ADA615E
S315010304B4002070476FF09600704700207047C0B262
S315010304C4FF280CBF6FF086000020704737B50C4632
S315010304D401A90546F5F7DAF930B90198256003B0A0
S315010304E4BDE83040F5F74ABA10F1880F4FF000031F
S315010304F408BF6FF08B00236003B030BD07B500213D
S315010305046A4601F095FE8C3018BF012003B05DF8ED
S3150103051404FB13B500216A46044601F089FE8C30B7
S3150103052402D1002002B010BD00212046F9F7B6F826
S31501030534014610B16FF09800F4E76A46204601F0CC
S3150103054477FE8C30EDD0F5E72DE9FF4107461446D6
S31501030554884600293FD0002A3DD0B2F5005F3DD23B
S3150103056402F124063146012002F0BEFE0546C0B35C
S3150103057403463A4621464046F5F754FA7F69002471
S315010305843846FFF7BBFF01281FD021462B463246C7
S3150103059438460094F8F7B6FF0146C8B9384602AAA5
S315010305A401F046FE044620B9029B9E4205D06FF034
S315010305B4980438460021F9F771F831462846FFF7BE
S315010305C495F8204604B0BDE8F0816FF08A04F4E798
S315010305D46FF09804F1E76FF08604F2E76FF08D0488
S315010305E4EFE76FF08C04ECE7FFF780B82DE9F047EA
S315010305F4D0F814A086B08146884617465046002192
S3150103060404AA01F015FE044610BB049E01203146DB
S3150103061402F06AFE0546002837D02146504604AA4D
S31501030624039401F005FE044670B903AB0246214661
S31501030634CDE9005350463346F8F7D6FF039B0446E8
S315010306449E4209D06FF0980431462846FFF74EF8C7
S31501030654204606B0BDE8F0870028F5D13B4642465D
S3150103066431462846CDF80090F5F7FAF904460028F1
S31501030674EAD1D8F800302BB13B68002B08BF6FF0E1
S315010306849104E1E76FF09104DEE76FF08C04DFE791
S3150103069473B50C46164602783AB19A1BA2420BDA93
S315010306A46FF06B05284602B070BD013C00F10100F1
S315010306B4F1D16FF06705F5E71B1B22460146184680
S315010306C4019303F0D3FE90F90020002A08DA821B72
S315010306D4002AE5DD421E01920022013400F8012CB1
S315010306E42246314601A8FDF7FCF8051EDADB022290
S315010306F4314601A8FDF719F9002802DB254405440F
S31501030704D0E70546CEE72DE9F341074690461E4653
S31501030714009001440223684601AAFDF763F818B958
S31501030724019D25B96FF0670002B0BDE8F081009B16
S3150103073493F900101A780029F4DB3AB95A1C013DDE
S315010307440092019525B15B78002BEBD0AE42E9D338
S31501030754009C761B21462A4608EB06002C4403F02B
S3150103076485FEE01BE0E710F1860F13D010F1850F28
S315010307740BDA20F0020393330FD010F1970F0CBF5A
S315010307846FF06D004FF0FF307047003818BF01203A
S31501030794404270476FF0710070476FF06F00704706
S315010307A430B40024944201D130BC184731F92450A2
S315010307B4854201D00134F5E701EB8401B1F9020065
S315010307C430BC7047122805D1B1F5807F14BF0020D0
S315010307D40320704700207047084608B51146FFF702
S315010307E473FB002818BF6FF03B0008BDF0B51D4627
S315010307F493B0189CC31D2C440F46DE0801940028AC
S3150103080440D0B2EB460F3DD1B3F5847F3DD2324698
S3150103081402A803F02BFE3246B9190AA803F026FEF1
S3150103082423462A4631460AA8FFF732FF041E26DB6E
S31501030834019B2A461B1B314602A80193FFF728FF96
S315010308442746041E1BDB019B27441B1B3A462946E9
S3150103085401A80193FDF745F8041E10DB302229464E
S3150103086401A8FDF762F8002812DB3C44044422463E
S315010308742846019903F082FD199B1C600024204636
S3150103088413B0F0BD6FF06704F9E76FF06B04F6E795
S315010308940446F4E72DE9F047C51D92B00E46914689
S315010308A49A460091ED0800283ED01A9B6F00B3EBDC
S315010308B4450F3CD3402F3AD83023684601AA49440D
S315010308C4FCF790FF044658BB0DF1080801463A4666
S315010308D44046D0F7CDDBDDE9000142462B46FFF75F
S315010308E412FF021E26DB009801991044891A2B462E
S315010308F408EB050200900191FFF705FF051E1BDBBB
S31501030904009B019A2B4400939B1B521B4B4501925B
S3150103091414D13A464146504603F0A8FD1B9B1F607A
S31501030924204612B0BDE8F0876FF06704F8E76FF06D
S315010309346B04F5E71446F3E72C46F1E76FF0650418
S31501030944EEE76FF01B007047704703463038C2B2B7
S31501030954092A0FD9A3F16102052A02D8A3F1570083
S315010309647047A3F14102052A02D8A3F13700704760
S315010309744FF0FF30704710B504460078FFF7E5FFE3
S3150103098401466078FFF7E1FF4A1C04D0431C0CBF00
S31501030994014640EA0111084610BD2DE9F34706460F
S315010309A40F4690464FF00009B8F1000F14D14A4699
S315010309B439463046FCF795FF041E09DB30223946D6
S315010309C43046FCF7B2FF00284BDBA14400EB0904D4
S315010309D4204602B0BDE8F087D8F81030D8E901A55E
S315010309E4009339463046D8F81430D8F80C20FDF76D
S315010309F452F8041EECDB2A46534639463046FCF7C5
S31501030A04FDFF051E2BDB25442A4639463046FCF7F2
S31501030A1468FFB0F1000A20DB302239463046FCF781
S31501030A2484FF041ED4DBAA44A24452463946304603
S31501030A34FCF757FF051E12DB312239463046FCF714
S31501030A4474FF041EC4DB05EB0A032344002B1C4673
S31501030A54BEDBD8F818809944A6E75446B8E72C4672
S31501030A64B6E70446B4E72DE9F74F064600680F4691
S31501030A748842904699460D9C05D26FF06B0528462C
S31501030A8403B0BDE8F08F431AA342F6D3001B2246F3
S31501030A940C99306003F0EAFC3368DA1B002AECDDB7
S31501030AA44FF0000B5A1E0134326039462246304652
S31501030AB403F801BCFCF715FF051EE0DB03223946E7
S31501030AC43046FCF732FFB0F1000A12DB9DF83830E9
S31501030AD44246043B18BF01233946CDE900B33046E8
S31501030AE44B46FCF79CFF002805DB2C4454440519AB
S31501030AF4C5E75546C3E70546C1E72DE9F84F07465A
S31501030B04884616464FF000091EB94C462046BDE8F1
S31501030B14F88FD6E9043241463846013B0132FCF7E4
S31501030B2453FF041EF2DB326941463846013AFCF7A8
S31501030B34D8FEB0F1000A48DB042241463846FCF7E5
S31501030B44F4FE051E3DDB7369A2441B7855443BB190
S31501030B54012241463846FCF785FF041ED6DB2544AC
S31501030B644146D6E901323846FCF72EFFB0F1000BB4
S31501030B7429DB414638467268FCF7B3FEB0F1000A35
S31501030B8423DB062241463846FCF7CFFE041EBDDBB2
S31501030B945D44554425442A4641463846FCF7A1FE9D
S31501030BA4B0F1000A11DB302241463846FCF7BDFE9B
S31501030BB4041EABDBAA4414EB0A04A7D4B669A14405
S31501030BC4A2E72C46A2E75C46A0E754469EE7102219
S31501030BD40021D0F74D9A10B5044660B10430FCF7F1
S31501030BE45CFE04F10C00FCF758FE2046BDE81040F8
S31501030BF41021F3F743BE10BD0172704701607047BC
S31501030C0438B50D46041D2046FCF747FE2946204602
S31501030C14BDE83840F4F7BEBF08B5082000F028F84C
S31501030C24BDE80840082000F02EB84FF0FF307047A6
S31501030C34FEE70020704701207047012070474FF0FB
S31501030C44FF3070470020704700207047002070472B
S31501030C54F5F75ABAFEE700239A4200D1704710B555
S31501030C6450F8234041F8234001339A42F8D110BD89
S31501030C744FF060420123D2F8001E83400B43002048
S31501030C84C2F8003E70474FF060410122D1F8003E9D
S31501030C94824023EA02030020C1F8003E7047C16C77
S31501030CA4836910B5DA1CA1F11404B2FBF4F203EB64
S31501030CB4C2000330B0FBF4F0B1F5805F00F101002B
S31501030CC402D1012828BF0120013010BD38B50546DC
S31501030CD40C46FFF7E4FFE96CA1F11402B1F5805F59
S31501030CE402FB00F304D1A969B1F57E6F88BFCC3346
S31501030CF404B10834E01DB0FBF2F01C44013004EBEB
S31501030D04C00038BD38B5054684692146FFF7DEFFC1
S31501030D14EA6C04F10F03143AB3FBF2F304EBC304D1
S31501030D241034204438BDF7B506460D460C4601F189
S31501030D340807F36C85EA04025B42134208D1336C58
S31501030D4401225B69204601A99847019B013302D01D
S31501030D54002003B0F0BDBC4202D1F06C1438F8E7AD
S31501030D640434E6E770B505460C46FAF7F5FD2B6C34
S31501030D742046BDE87040DB68184770B50025044674
S31501030D8486B04562236AAB4202D8606A06B070BD77
S31501030D94E66C2068236C05225B6901A906FB050041
S31501030DA4984701A800F0AFFD00F0D2FD10B1636AC4
S31501030DB4013363620135E5E737B5044694F87430C4
S31501030DC4C56C0068009305FB010104F14803206C1B
S31501030DD400F0CBFD05462046FFF7CFFF284603B0B7
S31501030DE430BD2DE9F04700254FF0FF384FF6FF7369
S31501030DF40446C1462F4686B0C0E90953236ABB425A
S31501030E040DD8A5EB0805012D06D94FF6FF73002569
S31501030E14A362236AAB4226D806B0BDE8F0872368EA
S31501030E24226CE06C566900FB0730052201A9B04721
S31501030E3401A800F068FD824601A800F03BFD0646C1
S31501030E44504600F085FD60B1B14588BFA762B04540
S31501030E5428BFB046B54238BF3546B146636A013346
S31501030E6463620137CAE7E66C2068236C052206FB35
S31501030E7405005B6901A9984701A800F01BFD01352B
S31501030E84C7E7F0B50546002687B02C6A013CB44290
S31501030E9403D80C46204607B0F0BD01B14C1EEF6CD6
S31501030EA428682B6C05225B6901A907FB0400984793
S31501030EB401A800F028FD00F04BFD0028EAD12146E4
S31501030EC40136E2E7F0B504460D46C66C236C0068A9
S31501030ED487B005225B6901A906FB0500984701A8AA
S31501030EE400F011FD00F034FD20B101A800F0E2FC8D
S31501030EF407B0F0BD29462046FFF7C3FF0646E76C54
S31501030F042068236C05225B6901A907FB0600984740
S31501030F1401A800F0CFFC431CEAD0B54238BF013027
S31501030F24E6E72DE9F0434FF6FF79D0F82880044626
S31501030F340E46C84514BF45460025002787B0236AD4
S31501030F44BB4202D807B0BDE8F083226C2368E06C88
S31501030F54D2F814C000FB0530052201A9E04701A814
S31501030F6400F0D1FC022806D0C8450CD1721C2946CF
S31501030F742046FFF721FF236A0135B5FBF3F2013757
S31501030F8403FB1255DBE729462046FFF79BFFB0F126
S31501030F94FF3F14BF024632460132E8E70368F0B560
S31501030FA4CC1AC36C0646B4FBF3F4002587B0336A43
S31501030FB437685A1E9542F06C08D3F06C336800FB0C
S31501030FC4043007B0BDE8F04000F0CDBC0134B4FBF6
S31501030FD4F3F203FB1244336C05225B6901A900FB9B
S31501030FE40470984701A800F08EFC00F0B1FC0028B8
S31501030FF4E3D10135DBE710B423F0030422449B0751
S315010310040A44C36C18BF04325B4281EA02042342D5
S3150103101403D05DF8044BFFF7C1BF10465DF8044BDB
S3150103102470472DE9F041D0E90B369E42044686B05A
S3150103103428D11422036A456802FB1355284606B0D0
S31501031044BDE8F0812068E76C331AB3FBF7F3226C2E
S3150103105407FB0300D2F8148001A90522C04701A89E
S3150103106400F051FC012804D0E36C1D44013B3340D9
S31501031074ED1A31462046FFF791FF0646E36AB3426A
S31501031084E0D1DBE70025F9E713B50C460021217608
S315010310940093616813462246F5F742F918B1E37DD5
S315010310A403B1A07EA075A07D02B010BD08B50830BA
S315010310B41346D1E90012F6F7CDFE012008BD73B537
S315010310C4164600F108050C46284609680DF1070280
S315010310D400F099FA032E06D16368834203D12846A5
S315010310E4216800F061FA012002B070BDD01E009B95
S315010310F442424241187E824211D11A688A420ED86B
S315010311045A688A420BD35A6901325A61D3E90302F3
S3150103111482423FBF986840F8221001321A610120C6
S31501031124704710B5032A029C07D1E26A5340E26C65
S315010311345242134201D100F037FA012010BD08B51A
S31501031144C36800209847BDE80840FAF727BC01287D
S3150103115414BF0420022070B5002442431C70CC7DC5
S31501031164101D02F002024CB91AB1012220F0030048
S315010311741A7000F108034868184470BD1AB10122B4
S3150103118420F003001A7000230C7E01F12005DAB264
S31501031194944201D80020F0E735F833205E1C8242DD
S315010311A406D901EBC30300F10802D8691044E4E745
S315010311B43346801AEBE773B5054690F84A601C4635
S315010311C430460DF10303FFF7C2FF2B6C012E5B6956
S315010311D40DD1324601A998479DF8033013B1BDF8E1
S315010311E406300193BDF80430236002B070BD0122B9
S315010311F4214602B0BDE870401847F0B50546002400
S3150103120448682B6C87B00E4601225B69029402A9D6
S3150103121408309847274695F84A30012B40F0AC80AD
S31501031224632C00F2AB80612C08D805AB2246314608
S315010312342846FFF7C0FF9DF814305BB3224605AB7E
S31501031244314628468DF81070FFF7B5FF95F84A2005
S31501031254059B012A7FD14FF6FF72934256D008228A
S3150103126405A904A800F0A8FB059B9DF81010C3F378
S31501031274072291424AD1DBB2029A1A44029245E009
S31501031284DCD005AB224631462846FFF794FFBDF869
S315010312941430D2E795F84A30012B39D1612C2ED873
S315010312A422463146284603ABFFF785FF31462846D6
S315010312B404AB621CFFF77FFF3146284605ABA21C2C
S315010312C4FFF779FF102208230DEB02010DF1070045
S315010312D48DF8073000F070FB102205A90DF1070004
S315010312E400F06AFB039BDAB24AB99DF80720B2EB15
S315010312F4132F04D1DDE9043203EB0243029395F878
S315010313044A30012B14BF012302231C44013482E70F
S31501031314302CF4D822463146284603ABFFF74BFF5C
S315010313243146284604AB621CFFF745FF10232022EE
S315010313340DEB03010DF107008DF8073000F03CFBBB
S31501031344039B9AB2002ADAD19DF80720B2EB134F15
S31501031354D5D1049BD2E70133D8D0102205A90DEBCD
S31501031364020000F029FB059B9DF81010C3F3074205
S315010313749142CBD19BB27FE7312C81D9029807B035
S31501031384F0BD13B500240194049C0094F5F724FCE1
S3150103139402B010BD13B501240194049C0094F5F71E
S315010313A41BFC02B010BD50F83130C3F3130343EAF7
S315010313B4025340F831307047C368F0B58BB100244A
S315010313C40768013BE618700857F83050C5F313054F
S315010313D4A94202D110600020F0BD04D9441C9C42E9
S315010313E4F0D92D20F8E7012EFBD9431EF7E7002395
S315010313F44FF0FF3230B544689C4203D10023037294
S31501031404C36030BD016801EBC30541F833206A604B
S315010314140133F1E7C0E90012FFF7E9BF73B51E46CD
S3150103142400230193C3680446154613B9002002B089
S3150103143470BD42689342F9D801AAFFF7BDFF00289C
S31501031444F4D12068019950F8313000EBC10401331A
S31501031454ECD03246FFF7A7FF01206560E7E770B5D5
S31501031464046893420AD854F83230C3F313039942F6
S3150103147400D901320020049B1A6070BD54F833006D
S31501031484C0F31300814201D95A1CF3E754F832001D
S31501031494C0F313008142EDD39E18700854F83050FB
S315010314A4C5F31305A94201D1421CE3E701D9421C41
S315010314B4D7E7012E01D9431ED3E72D20DDE7F0B586
S315010314C4C368013B8B4206D333B921B903681A684E
S315010314D49A605A68DA60F0BD0468DA0054F8337026
S315010314E4083204EBC306A518A75072686A60E8E7D5
S315010314F42DE9FF471F46C568436804469D4288464E
S31501031504914604D3032F4DD10123237227E00022ED
S3150103151403924DB103AB00936B1EFFF7A0FF18B9FA
S3150103152420460399FFF7CBFF4FF0FF330399226854
S31501031534013502EBC10042F83130436020683A4673
S3150103154450F8313000EBC1066FF3130348EA030382
S3150103155440F83130FFF727FFC6F80490E560002011
S3150103156404B0BDE8F08701318B42CDD0206850F831
S31501031574316000EBC10AC6F30752032AF3D16FF3B1
S31501031584130648EA06063A4640F83160FFF70BFFAD
S31501031594012DCAF80490E2D9204604B0BDE8F04708
S315010315A4F6F72EBB0021DFE70023F7B5C56804462A
S315010315B40F460193EDB143689D421AD801AAFFF779
S315010315C4FBFEB0B9019A266856F8320006EBC2034C
S315010315D4411C0ED0C0F3130087420AD14FF0FF31E9
S315010315E446F832100D445960954203F1080302D8B3
S315010315F4E56003B0F0BD1968013243F8081C596864
S3150103160443F8041CF0E7002337B50193C368044682
S3150103161415461BB94FF0FF3003B030BD4268934200
S31501031624F8D801AAFFF7C8FE0028F3D1019B216864
S31501031634DA0051F83330591CECD01B0D2B70236897
S3150103164413445868E8E730B50D4604468BB068463B
S31501031654CFF7A8D82A4621466846F6F7C1FE0028DD
S3150103166418BF74200BB030BD7047F0B50E468BB06E
S31501031674970040F0C0456846CFF794D83B463246B7
S3150103168429466846F6F7DCFF044638B93A46314635
S31501031694284602F063FE002818BF3D2420460BB0FA
S315010316A4F0BD08B50346084643F0C04103439B070F
S315010316B409D1091A43180AB9002008BD1B68013A5E
S315010316C440F8043BF6E7920002F0D0FEF4E730B5A6
S315010316D48BB040F0C0446846CFF764D80122214653
S315010316E46846CFF775D8054630B9F6F7BDFD20F040
S315010316F403002044844202D128460BB030BD23683B
S31501031704013301D10434F5E73E25F5E713B5044660
S315010317146846F6F78FFDBDF8023023804FF48073D4
S315010317246380F6F7A1FD6060002002B010BDF6F7F1
S31501031734F1BD30B58DB005460C46F6F799FDA8B94A
S3150103174402A8CFF72FD8694601AA02A8F6F714FF10
S3150103175440B9009B9D4207D3019A2C4413449C42EE
S3150103176488BF6E200DB030BD6E20FBE71020F9E76C
S31501031774704713B50023044601461B220DF10700E6
S315010317848DF8073000F018F922689DF80730B3EB9A
S31501031794D26F0CBF0120002002B010BD13B5002384
S315010317A40446014620220DF107008DF8073000F0A7
S315010317B403F90DF107001A22211D00F0FDF86268F1
S315010317C49DF80730B3EB926F0CBF0120002002B0E2
S315010317D410BD0068431C584258417047006810F015
S315010317E47E0F0CBFC0F3C160002070470068C0F3CD
S315010317F4D3107047006800F07E00B0FA80F0400908
S315010318047047036813F07E0F14BF04200820704742
S31501031814036813F07E0F03D1406820F07C407047C0
S3150103182413F078001CBF03F07F03D81F70470068C9
S3150103183400F07F007047032809D0022803D1C1F1C0
S315010318440201C8B2704700290CBF07200020704764
S3150103185437B5054601F10C0443696946012220465D
S315010318649847BDF80030012201932046AB6901A9CB
S31501031874984703B030BD37B501F10C04436901221E
S3150103188469460546204698474FF6FF72009B99B26F
S3150103189491420DD16FF30F0343F4254343F0A5039B
S315010318A4019301222046AB6901A9984703B030BDD0
S315010318B40020FBE737B5044600251B22011D0DF164
S315010318C407008DF8075000F077F860689DF8072044
S315010318D4B2EBD06F03D120F0784003B030BD0DF1E4
S315010318E407001B2204F108018DF8075000F064F880
S315010318F4A0689DF80730B3EBD06F01D1C043EAE783
S315010319044FF0FF30E9E74BF29A22036810B5B2EBC5
S31501031914134F044613D19BB2012B13D1FFF7CAFF0D
S3150103192401300CD04FF6FF72E068B2EB104F4FEA69
S31501031934104309D180B2C01A18BF012010BD236810
S31501031944013303D00420F9E70220F7E70320F5E77F
S3150103195401288CBF002001207047033801288CBF5E
S31501031964002001207047143070472DE9F3410546E1
S315010319749846036908460E4617469847044650B9DE
S315010319849DF820303A460093314643462846F6F7F6
S31501031994CBFB044618B131462846FFF759FF2046C7
S315010319A402B0BDE8F081807CC0F3000080F0010041
S315010319B4400000F0020070471F2A0B689EBF4FF0D8
S315010319C4FF3191408B43590801F055315B1A03F0FA
S315010319D433319B0803F033330B44017803EB1313BD
S315010319E40A444FF0013103F00F334B43A2EB136265
S315010319F402707047704708B1CEF7D49E2120704711
S31501031A042DE9F84F0546894616461C46002B58D040
S31501031A1428B121B11AB10378032B02D85BB921206A
S31501031A2450E0043B012BFAD84FF080084168021DAC
S31501031A3400F1540A05E04FF040084168021D00F124
S31501031A442C0A134608194FEA581C43F8040B3BD2D4
S31501031A5402EB8C0253F8040B00284CD19A42F9D1B8
S31501031A6408F1FF370F4048D0A8EB070B5C4544D375
S31501031A745A4631460AEB070002F0F8FC01235246A3
S31501031A8449462846F6F70EFEE0B9A4EB08043C449E
S31501031A94A0455E440FD80746B4FBF8FB32465B46C2
S31501031AA449462846F6F7FEFD60B938460BFB08FBA3
S31501031AB45E44A4EB0B0424B122463146504402F09E
S31501031AC4D5FC0020BDE8F88FBCF1020F0CBF4FF023
S31501031AD4010E4FF0030E1F46506802EB8E0E0130C2
S31501031AE45060BE45B4D057F8040B0028F9D13868C1
S31501031AF401303860F5E70F20E4E7A045CCD9384631
S31501031B04DAE710B508B9212010BD0029FBD0036813
S31501031B1413F0704205D1C3F309030B60B3B100207B
S31501031B24F2E703F05044B4F1004F05D0B2F1304F5C
S31501031B3402D0B2F1404FE6D18268D20404D5C36917
S31501031B44002BE0D01B68E8E7DBB2E6E74368002B2A
S31501031B54D9D00B60E3E737B50C46054610B9212006
S31501031B6403B030BD0029FAD0002301A90193FFF77D
S31501031B74C8FF0028F3D1296811F0704102D1019BF2
S31501031B842360EDE7AA68B1F1204FC2F38033C2F3B0
S31501031B944035C2F3003217D00ED8B1F1004FDED16E
S31501031BA452B2002A18BF062203EB450308BF0022DB
S31501031BB41344019A5343E3E7B1F1304F02D0B1F130
S31501031BC4404FCCD12B44F4E752B2002A18BF052265
S31501031BD42B44EBE72DE9F7430D4690461F4606468C
S31501031BE4E8B1E1B10468D1F800904C451BD004F087
S31501031BF43043B3F1004F12D184EA0903B3F1805F91
S31501031C043CD2002301A90193FFF77BFF38B9019A5B
S31501031C14C2F30E02144349EA02039C422ED0212045
S31501031C2403B0BDE8F08314F0704427D4B4F1805FA4
S31501031C3429D00023694630460093FFF762FF002843
S31501031C44EDD1019001A92846FFF75BFF0028E6D1F0
S31501031C54DDE900239A42E3D0E1E70023B8F1000F5B
S31501031C6406D043F48053B268A9684A401A42D6D1CE
S31501031C74002FDED0AB689B04DBD4D0E7002FECD175
S31501031C844FF4C043EAE7002BF4D1B8F1000FD0D0E7
S31501031C944FF4C043E7E7F7B50C460546002832D0AF
S31501031CA4002930D000230B60036803F070430B60F3
S31501031CB4C268042A27D8DFE802F0060328282B0082
S31501031CC443F000632360EB68042B24D16A7C032A63
S31501031CD419D8236823F0407343EA026323602A7CF9
S31501031CE41F2A10D823F47C0343EA82432360AA7C84
S31501031CF4072A08D823F4603343EAC2332360AB6863
S31501031D0413F0407F31D0212078E043F08063D9E793
S31501031D1443F04063D6E7AA68960171D502F040728F
S31501031D24B2F1407F18BF4FF00072002BEBD023684A
S31501031D3423F0407313432360EA68022A07D12A690D
S31501031D44032AE0D823F47F0343EA02432360EB68BF
S31501031D54032B03D12B69F52BD5D9A370AB681804CF
S31501031D6442BF236843F400432360EB68032B1FBF7D
S31501031D7423682A6862F30E0323602A68AB6802F0B8
S31501031D847042B2F1805F03F4805703F480663ED256
S31501031D9413F4F84FB7D1AB68B2F1805F03F48071E2
S31501031DA45FD313F4407FAED119B1236843F40063BF
S31501031DB423600023284601A90193FFF7A2FE002805
S31501031DC4A1D12B6813F0704152D12368019A62F3AE
S31501031DD40903236097B1EA69002A94D0B1F1004F4C
S31501031DE458D1117F19B116B143F400732360537F9C
S31501031DF423B11EB1236843F48073236003B0F0BD9A
S31501031E0402F08072002B92D1002A90D07BE7590409
S31501031E1403F400501ED400283FF475AF216841F43E
S31501031E2400512160190542BF236843F4006323600B
S31501031E341FB1236843F4805323602B6803F0704373
S31501031E44B3F1404FA7D0002EA5D0236843F4806392
S31501031E542360A0E7216841F4804121600028E1D091
S31501031E64DCE79B0542BF236843F4806323609BE756
S31501031E7403F05043B3F1004F06D0B1F1304F03D011
S31501031E84B1F1404F7FF43FAF019B5A1E236862F3BE
S31501031E9407039EE70F20B1E773B50C46054608B958
S31501031EA421201BE00029FBD00123C6684B609E4217
S31501031EB418D8002301A90193FFF74DFE0028EFD19A
S31501031EC4019B06B11C336A699A4209D32A69002A1A
S31501031ED4E6D0226043F000530020A36002B070BD34
S31501031EE41D20FBE7023E022EDAD80023F4E72DE98F
S31501031EF4F0410D46044698B018B9212018B0BDE83F
S31501031F04F0810029F9D04FF000730360002315A96A
S31501031F144360036283602846FFF7BDFE0028EDD1C3
S31501031F2420461599CEF70ADDAB68DB043CD52B684D
S31501031F34002B50DA4FF00108EE6969463768736876
S31501031F442046CDF804800093029700F01DF9B36887
S31501031F54204603A9CDF810800393059700F014F9DD
S31501031F64F368204606A9CDF81C800693089700F06A
S31501031F740BF93369204609A9CDF8288009930B97F0
S31501031F8400F002F9736920460CA9CDF834800C9349
S31501031F940E9700F0F9F8B36920460FA9CDF84080EE
S31501031FA40F93119700F0F0F8284612A9F6F720FECD
S31501031FB40028A2D1204600F0E7F8284615A9FFF721
S31501031FC46BFF00289AD1204615A9CEF7DFDC2046FC
S31501031FD4CEF786DB92E70F2090E770B50E461546DA
S31501031FE404468AB010B921200AB070BD0029FAD07B
S31501031FF4002AF8D00023012229463046FFF7EAFDD9
S315010320040028F0D1F368002BEDD1EB685A1E012A9F
S3150103201401D9042BE7D14FF08073236000232846AB
S3150103202463602362A36007A9FFF735FE0028DBD1AA
S3150103203420460799CEF782DC304601A9FFF72CFF28
S315010320440028D1D1204601A900F09EF8284604A907
S31501032054F6F7CEFD0028C6D1204600F095F82846AA
S3150103206407A9FFF719FF0028BED1204607A9CEF712
S315010320748DDC2046CEF734DBB6E770B50E4615463E
S3150103208404468EB010B921200EB070BD0029FAD0D2
S31501032094002AF8D00023012229463046FFF79AFD88
S315010320A40028F0D1F368002BEDD0032B69D1EB683B
S315010320B4042BE8D1EB68002BE5D0032BE3D04FF0D7
S315010320C4837323600023304663602362A3600BA9F1
S315010320D4FFF7E1FD0028D7D120460B99CEF72EDC75
S315010320E4284601A9FFF7D7FD0028CDD1E968019B4D
S315010320F4042904BFC3F3854023F440614FEA936281
S3150103210402BFDB0803F4E0430B4323F47F7118BFD7
S31501032114C3F3074021F003011302014303F440739C
S315010321241943C1F3140120460191CEF707DC304666
S3150103213405A9F6F75DFD0028A5D1204600F024F88C
S31501032144304608A9FFF7A8FE00289DD1204608A911
S3150103215400F01AF8284602A9F6F74AFD002892D197
S31501032164204600F011F828460BA9FFF795FE00282F
S315010321748AD120460BA9CEF709DC2046CEF7B0DA7D
S3150103218482E7042B96D17EE7436882B013B9416093
S3150103219402B0704743680193019B5B68012B019B62
S315010321A401D15960F4E75B68F5E700F033BE00F04B
S315010321B431BE00F02FBE00F02DBE00F02BBE00F0A1
S315010321C429BE08B548B14FF0FF31CEF72EDC0028FE
S315010321D414BF6FF01D00002008BD6FF01B00FBE761
S315010321E408B538B1CEF73FDC002814BF6FF01D00E4
S315010321F4002008BD6FF01B00FBE710B1006ECFF79B
S31501032204D498704710B5044630B150238065C3652D
S315010322141844CFF738D8206610BD0120704738B566
S3150103222405460C4619B10A460021CEF721DF38BD0E
S31501032234F0B506460C4615468DB00AB3002710229F
S31501032244002108A8CEF714DFCDE90577F7F71EF9C0
S3150103225407AB029305AB019306AB214600933A46BA
S31501032264304608ABF6F7F2FF044620B1F7F73CF91B
S3150103227420460DB0F0BD099B6B60059B2B60F5E70A
S315010322846FF08604F4E72DE9F041ADF5067D1D46AD
S31501032294DDE98C3817460E4609B9002A74D10DB9FE
S315010322A4002B71D1B8F1000F6ED0002200F17E44E8
S315010322B4C8F80020621F062A69D8DFE802F0046819
S315010322C4681214161800132B64D900210846CEF795
S315010322D4E7DB70B16FF08F0420460DF5067DBDE88B
S315010322E4F0811B2BF0E71F2BEEE72F2BECE73F2B9C
S315010322F4EAE7053C062C2BD8DFE804F0042A2A1264
S31501032304181E24004FF406716846F8F7D9F90446F2
S31501032314CEF71CDC0028DDD1ECB16FF09204DBE7C8
S315010323244FF406716846F8F7D1F9F0E74FF40671ED
S315010323346846F8F7B3F9EAE74FF406716846F8F71E
S31501032344B3F9E4E74FF406716846F8F7B3F9DEE740
S315010323546FF02004DCE73A463146684601F0B9FAE0
S315010323640028DAD12946684601F0EBFA0028D4D1CC
S31501032374684601F023FB04460028CED1684601F0E2
S3150103238428FBC8F80000A7E76FF08604A4E76FF0FB
S315010323948504A1E76FF089049EE708B5F5F768FF9D
S315010323A4002814BF6FF09200002008BDFFF7F5BFA4
S315010323B4F0B51C4600238BB023600F461646F5F78A
S315010323C457FF70B96846CEF7EDD9054648B9324683
S315010323D439466846F6F704F810B926600BB0F0BD22
S315010323E425606FF09200F9E720F0FF03B3F5824FFE
S315010323F406D14138C0B2012894BF00200120704799
S315010324040020704738B50A460C4600210546CEF727
S315010324142FDE38BDF0B50B46C168044601298DB0DC
S3150103242432D12B2A36D913F003071A460DD001AD3F
S3150103243403F1280C2E4610685168083203C6624517
S315010324443546F7D1106801AA3060012111800021B4
S3150103245451802168516061689160A168D16087B137
S3150103246401AA0BAD144603CCAC421860596022464B
S3150103247403F10803F6D120682C21186001A8FFF79C
S31501032484C1FF00200DB0F0BD0429FAD112B1027CBB
S315010324941A70F6E76FF08900F4E72DE9F0470F4662
S315010324A490469A46054694B090B189B182B1428861
S315010324B4D31D072B4FEAD3095FD0038803F4E04303
S315010324C4B3F5805F02D0B3F5005F04D1530705D09A
S315010324D46FF0860424E0B3F5804F4ED002AE20227A
S315010324E400213046CEF7C4DD324649462846F7F77E
S315010324F4F5F90446A0B94B464246394628460096A1
S31501032504F7F78EFB044658B9282201460DEB020060
S31501032514CEF7AEDD0AA8CEF745D928B16FF09204FA
S31501032524204614B0BDE8F08731460AA8FFF7DFFC5D
S3150103253458B1482814BF6FF092046FF085040AA8B2
S31501032544FFF759FA0028EBD0E8E76B681B0A06D1B3
S31501032554524649462846F7F7EFF80446EFE723F4CC
S315010325640003012BF4D1424639463046FFF752FFA5
S315010325740028EDD06FF08904E1E76FF08504CFE716
S315010325842DE9F0439DB00D46DDE9248916461F4620
S315010325940446002868D0002966D0002A64D0002B9B
S315010325A462D0B8F1000F5FD0B9F1000F5CD02022DD
S315010325B4002102A8CEF75CDD20463246294602AB4A
S315010325C4F7F70CFA0446F8B90AAD02AE0FCE0FC5F6
S315010325D496E80F0085E80F000C9A7B1C22F08072A3
S315010325E40E9322F4804208F1020323F0030342F417
S315010325F4005201A90AA80D940F930C920194FFF7B3
S31501032604AAFA28B16FF0920420461DB0BDE8F083FF
S31501032614019B01334345019329D82822214612A854
S31501032624CEF726DD12A8CEF7BDD80028EAD10AAA29
S3150103263402A912A8F6F7F6FA012812D058B14828C6
S3150103264414BF6FF092046FF0850412A8FFF7D3F950
S315010326540028D9D0D6E704233B70019BC9F800307F
S31501032664F3E76FF08B04F0E76FF08604CCE76FF0C2
S315010326748904C9E7FFF784BF2DE9F04F9FB01546D7
S31501032684DDE928AB0F46994606462A9A002800F047
S315010326949C80002B00F09980BAF1000F00F095801D
S315010326A4002900F09280002D00F08F80BBF1000F0A
S315010326B400F08B80002A00F088800023B0F80080A4
S315010326C4CBF8003008F44F41EB00B1F5824F1360A8
S315010326D45ED15FFA88F112290DD128F0FF01B1F514
S315010326E4824F02BF083B5B081360B3F5047F04BF43
S315010326F440F20923136000232A46039339463046DD
S3150103270403ABF7F737F8044600283DD1039C40464B
S315010327140734E408FFF768FE08B1013D01370DF1FB
S3150103272410082022002140460394CEF7A1DC21465A
S3150103273442463046F7F7D2F8044628BBC6460DF19E
S31501032744300CBEE80F00ACE80F009EE80F008CE8DE
S315010327540F00EB1C214623F00303282214A8CDE919
S315010327640F471193CEF784DC2B465246494630462E
S31501032774CDF80080F7F754FA044628B914A8CEF71E
S3150103278411D838B16FF0920420461FB0BDE8F08F1B
S315010327942C46C4E742460CA914A8FFF71EFC88B9C4
S315010327A4524649464046FFF735FE88B95A462946F5
S315010327B43046F6F7C1FF044614A8FFF71CF90028AF
S315010327C4E2D0DFE76FF09204F6E76FF08604DBE706
S315010327D46FF08904D8E730B505468BB048B30021B9
S315010327E44488202202A88DF80710CEF741DC6869D4
S315010327F40DF10701E408F7F719FCD0B92146284678
S3150103280402AAF7F76BF80446A8B99DF80730686975
S315010328140DF11A018DF81830F7F7EEFC48B902A841
S315010328248DF81940F7F7C8FB28B113280DD02128D1
S3150103283404D16FF0860420460BB030BD08280CBFC3
S315010328446FF084046FF09204F5E76FF08B04F2E7FB
S3150103285410B4048804F4E044B4F5805F06D0B4F5F7
S31501032864005F03D05DF8044BFFF717BE6FF08500D5
S315010328745DF8044B704770B40488DDE9035604F428
S31501032884E044B4F5804F04D0CDE9035670BCFFF799
S3150103289477BE6FF0850070BC7047F8B51E46038892
S315010328A40F4603F44F43B3F5824F154610D1089BE4
S315010328B4F6F760FF044648B9069B9D420BD82A46A0
S315010328C43946304601F0D2FD079B1D602046F8BD0B
S315010328D46FF08504FAE76FF08904F7E72DE9F04F02
S315010328E4C1B00C46DDE94A89DDE94CA793461E4688
S315010328F40546002800F09A80002900F09780002AF3
S3150103290400F09480B8F1000F00F09080B9F1000F44
S3150103291400F08C80BAF1000F08D1002F40F08680B5
S315010329246FF09404204641B0BDE8F08F002FF7D031
S315010329342822002114A8CEF79BDB2022002104A818
S31501032944CEF796DB21465A46284604ABF7F746F8F3
S3150103295404460028E6D16A880732D208B7EB420F48
S31501032964DED1024631462846F7F7C6FA044600285D
S31501032974D8D188260DF1780B324600215846CEF775
S3150103298477DB2B8823F0FF03B3F5E24F2CD10CAD90
S315010329940DF1100CBCE80F000FC59CE80F0085E888
S315010329A40F000E9B14A823F0407323F4804343F4CE
S315010329B400530E9300231196CDE90F3BCDF7F2DEB7
S315010329C470BB0CAA04A914A8F6F72CF9054614A896
S315010329D4FFF711F8284323D104AD0CAE0FCE0FC56F
S315010329E496E80F0085E80F0014A8CDF7DBDE02464F
S315010329F4B0B90123CDE902A7CDE9008904A914A835
S31501032A04F6F752FA38B12C280DD0012814BF6FF00A
S31501032A1492046FF08B0414A8FEF7EDFF002881D00E
S31501032A246FF092047EE76FF09404F4E76FF0860483
S31501032A3478E72DE9F04F97B00D46DDE9219ADDE9F3
S31501032A4423B816461F46044628B96FF08605284659
S31501032A5417B0BDE8F08F0029F7D0002AF5D0209BE3
S31501032A64002BF2D0B9F1000FEFD0BAF1000FECD07D
S31501032A74BBF1000FE9D0B8F1000FE6D028220021FB
S31501032A840CA8CEF7F5DA2022002104A8CEF7F0DA52
S31501032A9429463246204604ABF6F7A0FF054600282D
S31501032AA4D5D1238823F0FF03B3F5E24FCDD1012218
S31501032AB439462046F7F720FA05460028C7D1638825
S31501032AC40733DB08BBEB430F03FA02F421D30CA848
S31501032AD4CDF768DE98B9209B2A460093CDE902A473
S31501032AE40123CDF8049004A90CA8F6F735F948B9DE
S31501032AF4C8F800400CA8FEF77EFF0028A7D06FF0A4
S31501032B049205A4E7012814BF6FF092056FF08B05B4
S31501032B14F0E76FF089059AE72DE9F04F97B00E4672
S31501032B24DDE922AB17461D460446DDF890900028DD
S31501032B346CD000296AD0002A68D0209B13B9219B43
S31501032B44002B63D1BAF1000F60D0BBF1000F5DD046
S31501032B54B9F1000F5AD0238823F0FF03B3F5E24FEB
S31501032B6454D1012229462046F7F7C6F9804600289F
S31501032B743CD12846F7F788F90546002849D041464A
S31501032B8428220CA8CEF774DA4146202204A8CEF7EC
S31501032B946FDA3A463146204604ABF6F71FFF804601
S31501032BA420BB62880732D208BBEB420F4FEA4206C7
S31501032BB432D30CA8CDF7F6DDB0B9219B2A4601938E
S31501032BC4209BCDE902A6009304A943460CA8F6F774
S31501032BD4C3F878B962880732D2085200C9F80020CB
S31501032BE40CA8FEF708FF08B16FF09208404617B028
S31501032BF4BDE8F08F012806D0482814BF6FF0920868
S31501032C046FF08508ECE76FF08B08E9E76FF0860848
S31501032C14ECE76FF08508E9E76FF08908E6E7FFF764
S31501032C247BBFFFF706BFFFF759BEFFF775BFFFF774
S31501032C3400BFFFF753BE2DE9F0478CB09046DDE99B
S31501032C4414A599460F4609B9002A3ED1B9F1000FD5
S31501032C5402D1BAF1000F38D1002D36D000F17E40EE
S31501032C640538062834D8DFE800F019333304101382
S31501032C7416001C2002248245286012D200236FF019
S31501032C8489002B600CB0BDE8F08720200324F2E70A
S31501032C9430200424EFE740200524ECE71420012423
S31501032CA4E9E702A8CDF77EDD064610B16FF092007F
S31501032CB4E8E743463A462146CDE9009A02A8F5F7E1
S31501032CC4A3FE0028DED02E60F0E76FF08600D9E775
S31501032CD46FF08500D6E730B50D4604468BB0A0B335
S31501032CE4031D0021D4221846CEF7C2D905F17E412C
S31501032CF4053906292CD8DFE801F0042B2B10161C01
S31501032D042200012269462270F5F73EFD002814BF0D
S31501032D146FF0920000200BB030BD02226946227087
S31501032D24F5F74CFDF2E7032269462270F5F760FDD8
S31501032D34ECE7042269462270F5F774FDE6E70522FA
S31501032D4469462270F5F78AFDE0E76FF08600E2E74C
S31501032D546FF08500DFE770B50D46164604468AB063
S31501032D6490B101B982B96846CDF71CDD18B16FF08C
S31501032D7492000AB070BD33462A466946201DFEF702
S31501032D843FFE0028F5D0F2E76FF08600F1E72DE95F
S31501032D94F0430E4691461C4605468BB0A0B301B9D2
S31501032DA492BB8CB36846CDF7FDDC804620B16FF048
S31501032DB492000BB0BDE8F0832F1D324669464B469C
S31501032DC43846F5F767FD0646D42241463846CEF71B
S31501032DD44FD9A6B92B78013B042B18D8DFE803F0A6
S31501032DE40307090B0D00142300202360E1E71C23C9
S31501032DF4FAE72023F8E73023F6E74023F4E7212E05
S31501032E04D5D16FF08900D4E76FF08600D1E76FF06F
S31501032E148800CEE708B518B1D8220021CEF728D900
S31501032E24002008BDF0B5012806460D4693B022D805
S31501032E34482200216846CEF71BD92F1F0C350021E2
S31501032E443046CDF72DDE044640B9684657F8041FCC
S31501032E5400F014FD28B1CDF779DE0124204613B021
S31501032E64F0BD684600F0E0FC0028F4D1CDF76EDE30
S31501032E74AF42E4D1F2E72124F0E710B592B0282258
S31501032E84002108A8CEF7F4D8202200216846CEF7FC
S31501032E94EFD808A8CDF786DC044650B92022694643
S31501032EA40DEB0200F5F79CFA044608A824B1FEF7D4
S31501032EB4A2FD204612B010BDFEF79DFD044600286F
S31501032EC4F7D16946FFF7AEFF04460028F1D1012085
S31501032ED404A9FFF7A7FF0446EBE72DE9F04F98464C
S31501032EE40368F1B004460E461746DDF8ECA1DDF896
S31501032EF4F89113BB8268016968466D460DF1140B9B
S31501032F0402F005FE95E807008BE80700217D60685A
S31501032F14CDF7C6DD044660B9524605A908A8B6B17C
S31501032F2402F01AFD0546CDF711DE044608B98DB143
S31501032F340124204671B0BDE8F08F012B32D181689B
S31501032F4468466D460DF1140B02F0E6FDDAE702F06D
S31501032F540CFDE7E708A8DDE97C1202F0CFFB0028A4
S31501032F64E6D1424639467A9B08A802F039FC002881
S31501032F74DED17F9908A802F0D7FC0028D8D14946A7
S31501032F8408A866B102F09EF90028D1D108A802F077
S31501032F94C0FC0028CDD0002ECAD12C24C9E702F0E7
S31501032FA4E3F9F1E72124C4E710B586B00C9C059433
S31501032FB40B9C04940A9C0394099C0294089CCDE9F2
S31501032FC4003413460A460121FFF787FF06B010BDF5
S31501032FD410B586B00C9C05940B9C04940A9C03942B
S31501032FE4099C0294089CCDE9003413460A46002140
S31501032FF4FFF773FF06B010BDF7F716B9F3F764B815
S31501033004F7F760B9F7F750B940B2F7F739B910B51D
S3150103301400201C4600F04EFD002820600CBF1B2037
S31501033024002010BD08B50020F7F774FC002008BD85
S31501033034F8B50C468D18073552421540A5F1080714
S315010330440646384600F0CDFAA0883B1B618800EB9F
S31501033054E30080B2A1EBE30125F8040C25F8061C71
S31501033064A188DA10D1B1A4EBC101B1F802C0C880B9
S3150103307402EB0C004880E188B9B18A1A92B204EBD7
S31501033084C10125F8022C8A80A2888AB9B26813443D
S31501033094F268B360934288BFF3600EE015F8081C27
S315010330A441F0020105F8081CE5E725F8021CEBE7E4
S315010330B4A4EBC2042278D207E8D43846F8BD2DE935
S315010330C4F04F17464FF0000887B07A1C109A05464D
S315010330D414BF3C460824CDF81480002A00F0CA80A4
S315010330E4C2F80080002900F0C78042688A4240F290
S315010330F4C380073103F0010A21F00706CDF766DC25
S3150103310405AACDE9008281463A4653463146284605
S3150103311400F06BFA059F834607B130B94846CDF7EC
S3150103312450DC192007B0BDE8F08FB7F8028029698E
S315010331344FEAC802C0EBC8080139B8F1270F296160
S315010331447DD9BAF1000F54D1864206F108084BD052
S31501033154224639462846FFF76BFF04460590A044E9
S31501033164404600F03EFA059906F10F004A88C30862
S31501033174A2EBD002A8F80220CA88A8F80430002AD0
S3150103318434D0D31A9BB201EBC202A8F8063093805A
S315010331948B88F608A380B8F804303A46E38041469F
S315010331A400232846668000F087FAAB68EA68083389
S315010331B49342AB6088BFEB60237843F0010323702A
S315010331C42B6901332B616288AB68083403EBC203B1
S315010331D4EA68AB60934288BFEB60109B48461C6068
S315010331E4CDF7EFDB00209DE73C46B8E7A8F80620B8
S315010331F4CEE707EB08042046039200F0F2F90BF13C
S315010332040703DB080599638008F10703DB08A38039
S31501033214CB8893B1DB00039AD81D821A5A44C2F3AD
S31501033224CF020B44E2809A80A38808F1FF384FEA60
S31501033234D808A1F80280CB80B7E7E380F4E7BAF1B3
S31501033244000F1BD007F10803B3FBF4F204FB12339B
S31501033254B3B1224639462846FFF7EAFE04462378E4
S315010332643A4643F00103237021460123284600F01D
S3150103327423FAA8E7222055E7212053E78642E8D11A
S315010332843C46ECE707B500224FF0FF3101AB01924F
S31501033294F7F7C6F8019803B05DF804FB07B5009385
S315010332A413464FF0FF32FFF70AFF03B05DF804FB41
S315010332B470B5049E15461A4696B1002333608DB143
S315010332C481B14D4333462946FFF7E8FF044628B93E
S315010332D4306818B12A462146CDF7CADE204670BDA9
S315010332E42224FBE72124F9E707B5002201AB019266
S315010332F4F7F7ACF8019803B05DF804FB2DE9F74F32
S3150103330406460D4614469B46002B00F040810022D7
S315010333141A604268A24240F23C8149B9002C00F08A
S3150103332438810A46214603B0BDE8F04FFFF7B6BF1D
S315010333342CB9084603B0BDE8F04F02F074B9CDF7D2
S3150103334445DB35F8067C07344FEAC70A24F007043C
S31501033354A2458046A5F1080180F0978035F8023C21
S31501033364002B70D0DA1B012A6DD101EBC30911F8C5
S315010333743330D80767D4B9F80220AAEB040313EB55
S31501033384C20360D41F2B3CDD2F19C4F3CF0425F8E4
S31501033394064C0134384625F8024C009300F021F912
S315010333A435F8022C009BBA80B9F80620DB087B802A
S315010333B42AB3B9F80210511A11FA83F39BB209EB32
S315010333C4C202FB8093804A4600233946304600F005
S315010333D473F9484600F005F9002235F8061CB3686B
S315010333E4CBF8005003EBC103F168A3EB0A038B4249
S315010333F4B36048D8002A41D0083BB3603EE0FA8063
S31501033404E1E733690137013B3361B9F80630174400
S3150103341425F8067CA3B1B9F802209A1A12FA87F79A
S31501033424BFB209EBC30325F8027C9F804A460123F5
S31501033434304600F041F9484600F0D3F80122CCE7BF
S3150103344425F8023CF2E721465B4600223046FFF7A4
S3150103345425FF044630B14046CDF7B3DA204603B01F
S31501033464BDE8F08F52462946DBF8000000F0FEFF63
S31501033474284602F0D8F804460028ECD14046CDF795
S31501033484A0DA0024EAE7F360B4E776D935F8022C27
S31501033494AAEB0409531EDB1B002A3CD001EBC2072A
S315010334A411F83220D20737D4002B35D1C4F3CF0315
S315010334B4291925F8063C0133084625F8023C0091EF
S315010334C400F08FF8009935F8022C7B888A80FA88F4
S315010334D403EBD9034B80DAB17888101A10FA83F314
S315010334E49BB207EBC202CB80938000233A46304654
S315010334F400F0E2F8384600F074F80023B268CBF81A
S3150103350400501444A4EB0A04002B39D1B460B5E783
S315010335140023CB80E9E71746B9F1270F2DD9C4F365
S31501033524CF02291925F8062C0132084625F8022C5F
S315010335340091019309F1FF3900F053F8009935F825
S31501033544022C4FEAD909A1F802908A809FB1019B03
S31501033554013313FA89F91FFA89F9A1F80690A7F831
S315010335640490336930460133336100231A4600F06C
S31501033574A3F80123C2E7CF80F3E7CBF800507DE735
S31501033584F36808349C42B46088BFF46076E7222466
S3150103359464E7212462E7002307B501AA0193F6F739
S315010335A463FF019803B05DF804FBF6F71FBF13B578
S315010335B4002401AA21460194F6F740FF00B10194C0
S315010335C4019802B010BD02F02EB802F02CB80846D9
S315010335D4FFF758BE084602F02AB808461146FFF714
S315010335E4DABF0023036043607047F0B5D0E905549D
S315010335F4561C08BF0822002B4FF0000008BF2C46B7
S31501033604069F3860002C38D09DF814606588F6004F
S3150103361406EBC505C2F1000C2078C00708D523BB08
S31501033624E08898B104EBC004658806EBC505F3E7A6
S315010336348D42F4D35BB904F10800B0FBF2FE02FB3D
S315010336441E00C0B10844A842EAD83C60F0BD082A6A
S3150103365411D06088013004EBC000A0EB010E0EEA21
S315010336640C0EA0EB0E008542EFD2A0880028EDD004
S31501033674A4EBC004D8E70846E7E72046E6E7034692
S315010336840069C0B10AB951B91A6810460378DB0750
S3150103369411D531B9C3885BB100EBC300F6E79A6967
S315010336A4F3E7012904D1838823B1A0EBC300EDE732
S315010336B400207047184670472DE9F041D0E90554B7
S315010336C4074688461646ABB1954200D00ABB424625
S315010336D400213846FFF7D3FFB442054600D02EB97D
S315010336E4424601213846FFF7CAFF0446C7E9055492
S315010336F4BDE8F081954208D08D4228BF0D46B442F8
S3150103370405D0444538BF4446F0E70D46F7E744463A
S31501033714ECE79442EAD1E3E738B51C46C3E9000171
S315010337240023C4E90500C4E90233236122776362F2
S31501033734FFF757FF23690139C9080133418023611F
S31501033744A368E268083393424FF00000A36088BF7D
S31501033754E36038BD08B500F016F800F034F8FEE767
S31501033764704770477047704708B500F097FC00F03F
S31501033774A5FC00F0ACFCFFF7F5FF00F0BDFCBDE8CA
S31501033784084000F0BABC08B5FEF734F9FFF7E8FFC1
S31501033794F6F7B8FDFFF7E5FFCDF794DC00F007F87C
S315010337A400F089FCBDE80840F6F788BE704708B502
S315010337B400F070FC00F06FFC00F06EFC00F06DFC91
S315010337C4FFF7F4FF08BD00F077BC0020704738B556
S315010337D40368054693B1816800F1180291424FF0DB
S315010337E4000406D11846CDF7BFD96FF040002C600B
S315010337F438BD302102F0E5F82046F9E76FF02000E1
S31501033804F6E738B5036805465BB102F05CF9431C78
S31501033814044604D02868CDF7A7D900232B60204694
S3150103382438BD6FF02004FAE710B504462068CDF7D6
S315010338340BDA2046FFF7E5FF431CF7D010BD38B575
S315010338441C210446CDF730DA1022342105462046DD
S31501033854CDF738DA002234212046CDF733DA3C2179
S315010338642046CDF721DA4306F9D435B12A46204653
S31501033874BDE838401C21CDF7259A38BD37B5044632
S3150103388401200D4602F0EAF8E0B1CDF7A5D920608F
S31501033894E0B146F6110330222046009304F11801E0
S315010338A42B4601F0EDFD00210846CDF717DA002278
S315010338B40146204602F072F8204603B0BDE83040C3
S315010338C4FFF785BF6FF0020003B030BD6FF001004F
S315010338D4FAE738B5044680690B46154670B35AB3FD
S315010338E4A268E1690232B1EB021F06D2CDF73CD9D4
S315010338F400236FF04400A36138BDB5F1807F06D37D
S31501033904CDF732D900236FF03F00A361F4E72946CB
S315010339141846CDF7E2D963680146DB682A4604F102
S31501033924180002F031F823692B442361E3682B441D
S31501033934E360A3680133A3600020DDE76FF0200091
S31501033944DAE7836910B50446ABB1D0E903239A4296
S3150103395404D00268836A52685340836220466369CA
S31501033964984704F118004FF4F47104F1300202F09C
S3150103397428F8002010BD6FF02000FBE738B58369F2
S315010339840446C3B1183002F09EF8431C054610D011
S31501033994214651F8C03B5B69C3F5AC70C3F5F872B4
S315010339A40144A069CDF796D9A069CDF7DDD80023E3
S315010339B4A361284638BD6FF02005FAE710B504461E
S315010339C4A069CDF741D92046FFF7D8FF431CF7D0A9
S315010339D410BD0368D868704738B500252846CDF766
S315010339E449D90446B8B14FF48061CDF75DD990B195
S315010339F400221C212046CDF765D94FF0FF32302131
S31501033A042046CDF75FD9013534221C212046CDF753
S31501033A1459D9402DE2D1002038BD0369C2689342C6
S31501033A249CBF81685B18013B981A70472DE9F041E5
S31501033A34D0E902840546A8EB04064068964220446D
S31501033A440F46144404D900F011FDEC60BDE8F0817E
S31501033A543246A4EB080400F009FD22466868B91945
S31501033A64F1E72DE9F8430646894617464FF0000860
S31501033A74C5683369B4689D4228BF1B19641BBC42DC
S31501033A8428BF3C46013B5B1B9C4228BF1C4670680E
S31501033A9449462844224600F0E9FCB3682544AB426F
S31501033AA408BF00253F1BA044A144F560E1D140466C
S31501033AB4BDE8F88310B50B46EFF311844FF02001EB
S31501033AC481F311881946F6F7AFFE84F3118810BD05
S31501033AD4002070472D2070472D2070472D207047F5
S31501033AE4037900200B7070470171002070477047FA
S31501033AF4043870470C387047103870476C20704788
S31501033B0410B504461421FFF760FD204610BDA0F14C
S31501033B141000F5E7A0F10C00F2E7A0F10400EFE7CA
S31501033B24002048607047A0F11000FFF7F9BFA0F128
S31501033B340400F6F783BFA0F10400F6F78BBFA0F1E7
S31501033B440400F6F793BFA0F10400F6F79BBFA0F1B7
S31501033B540400F6F7A3BFA0F10400F6F7ABBFA0F187
S31501033B640400F6F7CBBFA0F10400F6F7D7BFA0F123
S31501033B740400F6F7E3BFA0F10C00F7F70BB8A0F1C5
S31501033B840C00F7F717B8A0F10400F7F731B8A0F161
S31501033B941000F7F7C3B8A0F11000F7F7CBB8A0F1FB
S31501033BA41000F7F7D3B838B50C461546F7F7D4FB27
S31501033BB42A462146BDE83840F7F780BAA0F110003A
S31501033BC4FFF7F1BF704700207047002070474FF499
S31501033BD4805300200B60704710B504460421FFF798
S31501033BE4F4FC204610BD70470020704710B5044607
S31501033BF40421FFF7EAFC204610BD13B50023012473
S31501033C041A46194618460094F6F7AAFE00280CDB51
S31501033C14002300941A4619461846F6F7D3FE0028DC
S31501033C24ACBF0020AC2002B010BDAC20FBE7F8B555
S31501033C3417461D460E4691B1002420461C60F6F72D
S31501033C4483FE50B187423A46314628BF024620468F
S31501033C54FFF730FF28602046F8BDAE20FCE72F208E
S31501033C64FAE770B515460E4671B10024A54201D88B
S31501033C74002070BD00202A1B3119F6F74BFE08B14B
S31501033C840444F3E7AF20F4E72F20F2E7704710B5B6
S31501033C9404460421FFF799FC204610BDD1E900012E
S31501033CA400F0EEB8F0B50429054614461E4689B05C
S31501033CB41FD107683846F1F719F81822002102A81B
S31501033CC4CDF7D6D9394602A8F7F756FA0023214682
S31501033CD43246019302A801ABF1F70CF9044602A893
S31501033CE4FCF705FAB4FA84F35B092B71204609B090
S31501033CF4F0BD0024FAE710B4084611461A46019B9F
S31501033D041C683CB15C68B4F5007F03D35DF8044BCE
S31501033D14F7F750BA19205DF8044B704710B51446EA
S31501033D2452681F2A01D8192010BD2268D1E900015E
S31501033D34F7F7BAFC0028F7D163681F2B01D800F003
S31501033D44FDF920236360EFE72D207047A620704712
S31501033D54704710B504460421FFF737FC204610BD0E
S31501033D64A0F10C00F7F75EBB6C2070476C2070471B
S31501033D746C2070476C207047A0F10400F7F758BB19
S31501033D8430B587B0044611220D4601A80021CDF7AB
S31501033D946FD900231122009320466B4601A9F6F736
S31501033DA495FE58B9009C0A2C0AD19DF808302D2B8F
S31501033DB406D19DF80B302D2B02D1686007B030BDB7
S31501033DC4082C38BF08246B68083CA34201D2192086
S31501033DD4F4E74CB12246286803A900F047FB6B6854
S31501033DE49C4201D900F0AAF900206C60E6E7A0F130
S31501033DF40400FFF7C5BFA0F10400F7F787BBA0F1E1
S31501033E040C00F7F7BFBBA0F10C00F7F707BC2D2095
S31501033E1470472D207047012202804280828000224E
S31501033E24C2807047704710B504460421FFF7CDFBE2
S31501033E34204610BD19B9036811461B6918472D207D
S31501033E44704719B9036811469B6918472D207047B2
S31501033E5438B5049D92B91BB9012903D002290AD0A5
S31501033E642F2007E003681B692946984710B96A6836
S31501033E74059B1A6038BD03689B69F5E72D20F9E7AD
S31501033E8408B538B131B1FCF71FF800280CBF00207F
S31501033E94AC2008BD2F20FCE72B28034612D02F287C
S31501033EA412D0A0F13002092A02D80433D8B27047DA
S31501033EB44138C0B219280AD9A3F16102192A05D8CE
S31501033EC4473BF3E73E2070473F207047FF20704787
S31501033ED42DE9F84F0C4693469A4600F10408961CBD
S31501033EE4B51E2CB118F8047C3846F7F75DFF18B9EB
S31501033EF4A5EB0B0080B203E0012C03D14FF6FF704F
S31501033F04BDE8F88F3846D047814618F8030CD047E5
S31501033F14B9F1FF0F0746F1D0FF28EFD04FEA89091C
S31501033F2449EA1019022C06F1FF3506F8029CDFD083
S31501033F3418F8020C3D28DBD0D047FF280546DDD00F
S31501033F443F0147EA9007032C06F8017C11D018F8C0
S31501033F54010C3D280DD0D047043CFF28A4B208F137
S31501033F64040806F10306C9D040EA851006F8030CD2
S31501033F74B6E73546BCE72DE9F84F06460C46154622
S31501033F849B4600274FF6FC794FF6FF7A4C45A0462C
S31501033F9428BFC8465B462A4630461FFA88F1FFF70F
S31501033FA497FF504506D0B4EB0804074404D04644AE
S31501033FB40544EBE74FF0FF373846BDE8F88F0CB4F9
S31501033FC407B504AB53F8042B0193F7F79FFB03B02F
S31501033FD45DF804EB02B0704708B50246F7F7BCFB7C
S31501033FE4904234BF0020012008BD704770477047D3
S31501033FF437B501A90546FCF769FA0446284624B1EF
S31501034004F1F7DAFC204603B030BDF0F76FFE044640
S31501034014F8E72D2070472D2070470020704770471D
S315010340240020704770472D207047002070472D20CC
S3150103403470470020704740687047036853F81C3C77
S31501034044184440687047FEF7D9BF0A680260496895
S3150103405452F84C2C8150704748B12D2805D0C0B273
S3150103406400F5300040F00040704740F201207047EC
S31501034074A0F50723A3F50073B0F5803F28BFB3F575
S31501034084A06F34BF0120002070477047002070479A
S3150103409470477047704770477047704708B5EFF725
S315010340A40FF8FEF7A9FFEFF701F8EFF70FF8BDE8ED
S315010340B40840F3F747BF7047CDF72A9808B5F2F7D7
S315010340C477F8F2F7F1F8BDE80840FCF7A5BD08B5A2
S315010340D4F9F756FBF5F73AF8F1F7CCF8F4F7C8F81C
S315010340E4F6F7FAFAFEF7C9FEF5F742FFF6F766F9AC
S315010340F4BDE80840F7F746BE7047704708B5FFF7B2
S3150103410433FBF7F71DFEFFF760FB00B908BDFFF7A5
S315010341142AFBF8E70B4601461846F8F7A3B80268E3
S315010341240346D20705D4427802B1FFDE0120587053
S31501034134704700207047012303607047062008B5C2
S31501034144F8F730F80120FCF773FD70B50D461446F4
S31501034154064618B1036A0BB9F7F714FF636ED90759
S3150103416405D4A3899A0502D4A06D00F07DF9A38928
S315010341741B0701D5236973BB21463046F7F7ACFF09
S3150103418448B3636EDA0702D4A3899B0529D54FF095
S31501034194FF3018E0A368013B002BA36004DAA2698C
S315010341A4934211DB0A290FD023685A1C2260197022
S315010341B415F8011F0029EDD1636ED80702D4A3892B
S315010341C499050AD5002070BD2246304600F00DF844
S315010341D40130EDD1D5E7013DEAE7A06D00F045F9DC
S315010341E4F0E7A06D00F041F9D1E7F8B50E461446A0
S315010341F4054618B1036A0BB9F7F7C4FEA369A360AD
S31501034204A3891A0701D5236943B921462846F7F732
S3150103421463FF18B14FF0FF373846F8BD2368F6B28A
S3150103422422693746981A6369834205DC214628467F
S3150103423400F02CFA0028EDD1A368013BA36023689F
S315010342445A1C22601E70431C62699A4204D0A389D4
S31501034254DB07E1D50A2EDFD12146284600F016FAFB
S315010342640028D9D0D6E72DE9F843074688461446EC
S315010342740026D4E90195B9F1010905D52468002C71
S31501034284F7D13046BDE8F883AB89012B07D9B5F9D4
S315010342940E30013303D029463846C04706436835F1
S315010342A4E9E770B50C46B1F90E1096B01546002927
S315010342B41E460ADAA18911F0800113D14FF48062F3
S315010342C4002031602A6016B070BD6A46F7F7B8FF5D
S315010342D40028EFDB019901F47041A1F5005359421A
S315010342E45941EBE700214022EAE78B8973B59E071F
S315010342F405460C4607D504F14703236023610123CD
S31501034304636102B070BD01AB6A46FFF7CAFF009E43
S3150103431428463146FFF75BF9B4F90C3038B99A05E7
S31501034324EFD423F0030343F00203A381E3E743F04A
S3150103433480032060A381019BC4E90406002BE0D01A
S31501034344B4F90E102846F7F735FF0028D9D0A38907
S3150103435423F0030343F00103A381D2E701390244A2
S3150103436410B5904201D1002005E0037811F8014FFD
S31501034374A34201D0181B10BD0130F2E7884210B5E0
S3150103438401EB020402D98442234607D8431EA14200
S3150103439407D011F8012B03F8012FF8E702448242EF
S315010343A400D110BD13F8011D02F8011DF7E7C9B2C7
S315010343B40346184613F8012B12B18A42F9D1704701
S315010343C4002918BF0020704710B56AB10139841852
S315010343D410F8012B11F8013F9A4203D1A04201D0EF
S315010343E4002AF5D1D01A10BD1046FCE7013903465C
S315010343F410B532B111F8014F013A03F8014B002C00
S31501034404F7D11A440021934200D110BD03F8011BCD
S31501034414F9E71F2938B505460C4604D91623036063
S315010344244FF0FF3038BDC26B12B152F821304BB98C
S31501034434284600F016F8224601462846BDE83840C8
S31501034444F7F7C8BE012B0AD0591C03D116230360FF
S315010344540120E7E70021204642F82410984700206B
S31501034464E0E7FCF7E8BB7047704770470A44431E0D
S31501034474914200D1704710B511F8014B914203F8EB
S31501034484014FF9D110BD034613F8012B002AFBD1C1
S31501034494181A013870472DE9F0471F468E6882467C
S315010344A40C46BE429046334653D8B1F90C0010F478
S315010344B4906F2BD065692368096905EB4505A3EB61
S315010344C4010905EBD5757B1C6D104B442A46AB429A
S315010344D484BF1D462A46430527D511465046FFF791
S315010344E476F8064658B34A462169FFF7BFFFA389FF
S315010344F423F4906343F08003A38126614E446561EB
S315010345043B46A5EB090526603E46A5601F463A468A
S3150103451441462068FFF732FFA36800209B1BA36073
S3150103452423683B442360BDE8F0875046FFF755F8FB
S3150103453406460028E1D121695046FFF74BF80C23BF
S315010345444FF0FF30CAF80030A38943F04003A38137
S31501034554E9E73E46DBE79368013B002B10B493601E
S3150103456408DA9469A34201DB0A2903D15DF8044BF2
S31501034574FFF73BBE1368581C1060084619705DF8B3
S31501034584044B7047F8B506460F461446D518AC4294
S3150103459401D1002007E03A4614F8011B3046FFF720
S315010345A4DAFF431CF3D1F8BD2DE9F04716469846C5
S315010345B48A6807460B690C46DDF820909342B8BF17
S315010345C41346336091F843200AB1013333602368F8
S315010345D4990642BF336802333360256815F006052D
S315010345E406D104F1190AE36832689B1AAB422BDC40
S315010345F494F843302268003B18BF0123920630D452
S3150103460404F1430241463846C847013023D023689F
S315010346141A3454F80A2C03F00603042B0ABF54F87C
S315010346240E5C002533684FF0000608BFED1A54F8F3
S31501034634123C08BF25EAE5759342C4BF9B1AED18DC
S31501034644B5421AD1002008E00123524641463846B1
S31501034654C847013003D14FF0FF30BDE8F087013578
S31501034664C1E7E1185A1C30200233224481F843007E
S3150103467494F8451082F84310C2E7012322464146C2
S315010346843846C8470130E6D00136D9E738B50B6950
S3150103469405460C4613B90025284638BD18B1036AE5
S315010346A40BB9F7F76FFCB4F90C30002BF3D0626E38
S315010346B4D00704D4990502D4A06DFFF7D5FE284685
S315010346C42146F8F711F9636E0546DA07E4D4A3899B
S315010346D49B05E1D4A06DFFF7C8FEDDE710B50C46D3
S315010346E4B1F90E10F8F792F90028ABBF636DA389EC
S315010346F41B1823F48053ACBF6365A38110BD2DE955
S31501034704F0411F468B8905460C46DB05164605D53E
S3150103471402230022B1F90E10F8F766F9A38932468A
S31501034724B4F90E10284623F48053A3813B46BDE80E
S31501034734F041F8F77DB910B50C46B1F90E10F8F747
S3150103474453F9421CB4F90C3015BF606523F4805345
S3150103475443F48053A38118BFA38110BDB1F90E108D
S31501034764F8F778B9C9B20346024410B59342184619
S3150103477401D1002003E0047801338C42F6D110BD44
S31501034784704738B50D4600F17C01044600F0DDFAA5
S3150103479408B184F87C5094F87C3073B1206F08B95E
S315010347A4032038BD03689B68984701460028F8D15E
S315010347B4204600F0C3FA0028F3D10020F1E713469B
S315010347C44A68012A0AD90A681278022A04D10A46CE
S315010347D401467830F8F724BB00225A60002070475B
S315010347E40020704700207047704770477047704731
S315010347F4704737B5154640F203120B880C469342AC
S3150103480404D0B3F5827F16D0A62004E00023806882
S31501034814019310B92F2003B030BD01A900F087FA23
S315010348240028F8D12A46208801A900F047FC00286C
S31501034834F1D10020EFE70023806801930028E9D032
S3150103484401A900F06DFAEBE72DE9F04383680D4600
S31501034854164685B01BB92F2005B0BDE8F083CA7887
S3150103486442B903F16C04AA78032A6DD8DFE802F08E
S3150103487448041D331C46F6E700278DF80C7023689C
S315010348842046DB68298803AA9847D828044602D018
S3150103489448B12046E0E739463246288800F0E7FB6B
S315010348A40028F6D0D8E703A9F6E70027ADF80C707C
S315010348B4236820465B69298803AA9847D8280446AE
S315010348C403D00028E5D103A900E0394632462888F6
S315010348D400F0E0FBE4E70027039723682046DB693E
S315010348E4298803AA9847D828044603D00028D0D197
S315010348F403A900E039463246288800F0DFFBCFE7F7
S315010349044FF00008986AF7F769FACDF80C80236823
S3150103491403AA0092D3F82890024607464FF400737C
S3150103492420462988C847D82804460BD030B93946C6
S315010349343346039A288800F0D5FB04463846F7F72D
S3150103494455FAA6E74146F3E7262085E7806808B1C9
S3150103495400F0D7B92F20704710B504461C21FEF782
S3150103496434FE204610BD10B504460C21FEF72DFE78
S31501034974204610BD10B504460C21FEF726FE20463B
S3150103498410BD10B504460C21FEF71FFE204610BDCB
S3150103499410B504460421FEF718FE204610BD10B5D2
S315010349A40446006818B1237C0BB1FEF70CFE002301
S315010349B4C4E90233C4E9003310BDF8B50C4606460F
S315010349C415461F46FFF7EBFF2CB9284600F09EFB5D
S315010349D401230446337425447560002F08BF254615
S315010349E4C6E902543460F8BD38B500250446C0E966
S315010349F40055C0E902550574FFF7DFFF204638BDAC
S31501034A0410B50446FFF7CBFF204610BD0168826843
S31501034A14C3688A4294BF0022521A8B4294BF00236D
S31501034A245B1AD01A70478368D0E900128A4294BF8D
S31501034A340022521A8B4294BF00235B1AD01A704781
S31501034A440368C0E90233012343740023C0E908332D
S31501034A5443820375836103778362C362704710B527
S31501034A6400230446FFF7C0FF012363740023204692
S31501034A74C4E9083363822375A3612377A362FFF72A
S31501034A84DFFF204610BD30B5D0F804413F2C1DD8B5
S31501034A940025AC42D0F800310FD1234403F03F0380
S31501034AA420F8231000EB8305C1F300210134AA7016
S31501034AB4E970C0F80441002030BD2B4403F03F03E1
S31501034AC430F823308B42F6D00135E2E71920F3E7B8
S31501034AD473B50D46002304460DF107012846164610
S31501034AE48DF8073000F016FA38B92846FFF78EFF1A
S31501034AF49DF80730834202D0182002B070BD2368A3
S31501034B04294620461B6998470028F6D1236831466E
S31501034B1420465B699847F0E740F26713994204D04C
S31501034B24B1F5B47F06D0A620704702B1127882612B
S31501034B340020704712B11378C361F9E70623FBE733
S31501034B4440F26713994204D0B1F5B47F05D0A62088
S31501034B547047037E002013707047037FFAE773B52A
S31501034B640446806810B9032002B070BD40F25113A4
S31501034B7499423AD0B1F5A97F07D2B1F5A17F22D0E3
S31501034B84B1F5A27F2AD0A620EEE740F2611399423A
S31501034B94F9D1002A31D1E368002BE4D0022604F1CA
S31501034BA41605CDE90056E068694603689B6898478C
S31501034BB40028D9D1E38AB3F5805FF2D2A068E18AEA
S31501034BC403689B6B06E00AB92F20CDE7118821827E
S31501034BD40368DB6802B0BDE870401847002AF3D0C6
S31501034BE41188618203685B69F4E722B11188A182A2
S31501034BF403689B6AEEE71146F9E71388E382DDE767
S31501034C040B46114640F2511293421AD0B3F5A97FCA
S31501034C1407D2B3F5A17F0CD0B3F5A27F0DD0A6209D
S31501034C24704740F261129342F9D1406803689B6B62
S31501034C3402E040680368DB681847406803685B69F8
S31501034C44FAE7406803689B6AF6E70B46B3F5B17F57
S31501034C5411460ED040F26312934206D0B3F5827F16
S31501034C640ED1806848B90320704740680368DB6B3B
S31501034C741847036A00201360704703685B6FF7E7FD
S31501034C84A6207047A6207047704710B504467021C5
S31501034C94FEF79BFC204610BD03463038C0B20928F3
S31501034CA40DD9A3F16102052A02D8573BD8B270473D
S31501034CB4A3F14102052A01D8373BF7E7FF207047E1
S31501034CC4F0B50446C81858280FD8012602B9F0BD11
S31501034CD4D30707D5CD08675D01F0070306FA03F386
S31501034CE43B43635501315208F0E70020EFE7C0E97E
S31501034CF401127047806810B103689B6E184703203D
S31501034D047047806818B10368D3F8803018470320C5
S31501034D147047806810B103681B6F184703207047F7
S31501034D24806810B103685B6F184703207047806876
S31501034D3410B10368DB6E184703207047806810B10E
S31501034D4403689B6F184703207047806810B1036893
S31501034D54DB6F18470320704710B4C06828B1046891
S31501034D646469A4465DF8044B604703205DF8044B6C
S31501034D747047C06810B10368DB681847032070479E
S31501034D8408B5C0E9001211B90AB1FFF7D7F908BD8D
S31501034D9470B5856804460E463DB1FFF744FE30B14E
S31501034DA400206B1CA3602E7070BD2F20FCE7192015
S31501034DB4FAE770B5866804460D4656B1FFF733FE26
S31501034DC4012808D900206DBA3580A3680233A3608C
S31501034DD470BD2F20FCE71920FAE770B586680446EF
S31501034DE40D4656B1FFF71FFE032808D900202DBA35
S31501034DF43560A3680433A36070BD2F20FCE7192033
S31501034E04FAE72DE9F0410E4698461546F2B1FE2A14
S31501034E141ED94FF6FE77BA428CBF03270227C0F386
S31501034E24080444EA063444EA872424B24046A1B278
S31501034E34FFF7BFFFA0B996B98FB1012F0AD0022F8D
S31501034E4410D029464046FFF7C8FF07E01746E6E7B1
S31501034E540127E4E74046E9B2FFF79AFF00B90020C8
S31501034E64BDE8F0814046A9B2FFF7A3FFF6E7F8B51B
S31501034E74044615460E4679B187686FB1FFF7D3FD2C
S31501034E84A8420BD32A4631463846FFF7EFFA0020E8
S31501034E94A3682B44A360F8BD2F20FCE71920FAE786
S31501034EA470B5144606460D46FFF7BDFDA04211D360
S31501034EB42846FFF7ABFDA0420CD32246E968B06846
S31501034EC4FFF7D4FA0020B3682344B360EB682344A1
S31501034ED4EB6070BD1920FCE7F8B5154606460F4687
S31501034EE4FFF794FDA842044612D23846FFF78EFD16
S31501034EF42A1B824228BF024639463046FFF7D0FFB2
S31501034F0428B93046FFF782FDA84201D20D20F8BD28
S31501034F140020FCE770B5C46805460E4644B1FFF7A5
S31501034F2475FD38B1002014F8012BEC60327070BDA5
S31501034F342F20FCE71920FAE770B5C46805460E4627
S31501034F4454B1FFF763FD012808D9002034F8022B75
S31501034F5453BAEC60338070BD2F20FCE71920FAE7BE
S31501034F64002313B5044608460DF10601ADF80630D0
S31501034F74FFF7E2FFF8B9BDF80620A061C2F30803FF
S31501034F846382C2F3402384F82730C2F38123032BBC
S31501034F9408BF04232377B3FA83F3110B5B0984F85C
S31501034FA42430B1FA81F3C2F300225B09217584F833
S31501034FB4253084F8262002B010BD70B5C4680546B1
S31501034FC40E4654B1FFF722FD032808D9002054F8ED
S31501034FD4042B12BAEC60326070BD2F20FCE7192052
S31501034FE4FAE713B50446227F0846012A4FF0000364
S31501034FF40BD101A98DF80430FFF78CFF18B99DF87D
S3150103500404300020A36102B010BD022A09D101A90B
S31501035014ADF80430FFF790FF0028F4D1BDF804304E
S31501035024EFE701A90193FFF7C8FF0028EBD1019B21
S31501035034E7E703460022DA621A7D084610B503F14F
S315010350442C01032A11D8DFE802F00C020609FFF743
S3150103505461FF40B110BDFFF76FFFFAE7FFF7ADFF3D
S31501035064F7E7C268DA620020F4E72620F2E738B5E7
S31501035074154613460A1E0C4618BF01220121FFF7E2
S31501035084C0FE30B924B128462178FFF781FE00B961
S31501035094002038BD38B515460A1E18BF01220C4631
S315010350A42B4602215200FFF7ACFE30B924B1284640
S315010350B42188FFF77EFE00B9002038BD38B51546B1
S315010350C40A1E18BF01220C462B4603219200FFF741
S315010350D498FE30B924B128462168FFF77EFE00B94C
S315010350E4002038BD70B50C1E15464FF0000108BFEC
S315010350F400221E46FFF785FE38B92CB12A462146FE
S315010351043046FFF7B4FE00B9002070BDFEF74FBA6F
S315010351142DE9F34700270446164698460D46C76507
S315010351244765002900F0B9800B68D1F8089033B9B3
S31501035134B9F1000F00F0B1801F46B94610E0B9F189
S31501035144000FFAD14A68102A06D0182A4DD0202A0C
S3150103515440F0A6804FF00409564B103A53F82270D7
S315010351646B68182B44D0D8F80030DB0740D40220EF
S3150103517400F074FC8246CBF72FDD4F4BE0652360C9
S31501035184E36D002B37D1012000F068FC47F04002A0
S3150103519440F2044100F07BFCD8F80030074613F0D3
S315010351A4010808D04FF080524FF4816100F06FFC7F
S315010351B44FF0020807463846CBF70EDD3F4BE06551
S315010351C40C2231462360676504F5BD7000F048FA85
S315010351D4BAF1000F01D0E36D23B9002F63D0E36D58
S315010351E4002B63D04FF0000907E04FF00809B3E73A
S315010351F44FF0FF3AC4E74FF000082146AA6851F875
S31501035204740B9301DBB2920843EA0273426804F115
S315010352145C0702F1080C012202FA0CF213438268B9
S3150103522443EA0903126843EA080300923846E02273
S3150103523400F026F9AB686BB9D5E90001CBF74DDD6F
S3150103524423686A689B6801465B68384642F00052E4
S3150103525400F09AFB0C213046CBF73FDD2368014668
S315010352649B6838469B68164A00F08EFB002300228E
S315010352740020C4E90823C4E9062304F13403C4E979
S315010352840B03102323722368C4E90300DB68A062BA
S315010352946360A56502B0BDE8F0876FF02100F9E705
S315010352A46FF04100F6E76FF00200F3E76FF00100D8
S315010352B4F0E700BF746D0301086E0301B86D0301C2
S315010352C40C000020F8B5C36D04460F46002B46D0E7
S315010352D400F0E1F9D4E90805D4E9061322680E18A6
S315010352E443EB0503956AAE4273F1000305D22046E7
S315010352F400F0FCF96FF00200F8BD136904F5AA7214
S31501035304984704F15C0640B12368A16E9B68304655
S315010353145B69144AE83100F037FB217A384601F117
S315010353240F05CBF7DBDC227A0146304600F036FB68
S31501035334237A25F00F05AB4206D0EA1A002130463B
S3150103534442F0804200F02AFB002530464FF4937164
S31501035354656004F1740200F034FB2846CCE76FF070
S315010353642000C9E710000020F8B5C36D04460D46B5
S31501035374002B7FD003685A68052A0AD1C26EDB69FA
S315010353841A4206D0036923B900F0B0F96FF040005D
S31501035394F8BD204600F07FF9D4E90806D4E90613DB
S315010353A422680F1843EB0603966AB74273F10003A7
S315010353B405D2204600F09AF96FF00200E8E7136973
S315010353C404F5AA729847236840B39B68A16E5B6987
S315010353D42A4AE83104F15C0000F0D6FA6560A16E4D
S315010353E4227A04F15C063046E83102F10F0500F036
S315010353F4D5FA237A25F00F05AB4206D0EA1A002122
S31501035404304642F0804200F0C9FA30464FF49371B4
S3150103541404F1740200F0D5FA0020B9E71A6B002AE5
S31501035424DCD09B689B6903F0C003C02B09D1636E6F
S3150103543453F80C2C103B002AFAD1DA6842F0200205
S31501035444DA60217A0029CAD0284601F10F06CBF77F
S3150103545444DC236826F00F069A68237A9269F31AC1
S31501035464014642EA032304F15C0046F0005200F0CC
S315010354748BFAB4E76FF020008AE700BF100000201F
S3150103548470B504461D46049E00F090FA3346204641
S31501035494E1682561024ABDE8704000F075BA00BFB0
S315010354A4040000202DE9F74F0D46002900F0B980C9
S315010354B40846CBF789D80446D0E90578CBF786DACB
S315010354C415F808EC35F8061C1EF0010F019000D0FF
S315010354D431B90198CBF775DA012003B0BDE8F08F32
S315010354E4A668D4F810A035F8049CA6EBC1060AF104
S315010354F40103A5F1080C4A1CA6602361B9F1000F47
S3150103550400F085804FEAC9031846ACEBC90393F847
S3150103551400B00EF0020E1BF0010F69D1BEF1000FAC
S3150103552469D1B3F80290B3F806E0AEEB090EBEF106
S31501035534010F6CD18A1C083E4A44C4F810A0A66024
S3150103554435F802ECBEF1000F65D0D4E900600CEB2B
S31501035554CE0A06EB0009CA455DD21CF83EC056467F
S315010355641CF0010C15D1AEEB0101012911D1BAF8D5
S315010355740210AAF802C001310A44BAF80610002936
S3150103558447D00AEBC106216901392161A1680839AA
S31501035594A16015F8081C013A21F0010105F8081C5C
S315010355A4002125F8061C5A801A7861F300021A7041
S315010355B49EB3C3F107023244C2F3CF02DA80B28047
S315010355C46FB3BB422BD37A88002A08BF1F46B8F1AF
S315010355D4000F06D0434504D8B8F80220002A18BFA1
S315010355E443460198C4E90573CBF7EBD9002074E765
S315010355F4BEF1000F0BD0361AA66015F8086C4A449F
S3150103560426F0020605F8086C00269E8098E7634691
S3150103561496E70E46B7E70026BBE7DE80D0E71F46CB
S31501035624D5E7222059E701460020FFF73BBFFFF7E1
S31501035634FABFC000C90002F1080303F8010D93423E
S315010356444FEA1020F9D103F11002083302F8011DC0
S315010356549A424FEA1121F9D101207047002070477C
S31501035664002310B5934200D110BDCC5CC45401335D
S31501035674F8E7C26810B5044662B10F3222F08042DC
S3150103568422F00F02002142F080425C3000F086F9D9
S315010356940023E36010BD816A38B5044609B3006B80
S315010356A401F10F05CBF719DB236825F00F059A687A
S315010356B4A36A1269EB1A014642EA032304F15C0065
S315010356C445F0005200F060F9A16AE3680B44E36014
S315010356D4D4E908325B1842F10002C4E90832002313
S315010356E4A3622046BDE83840FFF7C3BF10B504469D
S315010356F4C06DCBF739DA0023E36510BDC36D2DE91C
S31501035704F04704460F461646002B66D0B2F1807F56
S3150103571405D3FFF7EBFF6FF03F00BDE8F087D0E950
S3150103572406352B4304D0FFF7E1FF6FF04800F4E796
S31501035734836A98180F2808D8206B1844FFF790FF3B
S31501035744A36A1344A3620020E7E704F15C0AC3B125
S315010357541946206BCBF7C1DA236801469B68A26A13
S315010357641B69504600F010F9A16AE3680B44E36030
S31501035774D4E908325B1842F10002C4E90832002372
S31501035784A362E568384605EB060828F00F09A9EB79
S3150103579405052946CBF7A1DA236801469B682A4600
S315010357A41B69504600F0F0F8E3682B44E360D4E93F
S315010357B408325B1942F10002AE42C4E90832C2D08F
S315010357C4206BA8EB0902231A3C3300EB4300206345
S315010357D47919FFF745FFA262B5E76FF020009CE74D
S315010357E42DE9F0479846C36D05468A461446002BB0
S315010357F448D0B2F1807F05D3FFF778FF6FF03F00FE
S31501035804BDE8F087D0F81090B9F1000F04D0FFF783
S315010358146DFF6FF04A00F3E7FFF73DFF0CB9002074
S31501035824EEE72E4621465046CBF757DA56F85C3B4C
S3150103583404F10F079B6827F00F075B69A7EB040ABB
S31501035844014643EA0A23304647F0005200F09CF826
S31501035854D5E90623121943F10003C5E906232146B3
S3150103586440462C61CBF73ADA22460146304600F02C
S3150103587495F8BC42D3D0494630464AF0804200F0FB
S315010358848DF8CCE76FF02000BAE7F8B5C36D04468B
S31501035894002B3BD05C3000F016F9431C054603D0BC
S315010358A420B12046FFF722FF2846F8BDE36A002B01
S315010358B4F7D12368E66E9A69E06D164004F5AA7179
S315010358C408D05B6AC3F14606C3F597723144CBF735
S315010358D401DAE6E76368B3B14623E8220F46CBF759
S315010358E4F9D933466068217AB14204D8002B18BF2B
S315010358F46FF00F05D5E7825D17F801CB013682EA0E
S315010359040C021343F0E72B46E822E0E76FF0200588
S31501035914CAE710B50446E06DCBF796D92046FFF7DF
S31501035924B4FF431CF7D010BD08B5C36D8BB103682F
S315010359345A68052A07D1027A8A4204D0FFF7D6FEAA
S315010359446FF0420008BDDB6A8B42F7D8017200206F
S31501035954F8E76FF02000F5E7002307B5019301ABE0
S31501035964FFF7D6FB03B05DF804FB002313B50193DC
S3150103597401AB0446FFF7CCFB20B92268E36E126838
S315010359841343E36602B010BD10B584682160002198
S31501035994E360C4E901121034846010BD836819609D
S315010359A40121C3E9011210338360704710B5C0E9BD
S315010359B40121044600F110010068CBF78CD9E0609C
S315010359C410BD2DE9F0431546C668836885B00446C0
S315010359D488461022002168460836A3F11009374682
S315010359E4CBF746DB28466B4681452DD20121EA686E
S315010359F4696042F02002EA60AA68206842F0005214
S31501035A04AA609A68596042F000529A60019D08F1AE
S31501035A14080204F11001CBF75CD932462068002150
S31501035A24CBF749D92A4620681021CBF744D92068F4
S31501035A3403223421CBF746D903223821206805B042
S31501035A44BDE8F043CBF73E99426822B15F60034652
S31501035A5410371030C8E76F600546F9E7F8B5002536
S31501035A6406462C4601272046CBF704D968B14FF4E1
S31501035A748061CBF719D9304218BF07FA04F304F14D
S31501035A84010418BF1D43202CEDD12846F8BD2DE989
S31501035A94F041002504460F4690462E4614B928467E
S31501035AA4BDE8F081E3070BD53046CBF7E3D8394696
S31501035AB4CBF7FAD838EA000002BF0123B3401D43EA
S31501035AC401366408EAE770B5282105460068CBF771
S31501035AD4EBD83C2106462868CBF7E6D816F0240F03
S31501035AE400F0230407D0CBF7FBD82868FDF7A7FEFC
S31501035AF46FF01F0070BD3CB928684FF0FF323021A7
S31501035B04CBF7E0D82046F5E74FF0FF30F2E7C0E9DB
S31501035B140021002282607047002320298CBF194685
S31501035B240131C0E9003381607047000000000000C1
S31501035B34000000000000000000000000F8B500BFEB
S31501035B44F8BC08BC9E467047F8B500BFF8BC08BC50
S31501035B549E46704713B779FAC925DDB7ADF3CFE08E
S31501035B64F1B614B80102000000000000FFFFFFFFB5
S31501035B741000000001000000000000000000000006
S31501035B840000000000000000000000000000000007
S31501035B9400000000000000000000000000000000F7
S31501035BA40000000062746C496E7465726661636514
S31501035BB44C6F636B0049444C4500546D7251005458
S31501035BC46D7220537663002A864886F70D02070011
S31501035BD4686D61635348413100484D41432D534830
S31501035BE4412D31002A864886F70D020800686D6146
S31501035BF46353484132323400484D41432D5348419E
S31501035C042D323234002A864886F70D020900686D5F
S31501035C14616353484132353600484D41432D534858
S31501035C24412D323536002A864886F70D020A006865
S31501035C346D616353484133383400484D41432D5311
S31501035C4448412D333834002A864886F70D020B0062
S31501035C54686D616353484135313200484D41432DE3
S31501035C645348412D353132002B0E03021A00696460
S31501035C742D736861310060864801650304020400DB
S31501035C8469642D73686132323400608648016503A1
S31501035C940402010069642D73686132353600608636
S31501035CA4480165030402020069642D73686133388C
S31501035CB434006086480165030402030069642D7395
S31501035CC46861353132002B0E0302070064657343A1
S31501035CD44243004445532D434243002A864886F7EB
S31501035CE40D0307006465732D656465332D63626370
S31501035CF4004445532D454445332D434243006086B1
S31501035D0448016503040102006165733132382D6369
S31501035D146263004145533132382D43424300608661
S31501035D2448016503040116006165733139322D6334
S31501035D346263004145533139322D43424300608640
S31501035D444801650304012A006165733235362D63FF
S31501035D546263004145533235362D434243002A8655
S31501035D6448CE3D03010700736563703235367231DC
S31501035D74002A864886F70D01010100727361456E97
S31501035D846372797074696F6E00525341002A8648AF
S31501035D94CE3D02010069642D65635075626C6963C6
S31501035DA44B65790047656E65726963204543206BCC
S31501035DB46579002B8104010C0069642D65634448EC
S31501035DC4004543206B657920666F72204543444839
S31501035DD4002A8648CE3D04010065636473612D7709
S31501035DE46974682D5348413100454344534120772F
S31501035DF46974682053484131002A8648CE3D040319
S31501035E04010065636473612D776974682D53484191
S31501035E14323234004543445341207769746820532D
S31501035E244841323234002A8648CE3D0403020065D2
S31501035E34636473612D776974682D5348413235362A
S31501035E4400454344534120776974682053484132DA
S31501035E543536002A8648CE3D04030300656364731D
S31501035E64612D776974682D534841333834004543AA
S31501035E7444534120776974682053484133383400C5
S31501035E842A8648CE3D0403040065636473612D7752
S31501035E946974682D534841353132004543445341AE
S31501035EA420776974682053484135313200616E792C
S31501035EB4506F6C69637900416E7920506F6C696325
S31501035EC479002B060105050703010069642D6B702F
S31501035ED42D7365727665724175746800544C53204B
S31501035EE457656220536572766572204175746865D8
S31501035EF46E7469636174696F6E002B060105050788
S31501035F0403020069642D6B702D636C69656E7441BC
S31501035F1475746800544C532057656220436C696554
S31501035F246E742041757468656E7469636174696F0F
S31501035F346E002B060105050703030069642D6B70C7
S31501035F442D636F64655369676E696E6700436F6496
S31501035F5465205369676E696E67002B06010505079C
S31501035F6403040069642D6B702D656D61696C507250
S31501035F746F74656374696F6E00452D6D61696C2079
S31501035F8450726F74656374696F6E002B06010505A0
S31501035F940703080069642D6B702D74696D65537469
S31501035FA4616D70696E670054696D65205374616D23
S31501035FB470696E67002B0601050507030900696409
S31501035FC42D6B702D4F4353505369676E696E67008A
S31501035FD44F435350205369676E696E67002B06015D
S31501035FE4040182E425010069642D6B702D776973BD
S31501035FF4756E2D66616E2D646576696365005769F1
S315010360042D53554E20416C6C69616E636520466957
S31501036014656C642041726561204E6574776F726B9A
S31501036024202846414E2900551D130069642D6365D5
S315010360342D6261736963436F6E73747261696E74FE
S315010360447300426173696320436F6E73747261698A
S315010360546E747300551D0F0069642D63652D6B659D
S3150103606479557361676500551D250069642D63655B
S315010360742D6578744B657955736167650045787445
S31501036084656E646564204B657920557361676500A4
S31501036094551D110069642D63652D7375626A656304
S315010360A474416C744E616D65005375626A656374FC
S315010360B420416C74204E616D65006086480186F843
S315010360C44201010069642D6E657473636170652D04
S315010360D46365727474797065004E65747363617074
S315010360E465204365727469666963617465205479CD
S315010360F4706500551D200069642D63652D63657202
S315010361047469666963617465506F6C696369657300
S3150103611400436572746966696361746520506F6CC3
S31501036124696369657300551D0E0069642D63652DE5
S315010361347375626A6563744B65794964656E7469DB
S3150103614466696572005375626A656374204B657982
S31501036154204964656E74696669657200551D230079
S3150103616469642D63652D617574686F726974794BFE
S3150103617465794964656E7469666965720041757406
S31501036184686F72697479204B6579204964656E7405
S315010361946966696572005504030069642D61742D8A
S315010361A4636F6D6D6F6E4E616D6500436F6D6D6FDC
S315010361B46E204E616D6500434E0055040600696405
S315010361C42D61742D636F756E7472794E616D6500FD
S315010361D4436F756E747279005504070069642D6102
S315010361E4742D6C6F63616C697479004C6F63616CB4
S315010361F4697479005504080069642D61742D7374F7
S315010362046174650053746174650053540055040A3B
S315010362140069642D61742D6F7267616E697A6174A5
S31501036224696F6E4E616D65004F7267616E697A615E
S3150103623474696F6E004F0055040B0069642D617414
S315010362442D6F7267616E697A6174696F6E616C55DC
S315010362546E69744E616D65004F726720556E69747C
S31501036264004F55002A864886F70D01090100656D1D
S3150103627461696C4164647265737300452D6D61696B
S315010362846C20616464726573730055040500696463
S315010362942D61742D73657269616C4E756D626572D8
S315010362A40053657269616C206E756D626572005582
S315010362B404100069642D61742D706F7374616C41EC
S315010362C464647265737300506F7374616C206164E3
S315010362D46472657373005504110069642D61742D29
S315010362E4706F7374616C436F646500506F7374618B
S315010362F46C20636F6465005504040069642D61743D
S315010363042D7375724E616D65005375726E616D659C
S3150103631400534E0055042A0069642D61742D67697F
S3150103632476656E4E616D6500476976656E206E61AD
S315010363346D6500474E0055042B0069642D61742D68
S31501036344696E697469616C7300496E697469616C18
S31501036354730055042C0069642D61742D67656E659C
S31501036364726174696F6E5175616C696669657200F0
S3150103637447656E65726174696F6E207175616C69C7
S31501036384666965720055040C0069642D61742D7484
S3150103639469746C65005469746C650055042E00694F
S315010363A4642D61742D646E5175616C6966696572D8
S315010363B40044697374696E67756973686564204E0D
S315010363C4616D65207175616C696669657200550451
S315010363D4410069642D61742D70736575646F6E79FB
S315010363E46D0050736575646F6E796D000992268924
S315010363F493F22C6401010069642D75696400557374
S315010364046572204964000992268993F22C64011961
S315010364140069642D646F6D61696E436F6D706F6E90
S31501036424656E7400446F6D61696E20636F6D706F81
S315010364346E656E740044430055042D0069642D6131
S31501036444742D756E697175654964656E74696669DA
S31501036454657200556E69717565204964656E746963
S3150103646466696572004F70617175650045434453EE
S31501036474410045435F444800454300202C3D2B3CE2
S315010364843E233B225C00520073746174654F725060
S31501036494726F76696E63654E616D65002A864886F9
S315010364A4F70D01090E002D2D2D2D2D454E442043A7
S315010364B4455254494649434154452052455155454C
S315010364C453542D2D2D2D2D0A002D2D2D2D2D4245C4
S315010364D447494E204345525449464943415445206D
S315010364E4524551554553542D2D2D2D2D0A00C105C4
S315010364F49ED8367CD5073070DD17F70E5939FFC0A0
S315010365040B316858151164F98FA7BEFA4FA4006AB3
S3150103651409E667BB67AE853C6EF372A54FF53A513F
S315010365240E527F9B05688C1F83D9AB5BE0CD1900A3
S31501036534CBBB9D5DC1059ED8629A292A367CD507B4
S315010365449159015A3070DD17152FECD8F70E5939C5
S3150103655467332667FFC00B318EB44A876858151112
S31501036564DB0C2E0D64F98FA747B5481DBEFA4FA45C
S31501036574006A09E667F3BCC908BB67AE8584CAA783
S315010365843B3C6EF372FE94F82BA54FF53A5F1D3629
S31501036594F1510E527FADE682D19B05688C2B3E6C7D
S315010365A41F1F83D9ABFB41BD6B5BE0CD19137E2161
S315010365B47900727474005465726D696E616C007648
S315010365C4616C7565203C3D206B4D61784469736349
S315010365D472696D696E61746F7256616C7565005487
S315010365E44553545F56455253494F4E0025732C2048
S315010365F4616464723A3078253036782B25303375E5
S315010366042C2073697A653A25750047657443657267
S3150103661474696669636174696F6E4465636C6172F7
S315010366246174696F6E0047657450726F6475637440
S315010366344174746573746174696F6E496E746572BA
S315010366446D65646961746543657274004765744471
S3150103665465766963654174746573746174696F6E90
S31501036664436572740025303458002330433034258E
S3150103667430325825303258253032582530325800B5
S315010366844D61747465722044657669636500434E8E
S315010366943D25732C20312E332E362E312E342E31B5
S315010366A42E33373234342E322E313D25732C203199
S315010366B42E332E362E312E342E312E3337323434B5
S315010366C42E322E323D257300252E3473252E327335
S315010366D4252E32730055314242533055795543427F
S315010366E44C5A586B675532467364413D3D007557A1
S315010366F44677717567444E476945636B2F706F37E8
S315010367044B4877774D7777715A674E313058757998
S3150103671442616A504775797A5545562F697265659B
S31501036724346C4F72616F354775776E6C51363543E9
S315010367344A7A62655542343973333145482B4E459A
S315010367446B67304A5649354D474351474D4D542F8F
S31501036754535250464E524F446D3377482F4D426937
S31501036764656875466336464A2F4E4836526D7A77BF
S315010367743D3D0025733A25642066616C73653A20B1
S31501036784256C780041424F52543A20636869703A42
S315010367943A506C6174666F726D3A3A2573282920EF
S315010367A463616C6C6564206265666F7265206368F8
S315010367B469703A3A506C6174666F726D3A3A4D6513
S315010367C46D6F7279496E697428290A0041424F52E1
S315010367D4543A20636869703A3A506C6174666F720D
S315010367E46D3A3A4D656D6F7279496E69742829203C
S315010367F463616C6C65642074776963652E0A004D65
S31501036804656D6F7279416C6C6F63004D656D6F7263
S315010368147946726565004661696C656420746F2007
S31501036824696D706F72742061206B6579206572726C
S315010368346F723A256C640A0050726F766973696FD5
S315010368446E205461736B00232D302B2000686C4C2E
S31501036854006566674546470030313233343536378A
S3150103686438394142434445460030313233343536AF
S3150103687437383961626364656600256400303030F4
S31501036884303030303000000037000000512563FCFE
S31501036894C2CAB9F3849E17A7ADFAE6BCFFFFFFFF8D
S315010368A4FFFFFFFF00000000FFFFFFFFF551BF37A6
S315010368B46840B6CBCE5E316B5733CE2B169E0F7C17
S315010368C44AEBE78E9B7F1AFEE242E34F96C298D8C0
S315010368D44539A1F4A033EB2D817D0377F240A463FB
S315010368E4E5E6BCF847422CE1F2D1176B4B60D2279C
S315010368F43E3CCE3BF6B053CCB0061D65BC869876BA
S3150103690455BDEBB3E7933AAAD835C65AFFFFFFFF42
S31501036914FFFFFFFFFFFFFFFF000000000000000071
S315010369240000000001000000FFFFFFFF010000005B
S315010369345C690301000000000000000059690301BA
S315010369445669030153690301506903010B40800A24
S315010369543080092040081C4005144000625D030190
S31501036964080000006B5D03016B5D03010300000076
S315010369740000000000000000000000000000000009
S3150103698400000000755D0301090000007F5D03013A
S315010369948D5D030101000000915D03010700000001
S315010369A4995D0301A85D030102000000B75D0301BC
S315010369B405000000BD5D0301C55D0301030000007D
S315010369C400000000000000000000000000000000B9
S315010369D400000000D55D030107000000DD5D03012E
S315010369E4ED5D030105040000FD5D030108000000DC
S315010369F4065E0301185E0301080400002A5E03010F
S31501036A0408000000335E0301455E03010904000027
S31501036A14575E030108000000605E0301725E030111
S31501036A240A040000845E0301080000008D5E03016D
S31501036A349F5E03010B040000000000000000000038
S31501036A440000000000000000000000000700000031
S31501036A5469640301D9F40201CDF4020100000000C3
S31501036A6401450201000000000000000000000000CF
S31501036A740000000000000000000000000700000001
S31501036A8469640301D9F40201BDF4020175460201E5
S31501036A9407F502010000000000000000F1460201AF
S31501036AA400000000000000000000000075108000D3
S31501036AB410141400101C2030401C2000001C20302C
S31501036AC4400000000000000010141400101C2030C4
S31501036AD4401C2000001C203040505341004B4559B3
S31501036AE40000000000007BFF80B079FF80B078FFCF
S31501036AF480B176FF00B16CFF00B36BFF00B20000F7
S31501036B04BB610301020000009A6103010C0000004A
S31501036B14A46103010A0000009A6103010C00000049
S31501036B24405D030101000000BE610301130000007F
S31501036B34C86103010B000000BE61030113000000D9
S31501036B443962030101000000116203010C00000014
S31501036B541B62030110000000116203010C00000013
S31501036B645368030101000000DC6103010C0000000A
S31501036B74E661030108000000DC6103010C00000067
S31501036B848A64030101000000686203011600000020
S31501036B9465620301020000003B6203010C0000006D
S31501036BA445620301160000003B6203010C00000069
S31501036BB40E62030102000000F86103010C000000E8
S31501036BC48C64030113000000F86103010C00000047
S31501036BD4726203010C0000006862030116000000DF
S31501036BE4986203010C0000008E6203011300000086
S31501036BF4BD6203010D000000B3620301130000002B
S31501036C04E46203010A000000DA62030113000000CF
S31501036C14A96303010B0000009F6303011300000032
S31501036C249363030105000000896303010C0000005B
S31501036C340563030107000000FB6203010C00000066
S31501036C441563030102000000FB6203010C0000004B
S31501036C542263030109000000186303010C00000009
S31501036C643763030102000000186303010C000000EB
S31501036C7444630301080000003A6303010C000000A6
S31501036C84DC63030109000000D26303010C00000065
S31501036C946063030113000000566303010C00000043
S31501036CA4186403010F0000000A64030116000000BF
S31501036CB439640301020000000A640301160000009B
S31501036CC400000000000000000000000005000000B1
S31501036CD45D7F02014B160301C17F02010D8002018F
S31501036CE43717030133170301111703016D16030143
S31501036CF4D3160301A71603016F160301340000001B
S31501036D0403020203000000141C20304067452301DB
S31501036D14EFCDAB8998BADCFE10325476C3D2E1F0D7
S31501036D240000000000000000000000000000000055
S31501036D34000000008D92928C8C8B8BFFFFFFFF006A
S31501036D44000000FFFFFFFFFFFFFFFFBCE6FAADA74D
S31501036D54179E84F3B9CAC2FC6325510010000000CF
S31501036D645F00000002000000140000001A00000086
S31501036D7400000001FFFFFFFFFFFFFFFFFFFFFFFF10
S31501036D84FFFFFFFFFFFFFFFFFFFFFFFFFFFFFFFF05
S31501036D9400000002FFFFFFFFFFFFFFFFFFFFFFFFEF
S31501036DA4FFFFFFFFFFFFFFFFFFFFFFFFFFFFFFFFE5
S31501036DB4000000040100000006000000EC6D03015D
S31501036DC40000000037560301FDA402012000000060
S31501036DD41000000010000000200000000000000065
S31501036DE4010000000000000011000000110800006A
S31501036DF4112800000000000041000000010000000A
S31501036E040100000001000000000000004C6E0301B4
S31501036E143C6E0301615603010000000000000000FB
S31501036E240000000010000000000000000100000043
S31501036E341000000001000000000000000000000033
S31501036E4400000000000000001600000016100000F8
S31501036E543630000000000000460000000600000072
S31501036E64C600000020060000000200000004000022
S31501036E744000000080000000400000009000000074
S31501036E8421A502011006000000020000000400000F
S31501036E943000000080000000400000009000000064
S31501036EA421A50201080600000002000000040000F7
S31501036EB420000000400000002000000048000000FC
S31501036EC421A50201040600000002000000040000DB
S31501036ED41C000000400000002000000048000000E0
S31501036EE421A50201020600000002000000040000BD
S31501036EF414000000400000001400000048000000D4
S31501036F0421A502011300000063000000A300000091
S31501036F1403000000000000000000545452205245AF
S31501036F24474745530000000000000000000000002D
S31501036F34F33A0301053B030141AA020101AB020131
S31501036F4459AA020121AB020171AA020189AA02010A
S31501036F54A1AA0201B9AA020141AB0201F5AB0201DD
S31501036F64D1AA02015DAB0201B9AB020199AB0201DC
S31501036F74DDAA0201E9AA020175AB0201253B03015C
S31501036F8421AD020139AD020151AD0201F5AA020196
S31501036F943DAC02018DAB0201013B030135B4020190
S31501036FA4853D030111B502016D3D030129B40201B6
S31501036FB4753D030189B5020121B60201AB3B030108
S31501036FC4FCFFFFFF00000000F53A03011F3B030129
S31501036FD43B3B0301633B0301433B03016B3B03015B
S31501036FE45B3B0301533B03014B3B0301333B03016B
S31501036FF47D3D0301F33D0301733B03018B3B030115
S31501037004FB3D0301D93A0301DD3A0301E13A0301E5
S31501037014E53A0301ED3A030131AA0201F4FFFFFF45
S3150103702400000000F93A0301193B0301833B030101
S31501037034713D03017B3B0301033E03010B3E030144
S31501037044653D0301793D0301F0FFFFFF00000000E5
S31501037054FD3A0301133B0301933B03012B3B030159
S31501037064A33B0301393E03019B3B0301473E030152
S315010370741B3E0301D53A0301553E0301C13B0301FB
S31501037084040004002D002D00000000000000000090
S31501037094C93B0301DD3B0301A1AD020125AE020197
S315010370A4ADAD020131AE0201B9AD0201C5AD0201B5
S315010370B4D1AD0201DDAD02013DAE0201E9AD02012D
S315010370C4F5AD020155AE020149AE02016DAE0201EF
S315010370D401AE02010DAE020161AE0201CB3B030116
S315010370E411B00201FDAF0201E9AF020119AE0201BA
S315010370F4CDAE020185AE020125B00201D33B0301E4
S3150103710479AE0201A9AE0201B5AE0201C1AE020115
S31501037114CF3B03010000000000000000EB3B030129
S31501037124F13B0301FF3B0301333C0301673C0301C9
S31501037134ED3B03010000000000000000913C030144
S31501037144933C0301A13C0301213D030105B3020160
S31501037154FB3C0301C1B00201000000000000000072
S31501037164553D0301573D030111B4020195B30201D0
S315010371744D3D03014D3D03014D3D03014D3D0301C9
S31501037184513D0301513D0301E1B30201ADB30201D3
S3150103719400112233445566778899AABBCCDDEEFFE9
S315010371A40000000000000000293E03012B3E0301F9
S315010371B4133E0301133E0301133E0301393E030147
S315010371C4133E0301473E03011B3E0301D53A030163
S315010371D4553E0301173E03012D000000494E0000ED
S315010371E4424C45004D4C0000534D0000454D0000F3
S315010371F4544C560041534E004352000043544C0031
S31501037204414C00005343000042445800444D470097
S3150103721444430000444400004543480046500000EB
S315010372244E50000053440000535000005357550079
S3150103723446530000545300004842000043534C0094
S3150103724445564C0053505400544F4F005A434C0077
S3150103725453480000444C000053504C00535652000B
S3150103726444495300494D0000545354004F535300AA
S3150103727441544D0043534D004943440046530000D2
S315010372845041460043414D004A46000000000000B8
S3150103729400000000000000000000000000000000E0
S315010372A400000000000000000000000000000000D0
S315010372B400000000000000000000000000000000C0
S315010372C400000000000000000000000000000000B0
S315010372D4000000000000000071B802011740030119
S315010372E41B4003011F4003013B40030123400301E8
S315010372F425400301294003012B4003012F400301C8
S3150103730433400301ADB80201C1B80201F9B8020160
S31501037314374003014B40030165B8020195B80201E5
S315010373240020202020202020202028282828282047
S31501037334202020202020202020202020202020203F
S3150103734420881010101010101010101010101010A7
S315010373541004040404040404040404101010101097
S315010373641010414141414141010101010101010161
S3150103737401010101010101010101010110101010B3
S315010373841010424242424242020202020202020233
S315010373940202020202020202020202021010101087
S315010373A420000000000000000000000000000000AF
S315010373B400000000000000000000000000000000BF
S315010373C400000000000000000000000000000000AF
S315010373D4000000000000000000000000000000009F
S315010373E4000000000000000000000000000000008F
S315010373F4000000000000000000000000000000007F
S31501037404000000000000000000000000000000006E
S31501037414000000000000000000000000000000005E
S31501037424000000000000000000000000F54703010E
S315010374349549030125CE0201000000000000000066
S31501037444F34703015D49030139CB0201E94703010B
S3150103745471CC0201B9CB0201B5CC0201F747030191
S315010374640000000000000000F14703016B4903011A
S31501037474E5470301E947030171CC0201B9CB0201D3
S31501037484C9CD02014D4803010000000000000000BC
S31501037494EF4703017949030151490301E94703010C
S315010374A471CC0201B9CB020145CD02014D48030159
S315010374B40000000000000000ED47030187490301B2
S315010374C4E5470301E947030171CC0201B9CB020183
S315010374D431CD02014D480301000000000000000004
S315010374E48D4C03018F4C03011D4B0301454B0301D2
S315010374F4634B0301054C0301A1D002014F4C030164
S31501037504894C0301894C030195D10201D9D30201A3
S3150103751430313233343536373839616263646566FB
S309010375240001020452
S30D01037528FC977C7F01000000C2
S311010375303C750301C07B0020D202000061
S3150103753C00000000A85B030101000000000000002D
S3150103754C00000000AAAAAAAA4709030147090301D5
S3150103755C4D0903014D09030180D5430280D1F0087E
S3150103756C80D543020080000000F04902007C002014
S3150103757C0050750100A00000084A0020C800000055
S3150103758CFE00000000000000E46C0301D46C03014F
S3150103759C02000000A8350020000005003C7C0020F9
S315010375ACB665030101000000C1A30201000000003E
S315010375BC2930030100000000133003011100000000
S315010375CC0000000000000041000000000100000063
S315010375DC0040004100000000346F0301CC6F03012E
S315010375EC0000000028700301547003019470030119
S315010375FC2071030140710301AC7103012C7C002042
S3150103760C0000000003000000C0560020A07C0020EF
S3150103761C00000000C0560020285700209057002078
S3150103762C0000000000000000000000000000000044
S3150103763C0000000000000000000000000000000034
S3150103764C0000000000000000000000000000000024
S3150103765C0000000000000000000000000C00000008
S3150103766C00000204AF3503011130020195B6020184
S3150103767C39B9020101CB020151D00201E92F0201F1
S3150103768C00000000000000000000000000000000E4
S3150103769C00000000000000000000000000000000D4
S315010376AC00000000000000000000000000000000C4
S315010376BC00000000000000000000000000000000B4
S315010376CC00000000000000000000000000000000A4
S315010376DC0000000000000000000000000000000094
S315010376EC0000000000000000000000000000000084
S315010376FC0000000000000000000000000000000074
S3150103770C0000000000000000000000000000000063
S3150103771C0000000000000000000000000000000053
S3150103772C0000000000000000000000000000000043
S3150103773C0000000000000000000000000000000033
S3150103774C0000000000000000000000000000000023
S3150103775C0000000000000000000000000000000013
S3150103776C0000000000000000000000000000000003
S3150103777C00000000000000000000000000000000F3
S3150103778C00000000000000000000000000000000E3
S3150103779C00000000000000000000000000000000D3
S315010377AC00000000000000000000000000000000C3
S315010377BC00000000000000000000000000000000B3
S315010377CC00000000000000000000000000000000A3
S315010377DC0000000000000000000000000000000093
S315010377EC0000000000000000000000000000000083
S315010377FC0000000000000000000000000000000073
S3150103780C0000000000000000000000000000000062
S3150103781C0000000000000000000000000000000052
S3150103782C0000000000000000000000000000000042
S3150103783C0000000000000000000000000000000032
S3150103784C0000000000000000000000000000000022
S3150103785C0000000000000000000000000000000012
S3150103786C0000000000000000000000000000000002
S3150103787C00000000000000000000000000000000F2
S3150103788C00000000000000000000000000000000E2
S3150103789C00000000000000000000000000000000D2
S315010378AC00000000000000000000000000000000C2
S315010378BC00000000000000000000000000000000B2
S315010378CC00000000000000000000000000000000A2
S315010378DC0000000000000000000000000000000092
S315010378EC0000000000000000000000000000000082
S315010378FC0000000000000000000000000000000072
S3150103790C0000000000000000000000000000000061
S3150103791C0000000000000000000000000000000051
S3150103792C0000000000000000000000000000000041
S3150103793C0000000000000000000000000000000031
S3150103794C0000000000000000000000000000000021
S3150103795C0000000000000000000000000000000011
S3150103796C0000000000000000000000000000000001
S3150103797C00000000000000000000000000000000F1
S3150103798C00000000000000000000000000000000E1
S3150103799C00000000000000000000000000000000D1
S315010379AC00000000000000000000000000000000C1
S315010379BC00000000000000000000000000000000B1
S315010379CC00000000000000000000000000000000A1
S315010379DC0000000000000000000000000000000091
S315010379EC0000000000000000000000000000000081
S315010379FC0000000000000000000000000000000071
S31501037A0C0000000000000000000000000000000060
S31501037A1C0000000000000000000000000000000050
S31501037A2C0000000000000000000000000000000040
S31501037A3C0000000000000000000000000000000030
S31501037A4C0000000000000000000000000000000020
S31501037A5C0000000000000000000000000000000010
S31501037A6C0000000000000000000000000000000000
S31501037A7C00000000000000000000000000000000F0
S31501037A8C00000000000000000000000000000000E0
S31501037A9C00000000000000000000000000000000D0
S31501037AAC00000000000000000000000000000000C0
S31501037ABC00000000000000000000000000000000B0
S31501037ACC00000000000000000000000000000000A0
S31501037ADC0000000000000000000000000000000090
S31501037AEC0000000000000000000000000000000080
S31501037AFC0000000000000000000000000000000070
S31501037B0C000000000000000000000000000000005F
S31501037B1C000000000000000000000000000000004F
S31501037B2C000000000000000000000000000000003F
S31501037B3C000000000000000000000000000000002F
S31501037B4C000000000000000000000000000000001F
S31501037B5C000000000000000000000000000000000F
S31501037B6C00000000000000000000000000000000FF
S31501037B7C00000000000000000000000000000000EF
S31501037B8C00000000000000000000000000000000DF
S31501037B9C00000000000000000000000000000000CF
S31501037BAC00000000000000000000000000000000BF
S31501037BBC00000000000000000000000000000000AF
S31501037BCC000000000000000000000000000000009F
S31501037BDC000000000000000000000000000000008F
S31501037BEC000000000000000000000000000000007F
S31501037BFC000000000000000000000000000000006F
S31501037C0C000000000000000000000000000000005E
S31501037C1C000000000000000000000000000000004E
S31501037C2C000000000000000000000000000000003E
S31501037C3C000000000000000000000000000000002E
S31501037C4C000000000000000000000000000000001E
S31501037C5C000000000000000000000000000000000E
S31501037C6C00000000000000000000000000000000FE
S31501037C7C00000000000000000000000000000000EE
S31501037C8C00000000000000000000000000000000DE
S31501037C9C00000000000000000000000000000000CE
S31501037CAC00000000000000000000000000000000BE
S31501037CBC00000000000000000000000000000000AE
S31501037CCC000000000000000000000000000000009E
S31501037CDC000000000000000000000000000000008E
S31501037CEC000000000000000000000000000000007E
S31501037CFC000000000000000000000000000000006E
S31501037D0C000000000000000000000000000000005D
S31501037D1C000000000000000000000000000000004D
S31501037D2C000000000000000000000000000000003D
S31501037D3C000000000000000000000000000000002D
S31501037D4C000000000000000000000000000000001D
S31501037D5C000000000000000000000000000000000D
S31501037D6C00000000000000000000000000000000FD
S31501037D7C00000000000000000000000000000000ED
S31501037D8C00000000000000000000000000000000DD
S31501037D9C00000000000000000000000000000000CD
S31501037DAC00000000000000000000000000000000BD
S31501037DBC00000000000000000000000000000000AD
S31501037DCC000000000000000000000000000000009D
S31501037DDC000000000000000000000000000000008D
S31501037DEC000000000000000000000000000000007D
S31501037DFC000000000000000000000000000000006D
S31501037E0C000000000000000000000000000000005C
S31501037E1C000000000000000000000000000000004C
S31501037E2C000000000000000000000000000000003C
S31501037E3C000000000000000000000000000000002C
S31501037E4C000000000000000000000000000000001C
S31501037E5C000000000000000000000000000000000C
S31501037E6C00000000000000000000000000000000FC
S31501037E7C00000000000000000000000000000000EC
S31501037E8C00000000000000000000000000000000DC
S31501037E9C00000000000000000000000000000000CC
S31501037EAC00000000000000000000000000000000BC
S31501037EBC00000000000000000000000000000000AC
S31501037ECC000000000000000000000000000000009C
S31501037EDC000000000000000000000000000000008C
S31501037EEC000000000000000000000000000000007C
S31501037EFC000000000000000000000000000000006C
S31501037F0C000000000000000000000000000000005B
S31501037F1C000000000000000000000000000000004B
S31501037F2C000000000000000000000000000000003B
S31501037F3C000000000000000000000000000000002B
S31501037F4C000000000000000000000000000000001B
S31501037F5C000000000000000000000000000000000B
S31501037F6C00000000000000000000000000000000FB
S31501037F7C00000000000000000000000000000000EB
S31501037F8C00000000000000000000000000000000DB
S31501037F9C00000000000000000000000000000000CB
S31501037FAC00000000000000000000000000000000BB
S31501037FBC00000000000000000000000000000000AB
S31501037FCC000000000000000000000000000000009B
S31501037FDC000000000000000000000000000000008B
S31501037FEC000000000000000000000000000000007B
S31501037FFC000000000000000000000000000000006B
S3150103800C000000000000000000000000000000005A
S3150103801C000000000000000000000000000000004A
S3150103802C000000000000000000000000000000003A
S3150103803C000000000000000000000000000000002A
S3150103804C000000000000000000000000000000001A
S3150103805C000000000000000000000000000000000A
S3150103806C00000000000000000000000000000000FA
S30D0103807C0000000000000000F2
S70501030C5595
