S01C00006275696C642F64656275672F67656E657261746F722E7333379C
S31501000000903900204D000011F9010011F90100118C
S31501000010F9010011F9010011F9010011F9010011AD
S31501000020F9010011F9010011F9010011F90100119D
S31501000030F9010011C8D60101F9010011F9010011F8
S3150100004000000011008000010080000066485B4B43
S315010000507844D0F800C04668C3F808C0326882F315
S315010000608888574A574C96605A6A42F400225A6267
S31501000070554ADA60D3F88C2042F4406242F001021C
S31501000080C3F88C2000234FF0FF32214641F823208C
S315010000900133102BFAD14FF450424C4BFF219A6693
S315010000A001224B4B4B4CC3F89011C3F83021C4F8D5
S315010000B070118068B0F5003F7BD007D8B0F5004FCE
S315010000C00DD0B0F5803F09D0002208E0B0F5802FB1
S315010000D071D0B0F5002FF7D1052200E002224FF0D2
S315010000E0FF37C3F86422C3F8707233465C68012196
S315010000F04FF01009384EDFF8F4E0DFF8F4800A001B
S3150100010033461A600A0073461A601A6802EA010247
S31501000110002AFAD14FF41046304D2B4632461A606A
S3150100012006F1A2466FF48018DFF8C8E006F583569B
S3150100013033463A461A60734642461A60A6F54F663A
S3150100014033460A001A60264DF03E29462CF07F43BD
S31501000150B3FBF0F3202B05D9A3F120034FF0FF32B7
S315010001600A6008E04FF001029A406FEA02020A6053
S315010001704FF0FF33FFE701F10401B142EADD19490E
S315010001806408640002220B461A6000200021002246
S3150100019000230025002600275FF000085FF0000914
S315010001A05FF0000A5FF0000B5FF0000CBFF34F8FAA
S315010001B02447032293E7042291E700BF00ED00E004
S315010001C000ED02E080E300E00020FA0500508040E7
S315010001D00090005100A00051185083406860804093
S315010001E074920051D0ED00E0ECFFFFFF18D085407E
S315010001F014C0854064A00051FEE700000000000025
S3150100020000000000000000000000000000000000E7
S3150100021000000000000000000000000000000000D7
S3150100022000000000000000000000000000000000C7
S3150100023000000000000000000000000000000000B7
S3150100024000000000000000000000000000000000A7
S315010002500000000000000000000000000000000097
S315010002600000000000000000000000000000000087
S315010002700000000000000000000000000000000077
S315010002800000000000000000000000000000000067
S315010002900000000000000000000000000000000057
S315010002A00000000000000000000000000000000047
S315010002B00000000000000000000000000000000037
S315010002C00000000000000000000000000000000027
S315010002D00000000000000000000000000000000017
S315010002E00000000000000000000000000000000007
S315010002F000000000000000000000000000000000F7
S3150100030000000000000000000000000000000000E6
S3150100031000000000000000000000000000000000D6
S3150100032000000000000000000000000000000000C6
S3150100033000000000000000000000000000000000B6
S3150100034000000000000000000000000000000000A6
S315010003500000000000000000000000000000000096
S315010003600000000000000000000000000000000086
S315010003700000000000000000000000000000000076
S315010003800000000000000000000000000000000066
S315010003900000000000000000000000000000000056
S315010003A00000000000000000000000000000000046
S315010003B00000000000000000000000000000000036
S315010003C00000000000000000000000000000000026
S315010003D00000000000000000000000000000000016
S315010003E00000000000000000000000000000000006
S315010003F000000000000000000000000000000000F6
S3150100040000000000000000000000000000000000E5
S3150100041000000000000000000000000000000000D5
S3150100042000000000000000000000000000000000C5
S3150100043000000000000000000000000000000000B5
S3150100044000000000000000000000000000000000A5
S315010004500000000000000000000000000000000095
S315010004600000000000000000000000000000000085
S315010004700000000000000000000000000000000075
S315010004800000000000000000000000000000000065
S315010004900000000000000000000000000000000055
S315010004A00000000000000000000000000000000045
S315010004B00000000000000000000000000000000035
S315010004C00000000000000000000000000000000025
S315010004D00000000000000000000000000000000015
S315010004E00000000000000000000000000000000005
S315010004F000000000000000000000000000000000F5
S3150100050000000000000000000000000000000000E4
S3150100051000000000000000000000000000000000D4
S3150100052000000000000000000000000000000000C4
S3150100053000000000000000000000000000000000B4
S3150100054000000000000000000000000000000000A4
S315010005500000000000000000000000000000000094
S315010005600000000000000000000000000000000084
S315010005700000000000000000000000000000000074
S315010005800000000000000000000000000000000064
S315010005900000000000000000000000000000000054
S315010005A00000000000000000000000000000000044
S315010005B00000000000000000000000000000000034
S315010005C00000000000000000000000000000000024
S315010005D00000000000000000000000000000000014
S315010005E00000000000000000000000000000000004
S315010005F000000000000000000000000000000000F4
S3150100060000000000000000000000000000000000E3
S3150100061000000000000000000000000000000000D3
S3150100062000000000000000000000000000000000C3
S3150100063000000000000000000000000000000000B3
S3150100064000000000000000000000000000000000A3
S315010006500000000000000000000000000000000093
S315010006600000000000000000000000000000000083
S315010006700000000000000000000000000000000073
S315010006800000000000000000000000000000000063
S315010006900000000000000000000000000000000053
S315010006A00000000000000000000000000000000043
S315010006B00000000000000000000000000000000033
S315010006C00000000000000000000000000000000023
S315010006D00000000000000000000000000000000013
S315010006E00000000000000000000000000000000003
S315010006F000000000000000000000000000000000F3
S3150100070000000000000000000000000000000000E2
S3150100071000000000000000000000000000000000D2
S3150100072000000000000000000000000000000000C2
S3150100073000000000000000000000000000000000B2
S3150100074000000000000000000000000000000000A2
S315010007500000000000000000000000000000000092
S315010007600000000000000000000000000000000082
S315010007700000000000000000000000000000000072
S315010007800000000000000000000000000000000062
S315010007900000000000000000000000000000000052
S315010007A00000000000000000000000000000000042
S315010007B00000000000000000000000000000000032
S315010007C00000000000000000000000000000000022
S315010007D00000000000000000000000000000000012
S315010007E00000000000000000000000000000000002
S315010007F000000000000000000000000000000000F2
S3150100080000000000000000000000000000000000E1
S3150100081000000000000000000000000000000000D1
S3150100082000000000000000000000000000000000C1
S3150100083000000000000000000000000000000000B1
S3150100084000000000000000000000000000000000A1
S315010008500000000000000000000000000000000091
S315010008600000000000000000000000000000000081
S315010008700000000000000000000000000000000071
S315010008800000000000000000000000000000000061
S315010008900000000000000000000000000000000051
S315010008A00000000000000000000000000000000041
S315010008B00000000000000000000000000000000031
S315010008C00000000000000000000000000000000021
S315010008D00000000000000000000000000000000011
S315010008E00000000000000000000000000000000001
S315010008F000000000000000000000000000000000F1
S3150100090000000000000000000000000000000000E0
S3150100091000000000000000000000000000000000D0
S3150100092000000000000000000000000000000000C0
S3150100093000000000000000000000000000000000B0
S3150100094000000000000000000000000000000000A0
S315010009500000000000000000000000000000000090
S315010009600000000000000000000000000000000080
S315010009700000000000000000000000000000000070
S315010009800000000000000000000000000000000060
S315010009900000000000000000000000000000000050
S315010009A00000000000000000000000000000000040
S315010009B00000000000000000000000000000000030
S315010009C00000000000000000000000000000000020
S315010009D00000000000000000000000000000000010
S315010009E00000000000000000000000000000000000
S315010009F000000000000000000000000000000000F0
S31501000A0000000000000000000000000000000000DF
S31501000A1000000000000000000000000000000000CF
S31501000A2000000000000000000000000000000000BF
S31501000A3000000000000000000000000000000000AF
S31501000A40000000000000000000000000000000009F
S31501000A50000000000000000000000000000000008F
S31501000A60000000000000000000000000000000007F
S31501000A70000000000000000000000000000000006F
S31501000A80000000000000000000000000000000005F
S31501000A90000000000000000000000000000000004F
S31501000AA0000000000000000000000000000000003F
S31501000AB0000000000000000000000000000000002F
S31501000AC0000000000000000000000000000000001F
S31501000AD0000000000000000000000000000000000F
S31501000AE000000000000000000000000000000000FF
S31501000AF000000000000000000000000000000000EF
S31501000B0000000000000000000000000000000000DE
S31501000B1000000000000000000000000000000000CE
S31501000B2000000000000000000000000000000000BE
S31501000B3000000000000000000000000000000000AE
S31501000B40000000000000000000000000000000009E
S31501000B50000000000000000000000000000000008E
S31501000B60000000000000000000000000000000007E
S31501000B70000000000000000000000000000000006E
S31501000B80000000000000000000000000000000005E
S31501000B90000000000000000000000000000000004E
S31501000BA0000000000000000000000000000000003E
S31501000BB0000000000000000000000000000000002E
S31501000BC0000000000000000000000000000000001E
S31501000BD0000000000000000000000000000000000E
S31501000BE000000000000000000000000000000000FE
S31501000BF000000000000000000000000000000000EE
S31501000C0000000000000000000000000000000000DD
S31501000C1000000000000000000000000000000000CD
S31501000C2000000000000000000000000000000000BD
S31501000C3000000000000000000000000000000000AD
S31501000C40000000000000000000000000000000009D
S31501000C50000000000000000000000000000000008D
S31501000C60000000000000000000000000000000007D
S31501000C70000000000000000000000000000000006D
S31501000C80000000000000000000000000000000005D
S31501000C90000000000000000000000000000000004D
S31501000CA0000000000000000000000000000000003D
S31501000CB0000000000000000000000000000000002D
S31501000CC0000000000000000000000000000000001D
S31501000CD0000000000000000000000000000000000D
S31501000CE000000000000000000000000000000000FD
S31501000CF000000000000000000000000000000000ED
S31501000D0000000000000000000000000000000000DC
S31501000D1000000000000000000000000000000000CC
S31501000D2000000000000000000000000000000000BC
S31501000D3000000000000000000000000000000000AC
S31501000D40000000000000000000000000000000009C
S31501000D50000000000000000000000000000000008C
S31501000D60000000000000000000000000000000007C
S31501000D70000000000000000000000000000000006C
S31501000D80000000000000000000000000000000005C
S31501000D90000000000000000000000000000000004C
S31501000DA0000000000000000000000000000000003C
S31501000DB0000000000000000000000000000000002C
S31501000DC0000000000000000000000000000000001C
S31501000DD0000000000000000000000000000000000C
S31501000DE000000000000000000000000000000000FC
S31501000DF000000000000000000000000000000000EC
S31501000E0000000000000000000000000000000000DB
S31501000E1000000000000000000000000000000000CB
S31501000E2000000000000000000000000000000000BB
S31501000E3000000000000000000000000000000000AB
S31501000E40000000000000000000000000000000009B
S31501000E50000000000000000000000000000000008B
S31501000E60000000000000000000000000000000007B
S31501000E70000000000000000000000000000000006B
S31501000E80000000000000000000000000000000005B
S31501000E90000000000000000000000000000000004B
S31501000EA0000000000000000000000000000000003B
S31501000EB0000000000000000000000000000000002B
S31501000EC0000000000000000000000000000000001B
S31501000ED0000000000000000000000000000000000B
S31501000EE000000000000000000000000000000000FB
S31501000EF000000000000000000000000000000000EB
S31501000F0000000000000000000000000000000000DA
S31501000F1000000000000000000000000000000000CA
S31501000F2000000000000000000000000000000000BA
S31501000F3000000000000000000000000000000000AA
S31501000F40000000000000000000000000000000009A
S31501000F50000000000000000000000000000000008A
S31501000F60000000000000000000000000000000007A
S31501000F70000000000000000000000000000000006A
S31501000F80000000000000000000000000000000005A
S31501000F90000000000000000000000000000000004A
S31501000FA0000000000000000000000000000000003A
S31501000FB0000000000000000000000000000000002A
S31501000FC0000000000000000000000000000000001A
S31501000FD0000000000000000000000000000000000A
S31501000FE000000000000000000000000000000000FA
S31501000FF000000000000000000000000000000000EA
S3150100100000000000000000000000000000000000D9
S3150100101000000000000000000000000000000000C9
S3150100102000000000000000000000000000000000B9
S3150100103000000000000000000000000000000000A9
S315010010400000000000000000000000000000000099
S315010010500000000000000000000000000000000089
S315010010600000000000000000000000000000000079
S315010010700000000000000000000000000000000069
S315010010800000000000000000000000000000000059
S315010010900000000000000000000000000000000049
S315010010A00000000000000000000000000000000039
S315010010B00000000000000000000000000000000029
S315010010C00000000000000000000000000000000019
S315010010D00000000000000000000000000000000009
S315010010E000000000000000000000000000000000F9
S315010010F000000000000000000000000000000000E9
S3150100110000000000000000000000000000000000D8
S3150100111000000000000000000000000000000000C8
S3150100112000000000000000000000000000000000B8
S3150100113000000000000000000000000000000000A8
S315010011400000000000000000000000000000000098
S315010011500000000000000000000000000000000088
S315010011600000000000000000000000000000000078
S315010011700000000000000000000000000000000068
S315010011800000000000000000000000000000000058
S315010011900000000000000000000000000000000048
S315010011A00000000000000000000000000000000038
S315010011B00000000000000000000000000000000028
S315010011C00000000000000000000000000000000018
S315010011D00000000000000000000000000000000008
S315010011E000000000000000000000000000000000F8
S315010011F000000000000000000000000000000000E8
S3150100120000000000000000000000000000000000D7
S3150100121000000000000000000000000000000000C7
S3150100122000000000000000000000000000000000B7
S3150100123000000000000000000000000000000000A7
S315010012400000000000000000000000000000000097
S315010012500000000000000000000000000000000087
S315010012600000000000000000000000000000000077
S315010012700000000000000000000000000000000067
S315010012800000000000000000000000000000000057
S315010012900000000000000000000000000000000047
S315010012A00000000000000000000000000000000037
S315010012B00000000000000000000000000000000027
S315010012C00000000000000000000000000000000017
S315010012D00000000000000000000000000000000007
S315010012E000000000000000000000000000000000F7
S315010012F000000000000000000000000000000000E7
S3150100130000000000000000000000000000000000D6
S3150100131000000000000000000000000000000000C6
S3150100132000000000000000000000000000000000B6
S3150100133000000000000000000000000000000000A6
S315010013400000000000000000000000000000000096
S315010013500000000000000000000000000000000086
S315010013600000000000000000000000000000000076
S315010013700000000000000000000000000000000066
S315010013800000000000000000000000000000000056
S315010013900000000000000000000000000000000046
S315010013A00000000000000000000000000000000036
S315010013B00000000000000000000000000000000026
S315010013C00000000000000000000000000000000016
S315010013D00000000000000000000000000000000006
S315010013E000000000000000000000000000000000F6
S315010013F000000000000000000000000000000000E6
S3150100140000000000000000000000000000000000D5
S3150100141000000000000000000000000000000000C5
S3150100142000000000000000000000000000000000B5
S3150100143000000000000000000000000000000000A5
S315010014400000000000000000000000000000000095
S315010014500000000000000000000000000000000085
S315010014600000000000000000000000000000000075
S315010014700000000000000000000000000000000065
S315010014800000000000000000000000000000000055
S315010014900000000000000000000000000000000045
S315010014A00000000000000000000000000000000035
S315010014B00000000000000000000000000000000025
S315010014C00000000000000000000000000000000015
S315010014D00000000000000000000000000000000005
S315010014E000000000000000000000000000000000F5
S315010014F000000000000000000000000000000000E5
S3150100150000000000000000000000000000000000D4
S3150100151000000000000000000000000000000000C4
S3150100152000000000000000000000000000000000B4
S3150100153000000000000000000000000000000000A4
S315010015400000000000000000000000000000000094
S315010015500000000000000000000000000000000084
S315010015600000000000000000000000000000000074
S315010015700000000000000000000000000000000064
S315010015800000000000000000000000000000000054
S315010015900000000000000000000000000000000044
S315010015A00000000000000000000000000000000034
S315010015B00000000000000000000000000000000024
S315010015C00000000000000000000000000000000014
S315010015D00000000000000000000000000000000004
S315010015E000000000000000000000000000000000F4
S315010015F000000000000000000000000000000000E4
S3150100160000000000000000000000000000000000D3
S3150100161000000000000000000000000000000000C3
S3150100162000000000000000000000000000000000B3
S3150100163000000000000000000000000000000000A3
S315010016400000000000000000000000000000000093
S315010016500000000000000000000000000000000083
S315010016600000000000000000000000000000000073
S315010016700000000000000000000000000000000063
S315010016800000000000000000000000000000000053
S315010016900000000000000000000000000000000043
S315010016A00000000000000000000000000000000033
S315010016B00000000000000000000000000000000023
S315010016C00000000000000000000000000000000013
S315010016D00000000000000000000000000000000003
S315010016E000000000000000000000000000000000F3
S315010016F000000000000000000000000000000000E3
S3150100170000000000000000000000000000000000D2
S3150100171000000000000000000000000000000000C2
S3150100172000000000000000000000000000000000B2
S3150100173000000000000000000000000000000000A2
S315010017400000000000000000000000000000000092
S315010017500000000000000000000000000000000082
S315010017600000000000000000000000000000000072
S315010017700000000000000000000000000000000062
S315010017800000000000000000000000000000000052
S315010017900000000000000000000000000000000042
S315010017A00000000000000000000000000000000032
S315010017B00000000000000000000000000000000022
S315010017C00000000000000000000000000000000012
S315010017D00000000000000000000000000000000002
S315010017E000000000000000000000000000000000F2
S315010017F000000000000000000000000000000000E2
S3150100180000000000000000000000000000000000D1
S3150100181000000000000000000000000000000000C1
S3150100182000000000000000000000000000000000B1
S3150100183000000000000000000000000000000000A1
S315010018400000000000000000000000000000000091
S315010018500000000000000000000000000000000081
S315010018600000000000000000000000000000000071
S315010018700000000000000000000000000000000061
S315010018800000000000000000000000000000000051
S315010018900000000000000000000000000000000041
S315010018A00000000000000000000000000000000031
S315010018B00000000000000000000000000000000021
S315010018C00000000000000000000000000000000011
S315010018D00000000000000000000000000000000001
S315010018E000000000000000000000000000000000F1
S315010018F000000000000000000000000000000000E1
S3150100190000000000000000000000000000000000D0
S3150100191000000000000000000000000000000000C0
S3150100192000000000000000000000000000000000B0
S3150100193000000000000000000000000000000000A0
S315010019400000000000000000000000000000000090
S315010019500000000000000000000000000000000080
S315010019600000000000000000000000000000000070
S315010019700000000000000000000000000000000060
S315010019800000000000000000000000000000000050
S315010019900000000000000000000000000000000040
S315010019A00000000000000000000000000000000030
S315010019B00000000000000000000000000000000020
S315010019C00000000000000000000000000000000010
S315010019D00000000000000000000000000000000000
S315010019E000000000000000000000000000000000F0
S315010019F000000000000000000000000000000000E0
S31501001A0000000000000000000000000000000000CF
S31501001A1000000000000000000000000000000000BF
S31501001A2000000000000000000000000000000000AF
S31501001A30000000000000000000000000000000009F
S31501001A40000000000000000000000000000000008F
S31501001A50000000000000000000000000000000007F
S31501001A60000000000000000000000000000000006F
S31501001A70000000000000000000000000000000005F
S31501001A80000000000000000000000000000000004F
S31501001A90000000000000000000000000000000003F
S31501001AA0000000000000000000000000000000002F
S31501001AB0000000000000000000000000000000001F
S31501001AC0000000000000000000000000000000000F
S31501001AD000000000000000000000000000000000FF
S31501001AE000000000000000000000000000000000EF
S31501001AF000000000000000000000000000000000DF
S31501001B0000000000000000000000000000000000CE
S31501001B1000000000000000000000000000000000BE
S31501001B2000000000000000000000000000000000AE
S31501001B30000000000000000000000000000000009E
S31501001B40000000000000000000000000000000008E
S31501001B50000000000000000000000000000000007E
S31501001B60000000000000000000000000000000006E
S31501001B70000000000000000000000000000000005E
S31501001B80000000000000000000000000000000004E
S31501001B90000000000000000000000000000000003E
S31501001BA0000000000000000000000000000000002E
S31501001BB0000000000000000000000000000000001E
S31501001BC0000000000000000000000000000000000E
S31501001BD000000000000000000000000000000000FE
S31501001BE000000000000000000000000000000000EE
S31501001BF000000000000000000000000000000000DE
S31501001C0000000000000000000000000000000000CD
S31501001C1000000000000000000000000000000000BD
S31501001C2000000000000000000000000000000000AD
S31501001C30000000000000000000000000000000009D
S31501001C40000000000000000000000000000000008D
S31501001C50000000000000000000000000000000007D
S31501001C60000000000000000000000000000000006D
S31501001C70000000000000000000000000000000005D
S31501001C80000000000000000000000000000000004D
S31501001C90000000000000000000000000000000003D
S31501001CA0000000000000000000000000000000002D
S31501001CB0000000000000000000000000000000001D
S31501001CC0000000000000000000000000000000000D
S31501001CD000000000000000000000000000000000FD
S31501001CE000000000000000000000000000000000ED
S31501001CF000000000000000000000000000000000DD
S31501001D0000000000000000000000000000000000CC
S31501001D1000000000000000000000000000000000BC
S31501001D2000000000000000000000000000000000AC
S31501001D30000000000000000000000000000000009C
S31501001D40000000000000000000000000000000008C
S31501001D50000000000000000000000000000000007C
S31501001D60000000000000000000000000000000006C
S31501001D70000000000000000000000000000000005C
S31501001D80000000000000000000000000000000004C
S31501001D90000000000000000000000000000000003C
S31501001DA0000000000000000000000000000000002C
S31501001DB0000000000000000000000000000000001C
S31501001DC0000000000000000000000000000000000C
S31501001DD000000000000000000000000000000000FC
S31501001DE000000000000000000000000000000000EC
S31501001DF000000000000000000000000000000000DC
S31501001E0000000000000000000000000000000000CB
S31501001E1000000000000000000000000000000000BB
S31501001E2000000000000000000000000000000000AB
S31501001E30000000000000000000000000000000009B
S31501001E40000000000000000000000000000000008B
S31501001E50000000000000000000000000000000007B
S31501001E60000000000000000000000000000000006B
S31501001E70000000000000000000000000000000005B
S31501001E80000000000000000000000000000000004B
S31501001E90000000000000000000000000000000003B
S31501001EA0000000000000000000000000000000002B
S31501001EB0000000000000000000000000000000001B
S31501001EC0000000000000000000000000000000000B
S31501001ED000000000000000000000000000000000FB
S31501001EE000000000000000000000000000000000EB
S31501001EF000000000000000000000000000000000DB
S31501001F0000000000000000000000000000000000CA
S31501001F1000000000000000000000000000000000BA
S31501001F2000000000000000000000000000000000AA
S31501001F30000000000000000000000000000000009A
S31501001F40000000000000000000000000000000008A
S31501001F50000000000000000000000000000000007A
S31501001F60000000000000000000000000000000006A
S31501001F70000000000000000000000000000000005A
S31501001F80000000000000000000000000000000004A
S31501001F90000000000000000000000000000000003A
S31501001FA0000000000000000000000000000000002A
S31501001FB0000000000000000000000000000000001A
S31501001FC0000000000000000000000000000000000A
S31501001FD000000000000000000000000000000000FA
S31501001FE000000000000000000000000000000000EA
S31501001FF000000000000000000000000000000000DA
S3150100200000000000000000000000000000000000C9
S3150100201000000000000000000000000000000000B9
S3150100202000000000000000000000000000000000A9
S315010020300000000000000000000000000000000099
S315010020400000000000000000000000000000000089
S315010020500000000000000000000000000000000079
S315010020600000000000000000000000000000000069
S315010020700000000000000000000000000000000059
S315010020800000000000000000000000000000000049
S315010020900000000000000000000000000000000039
S315010020A00000000000000000000000000000000029
S315010020B00000000000000000000000000000000019
S315010020C00000000000000000000000000000000009
S315010020D000000000000000000000000000000000F9
S315010020E000000000000000000000000000000000E9
S315010020F000000000000000000000000000000000D9
S3150100210000000000000000000000000000000000C8
S3150100211000000000000000000000000000000000B8
S3150100212000000000000000000000000000000000A8
S315010021300000000000000000000000000000000098
S315010021400000000000000000000000000000000088
S315010021500000000000000000000000000000000078
S315010021600000000000000000000000000000000068
S315010021700000000000000000000000000000000058
S315010021800000000000000000000000000000000048
S315010021900000000000000000000000000000000038
S315010021A00000000000000000000000000000000028
S315010021B00000000000000000000000000000000018
S315010021C00000000000000000000000000000000008
S315010021D000000000000000000000000000000000F8
S315010021E000000000000000000000000000000000E8
S315010021F000000000000000000000000000000000D8
S3150100220000000000000000000000000000000000C7
S3150100221000000000000000000000000000000000B7
S3150100222000000000000000000000000000000000A7
S315010022300000000000000000000000000000000097
S315010022400000000000000000000000000000000087
S315010022500000000000000000000000000000000077
S315010022600000000000000000000000000000000067
S315010022700000000000000000000000000000000057
S315010022800000000000000000000000000000000047
S315010022900000000000000000000000000000000037
S315010022A00000000000000000000000000000000027
S315010022B00000000000000000000000000000000017
S315010022C00000000000000000000000000000000007
S315010022D000000000000000000000000000000000F7
S315010022E000000000000000000000000000000000E7
S315010022F000000000000000000000000000000000D7
S3150100230000000000000000000000000000000000C6
S3150100231000000000000000000000000000000000B6
S3150100232000000000000000000000000000000000A6
S315010023300000000000000000000000000000000096
S315010023400000000000000000000000000000000086
S315010023500000000000000000000000000000000076
S315010023600000000000000000000000000000000066
S315010023700000000000000000000000000000000056
S315010023800000000000000000000000000000000046
S315010023900000000000000000000000000000000036
S315010023A00000000000000000000000000000000026
S315010023B00000000000000000000000000000000016
S315010023C00000000000000000000000000000000006
S315010023D000000000000000000000000000000000F6
S315010023E000000000000000000000000000000000E6
S315010023F000000000000000000000000000000000D6
S3150100240000000000000000000000000000000000C5
S3150100241000000000000000000000000000000000B5
S3150100242000000000000000000000000000000000A5
S315010024300000000000000000000000000000000095
S315010024400000000000000000000000000000000085
S315010024500000000000000000000000000000000075
S315010024600000000000000000000000000000000065
S315010024700000000000000000000000000000000055
S315010024800000000000000000000000000000000045
S315010024900000000000000000000000000000000035
S315010024A00000000000000000000000000000000025
S315010024B00000000000000000000000000000000015
S315010024C00000000000000000000000000000000005
S315010024D000000000000000000000000000000000F5
S315010024E000000000000000000000000000000000E5
S315010024F000000000000000000000000000000000D5
S3150100250000000000000000000000000000000000C4
S3150100251000000000000000000000000000000000B4
S3150100252000000000000000000000000000000000A4
S315010025300000000000000000000000000000000094
S315010025400000000000000000000000000000000084
S315010025500000000000000000000000000000000074
S315010025600000000000000000000000000000000064
S315010025700000000000000000000000000000000054
S315010025800000000000000000000000000000000044
S315010025900000000000000000000000000000000034
S315010025A00000000000000000000000000000000024
S315010025B00000000000000000000000000000000014
S315010025C00000000000000000000000000000000004
S315010025D000000000000000000000000000000000F4
S315010025E000000000000000000000000000000000E4
S315010025F000000000000000000000000000000000D4
S3150100260000000000000000000000000000000000C3
S3150100261000000000000000000000000000000000B3
S3150100262000000000000000000000000000000000A3
S315010026300000000000000000000000000000000093
S315010026400000000000000000000000000000000083
S315010026500000000000000000000000000000000073
S315010026600000000000000000000000000000000063
S315010026700000000000000000000000000000000053
S315010026800000000000000000000000000000000043
S315010026900000000000000000000000000000000033
S315010026A00000000000000000000000000000000023
S315010026B00000000000000000000000000000000013
S315010026C00000000000000000000000000000000003
S315010026D000000000000000000000000000000000F3
S315010026E000000000000000000000000000000000E3
S315010026F000000000000000000000000000000000D3
S3150100270000000000000000000000000000000000C2
S3150100271000000000000000000000000000000000B2
S3150100272000000000000000000000000000000000A2
S315010027300000000000000000000000000000000092
S315010027400000000000000000000000000000000082
S315010027500000000000000000000000000000000072
S315010027600000000000000000000000000000000062
S315010027700000000000000000000000000000000052
S315010027800000000000000000000000000000000042
S315010027900000000000000000000000000000000032
S315010027A00000000000000000000000000000000022
S315010027B00000000000000000000000000000000012
S315010027C00000000000000000000000000000000002
S315010027D000000000000000000000000000000000F2
S315010027E000000000000000000000000000000000E2
S315010027F000000000000000000000000000000000D2
S3150100280000000000000000000000000000000000C1
S3150100281000000000000000000000000000000000B1
S3150100282000000000000000000000000000000000A1
S315010028300000000000000000000000000000000091
S315010028400000000000000000000000000000000081
S315010028500000000000000000000000000000000071
S315010028600000000000000000000000000000000061
S315010028700000000000000000000000000000000051
S315010028800000000000000000000000000000000041
S315010028900000000000000000000000000000000031
S315010028A00000000000000000000000000000000021
S315010028B00000000000000000000000000000000011
S315010028C00000000000000000000000000000000001
S315010028D000000000000000000000000000000000F1
S315010028E000000000000000000000000000000000E1
S315010028F000000000000000000000000000000000D1
S3150100290000000000000000000000000000000000C0
S3150100291000000000000000000000000000000000B0
S3150100292000000000000000000000000000000000A0
S315010029300000000000000000000000000000000090
S315010029400000000000000000000000000000000080
S315010029500000000000000000000000000000000070
S315010029600000000000000000000000000000000060
S315010029700000000000000000000000000000000050
S315010029800000000000000000000000000000000040
S315010029900000000000000000000000000000000030
S315010029A00000000000000000000000000000000020
S315010029B00000000000000000000000000000000010
S315010029C00000000000000000000000000000000000
S315010029D000000000000000000000000000000000F0
S315010029E000000000000000000000000000000000E0
S315010029F000000000000000000000000000000000D0
S31501002A0000000000000000000000000000000000BF
S31501002A1000000000000000000000000000000000AF
S31501002A20000000000000000000000000000000009F
S31501002A30000000000000000000000000000000008F
S31501002A40000000000000000000000000000000007F
S31501002A50000000000000000000000000000000006F
S31501002A60000000000000000000000000000000005F
S31501002A70000000000000000000000000000000004F
S31501002A80000000000000000000000000000000003F
S31501002A90000000000000000000000000000000002F
S31501002AA0000000000000000000000000000000001F
S31501002AB0000000000000000000000000000000000F
S31501002AC000000000000000000000000000000000FF
S31501002AD000000000000000000000000000000000EF
S31501002AE000000000000000000000000000000000DF
S31501002AF000000000000000000000000000000000CF
S31501002B0000000000000000000000000000000000BE
S31501002B1000000000000000000000000000000000AE
S31501002B20000000000000000000000000000000009E
S31501002B30000000000000000000000000000000008E
S31501002B40000000000000000000000000000000007E
S31501002B50000000000000000000000000000000006E
S31501002B60000000000000000000000000000000005E
S31501002B70000000000000000000000000000000004E
S31501002B80000000000000000000000000000000003E
S31501002B90000000000000000000000000000000002E
S31501002BA0000000000000000000000000000000001E
S31501002BB0000000000000000000000000000000000E
S31501002BC000000000000000000000000000000000FE
S31501002BD000000000000000000000000000000000EE
S31501002BE000000000000000000000000000000000DE
S31501002BF000000000000000000000000000000000CE
S31501002C0000000000000000000000000000000000BD
S31501002C1000000000000000000000000000000000AD
S31501002C20000000000000000000000000000000009D
S31501002C30000000000000000000000000000000008D
S31501002C40000000000000000000000000000000007D
S31501002C50000000000000000000000000000000006D
S31501002C60000000000000000000000000000000005D
S31501002C70000000000000000000000000000000004D
S31501002C80000000000000000000000000000000003D
S31501002C90000000000000000000000000000000002D
S31501002CA0000000000000000000000000000000001D
S31501002CB0000000000000000000000000000000000D
S31501002CC000000000000000000000000000000000FD
S31501002CD000000000000000000000000000000000ED
S31501002CE000000000000000000000000000000000DD
S31501002CF000000000000000000000000000000000CD
S31501002D0000000000000000000000000000000000BC
S31501002D1000000000000000000000000000000000AC
S31501002D20000000000000000000000000000000009C
S31501002D30000000000000000000000000000000008C
S31501002D40000000000000000000000000000000007C
S31501002D50000000000000000000000000000000006C
S31501002D60000000000000000000000000000000005C
S31501002D70000000000000000000000000000000004C
S31501002D80000000000000000000000000000000003C
S31501002D90000000000000000000000000000000002C
S31501002DA0000000000000000000000000000000001C
S31501002DB0000000000000000000000000000000000C
S31501002DC000000000000000000000000000000000FC
S31501002DD000000000000000000000000000000000EC
S31501002DE000000000000000000000000000000000DC
S31501002DF000000000000000000000000000000000CC
S31501002E0000000000000000000000000000000000BB
S31501002E1000000000000000000000000000000000AB
S31501002E20000000000000000000000000000000009B
S31501002E30000000000000000000000000000000008B
S31501002E40000000000000000000000000000000007B
S31501002E50000000000000000000000000000000006B
S31501002E60000000000000000000000000000000005B
S31501002E70000000000000000000000000000000004B
S31501002E80000000000000000000000000000000003B
S31501002E90000000000000000000000000000000002B
S31501002EA0000000000000000000000000000000001B
S31501002EB0000000000000000000000000000000000B
S31501002EC000000000000000000000000000000000FB
S31501002ED000000000000000000000000000000000EB
S31501002EE000000000000000000000000000000000DB
S31501002EF000000000000000000000000000000000CB
S31501002F0000000000000000000000000000000000BA
S31501002F1000000000000000000000000000000000AA
S31501002F20000000000000000000000000000000009A
S31501002F30000000000000000000000000000000008A
S31501002F40000000000000000000000000000000007A
S31501002F50000000000000000000000000000000006A
S31501002F60000000000000000000000000000000005A
S31501002F70000000000000000000000000000000004A
S31501002F80000000000000000000000000000000003A
S31501002F90000000000000000000000000000000002A
S31501002FA0000000000000000000000000000000001A
S31501002FB0000000000000000000000000000000000A
S31501002FC000000000000000000000000000000000FA
S31501002FD000000000000000000000000000000000EA
S31501002FE000000000000000000000000000000000DA
S31501002FF000000000000000000000000000000000CA
S3150100300000000000000000000000000000000000B9
S3150100301000000000000000000000000000000000A9
S315010030200000000000000000000000000000000099
S315010030300000000000000000000000000000000089
S315010030400000000000000000000000000000000079
S315010030500000000000000000000000000000000069
S315010030600000000000000000000000000000000059
S315010030700000000000000000000000000000000049
S315010030800000000000000000000000000000000039
S315010030900000000000000000000000000000000029
S315010030A00000000000000000000000000000000019
S315010030B00000000000000000000000000000000009
S315010030C000000000000000000000000000000000F9
S315010030D000000000000000000000000000000000E9
S315010030E000000000000000000000000000000000D9
S315010030F000000000000000000000000000000000C9
S3150100310000000000000000000000000000000000B8
S3150100311000000000000000000000000000000000A8
S315010031200000000000000000000000000000000098
S315010031300000000000000000000000000000000088
S315010031400000000000000000000000000000000078
S315010031500000000000000000000000000000000068
S315010031600000000000000000000000000000000058
S315010031700000000000000000000000000000000048
S315010031800000000000000000000000000000000038
S315010031900000000000000000000000000000000028
S315010031A00000000000000000000000000000000018
S315010031B00000000000000000000000000000000008
S315010031C000000000000000000000000000000000F8
S315010031D000000000000000000000000000000000E8
S315010031E000000000000000000000000000000000D8
S315010031F000000000000000000000000000000000C8
S3150100320000000000000000000000000000000000B7
S3150100321000000000000000000000000000000000A7
S315010032200000000000000000000000000000000097
S315010032300000000000000000000000000000000087
S315010032400000000000000000000000000000000077
S315010032500000000000000000000000000000000067
S315010032600000000000000000000000000000000057
S315010032700000000000000000000000000000000047
S315010032800000000000000000000000000000000037
S315010032900000000000000000000000000000000027
S315010032A00000000000000000000000000000000017
S315010032B00000000000000000000000000000000007
S315010032C000000000000000000000000000000000F7
S315010032D000000000000000000000000000000000E7
S315010032E000000000000000000000000000000000D7
S315010032F000000000000000000000000000000000C7
S3150100330000000000000000000000000000000000B6
S3150100331000000000000000000000000000000000A6
S315010033200000000000000000000000000000000096
S315010033300000000000000000000000000000000086
S315010033400000000000000000000000000000000076
S315010033500000000000000000000000000000000066
S315010033600000000000000000000000000000000056
S315010033700000000000000000000000000000000046
S315010033800000000000000000000000000000000036
S315010033900000000000000000000000000000000026
S315010033A00000000000000000000000000000000016
S315010033B00000000000000000000000000000000006
S315010033C000000000000000000000000000000000F6
S315010033D000000000000000000000000000000000E6
S315010033E000000000000000000000000000000000D6
S315010033F000000000000000000000000000000000C6
S3150100340000000000000000000000000000000000B5
S3150100341000000000000000000000000000000000A5
S315010034200000000000000000000000000000000095
S315010034300000000000000000000000000000000085
S315010034400000000000000000000000000000000075
S315010034500000000000000000000000000000000065
S315010034600000000000000000000000000000000055
S315010034700000000000000000000000000000000045
S315010034800000000000000000000000000000000035
S315010034900000000000000000000000000000000025
S315010034A00000000000000000000000000000000015
S315010034B00000000000000000000000000000000005
S315010034C000000000000000000000000000000000F5
S315010034D000000000000000000000000000000000E5
S315010034E000000000000000000000000000000000D5
S315010034F000000000000000000000000000000000C5
S3150100350000000000000000000000000000000000B4
S3150100351000000000000000000000000000000000A4
S315010035200000000000000000000000000000000094
S315010035300000000000000000000000000000000084
S315010035400000000000000000000000000000000074
S315010035500000000000000000000000000000000064
S315010035600000000000000000000000000000000054
S315010035700000000000000000000000000000000044
S315010035800000000000000000000000000000000034
S315010035900000000000000000000000000000000024
S315010035A00000000000000000000000000000000014
S315010035B00000000000000000000000000000000004
S315010035C000000000000000000000000000000000F4
S315010035D000000000000000000000000000000000E4
S315010035E000000000000000000000000000000000D4
S315010035F000000000000000000000000000000000C4
S3150100360000000000000000000000000000000000B3
S3150100361000000000000000000000000000000000A3
S315010036200000000000000000000000000000000093
S315010036300000000000000000000000000000000083
S315010036400000000000000000000000000000000073
S315010036500000000000000000000000000000000063
S315010036600000000000000000000000000000000053
S315010036700000000000000000000000000000000043
S315010036800000000000000000000000000000000033
S315010036900000000000000000000000000000000023
S315010036A00000000000000000000000000000000013
S315010036B00000000000000000000000000000000003
S315010036C000000000000000000000000000000000F3
S315010036D000000000000000000000000000000000E3
S315010036E000000000000000000000000000000000D3
S315010036F000000000000000000000000000000000C3
S3150100370000000000000000000000000000000000B2
S3150100371000000000000000000000000000000000A2
S315010037200000000000000000000000000000000092
S315010037300000000000000000000000000000000082
S315010037400000000000000000000000000000000072
S315010037500000000000000000000000000000000062
S315010037600000000000000000000000000000000052
S315010037700000000000000000000000000000000042
S315010037800000000000000000000000000000000032
S315010037900000000000000000000000000000000022
S315010037A00000000000000000000000000000000012
S315010037B00000000000000000000000000000000002
S315010037C000000000000000000000000000000000F2
S315010037D000000000000000000000000000000000E2
S315010037E000000000000000000000000000000000D2
S315010037F000000000000000000000000000000000C2
S3150100380000000000000000000000000000000000B1
S3150100381000000000000000000000000000000000A1
S315010038200000000000000000000000000000000091
S315010038300000000000000000000000000000000081
S315010038400000000000000000000000000000000071
S315010038500000000000000000000000000000000061
S315010038600000000000000000000000000000000051
S315010038700000000000000000000000000000000041
S315010038800000000000000000000000000000000031
S315010038900000000000000000000000000000000021
S315010038A00000000000000000000000000000000011
S315010038B00000000000000000000000000000000001
S315010038C000000000000000000000000000000000F1
S315010038D000000000000000000000000000000000E1
S315010038E000000000000000000000000000000000D1
S315010038F000000000000000000000000000000000C1
S3150100390000000000000000000000000000000000B0
S3150100391000000000000000000000000000000000A0
S315010039200000000000000000000000000000000090
S315010039300000000000000000000000000000000080
S315010039400000000000000000000000000000000070
S315010039500000000000000000000000000000000060
S315010039600000000000000000000000000000000050
S315010039700000000000000000000000000000000040
S315010039800000000000000000000000000000000030
S315010039900000000000000000000000000000000020
S315010039A00000000000000000000000000000000010
S315010039B00000000000000000000000000000000000
S315010039C000000000000000000000000000000000F0
S315010039D000000000000000000000000000000000E0
S315010039E000000000000000000000000000000000D0
S315010039F000000000000000000000000000000000C0
S31501003A0000000000000000000000000000000000AF
S31501003A10000000000000000000000000000000009F
S31501003A20000000000000000000000000000000008F
S31501003A30000000000000000000000000000000007F
S31501003A40000000000000000000000000000000006F
S31501003A50000000000000000000000000000000005F
S31501003A60000000000000000000000000000000004F
S31501003A70000000000000000000000000000000003F
S31501003A80000000000000000000000000000000002F
S31501003A90000000000000000000000000000000001F
S31501003AA0000000000000000000000000000000000F
S31501003AB000000000000000000000000000000000FF
S31501003AC000000000000000000000000000000000EF
S31501003AD000000000000000000000000000000000DF
S31501003AE000000000000000000000000000000000CF
S31501003AF000000000000000000000000000000000BF
S31501003B0000000000000000000000000000000000AE
S31501003B10000000000000000000000000000000009E
S31501003B20000000000000000000000000000000008E
S31501003B30000000000000000000000000000000007E
S31501003B40000000000000000000000000000000006E
S31501003B50000000000000000000000000000000005E
S31501003B60000000000000000000000000000000004E
S31501003B70000000000000000000000000000000003E
S31501003B80000000000000000000000000000000002E
S31501003B90000000000000000000000000000000001E
S31501003BA0000000000000000000000000000000000E
S31501003BB000000000000000000000000000000000FE
S31501003BC000000000000000000000000000000000EE
S31501003BD000000000000000000000000000000000DE
S31501003BE000000000000000000000000000000000CE
S31501003BF000000000000000000000000000000000BE
S31501003C0000000000000000000000000000000000AD
S31501003C10000000000000000000000000000000009D
S31501003C20000000000000000000000000000000008D
S31501003C30000000000000000000000000000000007D
S31501003C40000000000000000000000000000000006D
S31501003C50000000000000000000000000000000005D
S31501003C60000000000000000000000000000000004D
S31501003C70000000000000000000000000000000003D
S31501003C80000000000000000000000000000000002D
S31501003C90000000000000000000000000000000001D
S31501003CA0000000000000000000000000000000000D
S31501003CB000000000000000000000000000000000FD
S31501003CC000000000000000000000000000000000ED
S31501003CD000000000000000000000000000000000DD
S31501003CE000000000000000000000000000000000CD
S31501003CF000000000000000000000000000000000BD
S31501003D0000000000000000000000000000000000AC
S31501003D10000000000000000000000000000000009C
S31501003D20000000000000000000000000000000008C
S31501003D30000000000000000000000000000000007C
S31501003D40000000000000000000000000000000006C
S31501003D50000000000000000000000000000000005C
S31501003D60000000000000000000000000000000004C
S31501003D70000000000000000000000000000000003C
S31501003D80000000000000000000000000000000002C
S31501003D90000000000000000000000000000000001C
S31501003DA0000000000000000000000000000000000C
S31501003DB000000000000000000000000000000000FC
S31501003DC000000000000000000000000000000000EC
S31501003DD000000000000000000000000000000000DC
S31501003DE000000000000000000000000000000000CC
S31501003DF000000000000000000000000000000000BC
S31501003E0000000000000000000000000000000000AB
S31501003E10000000000000000000000000000000009B
S31501003E20000000000000000000000000000000008B
S31501003E30000000000000000000000000000000007B
S31501003E40000000000000000000000000000000006B
S31501003E50000000000000000000000000000000005B
S31501003E60000000000000000000000000000000004B
S31501003E70000000000000000000000000000000003B
S31501003E80000000000000000000000000000000002B
S31501003E90000000000000000000000000000000001B
S31501003EA0000000000000000000000000000000000B
S31501003EB000000000000000000000000000000000FB
S31501003EC000000000000000000000000000000000EB
S31501003ED000000000000000000000000000000000DB
S31501003EE000000000000000000000000000000000CB
S31501003EF000000000000000000000000000000000BB
S31501003F0000000000000000000000000000000000AA
S31501003F10000000000000000000000000000000009A
S31501003F20000000000000000000000000000000008A
S31501003F30000000000000000000000000000000007A
S31501003F40000000000000000000000000000000006A
S31501003F50000000000000000000000000000000005A
S31501003F60000000000000000000000000000000004A
S31501003F70000000000000000000000000000000003A
S31501003F80000000000000000000000000000000002A
S31501003F90000000000000000000000000000000001A
S31501003FA0000000000000000000000000000000000A
S31501003FB000000000000000000000000000000000FA
S31501003FC000000000000000000000000000000000EA
S31501003FD000000000000000000000000000000000DA
S31501003FE000000000000000000000000000000000CA
S31501003FF000000000000000000000000000000000BA
S3150100400000000000000000000000000000000000A9
S315010040100000000000000000000000000000000099
S315010040200000000000000000000000000000000089
S315010040300000000000000000000000000000000079
S315010040400000000000000000000000000000000069
S315010040500000000000000000000000000000000059
S315010040600000000000000000000000000000000049
S315010040700000000000000000000000000000000039
S315010040800000000000000000000000000000000029
S315010040900000000000000000000000000000000019
S315010040A00000000000000000000000000000000009
S315010040B000000000000000000000000000000000F9
S315010040C000000000000000000000000000000000E9
S315010040D000000000000000000000000000000000D9
S315010040E000000000000000000000000000000000C9
S315010040F000000000000000000000000000000000B9
S3150100410000000000000000000000000000000000A8
S315010041100000000000000000000000000000000098
S315010041200000000000000000000000000000000088
S315010041300000000000000000000000000000000078
S315010041400000000000000000000000000000000068
S315010041500000000000000000000000000000000058
S315010041600000000000000000000000000000000048
S315010041700000000000000000000000000000000038
S315010041800000000000000000000000000000000028
S315010041900000000000000000000000000000000018
S315010041A00000000000000000000000000000000008
S315010041B000000000000000000000000000000000F8
S315010041C000000000000000000000000000000000E8
S315010041D000000000000000000000000000000000D8
S315010041E000000000000000000000000000000000C8
S315010041F000000000000000000000000000000000B8
S3150100420000000000000000000000000000000000A7
S315010042100000000000000000000000000000000097
S315010042200000000000000000000000000000000087
S315010042300000000000000000000000000000000077
S315010042400000000000000000000000000000000067
S315010042500000000000000000000000000000000057
S315010042600000000000000000000000000000000047
S315010042700000000000000000000000000000000037
S315010042800000000000000000000000000000000027
S315010042900000000000000000000000000000000017
S315010042A00000000000000000000000000000000007
S315010042B000000000000000000000000000000000F7
S315010042C000000000000000000000000000000000E7
S315010042D000000000000000000000000000000000D7
S315010042E000000000000000000000000000000000C7
S315010042F000000000000000000000000000000000B7
S3150100430000000000000000000000000000000000A6
S315010043100000000000000000000000000000000096
S315010043200000000000000000000000000000000086
S315010043300000000000000000000000000000000076
S315010043400000000000000000000000000000000066
S315010043500000000000000000000000000000000056
S315010043600000000000000000000000000000000046
S315010043700000000000000000000000000000000036
S315010043800000000000000000000000000000000026
S315010043900000000000000000000000000000000016
S315010043A00000000000000000000000000000000006
S315010043B000000000000000000000000000000000F6
S315010043C000000000000000000000000000000000E6
S315010043D000000000000000000000000000000000D6
S315010043E000000000000000000000000000000000C6
S315010043F000000000000000000000000000000000B6
S3150100440000000000000000000000000000000000A5
S315010044100000000000000000000000000000000095
S315010044200000000000000000000000000000000085
S315010044300000000000000000000000000000000075
S315010044400000000000000000000000000000000065
S315010044500000000000000000000000000000000055
S315010044600000000000000000000000000000000045
S315010044700000000000000000000000000000000035
S315010044800000000000000000000000000000000025
S315010044900000000000000000000000000000000015
S315010044A00000000000000000000000000000000005
S315010044B000000000000000000000000000000000F5
S315010044C000000000000000000000000000000000E5
S315010044D000000000000000000000000000000000D5
S315010044E000000000000000000000000000000000C5
S315010044F000000000000000000000000000000000B5
S3150100450000000000000000000000000000000000A4
S315010045100000000000000000000000000000000094
S315010045200000000000000000000000000000000084
S315010045300000000000000000000000000000000074
S315010045400000000000000000000000000000000064
S315010045500000000000000000000000000000000054
S315010045600000000000000000000000000000000044
S315010045700000000000000000000000000000000034
S315010045800000000000000000000000000000000024
S315010045900000000000000000000000000000000014
S315010045A00000000000000000000000000000000004
S315010045B000000000000000000000000000000000F4
S315010045C000000000000000000000000000000000E4
S315010045D000000000000000000000000000000000D4
S315010045E000000000000000000000000000000000C4
S315010045F000000000000000000000000000000000B4
S3150100460000000000000000000000000000000000A3
S315010046100000000000000000000000000000000093
S315010046200000000000000000000000000000000083
S315010046300000000000000000000000000000000073
S315010046400000000000000000000000000000000063
S315010046500000000000000000000000000000000053
S315010046600000000000000000000000000000000043
S315010046700000000000000000000000000000000033
S315010046800000000000000000000000000000000023
S315010046900000000000000000000000000000000013
S315010046A00000000000000000000000000000000003
S315010046B000000000000000000000000000000000F3
S315010046C000000000000000000000000000000000E3
S315010046D000000000000000000000000000000000D3
S315010046E000000000000000000000000000000000C3
S315010046F000000000000000000000000000000000B3
S3150100470000000000000000000000000000000000A2
S315010047100000000000000000000000000000000092
S315010047200000000000000000000000000000000082
S315010047300000000000000000000000000000000072
S315010047400000000000000000000000000000000062
S315010047500000000000000000000000000000000052
S315010047600000000000000000000000000000000042
S315010047700000000000000000000000000000000032
S315010047800000000000000000000000000000000022
S315010047900000000000000000000000000000000012
S315010047A00000000000000000000000000000000002
S315010047B000000000000000000000000000000000F2
S315010047C000000000000000000000000000000000E2
S315010047D000000000000000000000000000000000D2
S315010047E000000000000000000000000000000000C2
S315010047F000000000000000000000000000000000B2
S3150100480000000000000000000000000000000000A1
S315010048100000000000000000000000000000000091
S315010048200000000000000000000000000000000081
S315010048300000000000000000000000000000000071
S315010048400000000000000000000000000000000061
S315010048500000000000000000000000000000000051
S315010048600000000000000000000000000000000041
S315010048700000000000000000000000000000000031
S315010048800000000000000000000000000000000021
S315010048900000000000000000000000000000000011
S315010048A00000000000000000000000000000000001
S315010048B000000000000000000000000000000000F1
S315010048C000000000000000000000000000000000E1
S315010048D000000000000000000000000000000000D1
S315010048E000000000000000000000000000000000C1
S315010048F000000000000000000000000000000000B1
S3150100490000000000000000000000000000000000A0
S315010049100000000000000000000000000000000090
S315010049200000000000000000000000000000000080
S315010049300000000000000000000000000000000070
S315010049400000000000000000000000000000000060
S315010049500000000000000000000000000000000050
S315010049600000000000000000000000000000000040
S315010049700000000000000000000000000000000030
S315010049800000000000000000000000000000000020
S315010049900000000000000000000000000000000010
S315010049A00000000000000000000000000000000000
S315010049B000000000000000000000000000000000F0
S315010049C000000000000000000000000000000000E0
S315010049D000000000000000000000000000000000D0
S315010049E000000000000000000000000000000000C0
S315010049F000000000000000000000000000000000B0
S31501004A00000000000000000000000000000000009F
S31501004A10000000000000000000000000000000008F
S31501004A20000000000000000000000000000000007F
S31501004A30000000000000000000000000000000006F
S31501004A40000000000000000000000000000000005F
S31501004A50000000000000000000000000000000004F
S31501004A60000000000000000000000000000000003F
S31501004A70000000000000000000000000000000002F
S31501004A80000000000000000000000000000000001F
S31501004A90000000000000000000000000000000000F
S31501004AA000000000000000000000000000000000FF
S31501004AB000000000000000000000000000000000EF
S31501004AC000000000000000000000000000000000DF
S31501004AD000000000000000000000000000000000CF
S31501004AE000000000000000000000000000000000BF
S31501004AF000000000000000000000000000000000AF
S31501004B00000000000000000000000000000000009E
S31501004B10000000000000000000000000000000008E
S31501004B20000000000000000000000000000000007E
S31501004B30000000000000000000000000000000006E
S31501004B40000000000000000000000000000000005E
S31501004B50000000000000000000000000000000004E
S31501004B60000000000000000000000000000000003E
S31501004B70000000000000000000000000000000002E
S31501004B80000000000000000000000000000000001E
S31501004B90000000000000000000000000000000000E
S31501004BA000000000000000000000000000000000FE
S31501004BB000000000000000000000000000000000EE
S31501004BC000000000000000000000000000000000DE
S31501004BD000000000000000000000000000000000CE
S31501004BE000000000000000000000000000000000BE
S31501004BF000000000000000000000000000000000AE
S31501004C00000000000000000000000000000000009D
S31501004C10000000000000000000000000000000008D
S31501004C20000000000000000000000000000000007D
S31501004C30000000000000000000000000000000006D
S31501004C40000000000000000000000000000000005D
S31501004C50000000000000000000000000000000004D
S31501004C60000000000000000000000000000000003D
S31501004C70000000000000000000000000000000002D
S31501004C80000000000000000000000000000000001D
S31501004C90000000000000000000000000000000000D
S31501004CA000000000000000000000000000000000FD
S31501004CB000000000000000000000000000000000ED
S31501004CC000000000000000000000000000000000DD
S31501004CD000000000000000000000000000000000CD
S31501004CE000000000000000000000000000000000BD
S31501004CF000000000000000000000000000000000AD
S31501004D00000000000000000000000000000000009C
S31501004D10000000000000000000000000000000008C
S31501004D20000000000000000000000000000000007C
S31501004D30000000000000000000000000000000006C
S31501004D40000000000000000000000000000000005C
S31501004D50000000000000000000000000000000004C
S31501004D60000000000000000000000000000000003C
S31501004D70000000000000000000000000000000002C
S31501004D80000000000000000000000000000000001C
S31501004D90000000000000000000000000000000000C
S31501004DA000000000000000000000000000000000FC
S31501004DB000000000000000000000000000000000EC
S31501004DC000000000000000000000000000000000DC
S31501004DD000000000000000000000000000000000CC
S31501004DE000000000000000000000000000000000BC
S31501004DF000000000000000000000000000000000AC
S31501004E00000000000000000000000000000000009B
S31501004E10000000000000000000000000000000008B
S31501004E20000000000000000000000000000000007B
S31501004E30000000000000000000000000000000006B
S31501004E40000000000000000000000000000000005B
S31501004E50000000000000000000000000000000004B
S31501004E60000000000000000000000000000000003B
S31501004E70000000000000000000000000000000002B
S31501004E80000000000000000000000000000000001B
S31501004E90000000000000000000000000000000000B
S31501004EA000000000000000000000000000000000FB
S31501004EB000000000000000000000000000000000EB
S31501004EC000000000000000000000000000000000DB
S31501004ED000000000000000000000000000000000CB
S31501004EE000000000000000000000000000000000BB
S31501004EF000000000000000000000000000000000AB
S31501004F00000000000000000000000000000000009A
S31501004F10000000000000000000000000000000008A
S31501004F20000000000000000000000000000000007A
S31501004F30000000000000000000000000000000006A
S31501004F40000000000000000000000000000000005A
S31501004F50000000000000000000000000000000004A
S31501004F60000000000000000000000000000000003A
S31501004F70000000000000000000000000000000002A
S31501004F80000000000000000000000000000000001A
S31501004F90000000000000000000000000000000000A
S31501004FA000000000000000000000000000000000FA
S31501004FB000000000000000000000000000000000EA
S31501004FC000000000000000000000000000000000DA
S31501004FD000000000000000000000000000000000CA
S31501004FE000000000000000000000000000000000BA
S31501004FF000000000000000000000000000000000AA
S315010050000000000000000000000000000000000099
S315010050100000000000000000000000000000000089
S315010050200000000000000000000000000000000079
S315010050300000000000000000000000000000000069
S315010050400000000000000000000000000000000059
S315010050500000000000000000000000000000000049
S315010050600000000000000000000000000000000039
S315010050700000000000000000000000000000000029
S315010050800000000000000000000000000000000019
S315010050900000000000000000000000000000000009
S315010050A000000000000000000000000000000000F9
S315010050B000000000000000000000000000000000E9
S315010050C000000000000000000000000000000000D9
S315010050D000000000000000000000000000000000C9
S315010050E000000000000000000000000000000000B9
S315010050F000000000000000000000000000000000A9
S315010051000000000000000000000000000000000098
S315010051100000000000000000000000000000000088
S315010051200000000000000000000000000000000078
S315010051300000000000000000000000000000000068
S315010051400000000000000000000000000000000058
S315010051500000000000000000000000000000000048
S315010051600000000000000000000000000000000038
S315010051700000000000000000000000000000000028
S315010051800000000000000000000000000000000018
S315010051900000000000000000000000000000000008
S315010051A000000000000000000000000000000000F8
S315010051B000000000000000000000000000000000E8
S315010051C000000000000000000000000000000000D8
S315010051D000000000000000000000000000000000C8
S315010051E000000000000000000000000000000000B8
S315010051F000000000000000000000000000000000A8
S315010052000000000000000000000000000000000097
S315010052100000000000000000000000000000000087
S315010052200000000000000000000000000000000077
S315010052300000000000000000000000000000000067
S315010052400000000000000000000000000000000057
S315010052500000000000000000000000000000000047
S315010052600000000000000000000000000000000037
S315010052700000000000000000000000000000000027
S315010052800000000000000000000000000000000017
S315010052900000000000000000000000000000000007
S315010052A000000000000000000000000000000000F7
S315010052B000000000000000000000000000000000E7
S315010052C000000000000000000000000000000000D7
S315010052D000000000000000000000000000000000C7
S315010052E000000000000000000000000000000000B7
S315010052F000000000000000000000000000000000A7
S315010053000000000000000000000000000000000096
S315010053100000000000000000000000000000000086
S315010053200000000000000000000000000000000076
S315010053300000000000000000000000000000000066
S315010053400000000000000000000000000000000056
S315010053500000000000000000000000000000000046
S315010053600000000000000000000000000000000036
S315010053700000000000000000000000000000000026
S315010053800000000000000000000000000000000016
S315010053900000000000000000000000000000000006
S315010053A000000000000000000000000000000000F6
S315010053B000000000000000000000000000000000E6
S315010053C000000000000000000000000000000000D6
S315010053D000000000000000000000000000000000C6
S315010053E000000000000000000000000000000000B6
S315010053F000000000000000000000000000000000A6
S315010054000000000000000000000000000000000095
S315010054100000000000000000000000000000000085
S315010054200000000000000000000000000000000075
S315010054300000000000000000000000000000000065
S315010054400000000000000000000000000000000055
S315010054500000000000000000000000000000000045
S315010054600000000000000000000000000000000035
S315010054700000000000000000000000000000000025
S315010054800000000000000000000000000000000015
S315010054900000000000000000000000000000000005
S315010054A000000000000000000000000000000000F5
S315010054B000000000000000000000000000000000E5
S315010054C000000000000000000000000000000000D5
S315010054D000000000000000000000000000000000C5
S315010054E000000000000000000000000000000000B5
S315010054F000000000000000000000000000000000A5
S315010055000000000000000000000000000000000094
S315010055100000000000000000000000000000000084
S315010055200000000000000000000000000000000074
S315010055300000000000000000000000000000000064
S315010055400000000000000000000000000000000054
S315010055500000000000000000000000000000000044
S315010055600000000000000000000000000000000034
S315010055700000000000000000000000000000000024
S315010055800000000000000000000000000000000014
S315010055900000000000000000000000000000000004
S315010055A000000000000000000000000000000000F4
S315010055B000000000000000000000000000000000E4
S315010055C000000000000000000000000000000000D4
S315010055D000000000000000000000000000000000C4
S315010055E000000000000000000000000000000000B4
S315010055F000000000000000000000000000000000A4
S315010056000000000000000000000000000000000093
S315010056100000000000000000000000000000000083
S315010056200000000000000000000000000000000073
S315010056300000000000000000000000000000000063
S315010056400000000000000000000000000000000053
S315010056500000000000000000000000000000000043
S315010056600000000000000000000000000000000033
S315010056700000000000000000000000000000000023
S315010056800000000000000000000000000000000013
S315010056900000000000000000000000000000000003
S315010056A000000000000000000000000000000000F3
S315010056B000000000000000000000000000000000E3
S315010056C000000000000000000000000000000000D3
S315010056D000000000000000000000000000000000C3
S315010056E000000000000000000000000000000000B3
S315010056F000000000000000000000000000000000A3
S315010057000000000000000000000000000000000092
S315010057100000000000000000000000000000000082
S315010057200000000000000000000000000000000072
S315010057300000000000000000000000000000000062
S315010057400000000000000000000000000000000052
S315010057500000000000000000000000000000000042
S315010057600000000000000000000000000000000032
S315010057700000000000000000000000000000000022
S315010057800000000000000000000000000000000012
S315010057900000000000000000000000000000000002
S315010057A000000000000000000000000000000000F2
S315010057B000000000000000000000000000000000E2
S315010057C000000000000000000000000000000000D2
S315010057D000000000000000000000000000000000C2
S315010057E000000000000000000000000000000000B2
S315010057F000000000000000000000000000000000A2
S315010058000000000000000000000000000000000091
S315010058100000000000000000000000000000000081
S315010058200000000000000000000000000000000071
S315010058300000000000000000000000000000000061
S315010058400000000000000000000000000000000051
S315010058500000000000000000000000000000000041
S315010058600000000000000000000000000000000031
S315010058700000000000000000000000000000000021
S315010058800000000000000000000000000000000011
S315010058900000000000000000000000000000000001
S315010058A000000000000000000000000000000000F1
S315010058B000000000000000000000000000000000E1
S315010058C000000000000000000000000000000000D1
S315010058D000000000000000000000000000000000C1
S315010058E000000000000000000000000000000000B1
S315010058F000000000000000000000000000000000A1
S315010059000000000000000000000000000000000090
S315010059100000000000000000000000000000000080
S315010059200000000000000000000000000000000070
S315010059300000000000000000000000000000000060
S315010059400000000000000000000000000000000050
S315010059500000000000000000000000000000000040
S315010059600000000000000000000000000000000030
S315010059700000000000000000000000000000000020
S315010059800000000000000000000000000000000010
S315010059900000000000000000000000000000000000
S315010059A000000000000000000000000000000000F0
S315010059B000000000000000000000000000000000E0
S315010059C000000000000000000000000000000000D0
S315010059D000000000000000000000000000000000C0
S315010059E000000000000000000000000000000000B0
S315010059F000000000000000000000000000000000A0
S31501005A00000000000000000000000000000000008F
S31501005A10000000000000000000000000000000007F
S31501005A20000000000000000000000000000000006F
S31501005A30000000000000000000000000000000005F
S31501005A40000000000000000000000000000000004F
S31501005A50000000000000000000000000000000003F
S31501005A60000000000000000000000000000000002F
S31501005A70000000000000000000000000000000001F
S31501005A80000000000000000000000000000000000F
S31501005A9000000000000000000000000000000000FF
S31501005AA000000000000000000000000000000000EF
S31501005AB000000000000000000000000000000000DF
S31501005AC000000000000000000000000000000000CF
S31501005AD000000000000000000000000000000000BF
S31501005AE000000000000000000000000000000000AF
S31501005AF0000000000000000000000000000000009F
S31501005B00000000000000000000000000000000008E
S31501005B10000000000000000000000000000000007E
S31501005B20000000000000000000000000000000006E
S31501005B30000000000000000000000000000000005E
S31501005B40000000000000000000000000000000004E
S31501005B50000000000000000000000000000000003E
S31501005B60000000000000000000000000000000002E
S31501005B70000000000000000000000000000000001E
S31501005B80000000000000000000000000000000000E
S31501005B9000000000000000000000000000000000FE
S31501005BA000000000000000000000000000000000EE
S31501005BB000000000000000000000000000000000DE
S31501005BC000000000000000000000000000000000CE
S31501005BD000000000000000000000000000000000BE
S31501005BE000000000000000000000000000000000AE
S31501005BF0000000000000000000000000000000009E
S31501005C00000000000000000000000000000000008D
S31501005C10000000000000000000000000000000007D
S31501005C20000000000000000000000000000000006D
S31501005C30000000000000000000000000000000005D
S31501005C40000000000000000000000000000000004D
S31501005C50000000000000000000000000000000003D
S31501005C60000000000000000000000000000000002D
S31501005C70000000000000000000000000000000001D
S31501005C80000000000000000000000000000000000D
S31501005C9000000000000000000000000000000000FD
S31501005CA000000000000000000000000000000000ED
S31501005CB000000000000000000000000000000000DD
S31501005CC000000000000000000000000000000000CD
S31501005CD000000000000000000000000000000000BD
S31501005CE000000000000000000000000000000000AD
S31501005CF0000000000000000000000000000000009D
S31501005D00000000000000000000000000000000008C
S31501005D10000000000000000000000000000000007C
S31501005D20000000000000000000000000000000006C
S31501005D30000000000000000000000000000000005C
S31501005D40000000000000000000000000000000004C
S31501005D50000000000000000000000000000000003C
S31501005D60000000000000000000000000000000002C
S31501005D70000000000000000000000000000000001C
S31501005D80000000000000000000000000000000000C
S31501005D9000000000000000000000000000000000FC
S31501005DA000000000000000000000000000000000EC
S31501005DB000000000000000000000000000000000DC
S31501005DC000000000000000000000000000000000CC
S31501005DD000000000000000000000000000000000BC
S31501005DE000000000000000000000000000000000AC
S31501005DF0000000000000000000000000000000009C
S31501005E00000000000000000000000000000000008B
S31501005E10000000000000000000000000000000007B
S31501005E20000000000000000000000000000000006B
S31501005E30000000000000000000000000000000005B
S31501005E40000000000000000000000000000000004B
S31501005E50000000000000000000000000000000003B
S31501005E60000000000000000000000000000000002B
S31501005E70000000000000000000000000000000001B
S31501005E80000000000000000000000000000000000B
S31501005E9000000000000000000000000000000000FB
S31501005EA000000000000000000000000000000000EB
S31501005EB000000000000000000000000000000000DB
S31501005EC000000000000000000000000000000000CB
S31501005ED000000000000000000000000000000000BB
S31501005EE000000000000000000000000000000000AB
S31501005EF0000000000000000000000000000000009B
S31501005F00000000000000000000000000000000008A
S31501005F10000000000000000000000000000000007A
S31501005F20000000000000000000000000000000006A
S31501005F30000000000000000000000000000000005A
S31501005F40000000000000000000000000000000004A
S31501005F50000000000000000000000000000000003A
S31501005F60000000000000000000000000000000002A
S31501005F70000000000000000000000000000000001A
S31501005F80000000000000000000000000000000000A
S31501005F9000000000000000000000000000000000FA
S31501005FA000000000000000000000000000000000EA
S31501005FB000000000000000000000000000000000DA
S31501005FC000000000000000000000000000000000CA
S31501005FD000000000000000000000000000000000BA
S31501005FE000000000000000000000000000000000AA
S31501005FF0000000000000000000000000000000009A
S315010060000000000000000000000000000000000089
S315010060100000000000000000000000000000000079
S315010060200000000000000000000000000000000069
S315010060300000000000000000000000000000000059
S315010060400000000000000000000000000000000049
S315010060500000000000000000000000000000000039
S315010060600000000000000000000000000000000029
S315010060700000000000000000000000000000000019
S315010060800000000000000000000000000000000009
S3150100609000000000000000000000000000000000F9
S315010060A000000000000000000000000000000000E9
S315010060B000000000000000000000000000000000D9
S315010060C000000000000000000000000000000000C9
S315010060D000000000000000000000000000000000B9
S315010060E000000000000000000000000000000000A9
S315010060F00000000000000000000000000000000099
S315010061000000000000000000000000000000000088
S315010061100000000000000000000000000000000078
S315010061200000000000000000000000000000000068
S315010061300000000000000000000000000000000058
S315010061400000000000000000000000000000000048
S315010061500000000000000000000000000000000038
S315010061600000000000000000000000000000000028
S315010061700000000000000000000000000000000018
S315010061800000000000000000000000000000000008
S3150100619000000000000000000000000000000000F8
S315010061A000000000000000000000000000000000E8
S315010061B000000000000000000000000000000000D8
S315010061C000000000000000000000000000000000C8
S315010061D000000000000000000000000000000000B8
S315010061E000000000000000000000000000000000A8
S315010061F00000000000000000000000000000000098
S315010062000000000000000000000000000000000087
S315010062100000000000000000000000000000000077
S315010062200000000000000000000000000000000067
S315010062300000000000000000000000000000000057
S315010062400000000000000000000000000000000047
S315010062500000000000000000000000000000000037
S315010062600000000000000000000000000000000027
S315010062700000000000000000000000000000000017
S315010062800000000000000000000000000000000007
S3150100629000000000000000000000000000000000F7
S315010062A000000000000000000000000000000000E7
S315010062B000000000000000000000000000000000D7
S315010062C000000000000000000000000000000000C7
S315010062D000000000000000000000000000000000B7
S315010062E000000000000000000000000000000000A7
S315010062F00000000000000000000000000000000097
S315010063000000000000000000000000000000000086
S315010063100000000000000000000000000000000076
S315010063200000000000000000000000000000000066
S315010063300000000000000000000000000000000056
S315010063400000000000000000000000000000000046
S315010063500000000000000000000000000000000036
S315010063600000000000000000000000000000000026
S315010063700000000000000000000000000000000016
S315010063800000000000000000000000000000000006
S3150100639000000000000000000000000000000000F6
S315010063A000000000000000000000000000000000E6
S315010063B000000000000000000000000000000000D6
S315010063C000000000000000000000000000000000C6
S315010063D000000000000000000000000000000000B6
S315010063E000000000000000000000000000000000A6
S315010063F00000000000000000000000000000000096
S315010064000000000000000000000000000000000085
S315010064100000000000000000000000000000000075
S315010064200000000000000000000000000000000065
S315010064300000000000000000000000000000000055
S315010064400000000000000000000000000000000045
S315010064500000000000000000000000000000000035
S315010064600000000000000000000000000000000025
S315010064700000000000000000000000000000000015
S315010064800000000000000000000000000000000005
S3150100649000000000000000000000000000000000F5
S315010064A000000000000000000000000000000000E5
S315010064B000000000000000000000000000000000D5
S315010064C000000000000000000000000000000000C5
S315010064D000000000000000000000000000000000B5
S315010064E000000000000000000000000000000000A5
S315010064F00000000000000000000000000000000095
S315010065000000000000000000000000000000000084
S315010065100000000000000000000000000000000074
S315010065200000000000000000000000000000000064
S315010065300000000000000000000000000000000054
S315010065400000000000000000000000000000000044
S315010065500000000000000000000000000000000034
S315010065600000000000000000000000000000000024
S315010065700000000000000000000000000000000014
S315010065800000000000000000000000000000000004
S3150100659000000000000000000000000000000000F4
S315010065A000000000000000000000000000000000E4
S315010065B000000000000000000000000000000000D4
S315010065C000000000000000000000000000000000C4
S315010065D000000000000000000000000000000000B4
S315010065E000000000000000000000000000000000A4
S315010065F00000000000000000000000000000000094
S315010066000000000000000000000000000000000083
S315010066100000000000000000000000000000000073
S315010066200000000000000000000000000000000063
S315010066300000000000000000000000000000000053
S315010066400000000000000000000000000000000043
S315010066500000000000000000000000000000000033
S315010066600000000000000000000000000000000023
S315010066700000000000000000000000000000000013
S315010066800000000000000000000000000000000003
S3150100669000000000000000000000000000000000F3
S315010066A000000000000000000000000000000000E3
S315010066B000000000000000000000000000000000D3
S315010066C000000000000000000000000000000000C3
S315010066D000000000000000000000000000000000B3
S315010066E000000000000000000000000000000000A3
S315010066F00000000000000000000000000000000093
S315010067000000000000000000000000000000000082
S315010067100000000000000000000000000000000072
S315010067200000000000000000000000000000000062
S315010067300000000000000000000000000000000052
S315010067400000000000000000000000000000000042
S315010067500000000000000000000000000000000032
S315010067600000000000000000000000000000000022
S315010067700000000000000000000000000000000012
S315010067800000000000000000000000000000000002
S3150100679000000000000000000000000000000000F2
S315010067A000000000000000000000000000000000E2
S315010067B000000000000000000000000000000000D2
S315010067C000000000000000000000000000000000C2
S315010067D000000000000000000000000000000000B2
S315010067E000000000000000000000000000000000A2
S315010067F00000000000000000000000000000000092
S315010068000000000000000000000000000000000081
S315010068100000000000000000000000000000000071
S315010068200000000000000000000000000000000061
S315010068300000000000000000000000000000000051
S315010068400000000000000000000000000000000041
S315010068500000000000000000000000000000000031
S315010068600000000000000000000000000000000021
S315010068700000000000000000000000000000000011
S315010068800000000000000000000000000000000001
S3150100689000000000000000000000000000000000F1
S315010068A000000000000000000000000000000000E1
S315010068B000000000000000000000000000000000D1
S315010068C000000000000000000000000000000000C1
S315010068D000000000000000000000000000000000B1
S315010068E000000000000000000000000000000000A1
S315010068F00000000000000000000000000000000091
S315010069000000000000000000000000000000000080
S315010069100000000000000000000000000000000070
S315010069200000000000000000000000000000000060
S315010069300000000000000000000000000000000050
S315010069400000000000000000000000000000000040
S315010069500000000000000000000000000000000030
S315010069600000000000000000000000000000000020
S315010069700000000000000000000000000000000010
S315010069800000000000000000000000000000000000
S3150100699000000000000000000000000000000000F0
S315010069A000000000000000000000000000000000E0
S315010069B000000000000000000000000000000000D0
S315010069C000000000000000000000000000000000C0
S315010069D000000000000000000000000000000000B0
S315010069E000000000000000000000000000000000A0
S315010069F00000000000000000000000000000000090
S31501006A00000000000000000000000000000000007F
S31501006A10000000000000000000000000000000006F
S31501006A20000000000000000000000000000000005F
S31501006A30000000000000000000000000000000004F
S31501006A40000000000000000000000000000000003F
S31501006A50000000000000000000000000000000002F
S31501006A60000000000000000000000000000000001F
S31501006A70000000000000000000000000000000000F
S31501006A8000000000000000000000000000000000FF
S31501006A9000000000000000000000000000000000EF
S31501006AA000000000000000000000000000000000DF
S31501006AB000000000000000000000000000000000CF
S31501006AC000000000000000000000000000000000BF
S31501006AD000000000000000000000000000000000AF
S31501006AE0000000000000000000000000000000009F
S31501006AF0000000000000000000000000000000008F
S31501006B00000000000000000000000000000000007E
S31501006B10000000000000000000000000000000006E
S31501006B20000000000000000000000000000000005E
S31501006B30000000000000000000000000000000004E
S31501006B40000000000000000000000000000000003E
S31501006B50000000000000000000000000000000002E
S31501006B60000000000000000000000000000000001E
S31501006B70000000000000000000000000000000000E
S31501006B8000000000000000000000000000000000FE
S31501006B9000000000000000000000000000000000EE
S31501006BA000000000000000000000000000000000DE
S31501006BB000000000000000000000000000000000CE
S31501006BC000000000000000000000000000000000BE
S31501006BD000000000000000000000000000000000AE
S31501006BE0000000000000000000000000000000009E
S31501006BF0000000000000000000000000000000008E
S31501006C00000000000000000000000000000000007D
S31501006C10000000000000000000000000000000006D
S31501006C20000000000000000000000000000000005D
S31501006C30000000000000000000000000000000004D
S31501006C40000000000000000000000000000000003D
S31501006C50000000000000000000000000000000002D
S31501006C60000000000000000000000000000000001D
S31501006C70000000000000000000000000000000000D
S31501006C8000000000000000000000000000000000FD
S31501006C9000000000000000000000000000000000ED
S31501006CA000000000000000000000000000000000DD
S31501006CB000000000000000000000000000000000CD
S31501006CC000000000000000000000000000000000BD
S31501006CD000000000000000000000000000000000AD
S31501006CE0000000000000000000000000000000009D
S31501006CF0000000000000000000000000000000008D
S31501006D00000000000000000000000000000000007C
S31501006D10000000000000000000000000000000006C
S31501006D20000000000000000000000000000000005C
S31501006D30000000000000000000000000000000004C
S31501006D40000000000000000000000000000000003C
S31501006D50000000000000000000000000000000002C
S31501006D60000000000000000000000000000000001C
S31501006D70000000000000000000000000000000000C
S31501006D8000000000000000000000000000000000FC
S31501006D9000000000000000000000000000000000EC
S31501006DA000000000000000000000000000000000DC
S31501006DB000000000000000000000000000000000CC
S31501006DC000000000000000000000000000000000BC
S31501006DD000000000000000000000000000000000AC
S31501006DE0000000000000000000000000000000009C
S31501006DF0000000000000000000000000000000008C
S31501006E00000000000000000000000000000000007B
S31501006E10000000000000000000000000000000006B
S31501006E20000000000000000000000000000000005B
S31501006E30000000000000000000000000000000004B
S31501006E40000000000000000000000000000000003B
S31501006E50000000000000000000000000000000002B
S31501006E60000000000000000000000000000000001B
S31501006E70000000000000000000000000000000000B
S31501006E8000000000000000000000000000000000FB
S31501006E9000000000000000000000000000000000EB
S31501006EA000000000000000000000000000000000DB
S31501006EB000000000000000000000000000000000CB
S31501006EC000000000000000000000000000000000BB
S31501006ED000000000000000000000000000000000AB
S31501006EE0000000000000000000000000000000009B
S31501006EF0000000000000000000000000000000008B
S31501006F00000000000000000000000000000000007A
S31501006F10000000000000000000000000000000006A
S31501006F20000000000000000000000000000000005A
S31501006F30000000000000000000000000000000004A
S31501006F40000000000000000000000000000000003A
S31501006F50000000000000000000000000000000002A
S31501006F60000000000000000000000000000000001A
S31501006F70000000000000000000000000000000000A
S31501006F8000000000000000000000000000000000FA
S31501006F9000000000000000000000000000000000EA
S31501006FA000000000000000000000000000000000DA
S31501006FB000000000000000000000000000000000CA
S31501006FC000000000000000000000000000000000BA
S31501006FD000000000000000000000000000000000AA
S31501006FE0000000000000000000000000000000009A
S31501006FF0000000000000000000000000000000008A
S315010070000000000000000000000000000000000079
S315010070100000000000000000000000000000000069
S315010070200000000000000000000000000000000059
S315010070300000000000000000000000000000000049
S315010070400000000000000000000000000000000039
S315010070500000000000000000000000000000000029
S315010070600000000000000000000000000000000019
S315010070700000000000000000000000000000000009
S3150100708000000000000000000000000000000000F9
S3150100709000000000000000000000000000000000E9
S315010070A000000000000000000000000000000000D9
S315010070B000000000000000000000000000000000C9
S315010070C000000000000000000000000000000000B9
S315010070D000000000000000000000000000000000A9
S315010070E00000000000000000000000000000000099
S315010070F00000000000000000000000000000000089
S315010071000000000000000000000000000000000078
S315010071100000000000000000000000000000000068
S315010071200000000000000000000000000000000058
S315010071300000000000000000000000000000000048
S315010071400000000000000000000000000000000038
S315010071500000000000000000000000000000000028
S315010071600000000000000000000000000000000018
S315010071700000000000000000000000000000000008
S3150100718000000000000000000000000000000000F8
S3150100719000000000000000000000000000000000E8
S315010071A000000000000000000000000000000000D8
S315010071B000000000000000000000000000000000C8
S315010071C000000000000000000000000000000000B8
S315010071D000000000000000000000000000000000A8
S315010071E00000000000000000000000000000000098
S315010071F00000000000000000000000000000000088
S315010072000000000000000000000000000000000077
S315010072100000000000000000000000000000000067
S315010072200000000000000000000000000000000057
S315010072300000000000000000000000000000000047
S315010072400000000000000000000000000000000037
S315010072500000000000000000000000000000000027
S315010072600000000000000000000000000000000017
S315010072700000000000000000000000000000000007
S3150100728000000000000000000000000000000000F7
S3150100729000000000000000000000000000000000E7
S315010072A000000000000000000000000000000000D7
S315010072B000000000000000000000000000000000C7
S315010072C000000000000000000000000000000000B7
S315010072D000000000000000000000000000000000A7
S315010072E00000000000000000000000000000000097
S315010072F00000000000000000000000000000000087
S315010073000000000000000000000000000000000076
S315010073100000000000000000000000000000000066
S315010073200000000000000000000000000000000056
S315010073300000000000000000000000000000000046
S315010073400000000000000000000000000000000036
S315010073500000000000000000000000000000000026
S315010073600000000000000000000000000000000016
S315010073700000000000000000000000000000000006
S3150100738000000000000000000000000000000000F6
S3150100739000000000000000000000000000000000E6
S315010073A000000000000000000000000000000000D6
S315010073B000000000000000000000000000000000C6
S315010073C000000000000000000000000000000000B6
S315010073D000000000000000000000000000000000A6
S315010073E00000000000000000000000000000000096
S315010073F00000000000000000000000000000000086
S315010074000000000000000000000000000000000075
S315010074100000000000000000000000000000000065
S315010074200000000000000000000000000000000055
S315010074300000000000000000000000000000000045
S315010074400000000000000000000000000000000035
S315010074500000000000000000000000000000000025
S315010074600000000000000000000000000000000015
S315010074700000000000000000000000000000000005
S3150100748000000000000000000000000000000000F5
S3150100749000000000000000000000000000000000E5
S315010074A000000000000000000000000000000000D5
S315010074B000000000000000000000000000000000C5
S315010074C000000000000000000000000000000000B5
S315010074D000000000000000000000000000000000A5
S315010074E00000000000000000000000000000000095
S315010074F00000000000000000000000000000000085
S315010075000000000000000000000000000000000074
S315010075100000000000000000000000000000000064
S315010075200000000000000000000000000000000054
S315010075300000000000000000000000000000000044
S315010075400000000000000000000000000000000034
S315010075500000000000000000000000000000000024
S315010075600000000000000000000000000000000014
S315010075700000000000000000000000000000000004
S3150100758000000000000000000000000000000000F4
S3150100759000000000000000000000000000000000E4
S315010075A000000000000000000000000000000000D4
S315010075B000000000000000000000000000000000C4
S315010075C000000000000000000000000000000000B4
S315010075D000000000000000000000000000000000A4
S315010075E00000000000000000000000000000000094
S315010075F00000000000000000000000000000000084
S315010076000000000000000000000000000000000073
S315010076100000000000000000000000000000000063
S315010076200000000000000000000000000000000053
S315010076300000000000000000000000000000000043
S315010076400000000000000000000000000000000033
S315010076500000000000000000000000000000000023
S315010076600000000000000000000000000000000013
S315010076700000000000000000000000000000000003
S3150100768000000000000000000000000000000000F3
S3150100769000000000000000000000000000000000E3
S315010076A000000000000000000000000000000000D3
S315010076B000000000000000000000000000000000C3
S315010076C000000000000000000000000000000000B3
S315010076D000000000000000000000000000000000A3
S315010076E00000000000000000000000000000000093
S315010076F00000000000000000000000000000000083
S315010077000000000000000000000000000000000072
S315010077100000000000000000000000000000000062
S315010077200000000000000000000000000000000052
S315010077300000000000000000000000000000000042
S315010077400000000000000000000000000000000032
S315010077500000000000000000000000000000000022
S315010077600000000000000000000000000000000012
S315010077700000000000000000000000000000000002
S3150100778000000000000000000000000000000000F2
S3150100779000000000000000000000000000000000E2
S315010077A000000000000000000000000000000000D2
S315010077B000000000000000000000000000000000C2
S315010077C000000000000000000000000000000000B2
S315010077D000000000000000000000000000000000A2
S315010077E00000000000000000000000000000000092
S315010077F00000000000000000000000000000000082
S315010078000000000000000000000000000000000071
S315010078100000000000000000000000000000000061
S315010078200000000000000000000000000000000051
S315010078300000000000000000000000000000000041
S315010078400000000000000000000000000000000031
S315010078500000000000000000000000000000000021
S315010078600000000000000000000000000000000011
S315010078700000000000000000000000000000000001
S3150100788000000000000000000000000000000000F1
S3150100789000000000000000000000000000000000E1
S315010078A000000000000000000000000000000000D1
S315010078B000000000000000000000000000000000C1
S315010078C000000000000000000000000000000000B1
S315010078D000000000000000000000000000000000A1
S315010078E00000000000000000000000000000000091
S315010078F00000000000000000000000000000000081
S315010079000000000000000000000000000000000070
S315010079100000000000000000000000000000000060
S315010079200000000000000000000000000000000050
S315010079300000000000000000000000000000000040
S315010079400000000000000000000000000000000030
S315010079500000000000000000000000000000000020
S315010079600000000000000000000000000000000010
S315010079700000000000000000000000000000000000
S3150100798000000000000000000000000000000000F0
S3150100799000000000000000000000000000000000E0
S315010079A000000000000000000000000000000000D0
S315010079B000000000000000000000000000000000C0
S315010079C000000000000000000000000000000000B0
S315010079D000000000000000000000000000000000A0
S315010079E00000000000000000000000000000000090
S315010079F00000000000000000000000000000000080
S31501007A00000000000000000000000000000000006F
S31501007A10000000000000000000000000000000005F
S31501007A20000000000000000000000000000000004F
S31501007A30000000000000000000000000000000003F
S31501007A40000000000000000000000000000000002F
S31501007A50000000000000000000000000000000001F
S31501007A60000000000000000000000000000000000F
S31501007A7000000000000000000000000000000000FF
S31501007A8000000000000000000000000000000000EF
S31501007A9000000000000000000000000000000000DF
S31501007AA000000000000000000000000000000000CF
S31501007AB000000000000000000000000000000000BF
S31501007AC000000000000000000000000000000000AF
S31501007AD0000000000000000000000000000000009F
S31501007AE0000000000000000000000000000000008F
S31501007AF0000000000000000000000000000000007F
S31501007B00000000000000000000000000000000006E
S31501007B10000000000000000000000000000000005E
S31501007B20000000000000000000000000000000004E
S31501007B30000000000000000000000000000000003E
S31501007B40000000000000000000000000000000002E
S31501007B50000000000000000000000000000000001E
S31501007B60000000000000000000000000000000000E
S31501007B7000000000000000000000000000000000FE
S31501007B8000000000000000000000000000000000EE
S31501007B9000000000000000000000000000000000DE
S31501007BA000000000000000000000000000000000CE
S31501007BB000000000000000000000000000000000BE
S31501007BC000000000000000000000000000000000AE
S31501007BD0000000000000000000000000000000009E
S31501007BE0000000000000000000000000000000008E
S31501007BF0000000000000000000000000000000007E
S31501007C00000000000000000000000000000000006D
S31501007C10000000000000000000000000000000005D
S31501007C20000000000000000000000000000000004D
S31501007C30000000000000000000000000000000003D
S31501007C40000000000000000000000000000000002D
S31501007C50000000000000000000000000000000001D
S31501007C60000000000000000000000000000000000D
S31501007C7000000000000000000000000000000000FD
S31501007C8000000000000000000000000000000000ED
S31501007C9000000000000000000000000000000000DD
S31501007CA000000000000000000000000000000000CD
S31501007CB000000000000000000000000000000000BD
S31501007CC000000000000000000000000000000000AD
S31501007CD0000000000000000000000000000000009D
S31501007CE0000000000000000000000000000000008D
S31501007CF0000000000000000000000000000000007D
S31501007D00000000000000000000000000000000006C
S31501007D10000000000000000000000000000000005C
S31501007D20000000000000000000000000000000004C
S31501007D30000000000000000000000000000000003C
S31501007D40000000000000000000000000000000002C
S31501007D50000000000000000000000000000000001C
S31501007D60000000000000000000000000000000000C
S31501007D7000000000000000000000000000000000FC
S31501007D8000000000000000000000000000000000EC
S31501007D9000000000000000000000000000000000DC
S31501007DA000000000000000000000000000000000CC
S31501007DB000000000000000000000000000000000BC
S31501007DC000000000000000000000000000000000AC
S31501007DD0000000000000000000000000000000009C
S31501007DE0000000000000000000000000000000008C
S31501007DF0000000000000000000000000000000007C
S31501007E00000000000000000000000000000000006B
S31501007E10000000000000000000000000000000005B
S31501007E20000000000000000000000000000000004B
S31501007E30000000000000000000000000000000003B
S31501007E40000000000000000000000000000000002B
S31501007E50000000000000000000000000000000001B
S31501007E60000000000000000000000000000000000B
S31501007E7000000000000000000000000000000000FB
S31501007E8000000000000000000000000000000000EB
S31501007E9000000000000000000000000000000000DB
S31501007EA000000000000000000000000000000000CB
S31501007EB000000000000000000000000000000000BB
S31501007EC000000000000000000000000000000000AB
S31501007ED0000000000000000000000000000000009B
S31501007EE0000000000000000000000000000000008B
S31501007EF0000000000000000000000000000000007B
S31501007F00000000000000000000000000000000006A
S31501007F10000000000000000000000000000000005A
S31501007F20000000000000000000000000000000004A
S31501007F30000000000000000000000000000000003A
S31501007F40000000000000000000000000000000002A
S31501007F50000000000000000000000000000000001A
S31501007F60000000000000000000000000000000000A
S31501007F7000000000000000000000000000000000FA
S31501007F8000000000000000000000000000000000EA
S31501007F9000000000000000000000000000000000DA
S31501007FA000000000000000000000000000000000CA
S31501007FB000000000000000000000000000000000BA
S31501007FC000000000000000000000000000000000AA
S31501007FD0000000000000000000000000000000009A
S31501007FE0000000000000000000000000000000008A
S31501007FF0000000000000000000000000000000007A
S315010080009039002059D70001896101018961010177
S3150100801089610101896101018961010189610101A9
S31501008020896101018961010189610101D11E800016
S3150100803089610101C8D60101751E8000BB16800049
S3150100804089610101F1FB0001896101018961010178
S315010080508961010189610101896101018961010169
S315010080608961010189610101896101018961010159
S315010080708961010189610101896101018961010149
S315010080808961010189610101896101018961010139
S315010080908961010189610101896101018961010129
S315010080A08961010189610101896101018961010119
S315010080B08961010189610101896101018961010109
S315010080C089610101896101018961010189610101F9
S315010080D089610101896101018961010189610101E9
S315010080E0896101018961010195DA000175DA0001F1
S315010080F089610101896101018961010189610101C9
S3150100810089610101896101018961010189610101B8
S3150100811089610101896101018961010189610101A8
S315010081208961010189610101896101018961010198
S315010081308961010189610101896101018961010188
S3150100814089610101896101016513010189610101EA
S315010081508961010189610101896101018961010168
S315010081608961010189610101811280008961010131
S315010081708961010189610101896101018961010148
S315010081808961010189610101896101018961010138
S315010081908961010189610101896101018961010128
S30D010081A08961010189610101F8
S315010081A8014B1868704700BFFC7B00200A4B1B6F08
S315010081B803F00703013B042B04D8DFE803F00B04A3
S315010081C807030900FEE7054B18687047044BFBE7F0
S315010081D8044BF9E70448704700408040FC7B0020C7
S315010081E8047C0020F87B0020002D310108B5FFF73B
S315010081F8DDFF054B1B6FC3F303330133B0FBF3F00C
S31501008208024B186008BD00BF00408040F47B002087
S3150100821800487047002D3101014B1868704700BFAF
S31501008228047C0020002070474FF40022074B5A6651
S31501008238074B9B6813F4E04FC3F3023204D0012ABB
S31501008248044818BF00207047034870470050804013
S3150100825800001040005A6202002D3101014B1868D6
S31501008268704700BF007C00204FF4004070474FF470
S315010082787A70704700207047002310B5934200D1E9
S3150100828810BDCC5CC4540133F8E7C26810B5044686
S3150100829862B10F3222F0804222F00F02002142F031
S315010082A880425C3000F034FA0023E36010BD816A35
S315010082B838B5044609B3006B01F10F0501F015F94C
S315010082C8236825F00F059A68A36A1269EB1A014615
S315010082D842EA032304F15C0045F0005200F00EFA6D
S315010082E8A16AE3680B44E360D4E908325B1842F1FA
S315010082F80002C4E908320023A3622046BDE83840DB
S31501008308FFF7C3BF10B50446C06D01F035F8002369
S31501008318E36510BDC36D2DE9F04704460F461646C1
S31501008328002B66D0B2F1807F05D3FFF7EBFF6FF024
S315010083383F00BDE8F087D0E906352B4304D0FFF7A7
S31501008348E1FF6FF04800F4E7836A98180F2808D808
S31501008358206B1844FFF790FFA36A1344A362002019
S31501008368E7E704F15C0AC3B11946206B01F0BDF8D1
S31501008378236801469B68A26A1B69504600F0BEF94C
S31501008388A16AE3680B44E360D4E908325B1842F159
S315010083980002C4E908320023A362E568384605EB02
S315010083A8060828F00F09A9EB0505294601F09DF8ED
S315010083B8236801469B682A461B69504600F09EF9C8
S315010083C8E3682B44E360D4E908325B1942F1000201
S315010083D8AE42C4E90832C2D0206BA8EB0902231ABF
S315010083E83C3300EB430020637919FFF745FFA2628E
S315010083F8B5E76FF020009CE72DE9F0479846C36D75
S3150100840805468A461446002B48D0B2F1807F05D32B
S31501008418FFF778FF6FF03F00BDE8F087D0F81090BE
S31501008428B9F1000F04D0FFF76DFF6FF04A00F3E7CB
S31501008438FFF73DFF0CB90020EEE72E4621465046D0
S3150100844801F053F856F85C3B04F10F079B6827F0D7
S315010084580F075B69A7EB040A014643EA0A2330467C
S3150100846847F0005200F04AF9D5E90623121943F1FB
S315010084780003C5E90623214640462C6101F036F87A
S3150100848822460146304600F043F9BC42D3D049465C
S3150100849830464AF0804200F03BF9CCE76FF0200005
S315010084A8BAE70000F8B5C36D04460F46002B46D05F
S315010084B8FFF7FDFED4E90805D4E9061322680E186C
S315010084C843EB0503956AAE4273F1000305D22046D4
S315010084D8FFF718FF6FF00200F8BD136904F5AA72D9
S315010084E8984704F15C0640B12368A16E9B68304643
S315010084F85B69144AE83100F001F9217A384601F13D
S315010085080F0500F0F3FF227A0146304600F000F924
S31501008518237A25F00F05AB4206D0EA1A0021304628
S3150100852842F0804200F0F4F8002530464FF493718A
S31501008538656004F1740200F011F92846CCE76FF082
S315010085482000C9E710000020F8B5C36D04460E46A1
S31501008558002B7DD003685A68052A0AD1C26EDB69E9
S315010085681A4206D0036923B9FFF7CCFE6FF0400023
S31501008578F8BD2046FFF79BFED4E90805D4E90613A2
S3150100858822680F1843EB0503956AAF4273F100039E
S3150100859805D22046FFF7B6FE6FF00200E8E7136939
S315010085A804F5AA729847254655F85C3B28B39B689B
S315010085B8A16E28465B69284AE83100F09FF8666093
S315010085C8A16E227A2846E83102F10F0600F0A0F8DA
S315010085D8237A26F00F06B34206D0F21A002128465E
S315010085E842F0804200F094F828464FF4937104F162
S315010085F8740200F0B3F80020BAE71A6B002ADED03D
S315010086089B689B6903F0C003C02B09D1636E53F8BD
S315010086180C2C103B002AFAD1DA6842F02002DA6003
S31501008628217A0029CCD0304601F10F0700F05DFF11
S31501008638236827F00F079A68237A9269FB1A01467D
S3150100864842EA0323284647F0005200F057F8B7E7F5
S315010086586FF020008CE700BF10000020F8B5C36D4D
S315010086680446002B3CD05C3000F0FAF8431C054662
S3150100867803D020B12046FFF745FE2846F8BDE36A38
S31501008688002BF7D12368E66E9A69E06D164004F56A
S31501008698AA7708D05B6AC3F14601C3F597723944D4
S315010086A800F020FFE6E76368B3B146233946E822BE
S315010086B800F018FF33466068217AB14204D8002BCE
S315010086C818BF6FF00F05D5E7825D17F801CB0136A4
S315010086D882EA0C021343F0E72B46E8223946DFE724
S315010086E86FF02005C9E710B50446E06D00F0B4FE49
S315010086F82046FFF7B3FF431CF7D010BD10B58468B9
S3150100870821600021E360C4E901121034846010BDC0
S31501008718836819600121C3E9011210338360704728
S3150100872810B5C0E90121044600F11001006800F006
S31501008738DAFEE06010BD000070B504461D46049ED1
S31501008748FFF7EEFF33462046E1682561024ABDE898
S315010087587040FFF7D3BF00BF040000202DE9F043A6
S315010087681546C668836885B00446884610220021E6
S3150100877868460836A3F11009374601F051F828462C
S315010087886B4681452DD20121EA68696042F02002D3
S31501008798EA60AA68206842F00052AA609A6859609D
S315010087A842F000529A60019D08F1080204F1100195
S315010087B800F097FE32462068002100F084FE2A4622
S315010087C82068102100F07FFE20680322342100F082
S315010087D881FE03223821206805B0BDE8F04300F088
S315010087E879BE426822B15F60034610371030C8E788
S315010087F86F600546F9E7F8B5002506462C460127B8
S31501008808204600F03FFE68B14FF4806100F054FE47
S31501008818304218BF07FA04F304F1010418BF1D43D7
S31501008828202CEDD12846F8BD2DE9F0410025044656
S315010088380F4690462E4614B92846BDE8F081E3074F
S315010088480BD5304600F01EFE394600F035FE38EAF3
S31501008858000002BF0123B3401D4301366408EAE75D
S3150100886870B528210546006800F026FE3C2106461B
S31501008878286800F021FE16F0240F00F0230407D023
S3150100888800F036FE286818F0E8DB6FF01F0070BDAF
S315010088983CB928684FF0FF32302100F01BFE204614
S315010088A8F5E74FF0FF30F2E7C0E9002100228260C8
S315010088B87047002320298CBF19460131C0E90033CE
S315010088C881607047C000C90002F1080303F8010D71
S315010088D893424FEA1020F9D103F11002083302F846
S315010088E8011D9A424FEA1121F9D101207047000072
S315010088F82DE9F34717460022044699460D46C265F7
S315010089084265002900F0B6800B688E682BB9002EE7
S3150100891800F0B080984646460EE0002E51D14B68CD
S31501008928102B49D0182B49D0202B40F0A6801022B5
S315010089380426564B53F822806B68182B43D0D9F876
S315010089480030DB073FD40220FFF755FF824600F0CF
S315010089584BFD4F4BE0652360E36DBBBB0120FFF781
S315010089684AFF40F2044148F04002FFF75DFFD9F89B
S315010089780030064613F0010908D04FF080524FF433
S315010089888161FFF751FF4FF002090646304600F0B4
S315010089982BFD404BE0650C2239462360666504F5DC
S315010089A8BD70FFF769FCBAF1000F01D0E36D0BB991
S315010089B8002E65D000260BE03246BAE70822164695
S315010089C8B7E79046A7E74FF0FF3AC5E74FF000092A
S315010089D8E36D002B57D02146AA6851F8740B930111
S315010089E8DBB2920843EA0273426804F15C0802F1B9
S315010089F8080C012202FA0CF2134382683343126807
S31501008A0843EA090300924046E022FFF795FEAB6868
S31501008A186BB9D5E9000100F068FD23686A689B68AF
S31501008A2801465B68404642F00052FFF767FE0C219B
S31501008A38384600F05AFD236801469B6840469B6804
S31501008A48154AFFF75BFE002300220020C4E908232C
S31501008A58C4E9062304F13403C4E90B031023237282
S31501008A682368C4E90300DB68A0626360A56502B0F8
S31501008A78BDE8F0876FF02100F9E76FF04100F6E7EE
S31501008A886FF00200F3E76FF00100F0E7A4D80101E7
S31501008A9838D90101E8D801010C00002008B5C36DD9
S31501008AA88BB103685A68052A07D1027A8A4204D02B
S31501008AB8FFF728FC6FF0420008BDDB6A8B42F7D846
S31501008AC801720020F8E76FF02000F5E7002307B5EB
S31501008AD8019301ABFFF70CFF03B05DF804FB00231C
S31501008AE813B5019301AB0446FFF702FF20B92268CB
S31501008AF8E36E12681343E36602B010BD09B100F0D4
S31501008B0809B822207047012100F06EB9002100F052
S31501008B186BB9000070B504460D4600F05DFB0646CC
S31501008B281D2C00F25A81DFE814F01E0027005801B7
S31501008B382A0034003F002E015600610058017A00D0
S31501008B48DF007E009200580158019600A9005801DD
S31501008B58AD005801B10058014601F30058010A0158
S31501008B68CB0058013E01FFF721FB0024286030465F
S31501008B7800F02DFB204670BDFFF738FBF5E7994B52
S31501008B881C6FFFF733FBC4F380240134B0FBF4F008
S31501008B98EBE7944B1C6FFFF729FBC4F380240134E0
S31501008BA8B0FBF4F04008E0E78E4BD3F88000D3F829
S31501008BB88030C0F3011003F00303022B00F1010416
S31501008BC800F0D880032B00F0D880012B40F081807B
S31501008BD8FFF7ECFADAE7FFF7E9FA824BD3F89030B8
S31501008BE8C3F304430133B0FBF3F0BEE77D4BD3F87F
S31501008BF8203103F00703013B052B6AD8DFE813F0A0
S31501008C080600E7000C0009000600E700FFF7C8FAAE
S31501008C18ABE7FFF709FBA8E7FFF7FAFAA5E7714BF8
S31501008C28D3F82831E5E76F4BD3F8403103F0030356
S31501008C38022B06D0032B07D0012B4AD1FFF714FBD1
S31501008C4893E7FFF70BFB90E7FFF711FB8DE7654B02
S31501008C58D3F86031EAE7634BD3F8003203F0070330
S31501008C68013B032B35D801A252F823F09D0A800057
S31501008C78A30A8000A90A8000DD0A8000FFF7B6FA78
S31501008C88800A72E7574BD3F84032CFE7554BD3F8F2
S31501008C98203203F00703013B032B1AD801A252F82D
S31501008CA823F000BF150B8000730A80009D0A80001F
S31501008CB8A30A800029460A20FFF72CFF044656E737
S31501008CC8484BD3F8703203F00303012B05D0022B6E
S31501008CD806D0002302242B6049E729460C20EBE73E
S31501008CE800230F242B6042E73E4BD3F8A83203F04A
S31501008CF80703013B032BECD801A252F823F000BF6E
S31501008D086D0A80002F0C8000790A8000730A8000A2
S31501008D18344BD3F8AC3203F00703013B032BD8D805
S31501008D2801A252F823F000BF990B8000730A800054
S31501008D389D0A8000A30A800029460B20BCE7294B1F
S31501008D48D3F8B002D3F8B03200F03F0003F4E06381
S31501008D58B3F5407F00F1010412D008D8B3F5807F3E
S31501008D680BD0B3F5007FB4D1FFF756FA0EE7B3F58A
S31501008D78806FAED1FFF758FA08E7FFF711FA05E752
S31501008D88FFF746FA02E7174BD3F8803103F00303DE
S31501008D98022B3FF441AF032B3FF43BAF012B98D194
S31501008DA82946082088E74FF0E0231B6929465B0717
S31501008DB894D5012080E70B4BD3F8003103F0030368
S31501008DC8022B3FF43EAF032B04D0012B81D1FFF7D1
S31501008DD823FACAE6FFF726FAC7E6002321242B6001
S31501008DE8C5E600BF00408040D8B1036813F4E07FB0
S31501008DF803F03F00C3F382120CD0012A0CD0032AD8
S31501008E080FD1094B51B103F58053012282401A60F3
S31501008E1800207047054BF5E7054BF3E703F50053CB
S31501008E28F3E70E20704700BFB4428040644080409B
S31501008E3868408040F8B5164F05463B78834218D0FE
S31501008E48144B1A6840F201239A4212D9A0B10B2891
S31501008E5819D1114C6379C3B900F0BEF9214606460A
S31501008E680E4800F0FFF80446304600F0B0F90CB998
S31501008E783D7000242046F8BD00F0AEF906460748C5
S31501008E8800F0D4F8EFE72124F4E70E24F2E700BF57
S31501008E98F57C002048480020F67C00204C4800203C
S31501008EA80122437801789A4030235943014B5A509D
S31501008EB8704700BF40D08340B0F5802F22D010D82C
S31501008EC8B0F5003F20D007D818B3B0F5803F08BFEA
S31501008ED8482018BF01207047B0F5403F08BF2C2035
S31501008EE8F7E7B0F5302F11D007D8B0F5E02F0FD03E
S31501008EF8B0F5202F08BF1020EBE7B0F57F0F08BFAC
S31501008F080620E6E74B2070472A2070471120704754
S31501008F182120704708B54FF0FF31054800F08BF95D
S31501008F2828B94FF48062034B9A66BFF34F8F08BD89
S31501008F3858470020005080404FF48062024B034896
S31501008F489A6600F094B900BF006080405847002037
S31501008F5810B5044600283FD0FFF7DCFF00283AD1B8
S31501008F68204600F002F994F824304BB94FF08543B6
S31501008F785A6CD202FCD55C6D1B6804F4702412E0AD
S31501008F884FF08544A36D43F00203A36500F088FC06
S31501008F98022810D0A36D23F00203A3654FF4A02283
S31501008FA80E4B1C681A60FFF7C7FFA4B12046BDE83F
S31501008FB81040FFF781BF0A4B4FF0FF31186E00F0E2
S31501008FC843FEA36D23F00203A3650028E6D02368B8
S31501008FD8FFF7B2FF012010BD2120FCE7347C0020F9
S31501008FE8F446002008B528B12822002100F018FC13
S31501008FF8002008BD2120FCE738B51546044688B18E
S3150100900882B10023084A8360C0E90023036200F0A5
S31501009018A3F82046294600F09FF82046BDE83840C7
S31501009028FFF796BF212038BD000062FF13B501A9DD
S31501009038044600F06BF880B940F20123019A9A427E
S315010090480DD96FF48072A3F56B031344C4E900309C
S31501009058A06020622046FFF77BFF02B010BD0F20FB
S31501009068FBE700002DE9F74391F800800446A8F1D3
S315010090780603052B42D8B1F80150B5F5006F3DD26C
S31501009088CF78052F3AD80E79032E37D891F805905F
S3150100909819F0FD0F32D101A900F038F8E8B940F20C
S315010090A80122019B93421BD9164B4946C4E900305C
S315010090B8A0602062204600F04FF8204645EA0841A4
S315010090C800F04AF83946204600F046F8314620466F
S315010090D800F042F82046FFF73BFF03B0BDE8F083F6
S315010090E8B3F5007F0CD3084B4946C4E90030A060AC
S315010090F82062204600F030F82946E8E72120ECE70F
S315010091080F20EAE7000215FF000015FF10B50C460F
S31501009118D0B1C9B100F057F80C4B0D495A6E4FF44E
S315010091288033D2034B6601F5DE21D1F80C1658BF00
S31501009138084A216058BF536600F040F800202368AA
S3150100914823F07F43236010BD2120FCE700408040C7
S315010091580050804000608040036A042B9FBF00EBEB
S3150100916883020133D16003627047036A052B16D85F
S315010091784FF08542116CC902FCD5002105339B00CD
S31501009188136511600168143B11604168116050F85C
S31501009198081F11604FF085420344984200D1704779
S315010091A850F8041F1160F8E7836813B981607047A6
S315010091B85B685A68012AFBD15960704710B962B6D3
S315010091C8BFF36F8F7047EFF3108072B6704780F365
S315010091D81188BFF36F8F7047EFF31180302383F344
S315010091E811887047EFF31083DB0706D4EFF311807C
S315010091F82F2894BF002001207047012070470000E6
S3150100920870B50546A8B1FFF7DEFF0646286E00F0E1
S315010092189EFC044640B100F0FAFB844209BF6C6D1E
S315010092280124E44304F001043046FFF7C7FF204652
S3150100923870BD0124FBE738B50D460446A8B100F018
S315010092482FFB02280FD1FFF7CDFF20B12046BDE83D
S315010092583840FFF7D5BF2946206E00F031FC0038AB
S3150100926818BF012038BD0020F9E70120FAE710B53B
S315010092780446A0B100F014FB02280ED1FFF7B2FF95
S3150100928820B12046BDE81040FFF7BABF206E00F0B6
S315010092983CFC003818BF012010BD0020F9E7012069
S315010092A8FAE70000012870B504460D463FD8224B5F
S315010092B85B68C3F30803CBB94FF0FF311F48FFF7CB
S315010092C8BAFFE8B964201E4B1E4E4FF0FF3100FB72
S315010092D804303460FFF7AFFF90B9336833B92DB165
S315010092E84A2017F065D90122174B1A72124D44B953
S315010092F81648FFF708FC6B68C3F30803CBB90020CF
S3150100930870BD1348FFF7FFFB6B68C3F30803002B17
S31501009318F5D0104BDA6B12F0430FFBD19B6A0E4A5C
S3150100932813F0240318BF012314201360E8E7212052
S31501009338E6E70F20E4E700BF00ED00E01049002052
S3150100934874490020A8480020607C00206CD80101DF
S3150100935870D80101004000415C7C0020044B5B6829
S31501009368C3F3080313B90348FFF781BF0020704709
S3150100937800ED00E01049002070B504461348FFF7D8
S315010093883FFFD0B926684EB9114D2B7A1BB14A2039
S3150100939817F00CD92E720F48FFF7B8FB2368012B7B
S315010093A80BD10D4B5B68C3F3080333B90B4B1B6831
S315010093B8112B02D10A48FFF7A9FB64202268094B41
S315010093C8BDE8704000FB0230FFF751BF104900208D
S315010093D8607C00206CD8010100ED00E05C7C002077
S315010093E870D80101744900200A4B1A680123934079
S315010093F818400ED0084B5B68C3F308033BB1074A14
S31501009408D36B13F0430FFBD1012000F03BB8104694
S31501009418FBE77047A848002000ED00E00040004146
S3150100942808B54FF082439A6A12F0340F1CBF3422F2
S315010094381A63074B1B7A53B100F032FA0238012836
S3150100944805D8044B186EBDE8084000F02BBC08BDD2
S31501009458607C0020AC48002008B5084B1B7A5BB13C
S3150100946800F01EFA022807D1054B4FF0FF31186E9E
S31501009478BDE8084000F0E8BB08BD00BF607C0020DD
S31501009488AC48002001280BD8074B5B68C3F30803D7
S3150100949843B90C22054B06481B6802FB03007047BB
S315010094A8002070470348704700ED00E0A8480020F7
S315010094B8607C00206C7C00204368BFF34F8F5858AE
S315010094C8BFF34F8F70474368BFF34F8F5A50BFF3AF
S315010094D84F8F70474368BFF34F8F5A50BFF34F8F73
S315010094E870477047704708467047704770470000D5
S315010094F80122024BC3F8FC2F704700BF00F0FFFFA3
S3150100950853B94AB9002908BF00281CBF4FF0FF31DB
S315010095184FF0FF3000F082B9ADF1080C6DE904CEC9
S3150100952800F006F8DDF804E0DDE9022304B070472F
S315010095382DE9F04F099D0C46002B4DD18A420F4665
S3150100954884469646B2FA82F360D94BB102FA03FE13
S31501009558C3F120029F4000FA03FC20FA02F21743E6
S315010095684FEA1E461FFA8EF44FEA1C42B7FBF6F184
S3150100957806FB117701FB04F042EA0742904208D93B
S315010095881EEB020201F1FF3702D2904200F231814D
S315010095983946121A1FFA8CFCB2FBF6F006FB1022AA
S315010095A800FB04F44CEA024C644508D91EEB0C0C8A
S315010095B800F1FF3202D2644500F21E81104640EAEC
S315010095C80140ACEB040C002125B12CFA03F300226F
S315010095D8C5E90032BDE8F08F8B4205D90DB1C5E961
S315010095E8000100210846F5E7B3FA83F100294DD1B8
S315010095F8A342C0F0F380904280F0F08006462346ED
S315010096080846002DE6D0C5E90063E3E7002B40F0E4
S31501009618A3808A1A4FEA1E471FFA8EF60121B2FB6A
S31501009628F7F407FB14204FEA1C4242EA004206FB04
S3150100963804F090420FD91EEB020204F1FF382CBF49
S315010096484FF001094FF00009904203D9B9F1000F13
S3150100965800F0CC804446121A1FFA8CFCB2FBF7F0D4
S3150100966807FB102200FB06F64CEA024C664508D9B0
S315010096781EEB0C0C00F1FF3202D2664500F2B380F4
S315010096881046ACEB060C40EA04409DE7C1F1200602
S315010096988B4004FA01FE22FA06F720FA06FCF4408A
S315010096A88A401F434EEA0C0300FA01FE4FEA1748A7
S315010096B84FEA13491FFA87FCB4FBF8F008FB10447C
S315010096C849EA044400FB0CF9A1450ED93C1900F1FD
S315010096D8FF3A2CBF4FF0010B4FF0000BA14503D900
S315010096E8BBF1000F00F08B805046A4EB09041FFA6A
S315010096F883F9B4FBF8F308FB134403FB0CFC49EAB2
S315010097080444A44506D93C1903F1FF3801D2A445FE
S315010097187BD8434643EA0040A4EB0C04A0FB02981D
S315010097284445CC46434602D306D1CE4504D2013838
S31501009738B9EB020C68EB0703002D6CD0BEEB0C02EB
S3150100974864EB030422FA01F304FA06F6CC4000217D
S315010097581E43C5E900643DE702FA03FEC3F1200191
S3150100976804FA03F200FA03FCCC404FEA1E4720FA3A
S3150100977801F11FFA8EF6B4FBF7F00A4307FB104412
S31501009788110C41EA044100FB06F48C420ED91EEB8A
S31501009798010100F1FF382CBF4FF001094FF0000914
S315010097A88C4202D9B9F1000F2CD04046091B92B25E
S315010097B8B1FBF7F407FB141142EA014204FB06F177
S315010097C8914207D91EEB020204F1FF3801D29142F8
S315010097D81ED84446521A44EA004120E7861A64EB29
S315010097E8030301200DE7F44402384AE7023C7244B8
S315010097F831E702397244CCE6F4440238DFE602382E
S315010098083C4472E702387144D0E7023B3C4481E7A5
S31501009818023C7244DEE72946DCE600BF704700BF1A
S3150100982802440346934200D1704703F8011BF9E746
S3150100983810B5EFF3058414B10124204610BD01F0DB
S31501009848DFFC0128F9D0EFF31083002BF4D1EFF3F5
S315010098581184003C18BF0124EFE708B54FF0E02357
S315010098681B6901F0CDFC012803D0BDE8084000F0D2
S3150100987871BB08BD08B5FFF7DBFF48B901F0C0FCAD
S315010098880128034607D1054A106820B9136008BDA7
S315010098986FF00500FBE74FF0FF30F8E7FC4F0020BB
S315010098A808B501F0ADFC38B1022804D0034B18689D
S315010098B8431E5842584108BD0320FCE7FC4F0020CF
S315010098C810B5FFF7B5FF044668B901F099FC012800
S315010098D80CD1084B1A68012A08D102221A6001F034
S315010098E8F5F9204610BD6FF00500FBE74FF0FF3094
S315010098F8F8E700BFFC4F002010B5FFF799FF0446B3
S3150100990840B901F07DFC40B1022808D101F022FAE4
S31501009918204610BD6FF00500FBE70120F9E74FF07F
S31501009928FF30F6E710B50446FFF782FFB0B901F03C
S3150100993867FC30F0020314D1012C03D101F00AFAB5
S31501009948204610BD6CB901F0DDFA0128F8D001F006
S3150100995857FC841E18BF4FF0FF34F1E76FF005047A
S31501009968EEE74FF0FF34EBE700232DE9F04186B02F
S3150100997805460E4690460593FFF75AFF00BBFDB113
S31501009988B8F1000F3DD0D8F818402CB1631E372B1B
S3150100999803D906B0BDE8F0811824D8F80430DB07EE
S315010099A833D4D8F814306BB19A08D8F80010D8E92E
S315010099B802704FB15F2803D9D8F8100000B1B3B9C6
S315010099C80598E6E7A022F0E70028F9D1D8F8103083
S315010099D8002BF5D105AB013C01932846334600948B
S315010099E801F08BF801281CBF00230593E8E7013C29
S315010099F8CDE9010733462846009401F0ACF80590F5
S31501009A08DEE741461824A022E4E70020C1E701F079
S31501009A18EBBB38B50546FFF70BFF044650B965B1F0
S31501009A28284601F011F904280AD0284601F0C0F8A1
S31501009A38204638BD6FF00500FBE76FF00300F8E735
S31501009A486FF00200F5E738B50546FFF7F1FE10B1EC
S31501009A580024204638BD25B9BDE83840012000F06C
S31501009A688EBE6B681A07F3D4D5E9021203F0010317
S31501009A7879B14F2AECD99BB1042000F0C1FE044606
S31501009A880028E5D0296809B100F0B6FD44F00104C3
S31501009A98DFE7002ADCD17BB1042000F070FEEEE797
S31501009AA8012000F0ADFE04460028D1D0296800291E
S31501009AB8CFD000F0A1FDCCE7012000F060FEF2E76F
S31501009AC8F8B505460C4620F0010600F00107FFF738
S31501009AD8AFFEA0B9012D15D92146304667B100F070
S31501009AE85FFD012801D10020F8BD002C14BF6FF0DD
S31501009AF801006FF00200F7E700F0BFFCF1E76FF035
S31501009B080500F1E76FF00300EEE770B5044620F0B3
S31501009B18010500F00106FFF78BFE90B9012C13D958
S31501009B2846B1284600F053FD01280CBF00206FF00E
S31501009B38020070BD334632463146284600F049FBDD
S31501009B48F2E76FF00500F4E76FF00300F1E701288B
S31501009B5810B50ED920F00104FFF76AFE20B12046A0
S31501009B68BDE8104000F016BD2046BDE8104000F0E3
S31501009B7804BD002010BD70B5054620F00106FFF7AB
S31501009B8857FE044648B9012D0AD9304600F052FD60
S31501009B98304600F067FD204670BD6FF00500FBE713
S31501009BA86FF00300F8E773B504460E461546FFF74E
S31501009BB83FFE70BB6CB3B4422BD35DB9012C3BD1CC
S31501009BC820460322002100F0B0FD044608B396B9E9
S31501009BD805B32AE0D5E90232CBB14F2A19D9012CAE
S31501009BE81BD10322014600920246204600F0E0FD01
S31501009BF8044670B1CEB1002320461A46194600F034
S31501009C08E8FA0128E4D0204600F02CFD01E0002AFC
S31501009C18D4D00024204602B070BD20461A463146EB
S31501009C2800F0FCFD04460028F3D029680029F1D08C
S31501009C38204600F0E1FCEDE72046314600F0AAFD9A
S31501009C4804460028C4D1E4E737B50C46054618B9D9
S31501009C586FF0030003B030BDFFF7EAFDB8B1002C81
S31501009C68F6D12146284601AA019400F0D2FB012823
S31501009C7802D06FF00200EDE7019B0BB90020E9E77E
S31501009C884FF0E0234FF08052C3F8042DF6E7214642
S31501009C98284600F0F2FB0128F0D0002CE9D06FF03D
S31501009CA80100D7E713B5044608B3FFF7C1FD03461C
S31501009CB8A8B10023204601A9019300F07CFB0128E5
S31501009CC803D06FF0020002B010BD019B2BB14FF01B
S31501009CD8E0234FF08052C3F8042D0020F3E7024633
S31501009CE80146204600F075FA0128F6D0E9E76FF03B
S31501009CF80300E8E738B50546FFF79AFD044640B97B
S31501009D0855B1284600F096FC284600F0ABFC2046E3
S31501009D1838BD6FF00500FBE76FF00300F8E70000B8
S31501009D28034B0360034B0B60A0231360704700BF0E
S31501009D389C4F00201C4D0020034B0360034B0B6016
S31501009D48A0231360704700BFBC4C00203C4A00208A
S31501009D584FF0FF3200F10803C0E9022343600361B3
S31501009D6800230360704700230361704730B50C6810
S31501009D78631C0AD103695A684A6091608B6059600D
S31501009D88036808610133036030BD00F10802134618
S31501009D9852681568A542FAD9EDE743689A684B6097
S31501009DA88A605160996003680861013303607047EE
S31501009DB80369D0E901128A6051605968814208BF76
S31501009DC85A6000220261186801381860704700005D
S31501009DD810B54FF0807440E90224184A4FF0123446
S31501009DE840F80C2C4FF003324FF0023C40E90524B1
S31501009DF84FF0013240F8203C40E9072C4FF0103370
S31501009E084FF011324FF0093440E90A324FF0083366
S31501009E184FF0073C40E90C344FF006334FF005325A
S31501009E2840E90E3C4FF0043340E910326FF043032A
S31501009E3840F8443C40F8481D10BD00BFC518010153
S31501009E484FF0E0220423136100234FF47A719361E2
S31501009E58044B1B68B3FBF1F3013B53610723136101
S31501009E68704700BFF47B0020002313B54FF07F42F3
S31501009E7801934FF0E023C3F81C2DD3F81C3D1B0EAC
S31501009E888DF803309DF803309DF803309DF80330B3
S31501009E9813F0800F019B29D1082B0CBF0023019BCE
S31501009EA8174A18BFC3F107031B0203F4E0631360E3
S31501009EB84FF0E0230024D3F8202D42F47F02C3F8A3
S31501009EC8202DD3F8202D42F07F42C3F8202DC3F868
S31501009ED81C4DFFF7B5FF0B4B1C6000F079F801F03C
S31501009EE839F90FF0BFDD204602B010BD01330193E9
S31501009EF89DF803305B00DBB28DF80330C6E700BF7F
S31501009F0800500020787C00204FF0E0234FF080526B
S31501009F18C3F8042DBFF34F8FBFF36F8F704700004F
S31501009F2808B500F065F8044A136801331360BFF3F6
S31501009F384F8FBFF36F8F08BD787C0020044B1A68DA
S31501009F481A68013A1A60186808B900F05CB87047CF
S31501009F58787C002010B500F04BF8044600F01CFF91
S31501009F6828B14FF0E0234FF08052C3F8042D204664
S31501009F78BDE8104000F047B8836913F8023C662B28
S31501009F880FD14FF0E023D3F8882D42F47002C3F8BD
S31501009F98882DD3F8342F42F04042C3F8342F00F00D
S31501009FA801B87047094A1168086806C881F30B8821
S31501009FB8022181F31488203080F30988BFF36F8F5B
S31501009FC84FF0000080F3118810470000505500201B
S31501009FD806480068006880F3088862B661B6BFF370
S31501009FE84F8FBFF36F8F66DF00BF000008ED00E0FB
S31501009FF8EFF311804FF0300181F31188BFF34F8FD2
S3150100A008BFF36F8F704780F31188BFF34F8FBFF38C
S3150100A0186F8F7047EFF309801EF0100F08BF20ED10
S3150100A028108AEFF30B82734620E9FC0F0F4A116879
S3150100A03808604FF0300080F31188BFF34F8FBFF3EC
S3150100A0486F8F01F087F84FF0000080F31188074AF7
S3150100A05811680868B0E8FC0F13F0100F08BFB0ECE0
S3150100A068108A82F30B8880F3098818475055002017
S3150100A0781EF0040F0CBFEFF30880EFF309800149C6
S3150100A08808470000D91D800010B5044600F062FE9D
S3150100A098204616F0F6DB044600F034FF204610BDD4
S3150100A0A810B5044640B100F055FE204616F0F8DC1E
S3150100A0B8BDE8104000F026BF10BD70B50446FFF795
S3150100A0C82FFF94F8455004F124066DB2002D14DCD7
S3150100A0D8FF2384F84530FFF731FFFFF721FF94F896
S3150100A0E8445004F110066DB2002D12DCFF2384F8EA
S3150100A0F84430BDE87040FFF721BF636A002BE7D003
S3150100A108304600F0CDFF08B101F074F8013D6DB29B
S3150100A118DCE72369002BE9D0304600F0C1FF08B11E
S3150100A12801F068F8013D6DB2DEE710B50446FFF7A8
S3150100A138F7FEA46BFFF702FFB4FA84F0400910BDDD
S3150100A14870B51646026C0446856B42B906689EB917
S3150100A158806801F0ABF8A6600135A56370BD6EB9DC
S3150100A16840681AF00DDE6368226C1344A2686360C6
S3150100A178934224BF236863600020EDE7C0681AF0A4
S3150100A188FFDD226CE36851429B1A2268E360934221
S3150100A1983EBFA3685B18E360022EEDD10DB1013D08
S3150100A1A8EAE72846D8E703461A6C084610B46AB1A6
S3150100A1B8DC68996814448C4228BF1968DC6028BF9A
S3150100A1C8D960D9685DF8044B1AF0DA9D5DF8044B3D
S3150100A1D87047F0B5044685B01D4601920E4601F05A
S3150100A1E80FF8FFF79DFEA26BE36B9A421FD22A4630
S3150100A1F831462046FFF7A4FF636A1BB104F1240028
S3150100A20800F04EFF08B1FFF77FFEFFF797FE01202A
S3150100A21805B0F0BDFFF784FEA36BE26B9A42E6D860
S3150100A2280123019A42B9FFF789FE0020F0E7022DC2
S3150100A238DDD000231F46F4E713B902A801F0B4F8EC
S3150100A248FFF77CFE00F086FDFFF76AFE94F84430BE
S3150100A258FF2B08BF84F8447094F84530FF2B08BFDC
S3150100A26884F84570FFF76AFE01A902A801F0A8F86B
S3150100A27820BBFFF755FEA26BE36B9A4210D1FFF79D
S3150100A2885DFE019904F1100000F0D8FE2046FFF7A3
S3150100A29814FF00F037FE0028BCD1FFF735FE06E0B3
S3150100A2A8FFF74CFE2046FFF708FF00F02BFEFFF7ED
S3150100A2B837FEA26BE36B9A42B2D298E72046FFF7C4
S3150100A2C8FCFE00F01FFEB0E738B100231A46194616
S3150100A2D883600360C360FFF77CBF7047F0B504462F
S3150100A2E885B00E46019200F08BFFFFF719FEA56BAC
S3150100A2F89DB131462046FFF756FF2369013DA56307
S3150100A30833B104F1100000F0CBFE08B1FFF7FCFDF4
S3150100A318FFF714FE012005B0F0BD019B1BB9FFF73D
S3150100A3280DFE0020F7E702A801F03EF82F46FFF7D9
S3150100A33805FE00F00FFDFFF7F3FD94F84430FF2BFF
S3150100A34808BF84F8447094F84530FF2B08BF84F899
S3150100A3584570FFF7F3FD01A902A801F031F8F8B934
S3150100A3682046FFF7E2FEA8B1019904F1240000F0A6
S3150100A37865FE2046FFF7A1FE00F0C4FD08B9FFF708
S3150100A388C3FDFFF7CDFDA56B002DB2D1019B002BB7
S3150100A398CDD1C4E72046FFF790FE00F0B3FDF0E704
S3150100A3A82046FFF78AFE00F0ADFD2046FFF7BDFE09
S3150100A3B80028E6D0B5E7F8B504460E460FF062DB8D
S3150100A3C8FFF716FEA36BE26B07469A421FD994F86C
S3150100A3D845200133FF2A55B2A3630FD1636A3BB106
S3150100A3E804F1240000F05CFE10B10EB101233360C4
S3150100A3F801243846FFF707FE2046F8BD00F0B8FCF1
S3150100A4088542F5D201356DB284F84550F0E700244E
S3150100A418EFE72DE9F8430446894690460FF032DB0B
S3150100A428FFF7E6FDA66B0746C6B194F844504946C0
S3150100A43820466DB2FFF7B7FE013E6B1CA66313D12A
S3150100A448236953B104F1100000F02AFE28B1B8F1CE
S3150100A458000F02D00123C8F8003001263846FFF75D
S3150100A468D2FD3046BDE8F88300F082FC8542F4D27D
S3150100A47801356DB284F84450EFE7F0B5002585B093
S3150100A488044601912E4600F0BBFE2F46FFF748FD14
S3150100A498A36BA3B1013BA363236813B900F07AFF49
S3150100A4A8A060236933B104F1100000F0F9FD08B189
S3150100A4B8FFF72AFDFFF742FD012005B0F0BD019B1C
S3150100A4C81BB9FFF73BFD0020F7E716B902A800F014
S3150100A4D86BFFFFF733FD00F03DFCFFF721FD94F814
S3150100A4E84430FF2B08BF84F8447094F84530FF2B9D
S3150100A4F808BF84F84570FFF721FD01A902A800F0FD
S3150100A5085FFF10BB2046FFF710FEC0B123683BB9B9
S3150100A518FFF706FDA06800F083FE0546FFF70EFD6E
S3150100A528019904F1240000F089FD2046FFF7C5FDD5
S3150100A53800F0E8FC08B9FFF7E7FC0126A6E7204684
S3150100A548FFF7BBFD00F0DEFCF7E72046FFF7B5FD98
S3150100A55800F0D8FC2046FFF7E8FD0028EDD0002DD5
S3150100A568B1D0FFF7DDFC616A19B1236B1968C1F136
S3150100A5783801A06800F0D0FEA3E710B50446FFF73E
S3150100A588CFFC236823B9A468FFF7D8FC204610BD81
S3150100A5980024F9E703680BB9806870470020704703
S3150100A5A870B5866804460D4600F01EFE864204D143
S3150100A5B80120E3680133E36070BD29462046FFF7B1
S3150100A5C85CFF0028F8D0E3680133E360F4E738B5A7
S3150100A5D88568044600F008FE85420BD1E368013B15
S3150100A5E8E3600BB1012038BD1A4619462046FFF72C
S3150100A5F8F0FDF7E70020F6E770B5B9B100230C4A7C
S3150100A6081C4615465668864204D105EBC403C3E9C0
S3150100A61800100BE01BB91668002E08BF134601345B
S3150100A6280A2C02F10802EDD1002BF0D170BD00BF52
S3150100A63804500020002310B5084A52F83310DC00F4
S3150100A648814206D10021064A42F83310224451605C
S3150100A65810BD01330A2BF0D1FAE700BF08500020DC
S3150100A6680450002010B5FFF7E5FF90F846301BB9F6
S3150100A678BDE81040FFF714BD10BD70B504460D4680
S3150100A6881646FFF74DFC94F84430FF2B04BF002310
S3150100A69884F8443094F84530FF2B04BF002384F82E
S3150100A6A84530FFF74BFCA36B2BB93246294604F11B
S3150100A6B8240000F0D3FC2046BDE87040FFF7FDBC3E
S3150100A6C870B50E46044610B3C06B00B3236CA3FBEA
S3150100A6D80035DDB9FFF724FCD4E90F314B43226875
S3150100A6E8A563D0185B1A62601A44FF23A06084F838
S3150100A6F84430E26084F8453056B104F11000FFF7A2
S3150100A70827FB04F12400FFF723FB0AE0002070BDB4
S3150100A718236933B104F1100000F0C2FC08B1FFF758
S3150100A728F3FBFFF70BFC0120F1E72DE9F0410D469C
S3150100A7381746064618B900242046BDE8F081A1FB54
S3150100A7480038B8F1000FF6D1484310F1510FF2D88D
S3150100A7585030FFF799FC04460028ECD080F8468073
S3150100A7685DB100F1500301212046C4E90F6523605C
S3150100A778FFF7A6FF84F84C70DEE70346F3E70246C7
S3150100A78810B500210120FFF7D0FF0446FFF79CFD15
S3150100A798204610BD10B50C4630B1884204D30222BA
S3150100A7A80021FFF7C2FF08B9002010BD8463FCE74A
S3150100A7B837B50D461C46E8B193B1A2B1E1B15023B4
S3150100A7C80193019B019B0121C4E90F0584F84610F9
S3150100A7D820462260FFF774FF9DF8183084F84C3044
S3150100A7E8204603B030BD49B950230193019B224647
S3150100A7F8019BE8E70446F3E70C46F1E71446EFE761
S3150100A808002213B50B46009011460120FFF7D0FF31
S3150100A8180446FFF759FD204602B010BD13B513468D
S3150100A8280C4640B1884206D3022200920022114604
S3150100A838FFF7BEFF10B9002002B010BD8463FBE725
S3150100A84810B590F85D3004463BB9006BFFF728FC5C
S3150100A8582046BDE81040FFF723BC012BF9D010BDF7
S3150100A86800222DE9F84306461E4B1F4C1D681F4B57
S3150100A8780F46D3F800801E4BD3F800902368206852
S3150100A88883F85E200430FFF793FA731C14D19FB145
S3150100A898184B21685A688A6090682168C8602168DF
S3150100A8A804314160216804319160226853611A6854
S3150100A8B801321A60BDE8F88323682168AD195D6025
S3150100A8C801F1040104D34846BDE8F843FFF74EBA3F
S3150100A8D84046FFF74BFA084B1A68AA4288BF1D6023
S3150100A8E8E8E700BF7850002050550020C4500020EA
S3150100A8F8C0500020805000205C500020064A136892
S3150100A9081968064B19B94FF0FF321A607047126879
S3150100A918D2681268F9E700BFC45000205C500020D5
S3150100A928F8B50C4C0C4F0D4D236803B9F8BDFFF76C
S3150100A938F7FAFB68DE68301DFFF73AFA2B68013B28
S3150100A9482B602368013B2360FFF7F8FA3046FFF7CF
S3150100A95877FFE9E794500020985000207C500020AA
S3150100A9682DE9F0410446FFF7DBFA304B304E1A6801
S3150100A978304F01321A603568002D4AD134601B68A0
S3150100A988012B1FD1B84640460135FFF7E1F9382DAD
S3150100A99808F11408F7D1DFF8C480274D4046FFF7C0
S3150100A9A8D7F92846FFF7D4F92448FFF7D1F92448FF
S3150100A9B8FFF7CEF92348FFF7CBF9234BC3F80080FD
S3150100A9C8224B1D60224A201D136801331360214A58
S3150100A9D823641168E36A8B4288BF136014225343C8
S3150100A9E8F9184A689568A260E56068609060FA5847
S3150100A9F861610132FA50FFF7A1FA174B1B689BB147
S3150100AA083368DA6AE36A9A420ED2BDE8F041FFF783
S3150100AA187BBA114B1A68E36A002AD3D13268D26A23
S3150100AA289A4298BF3460CDE7BDE8F0817C5000209A
S3150100AA3850550020F0500020C8500020AC5000208E
S3150100AA489850002080500020C4500020C05000209B
S3150100AA58605000207450002070500020DC50002007
S3150100AA6808B5044CFFF75CFF2368012BFAD9FFF7F9
S3150100AA784BFAF7E7F05000202DE9F8430D46DDE9DA
S3150100AA880994960032460746A521206B9846FEF79B
S3150100AA98C7FE236B043E1E4426F007066DB16B1EE6
S3150100AAA804F13302093513F8011F02F8011F09B130
S3150100AAB8AB42F8D1002384F83D30089D201D372D7F
S3150100AAC828BF3725E562A564FFF74DF9C5F13805B5
S3150100AAD804F11800FFF747F943463A463046216B19
S3150100AAE82461A5616462FFF773F92060B9F1000F6B
S3150100AAF801D0C9F80040BDE8F8832DE9F0430746BF
S3150100AB0885B09000884616469946FFF7BDFA054670
S3150100AB18F0B16020FFF7B8FA0446B0B1602200210F
S3150100AB28FEF77EFE0D9B256301930C9B324641463B
S3150100AB383846009302944B46FFF79EFF2046FFF7DF
S3150100AB480FFF012005B0BDE8F0832846FFF7A8FAF4
S3150100AB584FF0FF30F6E72DE9F043174660220E461F
S3150100AB68002187B005929846DDE90F94059B0546B5
S3150100AB78059B0491C4B1B9F1000F15D02046FEF723
S3150100AB884FFE022384F85D3004ABC4F8309001937C
S3150100AB980E9B284600933A46434631460294FFF7F0
S3150100ABA86BFF2046FFF7DCFE049807B0BDE8F0838B
S3150100ABB8F8B504461D4DFFF7B3F904B92C68271DEE
S3150100ABC83846FFF7F5F8A36A1BB104F11800FFF739
S3150100ABD8EFF8174A174E1368013313602B68A3421F
S3150100ABE8336800D15BB9144A1368013B1360FFF758
S3150100ABF885FEFFF7A3F92046FFF722FE09E039464D
S3150100AC080E48FFF7CAF80E4A136801331360FFF7B7
S3150100AC1895F9336843B12B68A34205D1094B1B68E3
S3150100AC28BDE8F840FFF770B9F8BD00BF50550020E0
S3150100AC3860500020705000207C5000209850002061
S3150100AC4894500020545000201A4B2DE9F0411B68FE
S3150100AC580446834226D0FFF763F9174BD4F82880B8
S3150100AC681F68164B65691E68FFF768F9144B984506
S3150100AC781AD0BD421AD0B54218D0124B9D4209D1FD
S3150100AC88A36A9BB994F85C30012B14BF03200220F8
S3150100AC98BDE8F0810C4B9D420AD0002D14BF01205E
S3150100ACA80420F5E70020F3E70120F1E70220EFE7AA
S3150100ACB80420EDE750550020C4500020C050002064
S3150100ACC8AC500020805000209850002030B58BB041
S3150100ACD807AB1D46184A12F8014B03F8014B002C25
S3150100ACE8F9D106AA05A904A8CDE90444FFF718F87D
S3150100ACF8049B29460293059B069ACDE900430F4812
S3150100AD082346FFF728FF0E4B186080B100F0E6FCDA
S3150100AD18012805460BD1FFF76BF94FF0FF32094BB6
S3150100AD281A60094B1D60094B1C60FFF79DF8084B1B
S3150100AD381B680BB030BD00BF48DA0101C12880008D
S3150100AD48585000205C500020705000207850002098
S3150100AD587C7C0020024A136801331360704700BFE8
S3150100AD6854500020014B1868704700BF78500020E6
S3150100AD78014B1868704700BF7C500020012906D88E
S3150100AD8808B9044B1868143150F82100704700209F
S3150100AD98704700BF505500202DE9F84F4E4B1B68F0
S3150100ADA8002B40F092804D4B1C6801341C6064B93D
S3150100ADB84B4B1A684B4A19681068186011604A4A61
S3150100ADC8136801331360FFF799FD484D00202B687E
S3150100ADD8474AA342DFF824B10FD91421DBF8003022
S3150100ADE8DB6A4B43D358022B424B28BF01201B6811
S3150100ADF8002B18BF0120BDE8F88F0746DFF800C110
S3150100AE08374B1B681B681BB94FF0FF332B60E4E710
S3150100AE18334B1B68DB68DB6859688C4201D22960B1
S3150100AE28DBE7D3F81480D3E90219C1F80890C9F809
S3150100AE380410D8F8041003F1040E7145D8F800106F
S3150100AE4808BFC8F8049001395F61C8F80010D3F843
S3150100AE582880B8F1000F13D0D3E90719C1F8089073
S3150100AE68C9F80410D8F8041003F1180A5145D8F89E
S3150100AE78001008BFC8F8049001399F62C8F800108D
S3150100AE881426D96ADCF80080414506FB01F802EB75
S3150100AE98080ADAF8049088BFCCF80010D9F80860D7
S3150100AEA8C3F80890DE60C6F804E0C9F808E0C3F8FC
S3150100AEB814A052F80830013342F80830DBF80030A4
S3150100AEC8DB6A994288BF01209AE70B4A002013687A
S3150100AED8013313608FE700BF5450002078500020DB
S3150100AEE8C4500020C0500020645000205C5000204F
S3150100AEF8F0500020685000206C500020505500206A
S3150100AF08745000202DE9F84FFFF70AF8434B1A68E9
S3150100AF181A68013A1A601B682BB10024FFF70EF86C
S3150100AF282046BDE8F88F3E4A1268002AF5D0142556
S3150100AF384FF0010C3B483C4C3C4A3D4E3D4F51E0DD
S3150100AF48C368DB68D3F828E0D3E90718C1F8088095
S3150100AF58C8F80410DEF8041003F1180949454FF042
S3150100AF68000108BFCEF804809962DEF800100139A5
S3150100AF78CEF80010D3F814E0D3E90218C1F8088016
S3150100AF88C8F80410DEF8041003F104094945DEF88F
S3150100AF98001008BFCEF804800139CEF80010D3F8A6
S3150100AFA82CE0216805FB0EF802EB080A8E45DAF853
S3150100AFB8041088BFC4F800E0D1F808B09960C3F856
S3150100AFC80CB0CBF80490C1F8089052F80810C3F8F1
S3150100AFD814A0013142F808103168C96A8E4501D9B1
S3150100AFE8C7F800C001680029AAD10BB1FFF786FC92
S3150100AFF8114D2C6844B101270E4EFFF7CDFE00B165
S3150100B0083760013CF9D12C600A4B1B68002B84D0B0
S3150100B018074B01241B68FEF777FF7FE75450002092
S3150100B0287C500020AC50002074500020F0500020C5
S3150100B03850550020685000206C50002010B50C4671
S3150100B048054B19681831FEF791FE2046BDE81040F8
S3150100B0580121FFF705BC00BF505500200F4B70B406
S3150100B06844681D68A668EC611D68002A2E621D6881
S3150100B07805F1180575601D681B6805F11805A560B9
S3150100B0889862036870BC03F1010303600CBF0846AC
S3150100B0984FF0FF301146FFF7E3BB00BF50550020C4
S3150100B0A8C368F0B5DB689A6AD3E90701816048602D
S3150100B0B8506803F11804A04208BF51600021996243
S3150100B0C81168013911601D4AD96A1268002A29D105
S3150100B0D8D3E902405A69A060446054681D1DAC4218
S3150100B0E808BF5060106801381060154A106881421F
S3150100B0F888BF116014224A43124886187468A768E3
S3150100B1089C60DF607D60A5605E6183580133835072
S3150100B1180D4B1B68DB6A994285BF01200B4B00204A
S3150100B1281860F0BD0A4A50688568D8611D626C606E
S3150100B13884609A62136801331360E9E7545000206A
S3150100B14874500020F050002050550020685000200F
S3150100B158AC500020F8B51F4B1A681F4B12B10122DB
S3150100B1681A60F8BD1D4C1A6023681B6B1A68B2F188
S3150100B178A53F0BD15A68B2F1A53F07D19A68B2F13A
S3150100B188A53F03D1DB68B3F1A53F04D02168206848
S3150100B198343116F050D81427114D124A296807FB85
S3150100B1A801F3D658981896B1466808337668134459
S3150100B1B89E4208BFC368466008BF4360142303FB69
S3150100B1C801225368DB68236029602368C9E70139CE
S3150100B1D8E5E700BF54500020685000205055002074
S3150100B1E874500020F0500020014B1868704700BFCA
S3150100B1F8505500200122014B1A6070476850002003
S3150100B208054B1B6833B1054B1868B0FA80F0400945
S3150100B21840007047012070477050002054500020AC
S3150100B228F8B5044600282ED01D4DC36A2A68D26A8D
S3150100B23893422DD282691B4E002AA1BF2A68D26A7F
S3150100B248C2F138028261142202FB036342699A42FF
S3150100B2581AD1071D3846FEF7ABFD2B68124ADB6A81
S3150100B2681168E3628B4288BF136014225343F118B5
S3150100B2784A689068A260E06047609760F258616129
S3150100B2880132F2500120F8BD2B68DB6AC362F9E787
S3150100B2982B68806CDB6A98422CBF00200120F2E7FC
S3150100B2A850550020F05000207450002070B5044617
S3150100B2B808B9002070BD154BC16A1B68826CC36C46
S3150100B2C8914203F1FF33C364F3D0002BF1D1051D7D
S3150100B2D82846FEF76DFDA36CC3F13802A2610C4A3C
S3150100B2E8E36211688B424FF0140188BF13604B4328
S3150100B2F8084AD01841688E68A160E66075608D605D
S3150100B308D158606101310120D150D3E75055002051
S3150100B31874500020F050002070B50446002831D042
S3150100B328836C994238BF1946C36A8B422AD0C26CCC
S3150100B338012A27D1144A154D12688269C162002A69
S3150100B3484FF0140202FB03534269A4BFC1F138014D
S3150100B35881619A4216D1061D3046FEF729FD0C4A2F
S3150100B368E36A11688B4288BF136014225343E918B4
S3150100B3784A689068A260E06046609660EA58616132
S3150100B3880132EA5070BD00BF50550020F050002030
S3150100B39874500020034B186810B1C36C0133C364A1
S3150100B3A8704700BF50550020034B1B680360034BD1
S3150100B3B81B684360704700BF645000207850002026
S3150100B3C870B504460D46FEF7ABFD144B6268196865
S3150100B3D8134B186890F85E0040B100221B6883F889
S3150100B3E85E200124FEF7AAFD204670BD2B68581C75
S3150100B3F812D00C4826680068864204D08A4202D8D0
S3150100B40800232B60EDE7881A8342F9D95B1A1344A6
S3150100B41820462B60FFF7C8FF0024E3E77850002099
S3150100B4285055002064500020914208B541600061E2
S3150100B4380AD8D21A83699A420DD2084B011D186897
S3150100B448FEF794FC002008BD9A4201D2994202D225
S3150100B458034B011DF3E70120F5E700BFB0550020B6
S3150100B468B455002070B504460D461646A1692B460B
S3150100B478324620462944FFF7D7FF00B970BDA369B4
S3150100B48820461D44236A9847F0E700000E4B70B525
S3150100B4981B680546DB680E46DC68201DFEF788FC3E
S3150100B4A894F828305A0709D5324629462046FFF727
S3150100B4B8D9FF2046236ABDE87040184723F00103E7
S3150100B4C884F82830F5E700BFB4550020F8B50546DD
S3150100B4D8FFF748FC0D4E04463368834209D90C4FE1
S3150100B4E83B681A6852B90B4A11681360396001231F
S3150100B4F800E0002320462B603460F8BDDB684FF07E
S3150100B508FF311868FFF7C2FFEAE700BF545500206C
S3150100B518B4550020B0550020F7B5114CFEF700FDD3
S3150100B5282568BDB90F4F104E3846FEF711FC304657
S3150100B538FEF70EFC0D4B10211F600D4B0A201E60F5
S3150100B5480C4A0D4B0095FFF733F9206010B10B49F2
S3150100B558FFF752F803B0BDE8F040FEF7EFBC00BFB5
S3150100B568AC550020CC550020B8550020B455002014
S3150100B578B0550020897A0020585500204DDA01017E
S3150100B5882DE9F041524F534E86B03B68D3F80080FF
S3150100B598B8F1000F37D00024DB68D3F80080FFF735
S3150100B5A8D9FB02A8FFF792FF029B0546002B3FD164
S3150100B5B85CBB40452FD3FFF7A5FC29464046FFF75C
S3150100B5C865FF1022002102A8FEF72AF90022306839
S3150100B5D802A9FEF783FE0028D7D0029B0498002B08
S3150100B5E829DB049C63696BBB01A8FFF76FFF029B0C
S3150100B5F80546013B082BE9D8DFE803F028284B521A
S3150100B6086128284B52000124C9E7334B1B681C6883
S3150100B618B4FA84F4640922463068A8EB0501FFF7F9
S3150100B6282CF8FFF76FFC0028CBD1FEF76DFCC8E7B5
S3150100B638FFF768FCC5E7039B05999847029B002B12
S3150100B648C4DBCEE7201DFEF7B3FBCDE794F828301F
S3150100B658A16943F0010384F82830039B0246194483
S3150100B6682046FFF7E1FE0028B0D094F828305907A4
S3150100B6780AD5A36903992A4620461944FFF7F2FE1B
S3150100B6882046236A9847A1E723F0010384F8283066
S3150100B698F6E794F8283023F0010384F8283095E773
S3150100B6A894F82830024643F0010384F828300399B8
S3150100B6B80346A16101442046FFF7B6FE86E794F8E2
S3150100B6C828309A07E7D42046FEF7EAFC7EE700BF52
S3150100B6D8B4550020AC550020B055002010B588B0EF
S3150100B6E8FFF71AFF0E4B00241868B8B107AA06A976
S3150100B6F805A8CDE90544FEF71FFB059B079A0293AA
S3150100B708069B084901932823074800932346FFF718
S3150100B71822FA064B1860001B18BF012008B010BD9D
S3150100B728AC55002052DA0101E1338000A85500200A
S3150100B7380348044B834202D0034B03B118477047B1
S3150100B748E0860020E086002000000000064B07493D
S3150100B758C91A891048BF0131491003D0044B0BB1EE
S3150100B76801481847704700BFE0860020E0860020A0
S3150100B7780000000010B5064C237843B9FFF7D8FF3F
S3150100B788044B13B10448AFF300800123237010BDA5
S3150100B798585900200000000014E9010108B5054BBD
S3150100B7A81BB105490548AFF30080BDE80840FFF71E
S3150100B7B8CDBF00BF00000000203C002014E90101B4
S3150100B7C8A3F5803A704700BF174B002B08BF134BF0
S3150100B7D89D46FFF7F5FF00218B460F461348144A8D
S3150100B7E8121AF5F749DF0E4B002B00D098470D4B7F
S3150100B7F8002B00D098470020002104000D000D48B9
S3150100B808002802D00C48AFF3008009F03DF820006B
S3150100B81829000DF0DEFA08F0A1FF00BF00000800BC
S3150100B828000000000000000090390020003A0020C6
S3150100B8382C7B0020000000000000000030B589B014
S3150100B848044609F08CFD01230E4A0025CDE90223A1
S3150100B8580D4B01A805934FF47053CDE90654019396
S3150100B86809F070FD019B04930BF01EFF000240F0E6
S3150100B87801000390694602A8009507F045FF09B043
S3150100B88830BD00BF1271000109060006F0B589B086
S3150100B8980C461546064609F062FD0123114A0027A2
S3150100B8A8CDE90223104B01A805934FF47053CDE956
S3150100B8B80676019309F046FD019B04930BF0F4FE0D
S3150100B8C8000240F0010021466B462A46039002A871
S3150100B8D800970FF022FE044602A810F0DDF8204674
S3150100B8E809B0F0BD127100010906000610B50A4B30
S3150100B8F886B0144602930023059103901A46CDE9B2
S3150100B9080033214405A80DF008FC002814BFAC201B
S3150100B918002006B010BD00BF895301012DE9F04191
S3150100B928CEB0549D1C462B6806460F469046002B02
S3150100B93855D06B68B3F5007F51D302A810F0E4FE29
S3150100B9486368E3B12468274B2278002A08BF1C469E
S3150100B95800217C2207A80691F5F78EDE8021234671
S3150100B968CDE90078204A06A809F03AFB06A902A8FB
S3150100B97810F0E3FE28B1AC204EB0BDE8F081194CB9
S3150100B988E6E7092102A810F0D4FE3068FFF756FF52
S3150100B99826A80FF0B2F9316826A807F08BF80446F5
S3150100B9A80028E8D126A902A810F0C5FE009423466E
S3150100B9B8D5E9001202A808F059FD04460028DAD193
S3150100B9C8286811F092F96B680130984201D911F093
S3150100B9D810F9686002A810F09BFE2046CCE72F20DC
S3150100B9E8CAE700BF18D0010126D00101F0B50C46FF
S3150100B9F8002197B00646154607A83C220691F5F799
S3150100BA083BDE402305AACDE9013206AF009705932F
S3150100BA180E49D4E9002330680FF0C2FE044698B9EE
S3150100BA28059E6B689E420DD832463946286811F044
S3150100BA38D5F96B689E4201D911F0DBF820466E6094
S3150100BA4817B0F0BD1920FBE7AC20F9E70906000697
S3150100BA58044808B500680CF0EDFC002814BFAE20B8
S3150100BA68002008BD487C002008B5034B18680CF077
S3150100BA78D0FC002008BD00BF487C002038B504462C
S3150100BA880D46204609F08BFC6B7C002857D0052B08
S3150100BA9859D0032B17D0042B38D0012B4DD10222B4
S3150100BAA82146284609F039FD002833D1294628467A
S3150100BAB809F077FD70BB95F82430002B0CBF0323E2
S3150100BAC805236B74DDE795F825209AB121462846AA
S3150100BAD82A7F09F022FDE8B92946284609F0A2FD80
S3150100BAE8C0B995F8253073B90223AA691A442A629E
S3150100BAF80423E6E72B7D013BDBB2022B9CBF134AED
S3150100BB08D25CAA61F0E72B7F0233EEE795F8243081
S3150100BB180BB1232038BDAA690AB91820FAE72146CC
S3150100BB28284609F0FAFC0028F4D12946284609F0E6
S3150100BB38A1FD0028EED10523C3E70320EAE7052B7B
S3150100BB4801D00D20E6E70020E4E700BF64D001013B
S3150100BB5800487047307B0020024A0349034810F029
S3150100BB6895BE00BF2C7B002057570101307B002072
S3150100BB780023F0B590F8C12087B00446019322B19D
S3150100BB88A0F8C03017480AF0B2FA0025164F04F19A
S3150100BB98B806304601ABC5F180027919FFF758FF9F
S3150100BBA8C0B1DDB1114B04AA0493802302A9204632
S3150100BBB8CDE90275059309F0E1FDDDE9041280F08E
S3150100BBC8010084F8C1003046FFF74EFF30B100206E
S3150100BBD807B0F0BD019B01901D44DAE794F8C00057
S3150100BBE8F6E700BFB43D0020D95900205959002075
S3150100BBF8836810B504460BB92F2010BD1A491A6B74
S3150100BC08D1E900138B4298BF002302F1040288BFD1
S3150100BC185B1A9A4204D000231348194609F0A8FE74
S3150100BC28A36812491A6BD1E900138B4298BF002306
S3150100BC3802F1080288BF5B1A9A4204D000230B4816
S3150100BC48194609F095FED4E90312A06801F076F9C0
S3150100BC580028D2D1237E2BB16169A06801F0F6F8DC
S3150100BC680028CAD10020C8E7703D0020403D0020C9
S3150100BC782DE9F341054608460C4609F09DFB0646A3
S3150100BC8878B1254809F08BFB58B1864232462249DC
S3150100BC9828BF0246204609F024FC10B102B0BDE8CF
S3150100BCA8F0811E4F1C4E27E03368013AC6E902337C
S3150100BCB8D7F80031C7F8042157F82300013303F0F8
S3150100BCC83F030190C7F800312846CB69124A01A9FA
S3150100BCD898470028E2D1204609F06EFB8046304697
S3150100BCE809F05DFB80454246314628BF024620469B
S3150100BCF809F0F7FB0028D1D1204609F05DFB296838
S3150100BD0818B1D7F80421002ACED12846CB6802B04B
S3150100BD18BDE8F041184700BF403D0020383C0020EF
S3150100BD2870B504460D460E4E284609F038FB28B96B
S3150100BD3823682046BDE870409B6818473146284667
S3150100BD48FFF79CFE0D28EFD048B9236820469B696A
S3150100BD580349984718B9024809F02DFEE4E770BD72
S3150100BD68703D002091F8273070B506460C464D8A7D
S3150100BD782BB10A7D1948294609F040FE30BBB5F5B5
S3150100BD88827F0AD8B5F5807F0BD9A5F58175022D75
S3150100BD9809D8DFE805F00C0A0F0040F23B139D4273
S3150100BDA811D0A62012E0E36AF36000200EE0E36AF0
S3150100BDB83361FAE794F8243083F00103337603B14B
S3150100BDC8E36A7361F1E7B2680AB92F2070BDA38DE2
S3150100BDD8002B08BF4FF400731363E6E7383C0020D5
S3150100BDE808B503480A7D498A09F008FE08BD00BF5F
S3150100BDF8383C002070B586680C460EB92F2070BDF8
S3150100BE0891F8263003B9B43694F82730257D33B135
S3150100BE182A46618A174809F0F1FD0028EFD1032D5A
S3150100BE2826D8DFE805F016020E1133689B6894F8E8
S3150100BE382420618A5AB904F12C023046BDE87040C3
S3150100BE48184733681B69F2E733689B69EFE70022F5
S3150100BE58F3E73368618ADD6A94F8243033B9E26A14
S3150100BE683046AC46A369BDE8704060470022F7E753
S3150100BE782620C4E7383C00200A46498A10B5B1F5A0
S3150100BE88A27F15D008D840F2051399421AD0B1F508
S3150100BE98A17F0DD0A6200AE040F2A1139942F9D15B
S3150100BEA8806838B10368DC6A9369D26AA04710BD15
S3150100BEB8806808B92F20FAE703682C321B69BDE8A8
S3150100BEC810401847127D024809F098FDEFE700BFB8
S3150100BED8383C00202DE9F04100251746526894B0F8
S3150100BEE8052A88461E468DF805508DF806508DF8A8
S3150100BEF8075040F2A78001233968023A02A809F0DF
S3150100BF084EFD0DF1050102A809F025FB044600289E
S3150100BF1840F094800DF1060102A809F01CFB0446C5
S3150100BF28002840F08B800DF1070102A809F013FBE8
S3150100BF380446002840F082807B683168802B7CD8D3
S3150100BF4873687F2B7CD903467622083107A809F046
S3150100BF5826FD9DF80630013B042B6CD8DFE803F07B
S3150100BF6803325D64550001238DF83430514BCDF809
S3150100BF7838800C930023CDE90F3311938DF848309F
S3150100BF88B8F1000F1BD0D8F8305000232A1D1946E6
S3150100BF98494809F0EDFC484809F00DFD002305F173
S3150100BFA808021946454809F0E3FC0022444BC3F848
S3150100BFB8042107AA02A90CA809F045FD09E04FF4D6
S3150100BFC80075E2E73C4809F0C5FC3C4809F0C2FCAB
S3150100BFD80020099A079B9A4288BFD41AE5B20446FB
S3150100BFE800230822316807A809F0D9FC00211C2280
S3150100BFF80DA80C91F5F740DB022107A809F0E9F92C
S3150100C00810B3002014B0BDE8F08101238DF8343057
S3150100C0182C4BCDF838800C93CBE70323CDF8388029
S3150100C0288DF83430284BF6E70423CDF838808DF89F
S3150100C0383430264BEFE72A20CBE7C2240025CFE789
S3150100C0481924FBE71924CBE79DF8061007A841F048
S3150100C058800109F0BEF90028D3D19DF8071007A879
S3150100C06809F0B7F90028CCD1214607A809F0D6F975
S3150100C0780028C6D1294607A809F0ABF90028C0D17E
S3150100C088726805F10A03934201D910F0B2FD083529
S3150100C0982946306873600CAA00F0F8FF0028B0D171
S3150100C0A89DF80600BDF830203368023818BF012014
S3150100C0B85A53A7E784D00101703D0020403D002076
S3150100C0C8383C0020ACD00101D4D00101FCD00101DB
S3150100C0D8002208B51146064809F07CFC00220548ED
S3150100C0E8114609F077FC0022034BC3E9402208BD3B
S3150100C0F8703D0020403D0020383C002002490A6876
S3150100C10802604A684260704760D3010110B440F288
S3150100C1186314A142034612D0B1F5B27F07D2B1F535
S3150100C128827F20D0B1F5B17F18D0A62009E040F270
S3150100C13897108142F9D102B11268DA6211E01AB98F
S3150100C1482F205DF8044B704711680A4BA1F57A72E6
S3150100C1589A42F5D85DF8044B00F0D0BD02B11268D9
S3150100C1689A620020EDE7002AEAD011685DF8044BCF
S3150100C17800F06CBEB88201002DE9F047002405469F
S3150100C1888EB08846174621460D2205A80DF12809C5
S3150100C1981E460494F5F770DA21460D22484609949D
S3150100C1A8F5F76ADA1122284602AB04A9CDE9024459
S3150100C1B800F05AFD044600285DD1029B0A2B51D195
S3150100C1C89DF814302D2B2FD00025049B0A2203A994
S3150100C1D809A809938DF8285008F044FB039BA8F891
S3150100C1E800004B4541D1BDF814300A2203A909A81C
S3150100C1F8ADF824308DF8265008F034FB3870039FCB
S3150100C2080DF126039F4230D1BDF816300A2203A943
S3150100C21809A8ADF824308DF8265008F023FB039BB6
S3150100C2283070BB4221D125E09DF817302D2BCBD19B
S3150100C2380823029306AB01930DF1150311210F4A49
S3150100C248009309A804AB08F0CBFEDDF808A009A9FC
S3150100C258524604A810F0C0FC5246284604A900F02C
S3150100C268FDFC40B9029B072BAED8054804A908F086
S3150100C2782FFB2F2420460EB0BDE8F0871CD1010103
S3150100C28829D101010023F0B587B001930C46D1E904
S3150100C298001201AB00F0F4FC40F20123984225D1CB
S3150100C2A802AD2A46144B03F110072E461868596841
S3150100C2B8083303C6BB423546F7D163680F2B02D84C
S3150100C2C8192007B0F0BD256806AE134603CBB34265
S3150100C2D8286069601A4605F10805F6D1102301930D
S3150100C2E8019B6268934204D910F083FC0028E8D1C7
S3150100C2F8F6E700206360E4E768D30101F0B5B1F51C
S3150100C308AA7F99B0154606461A461E9C3CD8B1F531
S3150100C318A07F09D840F2051399426CD040F2111357
S3150100C328994261D0A62064E06FF4A07319441329D9
S3150100C338F8D801A353F821F039C400012DC300012F
S3150100C34853C400012DC3000159C400015FC4000193
S3150100C35865C400016BC400012DC300012DC3000192
S3150100C3682DC300012DC300012DC300012DC30001FA
S3150100C3782DC300012DC300012DC3000171C40001A5
S3150100C38877C4000181C40001B1F5C17F00F0918035
S3150100C39810D840F26513994200F08180B1F5B37F58
S3150100C3A800F08280B1F5B27FBCD12346294600F060
S3150100C3B8C1FC1DE040F29513994200F0888040F2D5
S3150100C3C8B113994200F0928040F293139942A9D190
S3150100C3D8CDE90B5205B9E2B933683046DB6F0BA9D3
S3150100C3E8984730B90C9B21E02346294600F040FDC9
S3150100C3F848B319B0F0BD00F134073846039210F07E
S3150100C40874FC039A0130CDE906050597089215B91A
S3150100C4180AB110F0EEFB07AB00933046728B318BF5
S3150100C42805AB00F0CFFC0028E3D1089B23600AE0A6
S3150100C43803681B6B2946304698470028D9D12846F8
S3150100C44810F053FC20600020D3E703689B6BF1E7EB
S3150100C45803681B6CEEE703685B6CEBE703689B6C90
S3150100C468E8E70368DB6CE5E703685B6DE2E723460B
S3150100C478294600F0F9FBBBE721230E9303680FAFAA
S3150100C4880392DB6D0D970DA99847039A0028B0D141
S3150100C498134620212A46384609F0DDFDD2E7234610
S3150100C4A8294600F053FCA3E72346294600F0ECFC95
S3150100C4B89EE7CDE909530DB9002BAAD13368304659
S3150100C4C89B6F09A99847002893D10A9BAEE7CDE946
S3150100C4D80D520DB9002A9CD133683046D3F8803005
S3150100C4E80DA99847002884D10E9B9FE7CDE90F52E5
S3150100C4F80DB9002A8DD133683046D3F888300FA993
S3150100C508984700287FF475AF109B8FE7F0B54B6805
S3150100C5180646602B0C461546A5B029D90027822266
S3150100C528394603A80297F5F7A7D801AB8622304604
S3150100C53802A9019700F00AFC40F20123984210D1A2
S3150100C54884220C4902A8019210F046FB226801993F
S3150100C55802A800F0B1FD28606368984205D910F079
S3150100C56848FB0028F2D025B0F0BD60600020FAE74C
S3150100C5781920F8E748D1010170B50026044696B09E
S3150100C5882A220D460BA831460A96F5F775D801AB4E
S3150100C5982E2220460AA9019600F0CCFB40F201237F
S3150100C5A8984227D118230193174B0AAC03F11806B1
S3150100C5B8224618685968083303C2B3421446F7D1AC
S3150100C5C800241C22214603A80294F5F755D801999F
S3150100C5D802AA0AA800F070FD6B680646984210D8B0
S3150100C5E8024602A9286810F0F7FA6B689E4205D937
S3150100C5F810F0FFFA0028E3D016B070BD20466E6031
S3150100C608FAE71920F8E700BFCDD1010170B5B1F5F8
S3150100C618B27F054616461C4692B000F01D8121D808
S3150100C62840F21113994271D06FF4A07319448BB279
S3150100C638132B30D813292ED8DFE811F06F002D00FF
S3150100C6487C002D0089009600A300B0002D002D0066
S3150100C6582D002D002D002D002D002D002D00BD00D3
S3150100C668D900EA0040F29513994200F04481B1F5E8
S3150100C678CB7F22D240F28113994200F01F81B1F596
S3150100C688C17F0AD240F26513994200F0F080B1F5F4
S3150100C698B37F00F0F380A620A0E000F0228140F2EB
S3150100C6A893139942F7D13146224609A809F03AFB74
S3150100C6B8284609A900F0D2FC90E0B1F5D17F00F037
S3150100C6C83B8111D8B1F5CB7F00F01F8140F2A11350
S3150100C6D89942E0D1002A40F0228180223146343045
S3150100C6E8F4F7CADF002079E040F2B1139942D2D1BA
S3150100C6F8002AF7D0002CF5D03146224609A809F0C0
S3150100C70811FB284609A900F0EFFB67E022463146EE
S3150100C71812B0BDE8704000F0A5BB02B13CB90022D9
S3150100C7288D49284612B0BDE8704000F0C1B92246CD
S3150100C7383146F6E702B13CB900228749284612B0CC
S3150100C748BDE8704000F0DCB922463146F6E702B191
S3150100C7583CB900228049284612B0BDE8704000F075
S3150100C768F7B922463146F6E702B13CB900227A49C1
S3150100C778284612B0BDE8704000F0FCB922463146A1
S3150100C788F6E702B13CB900227349284612B0BDE862
S3150100C798704000F001BA22463146F6E702B13CB9CB
S3150100C7A800226D49284612B0BDE8704000F006BA6D
S3150100C7B822463146F6E702B194B900211C220AA89D
S3150100C7C80991F4F759DF2021644AAB8B09A808F0CF
S3150100C7D807FC09A90246284600F016FA12B070BDF0
S3150100C7E82246314612B0BDE8704000F00DBA02B1DA
S3150100C7F83CB908225A49284612B0BDE8704000F0F3
S3150100C8082DBA102C01D92F20E8E722463146F2E746
S3150100C81802B1C4B9102105A809F0FBFA0028DDD137
S3150100C828022310210093212309AA05A809F0D3FBA5
S3150100C8380028D3D109A810F058FA09A902462846B2
S3150100C84800F018FACAE7102CDDD802232146009316
S3150100C8583046212309AAE9E7002AD4D0002BD2D0F1
S3150100C8681A46314612B0BDE8704000F05DBA22465C
S3150100C878314612B0BDE8704000F062BA02B1B4B9EF
S3150100C8880023CDE90933CDF82B30AB6A09A8029309
S3150100C898EB8B01936B6A00936A8B298B2B6A09F0E0
S3150100C8A8FCF90B22284609A900F0E8FA96E7224680
S3150100C8B8314612B0BDE8704000F0E0BA02B154B991
S3150100C8C8002305AACDE909238DF81430284609A9BC
S3150100C8D809F07AFA82E72246314609A809F022FACE
S3150100C8E8F4E73146224609A809F01CFA284609A99F
S3150100C8F800F0C0FB72E73146224609A809F012FA90
S3150100C908284609A900F09EFB68E73146224609A890
S3150100C91809F008FA284609A900F042FA5EE77F2CD1
S3150100C9283FF671AF22463146343010F055F90023EF
S3150100C9382C4484F83430D5E6002A3FF464AF002C41
S3150100C9483FF461AF3146224609A809F0EBF92846BA
S3150100C95809A900F0B1FA41E7F4DC0101E6D10101C8
S3150100C968E9D10101012903BF034B00201B78A62049
S3150100C97808BF1370704700BF795A0020022938B5DD
S3150100C98814461D460FD1202200210848F4F774DE0B
S3150100C9983CB1202D2A46214628BF2022034810F003
S3150100C9A81BF9002038BDA620FCE700BF595A002014
S3150100C9B8104608B56AB163B102290CD1202B28BFEC
S3150100C9C820231A46029B05491A6010F005F9002032
S3150100C9D808BD2F20FCE7A620FAE700BF595A002018
S3150100C9E8012905D102B11278024B00201A7070474D
S3150100C9F8A6207047795A00202DE9F0431D460023E9
S3150100CA0889B0074608460E461446CDE9053300F0B7
S3150100CA18C5FC18B9D82009B0BDE8F083304605A988
S3150100CA2800F026FD0028F6D1204600F0B7FC0028C4
S3150100CA38F0D0204606A900F01BFD0028EBD1DDE960
S3150100CA480596079007A9184800F012FD044600BB91
S3150100CA58079919EB01081ED10EB110F0CAF8022088
S3150100CA6809F00DFBA0B1079B022100931F203B464D
S3150100CA78CDE901960D4A09F0F5FA6B689E4210D880
S3150100CA8832464146286810F0A9F96B689E42E4D8F7
S3150100CA986E602046BFE7022009F0F1FA0028ECD0C3
S3150100CAA8E1E71924F5E700BF21720800B0D30101B7
S3150100CAB8014800F0EBBD00BF00720800002307B56E
S3150100CAC80348019301AB00F0FBFC03B05DF804FBDE
S3150100CAD800720800014800F0ABBD00BF0C720800E7
S3150100CAE810B506480C4600F097FC40F2012398421F
S3150100CAF802BF4FF6F1730020238010BD0C720800A7
S3150100CB08014800F0C3BD00BF0D720800002307B538
S3150100CB180348019301AB00F0D3FC03B05DF804FBB5
S3150100CB280D720800014800F083BD00BF0B720800B2
S3150100CB3810B506480C4600F06FFC40F201239842F6
S3150100CB4802BF48F201030020238010BD0B720800C2
S3150100CB58014800F09BBD00BF0E720800002307B50F
S3150100CB680348019301AB00F0ABFC03B05DF804FB8D
S3150100CB780E720800014800F089BD00BF1072080056
S3150100CB88002307B50348019301AB00F099FC03B0F4
S3150100CB985DF804FB10720800014800F077BD00BF7C
S3150100CBA811720800002307B50348019301AB00F091
S3150100CBB887FC03B05DF804FB11720800014800F018
S3150100CBC865BD00BF12720800002307B5034801932B
S3150100CBD801AB00F075FC03B05DF804FB12720800A6
S3150100CBE8014800F025BD00BF1872080010B50548B8
S3150100CBF80C4600F011FC40F20123984204BF0020C4
S3150100CC08208010BD18720800014800F03FBD00BF22
S3150100CC180F72080073B5002601AB0E480C4615467F
S3150100CC28019600F04DFC40F2012398420BD164B104
S3150100CC380C2D0CD920462A4607490FF0F3FF30463A
S3150100CC482C4404F8016C02B070BD0B20FBE71920D7
S3150100CC58F9E700BF0F720800CED30101014800F0C1
S3150100CC6815BD00BF04720800014800F029BC00BFC9
S3150100CC7804720800014800F023BD00BF1F720800B6
S3150100CC8807B500200090034800F070FC03B05DF87A
S3150100CC9804FB00BF1F720800014800F0C9BC00BFB1
S3150100CCA80772080037B512480D4600F0B5FB40F289
S3150100CCB801239842044604D14FF470632B80002067
S3150100CCC814E098B92B88B3F5805FF8D3012009F0F1
S3150100CCD8D6F950B14FF4C2732F220121CDE90032A2
S3150100CCE82046044B044A09F0BDF92F2003B030BD94
S3150100CCF807720800DBD30101FBD30101014800F0EB
S3150100CD08AFBC00BF0872080010B506480C4600F013
S3150100CD18AFFB40F20123984202BF4FF47A73002019
S3150100CD28236010BD08720800014800F0AFBC00BFBF
S3150100CD3809720800014800F0C3BB00BF0972080068
S3150100CD48014800F0A3BC00BF0A720800014800F0C0
S3150100CD58B7BB00BF0A7208000B46024A02490348DC
S3150100CD68FFF74ABE27720800267208000CD4010193
S3150100CD780B46024A02490348FFF73EBE25720800E0
S3150100CD882472080028D401010B46024A02490348C5
S3150100CD98FFF732BE23720800227208004ED4010141
S3150100CDA8022307B5D1E9001201A80193FEF79EFDFA
S3150100CDB818B90199024800F053FC03B05DF804FB69
S3150100CDC8207208001FB5022003900698009003A858
S3150100CDD8FEF7A4FD18B90399024800F041FC05B015
S3150100CDE85DF804FB20720800002370B5154886B06B
S3150100CDF80D461646049300F0D1FA08B3114804A962
S3150100CE0800F036FBD0B9049B3246002B08BF02233B
S3150100CE18294605A80593FEF7E9FD0446022009F00F
S3150100CE282EF950B102947368022101936B681F2091
S3150100CE380093054A049B09F015F9204606B070BD12
S3150100CE48D824EBE72072080067D40101014800F0F5
S3150100CE5807BC00BF21720800014800F009BB00BFEA
S3150100CE6821720800014800F011BC00BF29720800B0
S3150100CE78014800F025BB00BF29720800014800F0EF
S3150100CE881FBC00BF0572080007B5002000900348C3
S3150100CE9800F06CFB03B05DF804FB00BF05720800E7
S3150100CEA8014800F0ADBB00BF28720800014800F038
S3150100CEB887BA00BF28720800032307B5D1E9001213
S3150100CEC801A8019300F086F918B90199024800F002
S3150100CED8C7FB03B05DF804FB30720800014800F097
S3150100CEE8C7BA00BF307208004A6808B5102A01D0CF
S3150100CEF82F2008BD0968024800F0E2FBF9E700BFE8
S3150100CF08177208001FB500234A680C460F2A0393B7
S3150100CF180FD90093102203AB0968074800F026FBD6
S3150100CF2863680F2B01D80FF064FE1023636004B009
S3150100CF3810BD1920FBE700BF1772080000200A4B35
S3150100CF4810B5186032B9094C2146BDE810400848A9
S3150100CF5800F086BBA1F580518C18064800F094F9BB
S3150100CF6820460FF052FCEFE7A03D002000F0380103
S3150100CF7821720800B43D002000232DE9F04F85B049
S3150100CF8880460F462C4803A91546039300F070FA0C
S3150100CF98002838D1294E039933681BB9284800F06F
S3150100CFA87DF980BBD5E900143368039A02EB030BBC
S3150100CFB814F003031BD10A4623465946204800F0BC
S3150100CFC889F900BB4046316800F04AFBD8B93846B2
S3150100CFD8696800F045FBB0B932686B6800201344F4
S3150100CFE813F03F021CBF40339B1A33600BE004F178
S3150100CFF8040AAAEB030A5046019100F0CBF80199FD
S3150100D008814618B9AC2005B0BDE8F08F22460FF06D
S3150100D018E3FDAAEB0402FF2109EB0400F4F72CDB7C
S3150100D02853464A465946064800F054F904464846C6
S3150100D03800F0C0F82046C4E721720800A03D002090
S3150100D048B43D002008B50A4602480349FFF794FF94
S3150100D05808BD00BF227208002372080008B50A46F7
S3150100D06802480349FFF788FF08BD00BF247208007C
S3150100D0782572080008B50A4602480349FFF77CFFEE
S3150100D08808BD00BF26720800277208001FB513469F
S3150100D0980022039203AA0192202200920A4601461F
S3150100D0A804480EF0ADFA002814BFAC20002005B0E4
S3150100D0B85DF804FB09000002014B08F024BF00BF1C
S3150100D0C8335E010138B5094BD3E8EF2F541CC3E889
S3150100D0D8E54F002DF8D1002A04DC00F03FF808B12D
S3150100D0E80FF087FD4FF0000038BD00BFA43D0020BA
S3150100D0F82D2828BF002010B4074C04EB8000074CEC
S3150100D108D4E8AF4F1CB1A4465DF8044B60475DF8FF
S3150100D118044B08F0BFBF00BFB2D40101A83D0020EF
S3150100D128024BD3E88F0FC0B2704700BFF47C0020D2
S3150100D138024608B5064BD3E8AF3F3BB9054B06494E
S3150100D1481B68D86807F032FF0FF053FD08BD00BF12
S3150100D158AC3D0020987C002066D5010108B50A4B34
S3150100D168D3E8EF2F511CC3E8E01F0028F8D1002AA5
S3150100D17807DD064B06481B68D96807F029FF0FF03B
S3150100D18838FD002008BD00BFAC3D0020987C00207A
S3150100D198AED5010138B504460548FFF7C9FF204653
S3150100D1A807F042FE0546214608F072FF284638BDBB
S3150100D1B8E1D5010110B504460548FFF7B9FF204638
S3150100D1C8002108F066FF2046BDE8104007F034BE8E
S3150100D1D8EDD5010170B5044688B000680D461646BE
S3150100D1E808F059FF23684FF40071079301230B4A8E
S3150100D1F802A8CDE902230A4B3246CDE904130023DE
S3150100D2082946069301AB0EF088F9014618B105487F
S3150100D21807F05EFBAC2008B070BD00BF002480009B
S3150100D2280010C004F8D50101014B1960704700BF11
S3150100D238B03D0020014B1960704700BFB03D00208A
S3150100D248014B0360704700BF74D6010110B504464F
S3150100D2580FF0DCFA054B0020D3F8942003F5805330
S3150100D26862604FF400321A6710BD00BF008000A348
S3150100D27810B50446034B082103600BF0D9FC204680
S3150100D28810BD00BF74D6010108B502F015FC10B92E
S3150100D2980148F3F7D3DD08BDBC3D0020002313B5D3
S3150100D2A80C460B48694601AA009302F07BFD58B962
S3150100D2B8009B24F07F4223F07F439A4206D901223C
S3150100D2C821460348F3F7C4DD02B010BD2E20FBE763
S3150100D2D8BC3D002073B51E4600230C46154669461B
S3150100D2E80B4801AA009302F05DFD60B9009B24F08A
S3150100D2F87F4223F07F439A4207D933462A4621467D
S3150100D308034802F0A9FD02B070BD2E20FBE700BF5D
S3150100D318BC3D00200448054B054A03600023054926
S3150100D32843600FF0B3BA00BFB43D002074D60101C3
S3150100D3382C7B002049D2000137B50E4D2C686CB9FB
S3150100D348032322462146009301200B4BF5F75CD9AE
S3150100D3582346224621462860F4F767DE286808B97D
S3150100D3680FF047FC4FF0FF3103B0BDE83040F4F74A
S3150100D378B09F00BF343E0020E43D0020064B10B5A7
S3150100D388186808B90FF035FC0023BDE810401A46A5
S3150100D3981946F4F74A9E00BF343E002007B50146F8
S3150100D3A806486A4601AB006801F070FE08F0A8FE5F
S3150100D3B8B0FA80F0400903B05DF804FB307C002028
S3150100D3C87FB5002304460D468DF8073008F0A4FE04
S3150100D3D8D0B1104E2146306803AB02AA01F056FEC1
S3150100D3E808F08EFE70B9039B012B10D121463068D7
S3150100D3F80DF1070201F090FD08F082FE10B99DF8C3
S3150100D40807302B7004B070BD40F20120FAE72F20D7
S3150100D418F8E700BF307C00207FB5002304460D469F
S3150100D428ADF8063008F078FED0B1104E21463068C6
S3150100D43803AB02AA01F02AFE08F062FE70B9039B4B
S3150100D448022B10D1214630680DF1060201F064FD68
S3150100D45808F056FE10B9BDF806302B8004B070BD31
S3150100D46840F20120FAE72F20F8E700BF307C0020C0
S3150100D4787FB5002304460D46039308F04DFEC0B15F
S3150100D4880E4E2146306802AB01AA01F0FFFD08F0F5
S3150100D49837FE60B9029B042B0ED12146306803AAD8
S3150100D4A801F03AFD08F02CFE08B9039B2B6004B085
S3150100D4B870BD40F20120FAE72F20F8E7307C002002
S3150100D4C82DE9F0431D46002385B02B6007460E461D
S3150100D4D8914608F021FE00283ED0DFF88C803946B7
S3150100D4E8D8F8000003AB02AA01F0D0FD08F008FE47
S3150100D4F80446B8B9039B93B3C6B14B4531D23246FC
S3150100D5083946D8F8000001F007FD08F0F9FDD8B949
S3150100D518039B012B03D13378003B18BF012300225B
S3150100D5282B60F254204605B0BDE8F083012B01D0EB
S3150100D5382B60F7E73946D8F800000DF1070201F02C
S3150100D548EBFC08F0DDFD08B10446EBE79DF8073072
S3150100D55803B103982860E5E740F20124E2E71E24B7
S3150100D568E0E71924DEE700BF307C00202DE9F04F03
S3150100D5781D46002385B02B60074688461646DDF80A
S3150100D58838A008F0C9FDA0B3DFF870B03946DBF85A
S3150100D598000003AB02AA01F079FD08F0B1FD0446CB
S3150100D5A8A8B9B8F1000F12D0039BDBF80000A3EB72
S3150100D5B80A09B1450FD8534642463946CDF8009077
S3150100D5C801F006FD08F09CFDB0B9C5F800902046AB
S3150100D5D805B0BDE8F08F534642463946009601F03C
S3150100D5E8F7FC08F08DFD04460028F0D119242E60B9
S3150100D5F8EDE740F20124EAE70446E8E7307C00203B
S3150100D60813B504468DF8071008F086FD58B107488A
S3150100D6180123214600680DF1070201F02DFE08F0ED
S3150100D6286FFD02B010BD2F20FBE700BF307C002044
S3150100D63813B50446ADF8061008F06EFD58B1074853
S3150100D6480223214600680DF1060201F015FE08F0D5
S3150100D65857FD02B010BD2F20FBE700BF307C00202C
S3150100D66813B50446019108F057FD58B1042306483D
S3150100D678214600680DEB030201F0FEFD08F040FDAE
S3150100D68802B010BD2F20FBE7307C002010B5044600
S3150100D69808F042FD68B179B10848012A13460068C5
S3150100D6A838BF01230A46214601F0E6FD08F028FDA8
S3150100D6B810BD40F20120FBE72F20F9E7307C00205E
S3150100D6C810B5044608F028FD58B101B962B90748F2
S3150100D6D8134600680A46214601F0CEFD08F010FD02
S3150100D6E810BD40F20120FBE72F20F9E7307C00202E
S3150100D6F808B50348F3F733D9BDE808400FF089B8F0
S3150100D70878D801010148F3F72A9900BF78D80101B1
S3150100D718BFF34F8F0549064BCA6802F4E06213430B
S3150100D728CB60BFF34F8F00BFFDE700BF00ED00E000
S3150100D7380400FA050348044A0449121A921008F02B
S3150100D74820BD00BFA881000138B7000100000020F4
S3150100D7584FF000602DE988484249434B434AD3F8C4
S3150100D768943088660221012B414B4FF000009960E5
S3150100D7784FF0005146D80025002600275FF0000823
S3150100D7885FF000095FF0000A5FF0000B5FF0000C24
S3150100D798501A4FF48073B0FBF3F404FB03F40C4402
S3150100D7A8A14210D2A1E8E01FA1E8E01FA1E8E01F0D
S3150100D7B8A1E8E01FA1E8E01FA1E8E01FA1E8E01F3A
S3150100D7C8A1E8E01FECE7914202D241F8045BFAE7CF
S3150100D7D80522274B9A604FF00062A3F540539A66DB
S3150100D7E8244B83F30A8800F04FF8FFF7A3FF224B77
S3150100D7F822498B4228D30020214B22498B422ED322
S3150100D808FDF7E2FF501A4FF02003B0FBF3F404FBD7
S3150100D81803F40C44A14204D291E8E01FA1E8E01FF9
S3150100D828F8E7914203D20D6841F8045BF9E7CFE7BF
S3150100D838186850F82240586840F822400132986822
S3150100D8488242F5D30C33D4E70022F8E71C6844F882
S3150100D858220001325C68A242F8D30833CEE70022DF
S3150100D868F8E700BF00508040008000A300000820B0
S3150100D87800908040903500201CE9010128E901014A
S3150100D88828E9010128E90101044B054A9A60D3F800
S3150100D898882042F47002C3F88820704700ED00E042
S3150100D8A800800001002307B529480193F3F757D8EB
S3150100D8B84FF44073012204216846ADF8003000F0A8
S3150100D8C8A1F80122234B0520C3F8442401A9F3F743
S3150100D8D841D8002839D1204BD3F8F02042F0010273
S3150100D8E8C3F8F020D3F8FC2042F08072C3F8FC207C
S3150100D8F81A4AA3F55D431A60019B194A03F5D52314
S3150100D90803F2FC43B3FBF2F3164A013B136102230C
S3150100D918C2F8F0304FF48073C2F804334FF0604315
S3150100D928114AC3F8B02F114AC3F8802ED3F8002E36
S3150100D93842F48072C3F8002EFF2283F82020D3F820
S3150100D948002E22F48072C3F8002E03B05DF804FBA2
S3150100D95878D8010100D0834000ED00E0FF030040C4
S3150100D968F8590D00000004E055CEACC509000100C8
S3150100D9782DE9F04104460C254FF00108124E0CB36F
S3150100D98814F001000BD0002024F0010405FB00620D
S3150100D9985768002FF3D09168C0B2B847EFE722461F
S3150100D9A8013020284FEA520201D0D307F8D508FAE8
S3150100D9B800F20F2824EA0204E8D9103805FB0062B0
S3150100D9C8B432E5E7BDE8F081383E002008B50C48D9
S3150100D9D8F2F7C5DF2A2003F045FD28B12A2003F016
S3150100D9E84FFD2A200AF010FD2B2003F03BFD28B13C
S3150100D9F82B2003F045FD2B200AF006FD002008BD6B
S3150100DA0878D801012DE9F0410E461746054610B3AF
S3150100DA180F2922D80378DBB1013BDBB2022B1CD8D4
S3150100DA28104AD35C6A78D340DB0716D50E4BD3F878
S3150100DA381043A4B9F3F7FCDA80463A46284631463C
S3150100DA4801F0D6FF4046F3F7EEDA2046BDE8F0814D
S3150100DA5840F2FF13E6E72224F7E72124F5E702243B
S3150100DA68F3E700BF18D7010100C0834008B501F0EC
S3150100DA78B5FF054B00F0553020F05020C3F82004BF
S3150100DA88BDE80840FFF774BF00E0834008B501F020
S3150100DA98A5FF054B00F0AA3020F0A020C3F820040A
S3150100DAA8BDE80840FFF764BF00E083402DE9F04F69
S3150100DAB8144605460E469B46036C87B001225B69F0
S3150100DAC802A9606898472B6C01225B6903A9304655
S3150100DAD8984702A809F0B9F8074648B10023A37583
S3150100DAE863754FF0FF33A360002007B0BDE8F08FE0
S3150100DAF803A809F0B7F80123A375237E04EBC30332
S3150100DB08DE611F846368B3420ED1206003A809F061
S3150100DB18CBF84FF0FF332075A360237D043B022B1E
S3150100DB2826D80023A375DFE723681A1A53425341FF
S3150100DB38A37503A809F0B8F8237D834218BFA77512
S3150100DB4803A809F093F8074602A809F08FF8874257
S3150100DB5818BF002303A818BFA37509F08FF8074655
S3150100DB6802A809F08BF887421CBF0023A375D4E7E6
S3150100DB7803A809F07BF880B12B6C022230465B6959
S3150100DB8804A9984704A809F080F80346207D0328CC
S3150100DB9839D8DFE800F03838040903A8F3E7CC22BE
S3150100DBA8237E04EBC3031A8401F086FE109B1870CA
S3150100DBB803A8277E09F04EF804EBC70787F8220069
S3150100DBC8237E03A804EBC303B3F8209093F82270CD
S3150100DBD809F04CF8804603A809F050F88246B8F1D6
S3150100DBE8000F15D02B6C022230465B6904A99847B1
S3150100DBF804A809F00FF86075637D6BB90023A37556
S3150100DC084FF0000838E0227E04EBC2021384CBE70A
S3150100DC1803A808F0EAFFEEE794F81680B8F1000FBA
S3150100DC28EED0B9F1000F09D1DFB10123E375637EA7
S3150100DC38002B4FD1012F42D1677614E0EB6C06EB2E
S3150100DC480A02594286EA020008421CBF0021A17550
S3150100DC58591E0A409B1A9945D0D8A37D002BE3D1BA
S3150100DC68CEE7E37D43B94FF000084B4652463146AD
S3150100DC78284608F0F1FBA060A27D12B123694B4446
S3150100DC8823611A49237E097899422AD901332376D1
S3150100DC98BBF1000F27D032B3E37D23B3B8F1000FF0
S3150100DCA821D1032F1FD0A1684B1C1CD0109B2246E3
S3150100DCB8009328460123FFF7F9FEA07513E095F8AE
S3150100DCC8383063B92B6B0133CFD1032FCDD1012363
S3150100DCD8A376C8E7012FCFD0032FC4D1F7E798461B
S3150100DCE8C3E70023A375A07DFFE600BF4CD701015A
S3150100DCF82DE9F04F0E46984600238BB004464FF0A7
S3150100DD08FF31104617468DF8133001F0BFFDB6F501
S3150100DD18801F3BD3B21C53D1256B6B1C57D12046B0
S3150100DD28A16A08F0DFFA0546B31C18BF0123DFF81C
S3150100DD3824910193A36AE26C0293236805A902FB65
S3150100DD48053A236C05225B695046984705A809F0F0
S3150100DD5817F809F03AF8504609F042F84FF0000B67
S3150100DD68824601464B1C05D0E36C81EA0A025B42F6
S3150100DD78134232D02946204608F0B4FA029BAB4238
S3150100DD884DD0BBF1000F4DD10546D3E7314605AA63
S3150100DD9804F1080008F074FE0146481C10D0384604
S3150100DDA801F074FD0122394620460DF1130308F0EE
S3150100DDB89CFB28B19DF8133088F80030002003E059
S3150100DDC8237C002BA8D12D200BB0BDE8F08F23684A
S3150100DDD8ED1AE36CB5FBF3F5A6E7484601F056FDE7
S3150100DDE80DF1130349462046019A08F07EFB0346C6
S3150100DDF890B1B21C03D0D9F80020B2420CD19DF8DB
S3150100DE0813200393124B88F8002049461A683846AE
S3150100DE180EF0E2FE039B9B46D9F80810A2E7BBF178
S3150100DE28000FD0D0B6F5801FC8D208343146204637
S3150100DE3898F800307A6808F02BFD0028BED13146E3
S3150100DE48204698F800307A6808F08DFDBCE700BFD7
S3150100DE5848D70101704600202DE9F34104461746CB
S3150100DE6898460E46194DC16A236B8B422AD04B1C24
S3150100DE7818E0284601F00AFD0122294620460DF13F
S3150100DE88070308F032FB30B14346294620469DF880
S3150100DE980720B847B0B1A9684A1C05D0012E0AD097
S3150100DEA8236B9942E5D10DE06968204608F0A7FA87
S3150100DEB8012E0146D8D16B6881EA0302E36C5B4205
S3150100DEC81A42D1D002B0BDE8F08100BF4446002015
S3150100DED82DE9F041436B9046C26B07689A4288BFA9
S3150100DEE8C363C26C836A90B002FB0377036C0E4668
S3150100DEF8052201A95B6904463846984701A808F036
S3150100DF083FFF01280146307057D0E56C226C236823
S3150100DF18A06AD2F814C005FB0030052206A9E0471D
S3150100DF2806A808F02DFF01284FF0000523D0D4E9F3
S3150100DF380B3201219342CDE90B458DF834800E95BC
S3150100DF488DF83C102AD11946204608F058FA636B19
S3150100DF58E26C14339B1A206363630C9B53B99DF8D7
S3150100DF683C303BB1A26AE16C2368206C01FB0231AB
S3150100DF7808F0BEFE0C9D236C05225B6901A9384693
S3150100DF88984701A808F0FCFE30702846636BE26BDF
S3150100DF989A4288BFE36310B0BDE8F081237C33B9A8
S3150100DFA81C490BAA04F1080001F07CFBD5E72046C1
S3150100DFB8194A0BABFFF750FFCFE7237C23BB224659
S3150100DFC8164904F1080001F06DFBA16A204608F024
S3150100DFD8AAF9A16A421C204608F06FF9054620B93C
S3150100DFE8636BE26C1344143B63632046E16A08F0F1
S3150100DFF806FA2368E062C01AE36CB0FBF3F0A0628C
S3150100E008204608F03FFAB6E700232046044AFFF700
S3150100E01823FFDAE78DEC000105EC00018D650101AE
S3150100E0282965010173B50D46D11E4A421C461B7E60
S3150100E0384A419A4226D129682368994222D36368BC
S3150100E04899421FD8114E0DF107033246FFF750FECC
S3150100E058C0B972686B689A4214D19DF80730DA1E06
S3150100E06853425341227E93420CD163690133636162
S3150100E078D4E90323934205D22968A26842F82310FA
S3150100E08801332361012002B070BD00BF9C46002008
S3150100E0982DE9F04F4FF0FF334FF6FF720025044686
S3150100E0A800F10809C0E90A2391B003634562456393
S3150100E0B848460F4608F0D5FB204608F0DFF8002849
S3150100E0C84DD13946204608F05DF9204608F0D6F8C4
S3150100E0D80646236F1B6898470546C8B9002E00F007
S3150100E0E861814FF0FF384FF6FF7306460746C34670
S3150100E0F8C4E90903236A9F4259D3A6EB0806012EF0
S3150100E1087AD84FF6FF72A36A934240F08B8067254F
S3150100E118284611B0BDE8F08F2368226CE06C566979
S3150100E12800FB053005220BA9B0470BA808F028FE0D
S3150100E13808F04BFE90B10BA808F072FE94F8743003
S3150100E148834240F02D810025236A9D420CD3204647
S3150100E15808F094F806460028B3D0BAE70135236AD1
S3150100E1689D42D9D30020E9E72368226CE06C566901
S3150100E17800FB053005220BA9B0470BA808F000FEE5
S3150100E18801280AD12946204608F0CDF8421C29461D
S3150100E198204608F092F80135D6E708F01BFE00285C
S3150100E1A8F9D02946204608F0BEF80246EFE723686B
S3150100E1B8226CE06CD2F814C000FB073005220BA9CB
S3150100E1C8E0470BA808F0DCFD03900BA808F0AFFDAB
S3150100E1D88246039808F0F9FD60B1DA4538BFA762AF
S3150100E1E8D04528BFD046564538BF5646D346636AFA
S3150100E1F80133636201377DE74FF6FF730026A36299
S3150100E208236A9E42BFF47DAF2368226CE06C57698E
S3150100E21800FB063005220BA9B8470BA808F087FDB5
S3150100E2280136EDE7E66C226C206806A906FB0300B9
S3150100E23857690522B84706A808F079FDA26A236836
S3150100E248E06C594E00FB023008F0CAFD4FF0FF336F
S3150100E258E062236332466FF0010120460DF1170390
S3150100E268FFF746FD002855D1B76800262763236CBA
S3150100E27801225B690BA9B81998470B9B01334BD14E
S3150100E288E36C0436F2197A405B421A42EFD06663B0
S3150100E29826B92046216B08F0B2F820633946204694
S3150100E2A808F0ADF80646E36A9E4237D1204607F0E4
S3150100E2B88CFF002780463E46236A9E4240D3B845D6
S3150100E2C85CD92046A16A08F00DF8064604F1480A09
S3150100E2D8AF4215D8E26C236806A902FB0639236CFE
S3150100E2E805225B694846984706A808F020FD94F878
S3150100E2F874300246009349465346206C08F072FD75
S3150100E3083146204607F0EEFF0135A8450646DFD11E
S3150100E3186425FDE6E76AA8E70026B8E73146204600
S3150100E32807F083FF636B3146034407466363204660
S3150100E33808F065F80646002FB5D1C4E90C07B2E71F
S3150100E348E26C23680BA902FB063A236C05225B697A
S3150100E358504698470BA808F013FD08F036FD58B14A
S3150100E368504608F03DFD0146204607F05EFFE36C86
S3150100E378143B984208BF013701369DE7484608F025
S3150100E38870FA002320461946084AFFF765FD6369B6
S3150100E398012B7FF6BDAE484600F0FCFF0546B7E601
S3150100E3A82625B5E65E25B3E69C46002017650101DC
S3150100E3B82DE9F0410F4616469846044688B060B3E3
S3150100E3C890F83850FDB1012107F04DFF00210E9B51
S3150100E3D8CDE90511CDE902379DF83C30CDF8048029
S3150100E3E88DF81C30237C04968BB90D4901AA04F1DA
S3150100E3F8080001F057F9DDE90553206C002E08BF26
S3150100E4081D4608F0CDF8284608B0BDE8F08120463B
S3150100E418044A01ABFFF720FDEDE70546F3E700BF28
S3150100E428576501012DE000012DE9F04F9BB00793D7
S3150100E4389DF89430DDF89090022B04460F46D9F8E2
S3150100E44810B00992089304D0079B9B45C0F0D98068
S3150100E4589B46D9F804306E4E04936E4B0593BBF177
S3150100E468000F15D1D9F8103083B1089B002B40F065
S3150100E478BF8094F87430022B70D199F81820079B45
S3150100E4886449A3EBC20238460EF0A6FB002066E0FB
S3150100E498236C01225B690AA9049898470AA808F01F
S3150100E4A8E1FBD9F80030834240F0AD800AA808F0B4
S3150100E4B8E5FB0428069055D10AA808F0E6FB0546AF
S3150100E4C80A9B0D93049B069A12A903EB02080023E3
S3150100E4D8CDE90F331193236C01225B6940469847B6
S3150100E4E82068D4F84CE0A8EB000CBCFBFEFC98FABB
S3150100E4F888F31393236C05225B6915A90EFB0C009F
S3150100E508984715A808F013FC00BA0DF13C0A1490B7
S3150100E51812AB032D93E807008AE8070032D9236C6A
S3150100E528314640465B69AA08984725F0030305F07A
S3150100E538030A98441E44BAF1000F0BD0236C01223A
S3150100E5485B6915A9404698473046524615A90EF00B
S3150100E55843FB564494F87430022B15D026201BB081
S3150100E568BDE8F08F236C0BA902225B6904989847D2
S3150100E5780BA808F08AFB069A05460BA90DA80EF00A
S3150100E5882BFB9FE7AA46D6E701232149226F03936E
S3150100E5982B1F0B440293059BA5F10808CDE90083BF
S3150100E5A80FA8D2F80CA00B1D069A0DA9D047002872
S3150100E5B8D5D1089B012B0AD194F87430022BCDD101
S3150100E5C84246384605990EF0F9FBF0B94744BBEBCC
S3150100E5D8050B07D094F87430022BBFD1059B761B27
S3150100E5E8434405932046049907F009FF049036E74A
S3150100E5F8089B022B7FF44AAF0649099B079A1944DF
S3150100E60841E76320ABE76F20A9E73620A7E700BFFC
S3150100E6187A6A00207A5A00202DE9F04F9FB09A466F
S3150100E6289DF8A030044608939DF8A4308B460993BB
S3150100E638D1E903350693099B1746022B44D1CC2D04
S3150100E64840F0DC81089B93B108F008F80E9001238D
S3150100E6584FF000094FF008080793099B012B0FD1CA
S3150100E66894F87430022B47D109F1080908E0069B92
S3150100E6784FF008081B68DDF820900E9301230793D5
S3150100E688DBF8003007993B6009983D6108F010FBFB
S3150100E6984FEA98030D93734B2E460C930023CDE94D
S3150100E6A80A3338750593E16C4A1E0AEA02028B1A87
S3150100E6B8002E49D0C144994551D3636BCDF810A0BA
S3150100E6C85B1A13446363BDE0089BFBB1099B012BED
S3150100E6D81CD100222B46CDE900126249FFF7A4FEA0
S3150100E6E8064650B9DBF8103083B19BF817306BB189
S3150100E6F894F87430022B04D0262630461FB0BDE8A4
S3150100E708F08F9BF81830013BA5EBC305782DE36C18
S3150100E7189DD85A1E0AEA02029B1A2A1D9A4208D94C
S3150100E72875B1082B93D800234FF004090793C846FF
S3150100E73893E74FF000094FF00408CDF81C908CE7D9
S3150100E7484FF004090795F2E74345B6D335460AEB78
S3150100E75808030493059B002B18BF032311E0A3EBC1
S3150100E76808039E4235460AEB080228BF1D469E420B
S3150100E7780492EFD901233A69FB75B2426DD1C7F804
S3150100E78804A00593FB7D002B69D03A7E059907EB1A
S3150100E798C203C3F81CA01D8483F82210531C3B76C0
S3150100E7A89DB1099B022B5FD10A9B63B90B9B2B4435
S3150100E7B8032B0AD9236C01229B6904980EA9984751
S3150100E7C8002840F0238101230A93059B0FA8019392
S3150100E7D8079B00933A7D2B46DBF8001001F00CF8F5
S3150100E7E8236C50469B690D9A0FA9984781460028C4
S3150100E7F840F000812B4642465146204607F02CFE42
S3150100E808636BEA1CA3EB080322F003029B1AB860A8
S3150100E8186363B9F1000F40F0F3800B9B761B2B4421
S3150100E8280B93DBF810306BB1099B012B0AD1059BC1
S3150100E838013BDBB2012B05D894F87430022B7FF427
S3150100E8485BAF08362046049907F0D9FD4FF0000959
S3150100E8588246002E7FF427AF4FE7022391E7C7F8D8
S3150100E86804A09DE77A5A0020032D40F2BE80059B3D
S3150100E8780FA80193079B0DF14C0900933A7D2B468E
S3150100E888DBF8001000F0B8FF0FA9424611A80EF0F8
S3150100E898A3F90023CDE913331593236F04215B688C
S3150100E8A816A89847E0B9049B226C1BBA20681793EF
S3150100E8B8049BD4F84CC052691B1AB3FBFCF3964669
S3150100E8C80CFB03000522734619A9984719A808F0F5
S3150100E8D82EFA00BA189016AB93E8070089E80700E4
S3150100E8E8089A94F87430002A40D1022B40F08D80A2
S3150100E8F80122236F039219AA0292454A0192A5F1B0
S3150100E90808020092D3F80890069B424611A913A85B
S3150100E918C84700287AD1139B3E4A136094F874308D
S3150100E928022B6FD13C4B199A5A51089B43B194F863
S3150100E9387430022B69D10C9AA5F108031A440C927A
S3150100E948236C34499B690498AA0898478146E8B11B
S3150100E95894F87430022B7FF4CFAE069AA5F108031A
S3150100E9681A4406922A9B049A1A6043E7022B4CD151
S3150100E9780122236F039219AA0292254A0192A5F14F
S3150100E98808020092D3F808900C9BBEE715F0030223
S3150100E99820D0204B25F0030903EB0901049B994478
S3150100E9A84FF0FF3319A819930EF016F9236C484650
S3150100E9B89B69012219A9984794F874308146022B5C
S3150100E9C87FF49AAE069AA5F108031A44069200281E
S3150100E9D8C8D1FAE694F87430022B7FF48DAE069A04
S3150100E9E8A5F108031A440692EFE62A46DDF81090C7
S3150100E9F80699D5E72A9BC3F800A0FBE670267CE6B4
S3150100EA084E467AE6089B002B9AD02620064674E6DF
S3150100EA187E6A00207A6A0020766A00202DE9F04F86
S3150100EA288FB005930023884608920A69C16C0C9336
S3150100EA381439D31DB3FBF1F3013302EBC302436B64
S3150100EA4804469342C0F0D080DFF8A4A1DFF8A8916C
S3150100EA58256B6748294600F019FF0CAB0293059B05
S3150100EA6841460193089B20460093614A2B46FFF7CE
S3150100EA78D3FD8346C8B9DAF808300834A362DAF850
S3150100EA8804202046059BD8F8001007F001FF00284E
S3150100EA9840F0A6802046059BDAF80420D8F8001035
S3150100EAA80FB0BDE8F04F07F05EBF3D2840F09880F3
S3150100EAB82368E06CEF1AB7FBF0F707FB003008F0A4
S3150100EAC88FF9216B0646204607F099FCE36A8342D3
S3150100EAD873D0E26CDAF80830511E0B40616B206383
S3150100EAE8891A0B44636321680C9B5B1AB3FBF2F327
S3150100EAF89F42079352D1AD1B50D03E4F4FF0FF3185
S3150100EB083C4800F0C3FE236C01225B690DA930461F
S3150100EB1898470DA808F0A6F8364A01460DF12F03C5
S3150100EB282046FFF7E5F8002859D1FB7D43B13B7E26
S3150100EB383A6907EBC3031B8BD21A083315441E44E3
S3150100EB48236B48461946099300F0A0FE9DF82F301D
S3150100EB580CAACDE9013201220693009239464A46AA
S3150100EB682046099BFFF758FD002838D1D9E900123C
S3150100EB78D9F8083004F108002363069B00F034FD38
S3150100EB883B69782BA5EB030501D8FA7D22B3FA7DFB
S3150100EB98083D0AB908331E44002DAFD12368079AE8
S3150100EBA8E16C206C01FB023108F08FF8204607F072
S3150100EBB865FB204607F066FC6063D8F81020E16C17
S3150100EBC8D31D1439B3FBF1F3013302EBC302636BB3
S3150100EBD89342BFF43DAF03E0043D0433DBE78346CC
S3150100EBE858460FB0BDE8F08F4FF01C0BF8E700BF91
S3150100EBF8704600204446002018460020032A2DE9C5
S3150100EC08F34107460E4690461C4606D1237A012B48
S3150100EC1825D0012002B0BDE8F081194D09682A46C0
S3150100EC280DF10703FFF764F860600028EED19DF83F
S3150100EC380730227A032BE9D0696873689942E5D1CE
S3150100EC48337E012A3569D4F80CC04FEAC30308D1CB
S3150100EC58BA69ACEB03012944914202D92074207C9C
S3150100EC68D8E708356544ED1A012243463146384648
S3150100EC78E560FFF7D3FE60600028C7D00020C9E72A
S3150100EC889C4600202DE9F341089C032A90462768F3
S3150100EC9806D1237A012B27D0012002B0BDE8F081E5
S3150100ECA8274D38462A460DF10703FFF721F860601C
S3150100ECB80028EED126686B68F16AD6F84CC04B403D
S3150100ECC8CCF1000213EA020094F808E0E1D1BEF1A2
S3150100ECD8010F0BD12A7E2B69A3EBC203E268134409
S3150100ECE8BA69934202D92074207CD6E73068336B1F
S3150100ECF81B1A081AB3FBFCF3B0FBFCF083420BD1D9
S3150100ED08F86C3B6B421E13407A6B121A1344304659
S3150100ED187B6307F074FB30632B692A7E0833A3EB08
S3150100ED28C203E26806491A44E260434601222068A2
S3150100ED38FFF774FE60600028ABD00020ADE700BF86
S3150100ED489C4600200022724B2DE9F0411F680D46B2
S3150100ED5804461A6018B921252846BDE8F08190F8BD
S3150100ED6838606EB30A6803689A4240F0C5804A68FB
S3150100ED7843689A4240F0C0808A6883689A4240F0A4
S3150100ED88BB80CA68C3689A4240F0B6800A6983693B
S3150100ED989A4240F0B1808A69036C9A4240F0AC808D
S3150100EDA8CA69036F9A4240F0A78091F8202090F82B
S3150100EDB874309A4240F0A0804B690025C361CBE7C5
S3150100EDC878223146D0F83C80F2F756DCD5E90212B2
S3150100EDD82B6804F1080023606B68C4F83C80636003
S3150100EDE82B69A3616B69E36107F04EFDAB6904F119
S3150100EDF8480023649B68984700284DD1E16C11B1FE
S3150100EE086368B3FBF1F194F84B302162002BA2D071
S3150100EE180023A366EB69236795F82060E56C84F8FF
S3150100EE287460002D70D000296ED02368B3FBF5F20B
S3150100EE3805FB1233002B61D1D4F80480B8FBF5F336
S3150100EE4805FB1383002B59D1204607F0DDF9E36949
S3150100EE5804330344984553D340F63472A369CC3B33
S3150100EE6893424FD8B5F5805F4ED3012E4ED9032E66
S3150100EE784CD00321204607F0F6F9D4E90001236CAA
S3150100EE881B6898470546236C0220DB6898472DB115
S3150100EE98002384F838301FE03146B4E73946204666
S3150100EEA8FFF7F6F86428054604D139462046FFF7E8
S3150100EEB8EFF80546E36C143B002DE9D1626A20465A
S3150100EEC802FB03F607F0A0F9E369043303449E4203
S3150100EED806D284F838505A25206C07F061FB3BE7C7
S3150100EEE80123D4E900010B4A84F838301368013349
S3150100EEF8136007F079FEEFE75D252DE759252BE726
S3150100EF085A2529E75F2527E75B2525E7262523E7F0
S3150100EF18A43F0020A03F00202DE9F0430C4691466E
S3150100EF281E46054685B0002847D090F83830002B94
S3150100EF3845D0B1F5801F44D2DFF89080012107F052
S3150100EF4892F92146424628460DF10F03FEF7D0FEF7
S3150100EF580446F8B99DF80F30012B27D1D8F810705F
S3150100EF683FB195F87430022B18D198F8183006EB92
S3150100EF78C306B7421FD100223B4649462846CDE97A
S3150100EF880082FFF751FA044620B901463A460E486F
S3150100EF98F2F772DB286C07F003FB03E0286C07F035
S3150100EFA8FFFA2624204605B0BDE8F083022B14BFDC
S3150100EFB82D246024EEE76324ECE72124F2E71124EB
S3150100EFC8F0E72924EEE700BF7A5A0020C846002058
S3150100EFD82DE9F04385B00C4691461E460546DDF8F7
S3150100EFE83080002848D090F83830002B46D0B1F54B
S3150100EFF8801F45D2234F012107F035F921463A46AC
S3150100F00828460DF10F03FEF773FE0446E8B99DF88D
S3150100F0180F30012B29D195F87430022B19D13B6990
S3150100F028FBB906EB08029A4224D802233246CDE9F7
S3150100F0380073494643462846FFF7F6F9044620B9C0
S3150100F048014642461048F2F717DB286C07F0A8FA82
S3150100F05803E0286C07F0A4FA2624204605B0BDE88B
S3150100F068F0833A7EA3EBC203DBE7022B14BF2D2400
S3150100F0786024EAE76324E8E72124EEE71124ECE7B4
S3150100F0882924EAE7C84600207A5A00202DE9F341E7
S3150100F0981E4600230C4617460546336000283AD01B
S3150100F0A890F83830002B38D0B1F5801F37D2DFF809
S3150100F0B87480012107F0D7F82146424628460DF10A
S3150100F0C80703FEF715FE044618BB9DF80730286CA2
S3150100F0D8032B1ED0022B07D1012304213B6031608B
S3150100F0E8286C07F05DFA10E0D8F810103C6000298A
S3150100F0F8F5D095F87430022B04D198F81830A1EBA5
S3150100F108C301ECE707F04CFA2624204602B0BDE815
S3150100F118F0812D24E4E72124F7E71124F5E72924D2
S3150100F128F3E700BFC846002073B50446456B07F0F0
S3150100F1386BF8E36E03449D422CBF002301238542ED
S3150100F14894BF00252D1A207C84F85830E56584F88B
S3150100F1586000A8B100230C4E1A46194620460096AF
S3150100F16807F049FB002305461A461946204600962C
S3150100F17807F04AFBE3682844984294BF0020C01A66
S3150100F188606602B070BD00BFFFFF0F002DE9F347AF
S3150100F1981D4683690446AB420F4691469DF8288071
S3150100F1A861D300268DF80760204607F02DF8D4F8BC
S3150100F1B834A082450AD2636AB6EB430F06D200220F
S3150100F1C820460DF10701FEF783FE80B39DF807304F
S3150100F1D8012B05D1002220460DF10701FEF778FE25
S3150100F1E8B8F1030F25D1234E4FF0FF31304600F019
S3150100F1F84DFB376035611F49434600222046C1F859
S3150100F2080C90FFF70BFCA36E054663B12046FFF78A
S3150100F2188BFF94F8583013B994F860301BB1A36E7C
S3150100F22804F158009847284602B0BDE8F087013630
S3150100F238BAE72946204606F0D6FF666B864214D3FE
S3150100F2480C4E4FF0FF31304600F020FBB8F1010FAC
S3150100F25837603561CFD1002DCDD094F87430022BAB
S3150100F26805D10835C6E76225DDE71C25DBE7262536
S3150100F278D9E700BF9C4600202DE9FF410F4690467D
S3150100F2881E460546002847D090F83830002B45D051
S3150100F298B1F5801F44D2234C022106F0E4FF224631
S3150100F2A8394628460DF10F03FEF722FD50BB2369A7
S3150100F2B833B395F87420022A1AD1227E06EBC202CC
S3150100F2C89DF80F1001291DD193421BD1CDE90041AB
S3150100F2D8002241462846FFF7A7F8044690B9014699
S3150100F2E832461148F2F7C8D9286C07F059F903E0F4
S3150100F2F8286C07F055F92624204604B0BDE8F081AC
S3150100F3083246DDE70123424600933946334628460D
S3150100F318FFF73CFF0446E7E72124EDE71124EBE775
S3150100F3282924E9E7C84600207A5A002030B50C4658
S3150100F338054685B028B390F8383023B3B1F5801F58
S3150100F34823D2022106F08FFF0DF10F03214628462D
S3150100F3580F4AFEF7CDFC034688B99DF80F20032A0C
S3150100F3680DD003222146009202462846FFF70EFFDA
S3150100F3780446286C07F014F9204605B030BD2D2443
S3150100F388F7E72124F8E71124F6E72924F4E700BF73
S3150100F398C84600202DE9F04FC56889B0AC00059034
S3150100F3A8204609F09AF9DFF83CB2DFF82CA2CBF82F
S3150100F3B80000204609F091F9CAF80000204609F034
S3150100F3C88CF9DFF81892DFF81882C9F80000204690
S3150100F3D809F083F9C8F80000204609F07EF97C4F48
S3150100F3E83860204609F079F97A4B06461860DBF849
S3150100F3F8003000240293DAF80030D8F800E00393CD
S3150100F40801236A1ED9F800C0D7F800800192019A33
S3150100F4189A42C0F0C1805A0000920122013B06932C
S3150100F428009B0025013B0492079367E0069B5C1944
S3150100F438019B9C4228BF1C46079B03EB0509019BC0
S3150100F448994528BF9946AC42C0F0A2804C4580F048
S3150100F4589F80029B002B00F09D80039B002B00F0F0
S3150100F4689980BCF1000F00F09580BEF1000F00F005
S3150100F4789180B8F1000F00F08D80002E00F08A808F
S3150100F4880021049BEF0004EB030A059B1B688A45D0
S3150100F49839D10027A9EB040B03EBC404A26803982E
S3150100F4A8C2F3130240F82720E2684EF8272054F8E1
S3150100F4B8082F46F827200137BB45EFD10022A94678
S3150100F4C8144603F1040AA1422FD8274603EBC90AB9
S3150100F4D8B9420AF1080A47D80F1BA14238BF0027CB
S3150100F4E84F4403EBC703934503F1080346D80024A9
S3150100F4F8009B009A1D44049B9B1A0493019BAB42F3
S3150100F50894D8009B83E7DA59029803EB070BC2F3F9
S3150100F518130240F82120DBF804204CF82120DA599F
S3150100F528083748F821200131B1E79345CDD9039829
S3150100F53850F82270029850F82400B84295BF58F83E
S3150100F548247056F8227043F8397043F8397096BF1B
S3150100F5585CF824705EF8227001344AF8397088BF65
S3150100F568013209F10109AEE758F827004AF8080CF3
S3150100F5785CF8270001374AF8040CA9E756F8221067
S3150100F58843F8081C5EF82210013243F8041CAAE766
S3150100F5982124ADE71924ABE7029809F0ADF90E4B22
S3150100F5A8186809F0A9F90A4B186809F0A5F90B4B6F
S3150100F5B8186809F0A1F9074B186809F09DF9084B75
S3150100F5C8186809F099F9204609B0BDE8F08F00BF1F
S3150100F5D8AC3F0020A83F0020B83F0020B43F0020E0
S3150100F5E8B03F0020BC3F00202DE9F041C76898468E
S3150100F5F84368FFB19F422CD9B8F1030F25D023B335
S3150100F60805682E464FF0000C03E0634506F108062F
S3150100F6181BD055F83C400CF1010CC4F3075EBEF152
S3150100F628030FF2D1C1F3130141EA0851C6E90012E9
S3150100F638BDE8F0814BB1056855F8374005EBC706BB
S3150100F64801341ED0B8F1030FDBD101230372BDE8E3
S3150100F658F08105680024AC4655F834600134C6F3D8
S3150100F668130E013601D0714516D0A7420CF1080CCC
S3150100F678F2D19F42C0D255F8374005EBC70601348F
S3150100F688E0D1C1F3130141EA085145F837100137B2
S3150100F6987260C760BDE8F08141EA0851CCE9001201
S3150100F6A8D5E700BF2DE9F0410646406882B0C0B1F2
S3150100F6B80F4690460024336853F8345003EBC403CD
S3150100F6C8C5F30752C5F31301013504F1010406D048
S3150100F6D85B683046CDF80080B84710B1706884423F
S3150100F6E8E9D302B0BDE8F081024B1968024B1868EC
S3150100F6F8FFF728BB087C0020307C002030B5164D6A
S3150100F7089BB0297831BB4FF0007203231024CDE951
S3150100F7180223F6231C2209A8CDE9051107910493B2
S3150100F728CDE90044F1F7A8DF042310A808940B9348
S3150100F738F1F784DB694608AA10A807F0F2FE10B1B2
S3150100F74873201BB030BD0122044B2A70C3E9002087
S3150100F758986018750020F4E7827A00200046002098
S3150100F768F0B587B09DF83C700C46012F1546194631
S3150100F778DDE90C230E9E14D198B104B98DB901B9EE
S3150100F7887AB973B16EB104270090CDE90367CDE963
S3150100F7980145054808F00AFE002818BF722007B07F
S3150100F7A8F0BD2120FBE700BF00460020F0B587B079
S3150100F7B89DF83C700C46012F15461946DDE90C23C8
S3150100F7C80E9E14D198B104B98DB901B97AB973B13C
S3150100F7D86EB104270090CDE90367CDE901450548D7
S3150100F7E808F0F8FD002818BF472007B0F0BD212012
S3150100F7F8FBE700BF0046002073B504462248012AEC
S3150100F80800EAC1119DF8185023F07C4007D9961ECD
S3150100F818012E28D9073303F07F03194308E09DF821
S3150100F8281C300A43DB0603F0C053134343F060411F
S3150100F8380023C4E900108DF80730B5B1202221460E
S3150100F8480DF1070007F0F3FA1A220DF10700211D41
S3150100F85807F0EDFA082063689DF8072043EA8263FA
S3150100F868636002B070BD1143E2E71B220DF1070088
S3150100F878214607F0DCFA23689DF80720042043EAAD
S3150100F888C2632360EDE700BF80FFFF0738B5094B68
S3150100F8980D461A6800210446F1F7EEDE00234FF003
S3150100F8A8FF322383C4E900252361A260E382A3769C
S3150100F8B838BD00BF48D701010138C0B205289ABF33
S3150100F8C8014B185C012070474DD701012DE9F04322
S3150100F8D80746154600240E46596889B0490A012982
S3150100F8E822464FEA510104F10104F8D8DC789978E7
S3150100F8F824031B88C90201F4006104F480540C43F3
S3150100F908C3F30A031C4453039BB21C444FF6FE7807
S3150100F9184FF6FF739DF840204FF00009022A18BFE1
S3150100F9289846274B02A9039325F07843ED430DF139
S3150100F93807001B2202938DF8079007F078FA9DF8C5
S3150100F9480720029B02A943EAC2630DF107001B22A5
S3150100F95825F07845049302958DF8079007F067FA24
S3150100F9689DF80720029B44EA084443EAC2630593CB
S3150100F9784FF0FF330794069307A9BB69012206F1E5
S3150100F98810009847BB6905A90446012206F108003B
S3150100F9989847BB69484518BF044604A90122301D8A
S3150100F9A898470122484518BF0446BB69304603A952
S3150100F9B89847484508BF204609B0BDE8F08300BF0F
S3150100F9C801009AB20122437801789A4030235943BB
S3150100F9D8014B5A50704700BF40E08340034BD3F8B0
S3150100F9E82424D3F820041040704700BF00C0834088
S3150100F9F82DE9F8431F4B0546D3F810334B1E0E2B42
S3150100FA080E461746047890F8018026D951B34FF06F
S3150100FA18000928461FB3F1F76FD90F21B8F1070F6F
S3150100FA2804EB440488BFA8F108084FEA04141248F5
S3150100FA3895BF4FEA88084FEA880804340C3409FA56
S3150100FA4808F201FA08F1204407F00FFA86B92846A8
S3150100FA5857B1BDE8F843F1F74F998946D9E7FFF75A
S3150100FA68B1FFDAE78946D8E7BDE8F843FFF7AABF49
S3150100FA78BDE8F88300C0834030C083404FF480322C
S3150100FA880A4B5A6603F5DE239B69C3F303320270F8
S3150100FA98C3F303424270C3F3461203F00F03134341
S3150100FAA843804FF6FF738380704700BF0050804044
S3150100FAB80048704700100000274B2DE9F0411B68EC
S3150100FAC8F1F71ADE0128074620D9F1F741DE051EAE
S3150100FAD803DA01242046BDE8F081204B1B78002B70
S3150100FAE838D14FF050081E4C04EB0800A465C4F841
S3150100FAF85C80F1F7D4DE206680B90124012FE9D9AB
S3150100FB082846F1F73BDE0028E4DAE2E7134B1B78D7
S3150100FB1803F0FF05002BE4D00024DBE70024114E97
S3150100FB28214606F110033246012034607460B36041
S3150100FB38C6F80C80F1F763DF30660028DDD00321B3
S3150100FB48012008F063FC012008F05EFC0122034B4A
S3150100FB581A70D3E70024D3E7347C0020837A002087
S3150100FB6858470020F446002008B5F1F7C5DD0128FD
S3150100FB7805D9F1F7EDDD002821DA012008BD174B7B
S3150100FB881B7803F0FF00002BF8D0F1F7EFD8002817
S3150100FB98F4D1012001F074FC012008F033FC104B6C
S3150100FBA8186EF1F7D3DF90B90E4B186EF1F70FDF28
S3150100FBB8003818BF01200022084B1A70DEE7074BF0
S3150100FBC81B7833B1F1F7DADD0028DEDAD5E7012053
S3150100FBD8F1E7F1F7D3DDC00FD0E700BF837A002044
S3150100FBE8F44600205847002008B54FF085435B6C62
S3150100FBF8DA0208D5F1F780DD0238012803D80A4B65
S3150100FC08186EF1F77BDF4FF08542536CDB02FCD5AA
S3150100FC18536D1268054A03F4702313600120BDE889
S3150100FC28084001F02DBC00BFF4460020347C0020BA
S3150100FC382DE9FF474FF000080E4617460446CDF852
S3150100FC480080002859D022B90025284604B0BDE80D
S3150100FC58F087002951D032F0030902F0030A1FD0B8
S3150100FC684FF0E063C0E9003801230191C0F808802C
S3150100FC780293C0F8208049F0005301A90393F1F7D4
S3150100FC88BFD949462046F1F793D92046F1F78CD8D2
S3150100FC98054628B14A4641463046F1F7EDDCD4E738
S3150100FCA8BAF1000FD0D04FF000084FF0E063C4E975
S3150100FCB800380123CDF804D00293114B204601A93F
S3150100FCC8C4F80880C4F820800393F1F799D9042170
S3150100FCD82046F1F76DD92046F1F766D8054608B1F1
S3150100FCE83A46D8E7009A4E44EB00013522FA03F367
S3150100FCF8AA4506F8013BF7D1A6E72125A5E700BFE6
S3150100FD08040000202DE9F0410C461546064688B048
S3150100FD1800283ED000293CD05A1E072A39D8072D7B
S3150100FD2837D85F19082F34D800231C4A8360C0E9E5
S3150100FD380023036201230DF11008CDF80480029314
S3150100FD48174B01A90393F1F75BD93046F1F72CD884
S3150100FD5810B92146AF4202D808B0BDE8F08138F89B
S3150100FD6815200D6002F44053B3F5405F13D0930498
S3150100FD784CBF0223C2F300330B72C2F30B03DB033E
S3150100FD884B60C2F38033D20B4B728A7201350C3148
S3150100FD98E0E72120E0E70220DEE700BF000053FF8D
S3150100FDA81000002070B516460546A0B000284CD0B4
S3150100FDB800294AD0002A48D00023254A8360C0E991
S3150100FDC8002301220362234B029102A903920493A1
S3150100FDD8059606920793F1F713D9284605A9F1F76F
S3150100FDE80FD92846F0F7E0DF044640BB019001A988
S3150100FDF82846F1F7B7D8044608BB40F20223019A10
S3150100FE089A421CD80146602208A8F1F735DC082376
S3150100FE182246284608A9FFF775FFA0B9082208ABAC
S3150100FE28197A0C33022904BF53F8081C00EBD100D8
S3150100FE38013AF5D13368834204D31B1A336020464D
S3150100FE4820B070BD02200446F9E72124F7E700BF78
S3150100FE58000064FF040000207FB50E461C460546D7
S3150100FE6808B3EBB1FAB113F003031CD10F49836050
S3150100FE78C0E9001303620123019201A9029344F028
S3150100FE880053039307F0CEFB31462846F1F790D885
S3150100FE9821462846F1F78CD82846F0F785DF04462F
S3150100FEA8204604B070BD2124FAE700BF000063FFB5
S3150100FEB82DE9F0410F4601780446013990468AB08A
S3150100FEC8042947D8DFE801F00332373C41004025D1
S3150100FED8142621490C3400225D43C7E901223A62FE
S3150100FEE8384639602946F1F763D80123384646F082
S3150100FEF8005604A945F00055CDF8048002930395F0
S3150100FF0804940593069607940893099607F08AFBC5
S3150100FF18384601A907F086FB384607A9F1F770D8D4
S3150100FF283846F0F741DF0AB0BDE8F08140252026C2
S3150100FF380A490C34CFE74025202609490C34CAE77B
S3150100FF488025402607491434C5E7802540260649F9
S3150100FF581434C0E72120E6E7000201030003010388
S3150100FF6800040103000501030006010310B591B160
S3150100FF7888B10023C0E90133084B00F10C0203F1F3
S3150100FF88200153F8044B8B4242F8044BF9D1012363
S3150100FF980370002010BD2120FCE700BF1CD8010119
S3150100FFA810B591B188B10023C0E90133084B00F1BE
S3150100FFB80C0203F1200153F8044B8B4242F8044B1F
S3150100FFC8F9D102230370002010BD2120FCE700BFF0
S3150100FFD853D7010110B591B188B10023C0E90133A6
S3150100FFE8084B00F10C0203F1200153F8044B8B4234
S3150100FFF842F8044BF9D103230370002010BD2120D8
S31501010008FCE700BF74D7010110B5A1B198B100236E
S31501010018C0E90133C0E90333084B00F1140203F1C6
S31501010028400153F8044B8B4242F8044BF9D104239E
S315010100380370002010BD2120FCE700BF95D70101FF
S3150101004810B5A1B198B10023C0E90133C0E9033361
S31501010058084B00F1140203F1400153F8044B8B429A
S3150101006842F8044BF9D105230370002010BD212064
S31501010078FCE700BFD6D701012DE9F04F0D469046A1
S3150101008804468BB000287DD000297BD0002A79D07F
S315010100980278013A042A75D8DFE802F0030C5860A0
S315010100A86B001427394A00F10C0B00F1040A2C34B0
S315010100B8B94608E020274FF01C09354A00F10C0B17
S315010100C800F1040A2C34402199455BD80AF104034D
S315010100D80AEBD10653F8040B002855D1B342F9D1DD
S315010100E8DAF80030013901EA0306C5E9002031468B
S315010100F8A86028622846F0F75BDF2846DAF800107F
S31501010108F0F756DF012249F00053284601A947F0C5
S31501010118005746F00056CDF804B0029203970494AD
S3150101012805920696CDF81C800892099307F07AFA8A
S31501010138284604A907F076FA284607A9F0F760DFE9
S315010101482846F0F731DE0BB0BDE8F08F2027114ABA
S3150101015800F10C0B00F1040A2C34A9E740274FF0F2
S3150101016830090D4A00F1140B00F1040A54348021B7
S31501010178AAE74027094AB94600F1140B00F1040A16
S315010101885434F4E72120DEE70F20DCE700020303FC
S315010101980003030300040303000503030006030325
S315010101A82DE9F04387B00D4691461E460446DDF812
S315010101B83880002836D0B8F1000F33D002B98BBB8D
S315010101C86B1EDBB2042B2DD8174AD75C0F9B9F42B6
S315010101D828D80023280200F1407000F580703146C5
S315010101E8C4E90133206023622046F0F7E1DE0123E9
S315010101F86946204646F0005647F00057CDF800906B
S3150101020801930296CDF80C800493059707F00AFA33
S31501010218204603A9F0F7F4DE2046F0F7C5DD07B05D
S31501010228BDE8F0832120FAE717D80101F0B50F4699
S3150101023816461D46044693B010B9212013B0F0BDE8
S315010102480029FAD0002AF8D0002BF6D0002331462E
S315010102581A46384606F0FFFE0028EFD1304602A9B4
S3150101026806F095FE0028E9D1EB68022B0AD0396818
S315010102783F48029A81426B6902D01830814270D196
S315010102889A42DAD82B68002BD7D14FF060623846EB
S31501010298C4E90023A360236201A906F037FF0028F8
S315010102A8CCD10199204621F4F0610191F0F780DE64
S315010102B86946284606F02AFF0028BFD1204600993B
S315010102C8F0F776DE384609A900F054F80028B5D1C9
S315010102D8204609A907F0A6F938460CA907F037F807
S315010102E80028ABD120460CA907F09CF9EB684BB164
S315010102F8284606A900F03EF800289FD1204606A9FE
S3150101030807F090F9304603A907F021F8002895D19D
S31501010318B368DA040CD59B0427D50621F36932693A
S315010103281B6801FB03225B0043F00053039205930B
S31501010338204603A907F076F928460FA907F007F819
S3150101034800287FF47BAF20460FA9F0F759DE032574
S315010103582046F0F729DD01287FF470AF013DF7D179
S315010103686CE7B3EB420F8DD267E7292066E700BF39
S31501010378200000B090B189B101234B60C368013BEC
S31501010388012B08D88269064B1AB10A6000208B60D5
S315010103987047044AF9E74FF00053F7E72120704700
S315010103A8080000203CD8010170B50E4615460446E1
S315010103B88AB000285BD0002959D0002A57D00123D9
S315010103C829461A46304606F046FE00284DD1B3683D
S315010103D813F4C04F4BD0AB6803F4C043B3F5005FC8
S315010103E845D1254BA060C4E90030206207A93046F2
S315010103F806F08CFE002838D120460799F0F7D8DD9A
S31501010408304601A9FFF7B6FF78BB204607F00AF97E
S31501010418304604A906F09BFF38BB204604A907F01C
S3150101042801F9EB681BBBAB6803F4C043B3F5005F85
S315010104381DD16946284606F0D5FDB0B9009B6A6902
S315010104489A4216D32A6943F000530792012220469C
S3150101045807A9089203250993F0F7D2DD2046F0F79B
S31501010468A3DC012801D1013DF8D10AB070BD2120D3
S31501010478FBE71D20F9E700BF000001022DE9F04362
S3150101048891B00D46DDE918760446DDF86880002845
S315010104986ED000296CD0B8F1000F69D00FB9002EC2
S315010104A866D1296801F07041B1F1404F5BD0002B4B
S315010104B85BD1531E042B5BD8120202F1C06202F50D
S315010104C8807200232846C4E90133226023620DA9FB
S315010104D806F01CFE002843D120460D99F0F768DD88
S315010104E831462046F0F764DD284601A9FFF742FFA8
S315010104F8002835D1204601A907F094F8284604A910
S3150101050806F025FF60BB4FF00109204604A907F053
S3150101051889F846F00056204607A90797CDF8209095
S31501010528099607F07FF82B680A9703F07043B3F130
S31501010538404FCDF82C900C9603D120460AA907F015
S3150101054871F80123CDF834800E931B9B204643F0A5
S3150101055800530DA90F93F0F753DD2046F0F724DC7C
S3150101056811B0BDE8F083034AABE74FF0C062A8E7D3
S315010105782120F5E7000002062DE9F0418CB00D4670
S31501010588DDE912860446149F002869D0002967D03F
S31501010598B8F1000F01D1002E62D1002F60D0A968F0
S315010105A889045DD5296801F07041B1F1404F4DD0FB
S315010105B8002B4DD1531E042B52D82A4B03EB022291
S315010105C800232846C4E901332260236209A906F0FA
S315010105D89DFD002837D120460999F0F7E9DC314616
S315010105E82046F0F7E5DC69462846FFF7C3FE50BB0E
S315010105F86946204607F016F8284603A906F0A7FE1C
S3150101060808BB204603A907F00DF8012346F0005659
S31501010618CDF818800793089609970A93159B43F015
S3150101062800530B932B6803F07043B3F1404F11D17B
S3150101063809A9204606F0F6FF06A9204606F0F2FFAB
S315010106482046F0F7B1DB0CB0BDE8F081064AB7E701
S31501010658064AB5E706A9204606F0E4FF09A9ECE72B
S315010106682120F0E70001010600000306000001064A
S3150101067810F1860F14D010F1850F07DA10F1930FD7
S3150101068811D0873007D04FF0FF307047003818BFB7
S31501010698012040427047054B194411F9050C704771
S315010106A86FF0710070476FF06F00704744D801FF12
S315010106B8012910B50CDC084C084B00290CBF214651
S315010106C8194607F010FD2146BDE81040FFF7D0BFD6
S315010106D86FF0740010BD00BF0B0000020A00000292
S315010106E808B507F040FDBDE808400149FFF7C0BF5D
S315010106F80B000002002307B54022019301AB07F065
S315010107084EFD034903B05DF804EBFFF7B1BF00BF26
S315010107180B000002012910B50CDC084C084B002915
S315010107280CBF2146194607F0DEFC2146BDE81040FB
S31501010738FFF79EBF6FF0730010BD00BF09000002ED
S315010107480800000208B507F00EFDBDE80840014999
S31501010758FFF78EBF09000002002307B52022019386
S3150101076801AB07F01CFD034903B05DF804EBFFF784
S315010107787FBF00BF0900000210B5044C214607F0EE
S31501010788B2FC2146BDE81040FFF772BF0500000221
S3150101079808B507F0E8FCBDE808400149FFF768BF5D
S315010107A805000002002307B51422019301AB07F0E6
S315010107B8F6FC034903B05DF804EBFFF759BF00BF27
S315010107C80500000238B5134DFFF776F9124B134AA6
S315010107D81349144803F0BCFB2B7803F0FF04BBB99A
S315010107E8F0F78ADF012802D9F0F7B2DF04462B7840
S315010107F82BB90D4B0D481B68984701232B70F0F750
S315010108087BDF012804D92046BDE83840F0F7B69FB9
S3150101081838BD00BF847A0020777601015976010136
S31501010828917601019B760101907C0020AC5700204D
S3150101083800F01F02A0F50620A0F55060812810D806
S31501010848012309494009934051F820201A4341F8E7
S315010108582020064951F8202022EA030241F82020E6
S3150101086870474FF0FF307047D0470020BC47002042
S3150101087800F01F03A0F50620A0F55060812810B5E8
S3150101088819D801210D4A4009994052F820300B43E4
S315010108980B4942F82030D1E9004323448C682344AB
S315010108A8CC68096923445B1804D1C2E90033C2E95A
S315010108B80233136110BD4FF0FF30FBE7BC4700203F
S315010108C8D04700202DE9F04FA7B003921F460446F1
S315010108D80822CDE90401414021FA02F34B40980768
S315010108E802F1080218BF9B00202A1C44F4D1812376
S315010108F8B4FBF3F303EBC313E41A7F4B04F50624A4
S315010109081B7804F55064002B39D1FEF7EDFE054637
S3150101091800286FD10146402206A8F0F7ADDE294627
S31501010928402216A8F0F7A8DE744D754EA846103573
S31501010938AE4228BF2E467348013E00964346102211
S31501010948006806A905F057FF4FF0000B81460DF126
S31501010958180AD94541D16B480096434610220068C9
S3150101096816A905F051FF4FF00008834616AEC34597
S3150101097846D1654B9D42D8D101225F4B1A704FF082
S3150101098881080026DFF894B1A4F50625A5F550637B
S315010109985B095BF8232004F01F01CA40D20746D43C
S315010109A85A4A52F82330CB40DB0732D58123002E30
S315010109B808BF2646A5F6FF44B4FBF3F303EBC313BD
S315010109C8E41A04F50624B8F1010804F55064DBD1EB
S315010109D8039B03B3FEB1344625E05AF8040BFFF72E
S315010109E827FF013009D10022434B1A70424B1B786C
S315010109F8002BC4D16FF091000FE00BF1010BA8E7B1
S31501010A0856F8040BFFF734FF0130EFD008F101085E
S31501010A18ADE7039B23B96FF08B0027B0BDE8F08FD3
S31501010A28002E18BF3446329B00201C60F5E7309B27
S31501010A3813B10023309A1360319B13B10023319A04
S31501010A4813604FF0100ADFF8BC90CDF800A000231F
S31501010A583A462146D9F80000FEF7BAFA002838D1F4
S31501010A6830993A682A4BE9B19A42C1F800A01CD0DB
S31501010A782146D9F80000FEF759FC0028CBD1D7E960
S31501010A880223DDE90410834208BF8A422AD0812361
S31501010A98A5F6FF45B5FBF3F303EBC313ED1A05F50C
S31501010AA8062490E79A42EAD0E2E7319B002BE6D089
S31501010AB82146D9F8000016AAFEF7E8FA48B9319B8A
S31501010AC8309A1B681268934294D39B1A319A136020
S31501010AD8D5E7104B9842CBD06328C9D00E4B984223
S31501010AE8CDD087E7039B002B9DD07B68012B9AD13B
S31501010AF86FF0840091E700BF857A0020006D080038
S31501010B08816D0800307C0020906D0800BC470020EB
S31501010B18105D175EFFDF00F0FEDF00F0D047002011
S31501010B2870B5124D2B7803F0FF04CBB9F0F7E4DD6C
S31501010B38012802D9F0F70CDE04462B784BB90C488B
S31501010B48436D43F0010343650A4B1B68984701232B
S31501010B582B70F0F7D1DD012802D92046F0F70EDE18
S31501010B68BDE87040044B02481B681847867A002085
S31501010B78E4470020907C0020887C0020034B1B78E9
S31501010B881BB1034B03481B6818477047867A002037
S31501010B98847C0020E44700202DE9F04F87B0824686
S31501010BA8894698461646DDF840B02AB1002B57D03A
S31501010BB840F26C739A4256D8BBF1010F56D80024FC
S31501010BC806F1100739460120059407F0B3FE0546DB
S31501010BD800284ED021463A46F0F74EDDFFF7A0FF31
S31501010BE805ABCDE9014300942B46012250464946FE
S31501010BF8FFF768FE044690B110F18C0F08BF6FF03C
S31501010C088D043A4600212846F0F736DD284607F0D5
S31501010C1873FEFFF7B3FF204607B0BDE8F08F164B09
S31501010C28C5E902A92B60C5F804B02EB13246414681
S31501010C3805F110000BF0D0FF059E10483B462A46E8
S31501010C4831460068FEF718FB38B93046FFF7F0FD63
S31501010C58013008BF6FF08604D3E76FF09104D0E73E
S31501010C686FF08604D7E76FF09104D4E76FF0850436
S31501010C78D1E76FF08C04CEE7105D175E307C00205A
S31501010C882DE9F0478CB08146DDE914780C46164604
S31501010C981D466BB1B8F1000F49D0002F47D0B7F106
S31501010CA8005F44D3C3F1005303F500239F423ED8A5
S31501010CB84FF0000A1022002108A8F0F7DDDCCDE982
S31501010CC805AAFFF72DFF07AB029305AB019306AB07
S31501010CD8214600935246484608ABFFF7F3FD044601
S31501010CE8D0B9059B3DB1B3421CD853EA060504D0D8
S31501010CF86FF0860410E0B342FAD3069B0D48C8F893
S31501010D08005000953A46079900683344FEF760F9A1
S31501010D18002818BF6FF09104FFF730FF20460CB089
S31501010D28BDE8F0879B1B9D4228BF1D46E5E76FF08D
S31501010D388604F3E7307C002070B500260C4605468B
S31501010D488CB01022002108A8F0F796DCCDE90566DA
S31501010D58FFF7E6FE07AB029305AB019306AB214606
S31501010D6800933246284608ABFFF7ACFD044608BB9B
S31501010D78099B012B23D0079D144B29461868FEF7B9
S31501010D88D5FAF8B9A5F50623A3F55063812B05F024
S31501010D981F020DD801210E485B09914050F8232005
S31501010DA84A4040F823202846FFF762FD013001D168
S31501010DB86FF08604FFF7E2FE20460CB070BD6FF0B6
S31501010DC88404F7E76FF09104F4E700BF307C002053
S31501010DD8D04700202DE9F0410D4614461E46C4B000
S31501010DE810B96FF0860038E00029FAD0002AF8D048
S31501010DF8002BF6D0038803F44F42B2F5824F02D095
S31501010E086FF0850029E0DAB2122AF9D123F0FF033E
S31501010E18B3F5E24F29D1438833600BBBE300336055
S31501010E28B3F5807FECD10023184648492E19214490
S31501010E3811F8014D16F8012D1043121B0CBF4FF085
S31501010E48FF340024B54203EA040343EA0203EFD15E
S31501010E580028C6D0002BC4DA002044B0BDE8F081D1
S31501010E68DA1DB4EBD20FDBD0BBE7B3F5824F69D1FB
S31501010E780B78042BB5D12822002118A8F0F7FCDB41
S31501010E8818A8EFF7DBDF002859D100278422394654
S31501010E9823A82297F0F7F0DB012320223946684679
S31501010EA88DF88830F0F7E8DB20224FF08808013CFD
S31501010EB83946013505940DEB0200E40004956408F1
S31501010EC8F0F7DADB22AD2022394610A80C95CDF8C8
S31501010ED83480F0F7D1DBB4F5C07FCDE9145834601D
S31501010EE88ED027D8E02C03D0B4F5807F7FF479AF73
S31501010EF8174B0734009308934FF4005302934FF4A9
S31501010F088043E4086A460A93640010AB08A918A845
S31501010F181194FFF78BF933680733DB085A0033B1AC
S31501010F280021531E013B297005F10105FAD200285A
S31501010F3892D056E7B4F5047F3FF462AF51E76FF0FB
S31501010F4892008AE76FF0960087E700BF4BD8010147
S31501010F5820000080F8B5134642880C460732072A55
S31501010F684FEAD20101D0A1426DD1D0E901670588C5
S31501010F78202218460021F0F77FDB360A034626B1FF
S31501010F88012E11D06FF08B00F8BD002C5BD041F218
S31501010F980102954205D0B5F5885F02D0B5F5905F96
S31501010FA81BD15C600020EFE7C660002C4BD041F2F3
S31501010FB8010295420BD15C60B90707F001021FD402
S31501010FC8002AEFD19A6842F080729A60EAE7B5F58C
S31501010FD8885FF0D0B5F5905FEDD0B5F5105F0AD110
S31501010FE8182C03D0202C01D0102C2CD1C3E9004494
S31501010FF8002ED7D0E0E705F44F42B2F5824F02D071
S315010110086FF08500C0E7EAB2122AF9D1202CF7D18F
S315010110180E4A25F0FF05B5F5E24F1A600CD0B5F574
S31501011028824F10D14FF4005217F4705F09D017F4AB
S31501011038864F04D09A60E3E74FF48042F4E742F41D
S3150101104880629A60D4E76FF086009DE720000080F0
S315010110582DE9F041174600221C4643688CB01B0A4C
S3150101106880460D46009204D0012B53D06FF08B00B8
S3150101107886E0008820F0FF03B3F5824F15D1B8F851
S3150101108802200732D208009206F0F7FB002800F089
S31501011098D1800B78042B05D1013FB7EB420F05F13E
S315010110A8010503D06FF086006AE00097009E22468B
S315010110B831464046FFF74EFF002861D1FA1CC4E9C3
S315010110C8030522F003026261002E00F094802022BA
S315010110D8002101A8F0F7D0DA3146404601AAFFF707
S315010110E839FF002840F087802368019A9A4240F027
S315010110F882806368029A9A427DD1A368039A9A42C9
S3150101110879D1A369079A9A4275D1E369089A9A42EC
S3150101111836D070E0032FC5D90B78012B40F08D80AD
S31501011128497800293ED0F73905299FD801A353F8F3
S3150101113821F000BF99110101551101017510010134
S315010111488F11010175100101A31101014FF4105607
S31501011158F8253B4F1C22002102A8F0F78DDA03235B
S315010111680197CDE90435039601AA09AD134603CBC7
S31501011178AB42206061601A4604F10804F6D10020E9
S315010111880CB0BDE8F08110274FF08076FA25E1E72A
S3150101119820274FF00076F725DCE74FF41056FC259A
S315010111A8274FD7E72B2F7FF67DAF20222046F0F771
S315010111B863DA05F110032361AB070DD001AB05F124
S315010111C828061A4628686968083503C2B5421346CE
S315010111D8F7D1286801AD10606B68103F2360AB68D1
S315010111E869466360EB682046A36001236761E36092
S315010111F805F0CDFE28B1202200212046F0F73CDA80
S3150101120850E7B8F80030009E03F44F42B2F5824F19
S315010112180ED1DAB2122A0BD123F0FF03B3F5824FAD
S3150101122806D1730062691C339A42BFF44DAFE2E7F6
S315010112383346F7E76FF08500A2E76FF091009FE764
S3150101124820000080038810B503F44F42B2F5824F9E
S3150101125821F0FF0221F4FF71134C21F0010109D09C
S31501011268A1421AD0114B9A4214BF6FF085006FF053
S31501011278860010BDA142DBB20FD00C498A420CD0BF
S31501011288122B0DD14388B3F5807F09D1B2F1062F0F
S315010112980CBF00206FF08500EBE76FF08600E8E7E9
S315010112A86FF08500E5E700BF00020006001300069E
S315010112B8184A20F4FF7323F0010393420ED0164B0B
S315010112C820F0FF029A4209D0144920F47F7323F0D2
S315010112D803038B4202D0124B9A4217D110F0FF0039
S315010112E817D040F0007000F17E40053806280DD868
S315010112F8DFE800F0040C0C0E06080A00012070470D
S315010113080320704704207047052070470020704765
S3150101131802207047000200060013000600040006B9
S315010113280009000638B501250A4C0B48EFF717DB0A
S315010113380B20EFF7ABDC04F500535D6742201D670F
S3150101134800F09EF804F58054422007F05DF800206C
S31501011358656738BD0040104074D8010108B5054BD1
S315010113681B6FDB0704D50122034B1A67AFF3008014
S3150101137808BD00BF00401040006010400028ACBF06
S3150101138800F16040064B4FEA0111C9B2ABBF00F546
S31501011398614000F00F0080F800131954704700BF2F
S315010113A814ED00E0002807DB01234109034A00F097
S315010113B81F00834042F82130704700BF00E100E079
S315010113C800280CDB01220649430900F01F0082406F
S315010113D8203341F82320BFF34F8FBFF36F8F704737
S315010113E800E100E0034672B6034A90689360BFF3D1
S315010113F84F8F62B6704700BF00ED00E038B5EFF7D1
S3150101140817DE154B1C781CBB01221A70EFF70BDE90
S31501011418EFF705DE114B054698682346104AC15870
S315010114280433B3F5D47F42F8041BF8D16A210C4879
S31501011438FFF7D8FF2846EFF7EDDD6FF004021046F6
S315010114480132052152B2FFF799FF5A2AF7D138BD60
S31501011458BDE83840EFF7E79D877A002000ED00E007
S31501011468003A0020054B421153F8223000F01F00C3
S3150101147823FA00F0C04300F00100704700E100E0E3
S31501011488002808DB01224309034900F01F008240B5
S31501011498603341F82320704700E100E073B5EFF7A7
S315010114A8BEDD0D4D0D4B2E781C68EFF7B3DDF0F758
S315010114B8DAD938B1FF2E05D00020297801AA04F01E
S315010114C858FE019C2CB9EFF7AADD054B1C68EFF70D
S315010114D8A1DD204602B070BDFC7C002074480020C5
S315010114E87848002010B50446EFF799DD024B1C60D8
S315010114F8EFF790DD002010BD7848002013B50023D1
S3150101150801241A4619461846009403F093F8002354
S3150101151800941A461946184603F0BEF80248FFF721
S31501011528E1FF002002B010BD4C7C002007B56846DA
S3150101153800F030F8DDE900010022034B03B05DF844
S3150101154804EB07F028BC00BF7C48002007B50093CF
S3150101155813460A460146034806F0DCFF03B05DF867
S3150101156804FB00BF7C48002013460A460146014890
S3150101157807F0BFB87C48002007B5009313460A4611
S315010115880146034807F0BAF903B05DF804FB00BF49
S315010115987C4800200249034A0160521A4260704799
S315010115A8E086002000000820004870477C4800209A
S315010115B808B50BF05FF9034B1868BDE80840F0F769
S315010115C8549900BFA448002030B5094D8BB001AC30
S315010115D80FCD0FC40FCD0FC42B68002101AA0548F1
S315010115E82360F0F7EDD8044B18600BB030BD00BF8E
S315010115F880D80101B9150101A4480020036810B476
S31501011608596A846E9A68C1F5977193682144034AA8
S315010116185DF8044B5C30EEF79D9F00BF0C0000207E
S31501011628B1F5067F13B504462AD31020EFF70FD873
S3150101163818B96FF0020002B010BD236840F20C41DF
S315010116481A6802F07F02EFF71BD80028F1D0EFF7ED
S31501011658F7DDA061B8B1214613220C4B04F118003C
S31501011668636051F8303B00921B689022EEF790DFD8
S31501011678074B002063610123C4E90300A360DAE78C
S315010116886FF02200D7E76FF00100D4E738DA0101DC
S315010116989D160101F8B5C36804460F4600F11806FF
S315010116A843B94368416ADB6830463A4A43F4806381
S315010116B8EEF750DFA36A9B052AD4224652F8C01BCE
S315010116C8E368C8680969302834BF082010204D1E0F
S315010116D81D404D1B0130854238BF6D182A44D9007A
S315010116E802F8011C05F1BF025B09224404F1C1019B
S315010116F891424AD18023616A84F8C03063682A46D7
S31501011708DB6830469831EEF725DF23692B442361DF
S3150101171822693846D31C23F003039B1A226A52F81D
S31501011728041C41EA032142F8041C52F8081C0B4423
S3150101173843F0005342F8083C2368D968CD1CEFF7FA
S3150101174801DE23680146DA683046EEF70DDF2368C4
S3150101175825F00305DA68AA4206D0AA1A00213046FD
S3150101176842F08042EEF700DFA16A11F4806110D1DF
S3150101177823685A69DB689A420BD0D21A3046BDE80A
S31501011788F84042F08042EEF7EF9E02F8013D1B0A4E
S31501011798AEE7F8BD04000020014B0360FFF740BF27
S315010117A8D8D90101014B0360FFF73ABFB8D9010145
S315010117B8014B0360FFF734BF98D90101014B03605F
S315010117C8FFF72EBF18DA0101014B0360FFF728BFA6
S315010117D8F8D901012DE9F041324F3B7883B13248FD
S315010117E8EFF7BDD83148EFF7BAD807F02FFC2E48E5
S315010117F8EFF7B8D82D48EFF7B5D80020BDE8F08145
S31501011808EFF77ADF0128064614D9EFF7A1DF051E9E
S3150101181846DB3B78002B3CD14FF05008244C04EBB6
S315010118280800A465C4F85C80F0F739D8206638B990
S315010118380120E3E73B7803F0FF05002BCFD1EBE766
S315010118481C4C04F15000C4E91648F0F728D8206663
S315010118580028EDD004F1640304F1B400C4E92F387A
S31501011868F0F71DD8C4F8C4000028E1D00021124CB4
S31501011878012004F110032246C4E90011C4E9023822
S31501011888F0F7BDD820660028D2D001239E423B70CD
S31501011898A5D92846EFF772DF0028A0DA0220ADE7BD
S315010118A80D20ABE7887A00206CD8010170D80101B7
S315010118B81049002074490020AC480020002307B5CF
S315010118C80193054B1B68F0F7BFDA019B002BFCD08E
S315010118D803B05DF804FB00BF787C0020EFF30583B4
S315010118E80F2B84BF034A9B5C4FF0E023D3F80C3DD1
S315010118F8704700BFF0E300E030B5074C256824685E
S315010119086A40D2B2891A101A090A41EA10216340BA
S3150101191823EA0100C0B230BDE0550020044B1B6823
S31501011928584043085B4240421843C017704700BFFD
S31501011938E0550020054B01311B680132434022EA7B
S31501011948030208400243501E00B27047E0550020C9
S315010119582DE9F04F834699B00F46184600211646E0
S31501011968049307F0ECFF002800F087810024012584
S31501011978774B30461493049915ABCDE90B45CDE95F
S315010119880D45CDE90F45CDE91145139307F060FFE3
S31501011998A04228DABBF1000F05D1E7B90024204698
S315010119A819B0BDE8F08F2146584607F0C6FE044630
S315010119B80028F2D00BA807F015FE0DA807F012FEB4
S315010119C80FA807F00FFE11A807F00CFE0C2115A8A8
S315010119D801F0B0FAE3E73146384607F079FE0446E5
S315010119E80028E7D1DAE731460BA807F071FE04466C
S315010119F80028DFD104990DA807F06AFE04460028DC
S31501011A08D8D1F1880FA80231ADF83850ADF8305068
S31501011A1807F0F6FD04460028CCD101460FA807F0C8
S31501011A288CFE04460028C5D1F18811A8023107F0B8
S31501011A38E7FD04460028BDD10DA807F0BDFE00F05B
S31501011A481F001F2873D0C0F11F0319460BA8019364
S31501011A5807F0D8FE04460028ACD101990DA807F074
S31501011A68D1FE04460028A5D1BDF83250BDF83A8009
S31501011A780DA8A5EB080A4FEA4A19494607F0C2FE1D
S31501011A880446002896D14FEA8A0A0DA90BA807F040
S31501011A980EFF00284DDA49460DA807F0D0FE044687
S31501011AA8002887D108F1FF3302939B0005F1FF3A1C
S31501011AB8069305F1804508F18043023B013D9B00F0
S31501011AC8A5EB08050993AB000393029B9A4541D8F7
S31501011AD8BBF1000F0DD058460FA907F0F9FD0028F3
S31501011AE840F0C780049AB388928813FB02F3ABF8D6
S31501011AF80430002F3FF45EAF01990BA807F09FFE52
S31501011B08002840F0B680B3880BA93846ADF83030C5
S31501011B1807F0DEFD0146002840F0AD80384607F0A2
S31501011B280EFF00287FF446AF0123BB8042E70194EB
S31501011B389AE70F9A0BA952F80A300846013342F877
S31501011B480A300DAA07F0E0FF044600289DD031E7C7
S31501011B58010003000D9B069A05931344DDF82C90A9
S31501011B680893059B4FEA8A089A5859F82A10A8F149
S31501011B7804030F9D0793039B91421D4474D2079851
S31501011B88002359F80000EFF7E7DB002914BF4FF0EE
S31501011B98FF330346BAF1010F2B600EBF002309EB90
S31501011BA8080353F8083C099A1593079B59F803301A
S31501011BB8169359F8083017932B6801332B60059B47
S31501011BC8134498462B680021013B2B6011A807F0A5
S31501011BD8B4FD00284DD1029B002B48D0D8F800202E
S31501011BE8119B11A91A60089A084612685A602A684F
S31501011BF808F012F800283CD113A911A807F057FEDD
S31501011C080028DFDC2A680DA911A808F005F880BBB0
S31501011C18039B11A84FEAC308414607F0F3FD40BBF0
S31501011C280BA9084611AA07F06FFF014618BB0BA8B5
S31501011C3807F085FE002812DA0DA911A807F048FD5B
S31501011C48B8B9414611A807F0DDFD90B90BA90846B7
S31501011C5811AA07F056FF60B92B68013B2B60039B5C
S31501011C680AF1FF3A043B2FE74FF0FF3392E7029A55
S31501011C78B6E704469EE60C469CE66FF00B048EE633
S31501011C88044B1B68584043085B4240421843C0173E
S31501011C98704700BFE055002010B50B4C2268236838
S31501011CA84240594081EA0200C00FFFF7E9FF236864
S31501011CB8521A434022EA030208401043C00FBDE805
S31501011CC81040FFF7DDBF00BFE0550020F8B50D460E
S31501011CD8014628681746FFF7DFFF0124C143074B71
S31501011CE81E68BC4202D346EA0100F8BD55F8240034
S31501011CF8FFF7C6FF01340643F3E700BFE0550020AD
S31501011D082DE9F04707460F4B88461E6819681D6875
S31501011D18541E631C02D13046BDE8F08758F824A049
S31501011D2857F8249050464946FFF7B6FF51460543F1
S31501011D384846FFF7B1FF20EA05031E430543013C67
S31501011D48E7E700BFE05500208842F0B504D0002539
S31501011D58084F0438AA4200D1F0BD3E6850F8044F35
S31501011D685E4024EA060451F8256001351E403443D4
S31501011D780460EFE7E05500202DE9F04F1C4685B0D8
S31501011D88DFF884900391064621461046D9F80030BA
S31501011D98D9F8003008F090F9C51D272D90468CBF5A
S31501011DA84FF01E0A4FF0FA0AEB0825F007050293D0
S31501011DB82D1A0F9B2146009330460E9B029A08F075
S31501011DC878FB0746C0B92A462146304608F0EDF99F
S31501011DD8BAF1010A14D0224631460398FFF776FF74
S31501011DE82246834641463046FFF78AFFD9F8002045
S31501011DF80BEA00039A42DCD0384605B0BDE8F08FFC
S31501011E086FF00D07F8E700BFE055002070B50C46E5
S31501011E180646114620461A4607F092FE0546A0B91E
S31501011E28B36C33B921462046321DBDE8704007F02F
S31501011E3824BFB4F90430002B09DB204607F0BCFCAA
S31501011E48F36BB0EB430F09D9184D284670BD01460E
S31501011E58204607F074FD0028EFD0F5E72046B36C5C
S31501011E68984705460028F0D10436B4F90430002B09
S31501011E7804DA0021204607F062FD68B93146204699
S31501011E8807F015FD0028E0DB32462146204607F01A
S31501011E98B6FD0028F2D006E032462146204607F073
S31501011EA830FE0028E1D00546CFE700BF80B0FFFF2D
S31501011EB8F0B514461F46054685B002A80E4607F039
S31501011EC88CFB2346022100972A1D02A807F083FFEE
S31501011ED8044648BB06F110021146284602ABFFF734
S31501011EE895FF044600BB06F108073A4639462846D6
S31501011EF802ABFFF78BFF0446B0B902AB1A46194686
S31501011F082846FFF783FF044670B93246314628460B
S31501011F1802ABFFF77BFF044630B93A4639462846F4
S31501011F2802ABFFF773FF044602A807F05BFB034800
S31501011F3814F10E0F18BF204605B0F0BD00B3FFFF1F
S31501011F480246044803780BB9184670479342FCD0F8
S31501011F580C30F7E764DA01012DE9F14F9A461B695D
S31501011F6804460E4691460A9D1BB9724801B0BDE861
S31501011F78F08F02F110070021384607F0E0FC30B96D
S31501011F885146304601B0BDE8F04F08F076BD0AF179
S31501011F9810080021404607F0D2FC08B94946F0E786
S31501011FA80121404607F0CBFC0028DED13B463A46E3
S31501011FB829462046FFF72AFF0028D7D105F1080847
S31501011FC83B462A4641462046FFF720FF0028CDD148
S31501011FD853462A4629462046FFF718FF0028C5D148
S31501011FE84246414620460AF10803FFF70FFF00283A
S31501011FF8BCD14B462A462946204608F031FB002822
S31501012008B4D109F1080B5B4642464146204608F020
S3150101201827FB0028AAD10021284607F090FC014692
S3150101202890B9404607F08BFC40B92B464A463146E2
S31501012038204601B0BDE8F04F08F08FBB304601B02C
S31501012048BDE8F04F08F02FBD2B463A46204606F16A
S315010120581001FFF7DBFE002888D105F110072B4691
S315010120682A4639462046FFF7D1FE00287FF47EAF7E
S3150101207805F1180A2B463A4651462046FFF7C6FE90
S3150101208800287FF473AF4B463A4639462046FFF797
S31501012098BDFE00287FF46AAF3946284607F018FBCA
S315010120A800287FF463AF2946204608F047FB00283C
S315010120B87FF45CAF4346424631462046FFF7A6FE0A
S315010120C800287FF453AF2B4632463146204608F0A5
S315010120D8C7FA00287FF44AAF5346324631462046AD
S315010120E808F0BEFA00287FF441AF33463A4639462D
S315010120F8204608F0B5FA00287FF438AF43463A4638
S3150101210839462046FFF782FE00287FF42FAF5B464A
S31501012118524651462046FFF779FE00287FF426AF3D
S3150101212853463A46204606F1080101B0BDE8F04F8B
S3150101213808F096BA80B0FFFF2DE9F047012A8246D9
S31501012148DDE908490E4690461F4644D8043007F092
S3150101215837FB0546504608F006FC012882463CD164
S31501012168002106F1100007F0EAFB48B9B9F1000FA1
S3150101217802D11B48BDE8F0872070C7F800A0F9E72E
S31501012188B8F1000F17D16B0001334B453B60F0D80D
S31501012198214604232A46304601F8013B07F02CFB68
S315010121A80028E7D12A46691C214406F10800BDE841
S315010121B8F04707F021BB6B1C4B453B60D9D8002181
S315010121C806F1080007F0D5FA2146023001F8010B9C
S315010121D82A463046EBE70348CCE70348CAE700BF7E
S315010121E800B1FFFF80B0FFFF80B1FFFF2DE9F84382
S315010121F880460C4615461F4613B91D48BDE8F883A6
S31501012208043007F0DDFA0646404608F0ACFB012822
S3150101221881462AD12B7833B9012FEED12046BDE863
S31501012228F84308F040BC06F10108B845E5D832463D
S315010122382046691C07F0CAFA0028DFD1494604F18C
S31501012248100007F07AFA0028D8D12B78042BD4D1BB
S3150101225873000133BB42D0D1324605EB080104F1C3
S315010122680800BDE8F84307F0B1BA0248C6E700BF5E
S3150101227880B0FFFF80B1FFFF2DE9FF410E460546FC
S31501012288012106F1100007F05AFB044650B9284608
S3150101229808F069FB01287AD12146304607F04FFB40
S315010122A8002801DA3B4C6EE006F108082146404652
S315010122B807F045FB0028F5DB2F1D3946304607F0A7
S315010122C8F6FA0028EEDA3946404607F0F0FA002810
S315010122D8E8DA684607F081F902A807F07EF943466C
S315010122E8424669462846FFF791FD0446002844D12E
S315010122F833463246284602A9FFF788FD04460028D7
S315010123083BD1EB687BBB02A90322084607F000FC17
S31501012318044690BBBDF90C30002B04DA002102A852
S3150101232807F00DFBC8B902AA334611462846FFF73D
S315010123386DFD044608BB02AA1146284605F1140398
S3150101234808F072F90446C0B9684602A907F0AFFA5E
S31501012358104B041E18BF1C460FE002A93A4608464F
S3150101236807F0CFFBD4E702AA1146284605F10C036B
S3150101237808F05AF904460028D5D0684607F032F91B
S3150101238802A807F02FF9204604B0BDE8F081024CF6
S31501012398F9E700BF80B3FFFF80B0FFFF38B50546F7
S315010123A808F0E1FA01280C4601460DD1204607F04D
S315010123B8C6FA002806DB204605F1340107F077FA4B
S315010123C8002803DB024838BD0248FCE70020FAE78A
S315010123D880B3FFFF80B0FFFF2DE9F04F0F46B5B07F
S315010123E8114606469A460292FFF7D8FF0446002887
S315010123F840F09F8151463046FFF73EFF04460028CB
S3150101240840F09781304608F0AEFA012840F09A81EA
S31501012418336C1821013302204FEA530906F08AFA6F
S315010124280546002800F08C8105F1180808F0A4FA80
S31501012438404608F0A1FA0DF14C0B0BEB04000834E8
S3150101244807F0CBF8202CF8D15146284608F015FBA0
S31501012458044698BB8246D1451ED14146304608F00D
S3150101246868F8044650BB43462A4641463046CDF8EC
S3150101247800B0FFF771FD044600BB4146304608F03E
S3150101248858F80446D0B905F1100007F0ABF805F183
S31501012498280007F0A7F811E0BAFBF9F10123182280
S315010124A88B4009FB11A1DBB202FB0352F9B11146BB
S315010124B8304613AB08F051F9044638B34FF0000A18
S315010124C80BEB0A000AF1080A07F08CF8BAF1200F9A
S315010124D8F6D1F4B1B36D9D422DD0284608F089FA9B
S315010124E8404608F086FA284606F006FA23E003F084
S315010124F8FE0101EB5301104605EBC101039208F0F8
S31501012508BCFA039A04460028D1D0D7E70AF1010A91
S31501012518A1E705A807F061F806F1340B0BA807F046
S315010125285CF82146584607F024F9012811D0B36D04
S315010125389D4204D1844C384608F05BFAF9E02846F5
S3150101254808F057FA404608F054FA284606F0D4F935
S31501012558F0E72146029807F00CF90299824605A887
S3150101256807F0B6F8044630B10BA807F03BF805A801
S3150101257807F038F8AEE75946029A0BA807F0C4FAEC
S3150101258804460028F0D1BAFA8AFA4FEA5A1A52468B
S315010125980BA905A807F058F804460028E4D1014615
S315010125A809F1010213A8EFF767D813AB1A46A34637
S315010125B8D94502925DD0594605A8039307F0D9F882
S315010125C8029A09EB0B0114780BF1010B044305A8D7
S315010125D807F0CFF8E4B2029A44EA4004039B02F8F1
S315010125E8014BE5E75C781A7884EA010E6FEA0E0079
S315010125F800F0010012FB00F20C4002EA0E0182EA28
S315010126080E0203F8012F13F8012C214342EAC012E5
S3150101261803F8012C0CF1010CE345E3D20BA806F0F2
S31501012628E1FF05A806F0DEFF05A808F0A5F90024D3
S315010126380BAB1819083406F0D0FF202CF8D10BF191
S31501012648D0036B442A463946304613F8843C08F0D0
S3150101265834F80446002831D13E9B002B6DD0DDE9C3
S315010126683E2339463046FFF723FC002865D0044648
S3150101267824E000214FF0010CCEE74B463A46394694
S3150101268830460BF1FF3B08F068F80028EFD113AB90
S315010126982A46304613F80B3005A908F00EF800282A
S315010126A8E5D13A4639463046CDF8009005ABFFF7F4
S315010126B853FC0028DBD1BBF1000FDED105A807F0D9
S315010126C8EEFF4FF000090BAB03EB090009F108090D
S315010126D806F088FFB9F1200FF5D1002C7FF4FAAE87
S315010126E852463946304607F068FF044600287FF40A
S315010126F8F1AE3E9B4BB1DDE93E2339463046FFF744
S31501012708D7FB044600287FF4E5AE3946304607F083
S3150101271810FFB36D04469D4208D0284608F069F9B1
S31501012728404608F066F9284606F0E6F8002C7FF4DB
S3150101273802AF204635B0BDE8F08F0DF12C09BAE795
S31501012748024CF8E6004CF4E780B0FFFF80B2FFFFC8
S3150101275830B4DDE9024524B1CDE9024530BCFFF7C4
S315010127683BBE014830BC704780B0FFFF73B50546D3
S315010127781E4608F0F8F801280C4601460ED1134603
S315010127882046009605F1340207F025FB044B10F1AA
S315010127980E0F18BF0346184602B070BD014BFAE782
S315010127A800B3FFFF80B0FFFF2DE9F0410D46014659
S315010127B828461746984600F047F80446B0B9284610
S315010127C808F0D1F8012805F1600612D142463946C9
S315010127D8304606F0FBFF044628B931462846FFF77D
S315010127E8DDFD044610B1304606F0FCFE2046BDE883
S315010127F8F081014CF7E700BF80B1FFFF70B5066CA8
S315010128080D460736B3EBD60F114604464FEAD602F3
S3150101281803D200230A482B6070BDB0F866302A60DE
S315010128284BB108F0A0F8012807D104F16000BDE811
S31501012838704006F0E1BF0348EEE76FF06D00EBE784
S3150101284800B1FFFF80B0FFFF38B504460D4608F019
S31501012858D4F8204608F09EF8032D257023D1144B90
S31501012868144AA360A361A3632362A362124B626044
S3150101287863624FF00113114A23636261104A114BD6
S315010128886263114AE362E261201D06F095FFE06386
S3150101289804F1340006F090FF206400200123C4E905
S315010128A81600636438BD002308482370FAE700BFA0
S315010128B801000800FCDA01019CDA0101DCDA0101F7
S315010128C87CDA01011CDB0101BCDA010180B1FFFFE0
S315010128D80538C0B206289ABF024B53F820000020DA
S315010128E8704700BF20DB01010023F0B504460360F0
S315010128F80A276FF067000C4E0B68934203D21D78C5
S31501012908303D092D00D9F0BD2568B54209D87D4369
S31501012918256013F8010B28443038206000200B602C
S31501012928EAE76FF06700EEE79999991970B5094CCD
S31501012938256815B96FF02D0009E0667C864207D135
S31501012948267C8E4204D10020156062681A6070BD2A
S315010129581434EDE758E4010130B5084B1C6814B984
S315010129686FF02D0006E01D7C854204D100205B68CD
S315010129780C60136030BD1433F0E700BF08E40101B0
S3150101298830B5084B1C6814B96FF02D0006E01D7CA3
S31501012998854204D100205B680C60136030BD143395
S315010129A8F0E700BFE0E301012DE9F04F0F460021F1
S315010129B8054687B00846009390469B46134605AAE5
S315010129C8109E06F083FD28460AF08FF9044638461B
S315010129D80AF08BF9059902290A4638BF02224B1CCE
S315010129E8023A03EB921323441844119B984207D9DF
S315010129F86FF02908129B1860404607B0BDE8F08FB1
S31501012A0839B1012005F096FF044618B9DFF8A0800F
S31501012A18F2E70C46434620460599CDF800B005AACA
S31501012A2806F054FD804618B1204605F065FFE3E737
S31501012A3828460AF05AF92946024630460AF0CCF8E0
S31501012A4828460AF052F9A1464FF00A0A3518DDF867
S31501012A5814B0BBF1000F18D138460AF046F93946C8
S31501012A68024628460AF0B8F838460AF03EF90246FF
S31501012A782B18581C129B05F802B0821B1A60119B70
S31501012A8859469A1AEEF7F8DDCEE75A46402A28BF83
S31501012A9840224946284603920AF09EF8039AABEB6F
S31501012AA8020015440590914405F801ABCFE700BF33
S31501012AB880EEFFFFF0B5054687B00E4618220021C4
S31501012AC86846EEF7D9DD1DB9114C204607B0F0BDB0
S31501012AD82B68002BF8D16946304608F09AFC044662
S31501012AE80028F1D1BDF80070684608F0D5FF27F036
S31501012AF8FF03B3F5E24F07D047F201039F4205D120
S31501012B08044B2B60AE60E0E7034BFAE7034CDCE7C5
S31501012B1880C1FFFFE8E4010118E5010180C6FFFF55
S31501012B282DE9F74F1646DDE90C89DDE90EAB0446B9
S31501012B380D46109AE1B92BB9036803BB164803B0D0
S31501012B48BDE8F08F002EF9D001680029F6D0216879
S31501012B584F69FFB1CDE90FB2294632462046BC4637
S31501012B68CDE90D9ACDF8308003B0BDE8F04F604745
S31501012B78002EE3D001680029E0D0002BE7D12846D1
S31501012B880192FFF7A5FE07F0F0FF019A0346002817
S31501012B98DDD1D3E70148D2E780C1FFFF00C1FFFFBD
S31501012BA80048704780C6FFFF2DE9F04F04468BB0F8
S31501012BB80E46DDE9149A0021174604A818229846FB
S31501012BC8169DEEF759DD204604A908F022FC38B115
S31501012BD80722194B194909F088FB0BB0BDE8F08F9B
S31501012BE804A8BDF812B008F057FF46F0C061434684
S31501012BF83A462046CDE901A5CDF8009041F4E061B8
S31501012C0808F0DDFD034670B18533E1D143463A4605
S31501012C182046CDE901A5CDF8009046F0062108F038
S31501012C28CEFD0028D4D1CDE900A54B4649465846E3
S31501012C382A6809F080FBD0E7F13E010154E501015B
S31501012C482DE9F0431E469BB00746884614460021E6
S31501012C58182204A8EEF710DD0023F51DED080293ED
S31501012C686D0024B92A4C20461BB0BDE8F0834FF00C
S31501012C7806294FF4005144F4824404A8ADF81040E2
S31501012C8808F060F84246394602ABCDF81C9008F0C7
S31501012C9844FC48B101F028F90546029800F04AFCBE
S31501012CA804463DB32C46DEE7402D03D9029800F0D0
S31501012CB841FCD7E703AB01934023DDE924120AAFAF
S31501012CC8009330463B4609F088FB0446029814B145
S31501012CD800F030FCC7E7039BAB42E8D1CDE90073AD
S31501012CE8DDE92223494608F0ADFD50B9029800F005
S31501012CF821FC0446002CB6D0204601F0F5F804461D
S31501012D08B1E70722034B044909F0EFFAC4E700BF0B
S31501012D1880C1FFFFF13E010154E501012DE9F041B1
S31501012D2805469CB00021164605A818221F46EEF74E
S31501012D38A3DCA86805A908F06CFB38B10722144B76
S31501012D48144909F0D2FA1CB0BDE8F081BDF8144066
S31501012D5805A804F44F43B3F5824F18BF0024BDF803
S31501012D68168008F099FE4122A86804AB0BA908F060
S31501012D78A9FB0028E2D1239B04990393229B009680
S31501012D88CDE90173E2B243460BA8FFF759FFDAE72A
S31501012D98F13E010154E5010170B5002306460846D5
S31501012DA8BEB0CDE903334122806803AB05A908F01A
S31501012DB889FB044618B101F097F83EB070BD16AD0E
S31501012DC8A0223146284609F007FF284607F0B5FF34
S31501012DD80238314602284FF0A002284698BF179CAF
S31501012DE809F0FAFE284607F0A8FF0238022888BF2B
S31501012DF800214FF0410398BF1799CDE900530022ED
S31501012E08204604AB6831FFF797F90028D5D1DDE9EA
S31501012E1803239A4208D1294605A809F0CFFF034B96
S31501012E28002818BF1846C8E70048C6E780C1FFFF52
S31501012E382DE9F04190460027ACB004ADA022064623
S31501012E480C4628464146039709F0C6FE284607F06F
S31501012E5874FF02380228404698BF059F07F06DFFA7
S31501012E68072811D141222946D8F8080003AB08F0F1
S31501012E7829FB00BB3068039A041B944214D26FF0F4
S31501012E886B002CB0BDE8F08141230022CDE9005346
S31501012E98384603AB07F16801FFF74EF90028F0D16F
S31501012EA83068A042E7D2EAE7801A2946306009F07C
S31501012EB893FE0398E5E70148E3E700BF80C1FFFFF9
S31501012EC873B5054610460C46164607F036FF022825
S31501012ED809D1324621462846FFF7AAFF00280DDB0C
S31501012EE8034618460AE0304607F027FF07281BD193
S31501012EF800232A680193944202D90C4802B070BD95
S31501012F082146B06801AB121B08F0DCFA0028F4D19E
S31501012F182868019A2146801A286009F05FFF019BFA
S31501012F28002B1846DDDAE9E70148E7E780C1FFFF2B
S31501012F3880C6FFFF10B50A46044619B1024B0021A6
S31501012F481B68984710BD00BF807C0020F8B50D4E5F
S31501012F580D4C0E4D33680E48984767782B680C4817
S31501012F68984733680B489847022F08D12478E31FFD
S31501012F785C425C412B68074898472046F8BD002406
S31501012F88F8E700BF887C0020E4550020847C0020F6
S31501012F98E4560020485700200E4B0340B3F1607FE9
S31501012FA806D1B1F5885F14BF6FF08600002070471E
S31501012FB8B3F1707F0BD101F4E043B3F5005F06D19C
S31501012FC811F4E06F0CBF6FF08600002070476FF0B7
S31501012FD8860070470000C07F8A42F8B507460C464D
S31501012FE800F019818F4922F4FF7323F001038B4203
S31501012FF80ED08D4B22F0FF01994209D08B4822F45C
S315010130087F7323F00303834202D0894B994228D166
S31501013018884B24F0FF0199420FD114F0FF000BD020
S31501013028854B40F00070984240F0F78082EA04002F
S31501013038FF288CBF00200120F8BD7B4B9942ECD0BB
S31501013048A3F588539942E8D024F4FF7323F00103C9
S31501013058B3F1062FE1D076488142DED073498B421E
S31501013068DBD004F0FE43B3F1A06F14D102F0FE43A5
S31501013078B3F1A06F40F0D18082EA040333F47E13E1
S3150101308840F0CB8014F40040D6D0C4F30540C2F316
S3150101309805429042CDE7B3F1407F40F0A88002F0A6
S315010130A8FE43B3F1407F40F0B88082EA040535F466
S315010130B87E1540F0B28039462046FFF76DFF00289C
S315010130C840F0AB805D4B12F47C1603EA020319D07A
S315010130D8B3F1607FC2F3054679D15949D3B243F0B9
S315010130E800738B4277D003F17E43043B0F2B5CD8E7
S315010130F8DFE803F05A5A5B716567696B65675B5B64
S315010131086567696BB3F1607F34D14D49D3B243F039
S3150101311800738B4244D003F17E43043B0F2BDCD869
S3150101312801A151F823F000BFAD310101AD31010112
S31501013138E3300101A931010127320101713101018F
S31501013148753101017931010127320101713101011C
S31501013158E3300101E3300101273201017131010136
S3150101316875310101793101012026B6E73026B4E727
S315010131784026B2E7B3F1707F17D107F4E043B3F5FF
S31501013188005F03D10126C7F302239E4007F4E043FA
S31501013198B3F5005F09D10125C7F302218D4004E08A
S315010131A810269AE7142698E7142514F47C1FC4F30C
S315010131B8054312D1B54214BF002001203CE71C2565
S315010131C8F3E72025F1E73025EFE74025EDE7B3F1F0
S315010131D8707FEAD1DAE71025E7E712F47C1F01D1FE
S315010131E8AB4218D022047FF527AFB34221E7B3F1E9
S315010131F8106F12D124F01F6020F4702068B902F013
S31501013208FE43B3F1106F7FF417AF0E48104040F03B
S315010132181060A042CFE701200EE700200CE71C262B
S315010132285BE700BF00020006001300060004000662
S315010132380009000600030006FF0000020000C07F26
S31501013248030000020000FFF637B505460C46FFF7F5
S315010132587DFE78B10023224601932946074801AB31
S3150101326804F0EFFA20B9019BA34218BF6FF093004E
S3150101327803B030BD6FF08800FAE700BFE8550020BA
S3150101328821F4FF7210B521F0FF031A4C22F0010255
S31501013298F8B121F4BF6020F00700A04212D0164808
S315010132A883420FD0A0F5206083420BD0134B9A427B
S315010132B808D003F58063994208BF002018BF6FF053
S315010132C8860005E0C9B2002914BF00206FF0860007
S315010132D810BDA242FCD0084A9342F9D021F47F716C
S315010132E821F00301A2F570629142F1D002F5A062C3
S315010132F89342E3E7000200060013000600040006F4
S315010133082DE9F843884617461C4600F0BBFC0546DD
S3150101331888BBD8F80060B6F8009009F4E043B3F524
S31501013328804FB36808BF27F0010737EA03031AD1AB
S315010133380CB3254B24F0FF029A421FD114F0FF0367
S3150101334804D0224A43F00073934232D022464846BA
S31501013358F168FFF741FE074668B9224648463169D1
S31501013368FFF73AFE70BB6FF0840500233046C8F8B3
S31501013378003000F003FD2846BDE8F883144B9A4254
S31501013388DCD0A3F588539A42D8D024F4FF7323F0ED
S315010133980103B3F1062FD1D00E498A42CED00E4A86
S315010133A89342CBD004F0FE43B3F1407F04D1230409
S315010133B8CCD56FF08605D8E7B3F1A06FF7D0034BEB
S315010133C89C42C2E73D46D6E700030006FF0000021C
S315010133D8001300060009000600040006154B70B526
S315010133E81B68054614480E46984718B16FF08F04B5
S315010133F8204670BD2B794BB96B69002433602B7E4E
S31501013408012B14D034606FF0960407E02846D5E9FC
S31501013418081208F03AFE04460028EDD0074B064883
S315010134281B6898470028E3D0002CE1D1DEE7022387
S315010134382B76F3E7887C0020AC570020847C00209A
S3150101344800232DE9F3414768D0F8148005460E4655
S3150101345838461146136008F0D1FD044688B9384645
S3150101346808F0CEFD044660B9FFB277B9B8F1000F8D
S3150101347805D1AB6823F47F4323F0030363B16FF0EE
S315010134888604204602B0BDE8F0810146686908F064
S315010134988FFD0028EDD1F2E74FF6F8736A889A4253
S315010134A827D8154B15481B682F79984710B16FF026
S315010134B88F04E6E707B901A8314600F0A3FB104BD3
S315010134C804461B680D48984710B1002CD9D1EEE77F
S315010134D8002CD6D10FCDD6F800C066460FC695E8A1
S315010134E8030086E80300002FCBD1019BCCF81430E9
S315010134F8C7E76FF08504C4E7887C0020AC57002034
S31501013508847C002010B5044660B1074B07481B6847
S315010135189847204607F060FFBDE81040044B034871
S315010135281B68184710BD00BF887C0020AC570020D6
S31501013538847C002037B50446C0B101A900F0A2FB7D
S31501013548044698B91C4B1D481B6898471C4D08BB76
S315010135580198037E032B11D108F03BFD2B68044624
S315010135681648984728B10CB96FF08F04204603B065
S3150101357830BD002C08BF6FF08704F7E7022B15D180
S31501013588032303760379FF2B13D01BB1406908F096
S3150101359861FD0446019808F01CFD2B68002818BF37
S315010135A80446064898470028E0D0DCE76FF0960400
S315010135B8F0E76FF08404EDE7887C0020AC57002022
S315010135C8847C002047F2010102888A4210D1104900
S315010135D823F4FF7222F001028A4215D00D4A23F023
S315010135E8FF03934214BF6FF086006FF085007047A1
S315010135F802F44F42B2F5824F06D123F4FF7323F049
S315010136080103B3F1062FEDE76FF08500704700BF9F
S3150101361800020006001300062DE9F04117461C4673
S315010136281F4A23F4FF7323F00103934205460E460D
S3150101363898B00ED01B4B24F0FF029A4209D01A49C1
S3150101364824F47F7323F003038B4202D0174B9A426A
S3150101365822D1DDE91E1207AB0193402314F0FF00C5
S315010136680DF1200818BF40F000700093434607F09A
S31501013678ADFC70B9229B3A460493219B31460393CB
S31501013688209B28460293079BCDE90083234607F031
S31501013698CAFF18B0BDE8F0816FF08500F9E700BFF0
S315010136A800020006001300060004000600090006D0
S315010136B844F20101028822F44050884210D110498E
S315010136C823F4FF7222F001028A4215D00D4A23F032
S315010136D8FF03934214BF6FF086006FF085007047B0
S315010136E802F44F42B2F5824F06D123F4FF7323F058
S315010136F80103B3F1062FEDE76FF08500704700BFAF
S315010137080002000600130006002307B51A460091B8
S31501013718024908F0E5F803B05DF804FB48E5010143
S3150101372870B51C4E1C4C33681C48984723785807BA
S3150101373844BF23F0040323702378990705D500F0C4
S3150101374847FA237823F002032370154D13482B6892
S31501013758984733681348984763781BB10023124A7F
S3150101376863605360002308210F486370FFF7E2FB8A
S315010137782B680C48984733680848984723780748BF
S31501013788DA0744BF23F0010323702B68BDE87040B3
S31501013798184700BF887C0020E455002048570020BF
S315010137A8847C0020E4560020E85500202DE9F041EB
S315010137B8FFF7CCFB18B100242046BDE8F081364F4E
S315010137C836483B689847044620B16FF08F04FFF7E6
S315010137D8A7FFF1E7324D2B78D8070AD404F026F86A
S315010137E8044610B904F02BF804462B7843F001037B
S315010137F82B702C4E29483368984710B1002CE4D018
S31501013808E5E7002CE3D13B6824489847044600289C
S31501013818DBD12B78990706D400F0D2F904462B7827
S3150101382843F002032B7033681C4898470028E5D1F9
S31501013838002CCCD13B68194898470028C5D1336873
S31501013848164895F8008098470028BED13B68164866
S3150101385898470028B9D16B783BB918F0010F04D004
S31501013868124B6C605C6002236B7033680E48984793
S315010138780028AAD13B68094898470028A5D12B7881
S3150101388806485A075CBF43F004032B70336898470F
S31501013898002890D099E700BF887C0020485700206E
S315010138A8E4550020847C0020E4560020E8550020D8
S315010138B82DE9F74300F4E040B0F5804F0D46164671
S315010138C81F46DDF828902CD101F16808404607F01A
S315010138D8FEF888B94B46002241462846CDE90067DC
S315010138E8FEF72AFC07F09AFB0446B0B13A460021D5
S315010138F83046EDF7C1DE10E0002301930D4B414639
S31501013908009305F1600205F11C03284607F0E8F862
S3150101391807F084FB04460028DCD0204603B0BDE845
S31501013928F08349462846FEF769FF03B0BDE8F0432F
S3150101393807F074BB2BC30101F0B504881D4604F4D5
S315010139484F43B3F5824F18BF0024A1B00E464188F3
S31501013958E0B2174608F0DBFC0446FEF7F1FA14B3A8
S3150101396808B3684607F037F82046002369460F4A27
S3150101397807F0E7F8044648B1684607F06EF82046AD
S3150101398807F04CFB0446204621B0F0BD3B463246C2
S3150101399829466846FEF732FF07F040FB04466846AA
S315010139A807F05BF8EFE76FF08504ECE72BC301013C
S315010139B80368114A10B59342044609D8023A93425B
S315010139C815D88BB1023A93420BD06FF088000DE0FE
S315010139D803F17E430A3B012BF7D8043003F02EFE8F
S315010139E802E0043003F032FE0020206010BD0430ED
S315010139F803F028FEF8E700BF0900000210B50368C5
S31501013A080F4CA34208D8023CA34215D8023CA34253
S31501013A180BD06FF0880010BD03F17E430A3B012BE1
S31501013A28F7D80430FCF75CFE02E00430FCF7B0FE7F
S31501013A38BDE8104007F0F2BA0430FCF783FEF7E758
S31501013A48090000022DE9F04114461D460378334A5F
S31501013A5843F000739342074688462C6037D003F139
S31501013A687E43043B0F2B09D8DFE803F01C1C083100
S31501013A782125292D212508082125292D24B122466B
S31501013A8821214046EDF7F8DD00263B68244A934299
S31501013A982AD8023A93423BD8023A93422ED06FF082
S31501013AA8880002E0F4B96FF08900BDE8F081002CC5
S31501013AB8F9D01C260EE0002CF5D020260AE0002CB0
S31501013AC8F1D0302606E0002CEDD0402602E0002C8C
S31501013AD8E9D01026224621214046EDF7CDDDB44233
S31501013AE8D3D2E0E71426F5E703F17E430A3B012B1E
S31501013AF8D5D84146381DFCF7FDFD03E04146381D81
S31501013B08FCF750FE07F08AFA0028CED12E60CCE7E1
S31501013B184146381DFCF720FEF4E700BF0300000209
S31501013B280900000238B5074C074B20461B68984720
S31501013B38064B204693F8F050054B1B6898472846D3
S31501013B4838BD00BF48570020887C0020F055002069
S31501013B58847C002000F14043052B70B505460E46CD
S31501013B680CD82822154C02FB0344237E022B02D1D1
S31501013B786369834218D06FF08B001AE0012108F0BE
S31501013B8817FAB8B10D4B00221C46197E022902D13A
S31501013B985969A94205D00132062A03F12803F4D14C
S31501013BA8E9E7282303FB0244204608F0F4F900B9A2
S31501013BB8346070BD6FF08700FBE700BFF055002048
S31501013BC80122024B002083F8F0207047F0550020AE
S31501013BD82DE9F0410A4C002526464FF00108032735
S31501013BE82046C4F81C802776013507F0F5FB062D1A
S31501013BF804F12804F4D1002386F8F030BDE8F081F8
S31501013C08F0550020F8B506460F46FFF78BFF88B336
S31501013C1800241B4B22461D46197ED1B13CB9022906
S31501013C2805D1D96919B91979002918BF1C46013273
S31501013C38062A03F12803EFD114B96FF08C0006E0C7
S31501013C48204608F0A8F9204607F0C6FB10B1002462
S31501013C580EE01C46237E83B9012323763EB1651BFB
S31501013C68ED1003F1CC335D4305F180453560002044
S31501013C783C60F8BD6FF08800E9E76FF09600E6E76A
S31501013C88F055002000232DE9F3410B6080460D46CE
S31501013C98FFF748FF002867D0354B36481B68984718
S31501013CA8074628B16FF08F04204602B0BDE8F081BE
S31501013CB829464046FFF74EFF10F18C0F04462E4E5A
S31501013CC807D033682B4898470028EDD0002CEBD153
S31501013CD8E8E729463846FFF795FF044618B13368E0
S31501013CE824489847E0E701232F68CDE90000694692
S31501013CF83846C7F814807B6001AA08F018FA044609
S31501013D0870B1DDE9000108F010FA286807F064FBD3
S31501013D1814F18C0F08BF6FF0870400232B60D0E7DD
S31501013D28DDE90012384607F0C2FA0446DDE9000169
S31501013D3808F0FBF9002CE8D128688368D90444BF47
S31501013D4843F48063836083689A0444BF43F4006340
S31501013D588360037E012B04BF0223037608F01BF956
S31501013D6804460028ADD0D8E76FF088049CE700BF68
S31501013D78887C0020AC570020847C00200B4B10B5B1
S31501013D881B6804460A48984718B16FF08F04204604
S31501013D9810BD204608F01DF9064B04461B68044868
S31501013DA898470028F3D0002CF1D1EEE7887C002052
S31501013DB8AC570020847C002037B5044630B1164B38
S31501013DC816481B68984720B16FF08F04204603B047
S31501013DD830BD204601A9FFF7BDFE114D044640B18C
S31501013DE810F18C0F2B680D4808BF6FF087049847AF
S31501013DF8ECE70198C369012B0AD107F0EDFA0446EC
S31501013E082B68064898470028E0D0002CDED1DBE76D
S31501013E1808F0DFF8F3E700BF887C0020AC570020E3
S31501013E28847C002030B40D4D2C681C606C685C6084
S31501013E3800249C605468DC6014881C8254885C8266
S31501013E4894685C61D4689C61126930BCDA61196253
S31501013E580A46014603F1240008F0BEBE4CE50101FC
S31501013E682DE9F843232904460F4691469846089EAB
S31501013E7804D86FF098052846BDE8F8830822194940
S31501013E8808F09CFF05460028F3D1A368002BF0D161
S31501013E98216A243F8F42C8F80010EAD3B1F5005FC1
S31501013EA8E7D271B9C9F80000E3687360238A3380E0
S31501013EB8638A73806369B360A369F360E3693361F4
S31501013EC8D9E7012004F036FDC9F8000030B1D8F868
S31501013ED8002004F1240108F07FFEE5E76FF08C0567
S31501013EE8C9E700BF4CE5010100F19903142B1AD862
S31501013EF8DFE803F0171719191919191719191919D2
S31501013F081319191B150B0F0D11000948704709489B
S31501013F187047094870470948704709487047094871
S31501013F2870470948704708F0C3B90848704700BF88
S31501013F3800C3FFFF80C6FFFF80C5FFFF00C1FFFF6A
S31501013F4880C0FFFF80C1FFFF00C2FFFF80C7FFFFDF
S31501013F5870B5094D044628600848016008490948B1
S31501013F680A60094A1360A0472B68084898472B68D5
S31501013F780748BDE870401847907C00208C7C0020DA
S31501013F88887C0020AC570020847C002048570020FB
S31501013F98E45600202DE9F04FCBB0029008460C46B5
S31501013FA808F0A3FE0026052327180298CDE907364E
S31501013FB809960596254605F0F8F84FF0010BB04626
S31501013FC8DFF834A2BD4206D90998002836D15046F0
S31501013FD84BB0BDE8F08F2B78BBF1000F00F0F380F1
S31501013FE83D2B40F0D880814E2A1BD6F80080B8F1C6
S31501013FF8000F07D1214607A806F0DFFD002800F0CA
S31501014008E080EFE073689A4208D12146404603925F
S3150101401808F0F6FD039A002800F0C2801036E4E79D
S315010140282378232B7AD100232A1B02F1FF3B1BF0AC
S315010140380109069305D0DFF8C0A1099804F05CFCD3
S31501014048C5E7033AB2F5027F4FEA5B0BF3D259464C
S31501014058012004F06FFC824600285CD0BBF1000FF9
S315010140680ED1534613F8014B05AA0AEB0B0106A813
S31501014078069305F00DF890B1504604F03DFCDAE7D8
S315010140880134204608F014FA0028F5DB0AF809007C
S3150101409809F10109CB4504F10204F2D1E1E7059AD7
S315010140A8B2F5807FE8D81F2C069907D8504BE34013
S315010140B8D80703D50B465018984226D10AA808F005
S315010140C88BFD504604F018FCDDE90821059B029891
S315010140D800930AAB05F074F98246099804F00CFCC1
S315010140E800230993BAF1000F57D02B46CAF80C40A1
S315010140F81D460133AF421C4602D06A78202AF7D001
S315010141084FF0010B4FF0000A45E013F801CBBCF162
S31501014118000FD1D1B0E7DFF8E4A08EE7002E5ED11A
S315010141280DF12809CB46A54205D8A9EB0B03D8F809
S315010141380C400593C8E721785C2926D1A21C954232
S3150101414804F1010A039213D9504608F0B1F9431C47
S315010141580ED0002843D0039A09F1010CC1B2ACEB88
S315010141680B0CBCF5807F09F8011B38D0541CDAE722
S31501014178554534D961781F48039108F0F5FB70B3A9
S315010141885246039909F1010CE9E7224609F1010CA5
S31501014198E5E74FF0000B013514E7DFF860A016E7F4
S315010141A80390B06808F0A1FD01460890012004F0CA
S315010141B8C1FB089AB168099008F00EFD039BB04648
S315010141C89B465E466C1C2B782C2B03D115F8013CBA
S315010141D85C2B01D1BD42DCD1A5427FF421AF0998FF
S315010141E804F08AFBDFF810A0F1E600BF94E50101AE
S315010141F80010585070E5010180DCFFFF80D7FFFFF1
S315010142082DE9F04F0746A1B00D4601204B21144671
S31501014218099304F08FFB8046002800F01F810023D3
S315010142280B933B7A29460893FA682B190CA807932D
S315010142380C9308F0FFF9041EC0F2F58000F0FA802C
S31501014248224629460CA804F0D4FFA146041EC0F251
S31501014258EA80302229460DEB020004F0EEFF061E24
S31501014268C0F2F380A1444E44324629460CA804F013
S31501014278C0FF041EC0F2D780312229460CA804F0DA
S31501014288DCFFB0F10009C0F2DC8009232946744A32
S315010142980CA805F038F80028C0F2D58026444E440A
S315010142A800EB06094A4629460CA804F0A2FF041E9A
S315010142B8C0F2B980302229460DEB020004F0BDFF98
S315010142C8061EC0F2C280A1444E44324629460CA8B4
S315010142D804F08FFFB0F1000AC0F2B180A02229468D
S315010142E80CA804F0AAFFB0F10009C0F2AA800C9A41
S315010142F829463868521B06F0CAFD041EC0F293808E
S315010143080C9B29461B1B7A680CA80C9308F0E2F84A
S31501014318A346041EC0F28780002229460CA805F08F
S315010143283AF80028C0F28F8056444E445E4426442A
S3150101433800EB06094A4629460CA804F05AFF041E51
S3150101434871DB302229460DEB020004F076FF061EC9
S315010143587BDB0FAB019340230898A1444E4400939C
S3150101436832466B440C9940F0007007F049F903464F
S3150101437800286CD12A9A0492099A03920EAA0292EA
S315010143884B22CDE9008210AA397A386806F0C3FCB6
S315010143980446002847D10121386806F0B3FC0028F4
S315010143A84AD10421386806F0ADFC002852D04FF0F5
S315010143B804094846397A0BAB0AAAFEF7B7FA044645
S315010143C888BB32460C99284608F008FD079BCDF8AB
S315010143D808900D930E9BA919CDE90083DDE90A23FE
S315010143E80DA808F0DDF8041E1DDB0D983246801B69
S315010143F8294626440D9008F0F1FC324629460DA8B6
S3150101440804F0F7FE041E0EDB302229460DA804F03E
S3150101441814FF071E20DB0D9A00212846521BEDF7D2
S315010144282BD934443C44404604F066FA204621B06F
S31501014438BDE8F08F264648E74FF00109B9E754462A
S31501014448F1E74C46EFE70446EDE73446EBE76FF053
S315010144586F04E8E7034CE6E73C46E4E7024CE5E787
S3150101446864E7010100DDFFFF80D7FFFF70B5002674
S3150101447886B005960A9E0C4600961546FFF7C0FEBC
S3150101448800280ADB2A1A05ABCDE90153044903467B
S31501014498009404482244FEF787FA06B070BD00BFAE
S315010144A86EE7010191E7010108B5154B4FF4E47275
S315010144B800211846EDF7E0D8092203460261426157
S315010144C81048114A98614FF48061DA610022196234
S315010144D89A625A62DA62C3F8F0000C48C3F8F4002A
S315010144E8C3F8F8100A49C3F80021C3F8FC20C3F838
S315010144F8042111F8010D98540132102AF9D108BD88
S3150101450818850020B6E7010118810020187D0020D1
S31501014518CFE701012DE9F84FDFF88880824698F83F
S3150101452800308946532B164601D0FFF7BDFF1827E0
S3150101453807FB0A87D7F80051D7F8FCB05D452FD993
S31501014548D7F8F840D7F8F410641BB44228BF3446AB
S3150101455848462944224608F03FFBD7F8F830254456
S31501014568AB4208BF0025A144361BABEB050B5E45E3
S3150101457828BF5E465EB1182303FB0A83D3F8F410FC
S3150101458832462944484608F027FB3444354424B1C8
S31501014598182303FB0A88C8F800512046BDE8F88F9D
S315010145A80024E2E718850020F8B5182700FB0775EE
S315010145B8124B0E461D4407FB0033DB6A1446012BD9
S315010145C80AD0022B14D023B9284608F0B9F8844237
S315010145D808D900242046F8BD284608F0B1F88442D6
S315010145E828BF044622463146284608F0B2F8F1E7C3
S315010145F82846BDE8F84008F0C7B800BF188500206D
S31501014608F8B50B4B04461B780D46532B164601D0BC
S31501014618FFF74AFFEFF311874FF0200181F3118864
S31501014628324629462046FFF7BFFF87F31188F8BDB1
S31501014638188500202DE9F041164C1E4623780546BA
S31501014648532B8846174601D0FFF72EFF082D1DD893
S31501014658EFF3118C4FF0200181F3118865B1182010
S3150101466805FB000344F80380E2180023576000FBA9
S315010146780542166293625362182303FB0544069B9E
S31501014688E3628CF311880020BDE8F0814FF0FF3019
S31501014698FAE700BF188500202DE9F843174E1F4692
S315010146A833780546532B8946904601D0FFF7FCFE20
S315010146B8082D1FD8EFF311824FF0200181F31188DC
S315010146C86DB11824002304FB0564C4F8F090C4F8FD
S315010146D8F480C4F8F870C4F80031C4F8FC30182322
S315010146E803FB0566089BC6F8043182F3118800208D
S315010146F8BDE8F8834FF0FF30FAE700BF18850020BF
S3150101470807B508F085F800210846F8F7DBFC074BE1
S315010147184FF4806201933723054900930548002325
S31501014728EEF717D903B05DF804FB00BF1058002056
S31501014738D0E70101FFC70101064B1B681A7A022A54
S3150101474804D812B11B68044A13607047032AF9D0C9
S31501014758704700BF947C00201458002008B5064B09
S31501014768044613B10021AFF30080044B1B6803B162
S315010147789847204601F0EDFC000000005059002041
S315010147882DE9F04386460D46354E284615F8014B67
S31501014798375D17F00807F8D12D2C26D12C7801277A
S315010147A8851C3BBB302C32D00A234FF0FF3800263B
S315010147B8B8FBF3F803FB08F930466FEA0909A4F1D6
S315010147C8300CBCF1090F29D86446A34237DDB6F18D
S315010147D8FF3F07D080452FD301D1A1452CDB00FB33
S315010147E80340012615F8014BE9E72B2C04BF2C7868
S315010147F8851CD6E7102BD8D1302CD6D1287800F0D4
S31501014808DF005828D1D16C7810230235CDE72B78F2
S3150101481803F0DF03582BF6D00823C6E7A4F1410CB0
S31501014828BCF1190F01D8373CCFE7A4F1610CBCF1F2
S31501014838190F04D8573CC8E74FF0FF36D2E7731C66
S3150101484806D122233046CEF8003032B9BDE8F083CD
S3150101485807B14042002AF9D006B1691E1160F5E790
S3150101486813E8010113460A46014602480068FFF7A3
S3150101487887BF00BF987C0020024B0344587800F09B
S315010148881700704712E8010170B50D4D00260D4C50
S31501014898641BA410A64209D10B4D00260B4C08F046
S315010148A8ABFB641BA410A64205D170BD55F8043BA8
S315010148B801369847EEE755F8043B01369847F2E782
S315010148C8007D0020047D0020047D0020147D002048
S315010148D80FB407B5064904AB086853F8042B816878
S315010148E8019300F007F803B05DF804EB04B07047D3
S315010148F8987C00202DE9F04F0D469DB01446984647
S31501014908064618B1036A0BB900F038FB6B6ED90775
S3150101491805D4AB899A0502D4A86D08F07AFAAB8950
S315010149281B0701D52B699BB92946304600F0FAF8D0
S3150101493870B16B6EDC0704D54FF0FF301DB0BDE8D1
S31501014948F08FAB899805F7D4A86D08F063FAF3E7F8
S315010149580023CDF80C804FF00109DFF8B4810993E2
S3150101496820238DF8293030238DF82A3023469A469B
S3150101497813F8012B0AB1252AF9D1BAEB040B0BD08D
S315010149885B4622462946304607F09EFF013000F074
S31501014998A780099A5A4409929AF80030002B00F027
S315010149A89F8000234FF0FF320AF1010A049307930E
S315010149B88DF853301A93CDE90523544605225448F7
S315010149C814F8011B08F0FAF8049AD8B9D10644BFBC
S315010149D820238DF85330130744BF2B238DF8533009
S315010149E89AF800302A2B15D0079A544600204FF021
S315010149F80A0C214611F8013B303B092B4BD9B0B1C1
S31501014A08079214E0A0EB0803A24609FA03F313433C
S31501014A180493D2E7039B191D1B68002B0391BBBFA6
S31501014A285B4242F0020207930793B8BF04922378C7
S31501014A382E2B0AD163782A2B32D1039B02341A1DF4
S31501014A481B6843EAE37303920593DFF8D4A00322B3
S31501014A582178504608F0B2F838B1A0EB0A00402295
S31501014A68049B013482401343049314F8011B062263
S31501014A7828488DF8281008F0A1F800283FD0264BC0
S31501014A881BBB039B073323F0070308330393099BD6
S31501014A983B4409936AE70CFB02320C460120A8E75D
S31501014AA8002301344FF00A0C19460593204610F8E4
S31501014AB8012B303A092A03D9002BC6D00591C4E73F
S31501014AC80CFB012104460123F0E703AB2A4604A99D
S31501014AD830460093114BAFF300800746781CD6D1B7
S31501014AE86B6ED90705D4AB899A0502D4A86D08F06E
S31501014AF891F9AB895B063FF51FAF09981EE703AB31
S31501014B082A4604A930460093044B00F061F8E4E70C
S31501014B18DFE70101E9E7010100000000D1C8010150
S31501014B28E5E7010138B5294B05460C46186818B160
S31501014B38036A0BB900F022FAB4F90C30190722D429
S31501014B48DA0607D409222A6043F040034FF0FF3001
S31501014B58A38133E0580712D5616B41B104F14403CE
S31501014B68994202D0284604F068F800236363A389B1
S31501014B7823F02403A3810023636023692360A389A6
S31501014B8843F00803A38123694BB9A38903F420736D
S31501014B98B3F5007F03D02146284608F061F9B4F937
S31501014BA80C3013F001020AD00022A2606269524256
S31501014BB8A261226942B913F08000C5D138BD9907AE
S31501014BC858BF6269A260F4E70020F7E7987C0020E4
S31501014BD82DE9FF470F7E914680460C46782F9A4666
S31501014BE80C9E01F1430207D8622F0AD8002F00F063
S31501014BF8DD80582F00F0C38004F1420684F8427023
S31501014C083AE0A7F16303152BF6D801A151F823F070
S31501014C18714C0101854C0101014C0101014C010154
S31501014C28014C0101014C0101854C0101014C0101B4
S31501014C38014C0101014C0101014C01019B4D01018D
S31501014C48134D0101534D0101014C0101014C0101B2
S31501014C58BD4D0101014C0101134D0101014C010138
S31501014C68014C01015B4D010133681A1D1B68326054
S31501014C7804F1420684F842300123A8E03168236829
S31501014C88081D30601E0601D50D6803E05D06FBD5DA
S31501014C98B1F90050002D616878DA2D200029A1604B
S31501014CA884F843002DDA6D425D480A231646B5FBA1
S31501014CB8F3F103FB1157C75D06F8017D2F460D4632
S31501014CC8BB42F4D9082B0BD12368DF0708D5236921
S31501014CD861689942DEBF302306F8013C06F1FF36C9
S31501014CE8921B22614B4603AA21464046CDF800A0F4
S31501014CF807F047FE01306FD14FF0FF3004B0BDE830
S31501014D08F08723F004032360CDE721683368080699
S31501014D1853F8045B02D4490648BFADB26F2F33601D
S31501014D283F4814BF0A230823002184F84310666803
S31501014D38002EA660BADB216821F004012160002D4D
S31501014D48B4D1002EB2D11646BCE7236843F020033D
S31501014D58236078273348236884F845701F0631682C
S31501014D6851F8045B02D45F0648BFADB23160D90779
S31501014D7844BF43F0200323601DB11023D4E728481B
S31501014D88E9E7236823F020032360F6E724480A2389
S31501014D98CDE733682568181D616930602E061B68E1
S31501014DA801D5196002E06806FBD51980002316466C
S31501014DB8236197E7336800211A1D32601E6862680C
S31501014DC8304607F0FBFE08B1801B6060636823610A
S31501014DD8002384F8433085E723693246494640462C
S31501014DE8D047013088D023689B0714D4E068039B18
S31501014DF89842B8BF184681E70123324649464046DB
S31501014E08D04701303FF478AF0135E36803995B1A5E
S31501014E18AB42F1DCEAE7002504F11906F5E700BF23
S31501014E28F0E7010101E80101024B0146186803F0A7
S31501014E3801BF00BF987C0020024B0146186803F0A8
S31501014E48FCBE00BF987C002010B5044604481346F1
S31501014E5820B10A4602202146AFF3008010BD00BFEA
S31501014E6800000000002310B50446836081811946BC
S31501014E784366C28108228361C0E90033C0E904336C
S31501014E885C30ECF7F9DB0D4B246263620C4BA362D0
S31501014E980C4BE3620C4B23630C4B9C4206D003F18A
S31501014EA86802944202D0D0339C4205D104F15800DC
S31501014EB8BDE8104007F0ACBF10BD00BF03CD01012D
S31501014EC825CD01015DCD010181CD010118580020D2
S31501014ED8024A0349034807F053BF00BFE87C002093
S31501014EE875CB01019C7C002041680C4B994210B598
S31501014EF8044601D007F03AFEA168094B994202D04E
S31501014F08204607F033FEE168064B994204D0204654
S31501014F18BDE8104007F02ABE10BD00BF1858002091
S31501014F2880580020E858002010B50B4B04210B4C82
S31501014F380B4A20461A600022FFF794FF04F1680024
S31501014F4801220921FFF78EFF04F1D0000222122165
S31501014F58BDE81040FFF786BF5059002018580020B8
S31501014F68D94E0101014807F054BF00BF297B002032
S31501014F78014807F04FBF00BF297B002010B5044641
S31501014F88FFF7F0FF236A1BB1BDE81040FFF7F0BF39
S31501014F98044B2362044B1B68002BF5D1FFF7C4FFB1
S31501014FA8F2E700BFF14E0101505900200EB403B5D5
S31501014FB803AB0146054853F8042B00680193FFF733
S31501014FC899FC02B05DF804EB03B07047987C0020A8
S31501014FD8024B0A460146186807F037BE987C00203D
S31501014FE80CB4184B30B50C1E9DB01D6808DA8B231D
S31501014FF84FF0FF302B601DB0BDE8304002B070475D
S315010150084FF402730290069002A9ADF8143014BF49
S3150101501804F1FF332346209A2846049307934FF652
S31501015028FF73ADF8163021AB019300F01FF8431C4D
S31501015038BCBF8B232B60002CDDD0029B00221A708A
S31501015048D9E700BF987C002038B50446064D0846C5
S31501015058114600222A601A4601F089F8431C02D139
S315010150682B6803B1236038BD545900202DE9F04F4F
S3150101507898468B899DB007461B060D46144610D5E1
S315010150880B6973B9402103F0D5FD2860286130B950
S315010150980C233B604FF0FF301DB0BDE8F08F402374
S315010150A86B610023CDF80C804FF00109DFF8A0816F
S315010150B8099320238DF8293030238DF82A30234688
S315010150C89A4613F8012B0AB1252AF9D1BAEB040B31
S315010150D80BD05B4622462946384607F0FDFE0130CC
S315010150E800F0A780099A5A4409929AF80030002BD0
S315010150F800F09F8000234FF0FF320AF1010A049361
S3150101510807938DF853301A93CDE9052354460522A1
S315010151184F4814F8011B07F051FD049AD8B9D00676
S3150101512844BF20238DF85330110744BF2B238DF833
S3150101513853309AF800302A2B15D0079A5446002085
S315010151484FF00A0C214611F8013B303B092B4BD98B
S31501015158B0B1079214E0A0EB0803A24609FA03F3DA
S3150101516813430493D2E7039B191D1B68002B039173
S31501015178BBBF5B4242F0020207930793B8BF049291
S3150101518823782E2B0AD163782A2B32D1039B023439
S315010151981A1D1B6843EAE37303920593DFF8C0A05E
S315010151A803222178504607F009FD38B1A0EB0A0020
S315010151B84022049B013482401343049314F8011BD2
S315010151C8062224488DF8281007F0F8FC002836D065
S315010151D8214B1BBB039B073323F0070308330393B7
S315010151E8099B334409936AE70CFB02320C460120F9
S315010151F8A8E7002301344FF00A0C19460593204606
S3150101520810F8012B303A092A03D9002BC6D005918A
S31501015218C4E70CFB012104460123F0E703AB2A4647
S3150101522804A9384600930D4BAFF30080421C06468C
S31501015238D6D1AB895B063FF52DAF09982CE703ABB0
S315010152482A4604A938460093044BFFF7C1FCEDE74A
S31501015258DFE70101E9E7010100000000E1CE0101F3
S31501015268E5E7010138B50023054D044608462B60DB
S3150101527800F06CFF431C02D12B6803B1236038BDD2
S3150101528854590020024B0146186807F080BE00BF39
S31501015298987C002038B50023064D04460846114678
S315010152A82B6000F057FF431C02D12B6803B1236021
S315010152B838BD00BF5459002038B50023054D0446B1
S315010152C808462B6000F04AFF431C02D12B6803B143
S315010152D8236038BD5459002038B50446064D0846A1
S315010152E8114600222A601A4600F03DFF431C02D1ED
S315010152F82B6803B1236038BD5459002038B50446DB
S31501015308064D0846114600222A601A4600F02DFF6D
S31501015318431C02D12B6803B1236038BD54590020BF
S3150101532838B50023064D0446084611462B6000F0A0
S3150101533817FF431C02D12B6803B1236038BD00BF97
S31501015348545900200368D90444BF43F480630360B8
S3150101535803689A0444BF43F400630360704737B591
S3150101536801A9054606F053FE0446284624B1FEF76F
S3150101537823FD204603B030BDFEF7DCF80446F8E705
S3150101538810B40C46042C11461A4604D100685DF87E
S31501015398044BF6F77BBA00205DF8044B70470168A8
S315010153A88268C3688A4294BF0022521A8B4294BF0B
S315010153B800235B1AD01A70478368D0E900128A4222
S315010153C894BF0022521A8B4294BF00235B1AD01A4A
S315010153D8704770B5856804460E463DB1FFF7ECFF87
S315010153E830B100206B1CA3602E7070BD2F20FCE725
S315010153F81920FAE770B5866804460D4656B1FFF7D6
S31501015408DBFF012808D900206DBA3580A36802336C
S31501015418A36070BD2F20FCE71920FAE770B58668ED
S3150101542804460D4656B1FFF7C7FF032808D90020E0
S315010154382DBA3560A3680433A36070BD2F20FCE73C
S315010154481920FAE72DE9F0410E4698461546F2B1BB
S31501015458FE2A1ED94FF6FE77BA428CBF03270227C9
S31501015468C0F3080444EA063444EA872424B24046D0
S31501015478A1B2FFF7BFFFA0B996B98FB1012F0AD023
S31501015488022F10D029464046FFF7C8FF07E0174605
S31501015498E6E70127E4E74046E9B2FFF79AFF00B9D3
S315010154A80020BDE8F0814046A9B2FFF7A3FFF6E760
S315010154B8F8B5044615460E4679B187686FB1FFF707
S315010154C87BFFA8420BD32A463146384607F084FBAF
S315010154D80020A3682B44A360F8BD2F20FCE71920FF
S315010154E8FAE770B5144606460D46FFF765FFA04271
S315010154F811D32846FFF753FFA0420CD32246E96888
S31501015508B06807F069FB0020B3682344B360EB6810
S315010155182344EB6070BD1920FCE7F8B5154606462C
S315010155280F46FFF73CFFA842044612D23846FFF759
S3150101553836FF2A1B824228BF024639463046FFF703
S31501015548D0FF28B93046FFF72AFFA84201D20D201C
S31501015558F8BD0020FCE770B5C46805460E4644B19E
S31501015568FFF71DFF38B1002014F8012BEC603270EA
S3150101557870BD2F20FCE71920FAE770B5C468054606
S315010155880E4654B1FFF70BFF012808D9002034F85C
S31501015598022B53BAEC60338070BD2F20FCE719202A
S315010155A8FAE7002313B5044608460DF10601ADF8DD
S315010155B80630FFF7E2FFF8B9BDF80620A061C2F38C
S315010155C808036382C2F3402384F82730C2F3812397
S315010155D8032B08BF04232377B3FA83F3110B5B0962
S315010155E884F82430B1FA81F3C2F300225B092175EB
S315010155F884F8253084F8262002B010BD70B5C46838
S3150101560805460E4654B1FFF7CAFE032808D90020FC
S3150101561854F8042B12BAEC60326070BD2F20FCE7F6
S315010156281920FAE713B50446227F0846012A4FF0E5
S3150101563800030BD101A98DF80430FFF78CFF18B9C6
S315010156489DF804300020A36102B010BD022A09D1D8
S3150101565801A9ADF80430FFF790FF0028F4D1BDF890
S315010156680430EFE701A90193FFF7C8FF0028EBD141
S31501015678019BE7E703460022DA621A7D084610B55F
S3150101568803F12C01032A11D8DFE802F00C020609FD
S31501015698FFF761FF40B110BDFFF76FFFFAE7FFF7AB
S315010156A8ADFFF7E7C268DA620020F4E72620F2E7E0
S315010156B838B5154613460A1E0C4618BF01220121A3
S315010156C8FFF7C0FE30B924B128462178FFF781FEDC
S315010156D800B9002038BD38B515460A1E18BF012282
S315010156E80C462B4602215200FFF7ACFE30B924B114
S315010156F828462188FFF77EFE00B9002038BD38B556
S3150101570815460A1E18BF01220C462B460321920093
S31501015718FFF798FE30B924B128462168FFF77EFEC6
S3150101572800B9002038BD70B50C1E15464FF00001B1
S3150101573808BF00221E46FFF785FE38B92CB12A4655
S3150101574821463046FFF7B4FE00B9002070BD704707
S3150101575810B500F1C0010446F7F7A8FB40B10123D2
S3150101576884F8C03000212046F7F79AFB20B110BD15
S3150101577894F8C030002BF5D10020F8E713464A68A2
S31501015788012A0AD90A681278022A04D10A46014667
S31501015798BC30F6F79FBB00225A60002070470020F3
S315010157A870470020704770477047704770477047C8
S315010157B837B503460C46088840F203118842154657
S315010157C804D0B0F5827F0AD0A6200DE04FF48053AC
S315010157D801A90193FFF793FF30B9002004E00022E4
S315010157E89868019210B92F2003B030BD01A9F7F7C6
S315010157F833FB0028F8D12A46208801A9EAE72DE9D1
S31501015808F04383680D46164685B01BB92F2005B0AE
S31501015818BDE8F083CA7842B903F1B404AA78032A28
S315010158286DD8DFE802F048041D331C46F6E7002768
S315010158388DF80C7023682046DB68298803AA9847E6
S31501015848D828044602D048B12046E0E7394632460F
S315010158582888FFF72DFF0028F6D0D8E703A9F6E730
S315010158680027236820465B692988ADF80C7003AACD
S315010158789847D828044603D00028E5D103A900E0B2
S31501015888394632462888FFF726FFE4E700272368C9
S315010158982046DB692988039703AA9847D82804462D
S315010158A803D00028D0D103A900E039463246288819
S315010158B8FFF725FFCFE7186BFFF7B6FA4FF0000898
S315010158C8236803AA0092D3F82890024607464FF4A3
S315010158D8007320462988CDF80C80C847D828044684
S315010158E80BD030B939463346039A2888FFF71BFF8F
S315010158F804463846FFF7A0FAA6E74146F3E726200C
S3150101590885E7806808B100F021BA2F20704710B5E4
S3150101591804461C2103F08CF9204610BD10B5044636
S315010159280C2103F085F9204610BD10B504460C215A
S3150101593803F07EF9204610BD10B504460C2103F08B
S3150101594877F9204610BD10B50446042103F070F914
S31501015958204610BD10B50446006818B1237C0BB169
S3150101596803F064F90023C4E90233C4E9003310BD25
S31501015978F8B50C46064615461F46FFF7EBFF2CB947
S31501015988284606F088FF01230446337425447560C9
S31501015998002F08BF25463460C6E90254F8BD38B55B
S315010159A800250446C0E90055C0E902550574FFF70B
S315010159B8DFFF204638BD0368C0E90233012343747A
S315010159C80023C0E908334382037583610377836240
S315010159D8C362704710B500230446FFF7E0FF0123B0
S315010159E8637400232046C4E9083363822375A361DE
S315010159F82377A362FFF7DFFF204610BD30B5D0F844
S31501015A0804413F2C1DD80025AC42D0F800310FD1F5
S31501015A18234403F03F0320F8231000EB8305C1F368
S31501015A2800210134AA70E970C0F80441002030BD93
S31501015A382B4403F03F0330F823308B42F6D001356E
S31501015A48E2E71920F3E773B50D46002304460DF184
S31501015A580701284616468DF80730FFF77CFD38B948
S31501015A682846FFF79CFC9DF80730834202D018208F
S31501015A7802B070BD2368294620461B69984700284C
S31501015A88F6D12368314620465B699847F0E72D2010
S31501015A9870472D2070472D207047037900200B7020
S31501015AA8704701710020704740F26713994204D08B
S31501015AB8B1F5B47F06D0A620704702B11278026209
S31501015AC80020704712B113784362F9E70623FBE711
S31501015AD840F26713994204D0B1F5B47F06D0A620E6
S31501015AE8704790F8203000201370704790F82430E1
S31501015AF8F9E70B46114640F25112934210B41BD0F5
S31501015B08B3F5A97F09D2B3F5A17F0DD0B3F5A27F6C
S31501015B180FD0A6205DF8044B704740F261129342FB
S31501015B28F7D103681B6E01E003685B6B5DF8044BF3
S31501015B3818470368DB6BF9E703681B6DF6E7A620CF
S31501015B4870477047043870471438704710387047E2
S31501015B580C38704740F25113994270B5044633D057
S31501015B68B1F5A97F07D2B1F5A17F1CD0B1F5A27F05
S31501015B7822D0A62019E040F261139942F9D16ABBF4
S31501015B8800F11E050221284600F043F968B9E38BA5
S31501015B98B3F5805FF6D223682046E18BD3F89430BA
S31501015BA8BDE8704018470AB92F2070BD1188BDE8B4
S31501015BB870400183F6F78EBF002AF5D0BDE8704023
S31501015BC811884183F6F7AEBF32B111882046A18308
S31501015BD8BDE87040F7F704B81146F7E71388C383A0
S31501015BE8D9E7A0F10400F6F7C7BAA0F10400F6F760
S31501015BF849BB10B50446B82103F01AF8204610BD71
S31501015C08A0F10400F5E7A0F10C00F2E7A0F11000FC
S31501015C18EFE7A0F11400ECE70B46B3F5B17F1146A6
S31501015C2810B40FD040F26312934206D0B3F5827FC6
S31501015C380ED15DF8044BF7F70FB903685DF8044B0C
S31501015C485B6E1847836A002013605DF8044B704741
S31501015C58A620FAE7002048607047A0F10C00F6F784
S31501015C6855BCA0F10C00F6F787BCF0B50446C81877
S31501015C78059B98420FD8012602B9F0BDD30707D56E
S31501015C88CD08675D01F0070306FA03F33B43635544
S31501015C9801315208F0E70020EFE72DE9F74F5825C2
S31501015CA8DDE90CBA1746002288461E46114603232A
S31501015CB800950446DDF83890FFF7D7FF42460146BD
S31501015CC8102320460095FFF7D0FF3A4601461023D7
S31501015CD820460095FFF7C9FF3246014602232046B1
S31501015CE80095FFF7C2FF5A4601460823204600954B
S31501015CF8FFF7BBFF524601460C2320460095FFF7E5
S31501015D08B4FF4A4601461B2320460095FFF7ADFF1E
S31501015D1804230146002220460C9503B0BDE8F04F45
S31501015D28FFF7A3BF08B5C0E9001211B90AB106F018
S31501015D3860FF08BD2D207047A6207047704710B532
S31501015D480446042102F074FF204610BD0020704765
S31501015D58A0F10400F6F7B2BEA0F10400F6F7C0BE41
S31501015D68A0F10400F6F7D2BEA0F10400F6F7E0BEF1
S31501015D78A0F10400F6F7F2BEA0F10400F6F700BFA0
S31501015D88A0F10400F6F70EBFA0F10400F6F71CBF57
S31501015D98A0F10400F6F72ABFA0F10400F6F73ABF0D
S31501015DA8A0F10C00F6F778BFA0F10C00F6F77ABF5F
S31501015DB8A0F10C00F6F7A8BF2D2070472D207047DA
S31501015DC82D2070472D20704700207047002048601C
S31501015DD87047A0F11000FFF7F9BFA0F11000F6F71F
S31501015DE8BBBFA0F11000F6F7C3BFA0F11000F6F78B
S31501015DF8CBBFA0F11000F6F7F7BFA0F11400F7F732
S31501015E086DB86C2070476C207047A0F11400F7F744
S31501015E1879B808B538B131B105F041FD00280CBF93
S31501015E280020AC2008BD2F20FCE72B28034612D001
S31501015E382F2812D0A0F13002092A02D80433D8B288
S31501015E4870474138C0B219280AD9A3F16102192A42
S31501015E5805D8473BF3E73E2070473F207047FF20AF
S31501015E6870472DE9F84F0C4692469946071D961C2F
S31501015E78B51E2CB117F8048C4046FEF7FDFC18B97E
S31501015E88A5EB0A0080B203E0012C03D14FF6FF709E
S31501015E98BDE8F88F4046C847804617F8030CC8473E
S31501015EA8B8F1FF0F8346F1D0FF28EFD04FEA8808F2
S31501015EB848EA1018022C06F1FF3506F8028CDFD0E4
S31501015EC817F8020C3D28DBD0C847FF280546DDD067
S31501015ED8830843EA0B13032C06F8013C11D017F882
S31501015EE8010C3D280DD0C847043CFF28A4B207F18F
S31501015EF8040706F10306C9D040EA851006F8030C22
S31501015F08B6E73546BCE72DE9F84F06460C46154670
S31501015F189B4600274FF6FC794FF6FF7A4C45A0467A
S31501015F2828BFC8465B462A4630461FFA88F1FFF75D
S31501015F3898FF504506D0B4EB0804074404D04644FB
S31501015F480544EBE74FF0FF373846BDE8F88F2DE9F1
S31501015F58F047054610B90020BDE8F087002AFAD0B6
S31501015F6811F00100F7D1B1EB430FF4D80446089EAD
S31501015F7805F1020C06F001068C42EDD200234FEA27
S31501015F88540E67190CEB040817F8019B1B01A9F1BB
S31501015F98300ABAF1090FDBB20AD8303B4B4403F098
S31501015FA8FF034745F0D102F80E3001300234E3E729
S31501015FB8A9F1410ABAF1050F04D8373B59FA83F316
S31501015FC8DBB2EEE7002EC6D1A9F1610ABAF1050FD6
S31501015FD8C1D8573BF2E7F0B5059CD8B9F1B902B971
S31501015FE8E3B9C4F3400505EB4105AB4204F00206EA
S31501015FF82FD314F0010F14BF41256125002401385F
S315010160080A3D571C8C420BD116B1002302F81430F4
S315010160180020F0BD02B90BB90029E2DA2F20F8E711
S3150101602890F801C04FEA1C13BCF19F0F86BF5B199B
S31501016038DBB2303302F8143010F8013F03F00F03D5
S31501016048092B86BF5B19DBB2303307F814300134EB
S31501016058D8E71920DDE713B500240094FFF777FF88
S3150101606802B010BD0CB407B504AB53F8042B019368
S31501016078F7F73EF803B05DF804EB02B0704708B5CF
S315010160880246F7F74DF8904234BF0020012008BDBA
S3150101609870477047704737B501A9054605F0B7FF3F
S315010160A80446284624B1FDF787FE204603B030BDD4
S315010160B8FDF740FA0446F8E72D2070472D20704771
S315010160C80020704770472D207047002070472D200A
S315010160D87047704770477047704740687047036853
S315010160E853F81C3C1844406870470020704702F079
S315010160F887B90A680260496852F8582C8150704775
S3150101610848B12D2805D0C0B200F5300040F0A06095
S31501016118704740F201207047A0F50723A3F50073E4
S31501016128B3F5A06F05D3B0F5803F2CBF0020012040
S315010161387047012070470F20704708B5082000F005
S315010161482DF8BDE80840082000F033B84FF0FF30BC
S315010161587047FEE70020704701207047012070470C
S315010161684FF0FF307047002070470020704700202C
S31501016178704710B51446ECF72DDD2060002010BDDF
S31501016188FEE700239A4200D1704710B550F8234023
S3150101619841F8234001339A42F8D110BD4FF06042CC
S315010161A80123D2F8001E83400B430020C2F8003EAA
S315010161B870474FF060410122D1F8003E824023EA3F
S315010161C802030020C1F8003E70478369C26C03F1DE
S315010161D80B01143AB1FBF2F103EBC1000B30B0FB31
S315010161E8F2F00230704738B505460C46FFF7EDFF68
S315010161F8EB6C04F10F02143BB2FBF3F204EBC2049C
S31501016208103403FB004038BD38B50546846921467B
S31501016218FFF7E9FFEA6C04F10F03143AB3FBF2F352
S3150101622804EBC3041034204438BDF7B506460D46C0
S315010162380C4601F10807336C01225B69204601A965
S315010162489847019B01330CD1A742F36C03D1A3F102
S31501016258140003B0F0BD043485EA04025B421A4214
S31501016268E9D00020F5E770B505460C46F7F764F85D
S315010162782B6C2046BDE87040DB68184770B50025D0
S31501016288044686B04562236AAB4202D8606A06B003
S3150101629870BDE66C2068236C05225B6901A906FBC2
S315010162A80500984701A800F06BFD00F08EFD10B1BD
S315010162B8636A013363620135E5E737B5044694F844
S315010162C87430C56C0068009305FB010104F14803AC
S315010162D8206C00F087FD05462046FFF7CFFF2846CB
S315010162E803B030BDF0B50546002687B02C6A013CDE
S315010162F8B44203D80C46204607B0F0BD01B14C1E85
S31501016308EF6C28682B6C05225B6901A907FB040060
S31501016318984701A800F034FD00F057FD0028EAD19D
S3150101632821460136E2E7F0B504460D46C66C236CF3
S31501016338006887B005225B6901A906FB0500984734
S3150101634801A800F01DFD00F040FD20B101A800F0F3
S31501016358EEFC07B0F0BD29462046FFF7C3FF064606
S31501016368E76C2068236C05225B6901A907FB060016
S31501016378984701A800F0DBFC431CEAD0B54238BFB7
S315010163880130E6E72DE9F0434FF6FF79D0F8288089
S3150101639804460E46C84514BF45460025002787B061
S315010163A8236ABB4202D807B0BDE8F083226C236891
S315010163B8E06CD2F814C000FB0530052201A9E047BB
S315010163C801A800F0DDFC022806D0C8450CD1721CD3
S315010163D829462046FFF771FF236A0135B5FBF3F21A
S315010163E8013703FB1255DBE729462046FFF79BFFD9
S315010163F8B0F1FF3F14BF024632460132E8E70368AE
S31501016408F0B5CC1AC36C0646B4FBF3F4002587B084
S31501016418336A37685A1E9542F06C08D3F06C3368B3
S3150101642800FB043007B0BDE8F04000F0D9BC0134E7
S31501016438B4FBF3F203FB1244336C05225B6901A930
S3150101644800FB0470984701A800F09AFC00F0BDFC16
S315010164580028E3D10135DBE710B423F00304224414
S315010164689B070A44C36C18BF04325B4282EA0104E2
S31501016478234203D05DF8044BFFF7C1BF10465DF80F
S31501016488044B70472DE9F041D0E90B369E4204468B
S3150101649886B028D11422036A456802FB135528469A
S315010164A806B0BDE8F0812068E76C331AB3FBF7F350
S315010164B8226C07FB0300D2F8148001A90522C04703
S315010164C801A800F05DFC012804D0E36C1D44013BE1
S315010164D83340ED1A31462046FFF791FF0646E36A36
S315010164E8B342E0D1DBE70025F9E713B50C460021F4
S315010164F821760093616813462246F7F7D7FA18B150
S31501016508E37D03B1A07EA075A07D02B010BD08B5DB
S3150101651808301346D1E90012F9F766F8012008BDDA
S3150101652873B5164600F108050C46284609680DF1AA
S31501016538070200F0A5FA032E06D16368834203D147
S315010165482846216800F06BFA012002B070BDD01E01
S31501016558009B42424241187E824211D11A688A42FF
S315010165680ED85A688A420BD35A6901325A61D3E95C
S31501016578030282423FBF986840F8221001321A612C
S315010165880120704710B5032A029C07D1E26A5340DC
S31501016598E26C5242134201D100F041FA012010BDC9
S315010165A808B5C36800209847BDE80840F6F7E6BE76
S315010165B8012814BF0420022070B5002442431C702F
S315010165C8CC7D101D02F002024CB91AB1012220F04C
S315010165D803001A7000F108034868184470BD1AB11E
S315010165E8012220F003001A7000230C7E01F1200517
S315010165F8DAB2944201D80020F0E735F833205E1C5F
S31501016608824206D901EBC30300F10802D869104495
S31501016618E4E73346801AEBE773B5054690F84A6015
S315010166281C4630460DF10303FFF7C2FF2B6C012E01
S315010166385B690DD1324601A998479DF8033013B11B
S31501016648BDF806300193BDF80430236002B070BD70
S315010166580122214602B0BDE870401847F0B505464A
S31501016668002448682B6C87B00E4601225B690294A7
S3150101667802A908309847274695F84A30012B40F078
S315010166888480632C02D9029807B0F0BD612C08D821
S3150101669805AB224631462846FFF7BEFF9DF8143061
S315010166A81BB305AB2246314628468DF81070FFF714
S315010166B8B3FF95F84A30012B059B55D14FF6FF7269
S315010166C8934200F09680082205A904A800F0AFFBC1
S315010166D8059B9DF81010C3F30722914240F089806A
S315010166E8DBB2029A1A44029283E095F84A30012BE9
S315010166F830D122463146284603ABFFF78DFF314695
S31501016708284604AB621CFFF787FF3146284605ABCD
S31501016718A21CFFF781FF102208230DEB02010DF1DF
S3150101672807008DF8073000F082FB102205A90DF14B
S31501016738070000F07CFB039BDAB2002A52D19DF8CF
S315010167480720B2EB132F4DD1DDE9043203EB0243E6
S31501016758029347E0302C2BD944E09DF80720B2EB90
S31501016768134F3FD1049BF3E7013342D0102205A908
S315010167780DEB020000F05BFB059B9DF81010C3F3BE
S315010167880742914235D19BB2ABE7312C3FF67BAF3C
S3150101679887D005AB224631462846FFF73DFFBDF8AE
S315010167A81430002B7FF47DAF95F84A30012BA0D028
S315010167B822463146284603ABFFF72EFF31462846C6
S315010167C804AB621CFFF728FF102320220DEB0301FE
S315010167D80DF107008DF8073000F029FB039B9AB2EA
S315010167E8002ABAD095F84A30012B14BF0123022396
S315010167F81C44013440E713B500240194049C009418
S31501016808F7F7D6FD02B010BD13B501240194049C16
S315010168180094F7F7CDFD02B010BD50F83130C3F33E
S31501016828130343EA025340F831307047C368F0B5A0
S315010168388BB100240768013B1E19700857F83050BF
S31501016848C5F31305A94202D110600020F0BD04D990
S31501016858441C9C42F0D92D20F8E7012EFBD9431E91
S31501016868F7E700234FF0FF3230B544689C4203D164
S3150101687800230372C36030BD016801EBC30541F80A
S3150101688833206A600133F1E7C0E90012FFF7E9BF76
S3150101689873B51E4600230193C3680446154613B909
S315010168A8002002B070BD42689342F9D801AAFFF7E8
S315010168B8BDFF0028F4D12068019950F8313000EB69
S315010168C8C1040133ECD03246FFF7A7FF0120656009
S315010168D8E7E770B5046893420AD854F83230C3F32E
S315010168E81303994200D901320020049B1A6070BD35
S315010168F854F83300C0F31300814201D95A1CF3E756
S3150101690854F83200C0F313008142EDD39E18700882
S3150101691854F83050C5F31305A94201D1421CE3E7E6
S3150101692801D9421CD7E7012E01D9431ED3E72D20F0
S31501016938DDE7F0B5C368013B8B4200D33BB90B4395
S3150101694804D103681A689A605A68DA60F0BD046866
S31501016958DA0054F83370083204EBC306A518A750B8
S3150101696872686A60E7E72DE9FF471F46C66843680B
S3150101697804469E428846914604D3032F4DD10123ED
S31501016988237227E0002203924EB103AB0093731ED3
S31501016998FFF79FFF18B920460399FFF7CAFF4FF082
S315010169A8FF3303992268013602EBC10042F83130FF
S315010169B8436020683A4650F8313000EBC1051B0D9A
S315010169C81B0548EA030340F83130FFF726FFC5F8EE
S315010169D80490E660002004B0BDE8F08701318B42DE
S315010169E8CDD0206850F8315000EBC10AC5F30752E2
S315010169F8032AF3D12D0D2D0548EA05053A4640F836
S31501016A083150FFF70AFF012ECAF80490E2D9204650
S31501016A1804B0BDE8F047F8F7BDBC0021DFE7002364
S31501016A28F7B5C56804460F460193FDB143689D4212
S31501016A381CD801AAFFF7FAFEC0B9019A26684FEADE
S31501016A48C20C56F8320006EBC203411C0ED0C0F344
S31501016A58130087420AD14FF0FF3146F80C100D4455
S31501016A685960954203F1080302D8E56003B0F0BD08
S31501016A781968013243F8081C596843F8041CF0E700
S31501016A88002337B50193C368044615461BB94FF070
S31501016A98FF3003B030BD42689342F8D801AAFFF727
S31501016AA8C5FE0028F3D1019B2168DA0051F833307C
S31501016AB8591CECD01B0D2B70236813445868E8E761
S31501016AC830B50D4604468BB06846EAF7B7D92A466A
S31501016AD821466846F9F7ACF8002818BF74200BB0AF
S31501016AE830BD7047F0B50E4605468BB0970068462E
S31501016AF8EAF7A4D93B46324629466846F9F7ACF97D
S31501016B08044638B93A463146284606F057F9002867
S31501016B1818BF3D2420460BB0F0BD13B5044668469F
S31501016B28F8F7ACFFBDF8023023804FF48073638018
S31501016B38F8F7BEFF6060002002B010BDF9F714B87E
S31501016B4810B5044644EA010313F00303084609D1C3
S31501016B58934201D1002010BD54F8231040F82310A7
S31501016B680133F5E72146920006F036F8F2E730B52A
S31501016B7804468BB06846EAF761D90122214668467F
S31501016B88EAF766D9054638B9F8F792FF214620F0A2
S31501016B9803002044814202D128460BB030BD51F889
S31501016BA8043B0133F6D03E25F6E730B58DB00546EF
S31501016BB80C46F8F781FFA8B902A8EAF73FD9694651
S31501016BC801AA02A8F9F7EEF840B9009B9D4207D33D
S31501016BD8019A2C4413449C4288BF6E200DB030BDE6
S31501016BE86E20FBE71020F9E7704713B50023044629
S31501016BF801461B220DF107008DF8073000F017F940
S31501016C0822689DF80730B3EBD26F0CBF0120002033
S31501016C1802B010BD13B500230446014620220DF129
S31501016C2807008DF8073000F002F90DF107001A2265
S31501016C38211D00F0FCF862689DF80730B3EB926FED
S31501016C480CBF0120002002B010BD0068431C584248
S31501016C5858417047006810F07E0F0CBFC0F3C16040
S31501016C68002070470068C0F3D3107047006800F030
S31501016C787F0001288CBF002001207047036813F0AB
S31501016C887E0F14BF042008207047036813F07E0F96
S31501016C9803D1406820F07C40704713F078001CBF8F
S31501016CA803F07F03D81F7047006800F07F00704723
S31501016CB8032809D0022803D1C1F10201C8B27047DC
S31501016CC800290CBF07200020704737B5054601F199
S31501016CD80C0443696946012220469847BDF80030EC
S31501016CE8012201932046AB6901A9984703B030BD3A
S31501016CF837B501F10C044369012269460546204667
S31501016D0898474FF6FF72009B99B291420DD11B0C20
S31501016D181B0443F4254343F0A503019301222046AD
S31501016D28AB6901A9984703B030BD0020FBE737B528
S31501016D38044600251B22011D0DF107008DF8075098
S31501016D4800F075F860689DF80720B2EBD06F03D1A2
S31501016D5820F0784003B030BD0DF107001B2204F184
S31501016D6808018DF8075000F062F8A0689DF8073010
S31501016D78B3EBD06F01D1C043EAE74FF0FF30E9E742
S31501016D884BF29A22036810B5B2EB134F044613D19D
S31501016D989BB2012B13D1FFF7CAFF01300CD04FF675
S31501016DA8FF72E068B2EB104F4FEA104309D180B286
S31501016DB8C01A18BF012010BD2368013303D004206E
S31501016DC8F9E70220F7E70320F5E701288CBF002040
S31501016DD801207047033801288CBF00200120704724
S31501016DE8143070472DE9F34105469846036908466B
S31501016DF80E4617469847044650B99DF820303A463B
S31501016E080093314643462846F8F760FD044618B112
S31501016E1831462846FFF759FF204602B0BDE8F08101
S31501016E28408A80F0010000F00100400070471F2AE6
S31501016E380B689EBF4FF0FF3191408B43590801F012
S31501016E4855315B1A03F033319B0803F033330B4495
S31501016E58017803EB13130A444FF0013103F00F33A1
S31501016E684B43A2EB13620270704770B5054614468F
S31501016E780E46EAF7D4D82B685C4034405C402C6056
S31501016E88BDE87040EAF7C69808B1E9F7D79F21200E
S31501016E9870472DE9F84F0646894617461C46002BC9
S31501016EA870D028B121B11AB10378032B02D853B98D
S31501016EB8212068E0043B012BFAD880254168021D8F
S31501016EC800F1540A04E040254168021D00F12C0A2B
S31501016ED81346081943F8040B4FEAD50E1FD272441B
S31501016EE853F8040B002850D19A42F9D105F1FF381C
S31501016EF808EA0108A5EB080BB8F1000F22D15C4598
S31501016F0824D3B4FBF5FB3A465B4649463046F8F7C6
S31501016F18CFFFC0BB0BFB05F52F44641B30E09C4634
S31501016F285068A2F1040801305060F044C445D6D036
S31501016F385CF8040B0028F9D1DCF800000130CCF823
S31501016F480000F3E75C4508D2A542DAD9224639465B
S31501016F580AEB080005F040FE14E05A4639460AEBE9
S31501016F68080005F039FE0123524649463046F8F72D
S31501016F789FFF40B9641B4444A54280465F44C0D97A
S31501016F88002CE3D10020BDE8F88F0F20FBE708B9F3
S31501016F98212070470029FBD0036813F0704209D1FB
S31501016FA8C3F309030B601BB94368002BF0D00B60CF
S31501016FB800207047B2F1004F07D18268D2040ED57D
S31501016FC8C369002BE4D01B68ECE7B2F1204FF4D07A
S31501016FD8B2F1304FF1D0B2F1404FEED0D8E703F01C
S31501016FE87F03DFE737B50C46054610B9212003B003
S31501016FF830BD0029FAD0002301A90193FFF7C7FF84
S315010170080028F4D1296811F0704102D1019B23604E
S31501017018EDE7AA68B1F1004FC2F38033C2F34035F7
S31501017028C2F3003207D1062103EB450301FB023303
S31501017038019A5343EBE7B1F1204F04D12B4402EBFB
S3150101704882021344F4E7B1F1304F02D0B1F1404F56
S31501017058CCD12B44ECE72DE9F3470D4690469A46E8
S315010170680446F0B1E9B106680F6806F07049BE42F7
S315010170782AD0B9F1004F11D186EA0703B3F1805F2E
S3150101708813D3BAF1000F36D1B8F1000F1FD0A36897
S31501017098AA68534013F4E04F19D002E0B9F1404F01
S315010170A8EAD0212002B0BDE8F0870023204601A9D4
S315010170B80193FFF76CFF0028F3D1019AC2F30E027F
S315010170C816431743BE42ECD1B9F1000FD9DB0023B0
S315010170D8694620460093FFF75AFF0028E2D101903D
S315010170E801A92846FFF753FF0028DBD1DDE9002373
S315010170F89A42D7D0D5E7AA68B8F1000F03D0A36899
S315010171085340D904CDD49304E1D4CAE7F7B50C4663
S315010171180546002832D0002930D000230B600368C8
S3150101712803F070430B60C268042A27D8DFE802F02E
S31501017138060329292C0043F000632360EB68042B1D
S3150101714825D16A7C032A19D8236823F0407343EAB7
S31501017158026323602A7C1F2A10D823F47C0343EA9D
S3150101716882432360AA7C072A08D823F4603343EAB9
S31501017178C2332360AB6813F0407F32D0212003B0BC
S31501017188F0BD43F08063D8E743F04063D5E7AA68C9
S31501017198960102F040716DD5B1F1407F6DD0002B9A
S315010171A8ECD04FF00072236823F040731343236038
S315010171B8EA68022A07D12A69032ADFD823F47F0359
S315010171C843EA02432360EB68032B03D12B69F52BB1
S315010171D8D4D9A370AB68180442BF236843F40043AA
S315010171E82360EB68032B09D023682A6823F4FF433C
S315010171F823F07F03C2F30E02134323602B68AE68A3
S31501017208002B06F4805745DB16F4E84FB6D12B68F7
S3150101721806F4806603F0704303F10043B3F1804F2E
S3150101722804D21EB1236843F4806323602A68AB68DC
S31501017238002A48DA13F4407FA0D10023284601A980
S315010172480193FFF7A4FE002899D12B6813F0704129
S3150101725846D12368019A23F47F7323F00303C2F30A
S31501017268090213432360002F89D0EB69002B85D0CE
S315010172780F2084E7B1F1407F05D1002B3FF47EAFA2
S315010172884FF040728FE702F08072002B8BD1002AF2
S3150101729889D073E7710406F400520DD4002A3FF42C
S315010172A86DAF236843F400532360002FAFD02368E1
S315010172B843F480532360AAE7236843F48043236098
S315010172C8002AF2D0EDE79A0542BF226842F48062AC
S315010172D82260DB0542BF236843F400632360ACE700
S315010172E803F05043B3F1004F06D0B1F1304F03D04B
S315010172F8B1F1404F7FF442AF019B2268013B03F094
S315010173087F0322F07F0213432360002F3FF437AF37
S31501017318EA69002A3FF432AFB1F1004FA8D1117FD2
S3150101732871B1002E3FF42BAF43F400732360537FF1
S31501017338002B3FF424AF236843F4807323601EE7CF
S31501017348537F002B3FF41BAF002EF4D117E773B51A
S315010173580C46054608B921201AE00029FBD001236C
S31501017368C6684B609E4217D8002301A90193FFF70E
S3150101737839FE68B9019B06B11C336A699A4209D378
S315010173882A69002AE7D0226043F000530020A3604E
S3150101739802B070BD1D20FBE7023E022EDBD8002399
S315010173A8F4E72DE9F0410D46044698B0002869D065
S315010173B8002967D000234FF000728360C0E90023DA
S315010173C8036215A92846FFF7A1FE002857D12046D1
S315010173D81599E9F7EDDDAB68DB043CD52B68002B84
S315010173E852DA4FF00108EE69694637687368204633
S315010173F8CDF804800093029700F014F9B36820468A
S3150101740803A9CDF810800393059700F00BF9F368EA
S31501017418204606A9CDF81C800693089700F002F9C3
S315010174283369204609A9CDF8288009930B9700F0FD
S31501017438F9F8736920460CA9CDF834800C930E9797
S3150101744800F0F0F8B36920460FA9CDF840800F93F3
S31501017458119700F0E7F8284612A9F8F78BFF70B9DA
S31501017468204600F0DFF8284615A9FFF770FF30B965
S31501017478204615A9E9F7C4DD2046E9F795DC18B0D8
S31501017488BDE8F0812120FAE70F20F8E770B50E462D
S31501017498154604468AB0002841D000293FD0002A62
S315010174A83DD00023012229463046FFF7D4FDA0BB72
S315010174B8F368A3BBEB685A1E012A01D9042B2ED105
S315010174C800234FF080722846C4E90023A360236292
S315010174D807A9FFF71BFE00BB20460799E9F768DDF7
S315010174E8304601A9FFF733FFB8B9204601A900F0D3
S315010174F899F8284604A9F8F73DFF70B9204600F026
S3150101750891F8284607A9FFF722FF30B9204607A9AE
S31501017518E9F776DD2046E9F747DC0AB070BD212097
S31501017528FBE770B50E46154604468EB080B179B1B2
S3150101753872B10023012229463046FFF78CFD002846
S315010175486ED1F36823B1032B04D1EB68042B03D065
S31501017558212065E0042BFBD0EB68002BF8D0032B27
S31501017568F6D000234FF083723046C4E90023A360A5
S3150101757823620BA9FFF7CAFD002851D120460B99B1
S31501017588E9F716DD284601A9FFF7C0FD002847D10D
S31501017598E968019B042904BFC3F3854023F44061CB
S315010175A84FEA936201BFDB0803F4E0430B430193FE
S315010175B8019918BFC3F3074021F47F71130221F022
S315010175C80301014303F440731943C1F3140120462E
S315010175D80191E9F7EDDC304605A9F8F7CBFEF8B9D3
S315010175E8204600F01FF8304608A9FFF7B0FEB8B9E2
S315010175F8204608A900F016F8284602A9F8F7BAFEA6
S3150101760870B9204600F00EF828460BA9FFF79FFE30
S3150101761830B920460BA9E9F7F3DC2046E9F7C4DBC3
S315010176280EB070BD436813B9416070475B685A680B
S31501017638012AFBD15960704700F0F4BD00F0F2BD93
S3150101764800F0F0BD00F0EEBD00F0ECBD00F0EABDC2
S3150101765808B548B14FF0FF31E9F719DD002814BF24
S315010176686FF01D00002008BD6FF01B00FBE708B590
S3150101767838B1E9F728DD002814BF6FF01D00002095
S3150101768808BD6FF01B00FBE710B1006EEAF79F9981
S31501017698704710B5044630B150238065C365184457
S315010176A8EAF7FDD8206610BD01207047F0B50646F8
S315010176B80C4615468DB00AB300271022002108A8E9
S315010176C8E9F7DADFCDE90577F9F72AFA07AB029384
S315010176D805AB019306AB214600933A46304608AB02
S315010176E8F9F7F0F8044620B1F9F748FA20460DB042
S315010176F8F0BD099B6B60059B2B60F5E76FF086046E
S31501017708F4E72DE9F041ADF5067D1D46DDE98C3637
S3150101771890460F4611B9002A40F082800DB9002B17
S315010177287ED1002E7CD0002200F17E4005383260E0
S31501017738062878D8DFE800F004777713182634008D
S31501017748132B0ED900210846E9F7D8DC002841D0C8
S315010177586FF08F0420460DF5067DBDE8F0811B2BE0
S315010177682CD86FF08904F5E71F2BFAD900210846B1
S31501017778E9F7C4DC0028EBD14FF406716846FAF73C
S315010177880BF82CE02F2BECD900210846E9F7B6DCDA
S315010177980028DDD14FF406716846FAF703F81EE0B1
S315010177A83F2BDED900210846E9F7A8DC0028CFD10D
S315010177B84FF406716846F9F7FBFF10E00021084608
S315010177C8E9F79CDC0028C3D14FF406716846F9F73D
S315010177D8FBFF04E04FF406716846F9F7EFFF04462B
S315010177E8E9F7E8DC0028B3D114B16FF09204B1E7E7
S315010177F842463946684601F0A6FB0028F5D12946D5
S31501017808684601F0D8FB0028EFD1684601F010FC63
S3150101781804460028E9D1684601F015FC306099E76C
S315010178286FF0860496E76FF0850493E708B5F8F7D4
S3150101783843F9002814BF6FF09200002008BDFFF735
S31501017848F5BFF0B51C4600238BB023600F461646DB
S31501017858F8F732F970B96846E9F7F0DA054648B931
S31501017868324639466846F8F7E3F910B926600BB08E
S31501017878F0BD25606FF09200F9E720F0FF03B3F53B
S31501017888824F06D14138C0B2012894BF0020012098
S3150101789870470020704710B50024436814601B0A1D
S315010178A804D0012B0AD06FF0850010BD0088FFF7BF
S315010178B8E4FF00B1013100201160F6E72C31FAE746
S315010178C8406810B5000A029C04D0012807D06FF060
S315010178D88B0010BD934209D96FF08C00F9E703F1CA
S315010178E82C009042F8D8103103F11C020020C4E99A
S315010178F80412EEE72B2A03460AD9012200200A803F
S3150101790848801A684A605A689B688A60CB607047E2
S315010179186FF0890070472DE9F0470F46924699465F
S31501017928054694B078B171B16AB14288D31D072B66
S315010179384FEAD3085AD0038803F4E043B3F5805FCD
S3150101794804D1530708D06FF0860427E0B3F5005F29
S31501017958F7D0B3F5804F49D002AE20220021304637
S31501017968E9F78ADE324641462846F9F7F3FA04462B
S31501017978A0B943465246394628460096FFF7A0FF65
S31501017988044658B9282201460DEB0200E9F774DECF
S315010179980AA8E9F753DA28B16FF09204204614B020
S315010179A8BDE8F08731460AA8FFF7FBFC58B148281C
S315010179B814BF6FF092046FF085040AA8FFF764FA01
S315010179C80028EBD0E8E76B681B0A06D14A4641460F
S315010179D82846FFF760FF0446EFE752463946304627
S315010179E8FFF788FF04460028F0D0E6E76FF0850423
S315010179F8D4E72DE9F0439DB00D46DDE92489164604
S31501017A081F460446002868D0002966D0002A64D09A
S31501017A18002B62D0B8F1000F5FD0B9F1000F5CD02D
S31501017A282022002102A8E9F727DE20463246294607
S31501017A3802ABF9F70DFB0446F8B90AAD02AE0FCE52
S31501017A480FC596E80F0085E80F000C9A7B1C22F0FA
S31501017A5880720E9322F4804208F1020323F0030394
S31501017A6842F4005201A90AA80D940F930C920194AC
S31501017A78FFF7B8FA28B16FF0920420461DB0BDE8A8
S31501017A88F083019B01334345019329D828222146D5
S31501017A9812A8E9F7F1DD12A8E9F7D0D90028EAD148
S31501017AA80AAA02A912A8F8F77FFC012812D058B12F
S31501017AB8482814BF6FF092046FF0850412A8FFF7E6
S31501017AC8E3F90028D9D0D6E704233B70019BC9F80D
S31501017AD80030F3E76FF08B04F0E76FF08604CCE72B
S31501017AE86FF08904C9E7FFF716BFFFF782BF2DE9D2
S31501017AF8F04F9FB01546DDE928AB0F469946064674
S31501017B082A9A002800F09F80002B00F09C80BAF188
S31501017B18000F00F09880002900F09580002D00F0F3
S31501017B289280BBF1000F00F08E80002A00F08B8055
S31501017B380023B0F80080CBF8003008F44F41EB0080
S31501017B48B1F5824F13605FD15FFA88F112290ED11F
S31501017B5828F0FF01B1F5824F02BF083B5B081360AC
S31501017B681368B3F5047F04BF40F2092313600023A8
S31501017B782A4603933946304603ABF9F72BF90446EE
S31501017B8800283DD1039C40460734E408FFF775FEFA
S31501017B9808B1013D01370DF11008202200214046A7
S31501017BA80394E9F769DD214642463046F9F7D2F9E8
S31501017BB8044628BBC6460DF1300CBEE80F00ACE8F9
S31501017BC80F009EE80F008CE80F00EB1C214623F0FD
S31501017BD80303282214A8CDE90F471193E9F74CDDD0
S31501017BE82B46524649463046CDF80080FFF768FED6
S31501017BF8044628B914A8E9F721D938B16FF09204D6
S31501017C0820461FB0BDE8F08F2C46C4E742460CA9B1
S31501017C1814A8FFF73BFC98B9524649464046FFF777
S31501017C2869FE04460028EBD15A4629463046FFF734
S31501017C3832FE044614A8FFF727F90028E0D0DDE74C
S31501017C486FF09204F6E76FF08604D9E710B4048859
S31501017C5804F4E044B4F5805F06D0B4F5005F03D0BF
S31501017C685DF8044BFFF757BE6FF085005DF8044BCD
S31501017C78704770B40488DDE9035604F4E044B4F5A9
S31501017C88804F04D0CDE9035670BCFFF7B2BE6FF041
S31501017C98850070BC7047F8B51E4603880F4603F484
S31501017CA84F43B3F5824F154610D1089BF9F792F860
S31501017CB8044648B9069B9D420BD82A4639463046A1
S31501017CC804F08AFF079B1D602046F8BD6FF0850405
S31501017CD8FAE76FF08904F7E72DE9F04F97B00E46F9
S31501017CE8DDE922AB17461D460446DDF890900028CA
S31501017CF86BD0002969D0002A67D0209B13B9219B33
S31501017D08002B62D1BAF1000F5FD0BBF1000F5CD035
S31501017D18B9F1000F59D0238823F0FF03B3F5E24FD8
S31501017D2853D129462046F9F78DFA804600283CD1D8
S31501017D382846F9F7BDFA0546002849D041462822C1
S31501017D480CA8E9F799DC4146202204A8E9F794DC55
S31501017D583A463146204604ABF9F77AF9804620BB03
S31501017D6862880732D208BBEB420F4FEA420632D389
S31501017D780CA8E9F763D8B0B9219B2A460193209B40
S31501017D88CDE902A6009304A943460CA8F8F776FBA8
S31501017D9878B962880732D2085200C9F800200CA8BE
S31501017DA8FFF772F808B16FF09208404617B0BDE8BF
S31501017DB8F08F012806D0482814BF6FF092086FF09A
S31501017DC88508ECE76FF08B08E9E76FF08608ECE7C1
S31501017DD86FF08508E9E76FF08908E6E72DE9F04FC5
S31501017DE897B00E46DDE9219ADDE923B817461D4606
S31501017DF8044628B96FF08606304617B0BDE8F08FFC
S31501017E080029F7D0002AF5D0209B002BF2D0B9F131
S31501017E18000FEFD0BAF1000FECD0BBF1000FE9D09A
S31501017E28B8F1000FE6D025F0FF03B3F1062F49D1CA
S31501017E38282200210CA8E9F71FDC2022002104A829
S31501017E48E9F71ADC31463A46204604ABF9F700F957
S31501017E5806460028D0D1238823F0FF03B3F5E24F64
S31501017E68C8D129462046F9F7EDF906460028C3D1B6
S31501017E7863880733DB08BBEB430F4FEA430424D37B
S31501017E880CA8E8F7DBDF98B9209B32460093CDE9C8
S31501017E9802A40123CDF8049004A90CA8F8F7EEFA77
S31501017EA848B9C8F800400CA8FEF7EEFF0028A3D090
S31501017EB86FF09206A0E7012814BF6FF092066FF0E2
S31501017EC88B06F0E76FF0850696E76FF0890693E76B
S31501017ED82DE9F04FC1B00C46DDE94A89DDE94CA728
S31501017EE893461E460546002800F09B80002900F0AE
S31501017EF89880002A00F09580B8F1000F00F0918072
S31501017F08B9F1000F00F08D80BAF1000F08D1002FE9
S31501017F1840F087806FF09404204641B0BDE8F08FA8
S31501017F28002FF7D023F0FF03B3F1062F7CD12822C6
S31501017F38002114A8E9F7A0DB2022002104A8E9F70A
S31501017F489BDB21465A46284604ABF9F781F80446D4
S31501017F580028E1D16A880732D208B7EB420FD9D195
S31501017F6831462846F9F76EF904460028D4D1014667
S31501017F781E9084221FA8E9F77FDB2B8823F0FF03D4
S31501017F88B3F5E24F2BD10CAD04AE0FCE0FC596E872
S31501017F980F0085E80F000E9B14A823F0407323F404
S31501017FA8804343F40053CDE90E341EAB1093882365
S31501017FB81193E8F743DF70BB0CAA04A914A8F8F7D3
S31501017FC8F3F9054614A8FEF75FFF284323D104AE4A
S31501017FD80CAD0FCD0FC695E80F0086E80F0014A862
S31501017FE8E8F72CDF0246B0B90123CDE902A7CDE9AD
S31501017FF8008904A914A8F8F7BFFA38B12C280DD0BD
S31501018008012814BF6FF092046FF08B0414A8FEF7D0
S315010180183BFF002880D06FF092047DE76FF094044E
S31501018028F4E76FF0860477E76FF0850474E7FFF7E5
S3150101803853BEFFF7D3BEFFF74BBFFFF74DBEFFF7A1
S31501018048CDBEFFF745BF2DE9F0478CB09046DDE976
S3150101805814A599460F4609B9002A3ED1B9F1000F6F
S3150101806802D1BAF1000F38D1002D36D000F17E4088
S315010180780538062834D8DFE800F01933330410131C
S3150101808816001C2002248245286012D200236FF0B3
S3150101809889002B600CB0BDE8F08720200324F2E7A4
S315010180A830200424EFE740200524ECE714200124BD
S315010180B8E9E702A8E8F7C2DE064610B16FF09200B9
S315010180C8E8E743463A462146CDE9009A02A8F8F778
S315010180D867F80028DED02E60F0E76FF08600D9E751
S315010180E86FF08500D6E730B50D4604468BB0A0B3CF
S315010180F8031D0021D4221846E9F7BEDA05F17E41AE
S31501018108053906292CD8DFE801F0042B2B10161C9A
S315010181182200012269462270F7F728FF002814BFB9
S315010181286FF0920000200BB030BD02226946227021
S31501018138F7F736FFF2E7032269462270F7F74AFF96
S31501018148ECE7042269462270F7F75EFFE6E70522A6
S3150101815869462270F7F774FFE0E76FF08600E2E7F8
S315010181686FF08500DFE770B50D46164604468AB0FD
S3150101817890B101B982B96846E8F760DE18B16FF0C6
S3150101818892000AB070BD33462A466946201DFEF79C
S3150101819880FE0028F5D0F2E76FF08600F1E72DE9B8
S315010181A8F0430D4691461E4604468BB0A0B301B96C
S315010181B892BB8EB36846E8F741DE804620B16FF07F
S315010181C892000BB0BDE8F083271D2A4669464B4646
S315010181D83846F7F751FF0546D42241463846E9F7AD
S315010181E84BDAA5B92378013B042B18D8DFE803F04C
S315010181F80309070B0D00142200203260E1E7202252
S31501018208FAE71C22F8E73022F6E74022F4E7212DA6
S31501018218D5D16FF08900D4E76FF08600D1E76FF009
S315010182288800CEE708B518B1D8220021E9F724DA82
S31501018238002008BDF0B5012806460D4693B020D8A1
S31501018248482200216846E9F717DA2F1F0C35002164
S315010182583046E8F753DF044630B9684657F8041F34
S3150101826800F046FE18B10124204613B0F0BD684658
S3150101827800F014FE0028F6D1E8F79CDFAF42E6D1FB
S31501018288F2E72124F0E700B593B02822002108A8D6
S31501018298E9F7F2D9202200216846E9F7EDD908A8BC
S315010182A8E8F7CCDD0346B0B9202269460DEB020099
S315010182B8F7F7BEFC034670B908A8FEF7E5FD0346C4
S315010182C848B96946FFF7B6FF034620B9012004A953
S315010182D8FFF7B0FF0346184613B05DF804FB2DE915
S315010182E8F04F98460368F1B004460E461746DDF885
S315010182F8ECA1DDF8F89113BB6D4682680169284640
S315010183080DF1140BE8F7FCD995E807008BE807008E
S31501018318217D6068E8F7F2DE044660B9524605A98F
S3150101832808A8B6B1E8F7FEDA0546E8F743DF0446D9
S3150101833808B98DB10124204671B0BDE8F08F012B32
S3150101834832D16D46816828460DF1140BE8F7DDD95E
S31501018358DAE7E8F7F0DAE7E708A8DDE97C12E7F7F3
S3150101836805DF0028E6D1424639467A9B08A8E7F790
S315010183786FDF0028DED17F9908A8E8F7BBDA002864
S31501018388D8D1494608A866B1E7F7B8DF0028D1D19F
S3150101839808A8E8F7D4D80028CDD0002ECAD12C24B4
S315010183A8C9E7E7F7FDDFF1E72124C4E710B586B090
S315010183B80C9C05940B9C04940A9C0394099C0294B5
S315010183C8089CCDE9003413460A460121FFF787FFC8
S315010183D806B010BD10B586B00C9C05940B9C04948F
S315010183E80A9C0394099C0294089CCDE9003413461E
S315010183F80A460021FFF773FF06B010BDF8F792BFD1
S31501018408F5F786B9F8F7DCBFF8F7CCBF40B2F8F74C
S31501018418B5BF70B50C46154610B9F9F73FF838B12D
S3150101842843682BB12A462146BDE8704000681847C2
S31501018438232070BDF7B50D4616461C4648B103B94A
S3150101844801ACC7685FB12346324629460068B84779
S3150101845806E0F9F723F804B901AC0028F1D1232084
S3150101846803B0F0BD10B500201C4604F0B6F900288A
S3150101847820600CBF1B20002010BD08B50020FCF7A9
S31501018488BFF8002008BDF8B50C468D1807355242CC
S315010184981540A5F108070646384600F0D5FBA08820
S315010184A83B1B618800EBE30080B2A1EBE30125F8F0
S315010184B8040C25F8061CA188DA10D1B1A4EBC10177
S315010184C8B1F802C0C88002EB0C004880E188B9B155
S315010184D88A1A92B204EBC10125F8022C8A80A28874
S315010184E88AB9B2681344F268B360934288BFF360EC
S315010184F80EE015F8081C41F0020105F8081CE5E72C
S3150101850825F8021CEBE7A4EBC2042278D207E8D4CA
S315010185183846F8BD2DE9F04F4FF0000887B0994666
S31501018528531C109B0546174614BF14460824CDF85B
S315010185381480002B00F0C980C3F80080002900F0DF
S31501018548C68042688A4240F2C280073121F0070695
S31501018558E8F76EDD05AACDE9008282463A464B4621
S315010185683146284600F074FB059F834607B130B9A9
S315010185785046E8F758DD192007B0BDE8F08FB7F87E
S31501018588028029694FEAC802C0EBC8080139B8F166
S31501018598270F29617ED9B9F1000F55D1864206F116
S315010185A808084CD0224639462846FFF76CFF04468F
S315010185B80590059B9844404600F046FB059906F14E
S315010185C80F004A88C308A2EBD002A8F80220CA887C
S315010185D8A8F80430002A34D0D31A9BB201EBC2029F
S315010185E8A8F8063093808B88F608A380B8F804307A
S315010185F83A46E380414600232846668000F095FB0A
S31501018608AB68EA6808339342AB6088BFEB602378AD
S3150101861843F0010323702B6901332B616288AB682F
S31501018628504603EBC203EA68AB60934288BFEB602D
S31501018638E8F7F9DC109B083400201C609CE73C46EE
S31501018648B7E7A8F80620CEE707EB08042046039208
S3150101865800F0FAFA0BF10703DB080599638008F1C3
S315010186680703DB08A380CB8893B1DB00039AD81DE6
S31501018678821A5A44C2F3CF020B44E2809A80A38834
S3150101868808F1FF384FEAD808A1F80280CB80B7E78D
S31501018698E380F4E7B9F1010F1BD107F10803B3FB35
S315010186A8F4F204FB1233B3B1224639462846FFF7E1
S315010186B8EAFE044623783A4643F00103237021462C
S315010186C80123284600F031FBA8E7222054E721209F
S315010186D852E78642E8D13C46ECE707B500224FF05E
S315010186E8FF3101AB0192F8F731FF019803B05DF84B
S315010186F804FB07B5009313464FF0FF32FFF70AFF54
S3150101870803B05DF804FB2DE9F04F05460C4685B02B
S31501018718002900F0E680D0E90568E8F789DC14F854
S3150101872808EC34F806CC1EF0010F019002D0BCF119
S31501018738000F06D10198E8F776DC012005B0BDE8FE
S31501018748F08FA968D5F810B034F8049CA1EBCC01D7
S315010187580BF10103A4F108070CF10102A9602B61D0
S31501018768B9F1000F43D04FEAC9030293A7EBC90335
S31501018778D888B3F802A0039018780EF0020EC00744
S3150101878825D4BEF1000F25D10398A0EB0A0EBEF13F
S31501018798010F2CD10CF1020208395244C5F810B067
S315010187A8A96034F802ECBEF1000F22D114F8081CB5
S315010187B824F806EC6EF3000104F8081C013A5A8004
S315010187C81A786EF300021A700022DA8045E0BEF1CA
S315010187D8000F0CD002984A44091AA96014F8081C1A
S315010187E86FF3410104F8081C00219980D9E73B463A
S315010187F8D7E707EBCE0AD5E9001001EB0009CA450F
S315010188080ED314F8081C013A6FF3000104F8081C89
S31501018818002124F8061C5A801A7861F30002D2E76E
S3150101882817F83E70514617F001072FD014F8087C46
S31501018838013A6FF3000704F8087C002792B224F87D
S31501018848067C5A801A7867F300021A70C3F1070287
S315010188580A44C2F3CF02DA808A80002E3FD0B3429E
S315010188683DD37288002A08BF1E46B8F1000F06D00B
S31501018878434504D8B8F80220002A18BF434601988F
S31501018888C5E90563E8F7CFDB002057E7AEEB0C0E28
S31501018898BEF1010FCAD1BAF802C0AAF8027094440E
S315010188A8BAF80620CAB10AEBC20100272A69013AB8
S315010188B82A61AA68083AAA6014F8082C24F8067CE1
S315010188C86FF3000204F8082C1A78A3F802C067F3BB
S315010188D800021A700029B9D176E71146E5E71E4665
S315010188E8C3E722202AE710B50446F8F75DFE2146BB
S315010188F8BDE81040FFF707BFFFF7F5BF70B5049E46
S3150101890815461A4696B1002333608DB181B14D439F
S3150101891833462946FFF7EDFE044628B9306818B1F2
S315010189282A462146E8F7A8DE204670BD2224FBE740
S315010189382124F9E707B5002201AB0192F8F71CFEDC
S31501018948019803B05DF804FB2DE9F74F06460D467C
S3150101895814469B46002B00F040810023CBF80030DA
S315010189684368934240F23B8149B9002A00F03781B5
S315010189785A46204603B0BDE8F04FF8F7F5BD2AB9C6
S31501018988084603B0BDE8F04FFFF7ADBFE8F750DB86
S3150101899835F8067C07344FEAC70924F00704A145CF
S315010189A88046A5F1080180F0968035F8023C002B36
S315010189B870D0DA1B012A6DD101EBC30A11F83330E4
S315010189C8D80767D4BAF80220A9EB040313EBC2034B
S315010189D860D41F2B3CDD2F19C4F3CF0425F8064CAF
S315010189E80134384625F8024C009300F02DF935F883
S315010189F8022C009BBA80BAF80620DB087B802AB3D1
S31501018A08BAF80210511A11FA83F39BB20AEBC202A0
S31501018A18FB809380524600233946304600F085F99A
S31501018A28504600F011F9002235F8061CB368CBF857
S31501018A38005003EBC103F168A3EB09038B42B36051
S31501018A4847D8002A40D0083BB3603DE0FA80E1E708
S31501018A5833690137013B3361BAF80630174425F802
S31501018A68067CA3B1BAF802209A1A12FA87F7BFB29D
S31501018A780AEBC30325F8027C9F805246012330463F
S31501018A8800F053F9504600F0DFF80122CCE725F84A
S31501018A98023CF2E720465A460021F8F765FD0446ED
S31501018AA830B14046E8F7BFDA204603B0BDE8F08F9A
S31501018AB84A462946DBF8000004F08EF82846FFF7F6
S31501018AC812FF04460028ECD14046E8F7ACDA002447
S31501018AD8EAE7F360B5E77DD935F8022CA9EB040A73
S31501018AE8531EDB1B002A37D001EBC20711F83220CE
S31501018AF8D20732D48BBBC4F3CF03291925F8063C17
S31501018B080133084625F8023C009100F09DF80099C9
S31501018B1835F8022C7B888A80FA8803EBDA034B80C5
S31501018B28BAB17888101A10FA83F39BB207EBC2021D
S31501018B38CB80938000233A46304600F0F6F8384652
S31501018B4800F082F8B368CBF800502344A3EB09037C
S31501018B587AE70023CB80EDE71746BAF1270F39D912
S31501018B68C4F3CF02291925F8062C0132084625F83E
S31501018B78022C009101930AF1FF3A00F065F8009978
S31501018B8835F8022C4FEADA0AA1F802A08A80FFB168
S31501018B98019B013313FA8AFA1FFA8AFAA1F806A088
S31501018BA8A7F804A0336930460133336100231A4615
S31501018BB800F0BBF8B368CBF80050E2180832F36845
S31501018BC8A2EB09029A42B2607FF67EAFF2607BE7B9
S31501018BD8CF80E7E7CBF8005076E7222464E7212422
S31501018BE862E770B50D4616460446F8F7DDFC3346CD
S31501018BF82A462146BDE87040FFF7A6BE002307B500
S31501018C0801AA0193FFF7EDFF019803B05DF804FB93
S31501018C18F8F78CBC13B5002401AA21460194F8F78B
S31501018C28A3FC00B10194019802B010BDFFF75BBE28
S31501018C38FFF759BE0846FFF750BD0846FFF75CBE68
S31501018C4808461146FFF7DABF002303604360704700
S31501018C58F0B5D0E90540551C08BF0822002B4FF095
S31501018C68000518BF0446DDF818C0CCF80050002CE1
S31501018C7837D09DF814706588FF0007EBC505C2F169
S31501018C88000E2078C00708D51BBBE088A0B104EB0C
S31501018C98C004658807EBC505F3E78D42F4D363B9CB
S31501018CA804F10806B6FBF2F002FB106670180EB164
S31501018CB8A842EAD8CCF80040F0BD082A0FD060884E
S31501018CC8013004EBC000461A06EA0E06801B8542EE
S31501018CD8F0D2A0880028EFD0A4EBC004D9E7084652
S31501018CE8E8E72046E8E7034610461A69DAB108B902
S31501018CF821B918680378DB0702D470479869F9E73F
S31501018D0839B9C3887BB100EBC3000378DA07F8D414
S31501018D187047012907D183882BB1A0EBC3000378DA
S31501018D28DB07F8D47047002070472DE9F041D0E9F7
S31501018D380545074688461646F3B194420FD042B116
S31501018D48954215D1424601213846FFF7CCFF054622
S31501018D580EE00A463146FFF7C6FF0446F2E70A4620
S31501018D680021FFF7C0FFB5420446EBD0002EE9D03A
S31501018D78C7E90545BDE8F081944208D08C4228BF70
S31501018D880C46B54205D0454538BF4546F0E70C4680
S31501018D98F7E74546ECE738B51C46C3E90001002368
S31501018DA8C4E90500C4E90233236122776362FFF747
S31501018DB84BFF23690139C908013341802361A3683E
S31501018DC8E268083393424FF00000A36088BFE3606D
S31501018DD838BD08B500F013F800F02FF8FEE7704723
S31501018DE87047704708B503F019FD03F025FD03F037
S31501018DF82CFD03F03DFDBDE8084003F03ABD08B579
S31501018E08FFF7EDFFF8F7FAFAFFF7EAFFE8F75EDC95
S31501018E1800F007F803F00DFDBDE80840F8F7D4BBEB
S31501018E28704708B503F0F6FC03F0F5FC03F0F4FC12
S31501018E3803F0F3FCFFF7F4FF08BD03F0FBBC0020C8
S31501018E48704738B50368054693B1816800F1180280
S31501018E5891424FF0000406D11846E8F7B9D96FF0E7
S31501018E6840002C6038BD3021E7F7A4DB2046F9E73D
S31501018E786FF02000F6E738B5036805465BB1E7F7F9
S31501018E881BDC431C044604D02868E8F7A1D9002352
S31501018E982B60204638BD6FF02004FAE710B5044669
S31501018EA82068E8F705DA2046FFF7E5FF431CF7D006
S31501018EB810BD38B51C210446E8F72ADA10223421F7
S31501018EC805462046E8F732DA002234212046E8F73A
S31501018ED82DDA3C212046E8F71BDA4306F9D435B1E8
S31501018EE82A462046BDE838401C21E8F71F9A38BDB5
S31501018EF837B5044601200D46E7F7A9DBE0B1E8F7E6
S31501018F089FD92060E0B146F611033022204600932D
S31501018F1804F118012B46E7F73BDB00210846E8F780
S31501018F2811DA002201462046E7F71EDB204603B087
S31501018F38BDE83040FFF785BF6FF0020003B030BDD1
S31501018F486FF00100FAE738B5044680690B46154604
S31501018F5870B35AB3A268E1690232B1EB021F06D2B4
S31501018F68E8F736D900236FF04400A36138BDB5F19E
S31501018F78807F06D3E8F72CD900236FF03F00A36160
S31501018F88F4E729461846E8F7DCD963680146DB6840
S31501018F982A4604F11800E7F7DDDA23692B44236130
S31501018FA8E3682B44E360A3680133A3600020DDE78E
S31501018FB86FF02000DAE7836910B50446ABB1D0E951
S31501018FC803239A4204D00268836A52685340836232
S31501018FD820466369984704F118004FF4F47104F1C6
S31501018FE83002E7F7E7DA002010BD6FF02000FBE752
S31501018FF838B583690446C3B11830E7F75DDB431C0D
S31501019008054610D0214651F8C03B5B69C3F5AC70E2
S31501019018C3F5F8720144A069E8F790D9A069E8F7A0
S31501019028D7D80023A361284638BD6FF02005FAE792
S3150101903810B50446A069E8F73BD92046FFF7D8FFE2
S31501019048431CF7D010BD0368D868704738B50025A9
S315010190582846E8F743D90446B8B14FF48061E8F7E1
S3150101906857D990B100221C212046E8F75FD94FF064
S31501019078FF3230212046E8F759D9013534221C211E
S315010190882046E8F753D9402DE2D1002038BD704773
S3150101909870B504680D1B002D02DC6FF05F0070BD11
S315010190A894F900602378002E0ADB631C0360237898
S315010190B813600368C91A13688B42EED80020EEE7DC
S315010190C803F07F035E1E032E10D89D42E5DD0025C0
S315010190D80134156004600468166814F8015B013BE4
S315010190E845EA062515600460F5D1E2E76FF06300EC
S315010190F8D5E770B404680E1B002E07DD26789E425B
S3150101910808D10134046070BCFFF7C2BF6FF05F007C
S3150101911870BC70476FF06100FAE72DE9F04F85B031
S315010191280092984603AA302304460E469DF838A0B4
S315010191389DF83CB0FFF7DDFF054610BB2368039A8E
S3150101914813449E421AD06FF065051AE05A1C226033
S3150101915893F80090009B09EA0303434522D131465E
S31501019168204603AAFFF794FFD0B909EA0A0159452E
S315010191782268039B09D022681A4422602368B342F4
S31501019188E4D3284605B0BDE8F08F10990029F2D03D
S31501019198DDE9107049460193B847019B0028EAD0D9
S315010191A80546EEE76FF06105EBE738B505462C682C
S315010191B804B938BDA369A0682B60FFF79DFB6069F7
S315010191C8FFF79AFB2046FFF797FBF0E770B50E46C6
S315010191D8154604460CB9204670BD6368AB4206D1F3
S315010191E82A463146A06803F0E9FD0028F3D0A469AF
S315010191F8F0E77F2A034610B51AD914460120240A35
S3150101920800F10100FBD11C68641A844212DB19685A
S315010192184C1E1C6001F8012C120AF8D1012806D04E
S315010192281A68511E196000F17F0302F8013C10BD4D
S315010192380120E8E76FF06B00F9E70368591A00297D
S31501019248C1BF03F1FF310160012003F8012CD8BF29
S315010192586FF06B0070472DE9F04106460F4615463A
S315010192689846FFF7C6FF041E09DB424639463046D2
S31501019278FFF7E3FF0028B2BF044664192418204604
S31501019288BDE8F081F0B4144600250668721A002A71
S315010192981CDD771E076006F8014C2412002C05F126
S315010192A8010211DC046894F90060002E08DA621AD9
S315010192B8002A0BDD621E0260002204F8012CAA1C99
S315010192C8DBB2F0BCFFF7C7BF1546DEE76FF06B00EF
S315010192D8F0BC704770B50D46064600681146A842AE
S315010192E81C4609D3451B9D4206D3C01A1A4630604E
S315010192F803F072FC204670BD6FF06B00FBE7052396
S315010193080022FFF7A8BF70B504460D46FFF7E2FF35
S31501019318021E06DB29462046BDE870400623FFF7F3
S315010193289ABF70BD2DE9F0419846DDE90663044609
S315010193380D461746ABB126B9FFF7E1FF002812DB47
S31501019348064643463A4629462046FFF7DCFF0028EA
S3150101935809DB821929462046BDE8F0413023FFF78A
S315010193687ABF1E46EDE7BDE8F08130B40468651A97
S31501019378002D0CDD003A18BF01220123651E524258
S31501019388056004F8012C30BC1A46FFF764BF6FF07B
S315010193986B0030BC70470223FFF774BF70B51646E0
S315010193A81A46049B04460D46FFF794FF021E06DB87
S315010193B829462046F3B2BDE87040FFF74CBF70BDA0
S315010193C82DE9F84306460068894690461F46089DD9
S315010193D8FFF7FCFE0446002833D120210120FFF7BF
S315010193E8A9FA044650B1C0F8048041460120FFF7A5
S315010193F8A1FAA06030B92046FFF77EFA002420467B
S31501019408BDE8F8834246494603F0E6FB25614DB1BD
S3150101941829460120FFF78EFA606138B9A068FFF77E
S315010194286BFAE8E73368A3613460E8E73368A36157
S315010194383460002FE3D02A463946606903F0CCFB34
S31501019448DDE725B94069FFF757FA6561D7E703698A
S31501019458AB42EED029460120FFF76CFA06460028F1
S31501019468CCD06069FFF748FAC4E90456E1E738B593
S3150101947800F14103054602461921DBB20020F8F73E
S315010194883BFA05F147032A4604463321DBB21A2082
S31501019498F8F732FA2B1F2A463D210443DBB2342061
S315010194A8F8F72AFA3E21E4B22A462B230443084651
S315010194B8F8F722FA3F21E4B22F232A460443084644
S315010194C8F8F71AFAE4B22043C0B238BD2DE9F74FCD
S315010194D80C9F0546164617B91760002012E00324AA
S315010194E8B7FBF4F404EB4408474518BF0134B4F15A
S315010194F8804F0AD2A40001348C4200D840B96FF0DA
S315010195082900346003B0BDE8F08F4FF0FF34F6E768
S3150101951881460024444503F1030209F1040A2ED3C5
S31501019528BC424A4626D293F800800134BC424FEA2E
S3150101953898002CBF4FF0000B93F801B0FFF797FF86
S3150101954889F800004FEA081000F0300000EB1B1003
S31501019558FFF78DFFBC4289F801003CD24FEA8B0027
S3150101956800F03C00FFF783FF3D23524689F80200CC
S3150101957889F803300023551B35601370ADE712F8DE
S31501019588033C12F8029C980812F801BC0192009357
S31501019598FFF76DFF009B0AF8040C180100F0300073
S315010195A800EB1910FFF763FF0AF8030C4FEA89006C
S315010195B800F03C0000EB9B10FFF759FF0AF8020C7B
S315010195C80BF03F00FFF753FF019AD14613460AF8FC
S315010195D8010C03349EE73D20C6E700220123C0E9B9
S315010195E80023704710B5044648B1006818B1E188EF
S315010195F8890001F0CBFC00220123C4E9002310BD37
S3150101960842F21073994270B504460D4602D96FF0BC
S315010196180F0070BDC3888B4201D30020F9E70421ED
S315010196282846FFF787F906460028F0D0216841B197
S31501019638E288920003F0D0FAE1882068890001F0F6
S31501019648A5FCE5802660E8E7F8B50D46C988044614
S315010196581646FFF7D5FF0746A8B93046F8F75EF96A
S315010196680646B4F90420B5F90410F8F763F9334647
S31501019678F643A080EA8820682968F8F765FBEB8834
S31501019688E088984201D83846F8BD216851F8232067
S31501019698324041F823200133F3E738B504460D4634
S315010196A819B9FFF79FFF002038BDC2888A4207D141
S315010196B8002100689200E7F7DFDF0123A380F2E7C3
S315010196C8FFF790FF29462046BDE83840FFF798BFC6
S315010196D8884270B505460E4609D0C988C28841B97E
S315010196E82AB10123920083800068E7F7C5DF0020CC
S315010196F870BD4C1E8CB9B6F904300134A242AB8057
S3150101970812D221462846FFF77BFF0028F0D131689E
S315010197182868A20003F060FAE9E7336853F82430B0
S31501019728002BE8D1013CE5E72868121B00219200CC
S3150101973800EB8400E7F7A0DFE9E770B50C460121E4
S315010197480546FFF75DFF064688B9EA880146920094
S315010197582868E7F791DF84EAE472A2EBE472E40F81
S31501019768C4EBC4342B68640001341A60AC803046FA
S3150101977870BDC388B1EB431F3FBF03684A0953F85C
S31501019788220001F01F013ABFC84000F00100002084
S3150101979870470022C188914201D8002070470368A9
S315010197A853F8223033B193FAA3F0B0FA80F000EB03
S315010197B8421070470132EEE7C188006800F07CBCAF
S315010197C808B5FFF7F9FF0730C00808BD70B50E46A1
S315010197D812F0030118BF012101EB92010546144656
S315010197E8FFF75BFF38B923463246E9882868BDE8A1
S315010197F8704000F083BC70BD13460A46C1880068F3
S3150101980800F0A1BC38B504460D46FFF7D5FFE3883C
S315010198182844B0EB431F06D820682A46E18800F0A0
S3150101982802FD002038BD10F01F0118BF012101EB0F
S3150101983850112046FFF7E4FE0028EDD0F2E70A466B
S31501019848C18808B511B1006800F0AFFC002008BD58
S3150101985810B5C38823B9CA885AB9ABB1012017E033
S31501019868026802EB830252F8042C002AF3D1013B68
S31501019878F0E70C6804EB820454F8044C0CB9013A7C
S31501019888EAE79342EAD80FD3013B5A1C01D10020DA
S3150101989810BD026852F823400A6852F823209442FF
S315010198A8DCD803F1FF33F0D24FF0FF30F0E730B5E2
S315010198B8C38823B9CA885AB9002B3DD136E0026853
S315010198C802EB830252F8042C002AF3D1013BF0E79B
S315010198D80C6804EB820555F8045C4DBB013AEAE7CD
S315010198E8B1F9045003D2B1F90400404226E0B0F9B6
S315010198F80420002A03DD002D0CDA01201EE0002DCB
S3150101990808DD3AB14FF0FF3018E003F1FF330BD20E
S31501019918504213E0013B016851F8235054F82310D2
S315010199288D42F2D9104609E0591CF4D1002005E00F
S31501019938002BD8D09342D3D9B0F9040030BD1FB555
S3150101994881EAE173A3EBE17301930123C90FC1EB2A
S31501019958C13149000131ADF80C10ADF80E3002A93B
S3150101996801AB0293FFF7A3FF05B05DF804FB904233
S315010199782DE9F04105460F46144602D0884206D123
S3150101998827460123FC88AB803CB9002003E0FFF799
S315010199989FFE0028F4D0BDE8F0813B684FEA8408B0
S315010199A803EB840353F8043C0BB9013CECE721466C
S315010199B82846FFF725FE0028EDD12E6823463A6889
S315010199C83146304600F065FC074606EB0803002FD1
S315010199D8DBD0EA88661CA24208D831462846FFF739
S315010199E80FFE0028D7D12B6803EB84031A68344686
S315010199F8D2192CBF0127002743F8042BE7E72DE9E4
S31501019A08F04105460E469046D4883CB9F188A142F3
S31501019A180ED26FF009073846BDE8F081D8F8003053
S31501019A2803EB840353F8043C002BEFD1013CECE72B
S31501019A382846FFF7E5FD07460028ECD1F28894424E
S31501019A480BD2AE4209D028683168121B920001EB8C
S31501019A58840100EB840003F0BFF8EA88F0888242AA
S31501019A6807D92B68121A0021920003EB8000E7F748
S31501019A7803DED8F8002023463168286800F01FFC68
S31501019A88024610B90123AB80C5E72968EB8801EBCA
S31501019A98840108461B1B00F03BFD0028F2D0B8E7FC
S31501019AA82DE9F843B2F804C0B1F9044081461CFB1B
S31501019AB804FC664673430D4617461CD511462846CE
S31501019AC8FFF7C6FEB0F100080DDB3A4629464846BE
S31501019AD8FFF795FF98B9B8F1000F08BF01240020D7
S31501019AE8A9F804400BE02A464846FFF788FF30B932
S31501019AF8644224B2F3E7FFF73AFF0028EFD0BDE845
S31501019B08F8830123FFF7CCBF4FF0FF33FFF7C8BF37
S31501019B181FB582EAE273A3EBE27301930123D20F24
S31501019B28C2EBC23252000132ADF80C20ADF80E304B
S31501019B3802AA01AB0293FFF7E7FF05B05DF804FB43
S31501019B482DE9F04701231646002286B088420746C9
S31501019B580D46CDE90223CDE9042306D102A8FFF773
S31501019B68B7FD0446002833D102ADB74206D13946BD
S31501019B7804A8FFF7ADFD044650BB04AEB5F806804F
S31501019B88B8F1000F2ED1B6F80690B9F1000F33D10D
S31501019B984FF0010A384609EB0801FFF731FD044682
S31501019BA8B0B901463846FFF7C8FD044680B9CDF874
S31501019BB80090424633682968386800F059FCBAF1C1
S31501019BC8000F22D1AB88B28813FB02F31BB2BB800B
S31501019BD804A8FFF707FD02A8FFF704FD204606B012
S31501019BE8BDE8F0872B6803EB880353F8043C002B87
S31501019BF8C9D108F1FF38C3E7336803EB890353F881
S31501019C08043C23B909F1FF39BFE70123DFE7B8FAB4
S31501019C1888FA4FEA5A1ABDE72DE9F34105468846FE
S31501019C281646CF883FB1D8F8003003EB870353F8BE
S31501019C38043C3BB146B90021284602B0BDE8F041D2
S31501019C48FFF77BBD013FEDE72846791CFFF7D8FCF5
S31501019C58044670B941462846FFF73AFD044640B91C
S31501019C68013E00963B46D8F80020E988286800F0AD
S31501019C7843FB204602B0BDE8F08170B504460D46A6
S31501019C88104600211646FFF75AFE002824DB2A460C
S31501019C98334621460020F7F75BFE054638B12846CB
S31501019CA870BD324621462046FFF72BFF90B90021A8
S31501019CB82046FFF744FE0028F3DB31462046FFF72D
S31501019CC8F6FD0028EBDB324621462046FFF71CFF4D
S31501019CD80028F2D00546E2E76FF00905DFE72DE92D
S31501019CE8FF41012316460022054668468846CDE905
S31501019CF80023CDE90223FFF7EBFC0446002855D1E1
S31501019D08314602A8FFF7E4FC044600284ED168460D
S31501019D18FFF73FFD074602A8FFF73BFD064650B987
S31501019D28214602A8FFF725FD28B941462846FFF72E
S31501019D38CFFC04463AE00123ADF80C30ADF8043006
S31501019D4800216846FFF7FBFD50B9B742394602A81B
S31501019D5828BF3146FFF756FD044638BB02A9E5E798
S31501019D686846FFF716FD01466846FFF768FD044692
S31501019D78E0B902A8FFF70DFD014602A8FFF75FFD4D
S31501019D88044698B9684602A9FFF791FD002817DB31
S31501019D986946684602AAFFF732FE044630B901212F
S31501019DA86846FFF74CFD04460028C9D06846FFF707
S31501019DB819FC02A8FFF716FC204604B0BDE8F0819C
S31501019DC802A96A460846FFF71AFE04460028EDD19C
S31501019DD8012102A8E5E7F7B50E1E044615461F46F9
S31501019DE814DB1046FFF7ABFD00280FDD2046E98895
S31501019DF8FFF753FC40B9089B3146CDE90073E38867
S31501019E082A682068F7F7B8FF03B0F0BD6FF00300C1
S31501019E18FAE72DE9F041064688461046012192B036
S31501019E281546FFF78CFD002840F3438100230127DE
S31501019E382A4641466846CDE90237CDE90437CDE9D7
S31501019E480637CDE90837CDE90037CDE90A37CDE936
S31501019E580C37CDE90E37CDE91037FFF740FF044638
S31501019E68002840F0978039466846FFF768FD0028C3
S31501019E7840F01C812A46414602A8FFF7FEFE044628
S31501019E88002840F0878002A904A8FFF721FC0446AF
S31501019E9800287FD129460AA8FFF71AFC044600289B
S31501019EA878D129460CA8FFF713FC0446002871D17D
S31501019EB8394606A8FFF741FC044600286AD101463E
S31501019EC808A8FFF73AFC0446002863D101460EA803
S31501019ED8FFF733FC044600285CD1394610A8FFF781
S31501019EE82CFC0446002855D1049B1B68D8073CD590
S31501019EF80C9B1B68DB0740F182800CA904A8FFF7BC
S31501019F08D6FC0028C0F2AB8004A908460CAAFFF7C3
S31501019F18FBFD044600283DD106A908460EAAFFF70E
S31501019F28F3FD0446002835D110AA08A90846FFF70A
S31501019F38EBFD044670BB002104A8FFF700FD0028CC
S31501019F48D2D100210EA8FFF7FAFC0028C0F29A80A7
S31501019F5829460EA8FFF7ABFC002880F29D80304602
S31501019F680EA9FFF7B5FB044614E0012104A8FFF782
S31501019F7866FC044670B9069B1B68DF0729D4089B52
S31501019F881B68DC0725D4012106A8FFF758FC0446FE
S31501019F9800282FD002A8FFF725FB04A8FFF722FB0B
S31501019FA806A8FFF71FFB08A8FFF71CFB6846FFF782
S31501019FB819FB0AA8FFF716FB0CA8FFF713FB0EA856
S31501019FC8FFF710FB10A8FFF70DFB204612B0BDE8FD
S31501019FD8F08106A908460AAAFFF793FD0446002857
S31501019FE8D8D108A9084602AAFFF78EFD044600281A
S31501019FF8C9D0CFE7012108A8FFF721FC71E70121A3
S3150101A0080CA8FFF71CFC04460028C3D10E9B1B684C
S3150101A018D90713D4109B1B68DA070FD401210EA89F
S3150101A028FFF70DFC04460028B4D1012110A8FFF75A
S3150101A03806FC044600283FF45BAFABE70EA90846C8
S3150101A0480AAAFFF75EFD04460028A3D110A908460E
S3150101A05802AAFFF759FD04460028DFD09AE70CA9A1
S3150101A068084604AAFFF750FD0446002892D10EA915
S3150101A078084606AAFFF748FD044600288AD108AA18
S3150101A08810A953E70EA92A460846FFF73AFD0446E1
S3150101A09800283FF456AF7DE70EA92A460846FFF781
S3150101A0A833FD044600283FF453AF73E76FF00D04FF
S3150101A0B870E76FF0030488E70139002901DA002006
S3150101A0C8704750F82130002BF6D0B3FA83F00131ED
S3150101A0D8C0EB4110704739B101F18041013900EBFB
S3150101A0E881018142034600D270471B680A681BBA7F
S3150101A0F812BA40F8042B41F80439F2E72DE9F04187
S3150101A1081C4613F0030318BF012303EB94038B4287
S3150101A11806460D46904613D879B18F003A46002175
S3150101A128E7F7AADA2CB1381B22464146304402F038
S3150101A13853FD29463046FFF7CEFF0020BDE8F081E1
S3150101A1486FF00700FAE7B3EB810F70B504464FEAE2
S3150101A1588105104619D95A1B86180021E7F78CDAA9
S3150101A16830462B460021C2188B4210D1002070BD02
S3150101A17822F00301615802F00306F600F140C9B263
S3150101A18881B90132AA42F3D1ECE71A46FAE721F07D
S3150101A1980300205801F00305ED00E84002F8010D1E
S3150101A1A80131E1E76FF00700E1E7F8B50546500926
S3150101A1B888420C4602F01F0601D80AD136B1284653
S3150101A1C8A2000021BDE8F840E7F7569A1F2A02D8EE
S3150101A1D8F8BD1F2A0FD9820005EB8003291F05EB5C
S3150101A1E88407BB421AD1201A38BF0022002105EB88
S3150101A1F88000E7F741DA002EEAD0002205EB840454
S3150101A208C6F12000AC42E3D054F8041C21FA06F346
S3150101A218134344F8043D01FA00F2F3E753F804CB7A
S3150101A22841F804CFDDE71F2AF8B503460D464FEA83
S3150101A238521402F01F0613D96FF003000A4600FBF8
S3150101A2480430944202F1FF3113D3621BAC4288BF39
S3150101A25800222A44184600219200E7F70DDA03463F
S3150101A26836B1002103EB8403C6F12007AC4206D3BC
S3150101A278F8BD50F8212043F821200A46E1E718687C
S3150101A288013400FA06F20A4343F8042B20FA07F1CE
S3150101A298ECE7F0B50024844620469C4200D1F0BD86
S3150101A2A851F8245052F824702E182CBF0125002587
S3150101A2B8BF194CF8247045F100000134EDE7F0B5FA
S3150101A2C80024064620469C4200D1F0BD51F824C01F
S3150101A2D852F82470ACEB0005AF4294BF4FF0000E63
S3150101A2E84FF0010EED1B46F8245084452CBF7046EC
S3150101A2F80EF101000134E6E78B4228BF0B462DE931
S3150101A308F0479646DE080446C91A03F0070875465A
S3150101A3180346B4460020089A0CF1FF3CBCF1FF3F05
S3150101A32803F1200305F1200511D104EB4614254655
S3150101A3380EEB46164FEA880C06EB880E764540F079
S3150101A34881806444013980F08B80BDE8F08755F836
S3150101A358207CA2FB079710EB090953F8200C47F15A
S3150101A368000710EB090043F8200C55F81C0C47F1BE
S3150101A3780007A2FB00093F1853F81C0C49F1000913
S3150101A388C01943F81C0C55F8180C49F10009A2FB30
S3150101A398000719EB000953F8180C47F1000710EBF0
S3150101A3A8090043F8180C55F8140C47F10007A2FBEC
S3150101A3B800093F1853F8140C49F10009C01943F86B
S3150101A3C8140C55F8100C49F10009A2FB000719EB09
S3150101A3D8000953F8100C47F1000710EB090043F87F
S3150101A3E8100C55F80C0C47F10007A2FB00093F18A0
S3150101A3F853F80C0C49F10009C01943F80C0C55F82E
S3150101A408080C49F10009A2FB000719EB000953F8E9
S3150101A418080C47F1000710EB090043F8080C55F839
S3150101A428040C47F10007A2FB000A17EB000953F8D0
S3150101A438047C4AF1000017EB090740F1000043F8D3
S3150101A448047C69E756F8043BA2FB0337C31828685D
S3150101A45847F10007C31847F1000045F8043B6DE7CA
S3150101A46823681B182CBF0120002044F8043B69E727
S3150101A4782DE9F347DDF8289015464A440F4692001F
S3150101A4880021064698460024E7F7F6D805F1010AA0
S3150101A4984C4502D102B0BDE8F08758F8243006EBE5
S3150101A4A8840000933A462B465146FFF725FF0134AE
S3150101A4B8EEE72DE9F04712F0030418BF012404EB76
S3150101A4C892048C420646884617461D464FEA840A77
S3150101A4D8C2EB840919D84A460021E7F7CDD8A8EB7A
S3150101A4E804020021920006EB0A00E7F7C5D83A46AD
S3150101A4F8089806EB0901A847054618B921463046C9
S3150101A508FFF7E9FD2846BDE8F0876FF00305F9E78E
S3150101A51830B50546104600229A4200D130BD51F8A0
S3150101A5282240241A45F8224034BF01200020013275
S3150101A538F2E72DE9F34101F1100506460F462846D2
S3150101A5480021FFF7FCF9044698B36846FFF745F879
S3150101A55829466846321DFFF75CFC044630BB07F104
S3150101A56808086B46424641463046F7F74FFC044612
S3150101A578E0B96B466A4669463046F7F747FC044631
S3150101A588A0B96B463A4639463046F7F73FFC0446C9
S3150101A59860B96B46424641463046F7F737FC0446F1
S3150101A5A820B901212846FFF7C8F804466846FFF78E
S3150101A5B819F8204602B0BDE8F081F7B50D46044603
S3150101A5C8083568461646FFF708F800212846FFF7B9
S3150101A5D8B6F9211D07462A466846FFF795FA044644
S3150101A5E848B9002F0CBF002206F001026946284628
S3150101A5F8FFF72AF804466846FEF7F4FF204603B03A
S3150101A608F0BD38B50C46051D29462046FFF74FF919
S3150101A618002801DA002006E02A4621462046FFF7EE
S3150101A628EEF90028F0D038BD70B50C46054611463D
S3150101A63820461A46FFF765FA064630B90435294612
S3150101A6482046FFF734F9002801DA304670BD2A465B
S3150101A65821462046FFF7D3F90028F0D00646F4E74C
S3150101A66870B50C460646114620461A46FFF74CFABE
S3150101A678054648B90436B4F90430002B04DA002139
S3150101A6882046FFF75CF908B9284670BD32462146CE
S3150101A6982046FFF736FA0028EDD00546F4E710B54E
S3150101A6A80446FEF79FFF04F10800FEF79BFF04F13C
S3150101A6B81000BDE81040FEF795BF13F07E0F2DE996
S3150101A6C8F0470C4615460CBF4FF0010A4FF0000A38
S3150101A6D807465246294620461E46C3F34508FEF754
S3150101A6E8B3FF48BB04F108095246484605F108017A
S3150101A6F8FEF7AAFF00BB08F1FF33D3F1000848EBC7
S3150101A70803084246204605F11801FEF79DFF98B94F
S3150101A7184246484605F12001FEF796FF60B92146F2
S3150101A7283846F209FFF749FF30B904F11000012152
S3150101A738BDE8F047FFF701B8BDE8F08738B50C4623
S3150101A748054601212046FFF75DF828B92146284625
S3150101A758BDE83840FFF755BF38BD2DE9F84F1E460C
S3150101A76803F10805C36804468A469046002B40F062
S3150101A778C08002F110031A462946F7F747FB00285C
S3150101A78840F0EF8006F110072B464246394620462E
S3150101A798FFF74AFF002840F0E48006F118092B4625
S3150101A7A8424649462046FFF75BFF002840F0D9801B
S3150101A7B84B463A4629462046F7F728FB002840F03A
S3150101A7C8D080032229463046FFF726FA002840F0B1
S3150101A7D8C88031462046FFF714FF002840F0C180A2
S3150101A7E808F1080B06F110075B465A463946204619
S3150101A7F8F7F70CFB002840F0B48039462046FFF7ED
S3150101A8089DFF002840F0AD803B4642462946204639
S3150101A818F7F7FCFA002840F0A48029462046FFF7FD
S3150101A8288DFF002840F09D8006F118093B463A46FE
S3150101A83849462046F7F7EAFA002840F09280494648
S3150101A8482046FFF77BFF002840F08B8033463246CE
S3150101A85839462046F7F7DAFA002840F082802B4676
S3150101A8683A4639462046FFF7FBFE002879D12B46A1
S3150101A8783A4639462046FFF7F3FE002871D13B4691
S3150101A8882A4629462046FFF7EBFE002869D13346B9
S3150101A8982A4629462046F7F7B9FA002861D14B46D7
S3150101A8A82A4629462046FFF7DBFE002859D15A4692
S3150101A8B84946204608F11003F7F7A8FA002850D1AE
S3150101A8C849462046FFF73AFF00284AD139465046FC
S3150101A8D8FEF7FEFE002844D129460AF10800FEF7D3
S3150101A8E8F7FEF0BB49460AF11000BDE8F84FFEF73D
S3150101A8F8EFBE13462946F7F789FA90BB0322294683
S3150101A9083046FFF789F960BB31462046FFF779FEE4
S3150101A91838BB04F10C0701463846FFF710F8002841
S3150101A9283FF45EAF08F110031A4629462046F7F7A8
S3150101A9386DFAB0B906F110092B462A464946204651
S3150101A948F7F764FA68B93B464A4629462046F7F7B6
S3150101A9585DFA30B92B46324631462046FFF764FE89
S3150101A9683BE7BDE8F88F0346C06920B15B6A002B56
S3150101A97814BF01200220704710B50446FEF72DFECB
S3150101A98804F10800FEF729FE04F11000BDE81040A4
S3150101A998FEF723BE38B50025044600F8045BFEF729
S3150101A9A81CFE04F10C00FEF718FE04F11400FEF773
S3150101A9B814FE04F11C00FFF7DFFF04F13400FEF772
S3150101A9C80CFEC4E90F55C4E91155C4E91355C4E987
S3150101A9D81555E56538BD10B50446FFF7DBFF04F1EA
S3150101A9E86000FEF7FAFD04F16800BDE81040FFF7C3
S3150101A9F8C3BF08B1FFF753BE704770B5044658B3D4
S3150101AA08436C012B11D00C30FEF7ECFD04F1140057
S3150101AA18FEF7E8FD04F11C00FFF7EBFF04F1340032
S3150101AA28FEF7E0FD201DFEF7DDFDA36D8BB920467E
S3150101AA38BDE870406021F8F77DBA06FB0500FFF70E
S3150101AA48D8FF0135D4E91603AB42F6D8FDF754FF11
S3150101AA58EDE700251826F5E770BD10B5044658B18E
S3150101AA68FFF7CBFF04F16000FEF7BCFD04F16800B6
S3150101AA78BDE81040FFF7BDBF10BD38B504460D4608
S3150101AA88FEF726FE70B905F1080104F10800FEF783
S3150101AA981FFE38B905F1100104F11000BDE838406F
S3150101AAA8FEF716BE38BD10B501210446FEF745FE6F
S3150101AAB860B9012104F10800FEF73FFE30B90146EC
S3150101AAC804F11000BDE81040FEF737BE10BD0021A4
S3150101AAD808B51030FEF733FFB0FA80F0400908BD1A
S3150101AAE81FB500240294079C0194069C0094F7F76C
S3150101AAF82FFE04B010BD2DE9F0471446DDE908899A
S3150101AB080F461E4642464B4621460546F7F72EFE97
S3150101AB1848B93B46224631462846CDE90889BDE86A
S3150101AB28F047FFF7DDBFBDE8F08713B5049CCDE912
S3150101AB38003413460A4600F11C01FFF7DCFF02B097
S3150101AB4810BD73B50C460146204615461E46F7F754
S3150101AB587BFE40B92B462046009604F1680204F1B2
S3150101AB686001FFF7E2FF02B070BD00B1407870479E
S3150101AB7870B500231446E4091D4603F10103FAD110
S3150101AB880468091B994212D302F07F016155022417
S3150101AB98D2099C42016803D919440160002070BD9C
S3150101ABA81D1B62F07F064E55D2090134F1E76FF09C
S3150101ABB80A00F4E76FF02D0070472DE9F0430026EE
S3150101ABC8054687B001918F180296B94225D1731EA0
S3150101ABD87E2B00F28C8006EB860601213046FDF7B5
S3150101ABE8A9FE8046A860002800F0848005903A46AF
S3150101ABF801A903A8F7F778FE044630B9DDF80C90E8
S3150101AC08B9F1020F0FD96FF06704A868FDF774FE51
S3150101AC1800232646C5E9013347E011F8013B2E2BEE
S3150101AC2808BF0136D1E7019BBB42ECD218782E2821
S3150101AC38E9D1013304A80193F7F756FE0446002822
S3150101AC48E3D1B9F1020F02D0049B272BDBD8019B73
S3150101AC58BB4204D21A782E2AD5D10133019328236E
S3150101AC6803FB09F9049B19EB0302CCD2B044414613
S3150101AC7805A8FFF77DFF0646002833D1019BBB4294
S3150101AC8817D3AB68059C0121E41A2046FDF752FE4C
S3150101AC98074648B32246A96801F09EFFA868FDF751
S3150101ACA82BFE0623C5E901472B60304607B0BDE8EF
S3150101ACB8F0833A4601A902A8F7F716FE04460028C9
S3150101ACC8A3D1019BBB4204D21A782E2A9BD1013307
S3150101ACD801934146029A05A8FFF74AFF044600284F
S3150101ACE8CCD092E7044690E76FF069048DE76FF0DF
S3150101ACF86706DAE76FF06906D7E70023C0E900338B
S3150101AD0883607047034608461BB11B680BB1DB68B4
S3150101AD1818470020704710B5002486B005940C9C8D
S3150101AD2804940B9C03940A9C0294099C0194089C23
S3150101AD380094F7F7F5FE06B010BD10B1006800B131
S3150101AD4800787047CA0448BF41F480618B0448BF43
S3150101AD5841F4006181607047022803D0031F5842FC
S3150101AD685841704701207047012802D0831F584274
S3150101AD785841704710B5044686B000211822684625
S3150101AD88E6F77ADC6946A06800F043FB38B96846FC
S3150101AD98BDF8024000F080FE204606B010BD002431
S3150101ADA8FAE78068F7F700BF37B504460D4610463E
S3150101ADB8694601AAF7F7E4FD28B9DDE90023294621
S3150101ADC82046FEF7A0FA03B030BD10B5A8B0044677
S3150101ADD8FFF7B3FF072820D1A46800211822684686
S3150101ADE8E6F74ADC6946204600F013FB18B1002450
S3150101ADF8204628B010BDBDF80000BDF8021000F4C8
S3150101AE084F43B3F5824F18BF0020C0B201F07FFA54
S3150101AE180446684600F040FEEAE7A0222146684654
S3150101AE2801F0DAFE6846FFF788FF0238022802D8E0
S3150101AE38019B1C78DCE700231B78FFDE10B586B081
S3150101AE480446FFF77AFF07281BD1A46800211822B7
S3150101AE586846E6F711DC6946204600F0DAFA90B948
S3150101AE68BDF80040684600F017FE04F44F43B3F5F8
S3150101AE78824F0AD044F2010324F44050C31A5842BE
S3150101AE88584106B010BD0020FBE70220F9E72DE97C
S3150101AE98F04F002787B080460E46CDE904772AB9D7
S3150101AEA86FF06B04204607B0BDE8F08F0A440392A0
S3150101AEB8024603A8F8F704F8041EF3DB039B9A1B61
S3150101AEC8002AEDDD5A1E651C039231462A4603F80E
S3150101AED8017C03A8FEF78DF9B0F1000A52DB0322C2
S3150101AEE8314603A8FEF7A9F9B0F100094CDB404642
S3150101AEF8FFF7A4FF83464046FFF7A0FF022836D194
S3150101AF084046FFF762FF00F0FB03092B024627D1F2
S3150101AF1804AA05A9FFF74EFE04460028C2D1074631
S3150101AF28049B33B3DDE90432CDE90074314603A844
S3150101AF38FEF7F8F9041EB5DB55444D4425442A4666
S3150101AF48314603A8FEF755F9041EABDB302231461B
S3150101AF5803A8FEF772F9002812DB25444419A1E773
S3150101AF68314603A8FFF720FF041E9BDB2746012470
S3150101AF78D6E7584604AA05A9F7F7EEFC0028D1D069
S3150101AF8804468FE754468DE74C468BE710B50446D0
S3150101AF9808B1F7F7CFFF2046BDE81040FDF7ACBC75
S3150101AFA800F4E040B0F5805F04D0A0F500535842A3
S3150101AFB858417047012070473AB1002918BF00234B
S3150101AFC82121D21A1844E6F7579B70472DE9F74311
S3150101AFD8DDE90A89CDE9008904460D4616461F466B
S3150101AFE8FCF78FFB10F1860F15D13B4632462946F0
S3150101AFF82046CDE90089FDF726F810F1860F0AD119
S3150101B0083B46324629462046CDE90A8903B0BDE8C1
S3150101B018F04300F08DBF03B0BDE8F083434213F05E
S3150101B0287F0314D05F2BC3F1000000F3AC8010F14C
S3150101B0380E0F29DA10F13B0F80F2D38010F13D0F83
S3150101B0487BDA10F1400F08BF6FF093002BE010F582
S3150101B0586E5F00F0E18000F3938010F59C4F76D086
S3150101B0685DDC10F5C44F00F0CB8031DC10F5C74F1C
S3150101B07800F0C9803FDB10F5C64F68D010F5C54F02
S3150101B08839D16FF086007047012300F10E02934012
S3150101B09840F215521342F4D100283FD010F1080F9E
S3150101B0A808BF6FF0890018BF6FF08300704701234D
S3150101B0B800F16C02934041F250521342E1D1DB0790
S3150101B0C800F1B08010F16A0F08BF6FF08C00EAE752
S3150101B0D810F5A24FD5D011DC10F5C14F1CD006DCF5
S3150101B0E810F5C34F00F0958010F5C24FC8E710F56A
S3150101B0F8A34F00F08E806FF08300704710F59E4FC5
S3150101B10800F0908005DC10F5A14F05D010F59F4F91
S3150101B118B6E710F59D4FEED16FF08500704710F532
S3150101B128785F73D01EDC10F5994FAAD008DC10F5AB
S3150101B1389B4F6ED010F59A4FDDD16FF09300704792
S3150101B14810F57E5F65D005DC10F5984FD3D16FF008
S3150101B1589400704720F0800010F57C5F08BF6FF0FE
S3150101B1688600A0E710F5705F56D0C4DC10F5725F52
S3150101B178D2D0C0DC10F5765F83D010F5745F7FE716
S3150101B18810F15F0F29DA10F16C0F90DA10F1700FD7
S3150101B19845D010F16F0F1ADA10F5645FD7D00DDCBF
S3150101B1A810F5685FB8D006DC10F56C5F3FF469AF3E
S3150101B1B810F56A5FAFE710F5665FACE710F5625FF8
S3150101B1C830D010F1720F08BF6FF085006BE710F1EF
S3150101B1D86E0F08BF6FF0960065E700287FF727AF66
S3150101B1E889E710F1200F97D010F11F0F05DA10F139
S3150101B1F8220F91D010F1210FB0E710F1100F63E77B
S3150101B2086FF0950070476FF0960070476FF09100E7
S3150101B21870476FF08C0070476FF0840070476FF0CC
S3150101B228920070476FF08900704741F205239842F1
S3150101B2381AD8B0F5905F09D241F2010398420CD0B0
S3150101B248B0F5885F09D06FF0850070472923A0F50D
S3150101B258905080B2C340DB07F5D511F0070F0CBF3B
S3150101B26800206FF086007047B0F5105FEBD121F031
S3150101B2784003802B06D0B1F5807F0CBF00206FF00B
S3150101B288860070470020704770B5046A05460E4668
S3150101B2983CB90120FDF74EFB286228B120466E62B2
S3150101B2A870BD6FF08A00FBE76FF08C00F8E7F8B51F
S3150101B2B80F46114606461546FFF7E6FF044620B92D
S3150101B2C82A463946306A01F087FC2046F8BD2DE940
S3150101B2D8F14F0C9E8346DDE90A9A88461F461546B3
S3150101B2E80488002A39D02046FFF75AFEE8B13368A7
S3150101B2F80BB9D300336020463168FFF796FF044640
S3150101B30878B90731B5EBD10F21D14D4522D82A4656
S3150101B3184146384601F060FC33680733DB08CAF851
S3150101B3280030204601B0BDE8F08F630415D504F459
S3150101B3384F44B4F5824F10D13B465846CDE90BA689
S3150101B348CDF8289001B0BDE8F04F00F047BD6FF088
S3150101B3588604E6E76FF08904E3E76FF08504E0E721
S3150101B3682DE9F04F456885B02D0A0446DDE90E67DA
S3150101B378894692469B46DDF8408006D0012D18D0B4
S3150101B3886FF0860005B0BDE8F08FCDE9017800962A
S3150101B398FCF781FC10F1860FF4D15B46524649460A
S3150101B3A82046CDE90F780E9605B0BDE8F04FFFF7B7
S3150101B3B88EBFCDE90F780E9605B0BDE8F04FFCF7C3
S3150101B3C896BB10B50446006A10B1616AFFF7DEFD46
S3150101B3D80020C4E9080010BD38B50546FFF7F1FF9D
S3150101B3E82B7E0446012B0ED0023B012B0ED8EB69AD
S3150101B3F8012B18BF6FF09604282200212846E6F78B
S3150101B4083BD9204638BDEB69002BF2E76FF096046C
S3150101B418F2E773B5054608460C4600F03DFB0023E5
S3150101B42828461A4601A9F7F76BFF50B9019E354619
S3150101B4380FCD0FC495E8030084E803003046F8F7F9
S3150101B4489DFC02B070BD2DE9F04704888C46DDE903
S3150101B458087804F4E04EBEF5804F15461E4644F2BF
S3150101B468010E24F440591AD1F14507D004F44F4489
S3150101B478B4F5824F02D0B4F5844F20D1BD421BD811
S3150101B48861462A46304601F0A7FB00217A1B70194D
S3150101B498E6F7F2D80020C8F80050BDE8F087F14573
S3150101B4A80DD004F44F44B4F5824F08D1CDE908789B
S3150101B4B8BDE8F04700F0C0BC6FF08900EDE76FF019
S3150101B4C88500EAE7F0B50F461E46154685B00AB36B
S3150101B4D8002303A91A463360F7F712FF044638B960
S3150101B4E8039803885B0406D4F8F748FC6FF08604D1
S3150101B4F8204605B0F0BDCDE900563B46D0E9081214
S3150101B50800F097FB04460398F8F738FC002C08BFAE
S3150101B5180446EDE76FF08904EAE72DE9F0411F4694
S3150101B528002388B0054688461646CDE904330792B5
S3150101B5383B60002A5ED0B2F1005F5ED205AA04A97A
S3150101B548F7F77EFF0446A0B9049B1A6AAAB1049BC0
S3150101B55841465A882846069206AA029203F124020E
S3150101B56801925A6A00921B6A3246FFF7F9FE0446AE
S3150101B578E8B10498F7F7C6FF32E06B681B0A07D1F1
S3150101B58807990498FFF780FE04460028DFD0F0E703
S3150101B598012B03D007926FF08604EAE7284607A92B
S3150101B5A8079600F07DFA04460028E9D0E1E70498F8
S3150101B5B8069B4288C2B943804FF6F872934216D860
S3150101B5C82B8813B102889A42E5D16B8813B1428857
S3150101B5D89A42E0D13946F7F701FF04460028C8D156
S3150101B5E8204608B0BDE8F0819A42D4D1E4E76FF06C
S3150101B5F88504BEE76FF08604F2E76FF08504EFE78D
S3150101B60870B40024DDE903652C6000F0FE44B4F151
S3150101B618007F04D1CDE9036570BCFFF7D7BC6FF094
S3150101B628860070BC70472DE9F04F456889B02D0A2F
S3150101B6380446DDE91267DDE914899B46CDE906125F
S3150101B648DDF858A006D0012D1CD06FF0860009B08F
S3150101B658BDE8F08FCDE9039ACDE901780096FCF7AB
S3150101B668EEFC10F1860FF2D1DDE906125B462046A2
S3150101B678CDE9159ACDE91378129609B0BDE8F04FCF
S3150101B688F7F7A0BFCDE9159ACDE91378129609B056
S3150101B698BDE8F04FFCF7CDBC2DE9F04F8B46994635
S3150101B6A800238BB0DDF85C800446DDE915A7114658
S3150101B6B85846C8F800301646F7F7E2FD00285AD170
S3150101B6C8002F6AD0BBF1000F2046334614BF4FF451
S3150101B6D880624FF4805209A9F7F712FE0446002841
S3150101B6E83CD1099D2B8803F4E043B3F5E04F51D1D1
S3150101B6F8D5E90812BBF1000F40D06B681B0A0DD0C2
S3150101B708012B1FD0149B2846CDE90093CDE9037877
S3150101B7183346CDF808A0F7F77FFF1EE0149B2846AC
S3150101B728CDE90093CDE903783346CDF808A0CDE9F3
S3150101B7380612FCF782FC10F1860F04460ED1DDE9EB
S3150101B7480612DFE7149B2846CDE90093CDE9037874
S3150101B7583346CDF808A0FCF76AFC04463A46214669
S3150101B7685046D8F80030FFF727FC0998F8F706FB89
S3150101B778002C18BF20460BB0BDE8F08F149B284654
S3150101B788CDE90093CDE903783346CDF808A0FFF753
S3150101B7984AFFE2E76FF08604E0E76FF08900EAE71E
S3150101B7A81FB5089C0394079C0294069CCDE90034B5
S3150101B7B813460A460121FFF76FFF04B010BD1FB5F5
S3150101B7C8089C0394079C0294069CCDE90034134610
S3150101B7D80A460021FFF760FF04B010BD2DE9F04FBD
S3150101B7E8456887B02D0A0446DDE91067DDE9128946
S3150101B7F892469B46059106D0012D1AD06FF0860017
S3150101B80807B0BDE8F08FCDE90289CDE90067FCF7FC
S3150101B81818FC10F1860FF3D15B465246204605996D
S3150101B828CDE91289CDE9106707B0BDE8F04FF7F701
S3150101B8383FBFCDE91289CDE9106707B0BDE8F04FE1
S3150101B848FCF7F9BBF0B5074687B000200C4615464B
S3150101B8581E46F7F715FDD0B923464FF4005238466F
S3150101B86805A9F7F74DFD90B90D9B059803930C9B17
S3150101B8780095CDE901632346D0E90812FFF7AEFF2A
S3150101B88804460598F8F77AFA002C18BF204607B03E
S3150101B898F0BD036819430CBF012000207047F7F773
S3150101B8A8D3BC70B505880446DDE9046228460699C4
S3150101B8B8FFF776FB28B13046BDE870401146F7F728
S3150101B8C8C3BC25F0FF05B5F5E24F06D10B46204667
S3150101B8D83146BDE87040F8F72FB86FF0850070BDA5
S3150101B8E82DE9F04F1F46002389B09046129ACDE9FA
S3150101B8F805331360438805460E46002B00F0C980BF
S3150101B908038803F4E043B3F5804F00F0C28039465A
S3150101B9183046FFF7BEFF002800F0BB80284606AA7D
S3150101B92805A9F7F78DFD814600287FD1059A6C682F
S3150101B938126A82B16B68059C1B0AD4F820A054F8D7
S3150101B94824BF77D0012B00F09D806FF086090598F9
S3150101B958FFF737FD6AE0240A61D1B5F800A06988C5
S3150101B9685046FFF71DFB80B15046FFF75EFC814645
S3150101B97800285BD10AF4E043B3F5805F02D0B3F541
S3150101B988005F0AD10731CC0817E02AF0FF03B3F5A6
S3150101B998E24F37D06FF0850948E00AF44F43B3F512
S3150101B9A8844FEFD047F201039A450FD14908013176
S3150101B9B8C90801EBC10101F13B04079407990598EF
S3150101B9C8FFF762FC81460028B4D02FE044F2010357
S3150101B9D89A4503D1C90801F11004EEE747F20203BA
S3150101B9E89A4505D1C90801EB410101F15A04E4E778
S3150101B9F844F202039A4505D1C90801EB410101F156
S3150101BA084A04DAE72AF0FF00B0F5E24FBAD0B0F5F9
S3150101BA18824F01BFCC1DE40864000134CDE72846F5
S3150101BA2807A900F03DF881460028C7D00598F7F720
S3150101BA3869FD23E02B885B040BD43B46424631461C
S3150101BA482846CDE901B4CDF800A0FFF72AFF8146C2
S3150101BA5809E023465A4651462846FCF7F7F810F1FC
S3150101BA68860F8146E9D00598B9F1000F7FF46FAFCA
S3150101BA781299F7F7B3FC81460028D7D1484609B090
S3150101BA88BDE8F08F23465A4651462846FCF72BF85E
S3150101BA98DDE76FF08609F1E718220021E5F7EC9D4C
S3150101BAA8426870B5120A0588438806D0012A56D01C
S3150101BAB800236FF086000B6022E005F4E042B2F53F
S3150101BAC8805F02D0B2F5005F05D10733DB0840D1AB
S3150101BAD86FF0850014E005F44F42B2F5844F03D1A6
S3150101BAE80733DB080AD1F3E747F20102954208D188
S3150101BAF85B080133DB0803EBC3033B3300200B600F
S3150101BB0870BD44F20102954202D1DB081033F5E713
S3150101BB1847F20202954204D1DB0803EB43035A3388
S3150101BB28ECE744F20202954204D1DB0803EB430335
S3150101BB384A33E3E725F0FF05B5F5E24FD0D0B5F570
S3150101BB48824FC5D10733DB085B000133012BD5D100
S3150101BB58BEE725F0FF05B5F5824FCFD1F6E705F426
S3150101BB68E046DC1DB6F5805F25F0FF024FEAD400F9
S3150101BB7802D0B6F5005F06D100284AD0B2F5824F48
S3150101BB8807D1034640E005F44F46B6F5844F02D185
S3150101BB9890B3C31C32E047F20106B5420DD15B08E9
S3150101BBA80133DB0803EBC3033B330333800723F07C
S3150101BBB8030335D1072C23D132E044F20106B542FC
S3150101BBC802D1DB081033F0E747F20206B54204D188
S3150101BBD8DB0803EB43035A33E7E744F20206B542AE
S3150101BBE804D1DB0803EB43034A33DEE7B2F5E24F3F
S3150101BBF8CED0B2F5824F05D00B68033323F0030388
S3150101BC082C337BE743000133012B00D10B68013B40
S3150101BC18CBE7B2F5824F0B6806D0033323F0030352
S3150101BC28B2F5824FECD102E0023323F00303043368
S3150101BC38E6E72DE9F34745680446DDE90A672D0A72
S3150101BC48884691469A4606D0012D16D06FF0860090
S3150101BC5802B0BDE8F087CDE90067FCF70AF810F1F3
S3150101BC68860FF5D153464A4641462046CDE90A672C
S3150101BC7802B0BDE8F047FFF7E6BBCDE90A6702B0B6
S3150101BC88BDE8F047FBF731BF2DE9F84300F4E04978
S3150101BC98B9F5804F05460C4690461F4612D100F468
S3150101BCA84F43B3F5824F02D1C3B2412B0AD0FB07E9
S3150101BCB805D57B0844B1E21DB3EBD20F05D06FF070
S3150101BCC8860562E03B46F5E7DC0080210120FCF7A9
S3150101BCD831FE064600287ED0FEF77DFE05F44F4368
S3150101BCE8B3F5824F07D1E8B2302859D00DD81228B9
S3150101BCF815D017285CD06FF086043046FEF7ADFEE5
S3150101BD083046FCF7F9FD25463FE04128F3D1B4F564
S3150101BD18807F52D0B4F5E07F0ED0FF2C0BE040F2C4
S3150101BD2809239C4208D036D8B4F5807F04D02FD890
S3150101BD3824F02003C02BDED1214600F0E8FA0146A2
S3150101BD48002843D03046F6F77FFDFFF767F9054628
S3150101BD5800283ED1B9F5804F31D106F168093B4634
S3150101BD68424649463046F6F741FAFFF757F904467E
S3150101BD780028C2D149463046F6F77EFAFFF74EF951
S3150101BD8804460028B9D1089B1E602846BDE8F883F8
S3150101BD98B4F5C07FCFE7B4F5047FACD11C46CBE738
S3150101BDA824F08003B3F5807FC6D0B4F5007FC2E7DE
S3150101BDB8C02CC1D0B4F5807FBDE7FF24BCE73B4663
S3150101BDC8424631463078F6F7EFFCD7E76FF085043E
S3150101BDD893E7044691E76FF08C05D6E77FB51E46D2
S3150101BDE80023039303AB0093054613460A4641888C
S3150101BDF80088FFF749FF0446A0B92888039900F48A
S3150101BE084F42B2F5824F0B6C03D1C2B2412A08BF28
S3150101BE1801330A9A1360099B32460093089BF7F787
S3150101BE2847FD0446039D2846FEF717FE2846FCF7FB
S3150101BE3863FD204604B070BD7FB51E4600230393FA
S3150101BE4803AB0093054613460A4641880088FFF766
S3150101BE581BFF0446D0B92888039D00F44F43B3F567
S3150101BE68824F099B0CBFC0B24FF482403246294624
S3150101BE7808BF40F482400093089BF7F719FD044671
S3150101BE882846FEF7EAFD2846FCF736FD204604B0AA
S3150101BE9870BD036870B505460E46002B45D101F103
S3150101BEA87E43053B062B32D8DFE803F00431311313
S3150101BEB81C222B00041D2046FBF7C6FB2046F4F77E
S3150101BEC85BFC044668BB2E602046BDE87040FFF75F
S3150101BED8A5B8041D2046FBF7B3FB01212046F4F75B
S3150101BEE819FCEEE7041D2046FBF7AAFB0021F5E73D
S3150101BEF8041D2046FBF7A0FB01212046F4F7D8FBD8
S3150101BF08DFE7041D2046FBF797FB0021F5E701F062
S3150101BF18FE46B6F1007F14BF6FF086006FF085000B
S3150101BF2870BD2846F7F744FDCEE76FF08800F7E7BD
S3150101BF382DE9F0430446B9B00E46DDE940890021F1
S3150101BF48174601A8DC221D46E5F796DB2146C9F805
S3150101BF58008001A8FFF79DFF044630B101A8F7F754
S3150101BF6827FD204639B0BDE8F0833A46314601A896
S3150101BF78F7F744FD04460028F0D14B4642462946C7
S3150101BF8801A8F7F75FFD044601A8F7F711FD002C93
S3150101BF9808BF0446E5E7037E022B06D1C3695A1C8D
S3150101BFA803D00133C361002070476FF096007047D3
S3150101BFB803466FF040420846591E914207D338B1EC
S3150101BFC803F1404393428CBF0020012070470120B1
S3150101BFD87047034668B1017E8A1E012A0BD80329D7
S3150101BFE8C26903D1012A01D1FFF7F6B91AB1013A9A
S3150101BFF8DA61002070476FF096007047002070479C
S3150101C008C0B2FF280CBF6FF086000020704737B514
S3150101C0180C4601A90546F7F735FE30B901982560A1
S3150101C02803B0BDE83040F7F7A9BE10F1880F4FF00C
S3150101C038000308BF6FF08B00236003B030BD07B55D
S3150101C04800216A46FBF732FB8C3018BF012003B089
S3150101C0585DF804FB13B500216A460446FBF726FB86
S3150101C0688C3002D1002002B010BD00212046F4F720
S3150101C07863FE014610B16FF09800F4E76A4620465F
S3150101C088FBF714FB8C30EDD0F5E72DE9FF410746A7
S3150101C0981446884600293FD0002A3DD0B2F5005FF3
S3150101C0A83DD202F1240631460120FCF743FC05463F
S3150101C0B8C0B303463A4621464046F7F7B3FE7F69C0
S3150101C0C800243846FFF7BBFF01281FD021462B461E
S3150101C0D8324638460094F4F75FFD0146C8B9384639
S3150101C0E802AAFBF7E3FA044620B9029B9E4205D050
S3150101C0F86FF0980438460021F4F71EFE31462846AA
S3150101C108FEF744FF204604B0BDE8F0816FF08A04CA
S3150101C118F4E76FF09804F1E76FF08604F2E76FF040
S3150101C1288D04EFE76FF08C04ECE7FEF72FBF2DE9DD
S3150101C138F047D0F814A086B081468846174650467E
S3150101C148002104AAFBF7B2FA044610BB049E01209A
S3150101C1583146FCF7EFFB0546002837D02146504604
S3150101C16804AA0394FBF7A2FA044670B903AB024683
S3150101C1782146CDE9005350463346F4F781FD039B29
S3150101C18804469E4209D06FF0980431462846FEF7C7
S3150101C198FDFE204606B0BDE8F0870028F5D13B46ED
S3150101C1A8424631462846CDF80090F7F759FE04462E
S3150101C1B80028EAD1D8F800302BB13B68002B08BF1B
S3150101C1C86FF09104E1E76FF09104DEE76FF08C04FB
S3150101C1D8DFE773B50C46164602783AB19A1BA242B5
S3150101C1E80BDA6FF06B05284602B070BD013C00F110
S3150101C1F80100F1D16FF06705F5E71B1B22460146E0
S3150101C2081846019300F0E8FC90F90020002A08DAA3
S3150101C218821B002AE5DD421E01920022013400F843
S3150101C228012C2246314601A8FCF7E3FF051EDADB9C
S3150101C2380222314601A8FDF700F8002802DB254450
S3150101C2480544D0E70546CEE72DE9F34106461746EB
S3150101C2581D46009001440223684601AAFCF749FFDD
S3150101C26818B9019B23B96FF0670002B0BDE8F081E7
S3150101C278009A92F9000011780028F4DB71B1DDF812
S3150101C2880480A845EFD8009CA5EB08002146424643
S3150101C2983844444400F0A0FCA01BE6E7511C013BCD
S3150101C2A800910193002BEAD05378002BE7D1DAE705
S3150101C2B810F1860F13D010F1850F0BDA20F0020366
S3150101C2C893330FD010F1970F0CBF6FF06D004FF03C
S3150101C2D8FF307047003818BF0120404270476FF0A0
S3150101C2E8710070476FF06F00704730B400249442B3
S3150101C2F801D130BC184731F92450854201D00134A6
S3150101C308F5E701EB8401B1F9020030BC7047122847
S3150101C31805D1B1F5807F0CBF0320002070470020AD
S3150101C3287047084608B51146FFF7B9FA002818BF3C
S3150101C3386FF03B0008BDF0B593B0189C0730C608ED
S3150101C3481C44B2EB460F0F461D4601943DD1B0F58B
S3150101C358847F3DD2324602A800F03EFC3246B91925
S3150101C3680AA800F039FC23462A4631460AA8FFF7EE
S3150101C37830FF041E26DB019B2A461B1B314602A8F8
S3150101C3880193FFF726FF2746041E1BDB019B274462
S3150101C3981B1B3A46294601A80193FCF72AFF041EED
S3150101C3A810DB3022294601A8FCF747FF002812DBDA
S3150101C3B83C44044422462846019900F00FFD199B85
S3150101C3C81C600024204613B0F0BD6FF06704F9E73D
S3150101C3D86FF06B04F6E70446F4E72DE9F04393B0F1
S3150101C3E8994607301A9BC508B3EB450F0E46904689
S3150101C3F800914FEA450737D3402F35D83023684690
S3150101C40801AA4144FCF775FE044648BB01463A4672
S3150101C41802A8E5F731D9DDE900012B4602AAFFF7A2
S3150101C42813FF031E23DB0098019902AA1844C91AAE
S3150101C4382A442B4600900191FFF706FF051E18DBDA
S3150101C448009B019A2B4400939B1B521B4345019266
S3150101C45811D13A46484602A900F0BEFB1B9B1F6053
S3150101C468204613B0BDE8F0836FF06B04F8E71C466C
S3150101C478F6E72C46F4E76FF06504F1E76FF01B0068
S3150101C4887047704703463038C2B2092A0FD9A3F15A
S3150101C4986102052A02D8A3F157007047A3F14102A7
S3150101C4A8052A02D8A3F1370070474FF0FF307047CC
S3150101C4B810B504460078FFF7E5FF01466078FFF7F6
S3150101C4C8E1FF4A1C04D0431C0CBF014640EA011195
S3150101C4D8084610BD2DE9F34706460F4690464FF02B
S3150101C4E80009B8F1000F14D14A4639463046FCF71E
S3150101C4F880FE041E09DB302239463046FCF79DFED3
S3150101C50800284BDBA14400EB0904204602B0BDE833
S3150101C518F087D8F81030D8E901A500933946304695
S3150101C528D8F81430D8F80C20FCF738FF041EECDBD8
S3150101C5382A46534639463046FCF7E5FE051E2BDBEE
S3150101C54825442A4639463046FCF753FEB0F1000A1E
S3150101C55820DB302239463046FCF76FFE041ED4DB58
S3150101C568AA44A244524639463046FCF742FE051E04
S3150101C57812DB312239463046FCF75FFE041EC4DB65
S3150101C58805EB0A032344002B1C46BEDBD8F81880A9
S3150101C5989944A6E75446B8E72C46B6E70446B4E7F4
S3150101C5A82DE9F74F064600680F4688429046994697
S3150101C5B80D9C05D26FF06B05284603B0BDE8F08FD7
S3150101C5C8431AA342F6D3001B22460C99306000F0A8
S3150101C5D803FB3368DA1B002AECDD4FF0000B5A1E08
S3150101C5E80134326039462246304603F801BCFCF76C
S3150101C5F800FE051EE0DB032239463046FCF71DFE27
S3150101C608B0F1000A12DB9DF838304246043B18BFE7
S3150101C61801233946CDE900B330464B46FCF782FE84
S3150101C628002805DB2C4454440519C5E75546C3E7DB
S3150101C6380546C1E72DE9F84F0746884616464FF0E4
S3150101C64800091EB94C462046BDE8F88FD6E90432E1
S3150101C65841463846013B0132FCF73CFE041EF2DB3A
S3150101C668326941463846013AFCF7C3FDB0F1000A81
S3150101C67848DB042241463846FCF7DFFD051E3DDB52
S3150101C6887369A2441B7855443BB101224146384698
S3150101C698FCF76BFE041ED6DB25444146D6E9013279
S3150101C6A83846FCF717FEB0F1000B29DB414638463F
S3150101C6B87268FCF79EFDB0F1000A23DB06224146AA
S3150101C6C83846FCF7BAFD041EBDDB5D4455442544D5
S3150101C6D82A4641463846FCF78CFDB0F1000A11DBC2
S3150101C6E8302241463846FCF7A8FD041EABDBAA44B5
S3150101C6F814EB0A04A7D4B669A144A2E72C46A2E71A
S3150101C7085C46A0E754469EE710220021E4F7B49F50
S3150101C71810B5044660B10430FCF747FD04F10C007D
S3150101C728FCF743FD2046BDE810401021F6F702BC8F
S3150101C73810BD01727047016070470430F7F72ABCD2
S3150101C7480369C26893429CBF81685B18013B981AC9
S3150101C75870472DE9F041D0E902840546A8EB0406A4
S3150101C7684068964220440F46144404D900F034FA2D
S3150101C778EC60BDE8F0813246A4EB080400F02CFA1E
S3150101C78822466868B919F1E72DE9F843064689464B
S3150101C79817464FF00008C5683369B4689D4228BF3A
S3150101C7A81B19641BBC4228BF3C46013B5B1B9C42CF
S3150101C7B828BF1C46706849462844224600F00CFAEF
S3150101C7C8B3682544AB4208BF00253F1BA044A144D9
S3150101C7D8F560E1D14046BDE8F88310B50B46EFF3A4
S3150101C7E811844FF0200181F311881946F7F792FE5A
S3150101C7F884F3118810BD10B5EFF7AAF90446F8F7C5
S3150101C808A7FF2046EFF7B4F9FBE770470020704709
S3150101C81870477047704770477047704708B5F0F71A
S3150101C82871FFFBF7EBFDF0F763FFBDE80840F2F78F
S3150101C8385BBF7047E4F7709F08B5F1F733F8F1F775
S3150101C848C5F8BDE80840F9F778BC08B5F9F773FCEE
S3150101C858F3F7B8FFF6F7AAFFF3F72EF9F4F7BAFFDC
S3150101C868FBF711FDF4F74AFEBDE80840F7F764BF87
S3150101C8787047704708B5FCF7B5FAF7F741FFFCF7BA
S3150101C888DEFA00B908BDFCF7ACFAF8E70B46014632
S3150101C8981846F8F7D9BAFCF7BDB99368013B002BDD
S3150101C8A8936010B408DA9469A34201DB0A2903D11A
S3150101C8B85DF8044B00F01AB81368581C1060084655
S3150101C8C819705DF8044B7047F8B506460F461446CC
S3150101C8D8D518AC4201D1002007E03A4614F8011BEC
S3150101C8E83046FFF7DAFF431CF3D1F8BDF8B50E461A
S3150101C8F81446054618B1036A0BB9F8F73FFBA36954
S3150101C908A360A3891A0701D5236943B92146284694
S3150101C918F8F708F918B14FF0FF373846F8BD23681B
S3150101C928F6B222693746981A6369834205DC2146BC
S3150101C938284600F01BF90028EDD1A368013BA36045
S3150101C94823685A1C22601E70431C62699A4204D0EC
S3150101C958A389DB07E1D50A2EDFD12146284600F056
S3150101C96805F90028D9D0D6E7C9B20346184613F8FE
S3150101C978012B12B18A42F9D17047002918BF00204B
S3150101C98870472DE9F047164698468A6807460B69A6
S3150101C9980C46DDF820909342B8BF1346336091F8EF
S3150101C9A843200AB1013333602368990642BF3368CC
S3150101C9B802333360256815F0060506D104F1190A13
S3150101C9C8E36832689B1AAB422BDC94F84330226840
S3150101C9D8003B18BF0123920630D404F143024146B4
S3150101C9E83846C847013023D023681A3454F80A2C2B
S3150101C9F803F00603042B0ABF54F80E5C00253368BD
S3150101CA084FF0000608BFED1A54F8123C08BF25EA93
S3150101CA18E5759342C4BF9B1AED18B5421AD1002098
S3150101CA2808E00123524641463846C847013003D139
S3150101CA384FF0FF30BDE8F0870135C1E7E1185A1C0F
S3150101CA4830200233224481F8430094F8451082F8D4
S3150101CA584310C2E70123224641463846C8470130F9
S3150101CA68E6D00136D9E7B1F90C202DE9F0411707CE
S3150101CA7805460C4656D44B68002B02DC0B6C002B81
S3150101CA883DDDE66A002E3AD0002312F480522F6862
S3150101CA98216A2B6025D0626DA389580705D563687C
S3150101CAA8D21A636B0BB1236CD21A216A0023E66A87
S3150101CAB82846B047411C24D00023636023692360BB
S3150101CAC8A389DA0400D56065616B2F60B9B104F1F8
S3150101CAD84403994202D02846FCF7AFF80023636361
S3150101CAE80DE001232846B047461C0246D4D12B68DE
S3150101CAF8002BD1D01D2B01D0162B2AD12F60002056
S3150101CB082EE02A68B4F90C3042B11D2A01D0162A41
S3150101CB1821D10023636023692360D5E76260226915
S3150101CB282260CEE70F69002FE9D093070E680F60DF
S3150101CB380CBF4B690023A6EB07088B60B8F1000F00
S3150101CB48DDDD43463A46216A2846A66AB0470028EA
S3150101CB5808DCB4F90C3043F040034FF0FF30A381F0
S3150101CB68BDE8F0810744A8EB0008E7E738B50B698A
S3150101CB7805460C4613B90025284638BD18B1036A7E
S3150101CB880BB9F8F7FBF9B4F90C30002BF3D0626E47
S3150101CB98D00704D4990502D4A06D00F03AF92846C4
S3150101CBA82146FFF760FF636E0546DA07E4D4A389D8
S3150101CBB89B05E1D4A06D00F02DF9DDE7C9B2034665
S3150101CBC8024410B59342184601D1002003E00478C6
S3150101CBD801338C42F6D110BD0A44431E914200D15C
S3150101CBE8704710B511F8014B914203F8014FF9D17C
S3150101CBF810BD062008B5F8F745FB0120F9F7A9FA92
S3150101CC0810B56AB10139841810F8012B11F8013FE1
S3150101CC189A4203D1A04201D0002AF5D1D01A10BDFA
S3150101CC281046FCE70139034610B532B111F8014F37
S3150101CC38013A03F8014B002CF7D11A44002193421A
S3150101CC4800D110BD03F8011BF9E770B50D4614466D
S3150101CC58064618B1036A0BB9F8F790F9636ED90755
S3150101CC6805D4A3899A0502D4A06D00F0D2F8A38947
S3150101CC781B0701D5236973BB21463046F7F752FFD6
S3150101CC8848B3636EDA0702D4A3899B0529D54FF008
S3150101CC98FF3013E0A368013B002BA3600FDB236878
S3150101CCA85A1C2260197015F8011F0029F2D1636E09
S3150101CCB8D80702D4A38999050FD5002070BDA269A9
S3150101CCC8934201DB0A29EAD122463046FFF70EFED5
S3150101CCD80130E8D1D5E7013DE5E7A06D00F09AF805
S3150101CCE8EBE7A06D00F096F8D1E7034613F8012B9F
S3150101CCF8002AFBD1181A0138704710B50C46B1F94B
S3150101CD080E10F8F7FBFA0028ABBF636DA3891B1850
S3150101CD1823F48053ACBF6365A38110BD2DE9F041AE
S3150101CD281F468B8905460C46DB05164605D50223A2
S3150101CD380022B1F90E10F8F7CFFAA3893246B4F9F0
S3150101CD480E10284623F48053A3813B46BDE8F041E2
S3150101CD58F8F77AB910B50C46B1F90E10F8F7BCFA1D
S3150101CD68431CA38915BF606523F4805343F480539B
S3150101CD78A38118BFA38110BDB1F90E10F8F772BAD4
S3150101CD882DE9F8430746884614460026D4E9019554
S3150101CD98B9F1010905D52468002CF7D13046BDE85A
S3150101CDA8F883AB89012B07D9B5F90E30013303D0C5
S3150101CDB829463846C04706436835E9E70139024439
S3150101CDC810B5904201D1002005E0037811F8014F11
S3150101CDD8A34201D0181B10BD0130F2E7884210B5F4
S3150101CDE801EB020402D98442234607D8431EA14214
S3150101CDF808D011F8012B03F8012FF8E7024401467F
S3150101CE088A4200D110BD13F8014D02F8014DF7E729
S3150101CE1870477047704770B50C46B1F90E1096B058
S3150101CE28154600291E460CDAA389002113F0800F45
S3150101CE3814BF40234FF48063002031602B6016B084
S3150101CE4870BD6A46F8F726FA0028EDDB019901F467
S3150101CE587041A1F50053594259414FF48063EBE7FB
S3150101CE688B89F7B59D0706460C4607D504F1470395
S3150101CE78236023610123636103B0F0BD01AB6A46F7
S3150101CE88FFF7C9FF009F054630463946FBF7D2FE33
S3150101CE9848B9B4F90C309A05EED423F0030343F0EB
S3150101CEA80203A381E2E7A389206043F08003A381FA
S3150101CEB8019BC4E904075BB1B4F90E103046F8F7D2
S3150101CEC8FBF928B1A38923F0030343F00103A381E5
S3150101CED8A3891D43A581CFE72DE9F0471F468E6832
S3150101CEE882460C46BE4290460B682DD8B1F90C20F4
S3150101CEF812F4906F26D06569096905EB4505A3EB1F
S3150101CF0801097B1C05EBD5754B446D109D4238BF54
S3150101CF181D46530527D52946FBF78CFE064660B300
S3150101CF284A462169FFF758FEA38923F4906343F022
S3150101CF388003A38126614E446561A5EB0905266037
S3150101CF483E46A560BE4200D93E4632464146206864
S3150101CF58FFF744FFA36800209B1BA36023683344A2
S3150101CF682360BDE8F0872A46FBF76AFE06460028D4
S3150101CF78E0D121695046FBF760FE0C234FF0FF30E3
S3150101CF88CAF80030A38943F04003A381E9E71F29C1
S3150101CF9838B505460C4604D9162303604FF0FF3010
S3150101CFA838BDC26B12B152F821304BB9284600F08F
S3150101CFB816F8224601462846BDE83840F8F7B0B9C1
S3150101CFC8012B0AD0591C03D1162303600120E7E777
S3150101CFD80021204642F8241098470020E0E7F9F796
S3150101CFE8BBB80000000000000000000000000000BE
S3150101CFF80000000000000000F8B500BFF8BC08BC3D
S3150101D0089E467047F8B500BFF8BC08BC9E467047F6
S3150101D0184D61747465722044657669636500434E92
S3150101D0283D25732C20312E332E362E312E342E31B9
S3150101D0382E33373234342E322E313D253034582CA5
S3150101D04820312E332E362E312E342E312E333732D0
S3150101D05834342E322E323D25303458000102040073
S3150101D0680000000000000000B75701014F590101F6
S3150101D078DDBE00010000000000000000B5570101F6
S3150101D08817590101F9BB0001AB57010129BD00017E
S3150101D09879BC00016DBD0001B9570101000000000D
S3150101D0A800000000B357010125590101A7570101E4
S3150101D0B8AB57010129BD000179BC000181BE0001FF
S3150101D0C8075801010000000000000000B1570101E5
S3150101D0D8335901010B590101AB57010129BD000161
S3150101D0E879BC0001FDBD00010758010100000000DE
S3150101D0F800000000AF57010141590101A75701017C
S3150101D108AB57010129BD000179BC0001E9BD000147
S3150101D11807580101252E3473252E3273252E3273B4
S3150101D12800496E76616C6964206D616E756661632D
S3150101D138747572696E6720646174653A2025730096
S3150101D14875574677717567444E476945636B2F7005
S3150101D1586F374B4877774D7777715A674E31305824
S3150101D168757942616A504775797A5545562F6972BB
S3150101D1786565346C4F72616F354775776E6C5136DB
S3150101D18835434A7A62655542343973333145482BF9
S3150101D1984E456B67304A5649354D474351474D4DC3
S3150101D1A8542F535250464E524F446D3377482F4DA3
S3150101D1B84269656875466336464A2F4E4836526D49
S3150101D1C87A773D3D005531424253305579554342AF
S3150101D1D84C5A586B675532467364413D3D00256487
S3150101D1E800303030303030303000000000000000AF
S3150101D1F8000000004B5B0101FB5B0101B15A010112
S3150101D208D95A01015D5B0101FB5A010115C10001F1
S3150101D218215C0101475B0101475B010105C300016E
S3150101D22815C60001C5CA0001E9CA000115CB0001ED
S3150101D23839CB000165CB000189CB0001ADCB0001DA
S3150101D248D1CB0001F5CB00011DCC000181C1000143
S3150101D2588DC20001ADCC000111CD0001C95D0101ED
S3150101D26881C5000115C50001D55D010161CD000129
S3150101D27879CD000191CD0001F1CD00010DCF00015C
S3150101D2880B5E0101E5CE0001A1CC0001C15D0101E1
S3150101D298FCFFFFFF000000004D5B0101095C010174
S3150101D2A8695D0101615D0101795D0101715D01013E
S3150101D2B8915D0101895D0101815D0101595D0101EE
S3150101D2C8EB5B01015D5C0101995D0101A15D010153
S3150101D2D8F35B0101975A01019B5A01019F5A010109
S3150101D2E8A35A0101AB5A010105C10001F4FFFFFF70
S3150101D2F800000000595B01010F5C0101B15D0101EB
S3150101D308A95D0101B95D01016B5C0101635C010163
S3150101D318CD5D0101C55D0101F0FFFFFF00000000C0
S3150101D328555B0101155C0101E35D0101DB5D01014C
S3150101D338F35D0101EB5D0101FB5D0101ECFFFFFFFE
S3150101D34800000000515B01011B5C0101135E010133
S3150101D358035E01010F5E0101040004002D002D0089
S3150101D36800112233445566778899AABBCCDDEEFFB5
S3150101D3780000000000000000455D0101475D010153
S3150101D388E9C900016DC900013D5D01013D5D01016B
S3150101D3983D5D01013D5D0101415D0101415D010105
S3150101D3A8B9C9000185C9000125732C20616464721C
S3150101D3B83A3078253036782B253033752C20736928
S3150101D3C87A653A257500544553545F564552534972
S3150101D3D84F4E0076616C7565203C3D206B4D617839
S3150101D3E84469736372696D696E61746F7256616CB2
S3150101D3F875650025733A25642066616C73653A2063
S3150101D408256C780047657443657274696669636159
S3150101D41874696F6E4465636C61726174696F6E00DC
S3150101D42847657450726F6475637441747465737476
S3150101D4386174696F6E496E7465726D65646961744B
S3150101D4486543657274004765744465766963654128
S3150101D45874746573746174696F6E4365727400538C
S3150101D46869676E5769746844657669636541747459
S3150101D4786573746174696F6E4B65792C206B696488
S3150101D4883A25752C206D73675F73697A653A257537
S3150101D4982C207369675F73697A653A25752C20654E
S3150101D4A872723A307825303278002D000000494EE3
S3150101D4B80000424C45004D4C0000534D0000454DBE
S3150101D4C80000544C560041534E0043520000435448
S3150101D4D84C00414C00005343000042445800444D5E
S3150101D4E84700444300004444000045434800465070
S3150101D4F800004E500000534400005350000053579A
S3150101D5085500465300005453000048420000435356
S3150101D5184C0045564C0053505400544F4F005A4342
S3150101D5284C0053480000444C000053504C005356DC
S3150101D538520044495300494D0000545354004F5376
S3150101D548530041544D0043534D004943440046534A
S3150101D55800005041460043414D004A460000414200
S3150101D5684F52543A20636869703A3A506C6174664D
S3150101D5786F726D3A3A257328292063616C6C65646B
S3150101D588206265666F726520636869703A3A506C04
S3150101D5986174666F726D3A3A4D656D6F7279496E4E
S3150101D5A8697428290A0041424F52543A206368692D
S3150101D5B8703A3A506C6174666F726D3A3A4D656D9F
S3150101D5C86F7279496E697428292063616C6C656487
S3150101D5D82074776963652E0A004D656D6F7279410D
S3150101D5E86C6C6F63004D656D6F7279467265650086
S3150101D5F84661696C656420746F20696D706F727418
S3150101D6082061206B6579206572726F723A256C64A7
S3150101D6180A000000000000000000000000000000F0
S3150101D62800000000000000000000000000000000EA
S3150101D63800000000000000000000000000000000DA
S3150101D64800000000000000000000000000000000CA
S3150101D65800000000000000000000000000000000BA
S3150101D66800000000000000000000000055D2000182
S3150101D678C1600101C5600101C9600101E3600101E0
S3150101D68831D20001F3600101CD600101CF600101D1
S3150101D698D3600101D760010191D20001A5D2000130
S3150101D6A8DDD20001DB600101DD600101DF600101FD
S3150101D6B8E1600101F760010149D2000179D2000156
S3150101D6C813B779FAC925DDB7ADF3CFE0F1B614B8C9
S3150101D6D80102000000000000FFFFFFFF100000002B
S3150101D6E80100000000000000000000000000000029
S3150101D6F8000000000000000000000000000000001A
S3150101D7080000000000000000000000000000000009
S3150101D7180FFF7F0005F70001C96A010169F70001D9
S3150101D728B5F70001B36B0101456B0101236B0101DA
S3150101D738EB6A0101776B0101496B0101ED6A01018F
S3150101D7482C00000002020203000000C1059ED83622
S3150101D7587CD5073070DD17F70E5939FFC00B3168D3
S3150101D76858151164F98FA7BEFA4FA4006A09E6672D
S3150101D778BB67AE853C6EF372A54FF53A510E527FE2
S3150101D7889B05688C1F83D9AB5BE0CD1900CBBB9D8B
S3150101D7985DC1059ED8629A292A367CD50791590118
S3150101D7A85A3070DD17152FECD8F70E59396733261C
S3150101D7B867FFC00B318EB44A8768581511DB0C2EE9
S3150101D7C80D64F98FA747B5481DBEFA4FA4006A092A
S3150101D7D8E667F3BCC908BB67AE8584CAA73B3C6E3D
S3150101D7E8F372FE94F82BA54FF53A5F1D36F1510EEA
S3150101D7F8527FADE682D19B05688C2B3E6C1F1F8338
S3150101D808D9ABFB41BD6B5BE0CD19137E21790014C0
S3150101D8181C20304067452301EFCDAB8998BADCFE60
S3150101D82810325476C3D2E1F0000000000000000076
S3150101D8380000000000000000000000008D92929295
S3150101D8488C928BFFFFFFFF00000000FFFFFFFFFF28
S3150101D858FFFFFFBCE6FAADA7179E84F3B9CAC2FC5E
S3150101D868632551005F00000002000000140000005A
S3150101D8781A00000072747400F4DC01010000000052
S3150101D8880000000000000000000000000010000078
S3150101D8983700000000000000000000000000000140
S3150101D8A8FFFFFFFFFFFFFFFFFFFFFFFFFFFFFFFF78
S3150101D8B8FFFFFFFFFFFFFFFFFFFFFFFF0000000262
S3150101D8C8FFFFFFFFFFFFFFFFFFFFFFFFFFFFFFFF58
S3150101D8D8FFFFFFFFFFFFFFFFFFFFFFFF0000000440
S3150101D8E801000000060000001CD90101000000002A
S3150101D8F8250780000516010120000000100000001F
S3150101D90810000000200000000000000001000000D6
S3150101D9180000000011000000110800001128000094
S3150101D92800000000410000000100000001000000A4
S3150101D93801000000000000007CD901016CD9010138
S3150101D948D500800000000000000000000000000072
S3150101D9581000000000000000010000001000000096
S3150101D96801000000000000000000000000000000A6
S3150101D97800000000160000001610000036300000F5
S3150101D988000000004600000006000000C600000075
S3150101D998200600000002000000040000400000000B
S3150101D9A880000000400000009000000029160101D6
S3150101D9B8100600000002000000040000300000000B
S3150101D9C880000000400000009000000029160101B6
S3150101D9D80806000000020000000400002000000003
S3150101D9E8400000002000000048000000291601013E
S3150101D9F80406000000020000000400001C000000EB
S3150101DA08400000002000000048000000291601011D
S3150101DA1802060000000200000004000014000000D4
S3150101DA284000000014000000480000002916010109
S3150101DA381300000063000000A300000003000000BA
S3150101DA4849444C4500546D725100546D7220537608
S3150101DA58630073656370323536723100030017004E
S3150101DA68000100005ADA010100000000000000006F
S3150101DA7800000000512563FCC2CAB9F3849E17A7A9
S3150101DA88ADFAE6BCFFFFFFFFFFFFFFFF0000000045
S3150101DA98FFFFFFFFF551BF376840B6CBCE5E316B4D
S3150101DAA85733CE2B169E0F7C4AEBE78E9B7F1AFEC8
S3150101DAB8E242E34F96C298D84539A1F4A033EB2D3A
S3150101DAC8817D0377F240A463E5E6BCF847422CE180
S3150101DAD8F2D1176B4B60D2273E3CCE3BF6B053CC05
S3150101DAE8B0061D65BC86987655BDEBB3E7933AAA90
S3150101DAF8D835C65AFFFFFFFFFFFFFFFFFFFFFFFFF5
S3150101DB080000000000000000000000000100000004
S3150101DB18FFFFFFFF0100000048DB010100000000D3
S3150101DB280000000045DB010142DB01013FDB010188
S3150101DB383CDB01010B40800A3080092040081C406A
S3150101DB480514402A864886F70D020700686D616348
S3150101DB585348413100484D41432D5348412D310028
S3150101DB682A864886F70D020800686D6163534841A4
S3150101DB7832323400484D41432D5348412D32323416
S3150101DB88002A864886F70D020900686D61635348C4
S3150101DB984132353600484D41432D5348412D3235E1
S3150101DBA836002A864886F70D020A00686D616353B5
S3150101DBB8484133383400484D41432D5348412D33AB
S3150101DBC83834002A864886F70D020B00686D6163B1
S3150101DBD853484135313200484D41432D5348412D72
S3150101DBE8353132002B0E03021A0069642D736861FF
S3150101DBF831006086480165030402040069642D73D6
S3150101DC086861323234006086480165030402010005
S3150101DC1869642D736861323536006086480165038A
S3150101DC280402020069642D73686133383400608621
S3150101DC38480165030402030069642D73686135317E
S3150101DC4832002B0E03020700646573434243004405
S3150101DC5845532D434243002A864886F70D0307009B
S3150101DC686465732D656465332D63626300444553A9
S3150101DC782D454445332D43424300608648016503DA
S3150101DC88040102006165733132382D636263004113
S3150101DC9845533132382D43424300608648016503B5
S3150101DCA8040116006165733139322D6362630041DE
S3150101DCB845533139322D4342430060864801650394
S3150101DCC804012A006165733235362D6362630041A9
S3150101DCD845533235362D434243002A8648CE3D0304
S3150101DCE80107002A864886F70D0101010072736151
S3150101DCF8456E6372797074696F6E00525341002AD9
S3150101DD088648CE3D02010069642D65635075626CD2
S3150101DD1869634B65790047656E6572696320454399
S3150101DD28206B6579002B8104010C0069642D6563FB
S3150101DD384448004543206B657920666F7220454347
S3150101DD484448002A8648CE3D04010065636473612F
S3150101DD582D776974682D5348413100454344534130
S3150101DD6820776974682053484131002A8648CE3D97
S3150101DD780403010065636473612D776974682D5322
S3150101DD884841323234004543445341207769746826
S3150101DD9820534841323234002A8648CE3D040302D3
S3150101DDA80065636473612D776974682D534841323F
S3150101DDB835360045434453412077697468205348F1
S3150101DDC841323536002A8648CE3D04030300656390
S3150101DDD86473612D776974682D534841333834006A
S3150101DDE84543445341207769746820534841333880
S3150101DDF834002A8648CE3D040304006563647361D1
S3150101DE082D776974682D53484135313200454344AC
S3150101DE18534120776974682053484135313200618D
S3150101DE286E79506F6C69637900416E7920506F6C18
S3150101DE38696379002B060105050703010069642D4C
S3150101DE486B702D7365727665724175746800544CF1
S3150101DE585320576562205365727665722041757440
S3150101DE6868656E7469636174696F6E002B060105D5
S3150101DE78050703020069642D6B702D636C69656E74
S3150101DE88744175746800544C532057656220436C7C
S3150101DE9869656E742041757468656E746963617428
S3150101DEA8696F6E002B060105050703030069642DD9
S3150101DEB86B702D636F64655369676E696E6700439D
S3150101DEC86F6465205369676E696E67002B060105E4
S3150101DED8050703040069642D6B702D656D61696C15
S3150101DEE850726F74656374696F6E00452D6D616952
S3150101DEF86C2050726F74656374696F6E002B06012D
S3150101DF0805050703080069642D6B702D74696D6534
S3150101DF185374616D70696E670054696D6520537438
S3150101DF28616D70696E67002B060105050703090016
S3150101DF3869642D6B702D4F4353505369676E696E32
S3150101DF4867004F435350205369676E696E67002B0B
S3150101DF580601040182E425010069642D6B702D77A0
S3150101DF686973756E2D66616E2D64657669636500E3
S3150101DF7857692D53554E20416C6C69616E63652055
S3150101DF884669656C642041726561204E6574776FD7
S3150101DF98726B202846414E2900551D130069642DCF
S3150101DFA863652D6261736963436F6E737472616927
S3150101DFB86E747300426173696320436F6E73747281
S3150101DFC861696E747300551D0F0069642D63652DB2
S3150101DFD86B6579557361676500551D250069642D62
S3150101DFE863652D6578744B65795573616765004578
S3150101DFF87874656E646564204B657920557361672C
S3150101E0086500551D110069642D63652D7375626A75
S3150101E018656374416C744E616D65005375626A6519
S3150101E028637420416C74204E616D650060864801F8
S3150101E03886F84201010069642D6E65747363617026
S3150101E048652D6365727474797065004E65747363C1
S3150101E05861706520436572746966696361746520D7
S3150101E0685479706500551D200069642D63652D631A
S3150101E07865727469666963617465506F6C69636910
S3150101E08865730043657274696669636174652050D5
S3150101E0986F6C696369657300551D0E0069642D63AB
S3150101E0A8652D7375626A6563744B65794964656E35
S3150101E0B8746966696572005375626A656374204B92
S3150101E0C86579204964656E74696669657200551DCD
S3150101E0D8230069642D63652D617574686F726974AE
S3150101E0E8794B65794964656E74696669657200413A
S3150101E0F87574686F72697479204B6579204964650D
S3150101E1086E746966696572005504030069642D6157
S3150101E118742D636F6D6D6F6E4E616D6500436F6D25
S3150101E1286D6F6E204E616D6500434E005504060004
S3150101E13869642D61742D636F756E7472794E616DA3
S3150101E1486500436F756E7472790055040700696439
S3150101E1582D61742D6C6F63616C697479004C6F6301
S3150101E168616C697479005504080069642D61742D1F
S3150101E1787374617465005374617465005354005571
S3150101E188040A0069642D61742D6F7267616E697A7B
S3150101E1986174696F6E4E616D65004F7267616E6973
S3150101E1A87A6174696F6E004F0055040B0069642D1D
S3150101E1B861742D6F7267616E697A6174696F6E61D7
S3150101E1C86C556E69744E616D65004F726720556EA7
S3150101E1D86974004F55002A864886F70D0109010021
S3150101E1E8656D61696C4164647265737300452D6D72
S3150101E1F861696C2061646472657373005504050075
S3150101E20869642D61742D73657269616C4E756D62F0
S3150101E21865720053657269616C206E756D6265720E
S3150101E228005504100069642D61742D706F73746152
S3150101E2386C4164647265737300506F7374616C2009
S3150101E24861646472657373005504110069642D6113
S3150101E258742D706F7374616C436F646500506F73CD
S3150101E26874616C20636F6465005504040069642D4B
S3150101E27861742D7375724E616D65005375726E61A8
S3150101E2886D6500534E0055042A0069642D61742D8C
S3150101E298676976656E4E616D6500476976656E20BB
S3150101E2A86E616D6500474E0055042B0069642D6149
S3150101E2B8742D696E697469616C7300496E69746953
S3150101E2C8616C730055042C0069642D61742D6765B1
S3150101E2D86E65726174696F6E5175616C696669659E
S3150101E2E8720047656E65726174696F6E2071756139
S3150101E2F86C69666965720055040C0069642D61745F
S3150101E3082D7469746C65005469746C650055042E25
S3150101E3180069642D61742D646E5175616C69666954
S3150101E32865720044697374696E67756973686564B2
S3150101E338204E616D65207175616C6966696572004A
S3150101E3485504410069642D61742D70736575646F97
S3150101E3586E796D0050736575646F6E796D000992FA
S3150101E368268993F22C6401010069642D756964009B
S3150101E37855736572204964000992268993F22C64C2
S3150101E38801190069642D646F6D61696E436F6D7062
S3150101E3986F6E656E7400446F6D61696E20636F6D92
S3150101E3A8706F6E656E740044430055042D006964EF
S3150101E3B82D61742D756E697175654964656E74692A
S3150101E3C86669657200556E69717565204964656E80
S3150101E3D87469666965720000E2DC010108000000E2
S3150101E3E85ADA01015ADA01010300000000000000AE
S3150101E3F8000000000000000000000000000000000D
S3150101E408EBDC010109000000F5DC010103DD010175
S3150101E4180100000007DD0101070000000FDD010110
S3150101E4281EDD0101020000002DDD010105000000CC
S3150101E43833DD01013BDD010103000000000000009D
S3150101E44800000000000000000000000000000000BC
S3150101E4584BDD01010700000053DD010163DD010107
S3150101E4680504000073DD0101080000007CDD0101DE
S3150101E4788EDD010108040000A0DD0101080000008C
S3150101E488A9DD0101BBDD010109040000CDDD0101A1
S3150101E49808000000D6DD0101E8DD01010A040000DA
S3150101E4A8FADD01010800000003DE010115DE0101A3
S3150101E4B80B0400000000000000000000000000003D
S3150101E4C800000000000000004F706171756500458C
S3150101E4D8434453410045435F444800454300000016
S3150101E4E807000000D0E401017DAD010171AD010113
S3150101E4F800000000A92B0101000000000000000036
S3150101E50800000000000000000000000000000000FB
S3150101E51807000000D0E401017DAD010161AD0101F2
S3150101E528252D0101ABAD010100000000000000002D
S3150101E538A12D0101000000000000000000000000FB
S3150101E54800000000505341004B45590000000000EE
S3150101E5587BFF80B079FF80B078FF80B176FF00B18B
S3150101E5686CFF00B36BFF00B2202C3D2B3C3E233BD5
S3150101E578225C00520073746174654F7250726F7632
S3150101E588696E63654E616D650000000031E1010147
S3150101E5980200000010E101010C0000001AE101016D
S3150101E5A80A00000010E101010C000000C0DC0101B4
S3150101E5B80100000034E10101130000003EE10101FF
S3150101E5C80B00000034E1010113000000AFE1010174
S3150101E5D80100000087E101010C00000091E1010140
S3150101E5E81000000087E101010C000000E7E70101C5
S3150101E5F80100000052E101010C0000005CE101018A
S3150101E6080800000052E101010C0000007BE501014F
S3150101E61801000000DEE1010116000000DBE1010154
S3150101E62802000000B1E101010C000000BBE101019A
S3150101E63816000000B1E101010C00000084E10101AD
S3150101E648020000006EE101010C0000007DE50101F7
S3150101E658130000006EE101010C000000E8E101016F
S3150101E6680C000000DEE10101160000000EE20101C5
S3150101E6780C00000004E201011300000033E201016C
S3150101E6880D00000029E20101130000005AE201010F
S3150101E6980A00000050E20101130000001FE3010115
S3150101E6A80B00000015E301011300000009E3010154
S3150101E6B805000000FFE201010C0000007BE20101F7
S3150101E6C80700000071E201010C0000008BE2010163
S3150101E6D80200000071E201010C00000098E201014B
S3150101E6E8090000008EE201010C000000ADE2010102
S3150101E6F8020000008EE201010C000000BAE20101EC
S3150101E70808000000B0E201010C00000052E301011A
S3150101E7180900000048E301010C000000D6E20101ED
S3150101E72813000000CCE201010C0000008EE3010197
S3150101E7380F00000080E3010116000000AFE30101AB
S3150101E7480200000080E3010116000000000000003C
S3150101E7580000000000000000050000002A86488626
S3150101E768F70D01090E002D2D2D2D2D454E44204362
S3150101E7784552544946494341544520524551554507
S3150101E78853542D2D2D2D2D0A002D2D2D2D2D42457F
S3150101E79847494E2043455254494649434154452028
S3150101E7A8524551554553542D2D2D2D2D0A0054658C
S3150101E7B8726D696E616C00000000000000545452CC
S3150101E7C8205245474745530050726F766973696F01
S3150101E7D86E205461736B00232D302B2000686C4C1D
S3150101E7E80065666745464700303132333435363779
S3150101E7F8383941424344454600303132333435369E
S3150101E808373839616263646566000020202020205B
S3150101E81820202020282828282820202020202020C0
S3150101E82820202020202020202020208810101010B0
S3150101E8381010101010101010101010040404040404
S3150101E8480404040404101010101010104141414130
S3150101E8584141010101010101010101010101010118
S3150101E868010101010101101010101010424242422A
S3150101E87842420202020202020202020202020202E8
S3150101E888020202020202101010102000000000000C
S3150101E8980000000000000000000000000000000068
S3150101E8A80000000000000000000000000000000058
S3150101E8B80000000000000000000000000000000048
S3150101E8C80000000000000000000000000000000038
S3150101E8D80000000000000000000000000000000028
S3150101E8E80000000000000000000000000000000018
S3150101E8F80000000000000000000000000000000008
S3110101E908000000000000000000000000FB
S30D0101E9147C2A7E7F010000004F
S3110101E91C28E901012C7B0020ED0200001E
S3150101E92800000000FCD10101A0D201010000000094
S3150101E938FCD2010128D301014CD3010100000000D9
S3150101E94800000000000000000000000000000000B7
S3150101E95800000000000200000000000000000000A5
S3150101E9680000000000000000000000000000000097
S3150101E9780000000000000000000000000000000087
S3150101E9880000000000000000000000000000000077
S3150101E9980000000000000000000000000000000067
S3150101E9A80000000000000000000000000000000057
S3150101E9B80000000000000000000000000000000047
S3150101E9C80000000000000000000000000000000037
S3150101E9D8000000000000000080D3010100000000D2
S3150101E9E870D001010100000080D5430280D1F008F1
S3150101E9F880D543020080000000F049020C7C00200A
S3150101EA080050380100A00000C03F0020C8000000E6
S3150101EA18FE000000000000002CD701011CD70101EE
S3150101EA2802000000A83B0020000005004C7C0020E4
S3150101EA387CD8010101000000051501014C7C00206B
S3150101EA480000000083840101000000006D840101BA
S3150101EA581100000000000000000000410000000054
S3150101EA68010000000040004100000000AAAAAAAA6C
S3150101EA78370000008116800085C4010185C40101A2
S3150101EA888BC401018BC40101387C00209C7C0020C8
S3150101EA98000000001858002080580020E85800207E
S3150101EAA80000000000000000000000000000000056
S3150101EAB80000000000000000000000000000000046
S3150101EAC80000000000000000000000000000000036
S3150101EAD80000000000000000000000000000000026
S3150101EAE80300000018580020040C00000000000271
S3150101EAF8FF000000198C0101A5B7000161BB0001E6
S3150101EB08D9C000011DD300017DB700010000000035
S3150101EB1800000000000000000000000000000000E5
S3150101EB2800000000000000000000000000000000D5
S3150101EB3800000000000000000000000000000000C5
S3150101EB4800000000000000000000000000000000B5
S3150101EB5800000000000000000000000000000000A5
S3150101EB680000000000000000000000000000000095
S3150101EB780000000000000000000000000000000085
S3150101EB880000000000000000000000000000000075
S3150101EB980000000000000000000000000000000065
S3150101EBA80000000000000000000000000000000055
S3150101EBB80000000000000000000000000000000045
S3150101EBC80000000000000000000000000000000035
S3150101EBD80000000000000000000000000000000025
S3150101EBE80000000000000000000000000000000015
S3150101EBF80000000000000000000000000000000005
S3150101EC0800000000000000000000000000000000F4
S3150101EC1800000000000000000000000000000000E4
S3150101EC2800000000000000000000000000000000D4
S3150101EC3800000000000000000000000000000000C4
S3150101EC4800000000000000000000000000000000B4
S3150101EC5800000000000000000000000000000000A4
S3150101EC680000000000000000000000000000000094
S3150101EC780000000000000000000000000000000084
S3150101EC880000000000000000000000000000000074
S3150101EC980000000000000000000000000000000064
S3150101ECA80000000000000000000000000000000054
S3150101ECB80000000000000000000000000000000044
S3150101ECC80000000000000000000000000000000034
S3150101ECD80000000000000000000000000000000024
S3150101ECE80000000000000000000000000000000014
S3150101ECF80000000000000000000000000000000004
S3150101ED0800000000000000000000000000000000F3
S3150101ED1800000000000000000000000000000000E3
S3150101ED2800000000000000000000000000000000D3
S3150101ED3800000000000000000000000000000000C3
S3150101ED4800000000000000000000000000000000B3
S3150101ED5800000000000000000000000000000000A3
S3150101ED680000000000000000000000000000000093
S3150101ED780000000000000000000000000000000083
S3150101ED880000000000000000000000000000000073
S3150101ED980000000000000000000000000000000063
S3150101EDA80000000000000000000000000000000053
S3150101EDB80000000000000000000000000000000043
S3150101EDC80000000000000000000000000000000033
S3150101EDD80000000000000000000000000000000023
S3150101EDE80000000000000000000000000000000013
S3150101EDF80000000000000000000000000000000003
S3150101EE0800000000000000000000000000000000F2
S3150101EE1800000000000000000000000000000000E2
S3150101EE2800000000000000000000000000000000D2
S3150101EE3800000000000000000000000000000000C2
S3150101EE4800000000000000000000000000000000B2
S3150101EE5800000000000000000000000000000000A2
S3150101EE680000000000000000000000000000000092
S3150101EE780000000000000000000000000000000082
S3150101EE880000000000000000000000000000000072
S3150101EE980000000000000000000000000000000062
S3150101EEA80000000000000000000000000000000052
S3150101EEB80000000000000000000000000000000042
S3150101EEC80000000000000000000000000000000032
S3150101EED80000000000000000000000000000000022
S3150101EEE80000000000000000000000000000000012
S3150101EEF80000000000000000000000000000000002
S3150101EF0800000000000000000000000000000000F1
S3150101EF1800000000000000000000000000000000E1
S3150101EF2800000000000000000000000000000000D1
S3150101EF3800000000000000000000000000000000C1
S3150101EF4800000000000000000000000000000000B1
S3150101EF5800000000000000000000000000000000A1
S3150101EF680000000000000000000000000000000091
S3150101EF780000000000000000000000000000000081
S3150101EF880000000000000000000000000000000071
S3150101EF980000000000000000000000000000000061
S3150101EFA80000000000000000000000000000000051
S3150101EFB80000000000000000000000000000000041
S3150101EFC80000000000000000000000000000000031
S3150101EFD80000000000000000000000000000000021
S3150101EFE80000000000000000000000000000000011
S3150101EFF80000000000000000000000000000000001
S3150101F00800000000000000000000000000000000F0
S3150101F01800000000000000000000000000000000E0
S3150101F02800000000000000000000000000000000D0
S3150101F03800000000000000000000000000000000C0
S3150101F04800000000000000000000000000000000B0
S3150101F05800000000000000000000000000000000A0
S3150101F0680000000000000000000000000000000090
S3150101F0780000000000000000000000000000000080
S3150101F0880000000000000000000000000000000070
S3150101F0980000000000000000000000000000000060
S3150101F0A80000000000000000000000000000000050
S3150101F0B80000000000000000000000000000000040
S3150101F0C80000000000000000000000000000000030
S3150101F0D80000000000000000000000000000000020
S3150101F0E80000000000000000000000000000000010
S3150101F0F80000000000000000000000000000000000
S3150101F10800000000000000000000000000000000EF
S3150101F11800000000000000000000000000000000DF
S3150101F12800000000000000000000000000000000CF
S3150101F13800000000000000000000000000000000BF
S3150101F14800000000000000000000000000000000AF
S3150101F158000000000000000000000000000000009F
S3150101F168000000000000000000000000000000008F
S3150101F178000000000000000000000000000000007F
S3150101F188000000000000000000000000000000006F
S3150101F198000000000000000000000000000000005F
S3150101F1A8000000000000000000000000000000004F
S3150101F1B8000000000000000000000000000000003F
S3150101F1C8000000000000000000000000000000002F
S3150101F1D8000000000000000000000000000000001F
S3150101F1E8000000000000000000000000000000000F
S3150101F1F800000000000000000000000000000000FF
S3150101F20800000000000000000000000000000000EE
S3150101F21800000000000000000000000000000000DE
S3150101F22800000000000000000000000000000000CE
S3150101F23800000000000000000000000000000000BE
S3150101F24800000000000000000000000000000000AE
S3150101F258000000000000000000000000000000009E
S3150101F268000000000000000000000000000000008E
S3150101F278000000000000000000000000000000007E
S3150101F288000000000000000000000000000000006E
S3150101F298000000000000000000000000000000005E
S3150101F2A8000000000000000000000000000000004E
S3150101F2B8000000000000000000000000000000003E
S3150101F2C8000000000000000000000000000000002E
S3150101F2D8000000000000000000000000000000001E
S3150101F2E8000000000000000000000000000000000E
S3150101F2F800000000000000000000000000000000FE
S3150101F30800000000000000000000000000000000ED
S3150101F31800000000000000000000000000000000DD
S3150101F32800000000000000000000000000000000CD
S3150101F33800000000000000000000000000000000BD
S3150101F34800000000000000000000000000000000AD
S3150101F358000000000000000000000000000000009D
S3150101F368000000000000000000000000000000008D
S3150101F378000000000000000000000000000000007D
S3150101F388000000000000000000000000000000006D
S3150101F398000000000000000000000000000000005D
S3150101F3A8000000000000000000000000000000004D
S3150101F3B8000000000000000000000000000000003D
S3150101F3C8000000000000000000000000000000002D
S3150101F3D8000000000000000000000000000000001D
S3150101F3E8000000000000000000000000000000000D
S3150101F3F800000000000000000000000000000000FD
S3150101F40800000000000000000000000000000000EC
S3150101F41800000000000000000000000000000000DC
S3150101F42800000000000000000000000000000000CC
S3150101F43800000000000000000000000000000000BC
S3150101F44800000000000000000000000000000000AC
S3150101F458000000000000000000000000000000009C
S3150101F468000000000000000000000000000000008C
S3150101F478000000000000000000000000000000007C
S3150101F488000000000000000000000000000000006C
S3150101F498000000000000000000000000000000005C
S3150101F4A8000000000000000000000000000000004C
S3150101F4B8000000000000000000000000000000003C
S3150101F4C8000000000000000000000000000000002C
S3090101F4D80000000028
S7050100D759C9
