S01C00006275696C642F64656275672F67656E657261746F722E7333379C
S31501000000903900204D000011F9010011F90100118C
S31501000010F9010011F9010011F9010011F9010011AD
S31501000020F9010011F9010011F9010011F90100119D
S31501000030F90100112C970101F9010011F9010011D3
S3150100004000000011004000010040000066485B4BC3
S315010000507844D0F800C04668C3F808C0326882F315
S315010000608888574A574C96605A6A42F400225A6267
S31501000070554ADA60D3F88C2042F4406242F001021C
S31501000080C3F88C2000234FF0FF32214641F823208C
S315010000900133102BFAD14FF450424C4BFF219A6693
S315010000A001224B4B4B4CC3F89011C3F83021C4F8D5
S315010000B070118068B0F5003F7BD007D8B0F5004FCE
S315010000C00DD0B0F5803F09D0002208E0B0F5802FB1
S315010000D071D0B0F5002FF7D1052200E002224FF0D2
S315010000E0FF37C3F86422C3F8707233465C68012196
S315010000F04FF01009384EDFF8F4E0DFF8F4800A001B
S3150100010033461A600A0073461A601A6802EA010247
S31501000110002AFAD14FF41046304D2B4632461A606A
S3150100012006F1A2466FF48018DFF8C8E006F583569B
S3150100013033463A461A60734642461A60A6F54F663A
S3150100014033460A001A60264DF03E29462CF07F43BD
S31501000150B3FBF0F3202B05D9A3F120034FF0FF32B7
S315010001600A6008E04FF001029A406FEA02020A6053
S315010001704FF0FF33FFE701F10401B142EADD19490E
S315010001806408640002220B461A6000200021002246
S3150100019000230025002600275FF000085FF0000914
S315010001A05FF0000A5FF0000B5FF0000CBFF34F8FAA
S315010001B02447032293E7042291E700BF00ED00E004
S315010001C000ED02E080E300E00020FA0500508040E7
S315010001D00090005100A00051185083406860804093
S315010001E074920051D0ED00E0ECFFFFFF18D085407E
S315010001F014C0854064A00051FEE700000000000025
S3150100020000000000000000000000000000000000E7
S3150100021000000000000000000000000000000000D7
S3150100022000000000000000000000000000000000C7
S3150100023000000000000000000000000000000000B7
S3150100024000000000000000000000000000000000A7
S315010002500000000000000000000000000000000097
S315010002600000000000000000000000000000000087
S315010002700000000000000000000000000000000077
S315010002800000000000000000000000000000000067
S315010002900000000000000000000000000000000057
S315010002A00000000000000000000000000000000047
S315010002B00000000000000000000000000000000037
S315010002C00000000000000000000000000000000027
S315010002D00000000000000000000000000000000017
S315010002E00000000000000000000000000000000007
S315010002F000000000000000000000000000000000F7
S3150100030000000000000000000000000000000000E6
S3150100031000000000000000000000000000000000D6
S3150100032000000000000000000000000000000000C6
S3150100033000000000000000000000000000000000B6
S3150100034000000000000000000000000000000000A6
S315010003500000000000000000000000000000000096
S315010003600000000000000000000000000000000086
S315010003700000000000000000000000000000000076
S315010003800000000000000000000000000000000066
S315010003900000000000000000000000000000000056
S315010003A00000000000000000000000000000000046
S315010003B00000000000000000000000000000000036
S315010003C00000000000000000000000000000000026
S315010003D00000000000000000000000000000000016
S315010003E00000000000000000000000000000000006
S315010003F000000000000000000000000000000000F6
S3150100040000000000000000000000000000000000E5
S3150100041000000000000000000000000000000000D5
S3150100042000000000000000000000000000000000C5
S3150100043000000000000000000000000000000000B5
S3150100044000000000000000000000000000000000A5
S315010004500000000000000000000000000000000095
S315010004600000000000000000000000000000000085
S315010004700000000000000000000000000000000075
S315010004800000000000000000000000000000000065
S315010004900000000000000000000000000000000055
S315010004A00000000000000000000000000000000045
S315010004B00000000000000000000000000000000035
S315010004C00000000000000000000000000000000025
S315010004D00000000000000000000000000000000015
S315010004E00000000000000000000000000000000005
S315010004F000000000000000000000000000000000F5
S3150100050000000000000000000000000000000000E4
S3150100051000000000000000000000000000000000D4
S3150100052000000000000000000000000000000000C4
S3150100053000000000000000000000000000000000B4
S3150100054000000000000000000000000000000000A4
S315010005500000000000000000000000000000000094
S315010005600000000000000000000000000000000084
S315010005700000000000000000000000000000000074
S315010005800000000000000000000000000000000064
S315010005900000000000000000000000000000000054
S315010005A00000000000000000000000000000000044
S315010005B00000000000000000000000000000000034
S315010005C00000000000000000000000000000000024
S315010005D00000000000000000000000000000000014
S315010005E00000000000000000000000000000000004
S315010005F000000000000000000000000000000000F4
S3150100060000000000000000000000000000000000E3
S3150100061000000000000000000000000000000000D3
S3150100062000000000000000000000000000000000C3
S3150100063000000000000000000000000000000000B3
S3150100064000000000000000000000000000000000A3
S315010006500000000000000000000000000000000093
S315010006600000000000000000000000000000000083
S315010006700000000000000000000000000000000073
S315010006800000000000000000000000000000000063
S315010006900000000000000000000000000000000053
S315010006A00000000000000000000000000000000043
S315010006B00000000000000000000000000000000033
S315010006C00000000000000000000000000000000023
S315010006D00000000000000000000000000000000013
S315010006E00000000000000000000000000000000003
S315010006F000000000000000000000000000000000F3
S3150100070000000000000000000000000000000000E2
S3150100071000000000000000000000000000000000D2
S3150100072000000000000000000000000000000000C2
S3150100073000000000000000000000000000000000B2
S3150100074000000000000000000000000000000000A2
S315010007500000000000000000000000000000000092
S315010007600000000000000000000000000000000082
S315010007700000000000000000000000000000000072
S315010007800000000000000000000000000000000062
S315010007900000000000000000000000000000000052
S315010007A00000000000000000000000000000000042
S315010007B00000000000000000000000000000000032
S315010007C00000000000000000000000000000000022
S315010007D00000000000000000000000000000000012
S315010007E00000000000000000000000000000000002
S315010007F000000000000000000000000000000000F2
S3150100080000000000000000000000000000000000E1
S3150100081000000000000000000000000000000000D1
S3150100082000000000000000000000000000000000C1
S3150100083000000000000000000000000000000000B1
S3150100084000000000000000000000000000000000A1
S315010008500000000000000000000000000000000091
S315010008600000000000000000000000000000000081
S315010008700000000000000000000000000000000071
S315010008800000000000000000000000000000000061
S315010008900000000000000000000000000000000051
S315010008A00000000000000000000000000000000041
S315010008B00000000000000000000000000000000031
S315010008C00000000000000000000000000000000021
S315010008D00000000000000000000000000000000011
S315010008E00000000000000000000000000000000001
S315010008F000000000000000000000000000000000F1
S3150100090000000000000000000000000000000000E0
S3150100091000000000000000000000000000000000D0
S3150100092000000000000000000000000000000000C0
S3150100093000000000000000000000000000000000B0
S3150100094000000000000000000000000000000000A0
S315010009500000000000000000000000000000000090
S315010009600000000000000000000000000000000080
S315010009700000000000000000000000000000000070
S315010009800000000000000000000000000000000060
S315010009900000000000000000000000000000000050
S315010009A00000000000000000000000000000000040
S315010009B00000000000000000000000000000000030
S315010009C00000000000000000000000000000000020
S315010009D00000000000000000000000000000000010
S315010009E00000000000000000000000000000000000
S315010009F000000000000000000000000000000000F0
S31501000A0000000000000000000000000000000000DF
S31501000A1000000000000000000000000000000000CF
S31501000A2000000000000000000000000000000000BF
S31501000A3000000000000000000000000000000000AF
S31501000A40000000000000000000000000000000009F
S31501000A50000000000000000000000000000000008F
S31501000A60000000000000000000000000000000007F
S31501000A70000000000000000000000000000000006F
S31501000A80000000000000000000000000000000005F
S31501000A90000000000000000000000000000000004F
S31501000AA0000000000000000000000000000000003F
S31501000AB0000000000000000000000000000000002F
S31501000AC0000000000000000000000000000000001F
S31501000AD0000000000000000000000000000000000F
S31501000AE000000000000000000000000000000000FF
S31501000AF000000000000000000000000000000000EF
S31501000B0000000000000000000000000000000000DE
S31501000B1000000000000000000000000000000000CE
S31501000B2000000000000000000000000000000000BE
S31501000B3000000000000000000000000000000000AE
S31501000B40000000000000000000000000000000009E
S31501000B50000000000000000000000000000000008E
S31501000B60000000000000000000000000000000007E
S31501000B70000000000000000000000000000000006E
S31501000B80000000000000000000000000000000005E
S31501000B90000000000000000000000000000000004E
S31501000BA0000000000000000000000000000000003E
S31501000BB0000000000000000000000000000000002E
S31501000BC0000000000000000000000000000000001E
S31501000BD0000000000000000000000000000000000E
S31501000BE000000000000000000000000000000000FE
S31501000BF000000000000000000000000000000000EE
S31501000C0000000000000000000000000000000000DD
S31501000C1000000000000000000000000000000000CD
S31501000C2000000000000000000000000000000000BD
S31501000C3000000000000000000000000000000000AD
S31501000C40000000000000000000000000000000009D
S31501000C50000000000000000000000000000000008D
S31501000C60000000000000000000000000000000007D
S31501000C70000000000000000000000000000000006D
S31501000C80000000000000000000000000000000005D
S31501000C90000000000000000000000000000000004D
S31501000CA0000000000000000000000000000000003D
S31501000CB0000000000000000000000000000000002D
S31501000CC0000000000000000000000000000000001D
S31501000CD0000000000000000000000000000000000D
S31501000CE000000000000000000000000000000000FD
S31501000CF000000000000000000000000000000000ED
S31501000D0000000000000000000000000000000000DC
S31501000D1000000000000000000000000000000000CC
S31501000D2000000000000000000000000000000000BC
S31501000D3000000000000000000000000000000000AC
S31501000D40000000000000000000000000000000009C
S31501000D50000000000000000000000000000000008C
S31501000D60000000000000000000000000000000007C
S31501000D70000000000000000000000000000000006C
S31501000D80000000000000000000000000000000005C
S31501000D90000000000000000000000000000000004C
S31501000DA0000000000000000000000000000000003C
S31501000DB0000000000000000000000000000000002C
S31501000DC0000000000000000000000000000000001C
S31501000DD0000000000000000000000000000000000C
S31501000DE000000000000000000000000000000000FC
S31501000DF000000000000000000000000000000000EC
S31501000E0000000000000000000000000000000000DB
S31501000E1000000000000000000000000000000000CB
S31501000E2000000000000000000000000000000000BB
S31501000E3000000000000000000000000000000000AB
S31501000E40000000000000000000000000000000009B
S31501000E50000000000000000000000000000000008B
S31501000E60000000000000000000000000000000007B
S31501000E70000000000000000000000000000000006B
S31501000E80000000000000000000000000000000005B
S31501000E90000000000000000000000000000000004B
S31501000EA0000000000000000000000000000000003B
S31501000EB0000000000000000000000000000000002B
S31501000EC0000000000000000000000000000000001B
S31501000ED0000000000000000000000000000000000B
S31501000EE000000000000000000000000000000000FB
S31501000EF000000000000000000000000000000000EB
S31501000F0000000000000000000000000000000000DA
S31501000F1000000000000000000000000000000000CA
S31501000F2000000000000000000000000000000000BA
S31501000F3000000000000000000000000000000000AA
S31501000F40000000000000000000000000000000009A
S31501000F50000000000000000000000000000000008A
S31501000F60000000000000000000000000000000007A
S31501000F70000000000000000000000000000000006A
S31501000F80000000000000000000000000000000005A
S31501000F90000000000000000000000000000000004A
S31501000FA0000000000000000000000000000000003A
S31501000FB0000000000000000000000000000000002A
S31501000FC0000000000000000000000000000000001A
S31501000FD0000000000000000000000000000000000A
S31501000FE000000000000000000000000000000000FA
S31501000FF000000000000000000000000000000000EA
S3150100100000000000000000000000000000000000D9
S3150100101000000000000000000000000000000000C9
S3150100102000000000000000000000000000000000B9
S3150100103000000000000000000000000000000000A9
S315010010400000000000000000000000000000000099
S315010010500000000000000000000000000000000089
S315010010600000000000000000000000000000000079
S315010010700000000000000000000000000000000069
S315010010800000000000000000000000000000000059
S315010010900000000000000000000000000000000049
S315010010A00000000000000000000000000000000039
S315010010B00000000000000000000000000000000029
S315010010C00000000000000000000000000000000019
S315010010D00000000000000000000000000000000009
S315010010E000000000000000000000000000000000F9
S315010010F000000000000000000000000000000000E9
S3150100110000000000000000000000000000000000D8
S3150100111000000000000000000000000000000000C8
S3150100112000000000000000000000000000000000B8
S3150100113000000000000000000000000000000000A8
S315010011400000000000000000000000000000000098
S315010011500000000000000000000000000000000088
S315010011600000000000000000000000000000000078
S315010011700000000000000000000000000000000068
S315010011800000000000000000000000000000000058
S315010011900000000000000000000000000000000048
S315010011A00000000000000000000000000000000038
S315010011B00000000000000000000000000000000028
S315010011C00000000000000000000000000000000018
S315010011D00000000000000000000000000000000008
S315010011E000000000000000000000000000000000F8
S315010011F000000000000000000000000000000000E8
S3150100120000000000000000000000000000000000D7
S3150100121000000000000000000000000000000000C7
S3150100122000000000000000000000000000000000B7
S3150100123000000000000000000000000000000000A7
S315010012400000000000000000000000000000000097
S315010012500000000000000000000000000000000087
S315010012600000000000000000000000000000000077
S315010012700000000000000000000000000000000067
S315010012800000000000000000000000000000000057
S315010012900000000000000000000000000000000047
S315010012A00000000000000000000000000000000037
S315010012B00000000000000000000000000000000027
S315010012C00000000000000000000000000000000017
S315010012D00000000000000000000000000000000007
S315010012E000000000000000000000000000000000F7
S315010012F000000000000000000000000000000000E7
S3150100130000000000000000000000000000000000D6
S3150100131000000000000000000000000000000000C6
S3150100132000000000000000000000000000000000B6
S3150100133000000000000000000000000000000000A6
S315010013400000000000000000000000000000000096
S315010013500000000000000000000000000000000086
S315010013600000000000000000000000000000000076
S315010013700000000000000000000000000000000066
S315010013800000000000000000000000000000000056
S315010013900000000000000000000000000000000046
S315010013A00000000000000000000000000000000036
S315010013B00000000000000000000000000000000026
S315010013C00000000000000000000000000000000016
S315010013D00000000000000000000000000000000006
S315010013E000000000000000000000000000000000F6
S315010013F000000000000000000000000000000000E6
S3150100140000000000000000000000000000000000D5
S3150100141000000000000000000000000000000000C5
S3150100142000000000000000000000000000000000B5
S3150100143000000000000000000000000000000000A5
S315010014400000000000000000000000000000000095
S315010014500000000000000000000000000000000085
S315010014600000000000000000000000000000000075
S315010014700000000000000000000000000000000065
S315010014800000000000000000000000000000000055
S315010014900000000000000000000000000000000045
S315010014A00000000000000000000000000000000035
S315010014B00000000000000000000000000000000025
S315010014C00000000000000000000000000000000015
S315010014D00000000000000000000000000000000005
S315010014E000000000000000000000000000000000F5
S315010014F000000000000000000000000000000000E5
S3150100150000000000000000000000000000000000D4
S3150100151000000000000000000000000000000000C4
S3150100152000000000000000000000000000000000B4
S3150100153000000000000000000000000000000000A4
S315010015400000000000000000000000000000000094
S315010015500000000000000000000000000000000084
S315010015600000000000000000000000000000000074
S315010015700000000000000000000000000000000064
S315010015800000000000000000000000000000000054
S315010015900000000000000000000000000000000044
S315010015A00000000000000000000000000000000034
S315010015B00000000000000000000000000000000024
S315010015C00000000000000000000000000000000014
S315010015D00000000000000000000000000000000004
S315010015E000000000000000000000000000000000F4
S315010015F000000000000000000000000000000000E4
S3150100160000000000000000000000000000000000D3
S3150100161000000000000000000000000000000000C3
S3150100162000000000000000000000000000000000B3
S3150100163000000000000000000000000000000000A3
S315010016400000000000000000000000000000000093
S315010016500000000000000000000000000000000083
S315010016600000000000000000000000000000000073
S315010016700000000000000000000000000000000063
S315010016800000000000000000000000000000000053
S315010016900000000000000000000000000000000043
S315010016A00000000000000000000000000000000033
S315010016B00000000000000000000000000000000023
S315010016C00000000000000000000000000000000013
S315010016D00000000000000000000000000000000003
S315010016E000000000000000000000000000000000F3
S315010016F000000000000000000000000000000000E3
S3150100170000000000000000000000000000000000D2
S3150100171000000000000000000000000000000000C2
S3150100172000000000000000000000000000000000B2
S3150100173000000000000000000000000000000000A2
S315010017400000000000000000000000000000000092
S315010017500000000000000000000000000000000082
S315010017600000000000000000000000000000000072
S315010017700000000000000000000000000000000062
S315010017800000000000000000000000000000000052
S315010017900000000000000000000000000000000042
S315010017A00000000000000000000000000000000032
S315010017B00000000000000000000000000000000022
S315010017C00000000000000000000000000000000012
S315010017D00000000000000000000000000000000002
S315010017E000000000000000000000000000000000F2
S315010017F000000000000000000000000000000000E2
S3150100180000000000000000000000000000000000D1
S3150100181000000000000000000000000000000000C1
S3150100182000000000000000000000000000000000B1
S3150100183000000000000000000000000000000000A1
S315010018400000000000000000000000000000000091
S315010018500000000000000000000000000000000081
S315010018600000000000000000000000000000000071
S315010018700000000000000000000000000000000061
S315010018800000000000000000000000000000000051
S315010018900000000000000000000000000000000041
S315010018A00000000000000000000000000000000031
S315010018B00000000000000000000000000000000021
S315010018C00000000000000000000000000000000011
S315010018D00000000000000000000000000000000001
S315010018E000000000000000000000000000000000F1
S315010018F000000000000000000000000000000000E1
S3150100190000000000000000000000000000000000D0
S3150100191000000000000000000000000000000000C0
S3150100192000000000000000000000000000000000B0
S3150100193000000000000000000000000000000000A0
S315010019400000000000000000000000000000000090
S315010019500000000000000000000000000000000080
S315010019600000000000000000000000000000000070
S315010019700000000000000000000000000000000060
S315010019800000000000000000000000000000000050
S315010019900000000000000000000000000000000040
S315010019A00000000000000000000000000000000030
S315010019B00000000000000000000000000000000020
S315010019C00000000000000000000000000000000010
S315010019D00000000000000000000000000000000000
S315010019E000000000000000000000000000000000F0
S315010019F000000000000000000000000000000000E0
S31501001A0000000000000000000000000000000000CF
S31501001A1000000000000000000000000000000000BF
S31501001A2000000000000000000000000000000000AF
S31501001A30000000000000000000000000000000009F
S31501001A40000000000000000000000000000000008F
S31501001A50000000000000000000000000000000007F
S31501001A60000000000000000000000000000000006F
S31501001A70000000000000000000000000000000005F
S31501001A80000000000000000000000000000000004F
S31501001A90000000000000000000000000000000003F
S31501001AA0000000000000000000000000000000002F
S31501001AB0000000000000000000000000000000001F
S31501001AC0000000000000000000000000000000000F
S31501001AD000000000000000000000000000000000FF
S31501001AE000000000000000000000000000000000EF
S31501001AF000000000000000000000000000000000DF
S31501001B0000000000000000000000000000000000CE
S31501001B1000000000000000000000000000000000BE
S31501001B2000000000000000000000000000000000AE
S31501001B30000000000000000000000000000000009E
S31501001B40000000000000000000000000000000008E
S31501001B50000000000000000000000000000000007E
S31501001B60000000000000000000000000000000006E
S31501001B70000000000000000000000000000000005E
S31501001B80000000000000000000000000000000004E
S31501001B90000000000000000000000000000000003E
S31501001BA0000000000000000000000000000000002E
S31501001BB0000000000000000000000000000000001E
S31501001BC0000000000000000000000000000000000E
S31501001BD000000000000000000000000000000000FE
S31501001BE000000000000000000000000000000000EE
S31501001BF000000000000000000000000000000000DE
S31501001C0000000000000000000000000000000000CD
S31501001C1000000000000000000000000000000000BD
S31501001C2000000000000000000000000000000000AD
S31501001C30000000000000000000000000000000009D
S31501001C40000000000000000000000000000000008D
S31501001C50000000000000000000000000000000007D
S31501001C60000000000000000000000000000000006D
S31501001C70000000000000000000000000000000005D
S31501001C80000000000000000000000000000000004D
S31501001C90000000000000000000000000000000003D
S31501001CA0000000000000000000000000000000002D
S31501001CB0000000000000000000000000000000001D
S31501001CC0000000000000000000000000000000000D
S31501001CD000000000000000000000000000000000FD
S31501001CE000000000000000000000000000000000ED
S31501001CF000000000000000000000000000000000DD
S31501001D0000000000000000000000000000000000CC
S31501001D1000000000000000000000000000000000BC
S31501001D2000000000000000000000000000000000AC
S31501001D30000000000000000000000000000000009C
S31501001D40000000000000000000000000000000008C
S31501001D50000000000000000000000000000000007C
S31501001D60000000000000000000000000000000006C
S31501001D70000000000000000000000000000000005C
S31501001D80000000000000000000000000000000004C
S31501001D90000000000000000000000000000000003C
S31501001DA0000000000000000000000000000000002C
S31501001DB0000000000000000000000000000000001C
S31501001DC0000000000000000000000000000000000C
S31501001DD000000000000000000000000000000000FC
S31501001DE000000000000000000000000000000000EC
S31501001DF000000000000000000000000000000000DC
S31501001E0000000000000000000000000000000000CB
S31501001E1000000000000000000000000000000000BB
S31501001E2000000000000000000000000000000000AB
S31501001E30000000000000000000000000000000009B
S31501001E40000000000000000000000000000000008B
S31501001E50000000000000000000000000000000007B
S31501001E60000000000000000000000000000000006B
S31501001E70000000000000000000000000000000005B
S31501001E80000000000000000000000000000000004B
S31501001E90000000000000000000000000000000003B
S31501001EA0000000000000000000000000000000002B
S31501001EB0000000000000000000000000000000001B
S31501001EC0000000000000000000000000000000000B
S31501001ED000000000000000000000000000000000FB
S31501001EE000000000000000000000000000000000EB
S31501001EF000000000000000000000000000000000DB
S31501001F0000000000000000000000000000000000CA
S31501001F1000000000000000000000000000000000BA
S31501001F2000000000000000000000000000000000AA
S31501001F30000000000000000000000000000000009A
S31501001F40000000000000000000000000000000008A
S31501001F50000000000000000000000000000000007A
S31501001F60000000000000000000000000000000006A
S31501001F70000000000000000000000000000000005A
S31501001F80000000000000000000000000000000004A
S31501001F90000000000000000000000000000000003A
S31501001FA0000000000000000000000000000000002A
S31501001FB0000000000000000000000000000000001A
S31501001FC0000000000000000000000000000000000A
S31501001FD000000000000000000000000000000000FA
S31501001FE000000000000000000000000000000000EA
S31501001FF000000000000000000000000000000000DA
S3150100200000000000000000000000000000000000C9
S3150100201000000000000000000000000000000000B9
S3150100202000000000000000000000000000000000A9
S315010020300000000000000000000000000000000099
S315010020400000000000000000000000000000000089
S315010020500000000000000000000000000000000079
S315010020600000000000000000000000000000000069
S315010020700000000000000000000000000000000059
S315010020800000000000000000000000000000000049
S315010020900000000000000000000000000000000039
S315010020A00000000000000000000000000000000029
S315010020B00000000000000000000000000000000019
S315010020C00000000000000000000000000000000009
S315010020D000000000000000000000000000000000F9
S315010020E000000000000000000000000000000000E9
S315010020F000000000000000000000000000000000D9
S3150100210000000000000000000000000000000000C8
S3150100211000000000000000000000000000000000B8
S3150100212000000000000000000000000000000000A8
S315010021300000000000000000000000000000000098
S315010021400000000000000000000000000000000088
S315010021500000000000000000000000000000000078
S315010021600000000000000000000000000000000068
S315010021700000000000000000000000000000000058
S315010021800000000000000000000000000000000048
S315010021900000000000000000000000000000000038
S315010021A00000000000000000000000000000000028
S315010021B00000000000000000000000000000000018
S315010021C00000000000000000000000000000000008
S315010021D000000000000000000000000000000000F8
S315010021E000000000000000000000000000000000E8
S315010021F000000000000000000000000000000000D8
S3150100220000000000000000000000000000000000C7
S3150100221000000000000000000000000000000000B7
S3150100222000000000000000000000000000000000A7
S315010022300000000000000000000000000000000097
S315010022400000000000000000000000000000000087
S315010022500000000000000000000000000000000077
S315010022600000000000000000000000000000000067
S315010022700000000000000000000000000000000057
S315010022800000000000000000000000000000000047
S315010022900000000000000000000000000000000037
S315010022A00000000000000000000000000000000027
S315010022B00000000000000000000000000000000017
S315010022C00000000000000000000000000000000007
S315010022D000000000000000000000000000000000F7
S315010022E000000000000000000000000000000000E7
S315010022F000000000000000000000000000000000D7
S3150100230000000000000000000000000000000000C6
S3150100231000000000000000000000000000000000B6
S3150100232000000000000000000000000000000000A6
S315010023300000000000000000000000000000000096
S315010023400000000000000000000000000000000086
S315010023500000000000000000000000000000000076
S315010023600000000000000000000000000000000066
S315010023700000000000000000000000000000000056
S315010023800000000000000000000000000000000046
S315010023900000000000000000000000000000000036
S315010023A00000000000000000000000000000000026
S315010023B00000000000000000000000000000000016
S315010023C00000000000000000000000000000000006
S315010023D000000000000000000000000000000000F6
S315010023E000000000000000000000000000000000E6
S315010023F000000000000000000000000000000000D6
S3150100240000000000000000000000000000000000C5
S3150100241000000000000000000000000000000000B5
S3150100242000000000000000000000000000000000A5
S315010024300000000000000000000000000000000095
S315010024400000000000000000000000000000000085
S315010024500000000000000000000000000000000075
S315010024600000000000000000000000000000000065
S315010024700000000000000000000000000000000055
S315010024800000000000000000000000000000000045
S315010024900000000000000000000000000000000035
S315010024A00000000000000000000000000000000025
S315010024B00000000000000000000000000000000015
S315010024C00000000000000000000000000000000005
S315010024D000000000000000000000000000000000F5
S315010024E000000000000000000000000000000000E5
S315010024F000000000000000000000000000000000D5
S3150100250000000000000000000000000000000000C4
S3150100251000000000000000000000000000000000B4
S3150100252000000000000000000000000000000000A4
S315010025300000000000000000000000000000000094
S315010025400000000000000000000000000000000084
S315010025500000000000000000000000000000000074
S315010025600000000000000000000000000000000064
S315010025700000000000000000000000000000000054
S315010025800000000000000000000000000000000044
S315010025900000000000000000000000000000000034
S315010025A00000000000000000000000000000000024
S315010025B00000000000000000000000000000000014
S315010025C00000000000000000000000000000000004
S315010025D000000000000000000000000000000000F4
S315010025E000000000000000000000000000000000E4
S315010025F000000000000000000000000000000000D4
S3150100260000000000000000000000000000000000C3
S3150100261000000000000000000000000000000000B3
S3150100262000000000000000000000000000000000A3
S315010026300000000000000000000000000000000093
S315010026400000000000000000000000000000000083
S315010026500000000000000000000000000000000073
S315010026600000000000000000000000000000000063
S315010026700000000000000000000000000000000053
S315010026800000000000000000000000000000000043
S315010026900000000000000000000000000000000033
S315010026A00000000000000000000000000000000023
S315010026B00000000000000000000000000000000013
S315010026C00000000000000000000000000000000003
S315010026D000000000000000000000000000000000F3
S315010026E000000000000000000000000000000000E3
S315010026F000000000000000000000000000000000D3
S3150100270000000000000000000000000000000000C2
S3150100271000000000000000000000000000000000B2
S3150100272000000000000000000000000000000000A2
S315010027300000000000000000000000000000000092
S315010027400000000000000000000000000000000082
S315010027500000000000000000000000000000000072
S315010027600000000000000000000000000000000062
S315010027700000000000000000000000000000000052
S315010027800000000000000000000000000000000042
S315010027900000000000000000000000000000000032
S315010027A00000000000000000000000000000000022
S315010027B00000000000000000000000000000000012
S315010027C00000000000000000000000000000000002
S315010027D000000000000000000000000000000000F2
S315010027E000000000000000000000000000000000E2
S315010027F000000000000000000000000000000000D2
S3150100280000000000000000000000000000000000C1
S3150100281000000000000000000000000000000000B1
S3150100282000000000000000000000000000000000A1
S315010028300000000000000000000000000000000091
S315010028400000000000000000000000000000000081
S315010028500000000000000000000000000000000071
S315010028600000000000000000000000000000000061
S315010028700000000000000000000000000000000051
S315010028800000000000000000000000000000000041
S315010028900000000000000000000000000000000031
S315010028A00000000000000000000000000000000021
S315010028B00000000000000000000000000000000011
S315010028C00000000000000000000000000000000001
S315010028D000000000000000000000000000000000F1
S315010028E000000000000000000000000000000000E1
S315010028F000000000000000000000000000000000D1
S3150100290000000000000000000000000000000000C0
S3150100291000000000000000000000000000000000B0
S3150100292000000000000000000000000000000000A0
S315010029300000000000000000000000000000000090
S315010029400000000000000000000000000000000080
S315010029500000000000000000000000000000000070
S315010029600000000000000000000000000000000060
S315010029700000000000000000000000000000000050
S315010029800000000000000000000000000000000040
S315010029900000000000000000000000000000000030
S315010029A00000000000000000000000000000000020
S315010029B00000000000000000000000000000000010
S315010029C00000000000000000000000000000000000
S315010029D000000000000000000000000000000000F0
S315010029E000000000000000000000000000000000E0
S315010029F000000000000000000000000000000000D0
S31501002A0000000000000000000000000000000000BF
S31501002A1000000000000000000000000000000000AF
S31501002A20000000000000000000000000000000009F
S31501002A30000000000000000000000000000000008F
S31501002A40000000000000000000000000000000007F
S31501002A50000000000000000000000000000000006F
S31501002A60000000000000000000000000000000005F
S31501002A70000000000000000000000000000000004F
S31501002A80000000000000000000000000000000003F
S31501002A90000000000000000000000000000000002F
S31501002AA0000000000000000000000000000000001F
S31501002AB0000000000000000000000000000000000F
S31501002AC000000000000000000000000000000000FF
S31501002AD000000000000000000000000000000000EF
S31501002AE000000000000000000000000000000000DF
S31501002AF000000000000000000000000000000000CF
S31501002B0000000000000000000000000000000000BE
S31501002B1000000000000000000000000000000000AE
S31501002B20000000000000000000000000000000009E
S31501002B30000000000000000000000000000000008E
S31501002B40000000000000000000000000000000007E
S31501002B50000000000000000000000000000000006E
S31501002B60000000000000000000000000000000005E
S31501002B70000000000000000000000000000000004E
S31501002B80000000000000000000000000000000003E
S31501002B90000000000000000000000000000000002E
S31501002BA0000000000000000000000000000000001E
S31501002BB0000000000000000000000000000000000E
S31501002BC000000000000000000000000000000000FE
S31501002BD000000000000000000000000000000000EE
S31501002BE000000000000000000000000000000000DE
S31501002BF000000000000000000000000000000000CE
S31501002C0000000000000000000000000000000000BD
S31501002C1000000000000000000000000000000000AD
S31501002C20000000000000000000000000000000009D
S31501002C30000000000000000000000000000000008D
S31501002C40000000000000000000000000000000007D
S31501002C50000000000000000000000000000000006D
S31501002C60000000000000000000000000000000005D
S31501002C70000000000000000000000000000000004D
S31501002C80000000000000000000000000000000003D
S31501002C90000000000000000000000000000000002D
S31501002CA0000000000000000000000000000000001D
S31501002CB0000000000000000000000000000000000D
S31501002CC000000000000000000000000000000000FD
S31501002CD000000000000000000000000000000000ED
S31501002CE000000000000000000000000000000000DD
S31501002CF000000000000000000000000000000000CD
S31501002D0000000000000000000000000000000000BC
S31501002D1000000000000000000000000000000000AC
S31501002D20000000000000000000000000000000009C
S31501002D30000000000000000000000000000000008C
S31501002D40000000000000000000000000000000007C
S31501002D50000000000000000000000000000000006C
S31501002D60000000000000000000000000000000005C
S31501002D70000000000000000000000000000000004C
S31501002D80000000000000000000000000000000003C
S31501002D90000000000000000000000000000000002C
S31501002DA0000000000000000000000000000000001C
S31501002DB0000000000000000000000000000000000C
S31501002DC000000000000000000000000000000000FC
S31501002DD000000000000000000000000000000000EC
S31501002DE000000000000000000000000000000000DC
S31501002DF000000000000000000000000000000000CC
S31501002E0000000000000000000000000000000000BB
S31501002E1000000000000000000000000000000000AB
S31501002E20000000000000000000000000000000009B
S31501002E30000000000000000000000000000000008B
S31501002E40000000000000000000000000000000007B
S31501002E50000000000000000000000000000000006B
S31501002E60000000000000000000000000000000005B
S31501002E70000000000000000000000000000000004B
S31501002E80000000000000000000000000000000003B
S31501002E90000000000000000000000000000000002B
S31501002EA0000000000000000000000000000000001B
S31501002EB0000000000000000000000000000000000B
S31501002EC000000000000000000000000000000000FB
S31501002ED000000000000000000000000000000000EB
S31501002EE000000000000000000000000000000000DB
S31501002EF000000000000000000000000000000000CB
S31501002F0000000000000000000000000000000000BA
S31501002F1000000000000000000000000000000000AA
S31501002F20000000000000000000000000000000009A
S31501002F30000000000000000000000000000000008A
S31501002F40000000000000000000000000000000007A
S31501002F50000000000000000000000000000000006A
S31501002F60000000000000000000000000000000005A
S31501002F70000000000000000000000000000000004A
S31501002F80000000000000000000000000000000003A
S31501002F90000000000000000000000000000000002A
S31501002FA0000000000000000000000000000000001A
S31501002FB0000000000000000000000000000000000A
S31501002FC000000000000000000000000000000000FA
S31501002FD000000000000000000000000000000000EA
S31501002FE000000000000000000000000000000000DA
S31501002FF000000000000000000000000000000000CA
S3150100300000000000000000000000000000000000B9
S3150100301000000000000000000000000000000000A9
S315010030200000000000000000000000000000000099
S315010030300000000000000000000000000000000089
S315010030400000000000000000000000000000000079
S315010030500000000000000000000000000000000069
S315010030600000000000000000000000000000000059
S315010030700000000000000000000000000000000049
S315010030800000000000000000000000000000000039
S315010030900000000000000000000000000000000029
S315010030A00000000000000000000000000000000019
S315010030B00000000000000000000000000000000009
S315010030C000000000000000000000000000000000F9
S315010030D000000000000000000000000000000000E9
S315010030E000000000000000000000000000000000D9
S315010030F000000000000000000000000000000000C9
S3150100310000000000000000000000000000000000B8
S3150100311000000000000000000000000000000000A8
S315010031200000000000000000000000000000000098
S315010031300000000000000000000000000000000088
S315010031400000000000000000000000000000000078
S315010031500000000000000000000000000000000068
S315010031600000000000000000000000000000000058
S315010031700000000000000000000000000000000048
S315010031800000000000000000000000000000000038
S315010031900000000000000000000000000000000028
S315010031A00000000000000000000000000000000018
S315010031B00000000000000000000000000000000008
S315010031C000000000000000000000000000000000F8
S315010031D000000000000000000000000000000000E8
S315010031E000000000000000000000000000000000D8
S315010031F000000000000000000000000000000000C8
S3150100320000000000000000000000000000000000B7
S3150100321000000000000000000000000000000000A7
S315010032200000000000000000000000000000000097
S315010032300000000000000000000000000000000087
S315010032400000000000000000000000000000000077
S315010032500000000000000000000000000000000067
S315010032600000000000000000000000000000000057
S315010032700000000000000000000000000000000047
S315010032800000000000000000000000000000000037
S315010032900000000000000000000000000000000027
S315010032A00000000000000000000000000000000017
S315010032B00000000000000000000000000000000007
S315010032C000000000000000000000000000000000F7
S315010032D000000000000000000000000000000000E7
S315010032E000000000000000000000000000000000D7
S315010032F000000000000000000000000000000000C7
S3150100330000000000000000000000000000000000B6
S3150100331000000000000000000000000000000000A6
S315010033200000000000000000000000000000000096
S315010033300000000000000000000000000000000086
S315010033400000000000000000000000000000000076
S315010033500000000000000000000000000000000066
S315010033600000000000000000000000000000000056
S315010033700000000000000000000000000000000046
S315010033800000000000000000000000000000000036
S315010033900000000000000000000000000000000026
S315010033A00000000000000000000000000000000016
S315010033B00000000000000000000000000000000006
S315010033C000000000000000000000000000000000F6
S315010033D000000000000000000000000000000000E6
S315010033E000000000000000000000000000000000D6
S315010033F000000000000000000000000000000000C6
S3150100340000000000000000000000000000000000B5
S3150100341000000000000000000000000000000000A5
S315010034200000000000000000000000000000000095
S315010034300000000000000000000000000000000085
S315010034400000000000000000000000000000000075
S315010034500000000000000000000000000000000065
S315010034600000000000000000000000000000000055
S315010034700000000000000000000000000000000045
S315010034800000000000000000000000000000000035
S315010034900000000000000000000000000000000025
S315010034A00000000000000000000000000000000015
S315010034B00000000000000000000000000000000005
S315010034C000000000000000000000000000000000F5
S315010034D000000000000000000000000000000000E5
S315010034E000000000000000000000000000000000D5
S315010034F000000000000000000000000000000000C5
S3150100350000000000000000000000000000000000B4
S3150100351000000000000000000000000000000000A4
S315010035200000000000000000000000000000000094
S315010035300000000000000000000000000000000084
S315010035400000000000000000000000000000000074
S315010035500000000000000000000000000000000064
S315010035600000000000000000000000000000000054
S315010035700000000000000000000000000000000044
S315010035800000000000000000000000000000000034
S315010035900000000000000000000000000000000024
S315010035A00000000000000000000000000000000014
S315010035B00000000000000000000000000000000004
S315010035C000000000000000000000000000000000F4
S315010035D000000000000000000000000000000000E4
S315010035E000000000000000000000000000000000D4
S315010035F000000000000000000000000000000000C4
S3150100360000000000000000000000000000000000B3
S3150100361000000000000000000000000000000000A3
S315010036200000000000000000000000000000000093
S315010036300000000000000000000000000000000083
S315010036400000000000000000000000000000000073
S315010036500000000000000000000000000000000063
S315010036600000000000000000000000000000000053
S315010036700000000000000000000000000000000043
S315010036800000000000000000000000000000000033
S315010036900000000000000000000000000000000023
S315010036A00000000000000000000000000000000013
S315010036B00000000000000000000000000000000003
S315010036C000000000000000000000000000000000F3
S315010036D000000000000000000000000000000000E3
S315010036E000000000000000000000000000000000D3
S315010036F000000000000000000000000000000000C3
S3150100370000000000000000000000000000000000B2
S3150100371000000000000000000000000000000000A2
S315010037200000000000000000000000000000000092
S315010037300000000000000000000000000000000082
S315010037400000000000000000000000000000000072
S315010037500000000000000000000000000000000062
S315010037600000000000000000000000000000000052
S315010037700000000000000000000000000000000042
S315010037800000000000000000000000000000000032
S315010037900000000000000000000000000000000022
S315010037A00000000000000000000000000000000012
S315010037B00000000000000000000000000000000002
S315010037C000000000000000000000000000000000F2
S315010037D000000000000000000000000000000000E2
S315010037E000000000000000000000000000000000D2
S315010037F000000000000000000000000000000000C2
S3150100380000000000000000000000000000000000B1
S3150100381000000000000000000000000000000000A1
S315010038200000000000000000000000000000000091
S315010038300000000000000000000000000000000081
S315010038400000000000000000000000000000000071
S315010038500000000000000000000000000000000061
S315010038600000000000000000000000000000000051
S315010038700000000000000000000000000000000041
S315010038800000000000000000000000000000000031
S315010038900000000000000000000000000000000021
S315010038A00000000000000000000000000000000011
S315010038B00000000000000000000000000000000001
S315010038C000000000000000000000000000000000F1
S315010038D000000000000000000000000000000000E1
S315010038E000000000000000000000000000000000D1
S315010038F000000000000000000000000000000000C1
S3150100390000000000000000000000000000000000B0
S3150100391000000000000000000000000000000000A0
S315010039200000000000000000000000000000000090
S315010039300000000000000000000000000000000080
S315010039400000000000000000000000000000000070
S315010039500000000000000000000000000000000060
S315010039600000000000000000000000000000000050
S315010039700000000000000000000000000000000040
S315010039800000000000000000000000000000000030
S315010039900000000000000000000000000000000020
S315010039A00000000000000000000000000000000010
S315010039B00000000000000000000000000000000000
S315010039C000000000000000000000000000000000F0
S315010039D000000000000000000000000000000000E0
S315010039E000000000000000000000000000000000D0
S315010039F000000000000000000000000000000000C0
S31501003A0000000000000000000000000000000000AF
S31501003A10000000000000000000000000000000009F
S31501003A20000000000000000000000000000000008F
S31501003A30000000000000000000000000000000007F
S31501003A40000000000000000000000000000000006F
S31501003A50000000000000000000000000000000005F
S31501003A60000000000000000000000000000000004F
S31501003A70000000000000000000000000000000003F
S31501003A80000000000000000000000000000000002F
S31501003A90000000000000000000000000000000001F
S31501003AA0000000000000000000000000000000000F
S31501003AB000000000000000000000000000000000FF
S31501003AC000000000000000000000000000000000EF
S31501003AD000000000000000000000000000000000DF
S31501003AE000000000000000000000000000000000CF
S31501003AF000000000000000000000000000000000BF
S31501003B0000000000000000000000000000000000AE
S31501003B10000000000000000000000000000000009E
S31501003B20000000000000000000000000000000008E
S31501003B30000000000000000000000000000000007E
S31501003B40000000000000000000000000000000006E
S31501003B50000000000000000000000000000000005E
S31501003B60000000000000000000000000000000004E
S31501003B70000000000000000000000000000000003E
S31501003B80000000000000000000000000000000002E
S31501003B90000000000000000000000000000000001E
S31501003BA0000000000000000000000000000000000E
S31501003BB000000000000000000000000000000000FE
S31501003BC000000000000000000000000000000000EE
S31501003BD000000000000000000000000000000000DE
S31501003BE000000000000000000000000000000000CE
S31501003BF000000000000000000000000000000000BE
S31501003C0000000000000000000000000000000000AD
S31501003C10000000000000000000000000000000009D
S31501003C20000000000000000000000000000000008D
S31501003C30000000000000000000000000000000007D
S31501003C40000000000000000000000000000000006D
S31501003C50000000000000000000000000000000005D
S31501003C60000000000000000000000000000000004D
S31501003C70000000000000000000000000000000003D
S31501003C80000000000000000000000000000000002D
S31501003C90000000000000000000000000000000001D
S31501003CA0000000000000000000000000000000000D
S31501003CB000000000000000000000000000000000FD
S31501003CC000000000000000000000000000000000ED
S31501003CD000000000000000000000000000000000DD
S31501003CE000000000000000000000000000000000CD
S31501003CF000000000000000000000000000000000BD
S31501003D0000000000000000000000000000000000AC
S31501003D10000000000000000000000000000000009C
S31501003D20000000000000000000000000000000008C
S31501003D30000000000000000000000000000000007C
S31501003D40000000000000000000000000000000006C
S31501003D50000000000000000000000000000000005C
S31501003D60000000000000000000000000000000004C
S31501003D70000000000000000000000000000000003C
S31501003D80000000000000000000000000000000002C
S31501003D90000000000000000000000000000000001C
S31501003DA0000000000000000000000000000000000C
S31501003DB000000000000000000000000000000000FC
S31501003DC000000000000000000000000000000000EC
S31501003DD000000000000000000000000000000000DC
S31501003DE000000000000000000000000000000000CC
S31501003DF000000000000000000000000000000000BC
S31501003E0000000000000000000000000000000000AB
S31501003E10000000000000000000000000000000009B
S31501003E20000000000000000000000000000000008B
S31501003E30000000000000000000000000000000007B
S31501003E40000000000000000000000000000000006B
S31501003E50000000000000000000000000000000005B
S31501003E60000000000000000000000000000000004B
S31501003E70000000000000000000000000000000003B
S31501003E80000000000000000000000000000000002B
S31501003E90000000000000000000000000000000001B
S31501003EA0000000000000000000000000000000000B
S31501003EB000000000000000000000000000000000FB
S31501003EC000000000000000000000000000000000EB
S31501003ED000000000000000000000000000000000DB
S31501003EE000000000000000000000000000000000CB
S31501003EF000000000000000000000000000000000BB
S31501003F0000000000000000000000000000000000AA
S31501003F10000000000000000000000000000000009A
S31501003F20000000000000000000000000000000008A
S31501003F30000000000000000000000000000000007A
S31501003F40000000000000000000000000000000006A
S31501003F50000000000000000000000000000000005A
S31501003F60000000000000000000000000000000004A
S31501003F70000000000000000000000000000000003A
S31501003F80000000000000000000000000000000002A
S31501003F90000000000000000000000000000000001A
S31501003FA0000000000000000000000000000000000A
S31501003FB000000000000000000000000000000000FA
S31501003FC000000000000000000000000000000000EA
S31501003FD000000000000000000000000000000000DA
S31501003FE000000000000000000000000000000000CA
S31501003FF000000000000000000000000000000000BA
S31501004000903900205D970001E1210101E1210101C3
S31501004010E1210101E1210101E1210101E121010189
S31501004020E1210101E1210101E1210101D11E80000E
S31501004030E12101012C970101751E8000BB1680004C
S31501004040E1210101F5BB0001E1210101E1210101AC
S31501004050E1210101E1210101E1210101E121010149
S31501004060E1210101E1210101E1210101E121010139
S31501004070E1210101E1210101E1210101E121010129
S31501004080E1210101E1210101E1210101E121010119
S31501004090E1210101E1210101E1210101E121010109
S315010040A0E1210101E1210101E1210101E1210101F9
S315010040B0E1210101E1210101E1210101E1210101E9
S315010040C0E1210101E1210101E1210101E1210101D9
S315010040D0E1210101E1210101E1210101E1210101C9
S315010040E0E1210101E1210101999A0001799A000179
S315010040F0E1210101E1210101E1210101E1210101A9
S31501004100E1210101E1210101E1210101E121010198
S31501004110E1210101E1210101E1210101E121010188
S31501004120E1210101E1210101E1210101E121010178
S31501004130E1210101E1210101E1210101E121010168
S31501004140E1210101E121010169D30001E12101011F
S31501004150E1210101E1210101E1210101E121010148
S31501004160E1210101E121010181128000E121010129
S31501004170E1210101E1210101E1210101E121010128
S31501004180E1210101E1210101E1210101E121010118
S31501004190E1210101E1210101E1210101E121010108
S30D010041A0E1210101E121010108
S315010041A8014B1868704700BFFC7B00200A4B1B6F48
S315010041B803F00703013B042B04D8DFE803F00B04E3
S315010041C807030900FEE7054B18687047044BFBE730
S315010041D8044BF9E70448704700408040FC7B002007
S315010041E8047C0020F87B0020002D310108B5FFF77B
S315010041F8DDFF054B1B6FC3F303330133B0FBF3F04C
S31501004208024B186008BD00BF00408040F47B0020C7
S3150100421800487047002D3101014B1868704700BFEF
S31501004228047C0020002070474FF40022074B5A6691
S31501004238074B9B6813F4E04FC3F3023204D0012AFB
S31501004248044818BF00207047034870470050804053
S3150100425800001040005A6202002D3101014B186816
S31501004268704700BF007C00204FF4004070474FF4B0
S315010042787A70704700207047002310B5934200D129
S3150100428810BDCC5CC4540133F8E7C26810B50446C6
S3150100429862B10F3222F0804222F00F02002142F071
S315010042A880425C3000F034FA0023E36010BD816A75
S315010042B838B5044609B3006B01F10F0501F015F98C
S315010042C8236825F00F059A68A36A1269EB1A014655
S315010042D842EA032304F15C0045F0005200F00EFAAD
S315010042E8A16AE3680B44E360D4E908325B1842F13A
S315010042F80002C4E908320023A3622046BDE838401B
S31501004308FFF7C3BF10B50446C06D01F035F80023A9
S31501004318E36510BDC36D2DE9F04704460F46164601
S31501004328002B66D0B2F1807F05D3FFF7EBFF6FF064
S315010043383F00BDE8F087D0E906352B4304D0FFF7E7
S31501004348E1FF6FF04800F4E7836A98180F2808D848
S31501004358206B1844FFF790FFA36A1344A362002059
S31501004368E7E704F15C0AC3B11946206B01F0BDF811
S31501004378236801469B68A26A1B69504600F0BEF98C
S31501004388A16AE3680B44E360D4E908325B1842F199
S315010043980002C4E908320023A362E568384605EB42
S315010043A8060828F00F09A9EB0505294601F09DF82D
S315010043B8236801469B682A461B69504600F09EF908
S315010043C8E3682B44E360D4E908325B1942F1000241
S315010043D8AE42C4E90832C2D0206BA8EB0902231AFF
S315010043E83C3300EB430020637919FFF745FFA262CE
S315010043F8B5E76FF020009CE72DE9F0479846C36DB5
S3150100440805468A461446002B48D0B2F1807F05D36B
S31501004418FFF778FF6FF03F00BDE8F087D0F81090FE
S31501004428B9F1000F04D0FFF76DFF6FF04A00F3E70B
S31501004438FFF73DFF0CB90020EEE72E462146504610
S3150100444801F053F856F85C3B04F10F079B6827F017
S315010044580F075B69A7EB040A014643EA0A233046BC
S3150100446847F0005200F04AF9D5E90623121943F13B
S315010044780003C5E90623214640462C6101F036F8BA
S3150100448822460146304600F043F9BC42D3D049469C
S3150100449830464AF0804200F03BF9CCE76FF0200045
S315010044A8BAE70000F8B5C36D04460F46002B46D09F
S315010044B8FFF7FDFED4E90805D4E9061322680E18AC
S315010044C843EB0503956AAE4273F1000305D2204614
S315010044D8FFF718FF6FF00200F8BD136904F5AA7219
S315010044E8984704F15C0640B12368A16E9B68304683
S315010044F85B69144AE83100F001F9217A384601F17D
S315010045080F0500F0F3FF227A0146304600F000F964
S31501004518237A25F00F05AB4206D0EA1A0021304668
S3150100452842F0804200F0F4F8002530464FF49371CA
S31501004538656004F1740200F011F92846CCE76FF0C2
S315010045482000C9E710000020F8B5C36D04460E46E1
S31501004558002B7DD003685A68052A0AD1C26EDB6929
S315010045681A4206D0036923B9FFF7CCFE6FF0400063
S31501004578F8BD2046FFF79BFED4E90805D4E90613E2
S3150100458822680F1843EB0503956AAF4273F10003DE
S3150100459805D22046FFF7B6FE6FF00200E8E7136979
S315010045A804F5AA729847254655F85C3B28B39B68DB
S315010045B8A16E28465B69284AE83100F09FF86660D3
S315010045C8A16E227A2846E83102F10F0600F0A0F81A
S315010045D8237A26F00F06B34206D0F21A002128469E
S315010045E842F0804200F094F828464FF4937104F1A2
S315010045F8740200F0B3F80020BAE71A6B002ADED07D
S315010046089B689B6903F0C003C02B09D1636E53F8FD
S315010046180C2C103B002AFAD1DA6842F02002DA6043
S31501004628217A0029CCD0304601F10F0700F05DFF51
S31501004638236827F00F079A68237A9269FB1A0146BD
S3150100464842EA0323284647F0005200F057F8B7E735
S315010046586FF020008CE700BF10000020F8B5C36D8D
S315010046680446002B3CD05C3000F0FAF8431C0546A2
S3150100467803D020B12046FFF745FE2846F8BDE36A78
S31501004688002BF7D12368E66E9A69E06D164004F5AA
S31501004698AA7708D05B6AC3F14601C3F59772394414
S315010046A800F020FFE6E76368B3B146233946E822FE
S315010046B800F018FF33466068217AB14204D8002B0E
S315010046C818BF6FF00F05D5E7825D17F801CB0136E4
S315010046D882EA0C021343F0E72B46E8223946DFE764
S315010046E86FF02005C9E710B50446E06D00F0B4FE89
S315010046F82046FFF7B3FF431CF7D010BD10B58468F9
S3150100470821600021E360C4E901121034846010BD00
S31501004718836819600121C3E9011210338360704768
S3150100472810B5C0E90121044600F11001006800F046
S31501004738DAFEE06010BD000070B504461D46049E11
S31501004748FFF7EEFF33462046E1682561024ABDE8D8
S315010047587040FFF7D3BF00BF040000202DE9F043E6
S315010047681546C668836885B0044688461022002126
S3150100477868460836A3F11009374601F051F828466C
S315010047886B4681452DD20121EA68696042F0200213
S31501004798EA60AA68206842F00052AA609A685960DD
S315010047A842F000529A60019D08F1080204F11001D5
S315010047B800F097FE32462068002100F084FE2A4662
S315010047C82068102100F07FFE20680322342100F0C2
S315010047D881FE03223821206805B0BDE8F04300F0C8
S315010047E879BE426822B15F60034610371030C8E7C8
S315010047F86F600546F9E7F8B5002506462C460127F8
S31501004808204600F03FFE68B14FF4806100F054FE87
S31501004818304218BF07FA04F304F1010418BF1D4317
S31501004828202CEDD12846F8BD2DE9F0410025044696
S315010048380F4690462E4614B92846BDE8F081E3078F
S315010048480BD5304600F01EFE394600F035FE38EA33
S31501004858000002BF0123B3401D4301366408EAE79D
S3150100486870B528210546006800F026FE3C2106465B
S31501004878286800F021FE16F0240F00F0230407D063
S3150100488800F036FE286814F014DC6FF01F0070BDC6
S315010048983CB928684FF0FF32302100F01BFE204654
S315010048A8F5E74FF0FF30F2E7C0E900210022826008
S315010048B87047002320298CBF19460131C0E900330E
S315010048C881607047C000C90002F1080303F8010DB1
S315010048D893424FEA1020F9D103F11002083302F886
S315010048E8011D9A424FEA1121F9D1012070470000B2
S315010048F82DE9F34717460022044699460D46C26537
S315010049084265002900F0B6800B688E682BB9002E27
S3150100491800F0B080984646460EE0002E51D14B680D
S31501004928102B49D0182B49D0202B40F0A6801022F5
S315010049380426564B53F822806B68182B43D0D9F8B6
S315010049480030DB073FD40220FFF755FF824600F00F
S315010049584BFD4F4BE0652360E36DBBBB0120FFF7C1
S315010049684AFF40F2044148F04002FFF75DFFD9F8DB
S315010049780030064613F0010908D04FF080524FF473
S315010049888161FFF751FF4FF002090646304600F0F4
S315010049982BFD404BE0650C2239462360666504F51C
S315010049A8BD70FFF769FCBAF1000F01D0E36D0BB9D1
S315010049B8002E65D000260BE03246BAE708221646D5
S315010049C8B7E79046A7E74FF0FF3AC5E74FF000096A
S315010049D8E36D002B57D02146AA6851F8740B930151
S315010049E8DBB2920843EA0273426804F15C0802F1F9
S315010049F8080C012202FA0CF2134382683343126847
S31501004A0843EA090300924046E022FFF795FEAB68A8
S31501004A186BB9D5E9000100F068FD23686A689B68EF
S31501004A2801465B68404642F00052FFF767FE0C21DB
S31501004A38384600F05AFD236801469B6840469B6844
S31501004A48154AFFF75BFE002300220020C4E908236C
S31501004A58C4E9062304F13403C4E90B0310232372C2
S31501004A682368C4E90300DB68A0626360A56502B038
S31501004A78BDE8F0876FF02100F9E76FF04100F6E72E
S31501004A886FF00200F3E76FF00100F0E70499010106
S31501004A9898990101489901010C00002008B5C36DD8
S31501004AA88BB103685A68052A07D1027A8A4204D06B
S31501004AB8FFF728FC6FF0420008BDDB6A8B42F7D886
S31501004AC801720020F8E76FF02000F5E7002307B52B
S31501004AD8019301ABFFF70CFF03B05DF804FB00235C
S31501004AE813B5019301AB0446FFF702FF20B922680B
S31501004AF8E36E12681343E36602B010BD09B100F014
S31501004B0809B822207047012100F06EB9002100F092
S31501004B186BB9000070B504460D4600F05DFB06460C
S31501004B281D2C00F25A81DFE814F01E0027005801F7
S31501004B382A0034003F002E015600610058017A0010
S31501004B48DF007E009200580158019600A90058011D
S31501004B58AD005801B10058014601F30058010A0198
S31501004B68CB0058013E01FFF721FB0024286030469F
S31501004B7800F02DFB204670BDFFF738FBF5E7994B92
S31501004B881C6FFFF733FBC4F380240134B0FBF4F048
S31501004B98EBE7944B1C6FFFF729FBC4F38024013420
S31501004BA8B0FBF4F04008E0E78E4BD3F88000D3F869
S31501004BB88030C0F3011003F00303022B00F1010456
S31501004BC800F0D880032B00F0D880012B40F08180BB
S31501004BD8FFF7ECFADAE7FFF7E9FA824BD3F89030F8
S31501004BE8C3F304430133B0FBF3F0BEE77D4BD3F8BF
S31501004BF8203103F00703013B052B6AD8DFE813F0E0
S31501004C080600E7000C0009000600E700FFF7C8FAEE
S31501004C18ABE7FFF709FBA8E7FFF7FAFAA5E7714B38
S31501004C28D3F82831E5E76F4BD3F8403103F0030396
S31501004C38022B06D0032B07D0012B4AD1FFF714FB11
S31501004C4893E7FFF70BFB90E7FFF711FB8DE7654B42
S31501004C58D3F86031EAE7634BD3F8003203F0070370
S31501004C68013B032B35D801A252F823F09D0A800097
S31501004C78A30A8000A90A8000DD0A8000FFF7B6FAB8
S31501004C88800A72E7574BD3F84032CFE7554BD3F832
S31501004C98203203F00703013B032B1AD801A252F86D
S31501004CA823F000BF150B8000730A80009D0A80005F
S31501004CB8A30A800029460A20FFF72CFF044656E777
S31501004CC8484BD3F8703203F00303012B05D0022BAE
S31501004CD806D0002302242B6049E729460C20EBE77E
S31501004CE800230F242B6042E73E4BD3F8A83203F08A
S31501004CF80703013B032BECD801A252F823F000BFAE
S31501004D086D0A80002F0C8000790A8000730A8000E2
S31501004D18344BD3F8AC3203F00703013B032BD8D845
S31501004D2801A252F823F000BF990B8000730A800094
S31501004D389D0A8000A30A800029460B20BCE7294B5F
S31501004D48D3F8B002D3F8B03200F03F0003F4E063C1
S31501004D58B3F5407F00F1010412D008D8B3F5807F7E
S31501004D680BD0B3F5007FB4D1FFF756FA0EE7B3F5CA
S31501004D78806FAED1FFF758FA08E7FFF711FA05E792
S31501004D88FFF746FA02E7174BD3F8803103F003031E
S31501004D98022B3FF441AF032B3FF43BAF012B98D1D4
S31501004DA82946082088E74FF0E0231B6929465B0757
S31501004DB894D5012080E70B4BD3F8003103F00303A8
S31501004DC8022B3FF43EAF032B04D0012B81D1FFF711
S31501004DD823FACAE6FFF726FAC7E6002321242B6041
S31501004DE8C5E600BF00408040D8B1036813F4E07FF0
S31501004DF803F03F00C3F382120CD0012A0CD0032A18
S31501004E080FD1094B51B103F58053012282401A6033
S31501004E1800207047054BF5E7054BF3E703F500530B
S31501004E28F3E70E20704700BFB442804064408040DB
S31501004E3868408040F8B5164F05463B78834218D03E
S31501004E48144B1A6840F201239A4212D9A0B10B28D1
S31501004E5819D1114C6379C3B900F0BEF9214606464A
S31501004E680E4800F0FFF80446304600F0B0F90CB9D8
S31501004E783D7000242046F8BD00F0AEF90646074805
S31501004E8800F0D4F8EFE72124F4E70E24F2E700BF97
S31501004E98F57C002048480020F67C00204C4800207C
S31501004EA80122437801789A4030235943014B5A50DD
S31501004EB8704700BF40D08340B0F5802F22D010D86C
S31501004EC8B0F5003F20D007D818B3B0F5803F08BF2A
S31501004ED8482018BF01207047B0F5403F08BF2C2075
S31501004EE8F7E7B0F5302F11D007D8B0F5E02F0FD07E
S31501004EF8B0F5202F08BF1020EBE7B0F57F0F08BFEC
S31501004F080620E6E74B2070472A2070471120704794
S31501004F182120704708B54FF0FF31054800F08BF99D
S31501004F2828B94FF48062034B9A66BFF34F8F08BDC9
S31501004F3858470020005080404FF48062024B0348D6
S31501004F489A6600F094B900BF006080405847002077
S31501004F5810B5044600283FD0FFF7DCFF00283AD1F8
S31501004F68204600F002F994F824304BB94FF08543F6
S31501004F785A6CD202FCD55C6D1B6804F4702412E0ED
S31501004F884FF08544A36D43F00203A36500F088FC46
S31501004F98022810D0A36D23F00203A3654FF4A022C3
S31501004FA80E4B1C681A60FFF7C7FFA4B12046BDE87F
S31501004FB81040FFF781BF0A4B4FF0FF31186E00F022
S31501004FC843FEA36D23F00203A3650028E6D02368F8
S31501004FD8FFF7B2FF012010BD2120FCE7347C002039
S31501004FE8F446002008B528B12822002100F018FC53
S31501004FF8002008BD2120FCE738B51546044688B1CE
S3150100500882B10023084A8360C0E90023036200F0E5
S31501005018A3F82046294600F09FF82046BDE8384007
S31501005028FFF796BF212038BD000062FF13B501A91D
S31501005038044600F06BF880B940F20123019A9A42BE
S315010050480DD96FF48072A3F56B031344C4E90030DC
S31501005058A06020622046FFF77BFF02B010BD0F203B
S31501005068FBE700002DE9F74391F800800446A8F113
S315010050780603052B42D8B1F80150B5F5006F3DD2AC
S31501005088CF78052F3AD80E79032E37D891F805909F
S3150100509819F0FD0F32D101A900F038F8E8B940F24C
S315010050A80122019B93421BD9164B4946C4E900309C
S315010050B8A0602062204600F04FF8204645EA0841E4
S315010050C800F04AF83946204600F046F831462046AF
S315010050D800F042F82046FFF73BFF03B0BDE8F08336
S315010050E8B3F5007F0CD3084B4946C4E90030A060EC
S315010050F82062204600F030F82946E8E72120ECE74F
S315010051080F20EAE7000215FF000015FF10B50C464F
S31501005118D0B1C9B100F057F80C4B0D495A6E4FF48E
S315010051288033D2034B6601F5DE21D1F80C1658BF40
S31501005138084A216058BF536600F040F800202368EA
S3150100514823F07F43236010BD2120FCE70040804007
S315010051580050804000608040036A042B9FBF00EB2B
S3150100516883020133D16003627047036A052B16D89F
S315010051784FF08542116CC902FCD5002105339B000D
S31501005188136511600168143B11604168116050F89C
S31501005198081F11604FF085420344984200D17047B9
S315010051A850F8041F1160F8E7836813B981607047E6
S315010051B85B685A68012AFBD15960704710B962B613
S315010051C8BFF36F8F7047EFF3108072B6704780F3A5
S315010051D81188BFF36F8F7047EFF31180302383F384
S315010051E811887047EFF31083DB0706D4EFF31180BC
S315010051F82F2894BF00200120704701207047000026
S3150100520870B50546A8B1FFF7DEFF0646286E00F021
S315010052189EFC044640B100F0FAFB844209BF6C6D5E
S315010052280124E44304F001043046FFF7C7FF204692
S3150100523870BD0124FBE738B50D460446A8B100F058
S315010052482FFB02280FD1FFF7CDFF20B12046BDE87D
S315010052583840FFF7D5BF2946206E00F031FC0038EB
S3150100526818BF012038BD0020F9E70120FAE710B57B
S315010052780446A0B100F014FB02280ED1FFF7B2FFD5
S3150100528820B12046BDE81040FFF7BABF206E00F0F6
S315010052983CFC003818BF012010BD0020F9E70120A9
S315010052A8FAE70000012870B504460D463FD8224B9F
S315010052B85B68C3F30803CBB94FF0FF311F48FFF70B
S315010052C8BAFFE8B964201E4B1E4E4FF0FF3100FBB2
S315010052D804303460FFF7AFFF90B9336833B92DB1A5
S315010052E84A2013F091D90122174B1A72124D44B96B
S315010052F81648FFF708FC6B68C3F30803CBB900200F
S3150100530870BD1348FFF7FFFB6B68C3F30803002B57
S31501005318F5D0104BDA6B12F0430FFBD19B6A0E4A9C
S3150100532813F0240318BF012314201360E8E7212092
S31501005338E6E70F20E4E700BF00ED00E01049002092
S3150100534874490020A8480020607C0020CC980101FF
S31501005358D0980101004000415C7C0020044B5B6849
S31501005368C3F3080313B90348FFF781BF0020704749
S3150100537800ED00E01049002070B504461348FFF718
S315010053883FFFD0B926684EB9114D2B7A1BB14A2079
S3150100539813F038D92E720F48FFF7B8FB2368012B93
S315010053A80BD10D4B5B68C3F3080333B90B4B1B6871
S315010053B8112B02D10A48FFF7A9FB64202268094B81
S315010053C8BDE8704000FB0230FFF751BF10490020CD
S315010053D8607C0020CC98010100ED00E05C7C002097
S315010053E8D0980101744900200A4B1A680123934099
S315010053F818400ED0084B5B68C3F308033BB1074A54
S31501005408D36B13F0430FFBD1012000F03BB81046D4
S31501005418FBE77047A848002000ED00E00040004186
S3150100542808B54FF082439A6A12F0340F1CBF342232
S315010054381A63074B1B7A53B100F032FA0238012876
S3150100544805D8044B186EBDE8084000F02BBC08BD12
S31501005458607C0020AC48002008B5084B1B7A5BB17C
S3150100546800F01EFA022807D1054B4FF0FF31186EDE
S31501005478BDE8084000F0E8BB08BD00BF607C00201D
S31501005488AC48002001280BD8074B5B68C3F3080317
S3150100549843B90C22054B06481B6802FB03007047FB
S315010054A8002070470348704700ED00E0A848002037
S315010054B8607C00206C7C00204368BFF34F8F5858EE
S315010054C8BFF34F8F70474368BFF34F8F5A50BFF3EF
S315010054D84F8F70474368BFF34F8F5A50BFF34F8FB3
S315010054E87047704770470846704770477047000015
S315010054F80122024BC3F8FC2F704700BF00F0FFFFE3
S3150100550853B94AB9002908BF00281CBF4FF0FF311B
S315010055184FF0FF3000F082B9ADF1080C6DE904CE09
S3150100552800F006F8DDF804E0DDE9022304B070476F
S315010055382DE9F04F099D0C46002B4DD18A420F46A5
S3150100554884469646B2FA82F360D94BB102FA03FE53
S31501005558C3F120029F4000FA03FC20FA02F2174326
S315010055684FEA1E461FFA8EF44FEA1C42B7FBF6F1C4
S3150100557806FB117701FB04F042EA0742904208D97B
S315010055881EEB020201F1FF3702D2904200F231818D
S315010055983946121A1FFA8CFCB2FBF6F006FB1022EA
S315010055A800FB04F44CEA024C644508D91EEB0C0CCA
S315010055B800F1FF3202D2644500F21E81104640EA2C
S315010055C80140ACEB040C002125B12CFA03F30022AF
S315010055D8C5E90032BDE8F08F8B4205D90DB1C5E9A1
S315010055E8000100210846F5E7B3FA83F100294DD1F8
S315010055F8A342C0F0F380904280F0F080064623462D
S315010056080846002DE6D0C5E90063E3E7002B40F024
S31501005618A3808A1A4FEA1E471FFA8EF60121B2FBAA
S31501005628F7F407FB14204FEA1C4242EA004206FB44
S3150100563804F090420FD91EEB020204F1FF382CBF89
S315010056484FF001094FF00009904203D9B9F1000F53
S3150100565800F0CC804446121A1FFA8CFCB2FBF7F014
S3150100566807FB102200FB06F64CEA024C664508D9F0
S315010056781EEB0C0C00F1FF3202D2664500F2B38034
S315010056881046ACEB060C40EA04409DE7C1F1200642
S315010056988B4004FA01FE22FA06F720FA06FCF440CA
S315010056A88A401F434EEA0C0300FA01FE4FEA1748E7
S315010056B84FEA13491FFA87FCB4FBF8F008FB1044BC
S315010056C849EA044400FB0CF9A1450ED93C1900F13D
S315010056D8FF3A2CBF4FF0010B4FF0000BA14503D940
S315010056E8BBF1000F00F08B805046A4EB09041FFAAA
S315010056F883F9B4FBF8F308FB134403FB0CFC49EAF2
S315010057080444A44506D93C1903F1FF3801D2A4453E
S315010057187BD8434643EA0040A4EB0C04A0FB02985D
S315010057284445CC46434602D306D1CE4504D2013878
S31501005738B9EB020C68EB0703002D6CD0BEEB0C022B
S3150100574864EB030422FA01F304FA06F6CC400021BD
S315010057581E43C5E900643DE702FA03FEC3F12001D1
S3150100576804FA03F200FA03FCCC404FEA1E4720FA7A
S3150100577801F11FFA8EF6B4FBF7F00A4307FB104452
S31501005788110C41EA044100FB06F48C420ED91EEBCA
S31501005798010100F1FF382CBF4FF001094FF0000954
S315010057A88C4202D9B9F1000F2CD04046091B92B29E
S315010057B8B1FBF7F407FB141142EA014204FB06F1B7
S315010057C8914207D91EEB020204F1FF3801D2914238
S315010057D81ED84446521A44EA004120E7861A64EB69
S315010057E8030301200DE7F44402384AE7023C7244F8
S315010057F831E702397244CCE6F4440238DFE602386E
S315010058083C4472E702387144D0E7023B3C4481E7E5
S31501005818023C7244DEE72946DCE600BF704700BF5A
S3150100582802440346934200D1704703F8011BF9E786
S3150100583810B5EFF3058414B10124204610BD01F01B
S31501005848DFFC0128F9D0EFF31083002BF4D1EFF335
S315010058581184003C18BF0124EFE708B54FF0E02397
S315010058681B6901F0CDFC012803D0BDE8084000F012
S3150100587871BB08BD08B5FFF7DBFF48B901F0C0FCED
S315010058880128034607D1054A106820B9136008BDE7
S315010058986FF00500FBE74FF0FF30F8E7FC4F0020FB
S315010058A808B501F0ADFC38B1022804D0034B1868DD
S315010058B8431E5842584108BD0320FCE7FC4F00200F
S315010058C810B5FFF7B5FF044668B901F099FC012840
S315010058D80CD1084B1A68012A08D102221A6001F074
S315010058E8F5F9204610BD6FF00500FBE74FF0FF30D4
S315010058F8F8E700BFFC4F002010B5FFF799FF0446F3
S3150100590840B901F07DFC40B1022808D101F022FA24
S31501005918204610BD6FF00500FBE70120F9E74FF0BF
S31501005928FF30F6E710B50446FFF782FFB0B901F07C
S3150100593867FC30F0020314D1012C03D101F00AFAF5
S31501005948204610BD6CB901F0DDFA0128F8D001F046
S3150100595857FC841E18BF4FF0FF34F1E76FF00504BA
S31501005968EEE74FF0FF34EBE700232DE9F04186B06F
S3150100597805460E4690460593FFF75AFF00BBFDB153
S31501005988B8F1000F3DD0D8F818402CB1631E372B5B
S3150100599803D906B0BDE8F0811824D8F80430DB072E
S315010059A833D4D8F814306BB19A08D8F80010D8E96E
S315010059B802704FB15F2803D9D8F8100000B1B3B906
S315010059C80598E6E7A022F0E70028F9D1D8F81030C3
S315010059D8002BF5D105AB013C0193284633460094CB
S315010059E801F08BF801281CBF00230593E8E7013C69
S315010059F8CDE9010733462846009401F0ACF8059035
S31501005A08DEE741461824A022E4E70020C1E701F0B9
S31501005A18EBBB38B50546FFF70BFF044650B965B130
S31501005A28284601F011F904280AD0284601F0C0F8E1
S31501005A38204638BD6FF00500FBE76FF00300F8E775
S31501005A486FF00200F5E738B50546FFF7F1FE10B12C
S31501005A580024204638BD25B9BDE83840012000F0AC
S31501005A688EBE6B681A07F3D4D5E9021203F0010357
S31501005A7879B14F2AECD99BB1042000F0C1FE044646
S31501005A880028E5D0296809B100F0B6FD44F0010403
S31501005A98DFE7002ADCD17BB1042000F070FEEEE7D7
S31501005AA8012000F0ADFE04460028D1D0296800295E
S31501005AB8CFD000F0A1FDCCE7012000F060FEF2E7AF
S31501005AC8F8B505460C4620F0010600F00107FFF778
S31501005AD8AFFEA0B9012D15D92146304667B100F0B0
S31501005AE85FFD012801D10020F8BD002C14BF6FF01D
S31501005AF801006FF00200F7E700F0BFFCF1E76FF075
S31501005B080500F1E76FF00300EEE770B5044620F0F3
S31501005B18010500F00106FFF78BFE90B9012C13D998
S31501005B2846B1284600F053FD01280CBF00206FF04E
S31501005B38020070BD334632463146284600F049FB1D
S31501005B48F2E76FF00500F4E76FF00300F1E70128CB
S31501005B5810B50ED920F00104FFF76AFE20B12046E0
S31501005B68BDE8104000F016BD2046BDE8104000F023
S31501005B7804BD002010BD70B5054620F00106FFF7EB
S31501005B8857FE044648B9012D0AD9304600F052FDA0
S31501005B98304600F067FD204670BD6FF00500FBE753
S31501005BA86FF00300F8E773B504460E461546FFF78E
S31501005BB83FFE70BB6CB3B4422BD35DB9012C3BD10C
S31501005BC820460322002100F0B0FD044608B396B929
S31501005BD805B32AE0D5E90232CBB14F2A19D9012CEE
S31501005BE81BD10322014600920246204600F0E0FD41
S31501005BF8044670B1CEB1002320461A46194600F074
S31501005C08E8FA0128E4D0204600F02CFD01E0002A3C
S31501005C18D4D00024204602B070BD20461A4631462B
S31501005C2800F0FCFD04460028F3D029680029F1D0CC
S31501005C38204600F0E1FCEDE72046314600F0AAFDDA
S31501005C4804460028C4D1E4E737B50C46054618B919
S31501005C586FF0030003B030BDFFF7EAFDB8B1002CC1
S31501005C68F6D12146284601AA019400F0D2FB012863
S31501005C7802D06FF00200EDE7019B0BB90020E9E7BE
S31501005C884FF0E0234FF08052C3F8042DF6E7214682
S31501005C98284600F0F2FB0128F0D0002CE9D06FF07D
S31501005CA80100D7E713B5044608B3FFF7C1FD03465C
S31501005CB8A8B10023204601A9019300F07CFB012825
S31501005CC803D06FF0020002B010BD019B2BB14FF05B
S31501005CD8E0234FF08052C3F8042D0020F3E7024673
S31501005CE80146204600F075FA0128F6D0E9E76FF07B
S31501005CF80300E8E738B50546FFF79AFD044640B9BB
S31501005D0855B1284600F096FC284600F0ABFC204623
S31501005D1838BD6FF00500FBE76FF00300F8E70000F8
S31501005D28034B0360034B0B60A0231360704700BF4E
S31501005D389C4F00201C4D0020034B0360034B0B6056
S31501005D48A0231360704700BFBC4C00203C4A0020CA
S31501005D584FF0FF3200F10803C0E9022343600361F3
S31501005D6800230360704700230361704730B50C6850
S31501005D78631C0AD103695A684A6091608B6059604D
S31501005D88036808610133036030BD00F10802134658
S31501005D9852681568A542FAD9EDE743689A684B60D7
S31501005DA88A6051609960036808610133036070472E
S31501005DB80369D0E901128A6051605968814208BFB6
S31501005DC85A6000220261186801381860704700009D
S31501005DD810B54FF0807440E90224184A4FF0123486
S31501005DE840F80C2C4FF003324FF0023C40E90524F1
S31501005DF84FF0013240F8203C40E9072C4FF01033B0
S31501005E084FF011324FF0093440E90A324FF00833A6
S31501005E184FF0073C40E90C344FF006334FF005329A
S31501005E2840E90E3C4FF0043340E910326FF043036A
S31501005E3840F8443C40F8481D10BD00BFC9D80001D0
S31501005E484FF0E0220423136100234FF47A71936122
S31501005E58044B1B68B3FBF1F3013B53610723136141
S31501005E68704700BFF47B0020002313B54FF07F4233
S31501005E7801934FF0E023C3F81C2DD3F81C3D1B0EEC
S31501005E888DF803309DF803309DF803309DF80330F3
S31501005E9813F0800F019B29D1082B0CBF0023019B0E
S31501005EA8174A18BFC3F107031B0203F4E063136023
S31501005EB84FF0E0230024D3F8202D42F47F02C3F8E3
S31501005EC8202DD3F8202D42F07F42C3F8202DC3F8A8
S31501005ED81C4DFFF7B5FF0B4B1C6000F079F801F07C
S31501005EE839F90BF0C1DD204602B010BD013301932B
S31501005EF89DF803305B00DBB28DF80330C6E700BFBF
S31501005F0800500020787C00204FF0E0234FF08052AB
S31501005F18C3F8042DBFF34F8FBFF36F8F704700008F
S31501005F2808B500F065F8044A136801331360BFF336
S31501005F384F8FBFF36F8F08BD787C0020044B1A681A
S31501005F481A68013A1A60186808B900F05CB870470F
S31501005F58787C002010B500F04BF8044600F01CFFD1
S31501005F6828B14FF0E0234FF08052C3F8042D2046A4
S31501005F78BDE8104000F047B8836913F8023C662B68
S31501005F880FD14FF0E023D3F8882D42F47002C3F8FD
S31501005F98882DD3F8342F42F04042C3F8342F00F04D
S31501005FA801B87047094A1168086806C881F30B8861
S31501005FB8022181F31488203080F30988BFF36F8F9B
S31501005FC84FF0000080F3118810470000505500205B
S31501005FD806480068006880F3088862B661B6BFF3B0
S31501005FE84F8FBFF36F8F66DF00BF000008ED00E03B
S31501005FF8EFF311804FF0300181F31188BFF34F8F12
S31501006008BFF36F8F704780F31188BFF34F8FBFF3CC
S315010060186F8F7047EFF309801EF0100F08BF20ED50
S31501006028108AEFF30B82734620E9FC0F0F4A1168B9
S3150100603808604FF0300080F31188BFF34F8FBFF32C
S315010060486F8F01F087F84FF0000080F31188074A37
S3150100605811680868B0E8FC0F13F0100F08BFB0EC20
S31501006068108A82F30B8880F3098818475055002057
S315010060781EF0040F0CBFEFF30880EFF30980014906
S3150100608808470000D91D800010B5044600F062FEDD
S31501006098204612F022DC044600F034FF204610BDEB
S315010060A810B5044640B100F055FE204612F024DD35
S315010060B8BDE8104000F026BF10BD70B50446FFF7D5
S315010060C82FFF94F8455004F124066DB2002D14DC17
S315010060D8FF2384F84530FFF731FFFFF721FF94F8D6
S315010060E8445004F110066DB2002D12DCFF2384F82A
S315010060F84430BDE87040FFF721BF636A002BE7D043
S31501006108304600F0CDFF08B101F074F8013D6DB2DB
S31501006118DCE72369002BE9D0304600F0C1FF08B15E
S3150100612801F068F8013D6DB2DEE710B50446FFF7E8
S31501006138F7FEA46BFFF702FFB4FA84F0400910BD1D
S3150100614870B51646026C0446856B42B906689EB957
S31501006158806801F0ABF8A6600135A56370BD6EB91C
S31501006168406816F039DE6368226C1344A2686360DE
S31501006178934224BF236863600020EDE7C06816F0E8
S315010061882BDE226CE36851429B1A2268E360934234
S315010061983EBFA3685B18E360022EEDD10DB1013D48
S315010061A8EAE72846D8E703461A6C084610B46AB1E6
S315010061B8DC68996814448C4228BF1968DC6028BFDA
S315010061C8D960D9685DF8044B16F0069E5DF8044B54
S315010061D87047F0B5044685B01D4601920E4601F09A
S315010061E80FF8FFF79DFEA26BE36B9A421FD22A4670
S315010061F831462046FFF7A4FF636A1BB104F1240068
S3150100620800F04EFF08B1FFF77FFEFFF797FE01206A
S3150100621805B0F0BDFFF784FEA36BE26B9A42E6D8A0
S315010062280123019A42B9FFF789FE0020F0E7022D02
S31501006238DDD000231F46F4E713B902A801F0B4F82C
S31501006248FFF77CFE00F086FDFFF76AFE94F84430FE
S31501006258FF2B08BF84F8447094F84530FF2B08BF1C
S3150100626884F84570FFF76AFE01A902A801F0A8F8AB
S3150100627820BBFFF755FEA26BE36B9A4210D1FFF7DD
S315010062885DFE019904F1100000F0D8FE2046FFF7E3
S3150100629814FF00F037FE0028BCD1FFF735FE06E0F3
S315010062A8FFF74CFE2046FFF708FF00F02BFEFFF72D
S315010062B837FEA26BE36B9A42B2D298E72046FFF704
S315010062C8FCFE00F01FFEB0E738B100231A46194656
S315010062D883600360C360FFF77CBF7047F0B504466F
S315010062E885B00E46019200F08BFFFFF719FEA56BEC
S315010062F89DB131462046FFF756FF2369013DA56347
S3150100630833B104F1100000F0CBFE08B1FFF7FCFD34
S31501006318FFF714FE012005B0F0BD019B1BB9FFF77D
S315010063280DFE0020F7E702A801F03EF82F46FFF719
S3150100633805FE00F00FFDFFF7F3FD94F84430FF2B3F
S3150100634808BF84F8447094F84530FF2B08BF84F8D9
S315010063584570FFF7F3FD01A902A801F031F8F8B974
S315010063682046FFF7E2FEA8B1019904F1240000F0E6
S3150100637865FE2046FFF7A1FE00F0C4FD08B9FFF748
S31501006388C3FDFFF7CDFDA56B002DB2D1019B002BF7
S31501006398CDD1C4E72046FFF790FE00F0B3FDF0E744
S315010063A82046FFF78AFE00F0ADFD2046FFF7BDFE49
S315010063B80028E6D0B5E7F8B504460E460BF064DBCF
S315010063C8FFF716FEA36BE26B07469A421FD994F8AC
S315010063D845200133FF2A55B2A3630FD1636A3BB146
S315010063E804F1240000F05CFE10B10EB10123336004
S315010063F801243846FFF707FE2046F8BD00F0B8FC31
S315010064088542F5D201356DB284F84550F0E700248E
S31501006418EFE72DE9F8430446894690460BF034DB4D
S31501006428FFF7E6FDA66B0746C6B194F84450494600
S3150100643820466DB2FFF7B7FE013E6B1CA66313D16A
S31501006448236953B104F1100000F02AFE28B1B8F10E
S31501006458000F02D00123C8F8003001263846FFF79D
S31501006468D2FD3046BDE8F88300F082FC8542F4D2BD
S3150100647801356DB284F84450EFE7F0B5002585B0D3
S31501006488044601912E4600F0BBFE2F46FFF748FD54
S31501006498A36BA3B1013BA363236813B900F07AFF89
S315010064A8A060236933B104F1100000F0F9FD08B1C9
S315010064B8FFF72AFDFFF742FD012005B0F0BD019B5C
S315010064C81BB9FFF73BFD0020F7E716B902A800F054
S315010064D86BFFFFF733FD00F03DFCFFF721FD94F854
S315010064E84430FF2B08BF84F8447094F84530FF2BDD
S315010064F808BF84F84570FFF721FD01A902A800F03D
S315010065085FFF10BB2046FFF710FEC0B123683BB9F9
S31501006518FFF706FDA06800F083FE0546FFF70EFDAE
S31501006528019904F1240000F089FD2046FFF7C5FD15
S3150100653800F0E8FC08B9FFF7E7FC0126A6E72046C4
S31501006548FFF7BBFD00F0DEFCF7E72046FFF7B5FDD8
S3150100655800F0D8FC2046FFF7E8FD0028EDD0002D15
S31501006568B1D0FFF7DDFC616A19B1236B1968C1F176
S315010065783801A06800F0D0FEA3E710B50446FFF77E
S31501006588CFFC236823B9A468FFF7D8FC204610BDC1
S315010065980024F9E703680BB9806870470020704743
S315010065A870B5866804460D4600F01EFE864204D183
S315010065B80120E3680133E36070BD29462046FFF7F1
S315010065C85CFF0028F8D0E3680133E360F4E738B5E7
S315010065D88568044600F008FE85420BD1E368013B55
S315010065E8E3600BB1012038BD1A4619462046FFF76C
S315010065F8F0FDF7E70020F6E770B5B9B100230C4ABC
S315010066081C4615465668864204D105EBC403C3E900
S3150100661800100BE01BB91668002E08BF134601349B
S315010066280A2C02F10802EDD1002BF0D170BD00BF92
S3150100663804500020002310B5084A52F83310DC0034
S31501006648814206D10021064A42F83310224451609C
S3150100665810BD01330A2BF0D1FAE700BF085000201C
S315010066680450002010B5FFF7E5FF90F846301BB936
S31501006678BDE81040FFF714BD10BD70B504460D46C0
S315010066881646FFF74DFC94F84430FF2B04BF002350
S3150100669884F8443094F84530FF2B04BF002384F86E
S315010066A84530FFF74BFCA36B2BB93246294604F15B
S315010066B8240000F0D3FC2046BDE87040FFF7FDBC7E
S315010066C870B50E46044610B3C06B00B3236CA3FB2A
S315010066D80035DDB9FFF724FCD4E90F314B432268B5
S315010066E8A563D0185B1A62601A44FF23A06084F878
S315010066F84430E26084F8453056B104F11000FFF7E2
S3150100670827FB04F12400FFF723FB0AE0002070BDF4
S31501006718236933B104F1100000F0C2FC08B1FFF798
S31501006728F3FBFFF70BFC0120F1E72DE9F0410D46DC
S315010067381746064618B900242046BDE8F081A1FB94
S315010067480038B8F1000FF6D1484310F1510FF2D8CD
S315010067585030FFF799FC04460028ECD080F84680B3
S315010067685DB100F1500301212046C4E90F6523609C
S31501006778FFF7A6FF84F84C70DEE70346F3E7024607
S3150100678810B500210120FFF7D0FF0446FFF79CFD55
S31501006798204610BD10B50C4630B1884204D30222FA
S315010067A80021FFF7C2FF08B9002010BD8463FCE78A
S315010067B837B50D461C46E8B193B1A2B1E1B15023F4
S315010067C80193019B019B0121C4E90F0584F8461039
S315010067D820462260FFF774FF9DF8183084F84C3084
S315010067E8204603B030BD49B950230193019B224687
S315010067F8019BE8E70446F3E70C46F1E71446EFE7A1
S31501006808002213B50B46009011460120FFF7D0FF71
S315010068180446FFF759FD204602B010BD13B51346CD
S315010068280C4640B1884206D3022200920022114644
S31501006838FFF7BEFF10B9002002B010BD8463FBE765
S3150100684810B590F85D3004463BB9006BFFF728FC9C
S315010068582046BDE81040FFF723BC012BF9D010BD37
S3150100686800222DE9F84306461E4B1F4C1D681F4B97
S315010068780F46D3F800801E4BD3F800902368206892
S3150100688883F85E200430FFF793FA731C14D19FB185
S31501006898184B21685A688A6090682168C86021681F
S315010068A804314160216804319160226853611A6894
S315010068B801321A60BDE8F88323682168AD195D6065
S315010068C801F1040104D34846BDE8F843FFF74EBA7F
S315010068D84046FFF74BFA084B1A68AA4288BF1D6063
S315010068E8E8E700BF7850002050550020C45000202A
S315010068F8C0500020805000205C500020064A1368D2
S315010069081968064B19B94FF0FF321A6070471268B9
S31501006918D2681268F9E700BFC45000205C50002015
S31501006928F8B50C4C0C4F0D4D236803B9F8BDFFF7AC
S31501006938F7FAFB68DE68301DFFF73AFA2B68013B68
S315010069482B602368013B2360FFF7F8FA3046FFF70F
S3150100695877FFE9E794500020985000207C500020EA
S315010069682DE9F0410446FFF7DBFA304B304E1A6841
S31501006978304F01321A603568002D4AD134601B68E0
S31501006988012B1FD1B84640460135FFF7E1F9382DED
S3150100699808F11408F7D1DFF8C480274D4046FFF700
S315010069A8D7F92846FFF7D4F92448FFF7D1F924483F
S315010069B8FFF7CEF92348FFF7CBF9234BC3F800803D
S315010069C8224B1D60224A201D136801331360214A98
S315010069D823641168E36A8B4288BF13601422534308
S315010069E8F9184A689568A260E56068609060FA5887
S315010069F861610132FA50FFF7A1FA174B1B689BB187
S31501006A083368DA6AE36A9A420ED2BDE8F041FFF7C3
S31501006A187BBA114B1A68E36A002AD3D13268D26A63
S31501006A289A4298BF3460CDE7BDE8F0817C500020DA
S31501006A3850550020F0500020C8500020AC500020CE
S31501006A489850002080500020C4500020C0500020DB
S31501006A58605000207450002070500020DC50002047
S31501006A6808B5044CFFF75CFF2368012BFAD9FFF739
S31501006A784BFAF7E7F05000202DE9F8430D46DDE91A
S31501006A880994960032460746A521206B9846FEF7DB
S31501006A98C7FE236B043E1E4426F007066DB16B1E26
S31501006AA804F13302093513F8011F02F8011F09B170
S31501006AB8AB42F8D1002384F83D30089D201D372DBF
S31501006AC828BF3725E562A564FFF74DF9C5F13805F5
S31501006AD804F11800FFF747F943463A463046216B59
S31501006AE82461A5616462FFF773F92060B9F1000FAB
S31501006AF801D0C9F80040BDE8F8832DE9F0430746FF
S31501006B0885B09000884616469946FFF7BDFA0546B0
S31501006B18F0B16020FFF7B8FA0446B0B1602200214F
S31501006B28FEF77EFE0D9B256301930C9B324641467B
S31501006B383846009302944B46FFF79EFF2046FFF71F
S31501006B480FFF012005B0BDE8F0832846FFF7A8FA34
S31501006B584FF0FF30F6E72DE9F043174660220E465F
S31501006B68002187B005929846DDE90F94059B0546F5
S31501006B78059B0491C4B1B9F1000F15D02046FEF763
S31501006B884FFE022384F85D3004ABC4F830900193BC
S31501006B980E9B284600933A46434631460294FFF730
S31501006BA86BFF2046FFF7DCFE049807B0BDE8F083CB
S31501006BB8F8B504461D4DFFF7B3F904B92C68271D2E
S31501006BC83846FFF7F5F8A36A1BB104F11800FFF779
S31501006BD8EFF8174A174E1368013313602B68A3425F
S31501006BE8336800D15BB9144A1368013B1360FFF798
S31501006BF885FEFFF7A3F92046FFF722FE09E039468D
S31501006C080E48FFF7CAF80E4A136801331360FFF7F7
S31501006C1895F9336843B12B68A34205D1094B1B6823
S31501006C28BDE8F840FFF770B9F8BD00BF5055002020
S31501006C3860500020705000207C50002098500020A1
S31501006C4894500020545000201A4B2DE9F0411B683E
S31501006C580446834226D0FFF763F9174BD4F82880F8
S31501006C681F68164B65691E68FFF768F9144B984546
S31501006C781AD0BD421AD0B54218D0124B9D4209D13D
S31501006C88A36A9BB994F85C30012B14BF0320022038
S31501006C98BDE8F0810C4B9D420AD0002D14BF01209E
S31501006CA80420F5E70020F3E70120F1E70220EFE7EA
S31501006CB80420EDE750550020C4500020C0500020A4
S31501006CC8AC500020805000209850002030B58BB081
S31501006CD807AB1D46184A12F8014B03F8014B002C65
S31501006CE8F9D106AA05A904A8CDE90444FFF718F8BD
S31501006CF8049B29460293059B069ACDE900430F4852
S31501006D082346FFF728FF0E4B186080B100F0E6FC1A
S31501006D18012805460BD1FFF76BF94FF0FF32094BF6
S31501006D281A60094B1D60094B1C60FFF79DF8084B5B
S31501006D381B680BB030BD00BFA89A0101C1288000AD
S31501006D48585000205C5000207050002078500020D8
S31501006D587C7C0020024A136801331360704700BF28
S31501006D6854500020014B1868704700BF7850002026
S31501006D78014B1868704700BF7C500020012906D8CE
S31501006D8808B9044B1868143150F8210070470020DF
S31501006D98704700BF505500202DE9F84F4E4B1B6830
S31501006DA8002B40F092804D4B1C6801341C6064B97D
S31501006DB84B4B1A684B4A19681068186011604A4AA1
S31501006DC8136801331360FFF799FD484D00202B68BE
S31501006DD8474AA342DFF824B10FD91421DBF8003062
S31501006DE8DB6A4B43D358022B424B28BF01201B6851
S31501006DF8002B18BF0120BDE8F88F0746DFF800C150
S31501006E08374B1B681B681BB94FF0FF332B60E4E750
S31501006E18334B1B68DB68DB6859688C4201D22960F1
S31501006E28DBE7D3F81480D3E90219C1F80890C9F849
S31501006E380410D8F8041003F1040E7145D8F80010AF
S31501006E4808BFC8F8049001395F61C8F80010D3F883
S31501006E582880B8F1000F13D0D3E90719C1F80890B3
S31501006E68C9F80410D8F8041003F1180A5145D8F8DE
S31501006E78001008BFC8F8049001399F62C8F80010CD
S31501006E881426D96ADCF80080414506FB01F802EBB5
S31501006E98080ADAF8049088BFCCF80010D9F8086017
S31501006EA8C3F80890DE60C6F804E0C9F808E0C3F83C
S31501006EB814A052F80830013342F80830DBF80030E4
S31501006EC8DB6A994288BF01209AE70B4A00201368BA
S31501006ED8013313608FE700BF54500020785000201B
S31501006EE8C4500020C0500020645000205C5000208F
S31501006EF8F0500020685000206C50002050550020AA
S31501006F08745000202DE9F84FFFF70AF8434B1A6829
S31501006F181A68013A1A601B682BB10024FFF70EF8AC
S31501006F282046BDE8F88F3E4A1268002AF5D0142596
S31501006F384FF0010C3B483C4C3C4A3D4E3D4F51E01D
S31501006F48C368DB68D3F828E0D3E90718C1F80880D5
S31501006F58C8F80410DEF8041003F1180949454FF082
S31501006F68000108BFCEF804809962DEF800100139E5
S31501006F78CEF80010D3F814E0D3E90218C1F8088056
S31501006F88C8F80410DEF8041003F104094945DEF8CF
S31501006F98001008BFCEF804800139CEF80010D3F8E6
S31501006FA82CE0216805FB0EF802EB080A8E45DAF893
S31501006FB8041088BFC4F800E0D1F808B09960C3F896
S31501006FC80CB0CBF80490C1F8089052F80810C3F831
S31501006FD814A0013142F808103168C96A8E4501D9F1
S31501006FE8C7F800C001680029AAD10BB1FFF786FCD2
S31501006FF8114D2C6844B101270E4EFFF7CDFE00B1A5
S315010070083760013CF9D12C600A4B1B68002B84D0F0
S31501007018074B01241B68FEF777FF7FE754500020D2
S315010070287C500020AC50002074500020F050002005
S3150100703850550020685000206C50002010B50C46B1
S31501007048054B19681831FEF791FE2046BDE8104038
S315010070580121FFF705BC00BF505500200F4B70B446
S3150100706844681D68A668EC611D68002A2E621D68C1
S3150100707805F1180575601D681B6805F11805A560F9
S315010070889862036870BC03F1010303600CBF0846EC
S315010070984FF0FF301146FFF7E3BB00BF5055002004
S315010070A8C368F0B5DB689A6AD3E90701816048606D
S315010070B8506803F11804A04208BF51600021996283
S315010070C81168013911601D4AD96A1268002A29D145
S315010070D8D3E902405A69A060446054681D1DAC4258
S315010070E808BF5060106801381060154A106881425F
S315010070F888BF116014224A43124886187468A76823
S315010071089C60DF607D60A5605E61835801338350B2
S315010071180D4B1B68DB6A994285BF01200B4B00208A
S315010071281860F0BD0A4A50688568D8611D626C60AE
S3150100713884609A62136801331360E9E754500020AA
S3150100714874500020F050002050550020685000204F
S31501007158AC500020F8B51F4B1A681F4B12B101221B
S315010071681A60F8BD1D4C1A6023681B6B1A68B2F1C8
S31501007178A53F0BD15A68B2F1A53F07D19A68B2F17A
S31501007188A53F03D1DB68B3F1A53F04D02168206888
S31501007198343112F07CD81427114D124A296807FB9D
S315010071A801F3D658981896B1466808337668134499
S315010071B89E4208BFC368466008BF4360142303FBA9
S315010071C801225368DB68236029602368C9E701390E
S315010071D8E5E700BF545000206850002050550020B4
S315010071E874500020F0500020014B1868704700BF0A
S315010071F8505500200122014B1A6070476850002043
S31501007208054B1B6833B1054B1868B0FA80F0400985
S3150100721840007047012070477050002054500020EC
S31501007228F8B5044600282ED01D4DC36A2A68D26ACD
S3150100723893422DD282691B4E002AA1BF2A68D26ABF
S31501007248C2F138028261142202FB036342699A423F
S315010072581AD1071D3846FEF7ABFD2B68124ADB6AC1
S315010072681168E3628B4288BF136014225343F118F5
S315010072784A689068A260E06047609760F258616169
S315010072880132F2500120F8BD2B68DB6AC362F9E7C7
S315010072982B68806CDB6A98422CBF00200120F2E73C
S315010072A850550020F05000207450002070B5044657
S315010072B808B9002070BD154BC16A1B68826CC36C86
S315010072C8914203F1FF33C364F3D0002BF1D1051DBD
S315010072D82846FEF76DFDA36CC3F13802A2610C4A7C
S315010072E8E36211688B424FF0140188BF13604B4368
S315010072F8084AD01841688E68A160E66075608D609D
S31501007308D158606101310120D150D3E75055002091
S3150100731874500020F050002070B50446002831D082
S31501007328836C994238BF1946C36A8B422AD0C26C0C
S31501007338012A27D1144A154D12688269C162002AA9
S315010073484FF0140202FB03534269A4BFC1F138018D
S3150100735881619A4216D1061D3046FEF729FD0C4A6F
S31501007368E36A11688B4288BF136014225343E918F4
S315010073784A689068A260E06046609660EA58616172
S315010073880132EA5070BD00BF50550020F050002070
S3150100739874500020034B186810B1C36C0133C364E1
S315010073A8704700BF50550020034B1B680360034B11
S315010073B81B684360704700BF645000207850002066
S315010073C870B504460D46FEF7ABFD144B62681968A5
S315010073D8134B186890F85E0040B100221B6883F8C9
S315010073E85E200124FEF7AAFD204670BD2B68581CB5
S315010073F812D00C4826680068864204D08A4202D810
S3150100740800232B60EDE7881A8342F9D95B1A1344E6
S3150100741820462B60FFF7C8FF0024E3E778500020D9
S315010074285055002064500020914208B54160006122
S315010074380AD8D21A83699A420DD2084B011D1868D7
S31501007448FEF794FC002008BD9A4201D2994202D265
S31501007458034B011DF3E70120F5E700BFB0550020F6
S31501007468B455002070B504460D461646A1692B464B
S31501007478324620462944FFF7D7FF00B970BDA369F4
S3150100748820461D44236A9847F0E700000E4B70B565
S315010074981B680546DB680E46DC68201DFEF788FC7E
S315010074A894F828305A0709D5324629462046FFF767
S315010074B8D9FF2046236ABDE87040184723F0010327
S315010074C884F82830F5E700BFB4550020F8B505461D
S315010074D8FFF748FC0D4E04463368834209D90C4F21
S315010074E83B681A6852B90B4A11681360396001235F
S315010074F800E0002320462B603460F8BDDB684FF0BE
S31501007508FF311868FFF7C2FFEAE700BF54550020AC
S31501007518B4550020B0550020F7B5114CFEF700FD13
S315010075282568BDB90F4F104E3846FEF711FC304697
S31501007538FEF70EFC0D4B10211F600D4B0A201E6035
S315010075480C4A0D4B0095FFF733F9206010B10B4932
S31501007558FFF752F803B0BDE8F040FEF7EFBC00BFF5
S31501007568AC550020CC550020B8550020B455002054
S31501007578B0550020897A002058550020AD9A01019E
S315010075882DE9F041524F534E86B03B68D3F800803F
S31501007598B8F1000F37D00024DB68D3F80080FFF775
S315010075A8D9FB02A8FFF792FF029B0546002B3FD1A4
S315010075B85CBB40452FD3FFF7A5FC29464046FFF79C
S315010075C865FF1022002102A8FEF72AF90022306879
S315010075D802A9FEF783FE0028D7D0029B0498002B48
S315010075E829DB049C63696BBB01A8FFF76FFF029B4C
S315010075F80546013B082BE9D8DFE803F028284B525A
S315010076086128284B52000124C9E7334B1B681C68C3
S31501007618B4FA84F4640922463068A8EB0501FFF739
S315010076282CF8FFF76FFC0028CBD1FEF76DFCC8E7F5
S31501007638FFF768FCC5E7039B05999847029B002B52
S31501007648C4DBCEE7201DFEF7B3FBCDE794F828305F
S31501007658A16943F0010384F82830039B02461944C3
S315010076682046FFF7E1FE0028B0D094F828305907E4
S315010076780AD5A36903992A4620461944FFF7F2FE5B
S315010076882046236A9847A1E723F0010384F82830A6
S31501007698F6E794F8283023F0010384F8283095E7B3
S315010076A894F82830024643F0010384F828300399F8
S315010076B80346A16101442046FFF7B6FE86E794F822
S315010076C828309A07E7D42046FEF7EAFC7EE700BF92
S315010076D8B4550020AC550020B055002010B588B02F
S315010076E8FFF71AFF0E4B00241868B8B107AA06A9B6
S315010076F805A8CDE90544FEF71FFB059B079A0293EA
S31501007708069B084901932823074800932346FFF758
S3150100771822FA064B1860001B18BF012008B010BDDD
S31501007728AC550020B29A0101E1338000A85500202A
S315010077380348044B834202D0034B03B118477047F1
S31501007748E0860020E086002000000000064B07497D
S31501007758C91A891048BF0131491003D0044B0BB12E
S3150100776801481847704700BFE0860020E0860020E0
S315010077780000000010B5064C237843B9FFF7D8FF7F
S31501007788044B13B10448AFF300800123237010BDE5
S31501007798585900200000000074A9010108B5054BDD
S315010077A81BB105490548AFF30080BDE80840FFF75E
S315010077B8CDBF00BF00000000203C002074A90101D4
S315010077C8A3F5803A704700BF174B002B08BF134B30
S315010077D89D46FFF7F5FF00218B460F461348144ACD
S315010077E8121AF9F749DF0E4B002B00D098470D4BBB
S315010077F8002B00D098470020002104000D000D48F9
S31501007808002802D00C48AFF3008009F03FF82000A9
S3150100781829000DF00AFB08F0A3FF00BF00000800CD
S31501007828000000000000000090390020003A002006
S315010078382C7B0020000000000000000030B589B054
S31501007848044609F08EFD01230E4A0025CDE90223DF
S315010078580D4B01A805934FF47053CDE906540193D6
S3150100786809F072FD019B04930BF04AFF000240F0F8
S3150100787801000390694602A8009507F047FF09B081
S3150100788830BD00BF1271000109060006F0B589B0C6
S315010078980C461546064609F064FD0123114A0027E0
S315010078A8CDE90223104B01A805934FF47053CDE996
S315010078B80676019309F048FD019B04930BF020FF1E
S315010078C8000240F0010021466B462A46039002A8B1
S315010078D800970FF04EFE044602A810F009F920465B
S315010078E809B0F0BD127100010906000610B50A4B70
S315010078F886B0144602930023059103901A46CDE9F2
S315010079080033214405A80DF034FC002814BFAC202F
S31501007918002006B010BD00BF8D1301012DE9F0410D
S31501007928CEB0549D1C462B6806460F469046002B42
S3150100793855D06B68B3F5007F51D302A810F010FF3C
S315010079486368E3B12468274B2278002A08BF1C46DE
S3150100795800217C2207A80691F9F78EDE80212346AD
S31501007968CDE90078204A06A809F03CFB06A902A839
S3150100797810F00FFF28B1AC204EB0BDE8F081194CCC
S31501007988E6E7092102A810F000FF3068FFF756FF65
S3150100799826A80FF0DEF9316826A807F08DF8044607
S315010079A80028E8D126A902A810F0F1FE0094234682
S315010079B8D5E9001202A808F05BFD04460028DAD1D1
S315010079C8286811F0BEF96B680130984201D911F0A7
S315010079D83CF9686002A810F0C7FE2046CCE72F20C4
S315010079E8CAE700BF7890010186900101F0B50C46FF
S315010079F8002197B00646154607A83C220691F9F7D5
S31501007A083BDE402305AACDE9013206AF009705936F
S31501007A180E49D4E9002330680FF0EEFE044698B902
S31501007A28059E6B689E420DD832463946286811F084
S31501007A3801FA6B689E4201D911F007F920466E607A
S31501007A4817B0F0BD1920FBE7AC20F9E709060006D7
S31501007A58044808B500680CF019FD002814BFAE20CB
S31501007A68002008BD487C002008B5034B18680CF0B7
S31501007A78FCFC002008BD00BF487C002038B5044640
S31501007A880D46204609F08DFC6B7C002857D0052B46
S31501007A9859D0032B17D0042B38D0012B4DD10222F4
S31501007AA82146284609F03BFD002833D129462846B8
S31501007AB809F079FD70BB95F82430002B0CBF032320
S31501007AC805236B74DDE795F825209AB121462846EA
S31501007AD82A7F09F024FDE8B92946284609F0A4FDBC
S31501007AE8C0B995F8253073B90223AA691A442A62DE
S31501007AF80423E6E72B7D013BDBB2022B9CBF134A2D
S31501007B08D25CAA61F0E72B7F0233EEE795F82430C1
S31501007B180BB1232038BDAA690AB91820FAE721460C
S31501007B28284609F0FCFC0028F4D12946284609F024
S31501007B38A3FD0028EED10523C3E70320EAE7052BB9
S31501007B4801D00D20E6E70020E4E700BFC49001015B
S31501007B5800487047307B0020024A0349034810F069
S31501007B68C1BE00BF2C7B00205B170101307B0020C2
S31501007B780023F0B590F8C12087B00446019322B1DD
S31501007B88A0F8C03017480AF0DEFA0025164F04F1AE
S31501007B98B806304601ABC5F180027919FFF758FFDF
S31501007BA8C0B1DDB1114B04AA0493802302A9204672
S31501007BB8CDE90275059309F0E3FDDDE9041280F0CC
S31501007BC8010084F8C1003046FFF74EFF30B10020AE
S31501007BD807B0F0BD019B01901D44DAE794F8C00097
S31501007BE8F6E700BFB43D0020D959002059590020B5
S31501007BF8836810B504460BB92F2010BD1A491A6BB4
S31501007C08D1E900138B4298BF002302F1040288BF11
S31501007C185B1A9A4204D000231348194609F0AAFEB2
S31501007C28A36812491A6BD1E900138B4298BF002346
S31501007C3802F1080288BF5B1A9A4204D000230B4856
S31501007C48194609F097FED4E90312A06801F078F9FC
S31501007C580028D2D1237E2BB16169A06801F0F8F81A
S31501007C680028CAD10020C8E7703D0020403D002009
S31501007C782DE9F341054608460C4609F09FFB0646E1
S31501007C8878B1254809F08DFB58B18642324622491A
S31501007C9828BF0246204609F026FC10B102B0BDE80D
S31501007CA8F0811E4F1C4E27E03368013AC6E90233BC
S31501007CB8D7F80031C7F8042157F82300013303F038
S31501007CC83F030190C7F800312846CB69124A01A93A
S31501007CD898470028E2D1204609F070FB80463046D5
S31501007CE809F05FFB80454246314628BF02462046D9
S31501007CF809F0F9FB0028D1D1204609F05FFB296874
S31501007D0818B1D7F80421002ACED12846CB6802B08B
S31501007D18BDE8F041184700BF403D0020383C00202F
S31501007D2870B504460D460E4E284609F03AFB28B9A9
S31501007D3823682046BDE870409B68184731462846A7
S31501007D48FFF79CFE0D28EFD048B9236820469B69AA
S31501007D580349984718B9024809F02FFEE4E770BDB0
S31501007D68703D002091F8273070B506460C464D8ABD
S31501007D782BB10A7D1948294609F042FE30BBB5F5F3
S31501007D88827F0AD8B5F5807F0BD9A5F58175022DB5
S31501007D9809D8DFE805F00C0A0F0040F23B139D42B3
S31501007DA811D0A62012E0E36AF36000200EE0E36A30
S31501007DB83361FAE794F8243083F00103337603B18B
S31501007DC8E36A7361F1E7B2680AB92F2070BDA38D22
S31501007DD8002B08BF4FF400731363E6E7383C002015
S31501007DE808B503480A7D498A09F00AFE08BD00BF9D
S31501007DF8383C002070B586680C460EB92F2070BD38
S31501007E0891F8263003B9B43694F82730257D33B175
S31501007E182A46618A174809F0F3FD0028EFD1032D98
S31501007E2826D8DFE805F016020E1133689B6894F828
S31501007E382420618A5AB904F12C023046BDE8704003
S31501007E48184733681B69F2E733689B69EFE7002235
S31501007E58F3E73368618ADD6A94F8243033B9E26A54
S31501007E683046AC46A369BDE8704060470022F7E793
S31501007E782620C4E7383C00200A46498A10B5B1F5E0
S31501007E88A27F15D008D840F2051399421AD0B1F548
S31501007E98A17F0DD0A6200AE040F2A1139942F9D19B
S31501007EA8806838B10368DC6A9369D26AA04710BD55
S31501007EB8806808B92F20FAE703682C321B69BDE8E8
S31501007EC810401847127D024809F09AFDEFE700BFF6
S31501007ED8383C00202DE9F04100251746526894B038
S31501007EE8052A88461E468DF805508DF806508DF8E8
S31501007EF8075040F2A78001233968023A02A809F01F
S31501007F0850FD0DF1050102A809F027FB04460028DA
S31501007F1840F094800DF1060102A809F01EFB044603
S31501007F28002840F08B800DF1070102A809F015FB26
S31501007F380446002840F082807B683168802B7CD813
S31501007F4873687F2B7CD903467622083107A809F086
S31501007F5828FD9DF80630013B042B6CD8DFE803F0B9
S31501007F6803325D64550001238DF83430514BCDF849
S31501007F7838800C930023CDE90F3311938DF84830DF
S31501007F88B8F1000F1BD0D8F8305000232A1D194626
S31501007F98494809F0EFFC484809F00FFD002305F1AF
S31501007FA808021946454809F0E5FC0022444BC3F886
S31501007FB8042107AA02A90CA809F047FD09E04FF414
S31501007FC80075E2E73C4809F0C7FC3C4809F0C4FCE7
S31501007FD80020099A079B9A4288BFD41AE5B204463B
S31501007FE800230822316807A809F0DBFC00211C22BE
S31501007FF80DA80C91F9F740DB022107A809F0EBF966
S3150100800810B3002014B0BDE8F08101238DF8343097
S315010080182C4BCDF838800C93CBE70323CDF8388069
S315010080288DF83430284BF6E70423CDF838808DF8DF
S315010080383430264BEFE72A20CBE7C2240025CFE7C9
S315010080481924FBE71924CBE79DF8061007A841F088
S31501008058800109F0C0F90028D3D19DF8071007A8B7
S3150100806809F0B9F90028CCD1214607A809F0D8F9B1
S315010080780028C6D1294607A809F0ADF90028C0D1BC
S31501008088726805F10A03934201D910F0DEFD08353D
S315010080982946306873600CAA00F0FAFF0028B0D1AF
S315010080A89DF80600BDF830203368023818BF012054
S315010080B85A53A7E7E4900101703D0020403D002096
S315010080C8383C00200C910101349101015C910101B8
S315010080D8002208B51146064809F07EFC002205482B
S315010080E8114609F079FC0022034BC3E9402208BD79
S315010080F8703D0020403D0020383C002002490A68B6
S3150100810802604A6842607047C493010110B440F2A4
S315010081186314A142034612D0B1F5B27F07D2B1F575
S31501008128827F20D0B1F5B17F18D0A62009E040F2B0
S3150100813897108142F9D102B11268DA6211E01AB9CF
S315010081482F205DF8044B704711680A4BA1F57A7226
S315010081589A42F5D85DF8044B00F0D2BD02B1126817
S315010081689A620020EDE7002AEAD011685DF8044B0F
S3150100817800F06EBEB88201002DE9F04700240546DD
S315010081888EB08846174621460D2205A80DF1280905
S315010081981E460494F9F770DA21460D2248460994D9
S315010081A8F9F76ADA1122284602AB04A9CDE9024495
S315010081B800F05CFD044600285DD1029B0A2B51D1D3
S315010081C89DF814302D2B2FD00025049B0A2203A9D4
S315010081D809A809938DF8285008F046FB039BA8F8CF
S315010081E800004B4541D1BDF814300A2203A909A85C
S315010081F8ADF824308DF8265008F036FB3870039F09
S315010082080DF126039F4230D1BDF816300A2203A983
S3150100821809A8ADF824308DF8265008F025FB039BF4
S315010082283070BB4221D125E09DF817302D2BCBD1DB
S315010082380823029306AB01930DF1150311210F4A89
S31501008248009309A804AB08F0CDFEDDF808A009A93A
S31501008258524604A810F0ECFC5246284604A900F040
S31501008268FFFC40B9029B072BAED8054804A908F0C4
S3150100827831FB2F2420460EB0BDE8F0877C91010121
S31501008288899101010023F0B587B001930C46D1E924
S31501008298001201AB00F0F6FC40F20123984225D109
S315010082A802AD2A46144B03F110072E461868596881
S315010082B8083303C6BB423546F7D163680F2B02D88C
S315010082C8192007B0F0BD256806AE134603CBB342A5
S315010082D8286069601A4605F10805F6D1102301934D
S315010082E8019B6268934204D910F0AFFC0028E8D1DB
S315010082F8F6E700206360E4E7CC930101F0B5B1F538
S31501008308AA7F99B0154606461A461E9C3CD8B1F571
S31501008318A07F09D840F2051399426DD040F2111396
S31501008328994262D0A62065E06FF4A0731944132917
S31501008338F8D801A353F821F03B8400012D830001ED
S31501008348558400012D8300015B84000161840001CD
S31501008358678400016D8400012D8300012D830001CE
S315010083682D8300012D8300012D8300012D8300013A
S315010083782D8300012D8300012D83000173840001E3
S315010083887984000183840001B1F5C17F00F09280F0
S3150100839810D840F26513994200F08280B1F5B37F97
S315010083A800F08380B1F5B27FBCD12346294600F09F
S315010083B8C3FC1EE040F29513994200F0898040F211
S315010083C8B113994200F0938040F293139942A9D1CF
S315010083D8CDE90B5205B9EAB933683046D3F880308E
S315010083E80BA9984730B90C9B21E02346294600F092
S315010083F841FD48B319B0F0BD00F134073846039280
S3150100840810F09FFC039A0130CDE9060505970892FD
S3150100841815B90AB110F019FC07AB00933046728BF7
S31501008428318B05AB00F0D0FC0028E3D1089B236013
S315010084380AE003681B6B2946304698470028D9D1BC
S31501008448284610F07EFC20600020D3E703689B6B6A
S31501008458F1E703681B6CEEE703685B6CEBE70368FF
S315010084689B6CE8E70368DB6CE5E703685B6DE2E7AD
S315010084782346294600F0FAFBBBE721230E9303683E
S315010084880FAF03921B6E0D970DA99847039A002803
S31501008498B0D1134620212A46384609F008FED2E70C
S315010084A82346294600F054FCA3E72346294600F053
S315010084B8EDFC9EE7CDE909530DB9002BAAD1336826
S315010084C83046DB6F09A99847002893D10A9BAEE786
S315010084D8CDE90D520DB9002A9CD133683046D3F83F
S315010084E884300DA99847002884D10E9B9FE7CDE9D2
S315010084F80F520DB9002A8DD133683046D3F88C3026
S315010085080FA9984700287FF475AF109B8FE700BF26
S31501008518F0B54B680646602B0C461546A5B029D919
S3150100852800278222394603A80297F9F7A5D801AB95
S315010085388622304602A9019700F00AFC40F201237F
S31501008548984210D184220C4902A8019210F070FBBE
S315010085582268019902A800F0B1FD28606368984273
S3150100856805D910F072FB0028F2D025B0F0BD606085
S315010085780020FAE71920F8E7A891010170B500264D
S31501008588044696B02A220D460BA831460A96F9F7F3
S3150100859873D801AB2E2220460AA9019600F0CCFB1E
S315010085A840F20123984227D118230193174B0AACAD
S315010085B803F11806224618685968083303C2B342FC
S315010085C81446F7D100241C22214603A80294F9F780
S315010085D853D8019902AA0AA800F070FD6B680646ED
S315010085E8984210D8024602A9286810F021FB6B6848
S315010085F89E4205D910F029FB0028E3D016B070BDBC
S3150100860820466E60FAE71920F8E700BF2D920101AE
S3150100861870B5B1F5B27F054616461C4692B000F014
S315010086281D8121D840F21113994271D06FF4A073BC
S3150100863819448BB2132B30D813292ED8DFE811F041
S315010086486F002D007C002D0089009600A300B00064
S315010086582D002D002D002D002D002D002D002D00A3
S315010086682D00BD00D900EA0040F29513994200F0A9
S315010086784481B1F5CB7F22D240F28113994200F0B1
S315010086881F81B1F5C17F0AD240F26513994200F004
S31501008698F080B1F5B37F00F0F380A620A0E000F0EA
S315010086A8228140F293139942F7D13146224609A80D
S315010086B809F064FB284609A900F0D2FC90E0B1F55F
S315010086C8D17F00F03B8111D8B1F5CB7F00F01F8136
S315010086D840F2A1139942E0D1002A40F0228180227A
S315010086E831463430F8F7C8DF002079E040F2B1139B
S315010086F89942D2D1002AF7D0002CF5D0314622462C
S3150100870809A809F03BFB284609A900F0EFFB67E039
S315010087182246314612B0BDE8704000F0A5BB02B151
S315010087283CB900228D49284612B0BDE8704000F0D8
S31501008738C1B922463146F6E702B13CB9002287495A
S31501008748284612B0BDE8704000F0DCB92246314631
S31501008758F6E702B13CB900228049284612B0BDE8C5
S31501008768704000F0F7B922463146F6E702B13CB946
S3150100877800227A49284612B0BDE8704000F0FCB9DB
S3150100878822463146F6E702B13CB90022734928462A
S3150100879812B0BDE8704000F001BA22463146F6E74C
S315010087A802B13CB900226D49284612B0BDE87040B5
S315010087B800F006BA22463146F6E702B194B900211D
S315010087C81C220AA80991F8F757DF2021644AAB8BC6
S315010087D809A808F007FC09A90246284600F016FA76
S315010087E812B070BD2246314612B0BDE8704000F0A5
S315010087F80DBA02B13CB908225A49284612B0BDE859
S31501008808704000F02DBA102C01D92F20E8E7224636
S315010088183146F2E702B1C4B9102105A809F025FBD2
S315010088280028DDD1022310210093212309AA05A8D6
S3150100883809F0FDFB0028D3D109A810F082FA09A98D
S315010088480246284600F018FACAE7102CDDD802239A
S31501008858214600933046212309AAE9E7002AD4D004
S31501008868002BD2D01A46314612B0BDE8704000F04E
S315010088785DBA2246314612B0BDE8704000F062BAD0
S3150100888802B1B4B90023CDE90933CDF82B30AB6A6F
S3150100889809A80293EB8B01936B6A00936A8B298B68
S315010088A82B6A09F026FA0B22284609A900F0E8FAEC
S315010088B896E72246314612B0BDE8704000F0E0BAAC
S315010088C802B154B9002305AACDE909238DF814305C
S315010088D8284609A909F0A4FA82E72246314609A8D9
S315010088E809F04CFAF4E73146224609A809F046FA96
S315010088F8284609A900F0C0FB72E73146224609A8B5
S3150100890809F03CFA284609A900F09EFB68E73146BA
S31501008918224609A809F032FA284609A900F042FABE
S315010089285EE77F2C3FF671AF22463146343010F0B0
S315010089387FF900232C4484F83430D5E6002A3FF425
S3150100894864AF002C3FF461AF3146224609A809F00D
S3150100895815FA284609A900F0B1FA41E7549D010123
S315010089684692010149920101012903BF034B0020E7
S315010089781B78A62008BF1370704700BF795A0020DC
S31501008988022938B514461D460FD120220021084870
S31501008998F8F772DE3CB1202D2A46214628BF20224F
S315010089A8034810F045F9002038BDA620FCE700BFB2
S315010089B8595A0020104608B56AB163B102290CD18B
S315010089C8202B28BF20231A46029B05491A6010F05E
S315010089D82FF9002008BD2F20FCE7A620FAE700BFE3
S315010089E8595A0020012905D102B11278024B0020FB
S315010089F81A707047A6207047795A00202DE9F0436E
S31501008A081D46002389B0074608460E461446CDE999
S31501008A18053300F0C5FC18B9D82009B0BDE8F083C4
S31501008A28304605A900F026FD0028F6D1204600F0BB
S31501008A38B7FC0028F0D0204606A900F01BFD002847
S31501008A48EBD1DDE90596079007A9184800F012FD54
S31501008A58044600BB079919EB01081ED10EB110F0A7
S31501008A68F4F8022009F037FBA0B1079B0221009315
S31501008A781F203B46CDE901960D4A09F01FFB6B689D
S31501008A889E4210D832464146286810F0D3F96B68E1
S31501008A989E42E4D86E602046BFE7022009F01BFB20
S31501008AA80028ECD0E1E71924F5E700BF2172080098
S31501008AB814940101014800F0EBBD00BF00720800E3
S31501008AC8002307B50348019301AB00F0FBFC03B093
S31501008AD85DF804FB00720800014800F0ABBD00BF59
S31501008AE80C72080010B506480C4600F097FC40F2D7
S31501008AF80123984202BF4FF6F1730020238010BD6F
S31501008B080C720800014800F0C3BD00BF0D720800D1
S31501008B18002307B50348019301AB00F0D3FC03B06A
S31501008B285DF804FB0D720800014800F083BD00BF23
S31501008B380B72080010B506480C4600F06FFC40F2AF
S31501008B480123984202BF48F201030020238010BD89
S31501008B580B720800014800F09BBD00BF0E720800A9
S31501008B68002307B50348019301AB00F0ABFC03B042
S31501008B785DF804FB0E720800014800F089BD00BFCC
S31501008B8810720800002307B50348019301AB00F0F2
S31501008B9899FC03B05DF804FB10720800014800F067
S31501008BA877BD00BF11720800002307B5034801937A
S31501008BB801AB00F087FC03B05DF804FB11720800F5
S31501008BC8014800F065BD00BF12720800002307B511
S31501008BD80348019301AB00F075FC03B05DF804FB93
S31501008BE812720800014800F025BD00BF187208007E
S31501008BF810B505480C4600F011FC40F201239842D5
S31501008C0804BF0020208010BD18720800014800F03A
S31501008C183FBD00BF0F72080073B5002601AB0E48B1
S31501008C280C461546019600F04DFC40F20123984288
S31501008C380BD164B10C2D0CD920462A46074910F0F0
S31501008C481DF830462C4404F8016C02B070BD0B20A7
S31501008C58FBE71920F9E700BF0F72080032940101FA
S31501008C68014800F015BD00BF04720800014800F074
S31501008C7829BC00BF04720800014800F023BD00BFEB
S31501008C881F72080007B500200090034800F070FC29
S31501008C9803B05DF804FB00BF1F720800014800F02D
S31501008CA8C9BC00BF0772080037B512480D4600F067
S31501008CB8B5FB40F201239842044604D14FF4706390
S31501008CC82B80002014E098B92B88B3F5805FF8D380
S31501008CD8012009F000FA50B14FF4C2732F22012185
S31501008CE8CDE900322046044B044A09F0E7F92F2062
S31501008CF803B030BD077208003F9401015F9401017A
S31501008D08014800F0AFBC00BF0872080010B506485C
S31501008D180C4600F0AFFB40F20123984202BF4FF424
S31501008D287A730020236010BD08720800014800F01C
S31501008D38AFBC00BF09720800014800F0C3BB00BF01
S31501008D4809720800014800F0A3BC00BF0A720800B6
S31501008D58014800F0B7BB00BF0A7208000B46024A79
S31501008D6802490348FFF74ABE27720800267208001F
S31501008D78709401010B46024A02490348FFF73EBEB9
S31501008D8825720800247208008C9401010B46024AD8
S31501008D9802490348FFF732BE23720800227208000F
S31501008DA8B2940101022307B5D1E9001201A8019382
S31501008DB8FEF79CFD18B90199024800F053FC03B06F
S31501008DC85DF804FB207208001FB50220039006987F
S31501008DD8009003A8FEF7A2FD18B90399024800F00E
S31501008DE841FC05B05DF804FB20720800002370B54C
S31501008DF8154886B00D461646049300F0D1FA08B315
S31501008E08114804A900F036FBD0B9049B3246002B61
S31501008E1808BF0223294605A80593FEF7E7FD044680
S31501008E28022009F058F950B102947368022101939E
S31501008E386B681F200093054A049B09F03FF92046F9
S31501008E4806B070BDD824EBE720720800CB94010167
S31501008E58014800F007BC00BF21720800014800F074
S31501008E6809BB00BF21720800014800F011BC00BF10
S31501008E7829720800014800F025BB00BF29720800C5
S31501008E88014800F01FBC00BF0572080007B50020A5
S31501008E980090034800F06CFB03B05DF804FB00BFCB
S31501008EA805720800014800F0ADBB00BF2872080032
S31501008EB8014800F087BA00BF28720800032307B5E6
S31501008EC8D1E9001201A8019300F086F918B90199B0
S31501008ED8024800F0C7FB03B05DF804FB30720800D6
S31501008EE8014800F0C7BA00BF307208004A6808B5E1
S31501008EF8102A01D02F2008BD0968024800F0E2FBBC
S31501008F08F9E700BF177208001FB500234A680C4627
S31501008F180F2A03930FD90093102203AB0968074858
S31501008F2800F026FB63680F2B01D80FF08EFE102385
S31501008F38636004B010BD1920FBE700BF1772080073
S31501008F4800200A4B10B5186032B9094C2146BDE814
S31501008F581040084800F086BBA1F580518C180648D8
S31501008F6800F094F920460FF07CFCEFE7A03D0020C5
S31501008F7800201B0121720800B43D002000232DE9C1
S31501008F88F04F85B080460F462C4803A91546039332
S31501008F9800F070FA002838D1294E039933681BB9B5
S31501008FA8284800F07DF980BBD5E900143368039A97
S31501008FB802EB030B14F003031BD10A462346594659
S31501008FC8204800F089F900BB4046316800F04AFBA9
S31501008FD8D8B93846696800F045FBB0B932686B689C
S31501008FE80020134413F03F021CBF40339B1A336021
S31501008FF80BE004F1040AAAEB030A5046019100F0BA
S31501009008CBF80199814618B9AC2005B0BDE8F08FB7
S3150100901822460FF00DFEAAEB0402FF2109EB04001C
S31501009028F8F72ADB53464A465946064800F054F9EA
S315010090380446484600F0C0F82046C4E721720800F5
S31501009048A03D0020B43D002008B50A460248034960
S31501009058FFF794FF08BD00BF2272080023720800BB
S3150100906808B50A4602480349FFF788FF08BD00BF4D
S31501009078247208002572080008B50A460248034901
S31501009088FFF77CFF08BD00BF26720800277208009B
S315010090981FB513460022039203AA019220220092C9
S315010090A80A46014604480EF0D7FA002814BFAC2038
S315010090B8002005B05DF804FB09000002014B08F029
S315010090C84EBF00BF8B1E010138B5094BD3E8EF2F00
S315010090D8541CC3E8E54F002DF8D1002A04DC00F042
S315010090E83FF808B10FF0B1FD4FF0000038BD00BFE1
S315010090F8A43D00202D2828BF002010B4074C04EBFE
S315010091088000074CD4E8AF4F1CB1A4465DF8044B68
S3150100911860475DF8044B08F0E9BF00BF16950101E9
S31501009128A83D0020024BD3E88F0FC0B2704700BF9D
S31501009138F47C0020024608B5064BD3E8AF3F3BB99D
S31501009148054B06491B68D86807F032FF0FF07DFD0D
S3150100915808BD00BFAC3D0020987C0020CA950101DE
S3150100916808B50A4BD3E8EF2F511CC3E8E01F0028C6
S31501009178F8D1002A07DD064B06481B68D96807F0AF
S3150100918829FF0FF062FD002008BD00BFAC3D00209D
S31501009198987C00201296010138B504460548FFF768
S315010091A8C9FF204607F042FE0546214608F09CFF06
S315010091B8284638BD4596010110B504460548FFF70E
S315010091C8B9FF2046002108F090FF2046BDE810406F
S315010091D807F034BE5196010170B5044688B000689F
S315010091E80D46164608F083FF23684FF4007107936E
S315010091F801230B4A02A8CDE902230A4B3246CDE9DF
S31501009208041300232946069301AB0EF0B2F9014671
S3150100921818B1054807F05EFBAC2008B070BD00BF69
S31501009228002480000010C0045C960101014B1960FE
S31501009238704700BFB03D0020014B1960704700BF61
S31501009248B03D0020014B0360704700BFD89601016D
S3150100925810B504460FF006FB054B0020D3F8942001
S3150100926803F5805362604FF400321A6710BD00BFE0
S31501009278008000A310B50446034B082103600BF0D8
S3150100928803FD204610BD00BFD896010108B502F0BE
S3150100929815FC10B90148F7F7D1DD08BDBC3D002022
S315010092A8002313B50C460B48694601AA009302F040
S315010092B87BFD58B9009B24F07F4223F07F439A42F5
S315010092C806D9012221460348F7F7C2DD02B010BDCF
S315010092D82E20FBE7BC3D002073B51E4600230C4635
S315010092E8154669460B4801AA009302F05DFD60B96F
S315010092F8009B24F07F4223F07F439A4207D93346E5
S315010093082A462146034802F0A9FD02B070BD2E2067
S31501009318FBE700BFBC3D00200448054B054A036036
S315010093280023054943600FF0DDBA00BFB43D0020B4
S31501009338D89601012C7B00204D92000137B50E4DC0
S315010093482C686CB9032322462146009301200B4B56
S31501009358F9F75AD92346224621462860F8F765DEE9
S31501009368286808B90FF071FC4FF0FF3103B0BDE86A
S315010093783040F8F7AE9F00BF343E0020E43D0020A0
S31501009388064B10B5186808B90FF05FFC0023BDE855
S3150100939810401A461946F8F7489E00BF343E002089
S315010093A807B5014606486A4601AB006801F070FE3A
S315010093B808F0D2FEB0FA80F0400903B05DF804FB6C
S315010093C8307C00207FB5002304460D468DF8073012
S315010093D808F0CEFED0B1104E2146306803AB02AA82
S315010093E801F056FE08F0B8FE70B9039B012B10D1A7
S315010093F8214630680DF1070201F090FD08F0ACFE38
S3150100940810B99DF807302B7004B070BD40F20120E9
S31501009418FAE72F20F8E700BF307C00207FB500234C
S3150100942804460D46ADF8063008F0A2FED0B1104E3E
S315010094382146306803AB02AA01F02AFE08F08CFE29
S3150100944870B9039B022B10D1214630680DF1060233
S3150100945801F064FD08F080FE10B9BDF806302B80D6
S3150100946804B070BD40F20120FAE72F20F8E700BFEB
S31501009478307C00207FB5002304460D46039308F08F
S3150100948877FEC0B10E4E2146306802AB01AA01F043
S31501009498FFFD08F061FE60B9029B042B0ED121463F
S315010094A8306803AA01F03AFD08F056FE08B9039B95
S315010094B82B6004B070BD40F20120FAE72F20F8E7CF
S315010094C8307C00202DE9F0431D46002385B02B6032
S315010094D807460E46914608F04BFE00283ED0DFF8B7
S315010094E88C803946D8F8000003AB02AA01F0D0FDFA
S315010094F808F032FE0446B8B9039B93B3C6B14B458F
S3150100950831D232463946D8F8000001F007FD08F095
S3150100951823FED8B9039B012B03D13378003B18BF2F
S31501009528012300222B60F254204605B0BDE8F083E2
S31501009538012B01D02B60F7E73946D8F800000DF169
S31501009548070201F0EBFC08F007FE08B10446EBE759
S315010095589DF8073003B103982860E5E740F2012436
S31501009568E2E71E24E0E71924DEE700BF307C00208D
S315010095782DE9F04F1D46002385B02B600746884626
S315010095881646DDF838A008F0F3FDA0B3DFF870B091
S315010095983946DBF8000003AB02AA01F079FD08F0B1
S315010095A8DBFD0446A8B9B8F1000F12D0039BDBF81E
S315010095B80000A3EB0A09B1450FD85346424639467E
S315010095C8CDF8009001F006FD08F0C6FDB0B9C5F862
S315010095D80090204605B0BDE8F08F5346424639460D
S315010095E8009601F0F7FC08F0B7FD04460028F0D113
S315010095F819242E60EDE740F20124EAE70446E8E77C
S31501009608307C002013B504468DF8071008F0B0FD2C
S3150100961858B107480123214600680DF1070201F0F8
S315010096282DFE08F099FD02B010BD2F20FBE700BF03
S31501009638307C002013B50446ADF8061008F098FDF5
S3150100964858B107480223214600680DF1060201F0C8
S3150100965815FE08F081FD02B010BD2F20FBE700BF03
S31501009668307C002013B50446019108F081FD58B1FC
S3150100967804230648214600680DEB030201F0FEFDAE
S3150100968808F06AFD02B010BD2F20FBE7307C0020F0
S3150100969810B5044608F06CFD68B179B10848012A8D
S315010096A81346006838BF01230A46214601F0E6FD44
S315010096B808F052FD10BD40F20120FBE72F20F9E723
S315010096C8307C002010B5044608F052FD58B101B9A6
S315010096D862B90748134600680A46214601F0CEFDDD
S315010096E808F03AFD10BD40F20120FBE72F20F9E70B
S315010096F8307C002008B50348F7F731D9BDE80840A2
S315010097080FF0B3B8D89801010148F7F7289900BFB7
S31501009718D8980101BFF34F8F0549064BCA6802F471
S31501009728E0621343CB60BFF34F8F00BFFDE700BF75
S3150100973800ED00E00400FA050348044A0449121A38
S31501009748921008F04ABD00BFA84100013877000110
S31501009758000000204FF000602DE988484249434B3C
S31501009768434AD3F8943088660221012B414B4FF0C6
S31501009778000099604FF0005146D8002500260027C1
S315010097885FF000085FF000095FF0000A5FF0000B68
S315010097985FF0000C501A4FF48073B0FBF3F404FB2E
S315010097A803F40C44A14210D2A1E8E01FA1E8E01F8E
S315010097B8A1E8E01FA1E8E01FA1E8E01FA1E8E01F7A
S315010097C8A1E8E01FA1E8E01FECE7914202D241F8C7
S315010097D8045BFAE70522274B9A604FF00062A3F56E
S315010097E840539A66244B83F30A8800F04FF8FFF733
S315010097F8A3FF224B22498B4228D30020214B224921
S315010098088B422ED3FDF7E0FF501A4FF02003B0FB31
S31501009818F3F404FB03F40C44A14204D291E8E01FDB
S31501009828A1E8E01FF8E7914203D20D6841F8045B0D
S31501009838F9E7CFE7186850F82240586840F82240FF
S31501009848013298688242F5D30C33D4E70022F8E74F
S315010098581C6844F8220001325C68A242F8D3083336
S31501009868CEE70022F8E700BF00508040008000A341
S315010098780000082000908040903500207CA9010155
S3150100988888A9010188A9010188A90101044B054A92
S315010098989A60D3F8882042F47002C3F8882070478A
S315010098A800ED00E000400001002307B529480193B7
S315010098B8F7F755D84FF44073012204216846ADF8ED
S315010098C8003000F0A1F80122234B0520C3F84424F7
S315010098D801A9F7F73FD8002839D1204BD3F8F02052
S315010098E842F00102C3F8F020D3F8FC2042F080725E
S315010098F8C3F8FC201A4AA3F55D431A60019B194A6D
S3150100990803F5D52303F2FC43B3FBF2F3164A013BF5
S3150100991813610223C2F8F0304FF48073C2F804339E
S315010099284FF06043114AC3F8B02F114AC3F8802E8D
S31501009938D3F8002E42F48072C3F8002EFF2283F872
S315010099482020D3F8002E22F48072C3F8002E03B02B
S315010099585DF804FBD898010100D0834000ED00E0D2
S31501009968FF030040F8590D00000004E055CEACC5D0
S31501009978090001002DE9F04104460C254FF00108C4
S31501009988124E0CB314F001000BD0002024F0010490
S3150100999805FB00625768002FF3D09168C0B2B8473B
S315010099A8EFE72246013020284FEA520201D0D307B9
S315010099B8F8D508FA00F20F2824EA0204E8D9103883
S315010099C805FB0062B432E5E7BDE8F081383E0020C8
S315010099D808B50C48F6F7C3DF2A2003F045FD28B180
S315010099E82A2003F04FFD2A200AF03AFD2B2003F026
S315010099F83BFD28B12B2003F045FD2B200AF030FD55
S31501009A08002008BDD89801012DE9F0410E4690467F
S31501009A18054620B30F2924D803783BB1012B03D07F
S31501009A28022B1AD0032B1CD1072300E01F236A78C7
S31501009A38D340DB0715D50D4BD3F810439CB9F7F77F
S31501009A48F7DA074642462846314601F0D3FF38463B
S31501009A58F7F7E9DA2046BDE8F0813F23E7E7222454
S31501009A68F8E72124F6E70224F4E700BF00C08340A3
S31501009A7808B501F0B5FF054B00F0553020F0502030
S31501009A88C3F82004BDE80840FFF774BF00E083402F
S31501009A9808B501F0A5FF054B00F0AA3020F0A0207B
S31501009AA8C3F82004BDE80840FFF764BF00E083401F
S31501009AB82DE9F04F144605460E469B46036C87B0C2
S31501009AC801225B6902A9606898472B6C01225B69D0
S31501009AD803A93046984702A809F0E3F8074648B1B2
S31501009AE80023A37563754FF0FF33A360002007B009
S31501009AF8BDE8F08F03A809F0E1F80123A375237ED9
S31501009B0804EBC303DE611F846368B3420ED1206090
S31501009B1803A809F0F5F84FF0FF332075A360237DFC
S31501009B28043B022B26D80023A375DFE723681A1AFC
S31501009B3853425341A37503A809F0E2F8237D8342F2
S31501009B4818BFA77503A809F0BDF8074602A809F0CA
S31501009B58B9F8874218BF002303A818BFA37509F0EF
S31501009B68B9F8074602A809F0B5F887421CBF0023D1
S31501009B78A375D4E703A809F0A5F880B12B6C0222D6
S31501009B8830465B6904A9984704A809F0AAF8034670
S31501009B98207D032839D8DFE800F03838040903A8FE
S31501009BA8F3E7CC22237E04EBC3031A8401F086FE75
S31501009BB8109B187003A8277E09F078F804EBC707ED
S31501009BC887F82200237E03A804EBC303B3F8209089
S31501009BD893F8227009F076F8804603A809F07AF816
S31501009BE88246B8F1000F15D02B6C022230465B690C
S31501009BF804A9984704A809F039F86075637D6BB91B
S31501009C080023A3754FF0000838E0227E04EBC20258
S31501009C181384CBE703A809F014F8EEE794F8168045
S31501009C28B8F1000FEED0B9F1000F09D1DFB1012368
S31501009C38E375637E002B4FD1012F42D1677614E07D
S31501009C48EB6C06EB0A02594286EA020008421CBF7F
S31501009C580021A175591E0A409B1A9945D0D8A37DA2
S31501009C68002BE3D1CEE7E37D43B94FF000084B461D
S31501009C7852463146284608F01BFCA060A27D12B167
S31501009C8823694B4423611A49237E097899422AD9C3
S31501009C9801332376BBF1000F27D032B3E37D23B31B
S31501009CA8B8F1000F21D1032F1FD0A1684B1C1CD07E
S31501009CB8109B2246009328460123FFF7F9FEA0755B
S31501009CC813E095F8383063B92B6B0133CFD1032FE5
S31501009CD8CDD10123A376C8E7012FCFD0032FC4D155
S31501009CE8F7E79846C3E70023A375A07DFFE600BF03
S31501009CF8AC9701012DE9F04F0E46984600238BB02B
S31501009D0804464FF0FF31104617468DF8133001F01F
S31501009D18BFFDB6F5801F3BD3B21C53D1256B6B1C17
S31501009D2857D12046A16A08F009FB0546B31C18BF9E
S31501009D380123DFF824910193A36AE26C0293236855
S31501009D4805A902FB053A236C05225B69504698472B
S31501009D5805A809F041F809F064F8504609F06CF8CD
S31501009D684FF0000B824601464B1C05D0E36C81EA95
S31501009D780A025B42134232D02946204608F0DEFA2F
S31501009D88029BAB424DD0BBF1000F4DD10546D3E73F
S31501009D98314605AA04F1080008F09EFE0146481C52
S31501009DA810D0384601F074FD0122394620460DF1DE
S31501009DB8130308F0C6FB28B19DF8133088F8003064
S31501009DC8002003E0237C002BA8D12D200BB0BDE891
S31501009DD8F08F2368ED1AE36CB5FBF3F5A6E7484661
S31501009DE801F056FD0DF1130349462046019A08F084
S31501009DF8A8FB034690B1B21C03D0D9F80020B242A1
S31501009E080CD19DF813200393124B88F8002049467C
S31501009E181A6838460EF00CFF039B9B46D9F80810C2
S31501009E28A2E7BBF1000FD0D0B6F5801FC8D208341F
S31501009E383146204698F800307A6808F055FD002822
S31501009E48BED13146204698F800307A6808F0B7FD49
S31501009E58BCE700BFA8970101704600202DE9F34130
S31501009E680446174698460E46194DC16A236B8B421E
S31501009E782AD04B1C18E0284601F00AFD0122294682
S31501009E8820460DF1070308F05CFB30B1434629462D
S31501009E9820469DF80720B847B0B1A9684A1C05D0E5
S31501009EA8012E0AD0236B9942E5D10DE06968204657
S31501009EB808F0D1FA012E0146D8D16B6881EA03026E
S31501009EC8E36C5B421A42D1D002B0BDE8F08100BF13
S31501009ED8444600202DE9F041436B9046C26B076862
S31501009EE89A4288BFC363C26C836A90B002FB037748
S31501009EF8036C0E46052201A95B6904463846984754
S31501009F0801A808F069FF01280146307057D0E56CB1
S31501009F18226C2368A06AD2F814C005FB003005221A
S31501009F2806A9E04706A808F057FF01284FF00005E3
S31501009F3823D0D4E90B3201219342CDE90B458DF8A3
S31501009F4834800E958DF83C102AD11946204608F022
S31501009F5882FA636BE26C14339B1A206363630C9B6E
S31501009F6853B99DF83C303BB1A26AE16C2368206C79
S31501009F7801FB023108F0E8FE0C9D236C05225B69A2
S31501009F8801A93846984701A808F026FF30702846E7
S31501009F98636BE26B9A4288BFE36310B0BDE8F08158
S31501009FA8237C33B91C490BAA04F1080001F07CFB98
S31501009FB8D5E72046194A0BABFFF750FFCFE7237CBD
S31501009FC823BB2246164904F1080001F06DFBA16A7C
S31501009FD8204608F0D4F9A16A421C204608F099F9EE
S31501009FE8054620B9636BE26C1344143B6363204650
S31501009FF8E16A08F030FA2368E062C01AE36CB0FB44
S3150100A008F3F0A062204608F069FAB6E70023204675
S3150100A018044AFFF723FFDAE791AC000109AC000116
S3150100A028E52501018125010173B50D46D11E4A4277
S3150100A0381C461B7E4A419A4226D1296823689942C1
S3150100A04822D3636899421FD8114E0DF10703324690
S3150100A058FFF750FEC0B972686B689A4214D19DF831
S3150100A0680730DA1E53425341227E93420CD163696B
S3150100A07801336361D4E90323934205D22968A268AF
S3150100A08842F8231001332361012002B070BD00BFDD
S3150100A0989C4600202DE9F04F4FF0FF334FF6FF7233
S3150100A0A80025044600F10809C0E90A2391B00363B3
S3150100A0B84562456348460F4608F0FFFB204608F00F
S3150100A0C809F900284DD13946204608F087F9204676
S3150100A0D808F000F90646236F1B6898470546C8B974
S3150100A0E8002E00F061814FF0FF384FF6FF730646E8
S3150100A0F80746C346C4E90903236A9F4259D3A6EB17
S3150100A1080806012E7AD84FF6FF72A36A934240F0E9
S3150100A1188B806725284611B0BDE8F08F2368226C2D
S3150100A128E06C566900FB053005220BA9B0470BA860
S3150100A13808F052FE08F075FE90B10BA808F09CFED7
S3150100A14894F87430834240F02D810025236A9D429C
S3150100A1580CD3204608F0BEF806460028B3D0BAE765
S3150100A1680135236A9D42D9D30020E9E72368226C89
S3150100A178E06C566900FB053005220BA9B0470BA810
S3150100A18808F02AFE01280AD12946204608F0F7F8E0
S3150100A198421C2946204608F0BCF80135D6E708F0E6
S3150100A1A845FE0028F9D02946204608F0E8F8024677
S3150100A1B8EFE72368226CE06CD2F814C000FB073085
S3150100A1C805220BA9E0470BA808F006FE03900BA889
S3150100A1D808F0D9FD8246039808F023FE60B1DA45F6
S3150100A1E838BFA762D04528BFD046564538BF564620
S3150100A1F8D346636A0133636201377DE74FF6FF731E
S3150100A2080026A362236A9E42BFF47DAF2368226CAF
S3150100A218E06C576900FB063005220BA9B8470BA865
S3150100A22808F0B1FD0136EDE7E66C226C206806A957
S3150100A23806FB030057690522B84706A808F0A3FDDF
S3150100A248A26A2368E06C594E00FB023008F0F4FD5F
S3150100A2584FF0FF33E062236332466FF00101204677
S3150100A2680DF11703FFF746FD002855D1B7680026FB
S3150100A2782763236C01225B690BA9B81998470B9BC5
S3150100A28801334BD1E36C0436F2197A405B421A4228
S3150100A298EFD0666326B92046216B08F0DCF8206307
S3150100A2A83946204608F0D7F80646E36A9E4237D172
S3150100A2B8204607F0B6FF002780463E46236A9E429F
S3150100A2C840D3B8455CD92046A16A08F037F8064656
S3150100A2D804F1480AAF4215D8E26C236806A902FBC5
S3150100A2E80639236C05225B694846984706A808F093
S3150100A2F84AFD94F874300246009349465346206C49
S3150100A30808F09CFD3146204608F018F80135A845A5
S3150100A3180646DFD16425FDE6E76AA8E70026B8E721
S3150100A3283146204607F0ADFF636B314603440746C5
S3150100A3386363204608F08FF80646002FB5D1C4E9B5
S3150100A3480C07B2E7E26C23680BA902FB063A236CF9
S3150100A35805225B69504698470BA808F03DFD08F0B1
S3150100A36860FD58B1504608F067FD0146204607F0E2
S3150100A37888FFE36C143B984208BF013701369DE715
S3150100A388484608F09AFA002320461946084AFFF774
S3150100A39865FD6369012B7FF6BDAE484600F0FCFFFB
S3150100A3A80546B7E62625B5E65E25B3E69C460020B2
S3150100A3B86F2501012DE9F0410F46164698460446D8
S3150100A3C888B060B390F83850FDB1012107F077FFE6
S3150100A3D800210E9BCDE90511CDE902379DF83C30E8
S3150100A3E8CDF804808DF81C30237C04968BB90D4971
S3150100A3F801AA04F1080001F057F9DDE90553206CBB
S3150100A408002E08BF1D4608F0F7F8284608B0BDE833
S3150100A418F0812046044A01ABFFF720FDEDE705462A
S3150100A428F3E700BFAF25010131A000012DE9F04F87
S3150100A4389BB007939DF89430DDF89090022B044663
S3150100A4480F46D9F810B00992089304D0079B9B458B
S3150100A458C0F0D9809B46D9F804306E4E04936E4BF2
S3150100A4680593BBF1000F15D1D9F8103083B1089BBC
S3150100A478002B40F0BF8094F87430022B70D199F804
S3150100A4881820079B6449A3EBC20238460EF0D0FB9D
S3150100A498002066E0236C01225B690AA904989847A3
S3150100A4A80AA808F00BFCD9F80030834240F0AD80C9
S3150100A4B80AA808F00FFC0428069055D10AA808F046
S3150100A4C810FC05460A9B0D93049B069A12A903EBF9
S3150100A4D802080023CDE90F331193236C01225B692E
S3150100A4E8404698472068D4F84CE0A8EB000CBCFB22
S3150100A4F8FEFC98FA88F31393236C05225B6915A968
S3150100A5080EFB0C00984715A808F03DFC00BA0DF1A2
S3150100A5183C0A149012AB032D93E807008AE807005A
S3150100A52832D9236C314640465B69AA08984725F01B
S3150100A538030305F0030A98441E44BAF1000F0BD031
S3150100A548236C01225B6915A9404698473046524655
S3150100A55815A90EF06DFB564494F87430022B15D0EC
S3150100A56826201BB0BDE8F08F236C0BA902225B697C
S3150100A578049898470BA808F0B4FB069A05460BA958
S3150100A5880DA80EF055FB9FE7AA46D6E701232149F8
S3150100A598226F03932B1F0B440293059BA5F1080811
S3150100A5A8CDE900830FA8D2F80CA00B1D069A0DA9B8
S3150100A5B8D0470028D5D1089B012B0AD194F87430CD
S3150100A5C8022BCDD14246384605990EF023FCF0B947
S3150100A5D84744BBEB050B07D094F87430022BBFD167
S3150100A5E8059B761B434405932046049907F033FFE0
S3150100A5F8049036E7089B022B7FF44AAF0649099B6C
S3150100A608079A194441E76320ABE76F20A9E736208B
S3150100A618A7E700BF7A6A00207A5A00202DE9F04F91
S3150100A6289FB09A469DF8A030044608939DF8A43039
S3150100A6388B460993D1E903350693099B1746022BE5
S3150100A64844D1CC2D40F0DC81089B93B108F032F857
S3150100A6580E9001234FF000094FF008080793099B54
S3150100A668012B0FD194F87430022B47D109F108094F
S3150100A67808E0069B4FF008081B68DDF820900E934A
S3150100A68801230793DBF8003007993B6009983D6180
S3150100A69808F03AFB4FEA98030D93734B2E460C9339
S3150100A6A80023CDE90A3338750593E16C4A1E0AEA97
S3150100A6B802028B1A002E49D0C144994551D3636BC6
S3150100A6C8CDF810A05B1A13446363BDE0089BFBB188
S3150100A6D8099B012B1CD100222B46CDE900126249A8
S3150100A6E8FFF7A4FE064650B9DBF8103083B19BF894
S3150100A6F817306BB194F87430022B04D026263046F5
S3150100A7081FB0BDE8F08F9BF81830013BA5EBC305D8
S3150100A718782DE36C9DD85A1E0AEA02029B1A2A1D55
S3150100A7289A4208D975B1082B93D800234FF004092A
S3150100A7380793C84693E74FF000094FF00408CDF890
S3150100A7481C908CE74FF004090795F2E74345B6D309
S3150100A75835460AEB08030493059B002B18BF032310
S3150100A76811E0A3EB08039E4235460AEB080228BF0F
S3150100A7781D469E420492EFD901233A69FB75B242FE
S3150100A7886DD1C7F804A00593FB7D002B69D03A7EED
S3150100A798059907EBC203C3F81CA01D8483F8221090
S3150100A7A8531C3B769DB1099B022B5FD10A9B63B96A
S3150100A7B80B9B2B44032B0AD9236C01229B69049812
S3150100A7C80EA99847002840F0238101230A93059B87
S3150100A7D80FA80193079B00933A7D2B46DBF80010DF
S3150100A7E801F00CF8236C50469B690D9A0FA99847FE
S3150100A7F88146002840F000812B46424651462046B4
S3150100A80807F056FE636BEA1CA3EB080322F003026A
S3150100A8189B1AB8606363B9F1000F40F0F3800B9B94
S3150100A828761B2B440B93DBF810306BB1099B012B7C
S3150100A8380AD1059B013BDBB2012B05D894F874308C
S3150100A848022B7FF45BAF08362046049907F003FE16
S3150100A8584FF000098246002E7FF427AF4FE7022307
S3150100A86891E7C7F804A09DE77A5A0020032D40F224
S3150100A878BE80059B0FA80193079B0DF14C09009318
S3150100A8883A7D2B46DBF8001000F0B8FF0FA94246C7
S3150100A89811A80EF0CDF90023CDE913331593236FD3
S3150100A8A804215B6816A89847E0B9049B226C1BBA79
S3150100A8B820681793049BD4F84CC052691B1AB3FB42
S3150100A8C8FCF396460CFB03000522734619A9984723
S3150100A8D819A808F058FA00BA189016AB93E80700B9
S3150100A8E889E80700089A94F87430002A40D1022BA7
S3150100A8F840F08D800122236F039219AA0292454ADC
S3150100A9080192A5F108020092D3F80890069B4246E7
S3150100A91811A913A8C84700287AD1139B3E4A136088
S3150100A92894F87430022B6FD13C4B199A5A51089BF3
S3150100A93843B194F87430022B69D10C9AA5F1080336
S3150100A9481A440C92236C34499B690498AA089847BF
S3150100A9588146E8B194F87430022B7FF4CFAE069A9B
S3150100A968A5F108031A4406922A9B049A1A6043E73A
S3150100A978022B4CD10122236F039219AA0292254A6E
S3150100A9880192A5F108020092D3F808900C9BBEE744
S3150100A99815F0030220D0204B25F0030903EB09012A
S3150100A9A8049B99444FF0FF3319A819930EF040F907
S3150100A9B8236C48469B69012219A9984794F8743073
S3150100A9C88146022B7FF49AAE069AA5F108031A442A
S3150100A9D806920028C8D1FAE694F87430022B7FF45F
S3150100A9E88DAE069AA5F108031A440692EFE62A46A1
S3150100A9F8DDF810900699D5E72A9BC3F800A0FBE677
S3150100AA0870267CE64E467AE6089B002B9AD02620CD
S3150100AA18064674E67E6A00207A6A0020766A002075
S3150100AA282DE9F04F8FB005930023884608920A69ED
S3150100AA38C16C0C931439D31DB3FBF1F3013302EB4B
S3150100AA48C302436B04469342C0F0D080DFF8A4A149
S3150100AA58DFF8A891256B6748294600F019FF0CAB6A
S3150100AA680293059B41460193089B20460093614A40
S3150100AA782B46FFF7D3FD8346C8B9DAF80830083400
S3150100AA88A362DAF804202046059BD8F8001007F0DF
S3150100AA982BFF002840F0A6802046059BDAF8042003
S3150100AAA8D8F800100FB0BDE8F04F07F088BF3D2871
S3150100AAB840F098802368E06CEF1AB7FBF0F707FBC4
S3150100AAC8003008F0B9F9216B0646204607F0C3FCA9
S3150100AAD8E36A834273D0E26CDAF80830511E0B4000
S3150100AAE8616B2063891A0B44636321680C9B5B1AAB
S3150100AAF8B3FBF2F39F42079352D1AD1B50D03E4FA1
S3150100AB084FF0FF313C4800F0C3FE236C01225B691C
S3150100AB180DA9304698470DA808F0D0F8364A0146DF
S3150100AB280DF12F032046FFF7E5F8002859D1FB7DE3
S3150100AB3843B13B7E3A6907EBC3031B8BD21A083331
S3150100AB4815441E44236B48461946099300F0A0FE96
S3150100AB589DF82F300CAACDE9013201220693009205
S3150100AB6839464A462046099BFFF758FD002838D141
S3150100AB78D9E90012D9F8083004F108002363069BC5
S3150100AB8800F034FD3B69782BA5EB030501D8FA7D66
S3150100AB9822B3FA7D083D0AB908331E44002DAFD108
S3150100ABA82368079AE16C206C01FB023108F0B9F8B9
S3150100ABB8204607F08FFB204607F090FC6063D8F823
S3150100ABC81020E16CD31D1439B3FBF1F3013302EB09
S3150100ABD8C302636B9342BFF43DAF03E0043D043304
S3150100ABE8DBE7834658460FB0BDE8F08F4FF01C0BE4
S3150100ABF8F8E700BF704600204446002018460020AA
S3150100AC08032A2DE9F34107460E4690461C4606D10E
S3150100AC18237A012B25D0012002B0BDE8F081194D18
S3150100AC2809682A460DF10703FFF764F860600028F2
S3150100AC38EED19DF80730227A032BE9D0696873684B
S3150100AC489942E5D1337E012A3569D4F80CC04FEA19
S3150100AC58C30308D1BA69ACEB03012944914202D96D
S3150100AC682074207CD8E708356544ED1A012243464D
S3150100AC7831463846E560FFF7D3FE60600028C7D045
S3150100AC880020C9E79C4600202DE9F341089C032AC8
S3150100AC989046276806D1237A012B27D0012002B0D6
S3150100ACA8BDE8F081274D38462A460DF10703FFF71F
S3150100ACB821F860600028EED126686B68F16AD6F83B
S3150100ACC84CC04B40CCF1000213EA020094F808E0AC
S3150100ACD8E1D1BEF1010F0BD12A7E2B69A3EBC20389
S3150100ACE8E2681344BA69934202D92074207CD6E7F4
S3150100ACF83068336B1B1A081AB3FBFCF3B0FBFCF084
S3150100AD0883420BD1F86C3B6B421E13407A6B121AC5
S3150100AD18134430467B6307F09EFB30632B692A7E1A
S3150100AD280833A3EBC203E26806491A44E2604346C4
S3150100AD3801222068FFF774FE60600028ABD000206E
S3150100AD48ADE700BF9C4600200022724B2DE9F04179
S3150100AD581F680D4604461A6018B921252846BDE81C
S3150100AD68F08190F838606EB30A6803689A4240F039
S3150100AD78C5804A6843689A4240F0C0808A688368F9
S3150100AD889A4240F0BB80CA68C3689A4240F0B680CE
S3150100AD980A6983699A4240F0B1808A69036C9A42CA
S3150100ADA840F0AC80CA69036F9A4240F0A78091F8D7
S3150100ADB8202090F874309A4240F0A0804B69002513
S3150100ADC8C361CBE778223146D0F83C80F6F754DCEC
S3150100ADD8D5E902122B6804F1080023606B68C4F8F0
S3150100ADE83C8063602B69A3616B69E36107F078FDB9
S3150100ADF8AB6904F1480023649B68984700284DD144
S3150100AE08E16C11B16368B3FBF1F194F84B3021623F
S3150100AE18002BA2D00023A366EB69236795F820606F
S3150100AE28E56C84F87460002D70D000296ED0236813
S3150100AE38B3FBF5F205FB1233002B61D1D4F804807C
S3150100AE48B8FBF5F305FB1383002B59D1204607F010
S3150100AE5807FAE36904330344984553D340F6347239
S3150100AE68A369CC3B93424FD8B5F5805F4ED3012EEB
S3150100AE784ED9032E4CD00321204607F020FAD4E9F7
S3150100AE880001236C1B6898470546236C0220DB6882
S3150100AE9898472DB1002384F838301FE03146B4E7CE
S3150100AEA839462046FFF7F6F86428054604D139469F
S3150100AEB82046FFF7EFF80546E36C143B002DE9D170
S3150100AEC8626A204602FB03F607F0CAF9E36904330E
S3150100AED803449E4206D284F838505A25206C07F05E
S3150100AEE88BFB3BE70123D4E900010B4A84F8383090
S3150100AEF813680133136007F0A3FEEFE75D252DE71D
S3150100AF0859252BE75A2529E75F2527E75B2525E7F5
S3150100AF18262523E7A43F0020A03F00202DE9F04382
S3150100AF280C4691461E46054685B0002847D090F83E
S3150100AF383830002B45D0B1F5801F44D2DFF8908018
S3150100AF48012107F0BCF92146424628460DF10F03B7
S3150100AF58FEF7D0FE0446F8B99DF80F30012B27D12C
S3150100AF68D8F810703FB195F87430022B18D198F8BB
S3150100AF78183006EBC306B7421FD100223B464946A5
S3150100AF882846CDE90082FFF751FA044620B9014661
S3150100AF983A460E48F6F770DB286C07F02DFB03E0FE
S3150100AFA8286C07F029FB2624204605B0BDE8F08366
S3150100AFB8022B14BF2D246024EEE76324ECE7212439
S3150100AFC8F2E71124F0E72924EEE700BF7A5A0020B8
S3150100AFD8C84600202DE9F04385B00C4691461E4629
S3150100AFE80546DDF83080002848D090F83830002B27
S3150100AFF846D0B1F5801F45D2234F012107F05FF9ED
S3150100B00821463A4628460DF10F03FEF773FE04461C
S3150100B018E8B99DF80F30012B29D195F87430022B28
S3150100B02819D13B69FBB906EB08029A4224D80223D7
S3150100B0383246CDE90073494643462846FFF7F6F9F5
S3150100B048044620B9014642461048F6F715DB286C36
S3150100B05807F0D2FA03E0286C07F0CEFA2624204638
S3150100B06805B0BDE8F0833A7EA3EBC203DBE7022B0A
S3150100B07814BF2D246024EAE76324E8E72124EEE7D8
S3150100B0881124ECE72924EAE7C84600207A5A002069
S3150100B0982DE9F3411E4600230C4617460546336043
S3150100B0A800283AD090F83830002B38D0B1F5801FF7
S3150100B0B837D2DFF87480012107F001F921464246AB
S3150100B0C828460DF10703FEF715FE044618BB9DF841
S3150100B0D80730286C032B1ED0022B07D1012304212C
S3150100B0E83B603160286C07F087FA10E0D8F8101039
S3150100B0F83C600029F5D095F87430022B04D198F8F4
S3150100B1081830A1EBC301ECE707F076FA26242046AE
S3150100B11802B0BDE8F0812D24E4E72124F7E71124E4
S3150100B128F5E72924F3E700BFC846002073B50446AE
S3150100B138456B07F095F8E36E03449D422CBF002347
S3150100B1480123854294BF00252D1A207C84F85830A6
S3150100B158E56584F86000A8B100230C4E1A46194625
S3150100B1682046009607F073FB002305461A46194642
S3150100B1782046009607F074FBE3682844984294BF7A
S3150100B1880020C01A606602B070BD00BFFFFF0F0045
S3150100B1982DE9F3471D4683690446AB420F4691469E
S3150100B1A89DF8288061D300268DF80760204607F0B0
S3150100B1B857F8D4F834A082450AD2636AB6EB430F2E
S3150100B1C806D2002220460DF10701FEF783FE80B361
S3150100B1D89DF80730012B05D1002220460DF1070104
S3150100B1E8FEF778FEB8F1030F25D1234E4FF0FF3154
S3150100B1F8304600F04DFB376035611F494346002252
S3150100B2082046C1F80C90FFF70BFCA36E054663B107
S3150100B2182046FFF78BFF94F8583013B994F860303D
S3150100B2281BB1A36E04F158009847284602B0BDE841
S3150100B238F0870136BAE72946204607F000F8666B1B
S3150100B248864214D30C4E4FF0FF31304600F020FBF6
S3150100B258B8F1010F37603561CFD1002DCDD094F803
S3150100B2687430022B05D10835C6E76225DDE71C25B2
S3150100B278DBE72625D9E700BF9C4600202DE9FF41DB
S3150100B2880F4690461E460546002847D090F83830A6
S3150100B298002B45D0B1F5801F44D2234C022107F07B
S3150100B2A80EF82246394628460DF10F03FEF722FD10
S3150100B2B850BB236933B395F87420022A1AD1227E2A
S3150100B2C806EBC2029DF80F1001291DD193421BD12D
S3150100B2D8CDE90041002241462846FFF7A7F8044672
S3150100B2E890B9014632461148F6F7C6D9286C07F0D7
S3150100B2F883F903E0286C07F07FF92624204604B079
S3150100B308BDE8F0813246DDE701234246009339461E
S3150100B31833462846FFF73CFF0446E7E72124EDE7D5
S3150100B3281124EBE72924E9E7C84600207A5A0020C8
S3150100B33830B50C46054685B028B390F8383023B3A6
S3150100B348B1F5801F23D2022106F0B9FF0DF10F03D3
S3150100B358214628460F4AFEF7CDFC034688B99DF8D3
S3150100B3680F20032A0DD003222146009202462846C1
S3150100B378FFF70EFF0446286C07F03EF9204605B094
S3150100B38830BD2D24F7E72124F8E71124F6E729240F
S3150100B398F4E700BFC84600202DE9F04FC56889B01B
S3150100B3A8AC000590204609F0C4F9DFF83CB2DFF895
S3150100B3B82CA2CBF80000204609F0BBF9CAF8000018
S3150100B3C8204609F0B6F9DFF81892DFF81882C9F8AD
S3150100B3D80000204609F0ADF9C8F80000204609F03A
S3150100B3E8A8F97C4F3860204609F0A3F97A4B06463E
S3150100B3F81860DBF8003000240293DAF80030D8F838
S3150100B40800E0039301236A1ED9F800C0D7F800802B
S3150100B4180192019A9A42C0F0C1805A000092012213
S3150100B428013B0693009B0025013B0492079367E0C5
S3150100B438069B5C19019B9C4228BF1C46079B03EB94
S3150100B4480509019B994528BF9946AC42C0F0A280DF
S3150100B4584C4580F09F80029B002B00F09D80039B4A
S3150100B468002B00F09980BCF1000F00F09580BEF129
S3150100B478000F00F09180B8F1000F00F08D80002ECA
S3150100B48800F08A800021049BEF0004EB030A059B68
S3150100B4981B688A4539D10027A9EB040B03EBC404C1
S3150100B4A8A2680398C2F3130240F82720E2684EF80F
S3150100B4B8272054F8082F46F827200137BB45EFD136
S3150100B4C80022A946144603F1040AA1422FD82746A9
S3150100B4D803EBC90AB9420AF1080A47D80F1BA14268
S3150100B4E838BF00274F4403EBC703934503F108030D
S3150100B4F846D80024009B009A1D44049B9B1A04937A
S3150100B508019BAB4294D8009B83E7DA59029803EB77
S3150100B518070BC2F3130240F82120DBF804204CF88C
S3150100B5282120DA59083748F821200131B1E7934536
S3150100B538CDD9039850F82270029850F82400B842E1
S3150100B54895BF58F8247056F8227043F8397043F8B5
S3150100B558397096BF5CF824705EF8227001344AF897
S3150100B568397088BF013209F10109AEE758F8270099
S3150100B5784AF8080C5CF8270001374AF8040CA9E7D1
S3150100B58856F8221043F8081C5EF82210013243F8D7
S3150100B598041CAAE72124ADE71924ABE7029809F0B0
S3150100B5A8D7F90E4B186809F0D3F90A4B186809F050
S3150100B5B8CFF90B4B186809F0CBF9074B186809F056
S3150100B5C8C7F9084B186809F0C3F9204609B0BDE860
S3150100B5D8F08F00BFAC3F0020A83F0020B83F0020F5
S3150100B5E8B43F0020B03F0020BC3F00202DE9F041C8
S3150100B5F8C76898464368FFB19F422CD9B8F1030F33
S3150100B60825D023B305682E464FF0000C03E06345A9
S3150100B61806F108061BD055F83C400CF1010CC4F3A1
S3150100B628075EBEF1030FF2D1C1F3130141EA0851D6
S3150100B638C6E90012BDE8F0814BB1056855F83740F7
S3150100B64805EBC70601341ED0B8F1030FDBD1012380
S3150100B6580372BDE8F08105680024AC4655F83460EC
S3150100B6680134C6F3130E013601D0714516D0A7422F
S3150100B6780CF1080CF2D19F42C0D255F8374005EBC0
S3150100B688C7060134E0D1C1F3130141EA085145F86F
S3150100B698371001377260C760BDE8F08141EA085189
S3150100B6A8CCE90012D5E700BF2DE9F041064640680E
S3150100B6B882B0C0B10F4690460024336853F834501F
S3150100B6C803EBC403C5F30752C5F31301013504F1AE
S3150100B6D8010406D05B683046CDF80080B84710B142
S3150100B6E870688442E9D302B0BDE8F081024B19685B
S3150100B6F8024B1868FFF728BB087C0020307C002025
S3150100B70830B5164D9BB0297831BB4FF00072032333
S3150100B7181024CDE90223F6231C2209A8CDE9051137
S3150100B72807910493CDE90044F5F7A6DF042310A891
S3150100B73808940B93F5F782DB694608AA10A807F067
S3150100B7481CFF10B173201BB030BD0122044B2A70B7
S3150100B758C3E90020986018750020F4E7827A002072
S3150100B76800460020F0B587B09DF83C700C46012FC5
S3150100B77815461946DDE90C230E9E14D198B104B974
S3150100B7888DB901B97AB973B16EB104270090CDE9C3
S3150100B7980367CDE90145054808F034FE002818BFBE
S3150100B7A8722007B0F0BD2120FBE700BF004600204C
S3150100B7B8F0B587B09DF83C700C46012F1546194621
S3150100B7C8DDE90C230E9E14D198B104B98DB901B9DE
S3150100B7D87AB973B16EB104270090CDE90367CDE953
S3150100B7E80145054808F022FE002818BF472007B082
S3150100B7F8F0BD2120FBE700BF0046002073B50446D3
S3150100B8082248012A00EAC1119DF8185023F07C400C
S3150100B81807D9961E012E28D9073303F07F0319434A
S3150100B82808E09DF81C300A43DB0603F0C0531343B6
S3150100B83843F060410023C4E900108DF80730B5B123
S3150100B848202221460DF1070007F01DFB1A220DF1F2
S3150100B8580700211D07F017FB082063689DF80720DC
S3150100B86843EA8263636002B070BD1143E2E71B22BB
S3150100B8780DF10700214607F006FB23689DF807200E
S3150100B888042043EAC2632360EDE700BF80FFFF0798
S3150100B89838B5094B0D461A6800210446F5F7ECDE62
S3150100B8A800234FF0FF322383C4E900252361A260F8
S3150100B8B8E382A37638BD00BFA89701010138C0B25B
S3150100B8C805289ABF014B185C01207047AD97010105
S3150100B8D82DE9F0430746154600240E46596889B0F6
S3150100B8E8490A012922464FEA510104F10104F8D80F
S3150100B8F8DC78997824031B88C90201F4006104F4F1
S3150100B90880540C43C3F30A031C4453039BB21C44DF
S3150100B9184FF6FE784FF6FF739DF840204FF0000969
S3150100B928022A18BF9846274B02A9039325F07843A4
S3150100B938ED430DF107001B2202938DF8079007F0DE
S3150100B948A2FA9DF80720029B02A943EAC2630DF1F8
S3150100B95807001B2225F07845049302958DF8079078
S3150100B96807F091FA9DF80720029B44EA084443EA46
S3150100B978C26305934FF0FF330794069307A9BB6982
S3150100B988012206F110009847BB6905A90446012260
S3150100B99806F108009847BB69484518BF044604A93B
S3150100B9A80122301D98470122484518BF0446BB6944
S3150100B9B8304603A99847484508BF204609B0BDE85F
S3150100B9C8F08300BF01009AB20122437801789A40B8
S3150100B9D830235943014B5A50704700BF40E083401A
S3150100B9E8034BD3F82424D3F820041040704700BF32
S3150100B9F800C083402DE9F8431F4B0546D3F81033A1
S3150100BA084B1E0E2B0E461746047890F8018026D950
S3150100BA1851B34FF0000928461FB3F5F76DD90F2129
S3150100BA28B8F1070F04EB440488BFA8F108084FEAE8
S3150100BA380414124895BF4FEA88084FEA8808043467
S3150100BA480C3409FA08F201FA08F1204407F039FA28
S3150100BA5886B9284657B1BDE8F843F5F74D998946A1
S3150100BA68D9E7FFF7B1FFDAE78946D8E7BDE8F84332
S3150100BA78FFF7AABFBDE8F88300C0834030C0834002
S3150100BA884FF480320A4B5A6603F5DE239B69C3F3EA
S3150100BA9803320270C3F303424270C3F3461203F042
S3150100BAA80F03134343804FF6FF738380704700BF2C
S3150100BAB8005080400048704700100000274B2DE9D0
S3150100BAC8F0411B68F5F718DE0128074620D9F5F776
S3150100BAD83FDE051E03DA01242046BDE8F081204B2E
S3150100BAE81B78002B38D14FF050081E4C04EB080088
S3150100BAF8A465C4F85C80F5F7D2DE206680B9012416
S3150100BB08012FE9D92846F5F739DE0028E4DAE2E714
S3150100BB18134B1B7803F0FF05002BE4D00024DBE769
S3150100BB280024114E214606F11003324601203460E5
S3150100BB387460B360C6F80C80F5F761DF30660028DB
S3150100BB48DDD00321012008F08DFC012008F088FCD6
S3150100BB580122034B1A70D3E70024D3E7347C002073
S3150100BB68837A002058470020F446002008B5F5F7E7
S3150100BB78C3DD012805D9F5F7EBDD002821DA012017
S3150100BB8808BD174B1B7803F0FF00002BF8D0F5F71B
S3150100BB98EDD80028F4D1012001F074FC012008F049
S3150100BBA85DFC104B186EF5F7D1DF90B90E4B186E88
S3150100BBB8F5F70DDF003818BF01200022084B1A706F
S3150100BBC8DEE7074B1B7833B1F5F7D8DD0028DEDA57
S3150100BBD8D5E70120F1E7F5F7D1DDC00FD0E700BFC2
S3150100BBE8837A0020F44600205847002008B54FF014
S3150100BBF885435B6CDA0208D5F5F77EDD0238012844
S3150100BC0803D80A4B186EF5F779DF4FF08542536C66
S3150100BC18DB02FCD5536D1268054A03F470231360E1
S3150100BC280120BDE8084001F02DBC00BFF446002004
S3150100BC38347C00202DE9FF474FF000080E461746D1
S3150100BC480446CDF80080002859D022B90025284697
S3150100BC5804B0BDE8F087002951D032F0030902F09B
S3150100BC68030A1FD04FF0E063C0E9003801230191B0
S3150100BC78C0F808800293C0F8208049F0005301A952
S3150100BC880393F5F7BDD949462046F5F791D92046DC
S3150100BC98F5F78AD8054628B14A4641463046F5F7AA
S3150100BCA8EBDCD4E7BAF1000FD0D04FF000084FF023
S3150100BCB8E063C4E900380123CDF804D00293114B9F
S3150100BCC8204601A9C4F80880C4F820800393F5F733
S3150100BCD897D904212046F5F76BD92046F5F764D89C
S3150100BCE8054608B13A46D8E7009A4E44EB000135B5
S3150100BCF822FA03F3AA4506F8013BF7D1A6E721255F
S3150100BD08A5E700BF040000202DE9F0410C461546C1
S3150100BD18064688B000283ED000293CD05A1E072A7C
S3150100BD2839D8072D37D85F19082F34D800231C4A6C
S3150100BD388360C0E90023036201230DF11008CDF8E1
S3150100BD4804800293174B01A90393F5F759D9304695
S3150100BD58F5F72AD810B92146AF4202D808B0BDE88E
S3150100BD68F08138F815200D6002F44053B3F5405FB1
S3150100BD7813D093044CBF0223C2F300330B72C2F3F0
S3150100BD880B03DB034B60C2F38033D20B4B728A720F
S3150100BD9801350C31E0E72120E0E70220DEE700BFAC
S3150100BDA8000053FF1000002070B516460546A0B0E6
S3150100BDB800284CD000294AD0002A48D00023254A19
S3150100BDC88360C0E9002301220362234B029102A981
S3150100BDD803920493059606920793F5F711D9284617
S3150100BDE805A9F5F70DD92846F4F7DEDF044640BB69
S3150100BDF8019001A92846F5F7B5D8044608BB40F2D3
S3150100BE080223019A9A421CD80146602208A8F5F72E
S3150100BE1833DC08232246284608A9FFF775FFA0B98F
S3150100BE28082208AB197A0C33022904BF53F8081CF7
S3150100BE3800EBD100013AF5D13368834204D31B1ACA
S3150100BE483360204620B070BD02200446F9E721245C
S3150100BE58F7E700BF000064FF040000207FB50E4627
S3150100BE681C46054608B3EBB1FAB113F003031CD11E
S3150100BE780F498360C0E9001303620123019201A9F6
S3150100BE88029344F00053039307F0F8FB3146284622
S3150100BE98F5F78ED821462846F5F78AD82846F4F7C5
S3150100BEA883DF0446204604B070BD2124FAE700BFAB
S3150100BEB8000063FF2DE9F0410F4601780446013978
S3150100BEC890468AB0042947D8DFE801F00332373CA7
S3150100BED841004025142621490C3400225D43C7E957
S3150100BEE801223A62384639602946F5F761D80123B5
S3150100BEF8384646F0005604A945F00055CDF80480A9
S3150100BF080293039504940593069607940893099654
S3150100BF1807F0B4FB384601A907F0B0FB384607A974
S3150100BF28F5F76ED83846F4F73FDF0AB0BDE8F08179
S3150100BF38402520260A490C34CFE740252026094901
S3150100BF480C34CAE78025402607491434C5E78025FD
S3150100BF58402606491434C0E72120E6E7000201031A
S3150100BF6800030103000401030005010300060103A0
S3150100BF7810B591B188B10023C0E90133084B00F12E
S3150100BF880C0203F1200153F8044B8B4242F8044B8F
S3150100BF98F9D101230370002010BD2120FCE700BF61
S3150100BFA87C98010110B591B188B10023C0E901332C
S3150100BFB8084B00F10C0203F1200153F8044B8B42A4
S3150100BFC842F8044BF9D102230370002010BD212049
S3150100BFD8FCE700BFB397010110B591B188B1002301
S3150100BFE8C0E90133084B00F10C0203F1200153F8B3
S3150100BFF8044B8B4242F8044BF9D10323037000200A
S3150100C00810BD2120FCE700BFD497010110B5A1B1ED
S3150100C01898B10023C0E90133C0E90333084B00F1A5
S3150100C028140203F1400153F8044B8B4242F8044BC6
S3150100C038F9D104230370002010BD2120FCE700BFBD
S3150100C048F597010110B5A1B198B10023C0E90133F3
S3150100C058C0E90333084B00F1140203F1400153F818
S3150100C068044B8B4242F8044BF9D105230370002097
S3150100C07810BD2120FCE700BF369801012DE9F04FDC
S3150100C0880D46904604468BB000287DD000297BD00A
S3150100C098002A79D00278013A042A75D8DFE802F035
S3150100C0A8030C58606B001427394A00F10C0B00F198
S3150100C0B8040A2C34B94608E020274FF01C09354AF2
S3150100C0C800F10C0B00F1040A2C34402199455BD888
S3150100C0D80AF104030AEBD10653F8040B002855D1DB
S3150100C0E8B342F9D1DAF80030013901EA0306C5E9A4
S3150100C0F800203146A86028622846F4F759DF284609
S3150100C108DAF80010F4F754DF012249F00053284603
S3150100C11801A947F0005746F00056CDF804B002923F
S3150100C1280397049405920696CDF81C800892099304
S3150100C13807F0A4FA284604A907F0A0FA284607A991
S3150100C148F4F75EDF2846F4F72FDE0BB0BDE8F08F73
S3150100C1582027114A00F10C0B00F1040A2C34A9E737
S3150100C16840274FF030090D4A00F1140B00F1040A7B
S3150100C17854348021AAE74027094AB94600F1140B2D
S3150100C18800F1040A5434F4E72120DEE70F20DCE746
S3150100C198000203030003030300040303000503036A
S3150100C1A8000603032DE9F04387B00D4691461E4666
S3150100C1B80446DDF83880002836D0B8F1000F33D0B0
S3150100C1C802B98BBB6B1EDBB2042B2DD8174AD75C81
S3150100C1D80F9B9F4228D80023280200F1407000F5E2
S3150100C1E880703146C4E90133206023622046F4F7A2
S3150100C1F8DFDE01236946204646F0005647F0005720
S3150100C208CDF8009001930296CDF80C80049305971A
S3150100C21807F034FA204603A9F4F7F2DE2046F4F7CC
S3150100C228C3DD07B0BDE8F0832120FAE7779801015D
S3150100C238F0B50F4616461D46044693B010B921209F
S3150100C24813B0F0BD0029FAD0002AF8D0002BF6D099
S3150100C258002331461A46384606F029FF0028EFD151
S3150100C268304602A906F0BFFE0028E9D1EB68022B89
S3150100C2780AD039683F48029A81426B6902D0183060
S3150100C288814270D19A42DAD82B68002BD7D14FF068
S3150100C29860623846C4E90023A360236201A906F057
S3150100C2A861FF0028CCD10199204621F4F061019162
S3150100C2B8F4F77EDE6946284606F054FF0028BFD10A
S3150100C2C820460099F4F774DE384609A900F054F8B7
S3150100C2D80028B5D1204609A907F0D0F938460CA996
S3150100C2E807F061F80028ABD120460CA907F0C6F97A
S3150100C2F8EB684BB1284606A900F03EF800289FD105
S3150100C308204606A907F0BAF9304603A907F04BF803
S3150100C318002895D1B368DA040CD59B0427D50621E4
S3150100C328F36932691B6801FB03225B0043F0005382
S3150100C33803920593204603A907F0A0F928460FA9F9
S3150100C34807F031F800287FF47BAF20460FA9F4F7F0
S3150100C35857DE03252046F4F727DD01287FF470AF61
S3150100C368013DF7D16CE7B3EB420F8DD267E7292080
S3150100C37866E700BF200000B090B189B101234B6088
S3150100C388C368013B012B08D88269064B1AB10A60BA
S3150100C39800208B607047044AF9E74FF00053F7E72E
S3150100C3A821207047080000209C98010170B50E46AF
S3150100C3B8154604468AB000285BD0002959D0002AC0
S3150100C3C857D0012329461A46304606F070FE002842
S3150100C3D84DD1B36813F4C04F4BD0AB6803F4C043D7
S3150100C3E8B3F5005F45D1254BA060C4E90030206252
S3150100C3F807A9304606F0B6FE002838D12046079927
S3150100C408F4F7D6DD304601A9FFF7B6FF78BB20461B
S3150100C41807F034F9304604A906F0C5FF38BB2046B3
S3150100C42804A907F02BF9EB681BBBAB6803F4C043FF
S3150100C438B3F5005F1DD16946284606F0FFFDB0B980
S3150100C448009B6A699A4216D32A6943F000530792F8
S3150100C4580122204607A9089203250993F4F7D0DD9E
S3150100C4682046F4F7A1DC012801D1013DF8D10AB033
S3150100C47870BD2120FBE71D20F9E700BF000001027E
S3150100C4882DE9F04391B00D46DDE918760446DDF84D
S3150100C498688000286ED000296CD0B8F1000F69D0E9
S3150100C4A80FB9002E66D1296801F07041B1F1404FEC
S3150100C4B85BD0002B5BD1531E042B5BD8120202F111
S3150100C4C8C06202F5807200232846C4E9013322605E
S3150100C4D823620DA906F046FE002843D120460D9990
S3150100C4E8F4F766DD31462046F4F762DD284601A9F0
S3150100C4F8FFF742FF002835D1204601A907F0BEF80B
S3150100C508284604A906F04FFF60BB4FF001092046F3
S3150100C51804A907F0B3F846F00056204607A907977D
S3150100C528CDF82090099607F0A9F82B680A9703F029
S3150100C5387043B3F1404FCDF82C900C9603D12046A9
S3150100C5480AA907F09BF80123CDF834800E931B9BAB
S3150100C558204643F000530DA90F93F4F751DD204609
S3150100C568F4F722DC11B0BDE8F083034AABE74FF0DC
S3150100C578C062A8E72120F5E7000002062DE9F0418F
S3150100C5888CB00D46DDE912860446149F002869D051
S3150100C598002967D0B8F1000F01D1002E62D1002F12
S3150100C5A860D0A96889045DD5296801F07041B1F1A7
S3150100C5B8404F4DD0002B4DD1531E042B52D82A4B38
S3150100C5C803EB022200232846C4E9013322602362D1
S3150100C5D809A906F0C7FD002837D120460999F4F7BD
S3150100C5E8E7DC31462046F4F7E3DC69462846FFF7DF
S3150100C5F8C3FE50BB6946204607F040F8284603A902
S3150100C60806F0D1FE08BB204603A907F037F8012337
S3150100C61846F00056CDF818800793089609970A93AD
S3150100C628159B43F000530B932B6803F07043B3F14A
S3150100C638404F11D109A9204607F020F806A920463E
S3150100C64807F01CF82046F4F7AFDB0CB0BDE8F08123
S3150100C658064AB7E7064AB5E706A9204607F00EF8DF
S3150100C66809A9ECE72120F0E700010106000003060D
S3150100C6780000010610F1860F14D010F1850F07DAB4
S3150100C68810F1930F11D0873007D04FF0FF30704764
S3150100C698003818BF012040427047054B194411F96B
S3150100C6A8050C70476FF0710070476FF06F007047A7
S3150100C6B8A49801FF012910B50CDC084C084B002988
S3150100C6C80CBF2146194607F03AFD2146BDE8104040
S3150100C6D8FFF7D0BF6FF0740010BD00BF0B0000025A
S3150100C6E80A00000208B507F06AFDBDE808400149DD
S3150100C6F8FFF7C0BF0B000002002307B540220193D4
S3150100C70801AB07F078FD034903B05DF804EBFFF7C9
S3150100C718B1BF00BF0B000002012910B50CDC084CA3
S3150100C728084B00290CBF2146194607F008FD21468A
S3150100C738BDE81040FFF79EBF6FF0730010BD00BF44
S3150100C748090000020800000208B507F038FDBDE837
S3150100C75808400149FFF78EBF09000002002307B50B
S3150100C7682022019301AB07F046FD034903B05DF8AA
S3150100C77804EBFFF77FBF00BF0900000210B5044CA8
S3150100C788214607F0DCFC2146BDE81040FFF772BFE1
S3150100C7980500000208B507F012FDBDE80840014989
S3150100C7A8FFF768BF05000002002307B514220193AD
S3150100C7B801AB07F020FD034903B05DF804EBFFF771
S3150100C7C859BF00BF0500000238B5134DFFF776F9CA
S3150100C7D8124B134A1349144803F0BCFB2B7803F098
S3150100C7E8FF04BBB9F4F788DF012802D9F4F7B0DFF3
S3150100C7F804462B782BB90D4B0D481B689847012326
S3150100C8082B70F4F779DF012804D92046BDE83840B2
S3150100C818F4F7B49F38BD00BF847A0020CF360101F2
S3150100C828B1360101E9360101F3360101907C002098
S3150100C838AC57002000F01F02A0F50620A0F55060B5
S3150100C848812810D8012309494009934051F820202D
S3150100C8581A4341F82020064951F8202022EA03020A
S3150100C86841F8202070474FF0FF307047D04700202D
S3150100C878BC47002000F01F03A0F50620A0F5506074
S3150100C888812810B519D801210D4A4009994052F855
S3150100C89820300B430B4942F82030D1E900432344A9
S3150100C8A88C682344CC68096923445B1804D1C2E91E
S3150100C8B80033C2E90233136110BD4FF0FF30FBE7C5
S3150100C8C8BC470020D04700202DE9F04FA7B00392BE
S3150100C8D81F4604460822CDE90401414021FA02F324
S3150100C8E84B40980702F1080218BF9B00202A1C44F6
S3150100C8F8F4D18123B4FBF3F303EBC313E41A7F4B9F
S3150100C90804F506241B7804F55064002B39D1FEF78B
S3150100C918EDFE054600286FD10146402206A8F4F728
S3150100C928ABDE2946402216A8F4F7A6DE744D754EED
S3150100C938A8461035AE4228BF2E467348013E0096DA
S3150100C94843461022006806A905F081FF4FF0000B47
S3150100C95881460DF1180AD94541D16B4800964346DF
S3150100C9681022006816A905F07BFF4FF000088346E0
S3150100C97816AEC34546D1654B9D42D8D101225F4BC0
S3150100C9881A704FF081080026DFF894B1A4F5062540
S3150100C998A5F550635B095BF8232004F01F01CA4023
S3150100C9A8D20746D45A4A52F82330CB40DB0732D550
S3150100C9B88123002E08BF2646A5F6FF44B4FBF3F3F0
S3150100C9C803EBC313E41A04F50624B8F1010804F5C8
S3150100C9D85064DBD1039B03B3FEB1344625E05AF814
S3150100C9E8040BFFF727FF013009D10022434B1A70C8
S3150100C9F8424B1B78002BC4D16FF091000FE00BF16D
S3150100CA08010BA8E756F8040BFFF734FF0130EFD006
S3150100CA1808F10108ADE7039B23B96FF08B0027B036
S3150100CA28BDE8F08F002E18BF3446329B00201C60EB
S3150100CA38F5E7309B13B10023309A1360319B13B18C
S3150100CA480023319A13604FF0100ADFF8BC90CDF835
S3150100CA5800A000233A462146D9F80000FEF7BAFAA3
S3150100CA68002838D130993A682A4BE9B19A42C1F877
S3150100CA7800A01CD02146D9F80000FEF759FC002871
S3150100CA88CBD1D7E90223DDE90410834208BF8A42E4
S3150100CA982AD08123A5F6FF45B5FBF3F303EBC313B0
S3150100CAA8ED1A05F5062490E79A42EAD0E2E7319BAA
S3150100CAB8002BE6D02146D9F8000016AAFEF7E8FAB7
S3150100CAC848B9319B309A1B681268934294D39B1AD2
S3150100CAD8319A1360D5E7104B9842CBD06328C9D059
S3150100CAE80E4B9842CDD087E7039B002B9DD07B68E0
S3150100CAF8012B9AD16FF0840091E700BF857A002057
S3150100CB08006D0800816D0800307C0020906D0800DA
S3150100CB18BC470020105D175EFFDF00F0FEDF00F066
S3150100CB28D047002070B5124D2B7803F0FF04CBB91E
S3150100CB38F4F7E2DD012802D9F4F70ADE04462B7878
S3150100CB484BB90C48436D43F0010343650A4B1B6817
S3150100CB58984701232B70F4F7CFDD012802D9204627
S3150100CB68F4F70CDEBDE87040044B02481B68184711
S3150100CB78867A0020E4470020907C0020887C0020EB
S3150100CB88034B1B781BB1034B03481B6818477047B7
S3150100CB98867A0020847C0020E44700202DE9F04FA6
S3150100CBA887B08246894698461646DDF840B02AB1CE
S3150100CBB8002B57D040F26C739A4256D8BBF1010F3D
S3150100CBC856D8002406F1100739460120059407F0C6
S3150100CBD8DDFE054600284ED021463A46F4F74CDDDF
S3150100CBE8FFF7A0FF05ABCDE9014300942B460122CF
S3150100CBF850464946FFF768FE044690B110F18C0F7E
S3150100CC0808BF6FF08D043A4600212846F4F734DD53
S3150100CC18284607F09DFEFFF7B3FF204607B0BDE89B
S3150100CC28F08F164BC5E902A92B60C5F804B02EB1E1
S3150100CC383246414605F110000BF0FAFF059E1048F1
S3150100CC483B462A4631460068FEF718FB38B9304696
S3150100CC58FFF7F0FD013008BF6FF08604D3E76FF0E8
S3150100CC689104D0E76FF08604D7E76FF09104D4E713
S3150100CC786FF08504D1E76FF08C04CEE7105D175E7F
S3150100CC88307C00202DE9F0478CB08146DDE9147827
S3150100CC980C4616461D466BB1B8F1000F49D0002F58
S3150100CCA847D0B7F1005F44D3C3F1005303F500231E
S3150100CCB89F423ED84FF0000A1022002108A8F4F737
S3150100CCC8DBDCCDE905AAFFF72DFF07AB029305AB20
S3150100CCD8019306AB214600935246484608ABFFF737
S3150100CCE8F3FD0446D0B9059B3DB1B3421CD853EABE
S3150100CCF8060504D06FF0860410E0B342FAD3069B0A
S3150100CD080D48C8F8005000953A460799006833441B
S3150100CD18FEF760F9002818BF6FF09104FFF730FF9E
S3150100CD2820460CB0BDE8F0879B1B9D4228BF1D46D7
S3150100CD38E5E76FF08604F3E7307C002070B500263E
S3150100CD480C4605468CB01022002108A8F4F794DC9D
S3150100CD58CDE90566FFF7E6FE07AB029305AB01933E
S3150100CD6806AB214600933246284608ABFFF7ACFDD1
S3150100CD78044608BB099B012B23D0079D144B294662
S3150100CD881868FEF7D5FAF8B9A5F50623A3F5506391
S3150100CD98812B05F01F020DD801210E485B09914030
S3150100CDA850F823204A4040F823202846FFF762FD21
S3150100CDB8013001D16FF08604FFF7E2FE20460CB080
S3150100CDC870BD6FF08404F7E76FF09104F4E700BFD4
S3150100CDD8307C0020D04700202DE9F0410D4614464D
S3150100CDE81E46C4B010B96FF0860038E00029FAD0A3
S3150100CDF8002AF8D0002BF6D0038803F44F42B2F587
S3150100CE08824F02D06FF0850029E0DAB2122AF9D1F1
S3150100CE1823F0FF03B3F5E24F29D1438833600BBBF7
S3150100CE28E3003360B3F5807FECD100231846484907
S3150100CE382E19214411F8014D16F8012D1043121B24
S3150100CE480CBF4FF0FF340024B54203EA040343EA5A
S3150100CE580203EFD10028C6D0002BC4DA002044B063
S3150100CE68BDE8F081DA1DB4EBD20FDBD0BBE7B3F531
S3150100CE78824F69D10B78042BB5D12822002118A835
S3150100CE88F4F7FADB18A8F3F7D9DF002859D10027F8
S3150100CE988422394623A82297F4F7EEDB01232022C0
S3150100CEA8394668468DF88830F4F7E6DB20224FF0DC
S3150100CEB88808013C3946013505940DEB0200E4006A
S3150100CEC804956408F4F7D8DB22AD2022394610A868
S3150100CED80C95CDF83480F4F7CFDBB4F5C07FCDE9F6
S3150100CEE8145834608ED027D8E02C03D0B4F5807F4F
S3150100CEF87FF479AF174B0734009308934FF4005327
S3150100CF0802934FF48043E4086A460A93640010AB1F
S3150100CF1808A918A81194FFF78BF933680733DB08BA
S3150100CF285A0033B10021531E013B297005F1010551
S3150100CF38FAD2002892D056E7B4F5047F3FF462AFDF
S3150100CF4851E76FF092008AE76FF0960087E700BF16
S3150100CF58AB98010120000080F8B5134642880C46BB
S3150100CF680732072A4FEAD20101D0A1426DD1D0E991
S3150100CF7801670588202218460021F4F77DDB360A69
S3150100CF88034626B1012E11D06FF08B00F8BD002C97
S3150100CF985BD041F20102954205D0B5F5885F02D012
S3150100CFA8B5F5905F1BD15C600020EFE7C660002CE9
S3150100CFB84BD041F2010295420BD15C60B90707F0EB
S3150100CFC801021FD4002AEFD19A6842F080729A6052
S3150100CFD8EAE7B5F5885FF0D0B5F5905FEDD0B5F520
S3150100CFE8105F0AD1182C03D0202C01D0102C2CD17B
S3150100CFF8C3E90044002ED7D0E0E705F44F42B2F565
S3150100D008824F02D06FF08500C0E7EAB2122AF9D141
S3150100D018202CF7D10E4A25F0FF05B5F5E24F1A6027
S3150100D0280CD0B5F5824F10D14FF4005217F4705F4A
S3150100D03809D017F4864F04D09A60E3E74FF480428B
S3150100D048F4E742F480629A60D4E76FF086009DE7C0
S3150100D058200000802DE9F041174600221C4643684E
S3150100D0688CB01B0A80460D46009204D0012B53D082
S3150100D0786FF08B0086E0008820F0FF03B3F5824F3E
S3150100D08815D1B8F802200732D208009206F021FC21
S3150100D098002800F0D1800B78042B05D1013FB7EBAE
S3150100D0A8420F05F1010503D06FF086006AE000978B
S3150100D0B8009E224631464046FFF74EFF002861D1C1
S3150100D0C8FA1CC4E9030522F003026261002E00F08E
S3150100D0D894802022002101A8F4F7CEDA3146404691
S3150100D0E801AAFFF739FF002840F087802368019AD3
S3150100D0F89A4240F082806368029A9A427DD1A36877
S3150100D108039A9A4279D1A369079A9A4275D1E36932
S3150100D118089A9A4236D070E0032FC5D90B78012BAD
S3150100D12840F08D80497800293ED0F73905299FD8E6
S3150100D13801A353F821F000BF9DD1000159D1000187
S3150100D14879D0000193D1000179D00001A7D100015E
S3150100D1584FF41056F8253B4F1C22002102A8F4F77C
S3150100D1688BDA03230197CDE90435039601AA09ADA4
S3150100D178134603CBAB42206061601A4604F10804EA
S3150100D188F6D100200CB0BDE8F08110274FF080766B
S3150100D198FA25E1E720274FF00076F725DCE74FF47B
S3150100D1A81056FC25274FD7E72B2F7FF67DAF202278
S3150100D1B82046F4F761DA05F110032361AB070DD0B8
S3150100D1C801AB05F128061A4628686968083503C2BD
S3150100D1D8B5421346F7D1286801AD10606B68103F58
S3150100D1E82360AB6869466360EB682046A360012348
S3150100D1F86761E36005F0F7FE28B120220021204689
S3150100D208F4F73ADA50E7B8F80030009E03F44F42D3
S3150100D218B2F5824F0ED1DAB2122A0BD123F0FF03EF
S3150100D228B3F5824F06D1730062691C339A42BFF483
S3150100D2384DAFE2E73346F7E76FF08500A2E76FF0F7
S3150100D24891009FE720000080038810B503F44F4240
S3150100D258B2F5824F21F0FF0221F4FF71134C21F040
S3150100D268010109D0A1421AD0114B9A4214BF6FF09D
S3150100D27885006FF0860010BDA142DBB20FD00C49C4
S3150100D2888A420CD0122B0DD14388B3F5807F09D180
S3150100D298B2F1062F0CBF00206FF08500EBE76FF0A7
S3150100D2A88600E8E76FF08500E5E700BF00020006A3
S3150100D2B800130006184A20F4FF7323F00103934272
S3150100D2C80ED0164B20F0FF029A4209D0144920F4D9
S3150100D2D87F7323F003038B4202D0124B9A4217D174
S3150100D2E810F0FF0017D040F0007000F17E400538BD
S3150100D2F806280DD8DFE800F0040C0C0E06080A0013
S3150100D30801207047032070470420704705207047A5
S3150100D318002070470220704700020006001300062D
S3150100D328000400060009000638B501250A4C0B4819
S3150100D338F3F715DB0B20F3F7A9DC04F500535D675A
S3150100D34842201D6700F09EF804F58054422007F03C
S3150100D35887F80020656738BD00401040D498010160
S3150100D36808B5054B1B6FDB0704D50122034B1A676A
S3150100D378AFF3008008BD00BF0040104000601040B8
S3150100D3880028ACBF00F16040064B4FEA0111C9B253
S3150100D398ABBF00F5614000F00F0080F80013195487
S3150100D3A8704700BF14ED00E0002807DB012341099F
S3150100D3B8034A00F01F00834042F82130704700BF3E
S3150100D3C800E100E000280CDB01220649430900F0D0
S3150100D3D81F008240203341F82320BFF34F8FBFF34C
S3150100D3E86F8F704700E100E0034672B6034A906802
S3150100D3F89360BFF34F8F62B6704700BF00ED00E040
S3150100D40838B5F3F715DE154B1C781CBB01221A70CB
S3150100D418F3F709DEF3F703DE114B05469868234651
S3150100D428104AC1580433B3F5D47F42F8041BF8D126
S3150100D4386A210C48FFF7D8FF2846F3F7EBDD6FF0B2
S3150100D448040210460132052152B2FFF799FF5A2A02
S3150100D458F7D138BDBDE83840F3F7E59D877A002056
S3150100D46800ED00E0003A0020054B421153F8223046
S3150100D47800F01F0023FA00F0C04300F001007047D6
S3150100D48800E100E0002808DB01224309034900F016
S3150100D4981F008240603341F82320704700E100E015
S3150100D4A873B5F3F7BCDD0D4D0D4B2E781C68F3F7FC
S3150100D4B8B1DDF4F7D8D938B1FF2E05D00020297887
S3150100D4C801AA04F082FE019C2CB9F3F7A8DD054BED
S3150100D4D81C68F3F79FDD204602B070BDFC7C002076
S3150100D4E8744800207848002010B50446F3F797DD04
S3150100D4F8024B1C60F3F78EDD002010BD7848002032
S3150100D50813B5002301241A4619461846009403F058
S3150100D51893F8002300941A461946184603F0BEF8F4
S3150100D5280248FFF7E1FF002002B010BD4C7C002045
S3150100D53807B5684600F030F8DDE900010022034B23
S3150100D54803B05DF804EB07F052BC00BF7C4800202D
S3150100D55807B5009313460A460146034807F006F83D
S3150100D56803B05DF804FB00BF7C48002013460A4659
S3150100D5780146014807F0E9B87C48002007B5009341
S3150100D58813460A460146034807F0E4F903B05DF875
S3150100D59804FB00BF7C4800200249034A0160521A75
S3150100D5A842607047E0860020000008200048704766
S3150100D5B87C48002008B50BF089F9034B1868BDE8CB
S3150100D5C80840F4F7529900BFA448002030B5094D28
S3150100D5D88BB001AC0FCD0FC40FCD0FC42B68002142
S3150100D5E801AA05482360F4F7EBD8044B18600BB081
S3150100D5F830BD00BFE0980101BDD50001A448002057
S3150100D608036810B4596A846E9A68C1F5977193686C
S3150100D6182144034A5DF8044B5C30F2F79B9F00BF37
S3150100D6280C000020B1F5067F13B504462AD3102055
S3150100D638F3F70DD818B96FF0020002B010BD2368D0
S3150100D64840F20C411A6802F07F02F3F719D8002854
S3150100D658F1D0F3F7F5DDA061B8B1214613220C4BE1
S3150100D66804F11800636051F8303B00921B68902260
S3150100D678F2F78EDF074B002063610123C4E903003B
S3150100D688A360DAE76FF02200D7E76FF00100D4E76D
S3150100D698989A0101A1D60001F8B5C36804460F4658
S3150100D6A800F1180643B94368416ADB6830463A4ACD
S3150100D6B843F48063F2F74EDFA36A9B052AD4224618
S3150100D6C852F8C01BE368C8680969302834BF0820C6
S3150100D6D810204D1E1D404D1B0130854238BF6D1867
S3150100D6E82A44D90002F8011C05F1BF025B0922444C
S3150100D6F804F1C10191424AD18023616A84F8C0309C
S3150100D70863682A46DB6830469831F2F723DF2369D6
S3150100D7182B44236122693846D31C23F003039B1A41
S3150100D728226A52F8041C41EA032142F8041C52F801
S3150100D738081C0B4443F0005342F8083C2368D96897
S3150100D748CD1CF3F7FFDD23680146DA683046F2F7A8
S3150100D7580BDF236825F00305DA68AA4206D0AA1A60
S3150100D7680021304642F08042F2F7FEDEA16A11F44A
S3150100D778806110D123685A69DB689A420BD0D21AA4
S3150100D7883046BDE8F84042F08042F2F7ED9E02F8D5
S3150100D798013D1B0AAEE7F8BD04000020014B0360FA
S3150100D7A8FFF740BF389A0101014B0360FFF73ABF03
S3150100D7B8189A0101014B0360FFF734BFF89901017B
S3150100D7C8014B0360FFF72EBF789A0101014B0360F5
S3150100D7D8FFF728BF589A01012DE9F041324F3B78EE
S3150100D7E883B13248F3F7BBD83148F3F7B8D807F015
S3150100D7F859FC2E48F3F7B6D82D48F3F7B3D80020CD
S3150100D808BDE8F081F3F778DF0128064614D9F3F766
S3150100D8189FDF051E46DB3B78002B3CD14FF05008B5
S3150100D828244C04EB0800A465C4F85C80F4F737D8E7
S3150100D838206638B90120E3E73B7803F0FF05002BA2
S3150100D848CFD1EBE71C4C04F15000C4E91648F4F7B4
S3150100D85826D820660028EDD004F1640304F1B4004B
S3150100D868C4E92F38F4F71BD8C4F8C4000028E1D05E
S3150100D8780021124C012004F110032246C4E90011CB
S3150100D888C4E90238F4F7BBD820660028D2D00123B0
S3150100D8989E423B70A5D92846F3F770DF0028A0DA27
S3150100D8A80220ADE70D20ABE7887A0020CC9801016C
S3150100D8B8D09801011049002074490020AC48002085
S3150100D8C8002307B50193054B1B68F4F7BDDA019BE5
S3150100D8D8002BFCD003B05DF804FB00BF787C002068
S3150100D8E8EFF305830F2B84BF034A9B5C4FF0E023BC
S3150100D8F8D3F80C3D704700BFF0E300E030B5074CA4
S3150100D908256824686A40D2B2891A101A090A41EAB6
S3150100D9181021634023EA0100C0B230BDE055002062
S3150100D928044B1B68584043085B4240421843C017E2
S3150100D938704700BFE0550020054B01311B680132D5
S3150100D948434022EA030208400243501E00B27047D0
S3150100D958E05500202DE9F04F834699B00F46184649
S3150100D96800211646049308F016F8002800F087816E
S3150100D97800240125774B30461493049915ABCDE95C
S3150100D9880B45CDE90D45CDE90F45CDE91145139374
S3150100D99807F08AFFA04228DABBF1000F05D1E7B9E3
S3150100D9A80024204619B0BDE8F08F2146584607F0F5
S3150100D9B8F0FE04460028F2D00BA807F03FFE0DA89A
S3150100D9C807F03CFE0FA807F039FE11A807F036FE4E
S3150100D9D80C2115A801F0B0FAE3E73146384607F0FD
S3150100D9E8A3FE04460028E7D1DAE731460BA807F07B
S3150100D9F89BFE04460028DFD104990DA807F094FE82
S3150100DA0804460028D8D1F1880FA80231ADF838505C
S3150100DA18ADF8305007F020FE04460028CCD1014667
S3150100DA280FA807F0B6FE04460028C5D1F18811A84B
S3150100DA38023107F011FE04460028BDD10DA807F0F2
S3150100DA48E7FE00F01F001F2873D0C0F11F03194617
S3150100DA580BA8019307F002FF04460028ACD10199EF
S3150100DA680DA807F0FBFE04460028A5D1BDF83250E3
S3150100DA78BDF83A800DA8A5EB080A4FEA4A194946A6
S3150100DA8807F0ECFE0446002896D14FEA8A0A0DA94A
S3150100DA980BA807F038FF00284DDA49460DA807F00C
S3150100DAA8FAFE0446002887D108F1FF3302939B004A
S3150100DAB805F1FF3A069305F1804508F18043023BDB
S3150100DAC8013D9B00A5EB08050993AB000393029B57
S3150100DAD89A4541D8BBF1000F0DD058460FA907F05A
S3150100DAE823FE002840F0C780049AB388928813FB66
S3150100DAF802F3ABF80430002F3FF45EAF01990BA88F
S3150100DB0807F0C9FE002840F0B680B3880BA938464D
S3150100DB18ADF8303007F008FE0146002840F0AD8028
S3150100DB28384607F038FF00287FF446AF0123BB804B
S3150100DB3842E701949AE70F9A0BA952F80A30084668
S3150100DB48013342F80A300DAA08F00AF804460028FB
S3150100DB589DD031E7010003000D9B069A05931344F6
S3150100DB68DDF82C900893059B4FEA8A089A5859F8CC
S3150100DB782A10A8F104030F9D0793039B91421D44A4
S3150100DB8874D20798002359F80000F3F7E5DB00295A
S3150100DB9814BF4FF0FF330346BAF1010F2B600EBFD6
S3150100DBA8002309EB080353F8083C099A1593079BC8
S3150100DBB859F80330169359F8083017932B6801332F
S3150100DBC82B60059B134498462B680021013B2B606B
S3150100DBD811A807F0DEFD00284DD1029B002B48D085
S3150100DBE8D8F80020119B11A91A60089A08461268EC
S3150100DBF85A602A6808F03CF800283CD113A911A8F4
S3150100DC0807F081FE0028DFDC2A680DA911A808F0B3
S3150100DC182FF880BB039B11A84FEAC308414607F0BA
S3150100DC281DFE40BB0BA9084611AA07F099FF01463C
S3150100DC3818BB0BA807F0AFFE002812DA0DA911A828
S3150100DC4807F072FDB8B9414611A807F007FE90B969
S3150100DC580BA9084611AA07F080FF60B92B68013B9A
S3150100DC682B60039B0AF1FF3A043B2FE74FF0FF3382
S3150100DC7892E7029AB6E704469EE60C469CE66FF0E2
S3150100DC880B048EE6044B1B68584043085B4240422E
S3150100DC981843C017704700BFE055002010B50B4C5C
S3150100DCA8226823684240594081EA0200C00FFFF703
S3150100DCB8E9FF2368521A434022EA03020840104347
S3150100DCC8C00FBDE81040FFF7DDBF00BFE0550020DB
S3150100DCD8F8B50D46014628681746FFF7DFFF012408
S3150100DCE8C143074B1E68BC4202D346EA0100F8BD90
S3150100DCF855F82400FFF7C6FF01340643F3E700BFD2
S3150100DD08E05500202DE9F04707460F4B88461E6867
S3150100DD1819681D68541E631C02D13046BDE8F08798
S3150100DD2858F824A057F8249050464946FFF7B6FFFD
S3150100DD38514605434846FFF7B1FF20EA05031E434E
S3150100DD480543013CE7E700BFE05500208842F0B5EE
S3150100DD5804D00025084F0438AA4200D1F0BD3E6818
S3150100DD6850F8044F5E4024EA060451F8256001354F
S3150100DD781E4034430460EFE7E05500202DE9F04FDB
S3150100DD881C4685B0DFF88490039106462146104665
S3150100DD98D9F80030D9F8003008F0BAF9C51D272D91
S3150100DDA890468CBF4FF01E0A4FF0FA0AEB0825F091
S3150100DDB8070502932D1A0F9B2146009330460E9BA9
S3150100DDC8029A08F0A2FB0746C0B92A462146304600
S3150100DDD808F017FABAF1010A14D022463146039817
S3150100DDE8FFF776FF2246834641463046FFF78AFF0C
S3150100DDF8D9F800200BEA00039A42DCD0384605B070
S3150100DE08BDE8F08F6FF00D07F8E700BFE055002079
S3150100DE1870B50C460646114620461A4607F0BCFE62
S3150100DE280546A0B9B36C33B921462046321DBDE873
S3150100DE38704007F04EBFB4F90430002B09DB2046C9
S3150100DE4807F0E6FCF36BB0EB430F09D9184D2846EA
S3150100DE5870BD0146204607F09EFD0028EFD0F5E784
S3150100DE682046B36C984705460028F0D10436B4F924
S3150100DE780430002B04DA0021204607F08CFD68B92E
S3150100DE883146204607F03FFD0028E0DB32462146B1
S3150100DE98204607F0E0FD0028F2D006E0324621468A
S3150100DEA8204607F05AFE0028E1D00546CFE700BF15
S3150100DEB880B0FFFFF0B514461F46054685B002A897
S3150100DEC80E4607F0B6FB2346022100972A1D02A833
S3150100DED807F0ADFF044648BB06F110021146284675
S3150100DEE802ABFFF795FF044600BB06F108073A4661
S3150100DEF83946284602ABFFF78BFF0446B0B902AB99
S3150100DF081A4619462846FFF783FF044670B9324672
S3150100DF183146284602ABFFF77BFF044630B93A463D
S3150100DF283946284602ABFFF773FF044602A807F0F5
S3150100DF3885FB034814F10E0F18BF204605B0F0BD46
S3150100DF4800B3FFFF0246044803780BB91846704729
S3150100DF589342FCD00C30F7E7C49A01012DE9F14F41
S3150100DF689A461B6904460E4691460A9D1BB9724894
S3150100DF7801B0BDE8F08F02F110070021384607F01D
S3150100DF880AFD30B95146304601B0BDE8F04F08F0F8
S3150100DF98A0BD0AF110080021404607F0FCFC08B9AB
S3150100DFA84946F0E70121404607F0F5FC0028DED195
S3150100DFB83B463A4629462046FFF72AFF0028D7D18D
S3150100DFC805F108083B462A4641462046FFF720FF49
S3150100DFD80028CDD153462A4629462046FFF718FF81
S3150100DFE80028C5D14246414620460AF10803FFF7F3
S3150100DFF80FFF0028BCD14B462A462946204608F081
S3150100E0085BFB0028B4D109F1080B5B464246414641
S3150100E018204608F051FB0028AAD10021284607F01E
S3150100E028BAFC014690B9404607F0B5FC40B92B4603
S3150100E0384A463146204601B0BDE8F04F08F0B9BB63
S3150100E048304601B0BDE8F04F08F059BD2B463A46B7
S3150100E058204606F11001FFF7DBFE002888D105F1FD
S3150100E06810072B462A4639462046FFF7D1FE0028D7
S3150100E0787FF47EAF05F1180A2B463A4651462046EB
S3150100E088FFF7C6FE00287FF473AF4B463A4639467A
S3150100E0982046FFF7BDFE00287FF46AAF39462846B9
S3150100E0A807F042FB00287FF463AF2946204608F0B3
S3150100E0B871FB00287FF45CAF434642463146204651
S3150100E0C8FFF7A6FE00287FF453AF2B4632463146AA
S3150100E0D8204608F0F1FA00287FF44AAF5346324643
S3150100E0E83146204608F0E8FA00287FF441AF334666
S3150100E0F83A463946204608F0DFFA00287FF438AF59
S3150100E10843463A4639462046FFF782FE00287FF401
S3150100E1182FAF5B46524651462046FFF779FE002847
S3150100E1287FF426AF53463A46204606F1080101B068
S3150100E138BDE8F04F08F0C0BA80B0FFFF2DE9F047FF
S3150100E148012A8246DDE908490E4690461F4644D80B
S3150100E158043007F061FB0546504608F030FC0128FB
S3150100E16882463CD1002106F1100007F014FC48B99B
S3150100E178B9F1000F02D11B48BDE8F0872070C7F836
S3150100E18800A0F9E7B8F1000F17D16B0001334B4531
S3150100E1983B60F0D8214604232A46304601F8013B64
S3150100E1A807F056FB0028E7D12A46691C214406F1E7
S3150100E1B80800BDE8F04707F04BBB6B1C4B453B60BD
S3150100E1C8D9D8002106F1080007F0FFFA21460230E6
S3150100E1D801F8010B2A463046EBE70348CCE703482A
S3150100E1E8CAE700BF00B1FFFF80B0FFFF80B1FFFFA4
S3150100E1F82DE9F84380460C4615461F4613B91D48B6
S3150100E208BDE8F883043007F007FB0646404608F0E8
S3150100E218D6FB012881462AD12B7833B9012FEED1B5
S3150100E2282046BDE8F84308F06ABC06F10108B8457E
S3150100E238E5D832462046691C07F0F4FA0028DFD1F2
S3150100E248494604F1100007F0A4FA0028D8D12B7822
S3150100E258042BD4D173000133BB42D0D1324605EB2E
S3150100E268080104F10800BDE8F84307F0DBBA0248E3
S3150100E278C6E700BF80B0FFFF80B1FFFF2DE9FF4170
S3150100E2880E460546012106F1100007F084FB0446F7
S3150100E29850B9284608F093FB01287AD12146304621
S3150100E2A807F079FB002801DA3B4C6EE006F1080815
S3150100E2B82146404607F06FFB0028F5DB2F1D39463E
S3150100E2C8304607F020FB0028EEDA3946404607F0CB
S3150100E2D81AFB0028E8DA684607F0ABF902A807F046
S3150100E2E8A8F94346424669462846FFF791FD044682
S3150100E2F8002844D133463246284602A9FFF788FD4D
S3150100E308044600283BD1EB687BBB02A903220846D9
S3150100E31807F02AFC044690BBBDF90C30002B04DA41
S3150100E328002102A807F037FBC8B902AA33461146ED
S3150100E3382846FFF76DFD044608BB02AA1146284682
S3150100E34805F1140308F09CF90446C0B9684602A908
S3150100E35807F0D9FA104B041E18BF1C460FE002A994
S3150100E3683A46084607F0F9FBD4E702AA11462846B9
S3150100E37805F10C0308F084F904460028D5D068464F
S3150100E38807F05CF902A807F059F9204604B0BDE880
S3150100E398F081024CF9E700BF80B3FFFF80B0FFFFB1
S3150100E3A838B5054608F00BFB01280C4601460DD188
S3150100E3B8204607F0F0FA002806DB204605F134016D
S3150100E3C807F0A1FA002803DB024838BD0248FCE73A
S3150100E3D80020FAE780B3FFFF80B0FFFF2DE9F04F79
S3150100E3E80F46B5B0114606469A460292FFF7D8FF80
S3150100E3F80446002840F09F8151463046FFF73EFF0C
S3150100E4080446002840F09781304608F0D8FA0128DA
S3150100E41840F09A81336C1821013302204FEA5309DF
S3150100E42806F0B4FA0546002800F08C8105F11808B3
S3150100E43808F0CEFA404608F0CBFA0DF14C0B0BEB7F
S3150100E4480400083407F0F5F8202CF8D1514628467F
S3150100E45808F03FFB044698BB8246D1451ED141468A
S3150100E468304608F092F8044650BB43462A464146D0
S3150100E4783046CDF800B0FFF771FD044600BB4146B2
S3150100E488304608F082F80446D0B905F1100007F0C5
S3150100E498D5F805F1280007F0D1F811E0BAFBF9F132
S3150100E4A8012318228B4009FB11A1DBB202FB03529F
S3150100E4B8F9B11146304613AB08F07BF9044638B377
S3150100E4C84FF0000A0BEB0A000AF1080A07F0B6F842
S3150100E4D8BAF1200FF6D1F4B1B36D9D422DD028467D
S3150100E4E808F0B3FA404608F0B0FA284606F030FAC2
S3150100E4F823E003F0FE0101EB5301104605EBC101D0
S3150100E508039208F0E6FA039A04460028D1D0D7E721
S3150100E5180AF1010AA1E705A807F08BF806F1340B01
S3150100E5280BA807F086F82146584607F04EF9012848
S3150100E53811D0B36D9D4204D1844C384608F085FA52
S3150100E548F9E0284608F081FA404608F07EFA28469E
S3150100E55806F0FEF9F0E72146029807F036F9029926
S3150100E568824605A807F0E0F8044630B10BA807F083
S3150100E57865F805A807F062F8AEE75946029A0BA8AE
S3150100E58807F0EEFA04460028F0D1BAFA8AFA4FEAF9
S3150100E5985A1A52460BA905A807F082F8044600281C
S3150100E5A8E4D1014609F1010213A8F3F765D813ABC3
S3150100E5B81A46A346D94502925DD0594605A8039342
S3150100E5C807F003F9029A09EB0B0114780BF1010B19
S3150100E5D8044305A807F0F9F8E4B2029A44EA4004AC
S3150100E5E8039B02F8014BE5E75C781A7884EA010E89
S3150100E5F86FEA0E0000F0010012FB00F20C4002EA7D
S3150100E6080E0182EA0E0203F8012F13F8012C2143A9
S3150100E61842EAC01203F8012C0CF1010CE345E3D2DE
S3150100E6280BA807F00BF805A807F008F805A808F0E5
S3150100E638CFF900240BAB1819083406F0FAFF202C81
S3150100E648F8D10BF1D0036B442A463946304613F804
S3150100E658843C08F05EF80446002831D13E9B002B25
S3150100E6686DD0DDE93E2339463046FFF723FC002805
S3150100E67865D0044624E000214FF0010CCEE74B4655
S3150100E6883A46394630460BF1FF3B08F092F8002826
S3150100E698EFD113AB2A46304613F80B3005A908F01B
S3150100E6A838F80028E5D13A4639463046CDF8009083
S3150100E6B805ABFFF753FC0028DBD1BBF1000FDED118
S3150100E6C805A808F018F84FF000090BAB03EB090091
S3150100E6D809F1080906F0B2FFB9F1200FF5D1002CAE
S3150100E6E87FF4FAAE52463946304607F092FF0446A1
S3150100E6F800287FF4F1AE3E9B4BB1DDE93E23394656
S3150100E7083046FFF7D7FB044600287FF4E5AE3946C5
S3150100E718304607F03AFFB36D04469D4208D02846B5
S3150100E72808F093F9404608F090F9284606F010F9E2
S3150100E738002C7FF402AF204635B0BDE8F08F0DF10D
S3150100E7482C09BAE7024CF8E6004CF4E780B0FFFF63
S3150100E75880B2FFFF30B4DDE9024524B1CDE90245B7
S3150100E76830BCFFF73BBE014830BC704780B0FFFFA5
S3150100E77873B505461E4608F022F901280C460146DE
S3150100E7880ED113462046009605F1340207F04FFBD9
S3150100E798044B10F10E0F18BF0346184602B070BDA0
S3150100E7A8014BFAE700B3FFFF80B0FFFF2DE9F04107
S3150100E7B80D46014628461746984600F047F804468E
S3150100E7C8B0B9284608F0FBF8012805F1600612D110
S3150100E7D842463946304607F025F8044628B93146F7
S3150100E7E82846FFF7DDFD044610B1304606F026FF40
S3150100E7F82046BDE8F081014CF7E700BF80B1FFFF75
S3150100E80870B5066C0D460736B3EBD60F11460446AE
S3150100E8184FEAD60203D200230A482B6070BDB0F82E
S3150100E82866302A604BB108F0CAF8012807D104F10D
S3150100E8386000BDE8704007F00BB80348EEE76FF0DB
S3150100E8486D00EBE700B1FFFF80B0FFFF38B5044666
S3150100E8580D4608F0FEF8204608F0C8F8032D257085
S3150100E86823D1144B144AA360A361A3632362A36251
S3150100E878124B626063624FF00113114A23636261AE
S3150100E888104A114B6263114AE362E261201D06F0E8
S3150100E898BFFFE06304F1340006F0BAFF20640020EC
S3150100E8A80123C4E91600636438BD002308482370B0
S3150100E8B8FAE700BF010008005C9B0101FC9A01010F
S3150100E8C83C9B0101DC9A01017C9B01011C9B010116
S3150100E8D880B1FFFF0538C0B206289ABF024B53F82C
S3150100E8E820000020704700BF809B01010023F0B57E
S3150100E8F8044603600A276FF067000C4E0B689342C3
S3150100E90803D21D78303D092D00D9F0BD2568B542E1
S3150100E91809D87D43256013F8010B28443038206057
S3150100E92800200B60EAE76FF06700EEE799999919FD
S3150100E93870B5094C256815B96FF02D0009E0667C9C
S3150100E948864207D1267C8E4204D100201560626872
S3150100E9581A6070BD1434EDE7B8A4010130B5084B4F
S3150100E9681C6814B96FF02D0006E01D7C854204D1A0
S3150100E97800205B680C60136030BD1433F0E700BFFC
S3150100E98868A4010130B5084B1C6814B96FF02D0055
S3150100E99806E01D7C854204D100205B680C6013608B
S3150100E9A830BD1433F0E700BF40A401012DE9F04F53
S3150100E9B80F460021054687B00846009390469B46B8
S3150100E9C8134605AA109E06F0ADFD28460AF0B9F9C8
S3150100E9D8044638460AF0B5F9059902290A4638BFA8
S3150100E9E802224B1C023A03EB921323441844119B4F
S3150100E9F8984207D96FF02908129B1860404607B05C
S3150100EA08BDE8F08F39B1012005F0C0FF044618B9F9
S3150100EA18DFF8A080F2E70C46434620460599CDF873
S3150100EA2800B005AA06F07EFD804618B1204605F01D
S3150100EA388FFFE3E728460AF084F92946024630465D
S3150100EA480AF0F6F828460AF07CF9A1464FF00A0AB8
S3150100EA583518DDF814B0BBF1000F18D138460AF0A5
S3150100EA6870F93946024628460AF0E2F838460AF0AD
S3150100EA7868F902462B18581C129B05F802B0821B2E
S3150100EA881A60119B59469A1AF2F7F6DDCEE75A46ED
S3150100EA98402A28BF40224946284603920AF0C8F868
S3150100EAA8039AABEB020015440590914405F801ABB6
S3150100EAB8CFE700BF80EEFFFFF0B5054687B00E46EB
S3150100EAC8182200216846F2F7D7DD1DB9114C2046F8
S3150100EAD807B0F0BD2B68002BF8D16946304608F01F
S3150100EAE8C4FC04460028F1D1BDF80070684608F058
S3150100EAF8FFFF27F0FF03B3F5E24F07D047F2010303
S3150100EB089F4205D1044B2B60AE60E0E7034BFAE761
S3150100EB18034CDCE780C1FFFF48A5010178A5010187
S3150100EB2880C6FFFF2DE9F74F1646DDE90C89DDE9B9
S3150100EB380EAB04460D46109AE1B92BB9036803BB1F
S3150100EB48164803B0BDE8F08F002EF9D001680029F8
S3150100EB58F6D021684F69FFB1CDE90FB22946324691
S3150100EB682046BC46CDE90D9ACDF8308003B0BDE804
S3150100EB78F04F6047002EE3D001680029E0D0002B52
S3150100EB88E7D128460192FFF7A5FE08F01AF8019A7F
S3150100EB9803460028DDD1D3E70148D2E780C1FFFF4C
S3150100EBA800C1FFFF0048704780C6FFFF2DE9F04FFF
S3150100EBB804468BB00E46DDE9149A0021174604A8CF
S3150100EBC818229846169DF2F757DD204604A908F043
S3150100EBD84CFC38B10722194B194909F0B2FB0BB0A5
S3150100EBE8BDE8F08F04A8BDF812B008F081FF46F021
S3150100EBF8C06143463A462046CDE901A5CDF80090C5
S3150100EC0841F4E06108F007FE034670B18533E1D1AE
S3150100EC1843463A462046CDE901A5CDF8009046F08F
S3150100EC28062108F0F8FD0028D4D1CDE900A54B4608
S3150100EC38494658462A6809F0AAFBD0E7F5FE0001BD
S3150100EC48B4A501012DE9F0431E469BB00746884647
S3150100EC5814460021182204A8F2F70EDD0023F51D3B
S3150100EC68ED0802936D0024B92A4C20461BB0BDE875
S3150100EC78F0834FF006294FF4005144F4824404A866
S3150100EC88ADF8104008F08AF84246394602ABCDF88D
S3150100EC981C9008F06EFC48B101F028F90546029867
S3150100ECA800F04AFC04463DB32C46DEE7402D03D965
S3150100ECB8029800F041FCD7E703AB01934023DDE955
S3150100ECC824120AAF009330463B4609F0B2FB0446CC
S3150100ECD8029814B100F030FCC7E7039BAB42E8D1B8
S3150100ECE8CDE90073DDE92223494608F0D7FD50B97D
S3150100ECF8029800F021FC0446002CB6D0204601F00B
S3150100ED08F5F80446B1E70722034B044909F019FB54
S3150100ED18C4E700BF80C1FFFFF5FE0001B4A50101EC
S3150100ED282DE9F04105469CB00021164605A8182292
S3150100ED381F46F2F7A1DCA86805A908F096FB38B1C9
S3150100ED480722144B144909F0FCFA1CB0BDE8F081FE
S3150100ED58BDF8144005A804F44F43B3F5824F18BF14
S3150100ED680024BDF8168008F0C3FE4122A86804AB4A
S3150100ED780BA908F0D3FB0028E2D1239B049903933E
S3150100ED88229B0096CDE90173E2B243460BA8FFF731
S3150100ED9859FFDAE7F5FE0001B4A5010170B50023B4
S3150100EDA806460846BEB0CDE903334122806803AB67
S3150100EDB805A908F0B3FB044618B101F097F83EB06F
S3150100EDC870BD16ADA0223146284609F031FF284606
S3150100EDD807F0DFFF0238314602284FF0A002284625
S3150100EDE898BF179C09F024FF284607F0D2FF02387E
S3150100EDF8022888BF00214FF0410398BF1799CDE932
S3150100EE0800530022204604AB6831FFF797F9002822
S3150100EE18D5D1DDE903239A4208D1294605A809F087
S3150100EE28F9FF034B002818BF1846C8E70048C6E78C
S3150100EE3880C1FFFF2DE9F04190460027ACB004AD33
S3150100EE48A02206460C4628464146039709F0F0FEDD
S3150100EE58284607F09EFF02380228404698BF059FBC
S3150100EE6807F097FF072811D141222946D8F808004B
S3150100EE7803AB08F053FB00BB3068039A041B9442AA
S3150100EE8814D26FF06B002CB0BDE8F081412300224B
S3150100EE98CDE90053384603AB07F16801FFF74EF990
S3150100EEA80028F0D13068A042E7D2EAE7801A29465D
S3150100EEB8306009F0BDFE0398E5E70148E3E700BFC6
S3150100EEC880C1FFFF73B5054610460C46164607F086
S3150100EED860FF022809D1324621462846FFF7AAFFD4
S3150100EEE800280DDB034618460AE0304607F051FFB5
S3150100EEF807281BD100232A680193944202D90C489A
S3150100EF0802B070BD2146B06801AB121B08F006FBC2
S3150100EF180028F4D12868019A2146801A286009F048
S3150100EF2889FF019B002B1846DDDAE9E70148E7E787
S3150100EF3880C1FFFF80C6FFFF10B50A46044619B116
S3150100EF48024B00211B68984710BD00BF807C00203A
S3150100EF58F8B50D4E0D4C0E4D33680E489847677837
S3150100EF682B680C48984733680B489847022F08D1F5
S3150100EF782478E31F5C425C412B6807489847204682
S3150100EF88F8BD0024F8E700BF887C0020E45500207E
S3150100EF98847C0020E4560020485700200E4B03408D
S3150100EFA8B3F1607F06D1B1F5885F14BF6FF08600B3
S3150100EFB800207047B3F1707F0BD101F4E043B3F53C
S3150100EFC8005F06D111F4E06F0CBF6FF086000020D8
S3150100EFD870476FF0860070470000C07F8A42F8B517
S3150100EFE807460C4600F019818F4922F4FF7323F076
S3150100EFF801038B420ED08D4B22F0FF01994209D0B5
S3150100F0088B4822F47F7323F00303834202D0894B92
S3150100F018994228D1884B24F0FF0199420FD114F067
S3150100F028FF000BD0854B40F00070984240F0F78006
S3150100F03882EA0400FF288CBF00200120F8BD7B4B23
S3150100F0489942ECD0A3F588539942E8D024F4FF738A
S3150100F05823F00103B3F1062FE1D076488142DED0D1
S3150100F06873498B42DBD004F0FE43B3F1A06F14D190
S3150100F07802F0FE43B3F1A06F40F0D18082EA0403A7
S3150100F08833F47E1340F0CB8014F40040D6D0C4F399
S3150100F0980540C2F305429042CDE7B3F1407F40F007
S3150100F0A8A88002F0FE43B3F1407F40F0B88082EABF
S3150100F0B8040535F47E1540F0B28039462046FFF73F
S3150100F0C86DFF002840F0AB805D4B12F47C1603EA15
S3150100F0D8020319D0B3F1607FC2F3054679D15949C4
S3150100F0E8D3B243F000738B4277D003F17E43043BDE
S3150100F0F80F2B5CD8DFE803F05A5A5B716567696BB9
S3150100F10865675B5B6567696BB3F1607F34D14D49B0
S3150100F118D3B243F000738B4244D003F17E43043BE0
S3150100F1280F2BDCD801A151F823F000BFB1F1000182
S3150100F138B1F10001E7F00001ADF100012BF2000188
S3150100F14875F1000179F100017DF100012BF2000151
S3150100F15875F10001E7F00001E7F000012BF200016B
S3150100F16875F1000179F100017DF100012026B6E76C
S3150100F1783026B4E74026B2E7B3F1707F17D107F41A
S3150100F188E043B3F5005F03D10126C7F302239E408E
S3150100F19807F4E043B3F5005F09D10125C7F302215E
S3150100F1A88D4004E010269AE7142698E7142514F4EE
S3150100F1B87C1FC4F3054312D1B54214BF00200120B8
S3150100F1C83CE71C25F3E72025F1E73025EFE7402545
S3150100F1D8EDE7B3F1707FEAD1DAE71025E7E712F434
S3150100F1E87C1F01D1AB4218D022047FF527AFB34269
S3150100F1F821E7B3F1106F12D124F01F6020F47020BB
S3150100F20868B902F0FE43B3F1106F7FF417AF0E48E9
S3150100F218104040F01060A042CFE701200EE7002021
S3150100F2280CE71C265BE700BF000200060013000678
S3150100F238000400060009000600030006FF0000029C
S3150100F2480000C07F030000020000FFF637B505463F
S3150100F2580C46FFF77DFE78B1002322460193294625
S3150100F268074801AB04F019FB20B9019BA34218BF5B
S3150100F2786FF0930003B030BD6FF08800FAE700BF66
S3150100F288E855002021F4FF7210B521F0FF031A4C4E
S3150100F29822F00102F8B121F4BF6020F00700A04274
S3150100F2A812D0164883420FD0A0F5206083420BD0B6
S3150100F2B8134B9A4208D003F58063994208BF002090
S3150100F2C818BF6FF0860005E0C9B2002914BF0020F7
S3150100F2D86FF0860010BDA242FCD0084A9342F9D0CD
S3150100F2E821F47F7121F00301A2F570629142F1D0F8
S3150100F2F802F5A0629342E3E7000200060013000646
S3150100F308000400062DE9F843884617461C4600F016
S3150100F318BBFC054688BBD8F80060B6F8009009F42E
S3150100F328E043B3F5804FB36808BF27F0010737EA12
S3150100F33803031AD10CB3254B24F0FF029A421FD1BD
S3150100F34814F0FF0304D0224A43F00073934232D0EB
S3150100F35822464846F168FFF741FE074668B9224644
S3150100F36848463169FFF73AFE70BB6FF08405002302
S3150100F3783046C8F8003000F003FD2846BDE8F8839A
S3150100F388144B9A42DCD0A3F588539A42D8D024F478
S3150100F398FF7323F00103B3F1062FD1D00E498A4238
S3150100F3A8CED00E4A9342CBD004F0FE43B3F1407F50
S3150100F3B804D12304CCD56FF08605D8E7B3F1A06F45
S3150100F3C8F7D0034B9C42C2E73D46D6E70003000649
S3150100F3D8FF000002001300060009000600040006EB
S3150100F3E8154B70B51B68054614480E46984718B163
S3150100F3F86FF08F04204670BD2B794BB96B690024D9
S3150100F40833602B7E012B14D034606FF0960407E02D
S3150100F4182846D5E9081208F064FE04460028EDD00E
S3150100F428074B06481B6898470028E3D0002CE1D112
S3150100F438DEE702232B76F3E7887C0020AC57002011
S3150100F448847C002000232DE9F3414768D0F8148015
S3150100F45805460E4638461146136008F0FBFD04467C
S3150100F46888B9384608F0F8FD044660B9FFB277B99D
S3150100F478B8F1000F05D1AB6823F47F4323F00303EA
S3150100F48863B16FF08604204602B0BDE8F0810146FB
S3150100F498686908F0B9FD0028EDD1F2E74FF6F8736F
S3150100F4A86A889A4227D8154B15481B682F799847B9
S3150100F4B810B16FF08F04E6E707B901A8314600F0ED
S3150100F4C8A3FB104B04461B680D48984710B1002C46
S3150100F4D8D9D1EEE7002CD6D10FCDD6F800C06646B5
S3150100F4E80FC695E8030086E80300002FCBD1019BE0
S3150100F4F8CCF81430C7E76FF08504C4E7887C002090
S3150100F508AC570020847C002010B5044660B1074B37
S3150100F51807481B689847204607F08AFFBDE8104050
S3150100F528044B03481B68184710BD00BF887C0020A0
S3150100F538AC570020847C002037B50446C0B101A928
S3150100F54800F0A2FB044698B91C4B1D481B68984756
S3150100F5581C4D08BB0198037E032B11D108F065FDEC
S3150100F5682B6804461648984728B10CB96FF08F04E2
S3150100F578204603B030BD002C08BF6FF08704F7E7BB
S3150100F588022B15D1032303760379FF2B13D01BB165
S3150100F598406908F08BFD0446019808F046FD2B6882
S3150100F5A8002818BF0446064898470028E0D0DCE73B
S3150100F5B86FF09604F0E76FF08404EDE7887C00208D
S3150100F5C8AC570020847C002047F2010102888A4258
S3150100F5D810D1104923F4FF7222F001028A4215D094
S3150100F5E80D4A23F0FF03934214BF6FF086006FF0B4
S3150100F5F88500704702F44F42B2F5824F06D123F4D3
S3150100F608FF7323F00103B3F1062FEDE76FF08500D1
S3150100F618704700BF00020006001300062DE9F041FD
S3150100F62817461C461F4A23F4FF7323F0010393422E
S3150100F63805460E4698B00ED01B4B24F0FF029A429F
S3150100F64809D01A4924F47F7323F003038B4202D0AD
S3150100F658174B9A4222D1DDE91E1207AB01934023CB
S3150100F66814F0FF000DF1200818BF40F00070009358
S3150100F678434607F0D7FC70B9229B3A460493219B6F
S3150100F68831460393209B28460293079BCDE90083C5
S3150100F698234607F0F4FF18B0BDE8F0816FF0850046
S3150100F6A8F9E700BF00020006001300060004000681
S3150100F6B80009000644F20101028822F440508842FA
S3150100F6C810D1104923F4FF7222F001028A4215D0A3
S3150100F6D80D4A23F0FF03934214BF6FF086006FF0C3
S3150100F6E88500704702F44F42B2F5824F06D123F4E2
S3150100F6F8FF7323F00103B3F1062FEDE76FF08500E1
S3150100F708704700BF0002000600130006002307B574
S3150100F7181A460091024908F00FF903B05DF804FB97
S3150100F728A8A5010170B51C4E1C4C33681C489847A6
S3150100F7382378580744BF23F00403237023789907D5
S3150100F74805D500F047FA237823F002032370154DF7
S3150100F75813482B68984733681348984763781BB151
S3150100F7680023124A63605360002308210F4863701F
S3150100F778FFF7E2FB2B680C48984733680848984717
S3150100F78823780748DA0744BF23F0010323702B685F
S3150100F798BDE87040184700BF887C0020E45500206A
S3150100F7A848570020847C0020E4560020E8550020B4
S3150100F7B82DE9F041FFF7CCFB18B100242046BDE83E
S3150100F7C8F081364F36483B689847044620B16FF0BA
S3150100F7D88F04FFF7A7FFF1E7324D2B78D8070AD434
S3150100F7E804F050F8044610B904F055F804462B788D
S3150100F7F843F001032B702C4E29483368984710B102
S3150100F808002CE4D0E5E7002CE3D13B68244898476F
S3150100F81804460028DBD12B78990706D400F0D2F9E3
S3150100F82804462B7843F002032B7033681C4898472B
S3150100F8380028E5D1002CCCD13B6819489847002807
S3150100F848C5D13368164895F8008098470028BED177
S3150100F8583B68164898470028B9D16B783BB918F028
S3150100F868010F04D0124B6C605C6002236B70336825
S3150100F8780E4898470028AAD13B68094898470028A6
S3150100F888A5D12B7806485A075CBF43F004032B70B1
S3150100F89833689847002890D099E700BF887C0020F4
S3150100F8A848570020E4550020847C0020E4560020B7
S3150100F8B8E85500202DE9F74300F4E040B0F5804F04
S3150100F8C80D4616461F46DDF828902CD101F1680829
S3150100F8D8404607F028F988B94B4600224146284692
S3150100F8E8CDE90067FEF72AFC07F0C4FB0446B0B170
S3150100F8F83A4600213046F1F7BFDE10E000230193B6
S3150100F9080D4B4146009305F1600205F11C0328469B
S3150100F91807F012F907F0AEFB04460028DCD02046B2
S3150100F92803B0BDE8F08349462846FEF769FF03B0F0
S3150100F938BDE8F04307F09EBB83830101F0B5048857
S3150100F9481D4604F44F43B3F5824F18BF0024A1B0F6
S3150100F9580E464188E0B2174608F005FD0446FEF753
S3150100F968F1FA14B308B3684607F061F82046002394
S3150100F97869460F4A07F011F9044648B1684607F087
S3150100F98898F8204607F076FB0446204621B0F0BDDC
S3150100F9983B46324629466846FEF732FF07F06AFBC0
S3150100F9A80446684607F085F8EFE76FF08504ECE74B
S3150100F9B8838301010368114A10B59342044609D8A5
S3150100F9C8023A934215D88BB1023A93420BD06FF0A3
S3150100F9D888000DE003F17E430A3B012BF7D804307A
S3150100F9E803F058FE02E0043003F05CFE00202060BC
S3150100F9F810BD043003F052FEF8E700BF090000020B
S3150100FA0810B503680F4CA34208D8023CA34215D887
S3150100FA18023CA3420BD06FF0880010BD03F17E4370
S3150100FA280A3B012BF7D80430FCF75CFE02E00430F0
S3150100FA38FCF7B0FEBDE8104007F01CBB0430FCF72C
S3150100FA4883FEF7E7090000022DE9F04114461D4639
S3150100FA580378334A43F000739342074688462C607D
S3150100FA6837D003F17E43043B0F2B09D8DFE803F0B7
S3150100FA781C1C08312125292D212508082125292D78
S3150100FA8824B1224621214046F1F7F6DD00263B68DE
S3150100FA98244A93422AD8023A93423BD8023A9342DD
S3150100FAA82ED06FF0880002E0F4B96FF08900BDE846
S3150100FAB8F081002CF9D01C260EE0002CF5D020266A
S3150100FAC80AE0002CF1D0302606E0002CEDD04026C5
S3150100FAD802E0002CE9D01026224621214046F1F702
S3150100FAE8CBDDB442D3D2E0E71426F5E703F17E4332
S3150100FAF80A3B012BD5D84146381DFCF7FDFD03E02D
S3150100FB084146381DFCF750FE07F0B4FA0028CED15D
S3150100FB182E60CCE74146381DFCF720FEF4E700BF0E
S3150100FB28030000020900000238B5074C074B2046BE
S3150100FB381B689847064B204693F8F050054B1B68FF
S3150100FB489847284638BD00BF48570020887C0020C2
S3150100FB58F0550020847C002000F14043052B70B548
S3150100FB6805460E460CD82822154C02FB0344237E73
S3150100FB78022B02D16369834218D06FF08B001AE019
S3150100FB88012108F041FAB8B10D4B00221C46197E35
S3150100FB98022902D15969A94205D00132062A03F17F
S3150100FBA82803F4D1E9E7282303FB0244204608F099
S3150100FBB81EFA00B9346070BD6FF08700FBE700BF1D
S3150100FBC8F05500200122024B002083F8F0207047EF
S3150100FBD8F05500202DE9F0410A4C002526464FF044
S3150100FBE8010803272046C4F81C802776013507F04B
S3150100FBF81FFC062D04F12804F4D1002386F8F03001
S3150100FC08BDE8F081F0550020F8B506460F46FFF726
S3150100FC188BFF88B300241B4B22461D46197ED1B1A2
S3150100FC283CB9022905D1D96919B91979002918BF29
S3150100FC381C460132062A03F12803EFD114B96FF0E5
S3150100FC488C0006E0204608F0D2F9204607F0F0FBC2
S3150100FC5810B100240EE01C46237E83B901232376C6
S3150100FC683EB1651BED1003F1CC335D4305F18045CB
S3150100FC78356000203C60F8BD6FF08800E9E76FF059
S3150100FC889600E6E7F055002000232DE9F3410B60C5
S3150100FC9880460D46FFF748FF002867D0354B3648A2
S3150100FCA81B689847074628B16FF08F04204602B0B3
S3150100FCB8BDE8F08129464046FFF74EFF10F18C0F4B
S3150100FCC804462E4E07D033682B4898470028EDD0B6
S3150100FCD8002CEBD1E8E729463846FFF795FF04469D
S3150100FCE818B1336824489847E0E701232F68CDE91E
S3150100FCF8000069463846C7F814807B6001AA08F0F7
S3150100FD0842FA044670B1DDE9000108F03AFA2868BA
S3150100FD1807F08EFB14F18C0F08BF6FF087040023E0
S3150100FD282B60D0E7DDE90012384607F0ECFA044605
S3150100FD38DDE9000108F025FA002CE8D12868836876
S3150100FD48D90444BF43F48063836083689A0444BF3B
S3150100FD5843F400638360037E012B04BF0223037609
S3150100FD6808F045F904460028ADD0D8E76FF08804B5
S3150100FD789CE700BF887C0020AC570020847C0020CB
S3150100FD880B4B10B51B6804460A48984718B16FF023
S3150100FD988F04204610BD204608F047F9064B044655
S3150100FDA81B68044898470028F3D0002CF1D1EEE7E8
S3150100FDB8887C0020AC570020847C002037B5044697
S3150100FDC830B1164B16481B68984720B16FF08F045F
S3150100FDD8204603B030BD204601A9FFF7BDFE114DEF
S3150100FDE8044640B110F18C0F2B680D4808BF6FF01F
S3150100FDF887049847ECE70198C369012B0AD107F0F4
S3150100FE0817FB04462B68064898470028E0D0002CC3
S3150100FE18DED1DBE708F009F9F3E700BF887C0020AB
S3150100FE28AC570020847C002030B40D4D2C681C6032
S3150100FE386C685C6000249C605468DC6014881C82D1
S3150100FE4854885C8294685C61D4689C61126930BC90
S3150100FE58DA6119620A46014603F1240008F0E8BE90
S3150100FE68ACA501012DE9F843232904460F4691461D
S3150100FE789846089E04D86FF098052846BDE8F88389
S3150100FE880822194908F0C6FF05460028F3D1A368D8
S3150100FE98002BF0D1216A243F8F42C8F80010EAD31B
S3150100FEA8B1F5005FE7D271B9C9F80000E36873607C
S3150100FEB8238A3380638A73806369B360A369F360B5
S3150100FEC8E3693361D9E7012004F060FDC9F8000050
S3150100FED830B1D8F8002004F1240108F0A9FEE5E7BD
S3150100FEE86FF08C05C9E700BFACA5010100F19903C4
S3150100FEF8142B1AD8DFE803F0171719191919191746
S3150100FF08191919191319191B150B0F0D1100094880
S3150100FF1870470948704709487047094870470948B2
S3150100FF287047094870470948704708F0EDB908480D
S3150100FF38704700BF00C3FFFF80C6FFFF80C5FFFFF4
S3150100FF4800C1FFFF80C0FFFF80C1FFFF00C2FFFFA6
S3150100FF5880C7FFFF70B5094D04462860084801604F
S3150100FF68084909480A60094A1360A0472B680848E6
S3150100FF7898472B680748BDE870401847907C0020D1
S3150100FF888C7C0020887C0020AC570020847C0020D3
S3150100FF9848570020E45600202DE9F04FCBB00290D7
S3150100FFA808460C4608F0CDFE0026052327180298B8
S3150100FFB8CDE9073609960596254605F022F94FF04B
S3150100FFC8010BB046DFF834A2BD4206D909980028CC
S3150100FFD836D150464BB0BDE8F08F2B78BBF1000FF8
S3150100FFE800F0F3803D2B40F0D880814E2A1BD6F8CD
S3150100FFF80080B8F1000F07D1214607A806F009FECF
S31501010008002800F0E080EFE073689A4208D12146A2
S315010100184046039208F020FE039A002800F0C280A8
S315010100281036E4E72378232B7AD100232A1B02F120
S31501010038FF3B1BF00109069305D0DFF8C0A109981A
S3150101004804F086FCC5E7033AB2F5027F4FEA5B0B7A
S31501010058F3D25946012004F099FC824600285CD066
S31501010068BBF1000F0ED1534613F8014B05AA0AEB52
S315010100780B0106A8069305F037F890B1504604F02E
S3150101008867FCDAE70134204608F03EFA0028F5DB79
S315010100980AF8090009F10109CB4504F10204F2D173
S315010100A8E1E7059AB2F5807FE8D81F2C069907D8AA
S315010100B8504BE340D80703D50B465018984226D131
S315010100C80AA808F0B5FD504604F042FCDDE908210D
S315010100D8059B029800930AAB05F09EF98246099899
S315010100E804F036FC00230993BAF1000F57D02B46C9
S315010100F8CAF80C401D460133AF421C4602D06A7844
S31501010108202AF7D04FF0010B4FF0000A45E013F80A
S3150101011801CBBCF1000FD1D1B0E7DFF8E4A08EE73E
S31501010128002E5ED10DF12809CB46A54205D8A9EBCA
S315010101380B03D8F80C400593C8E721785C2926D129
S31501010148A21C954204F1010A039213D9504608F0FB
S31501010158DBF9431C0ED0002843D0039A09F1010C9F
S31501010168C1B2ACEB0B0CBCF5807F09F8011B38D089
S31501010178541CDAE7554534D961781F48039108F0CB
S315010101881FFC70B35246039909F1010CE9E72246AE
S3150101019809F1010CE5E74FF0000B013514E7DFF82A
S315010101A860A016E70390B06808F0CBFD01460890F8
S315010101B8012004F0EBFB089AB168099008F038FDB3
S315010101C8039BB0469B465E466C1C2B782C2B03D1B0
S315010101D815F8013C5C2B01D1BD42DCD1A5427FF466
S315010101E821AF099804F0B4FBDFF810A0F1E600BFCE
S315010101F8F4A5010100105850D0A5010180DCFFFFCB
S3150101020880D7FFFF2DE9F04F0746A1B00D46012022
S315010102184B211446099304F0B9FB8046002800F0E6
S315010102281F8100230B933B7A29460893FA682B19F8
S315010102380CA807930C9308F029FA041EC0F2F5805D
S3150101024800F0FA80224629460CA804F0FEFFA146D1
S31501010258041EC0F2EA80302229460DEB020005F0A0
S3150101026818F8061EC0F2F380A1444E4432462946C7
S315010102780CA804F0EAFF041EC0F2D78031222946F0
S315010102880CA805F006F8B0F10009C0F2DC800923D3
S315010102982946744A0CA805F062F80028C0F2D580EF
S315010102A826444E4400EB06094A4629460CA804F0A1
S315010102B8CCFF041EC0F2B980302229460DEB02009B
S315010102C804F0E7FF061EC0F2C280A1444E4432463D
S315010102D829460CA804F0B9FFB0F1000AC0F2B180B1
S315010102E8A02229460CA804F0D4FFB0F10009C0F2F6
S315010102F8AA800C9A29463868521B06F0F4FD041E99
S31501010308C0F293800C9B29461B1B7A680CA80C9397
S3150101031808F00CF9A346041EC0F28780002229467B
S315010103280CA805F064F80028C0F28F8056444E44A3
S315010103385E44264400EB06094A4629460CA804F000
S3150101034884FF041E71DB302229460DEB020004F0FD
S31501010358A0FF061E7BDB0FAB019340230898A1443E
S315010103684E44009332466B440C9940F0007007F0F5
S3150101037873F9034600286CD12A9A0492099A0392C1
S315010103880EAA02924B22CDE9008210AA397A38685F
S3150101039806F0EDFC0446002847D10121386806F02C
S315010103A8DDFC00284AD10421386806F0D7FC00286B
S315010103B852D04FF004094846397A0BAB0AAAFEF71F
S315010103C8B7FA044688BB32460C99284608F032FD2D
S315010103D8079BCDF808900D930E9BA919CDE90083CA
S315010103E8DDE90A230DA808F007F9041E1DDB0D989E
S315010103F83246801B294626440D9008F01BFD3246DC
S3150101040829460DA804F021FF041E0EDB30222946D8
S315010104180DA804F03EFF071E20DB0D9A0021284690
S31501010428521BF1F729D934443C44404604F090FA69
S31501010438204621B0BDE8F08F264648E74FF001096D
S31501010448B9E75446F1E74C46EFE70446EDE734468A
S31501010458EBE76FF06F04E8E7034CE6E73C46E4E7B0
S31501010468024CE5E7C4A7010100DDFFFF80D7FFFFC5
S3150101047870B5002686B005960A9E0C460096154665
S31501010488FFF7C0FE00280ADB2A1A05ABCDE901539D
S3150101049804490346009404482244FEF787FA06B044
S315010104A870BD00BFCEA70101F1A7010108B5154B22
S315010104B84FF4E47200211846F1F7DED80922034602
S315010104C8026142611048114A98614FF48061DA610B
S315010104D8002219629A625A62DA62C3F8F0000C487C
S315010104E8C3F8F400C3F8F8100A49C3F80021C3F8A0
S315010104F8FC20C3F8042111F8010D98540132102A80
S31501010508F9D108BD1885002016A801011881002016
S31501010518187D00202FA801012DE9F84FDFF8888001
S31501010528824698F800308946532B164601D0FFF7C3
S31501010538BDFF182707FB0A87D7F80051D7F8FCB082
S315010105485D452FD9D7F8F840D7F8F410641BB442A2
S3150101055828BF344648462944224608F069FBD7F89C
S31501010568F8302544AB4208BF0025A144361BABEB45
S31501010578050B5E4528BF5E465EB1182303FB0A8358
S31501010588D3F8F41032462944484608F051FB34445D
S31501010598354424B1182303FB0A88C8F800512046BB
S315010105A8BDE8F88F0024E2E718850020F8B5182779
S315010105B800FB0775124B0E461D4407FB0033DB6A28
S315010105C81446012B0AD0022B14D023B9284608F068
S315010105D8E3F8844208D900242046F8BD284608F0E4
S315010105E8DBF8844228BF044622463146284608F0EC
S315010105F8DCF8F1E72846BDE8F84008F0F1B800BF94
S3150101060818850020F8B50B4B04461B780D46532B6C
S31501010618164601D0FFF74AFFEFF311874FF0200184
S3150101062881F31188324629462046FFF7BFFF87F332
S315010106381188F8BD188500202DE9F041164C1E4692
S3150101064823780546532B8846174601D0FFF72EFF17
S31501010658082D1DD8EFF3118C4FF0200181F3118874
S3150101066865B1182005FB000344F80380E21800234D
S31501010678576000FB0542166293625362182303FB16
S315010106880544069BE3628CF311880020BDE8F081DD
S315010106984FF0FF30FAE700BF188500202DE9F8432E
S315010106A8174E1F4633780546532B8946904601D086
S315010106B8FFF7FCFE082D1FD8EFF311824FF0200139
S315010106C881F311886DB11824002304FB0564C4F86C
S315010106D8F090C4F8F480C4F8F870C4F80031C4F88D
S315010106E8FC30182303FB0566089BC6F8043182F31F
S315010106F811880020BDE8F8834FF0FF30FAE700BF03
S315010107081885002007B508F0AFF800210846F8F763
S31501010718DBFC074B4FF480620193372305490093AC
S3150101072805480023F2F715D903B05DF804FB00BFAC
S315010107381058002030A8010157880101064B1B6892
S315010107481A7A022A04D812B11B68044A136070473F
S31501010758032AF9D0704700BF947C00201458002061
S3150101076808B5064B044613B10021AFF30080044BCB
S315010107781B6803B19847204601F017FD00000000E8
S31501010788505900202DE9F04386460D46354E284637
S3150101079815F8014B375D17F00807F8D12D2C26D12D
S315010107A82C780127851C3BBB302C32D00A234FF00C
S315010107B8FF380026B8FBF3F803FB08F930466FEA60
S315010107C80909A4F1300CBCF1090F29D86446A342E1
S315010107D837DDB6F1FF3F07D080452FD301D1A145BA
S315010107E82CDB00FB0340012615F8014BE9E72B2C0D
S315010107F804BF2C78851CD6E7102BD8D1302CD6D13D
S31501010808287800F0DF005828D1D16C7810230235F9
S31501010818CDE72B7803F0DF03582BF6D00823C6E77B
S31501010828A4F1410CBCF1190F01D8373CCFE7A4F16A
S31501010838610CBCF1190F04D8573CC8E74FF0FF36D4
S31501010848D2E7731C06D122233046CEF8003032B9DD
S31501010858BDE8F08307B14042002AF9D006B1691E05
S315010108681160F5E773A8010113460A4601460248D4
S315010108780068FFF787BF00BF987C0020024B03443D
S31501010888587800F01700704772A8010170B50D4D2F
S3150101089800260D4C641BA410A64209D10B4D002656
S315010108A80B4C08F0D9FB641BA410A64205D170BDF7
S315010108B855F8043B01369847EEE755F8043B0136EE
S315010108C89847F2E7007D0020047D0020047D002081
S315010108D8147D00200FB407B5064904AB086853F81F
S315010108E8042B8168019300F007F803B05DF804EB66
S315010108F804B07047987C00202DE9F04F0D469DB054
S3150101090814469846064618B1036A0BB900F038FB36
S315010109186B6ED90705D4AB899A0502D4A86D08F07F
S31501010928A4FAAB891B0701D52B699BB92946304620
S3150101093800F0FAF870B16B6EDC0704D54FF0FF30A1
S315010109481DB0BDE8F08FAB899805F7D4A86D08F0FD
S315010109588DFAF3E70023CDF80C804FF00109DFF892
S31501010968B481099320238DF8293030238DF82A3053
S3150101097823469A4613F8012B0AB1252AF9D1BAEB6E
S31501010988040B0BD05B4622462946304607F0C8FFC1
S31501010998013000F0A780099A5A4409929AF8003061
S315010109A8002B00F09F8000234FF0FF320AF1010A64
S315010109B8049307938DF853301A93CDE905235446C9
S315010109C80522544814F8011B08F024F9049AD8B9E8
S315010109D8D10644BF20238DF85330130744BF2B2377
S315010109E88DF853309AF800302A2B15D0079A5446B8
S315010109F800204FF00A0C214611F8013B303B092B27
S31501010A084BD9B0B1079214E0A0EB0803A24609FA43
S31501010A1803F313430493D2E7039B191D1B68002BA8
S31501010A280391BBBF5B4242F0020207930793B8BF2A
S31501010A38049223782E2B0AD163782A2B32D1039B70
S31501010A4802341A1D1B6843EAE37303920593DFF81F
S31501010A58D4A003222178504608F0DCF838B1A0EB7E
S31501010A680A004022049B013482401343049314F87B
S31501010A78011B062228488DF8281008F0CBF8002812
S31501010A883FD0264B1BBB039B073323F007030833D0
S31501010A980393099B3B4409936AE70CFB02320C4613
S31501010AA80120A8E7002301344FF00A0C19460593E2
S31501010AB8204610F8012B303A092A03D9002BC6D052
S31501010AC80591C4E70CFB012104460123F0E703ABB9
S31501010AD82A4604A930460093114BAFF30080074615
S31501010AE8781CD6D16B6ED90705D4AB899A0502D480
S31501010AF8A86D08F0BBF9AB895B063FF51FAF0998ED
S31501010B081EE703AB2A4604A930460093044B00F0BD
S31501010B1861F8E4E73FA8010149A8010100000000C5
S31501010B282989010145A8010138B5294B05460C4614
S31501010B38186818B1036A0BB900F022FAB4F90C3036
S31501010B48190722D4DA0607D409222A6043F0400399
S31501010B584FF0FF30A38133E0580712D5616B41B1DC
S31501010B6804F14403994202D0284604F092F800237D
S31501010B786363A38923F02403A381002363602369A3
S31501010B882360A38943F00803A38123694BB9A38988
S31501010B9803F42073B3F5007F03D02146284608F0F4
S31501010BA88BF9B4F90C3013F001020AD00022A260C4
S31501010BB862695242A261226942B913F08000C5D124
S31501010BC838BD990758BF6269A260F4E70020F7E7C3
S31501010BD8987C00202DE9FF470F7E914680460C46F9
S31501010BE8782F9A460C9E01F1430207D8622F0AD83B
S31501010BF8002F00F0DD80582F00F0C38004F1420672
S31501010C0884F842703AE0A7F16303152BF6D801A1DE
S31501010C1851F823F0750C0101890C0101050C01013B
S31501010C28050C0101050C0101050C0101890C0101E4
S31501010C38050C0101050C0101050C0101050C010158
S31501010C489F0D0101170D0101570D0101050C010147
S31501010C58050C0101C10D0101050C0101170D010168
S31501010C68050C0101050C01015F0D010133681A1D0E
S31501010C781B68326004F1420684F842300123A8E078
S31501010C8831682368081D30601E0601D50D6803E029
S31501010C985D06FBD5B1F90050002D616878DA2D2082
S31501010CA80029A16084F843002DDA6D425D480A23C3
S31501010CB81646B5FBF3F103FB1157C75D06F8017D2E
S31501010CC82F460D46BB42F4D9082B0BD12368DF0702
S31501010CD808D5236961689942DEBF302306F8013CCC
S31501010CE806F1FF36921B22614B4603AA214640466D
S31501010CF8CDF800A007F071FE01306FD14FF0FF303A
S31501010D0804B0BDE8F08723F004032360CDE7216829
S31501010D183368080653F8045B02D4490648BFADB2E5
S31501010D286F2F33603F4814BF0A230823002184F833
S31501010D3843106668002EA660BADB216821F004011A
S31501010D482160002DB4D1002EB2D11646BCE7236825
S31501010D5843F02003236078273348236884F84570D4
S31501010D681F06316851F8045B02D45F0648BFADB26C
S31501010D783160D90744BF43F0200323601DB1102315
S31501010D88D4E72848E9E7236823F020032360F6E737
S31501010D9824480A23CDE733682568181D616930603F
S31501010DA82E061B6801D5196002E06806FBD5198074
S31501010DB800231646236197E7336800211A1D32601D
S31501010DC81E686268304607F025FF08B1801B60601E
S31501010DD863682361002384F8433085E72369324632
S31501010DE849464046D047013088D023689B0714D429
S31501010DF8E068039B9842B8BF184681E7012332464A
S31501010E0849464046D04701303FF478AF0135E3689A
S31501010E1803995B1AAB42F1DCEAE7002504F11906ED
S31501010E28F5E700BF50A8010161A80101024B01467E
S31501010E38186803F02BBF00BF987C0020024B0146BE
S31501010E48186803F026BF00BF987C002010B5044638
S31501010E580448134620B10A4602202146AFF3008011
S31501010E6810BD00BF00000000002310B504468360D1
S31501010E78818119464366C28108228361C0E900332B
S31501010E88C0E904335C30F0F7F7DB0D4B246263628A
S31501010E980C4BA3620C4BE3620C4B23630C4B9C4238
S31501010EA806D003F16802944202D0D0339C4205D19F
S31501010EB804F15800BDE8104007F0D6BF10BD00BFC8
S31501010EC85B8D01017D8D0101B58D0101D98D010170
S31501010ED818580020024A0349034807F07DBF00BF9D
S31501010EE8E87C0020CD8B01019C7C002041680C4BDC
S31501010EF8994210B5044601D007F064FEA168094B71
S31501010F08994202D0204607F05DFEE168064B9942F7
S31501010F1804D02046BDE8104007F054BE10BD00BFFD
S31501010F281858002080580020E858002010B50B4BAE
S31501010F3804210B4C0B4A20461A600022FFF794FF45
S31501010F4804F1680001220921FFF78EFF04F1D0009F
S31501010F5802221221BDE81040FFF786BF5059002031
S31501010F6818580020DD0E0101014807F07EBF00BFB8
S31501010F78297B0020014807F079BF00BF297B0020A2
S31501010F8810B50446FFF7F0FF236A1BB1BDE810400F
S31501010F98FFF7F0BF044B2362044B1B68002BF5D105
S31501010FA8FFF7C4FFF2E700BFF50E01015059002012
S31501010FB80EB403B503AB0146054853F8042B006883
S31501010FC80193FFF799FC02B05DF804EB03B0704792
S31501010FD8987C0020024B0A460146186807F061BE53
S31501010FE8987C00200CB4184B30B50C1E9DB01D68B9
S31501010FF808DA8B234FF0FF302B601DB0BDE8304076
S3150101100802B070474FF402730290069002A9ADF837
S31501011018143014BF04F1FF332346209A284604935A
S3150101102807934FF6FF73ADF8163021AB019300F024
S315010110381FF8431CBCBF8B232B60002CDDD0029B00
S3150101104800221A70D9E700BF987C002038B50446FA
S31501011058064D0846114600222A601A4601F0B3F8E0
S31501011068431C02D12B6803B1236038BD54590020B2
S315010110782DE9F04F98468B899DB007461B060D460B
S31501011088144610D50B6973B9402103F0FFFD286099
S31501011098286130B90C233B604FF0FF301DB0BDE824
S315010110A8F08F40236B610023CDF80C804FF00109C5
S315010110B8DFF8A081099320238DF8293030238DF893
S315010110C82A3023469A4613F8012B0AB1252AF9D162
S315010110D8BAEB040B0BD05B4622462946384607F084
S315010110E827FF013000F0A780099A5A4409929AF814
S315010110F80030002B00F09F8000234FF0FF320AF1E8
S31501011108010A049307938DF853301A93CDE9052300
S31501011118544605224F4814F8011B07F07BFD049A32
S31501011128D8B9D00644BF20238DF85330110744BFDF
S315010111382B238DF853309AF800302A2B15D0079AAC
S31501011148544600204FF00A0C214611F8013B303B69
S31501011158092B4BD9B0B1079214E0A0EB0803A246BB
S3150101116809FA03F313430493D2E7039B191D1B6879
S31501011178002B0391BBBF5B4242F00202079307931F
S31501011188B8BF049223782E2B0AD163782A2B32D140
S31501011198039B02341A1D1B6843EAE3730392059301
S315010111A8DFF8C0A003222178504607F033FD38B194
S315010111B8A0EB0A004022049B0134824013430493A5
S315010111C814F8011B062224488DF8281007F022FD80
S315010111D8002836D0214B1BBB039B073323F007039A
S315010111E808330393099B334409936AE70CFB0232DB
S315010111F80C460120A8E7002301344FF00A0C1946D1
S315010112080593204610F8012B303A092A03D9002BF8
S31501011218C6D00591C4E70CFB012104460123F0E779
S3150101122803AB2A4604A9384600930D4BAFF3008058
S31501011238421C0646D6D1AB895B063FF52DAF099807
S315010112482CE703AB2A4604A938460093044BFFF75A
S31501011258C1FCEDE73FA8010149A801010000000011
S31501011268398F010145A8010138B50023054D044609
S3150101127808462B6000F096FF431C02D12B6803B187
S31501011288236038BD54590020024B0146186807F0FE
S31501011298AABE00BF987C002038B50023064D044636
S315010112A8084611462B6000F081FF431C02D12B68C9
S315010112B803B1236038BD00BF5459002038B5002356
S315010112C8054D044608462B6000F074FF431C02D104
S315010112D82B6803B1236038BD5459002038B504463B
S315010112E8064D0846114600222A601A4600F067FF94
S315010112F8431C02D12B6803B1236038BD5459002020
S3150101130838B50446064D0846114600222A601A4692
S3150101131800F057FF431C02D12B6803B1236038BD86
S315010113285459002038B50023064D0446084611468E
S315010113382B6000F041FF431C02D12B6803B12360E6
S3150101134838BD00BF545900200368D90444BF43F48A
S315010113588063036003689A0444BF43F4006303602E
S31501011368704737B501A9054606F07DFE04462846AC
S3150101137824B1FEF723FD204603B030BDFEF7DCF8A4
S315010113880446F8E710B40C46042C11461A4604D152
S3150101139800685DF8044BF6F779BA00205DF8044B4D
S315010113A8704701688268C3688A4294BF0022521A4B
S315010113B88B4294BF00235B1AD01A70478368D0E920
S315010113C800128A4294BF0022521A8B4294BF00230B
S315010113D85B1AD01A704770B5856804460E463DB149
S315010113E8FFF7ECFF30B100206B1CA3602E7070BDB6
S315010113F82F20FCE71920FAE770B5866804460D46E1
S3150101140856B1FFF7DBFF012808D900206DBA3580EF
S31501011418A3680233A36070BD2F20FCE71920FAE700
S3150101142870B5866804460D4656B1FFF7C7FF03280E
S3150101143808D900202DBA3560A3680433A36070BDAD
S315010114482F20FCE71920FAE72DE9F0410E469846C7
S315010114581546F2B1FE2A1ED94FF6FE77BA428CBF5E
S3150101146803270227C0F3080444EA063444EA872419
S3150101147824B24046A1B2FFF7BFFFA0B996B98FB111
S31501011488012F0AD0022F10D029464046FFF7C8FF7F
S3150101149807E01746E6E70127E4E74046E9B2FFF721
S315010114A89AFF00B90020BDE8F0814046A9B2FFF7CD
S315010114B8A3FFF6E7F8B5044615460E4679B18768DE
S315010114C86FB1FFF77BFFA8420BD32A46314638464F
S315010114D807F0AEFB0020A3682B44A360F8BD2F20BB
S315010114E8FCE71920FAE770B5144606460D46FFF7DB
S315010114F865FFA04211D32846FFF753FFA0420CD33B
S315010115082246E968B06807F093FB0020B3682344D3
S31501011518B360EB682344EB6070BD1920FCE7F8B5AD
S31501011528154606460F46FFF73CFFA842044612D266
S315010115383846FFF736FF2A1B824228BF024639463B
S315010115483046FFF7D0FF28B93046FFF72AFFA842F0
S3150101155801D20D20F8BD0020FCE770B5C468054627
S315010115680E4644B1FFF71DFF38B1002014F8012BCF
S31501011578EC60327070BD2F20FCE71920FAE770B5CF
S31501011588C46805460E4654B1FFF70BFF012808D971
S31501011598002034F8022B53BAEC60338070BD2F203A
S315010115A8FCE71920FAE7002313B5044608460DF1AD
S315010115B80601ADF80630FFF7E2FFF8B9BDF80620D6
S315010115C8A061C2F308036382C2F3402384F827307A
S315010115D8C2F38123032B08BF04232377B3FA83F3C9
S315010115E8110B5B0984F82430B1FA81F3C2F30022A5
S315010115F85B09217584F8253084F8262002B010BDCF
S3150101160870B5C46805460E4654B1FFF7CAFE0328EC
S3150101161808D9002054F8042B12BAEC60326070BD67
S315010116282F20FCE71920FAE713B50446227F08465D
S31501011638012A4FF000030BD101A98DF80430FFF7F8
S315010116488CFF18B99DF804300020A36102B010BDC2
S31501011658022A09D101A9ADF80430FFF790FF002844
S31501011668F4D1BDF80430EFE701A90193FFF7C8FFEB
S315010116780028EBD1019BE7E703460022DA621A7DCE
S31501011688084610B503F12C01032A11D8DFE802F047
S315010116980C020609FFF761FF40B110BDFFF76FFFA5
S315010116A8FAE7FFF7ADFFF7E7C268DA620020F4E768
S315010116B82620F2E738B5154613460A1E0C4618BF09
S315010116C801220121FFF7C0FE30B924B1284621784C
S315010116D8FFF781FE00B9002038BD38B515460A1E47
S315010116E818BF01220C462B4602215200FFF7ACFE18
S315010116F830B924B128462188FFF77EFE00B90020BA
S3150101170838BD38B515460A1E18BF01220C462B46A7
S3150101171803219200FFF798FE30B924B128462168C2
S31501011728FFF77EFE00B9002038BD70B50C1E1546BF
S315010117384FF0000108BF00221E46FFF785FE38B9A2
S315010117482CB12A4621463046FFF7B4FE00B90020DE
S3150101175870BD704710B500F1C0010446F7F7A8FB43
S3150101176840B1012384F8C03000212046F7F79AFBDE
S3150101177820B110BD94F8C030002BF5D10020F8E74F
S3150101178813464A68012A0AD90A681278022A04D133
S315010117980A460146BC30F6F79DBB00225A60002075
S315010117A8704700207047002070477047704770479F
S315010117B87047704737B503460C46088840F203114E
S315010117C88842154604D0B0F5827F0AD0A6200DE0DD
S315010117D84FF4805301A90193FFF793FF30B9002014
S315010117E804E000229868019210B92F2003B030BD98
S315010117F801A9F7F733FB0028F8D12A46208801A960
S31501011808EAE72DE9F04383680D46164685B01BB90B
S315010118182F2005B0BDE8F083CA7842B903F1B404B3
S31501011828AA78032A6DD8DFE802F048041D331C465D
S31501011838F6E700278DF80C7023682046DB682988AE
S3150101184803AA9847D828044602D048B12046E0E7BA
S31501011858394632462888FFF72DFF0028F6D0D8E702
S3150101186803A9F6E70027236820465B692988ADF8AD
S315010118780C7003AA9847D828044603D00028E5D155
S3150101188803A900E0394632462888FFF726FFE4E72F
S31501011898002723682046DB692988039703AA984705
S315010118A8D828044603D00028D0D103A900E0394637
S315010118B832462888FFF725FFCFE7186BFFF7B6FAF7
S315010118C84FF00008236803AA0092D3F8289002462C
S315010118D807464FF4007320462988CDF80C80C8477E
S315010118E8D82804460BD030B939463346039A288895
S315010118F8FFF71BFF04463846FFF7A0FAA6E741465C
S31501011908F3E7262085E7806808B100F04BBA2F2056
S31501011918704710B504461C2103F0B6F9204610BDDF
S3150101192810B504460C2103F0AFF9204610BD10B5D8
S3150101193804460C2103F0A8F9204610BD10B504464A
S315010119480C2103F0A1F9204610BD10B50446042166
S3150101195803F09AF9204610BD10B50446006818B17E
S31501011968237C0BB103F08EF90023C4E90233C4E9E0
S31501011978003310BDF8B50C46064615461F46FFF756
S31501011988EBFF2CB9284606F0B2FF0123044633744E
S3150101199825447560002F08BF25463460C6E90254FF
S315010119A8F8BD38B500250446C0E90055C0E9025518
S315010119B80574FFF7DFFF204638BD0368C0E9023326
S315010119C8012343740023C0E9083343820375836104
S315010119D803778362C362704710B500230446FFF794
S315010119E8E0FF0123637400232046C4E908336382B7
S315010119F82375A3612377A362FFF7DFFF204610BD95
S31501011A0830B5D0F804413F2C1DD80025AC42D0F899
S31501011A1800310FD1234403F03F0320F8231000EBD3
S31501011A288305C1F300210134AA70E970C0F80441A4
S31501011A38002030BD2B4403F03F0330F823308B429D
S31501011A48F6D00135E2E71920F3E773B50D46002310
S31501011A5804460DF10701284616468DF80730FFF7AA
S31501011A687CFD38B92846FFF79CFC9DF8073083426F
S31501011A7802D0182002B070BD2368294620461B6989
S31501011A8898470028F6D12368314620465B6998476D
S31501011A98F0E72D2070472D2070472D2070470379D7
S31501011AA800200B70704701710020704740F26713DF
S31501011AB8994204D0B1F5B47F06D0A620704702B188
S31501011AC8127802620020704712B113784362F9E76E
S31501011AD80623FBE740F26713994204D0B1F5B47FB7
S31501011AE806D0A620704790F8203000201370704761
S31501011AF890F82430F9E70B46114640F25112934208
S31501011B0810B41BD0B3F5A97F09D2B3F5A17F0DD0C6
S31501011B18B3F5A27F0FD0A6205DF8044B704740F2BA
S31501011B2861129342F7D103685B6E01E003685B6B4F
S31501011B385DF8044B18470368DB6BF9E703681B6D0E
S31501011B48F6E7A6207047704704387047143870477E
S31501011B58103870470C38704740F25113994270B5E5
S31501011B68044633D0B1F5A97F07D2B1F5A17F1CD0BF
S31501011B78B1F5A27F22D0A62019E040F2611399425C
S31501011B88F9D16ABB00F11E050221284600F06DF95B
S31501011B9868B9E38BB3F5805FF6D223682046E18BFA
S31501011BA8D3F89830BDE8704018470AB92F2070BD9F
S31501011BB81188BDE870400183F6F78EBF002AF5D07A
S31501011BC8BDE8704011884183F6F7AEBF32B111887D
S31501011BD82046A183BDE87040F7F704B81146F7E737
S31501011BE81388C383D9E7A0F10400F6F7C5BAA0F1B2
S31501011BF80400F6F747BB10B50446B82103F044F8CB
S31501011C08204610BDA0F10400F5E7A0F10C00F2E7AA
S31501011C18A0F11000EFE7A0F11400ECE70B46B3F5CC
S31501011C28B17F114610B40FD040F26312934206D028
S31501011C38B3F5827F0ED15DF8044BF7F70FB9036847
S31501011C485DF8044B9B6E1847836A002013605DF8A3
S31501011C58044B7047A620FAE770B50026054686B0FB
S31501011C680D220C4602A831460196EFF705DD2846F5
S31501011C786B46112201A90096F6F7F8FF054678B9D0
S31501011C88009A082A0FD9083A206803A906F0D0FF55
S31501011C98009B6268083B934201D906F0D6FF63604F
S31501011CA8284606B070BD6060FAE7A0F10400FFF7A7
S31501011CB8D3BFA0F10C00F6F72BBCA0F10C00F6F787
S31501011CC85DBCF0B50446C818059B98420FD8012694
S31501011CD802B9F0BDD30707D5CD08675D01F0070342
S31501011CE806FA03F33B43635501315208F0E7002035
S31501011CF8EFE72DE9F74F5825DDE90CBA174600221A
S31501011D0888461E461146032300950446DDF8389098
S31501011D18FFF7D7FF42460146102320460095FFF7F4
S31501011D28D0FF3A460146102320460095FFF7C9FF21
S31501011D3832460146022320460095FFF7C2FF5A465D
S31501011D480146082320460095FFF7BBFF5246014687
S31501011D580C2320460095FFF7B4FF4A4601461B238B
S31501011D6820460095FFF7ADFF0423014600222046D0
S31501011D780C9503B0BDE8F04FFFF7A3BF08B5C0E95D
S31501011D88001211B90AB106F060FF08BD2D2070478E
S31501011D98A6207047704710B50446042102F074FF66
S31501011DA8204610BD00207047A0F10400F6F788BE51
S31501011DB8A0F10400F6F796BEA0F10400F6F7A8BE55
S31501011DC8A0F10400F6F7B6BEA0F10400F6F7C8BE05
S31501011DD8A0F10400F6F7D6BEA0F10400F6F7E4BEB9
S31501011DE8A0F10400F6F7F2BEA0F10400F6F700BF70
S31501011DF8A0F10400F6F710BFA0F10C00F6F74EBFEB
S31501011E08A0F10C00F6F750BFA0F10C00F6F77EBF62
S31501011E182D2070472D2070472D2070472D207047A2
S31501011E2800207047002048607047A0F11000FFF7B5
S31501011E38F9BFA0F11000F6F791BFA0F11000F6F76E
S31501011E4899BFA0F11000F6F7A1BFA0F11000F6F7AE
S31501011E58CDBFA0F11400F7F743B86C2070476C2089
S31501011E687047A0F11400F7F74FB808B538B131B189
S31501011E7805F041FD00280CBF0020AC2008BD2F202C
S31501011E88FCE72B28034612D02F2812D0A0F13002E5
S31501011E98092A02D80433D8B270474138C0B2192881
S31501011EA80AD9A3F16102192A05D8473BF3E73E206E
S31501011EB870473F207047FF2070472DE9F84F0C46C0
S31501011EC892469946071D961CB51E2CB117F8048C26
S31501011ED84046FEF7D3FC18B9A5EB0A0080B203E028
S31501011EE8012C03D14FF6FF70BDE8F88F4046C8476C
S31501011EF8804617F8030CC847B8F1FF0F8346F1D09E
S31501011F08FF28EFD04FEA880848EA1018022C06F193
S31501011F18FF3506F8028CDFD017F8020C3D28DBD015
S31501011F28C847FF280546DDD0830843EA0B13032C6E
S31501011F3806F8013C11D017F8010C3D280DD0C84708
S31501011F48043CFF28A4B207F1040706F10306C9D028
S31501011F5840EA851006F8030CB6E73546BCE72DE9D4
S31501011F68F84F06460C4615469B4600274FF6FC795F
S31501011F784FF6FF7A4C45A04628BFC8465B462A4616
S31501011F8830461FFA88F1FFF798FF504506D0B4EBA2
S31501011F980804074404D046440544EBE74FF0FF37EC
S31501011FA83846BDE8F88F2DE9F047054610B90020F6
S31501011FB8BDE8F087002AFAD011F00100F7D1B1EB9B
S31501011FC8430FF4D80446089E05F1020C06F00106F2
S31501011FD88C42EDD200234FEA540E67190CEB040823
S31501011FE817F8019B1B01A9F1300ABAF1090FDBB2F6
S31501011FF80AD8303B4B4403F0FF034745F0D102F8B9
S315010120080E3001300234E3E7A9F1410ABAF1050FAD
S3150101201804D8373B59FA83F3DBB2EEE7002EC6D172
S31501012028A9F1610ABAF1050FC1D8573BF2E7F0B533
S31501012038059CD8B9F1B902B9E3B9C4F3400505EB71
S315010120484105AB4204F002062FD314F0010F14BF68
S3150101205841256125002401380A3D571C8C420BD1C3
S3150101206816B1002302F814300020F0BD02B90BB9EC
S315010120780029E2DA2F20F8E790F801C04FEA1C138C
S31501012088BCF19F0F86BF5B19DBB2303302F81430FE
S3150101209810F8013F03F00F03092B86BF5B19DBB269
S315010120A8303307F814300134D8E71920DDE713B5C1
S315010120B800240094FFF777FF02B010BD0CB407B5F1
S315010120C804AB53F8042B0193F7F714F803B05DF841
S315010120D804EB02B0704708B50246F7F723F89042B8
S315010120E834BF0020012008BD70477047704737B5D6
S315010120F801A9054605F0B7FF0446284624B1FDF7AF
S315010121085DFE204603B030BDFDF716FA0446F8E731
S315010121182D2070472D2070470020704770472D20CC
S315010121287047002070472D207047704770477047E8
S31501012138704740687047036853F81C3C1844406867
S3150101214870470020704702F087B90A68026049683A
S3150101215852F8582C8150704748B12D2805D0C0B284
S3150101216800F5300040F0A060704740F20120704749
S31501012178A0F50723A3F50073B3F5A06F05D3B0F551
S31501012188803F2CBF002001207047012070470F2096
S31501012198704708B5082000F02DF8BDE80840082069
S315010121A800F033B84FF0FF307047FEE70020704763
S315010121B801207047012070474FF0FF30704700201A
S315010121C87047002070470020704710B51446F0F794
S315010121D801DD2060002010BDFEE700239A4200D1EF
S315010121E8704710B550F8234041F8234001339A420C
S315010121F8F8D110BD4FF060420123D2F8001E834089
S315010122080B430020C2F8003E70474FF0604101229E
S31501012218D1F8003E824023EA02030020C1F8003EBC
S3150101222870478369C26C03F10B01143AB1FBF2F1F0
S3150101223803EBC1000B30B0FBF2F00230704738B541
S3150101224805460C46FFF7EDFFEB6C04F10F02143B53
S31501012258B2FBF3F204EBC204103403FB004038BDB0
S3150101226838B5054684692146FFF7E9FFEA6C04F1A9
S315010122780F03143AB3FBF2F304EBC30410342044FD
S3150101228838BDF7B506460D460C4601F10807336C0C
S3150101229801225B69204601A99847019B01330CD1AB
S315010122A8A742F36C03D1A3F1140003B0F0BD0434C2
S315010122B885EA04025B421A42E9D00020F5E770B5C6
S315010122C805460C46F7F73AF82B6C2046BDE87040EF
S315010122D8DB68184770B50025044686B04562236A4E
S315010122E8AB4202D8606A06B070BDE66C2068236C01
S315010122F805225B6901A906FB0500984701A800F0BB
S315010123086BFD00F08EFD10B1636A0133636201351D
S31501012318E5E737B5044694F87430C56C006800934F
S3150101232805FB010104F14803206C00F087FD054610
S315010123382046FFF7CFFF284603B030BDF0B5054665
S31501012348002687B02C6A013CB44203D80C462046C4
S3150101235807B0F0BD01B14C1EEF6C28682B6C052244
S315010123685B6901A907FB0400984701A800F034FD40
S3150101237800F057FD0028EAD121460136E2E7F0B51A
S3150101238804460D46C66C236C006887B005225B6955
S3150101239801A906FB0500984701A800F01DFD00F0FB
S315010123A840FD20B101A800F0EEFC07B0F0BD2946B9
S315010123B82046FFF7C3FF0646E76C2068236C052212
S315010123C85B6901A907FB0600984701A800F0DBFC38
S315010123D8431CEAD0B54238BF0130E6E72DE9F0439F
S315010123E84FF6FF79D0F8288004460E46C84514BF32
S315010123F845460025002787B0236ABB4202D807B0A4
S31501012408BDE8F083226C2368E06CD2F814C000FBA6
S315010124180530052201A9E04701A800F0DDFC0228E3
S3150101242806D0C8450CD1721C29462046FFF771FF13
S31501012438236A0135B5FBF3F2013703FB1255DBE7D5
S3150101244829462046FFF79BFFB0F1FF3F14BF02461D
S3150101245832460132E8E70368F0B5CC1AC36C064681
S31501012468B4FBF3F4002587B0336A37685A1E9542DF
S31501012478F06C08D3F06C336800FB043007B0BDE893
S31501012488F04000F0D9BC0134B4FBF3F203FB12446A
S31501012498336C05225B6901A900FB0470984701A801
S315010124A800F09AFC00F0BDFC0028E3D10135DBE719
S315010124B810B423F0030422449B070A44C36C18BFD2
S315010124C804325B4282EA0104234203D05DF8044BDC
S315010124D8FFF7C1BF10465DF8044B70472DE9F0417E
S315010124E8D0E90B369E42044686B028D11422036AE6
S315010124F8456802FB1355284606B0BDE8F0812068F8
S31501012508E76C331AB3FBF7F3226C07FB0300D2F826
S31501012518148001A90522C04701A800F05DFC012824
S3150101252804D0E36C1D44013B3340ED1A3146204684
S31501012538FFF791FF0646E36AB342E0D1DBE70025DF
S31501012548F9E713B50C460021217600936168134614
S315010125582246F7F7ADFA18B1E37D03B1A07EA0755E
S31501012568A07D02B010BD08B508301346D1E90012A5
S31501012578F9F73CF8012008BD73B5164600F10805BF
S315010125880C46284609680DF1070200F0A5FA032E43
S3150101259806D16368834203D12846216800F06BFAA4
S315010125A8012002B070BDD01E009B42424241187EF5
S315010125B8824211D11A688A420ED85A688A420BD3C5
S315010125C85A6901325A61D3E9030282423FBF9868C7
S315010125D840F8221001321A610120704710B5032A09
S315010125E8029C07D1E26A5340E26C5242134201D17D
S315010125F800F041FA012010BD08B5C36800209847CB
S31501012608BDE80840F6F7BCBE012814BF0420022024
S3150101261870B5002442431C70CC7D101D02F00202E4
S315010126284CB91AB1012220F003001A7000F108030E
S315010126384868184470BD1AB1012220F003001A70C6
S3150101264800230C7E01F12005DAB2944201D800205B
S31501012658F0E735F833205E1C824206D901EBC30344
S3150101266800F10802D8691044E4E73346801AEBE71A
S3150101267873B5054690F84A601C4630460DF10303C9
S31501012688FFF7C2FF2B6C012E5B690DD1324601A9F9
S3150101269898479DF8033013B1BDF806300193BDF88B
S315010126A80430236002B070BD0122214602B0BDE8A3
S315010126B870401847F0B50546002448682B6C87B069
S315010126C80E4601225B69029402A9083098472746FA
S315010126D895F84A30012B40F08480632C02D902987F
S315010126E807B0F0BD612C08D805AB2246314628460C
S315010126F8FFF7BEFF9DF814301BB305AB22463146E1
S3150101270828468DF81070FFF7B3FF95F84A30012B6B
S31501012718059B55D14FF6FF72934200F09680082228
S3150101272805A904A800F0AFFB059B9DF81010C3F39A
S315010127380722914240F08980DBB2029A1A44029239
S3150101274883E095F84A30012B30D122463146284695
S3150101275803ABFFF78DFF3146284604AB621CFFF731
S3150101276887FF3146284605ABA21CFFF781FF1022D8
S3150101277808230DEB02010DF107008DF8073000F072
S3150101278882FB102205A90DF1070000F07CFB039BD2
S31501012798DAB2002A52D19DF80720B2EB132F4DD197
S315010127A8DDE9043203EB0243029347E0302C2BD9CE
S315010127B844E09DF80720B2EB134F3FD1049BF3E7A1
S315010127C8013342D0102205A90DEB020000F05BFB93
S315010127D8059B9DF81010C3F30742914235D19BB26F
S315010127E8ABE7312C3FF67BAF87D005AB22463146A5
S315010127F82846FFF73DFFBDF81430002B7FF47DAF66
S3150101280895F84A30012BA0D022463146284603AB1A
S31501012818FFF72EFF3146284604AB621CFFF728FF56
S31501012828102320220DEB03010DF107008DF8073066
S3150101283800F029FB039B9AB2002ABAD095F84A30CF
S31501012848012B14BF012302231C44013440E713B5AC
S3150101285800240194049C0094F7F7ACFD02B010BD65
S3150101286813B501240194049C0094F7F7A3FD02B062
S3150101287810BD50F83130C3F3130343EA025340F84C
S3150101288831307047C368F0B58BB100240768013B45
S315010128981E19700857F83050C5F31305A94202D11C
S315010128A810600020F0BD04D9441C9C42F0D92D20AA
S315010128B8F8E7012EFBD9431EF7E700234FF0FF3254
S315010128C830B544689C4203D100230372C36030BD0D
S315010128D8016801EBC30541F833206A600133F1E769
S315010128E8C0E90012FFF7E9BF73B51E46002301933C
S315010128F8C3680446154613B9002002B070BD426883
S315010129089342F9D801AAFFF7BDFF0028F4D120683F
S31501012918019950F8313000EBC1040133ECD032464C
S31501012928FFF7A7FF01206560E7E770B504689342E1
S315010129380AD854F83230C3F31303994200D9013244
S315010129480020049B1A6070BD54F83300C0F31300CC
S31501012958814201D95A1CF3E754F83200C0F3130036
S315010129688142EDD39E18700854F83050C5F313050A
S31501012978A94201D1421CE3E701D9421CD7E7012E3D
S3150101298801D9431ED3E72D20DDE7F0B5C368013B25
S315010129988B4200D33BB90B4304D103681A689A6089
S315010129A85A68DA60F0BD0468DA0054F833700832FF
S315010129B804EBC306A518A75072686A60E7E72DE913
S315010129C8FF471F46C668436804469E4288469146A4
S315010129D804D3032F4DD10123237227E00022039249
S315010129E84EB103AB0093731EFFF79FFF18B920463B
S315010129F80399FFF7CAFF4FF0FF330399226801369E
S31501012A0802EBC10042F83130436020683A4650F87A
S31501012A18313000EBC1051B0D1B0548EA030340F8DC
S31501012A283130FFF726FFC5F80490E660002004B0AF
S31501012A38BDE8F08701318B42CDD0206850F831507D
S31501012A4800EBC10AC5F30752032AF3D12D0D2D0552
S31501012A5848EA05053A4640F83150FFF70AFF012EC3
S31501012A68CAF80490E2D9204604B0BDE8F047F8F760
S31501012A7893BC0021DFE70023F7B5C56804460F4675
S31501012A880193FDB143689D421CD801AAFFF7FAFEDD
S31501012A98C0B9019A26684FEAC20C56F8320006EB0C
S31501012AA8C203411C0ED0C0F3130087420AD14FF06D
S31501012AB8FF3146F80C100D445960954203F108039C
S31501012AC802D8E56003B0F0BD1968013243F8081C64
S31501012AD8596843F8041CF0E7002337B50193C36825
S31501012AE8044615461BB94FF0FF3003B030BD4268A5
S31501012AF89342F8D801AAFFF7C5FE0028F3D1019B35
S31501012B082168DA0051F83330591CECD01B0D2B70B2
S31501012B18236813445868E8E730B50D4604468BB077
S31501012B286846EEF78BD92A4621466846F9F782F8AF
S31501012B38002818BF74200BB030BD7047F0B50E469A
S31501012B4805468BB097006846EEF778D93B4632467B
S31501012B5829466846F9F782F9044638B93A463146AB
S31501012B68284606F057F9002818BF3D2420460BB020
S31501012B78F0BD13B504466846F8F782FFBDF8023081
S31501012B8823804FF480736380F8F794FF6060002017
S31501012B9802B010BDF8F7EABF10B5044644EA0103CD
S31501012BA813F00303084609D1934201D1002010BD50
S31501012BB854F8231040F823100133F5E72146920012
S31501012BC806F036F8F2E730B504468BB06846EEF7FB
S31501012BD835D9012221466846EEF73AD9054638B96B
S31501012BE8F8F768FF214620F003002044814202D10B
S31501012BF828460BB030BD51F8043B0133F6D03E25CA
S31501012C08F6E730B58DB005460C46F8F757FFA8B972
S31501012C1802A8EEF713D9694601AA02A8F9F7C4F879
S31501012C2840B9009B9D4207D3019A2C4413449C4207
S31501012C3888BF6E200DB030BD6E20FBE71020F9E785
S31501012C48704713B50023044601461B220DF10700FF
S31501012C588DF8073000F017F922689DF80730B3EBB4
S31501012C68D26F0CBF0120002002B010BD13B500239D
S31501012C780446014620220DF107008DF8073000F0C0
S31501012C8802F90DF107001A22211D00F0FCF862680C
S31501012C989DF80730B3EB926F0CBF0120002002B0FB
S31501012CA810BD0068431C584258417047006810F02E
S31501012CB87E0F0CBFC0F3C160002070470068C0F3E6
S31501012CC8D3107047006800F07F0001288CBF0020EF
S31501012CD801207047036813F07E0F14BF04200820F2
S31501012CE87047036813F07E0F03D1406820F07C40DA
S31501012CF8704713F078001CBF03F07F03D81F704794
S31501012D08006800F07F007047032809D0022803D123
S31501012D18C1F10201C8B2704700290CBF0720002082
S31501012D28704737B5054601F10C0443696946012225
S31501012D3820469847BDF80030012201932046AB6928
S31501012D4801A9984703B030BD37B501F10C044369B0
S31501012D58012269460546204698474FF6FF72009BB0
S31501012D6899B291420DD11B0C1B0443F4254343F03F
S31501012D78A503019301222046AB6901A9984703B02E
S31501012D8830BD0020FBE737B5044600251B22011D8E
S31501012D980DF107008DF8075000F075F860689DF888
S31501012DA80720B2EBD06F03D120F0784003B030BDD4
S31501012DB80DF107001B2204F108018DF8075000F0F7
S31501012DC862F8A0689DF80730B3EBD06F01D1C04313
S31501012DD8EAE74FF0FF30E9E74BF29A22036810B5AB
S31501012DE8B2EB134F044613D19BB2012B13D1FFF753
S31501012DF8CAFF01300CD04FF6FF72E068B2EB104FF3
S31501012E084FEA104309D180B2C01A18BF012010BD7B
S31501012E182368013303D00420F9E70220F7E70320E9
S31501012E28F5E701288CBF00200120704703380128E6
S31501012E388CBF002001207047143070472DE9F341FA
S31501012E4805469846036908460E46174698470446B5
S31501012E5850B99DF820303A460093314643462846F3
S31501012E68F8F736FD044618B131462846FFF759FFEA
S31501012E78204602B0BDE8F081408A80F0010000F0E9
S31501012E880100400070471F2A0B689EBF4FF0FF31B2
S31501012E9891408B43590801F055315B1A03F03331DF
S31501012EA89B0803F033330B44017803EB13130A44EC
S31501012EB84FF0013103F00F334B43A2EB136202705A
S31501012EC8704770B5054614460E46EEF7A8D82B6825
S31501012ED85C4034405C402C60BDE87040EEF79A983E
S31501012EE808B1EDF7AB9F212070472DE9F84F06464A
S31501012EF8894617461C46002B70D028B121B11AB153
S31501012F080378032B02D853B9212068E0043B012B2E
S31501012F18FAD880254168021D00F1540A04E04025CA
S31501012F284168021D00F12C0A1346081943F8040BDE
S31501012F384FEAD50E1FD2724453F8040B002850D11B
S31501012F489A42F9D105F1FF3808EA0108A5EB080B00
S31501012F58B8F1000F22D15C4524D3B4FBF5FB3A46FF
S31501012F685B4649463046F8F7A5FFC0BB0BFB05F59D
S31501012F782F44641B30E09C465068A2F104080130D5
S31501012F885060F044C445D6D05CF8040B0028F9D149
S31501012F98DCF800000130CCF80000F3E75C4508D203
S31501012FA8A542DAD9224639460AEB080005F040FE60
S31501012FB814E05A4639460AEB080005F039FE0123A1
S31501012FC8524649463046F8F775FF40B9641B4444F1
S31501012FD8A54280465F44C0D9002CE3D10020BDE853
S31501012FE8F88F0F20FBE708B9212070470029FBD08C
S31501012FF8036813F0704209D1C3F309030B601BB9C6
S315010130084368002BF0D00B6000207047B2F1004FE6
S3150101301807D18268D2040ED5C369002BE4D01B6897
S31501013028ECE7B2F1204FF4D0B2F1304FF1D0B2F161
S31501013038404FEED0D8E703F07F03DFE737B50C46FB
S31501013048054610B9212003B030BD0029FAD0002365
S3150101305801A90193FFF7C7FF0028F4D1296811F0E7
S31501013068704102D1019B2360EDE7AA68B1F1004FD6
S31501013078C2F38033C2F34035C2F3003207D10621C8
S3150101308803EB450301FB0233019A5343EBE7B1F124
S31501013098204F04D12B4402EB82021344F4E7B1F128
S315010130A8304F02D0B1F1404FCCD12B44ECE72DE999
S315010130B8F3470D4690469A460446F0B1E9B10668CA
S315010130C80F6806F07049BE422AD0B9F1004F11D1F5
S315010130D886EA0703B3F1805F13D3BAF1000F36D13C
S315010130E8B8F1000F1FD0A368AA68534013F4E04F43
S315010130F819D002E0B9F1404FEAD0212002B0BDE86A
S31501013108F0870023204601A90193FFF76CFF0028E8
S31501013118F3D1019AC2F30E0216431743BE42ECD10B
S31501013128B9F1000FD9DB0023694620460093FFF761
S315010131385AFF0028E2D1019001A92846FFF753FF5A
S315010131480028DBD1DDE900239A42D7D0D5E7AA6861
S31501013158B8F1000F03D0A3685340D904CDD4930421
S31501013168E1D4CAE7F7B50C460546002832D000294D
S3150101317830D000230B60036803F070430B60C2680B
S31501013188042A27D8DFE802F0060329292C0043F08F
S3150101319800632360EB68042B25D16A7C032A19D8BD
S315010131A8236823F0407343EA026323602A7C1F2ABA
S315010131B810D823F47C0343EA82432360AA7C072AB5
S315010131C808D823F4603343EAC2332360AB6813F0AA
S315010131D8407F32D0212003B0F0BD43F08063D8E7A8
S315010131E843F04063D5E7AA68960102F040716DD5AF
S315010131F8B1F1407F6DD0002BECD04FF000722368FE
S3150101320823F0407313432360EA68022A07D12A6926
S31501013218032ADFD823F47F0343EA02432360EB68D9
S31501013228032B03D12B69F52BD4D9A370AB681804E9
S3150101323842BF236843F400432360EB68032B09D09B
S3150101324823682A6823F4FF4323F07F03C2F30E029E
S31501013258134323602B68AE68002B06F4805745DBC0
S3150101326816F4E84FB6D12B6806F4806603F070436D
S3150101327803F10043B3F1804F04D21EB1236843F42D
S31501013288806323602A68AB68002A48DA13F4407F11
S31501013298A0D10023284601A90193FFF7A4FE00281E
S315010132A899D12B6813F0704146D12368019A23F409
S315010132B87F7323F00303C2F3090213432360002F2B
S315010132C889D0EB69002B85D00F2084E7B1F1407FC6
S315010132D805D1002B3FF47EAF4FF040728FE702F024
S315010132E88072002B8BD1002A89D073E7710406F409
S315010132F800520DD4002A3FF46DAF236843F40053FD
S315010133082360002FAFD0236843F480532360AAE7D3
S31501013318236843F480432360002AF2D0EDE79A0536
S3150101332842BF226842F480622260DB0542BF2368FC
S3150101333843F400632360ACE703F05043B3F1004F54
S3150101334806D0B1F1304F03D0B1F1404F7FF442AF0E
S31501013358019B2268013B03F07F0322F07F0213439D
S315010133682360002F3FF437AFEA69002A3FF432AFF1
S31501013378B1F1004FA8D1117F71B1002E3FF42BAFE6
S3150101338843F400732360537F002B3FF424AF236872
S3150101339843F4807323601EE7537F002B3FF41BAF71
S315010133A8002EF4D117E773B50C46054608B9212055
S315010133B81AE00029FBD00123C6684B609E4217D843
S315010133C8002301A90193FFF739FE68B9019B06B1EB
S315010133D81C336A699A4209D32A69002AE7D022600D
S315010133E843F000530020A36002B070BD1D20FBE726
S315010133F8023E022EDBD80023F4E72DE9F0410D4602
S31501013408044698B0002869D0002967D000234FF0F7
S3150101341800728360C0E90023036215A92846FFF7F4
S31501013428A1FE002857D120461599EDF7C1DDAB68F4
S31501013438DB043CD52B68002B52DA4FF00108EE6903
S315010134486946376873682046CDF804800093029768
S3150101345800F014F9B368204603A9CDF81080039347
S31501013468059700F00BF9F368204606A9CDF81C80EB
S315010134780693089700F002F93369204609A9CDF8A0
S31501013488288009930B9700F0F9F8736920460CA96E
S31501013498CDF834800C930E9700F0F0F8B369204605
S315010134A80FA9CDF840800F93119700F0E7F8284648
S315010134B812A9F8F761FF70B9204600F0DFF828462E
S315010134C815A9FFF770FF30B9204615A9EDF798DD63
S315010134D82046EDF769DC18B0BDE8F0812120FAE74D
S315010134E80F20F8E770B50E46154604468AB000283E
S315010134F841D000293FD0002A3DD000230122294687
S315010135083046FFF7D4FDA0BBF368A3BBEB685A1E8F
S31501013518012A01D9042B2ED100234FF080722846A6
S31501013528C4E90023A360236207A9FFF71BFE00BBB9
S3150101353820460799EDF73CDD304601A9FFF733FF30
S31501013548B8B9204601A900F099F8284604A9F8F75F
S3150101355813FF70B9204600F091F8284607A9FFF72D
S3150101356822FF30B9204607A9EDF74ADD2046EDF7D6
S315010135781BDC0AB070BD2120FBE770B50E46154666
S3150101358804468EB080B179B172B100230122294670
S315010135983046FFF78CFD00286ED1F36823B1032B62
S315010135A804D1EB68042B03D0212065E0042BFBD061
S315010135B8EB68002BF8D0032BF6D000234FF083726A
S315010135C83046C4E90023A36023620BA9FFF7CAFDAC
S315010135D8002851D120460B99EDF7EADC284601A9C5
S315010135E8FFF7C0FD002847D1E968019B042904BFFB
S315010135F8C3F3854023F440614FEA936201BFDB08B7
S3150101360803F4E0430B430193019918BFC3F3074040
S3150101361821F47F71130221F00301014303F440737D
S315010136281943C1F3140120460191EDF7C1DC304676
S3150101363805A9F8F7A1FEF8B9204600F01FF83046AA
S3150101364808A9FFF7B0FEB8B9204608A900F016F88F
S31501013658284602A9F8F790FE70B9204600F00EF83F
S3150101366828460BA9FFF79FFE30B920460BA9EDF7AE
S31501013678C7DC2046EDF798DB0EB070BD436813B978
S31501013688416070475B685A68012AFBD159607047E6
S3150101369800F0F4BD00F0F2BD00F0F0BD00F0EEBDA2
S315010136A800F0ECBD00F0EABD08B548B14FF0FF31B5
S315010136B8EDF7EDDC002814BF6FF01D00002008BDF1
S315010136C86FF01B00FBE708B538B1EDF7FCDC002804
S315010136D814BF6FF01D00002008BD6FF01B00FBE74A
S315010136E810B1006EEEF77399704710B5044630B103
S315010136F850238065C3651844EEF7D1D8206610BDFD
S3150101370801207047F0B506460C4615468DB00AB339
S3150101371800271022002108A8EDF7AEDFCDE90577CC
S31501013728F9F700FA07AB029305AB019306AB2146FC
S3150101373800933A46304608ABF9F7C6F8044620B174
S31501013748F9F71EFA20460DB0F0BD099B6B60059B82
S315010137582B60F5E76FF08604F4E72DE9F041ADF545
S31501013768067D1D46DDE98C3690460F4611B9002ABC
S3150101377840F082800DB9002B7ED1002E7CD000222B
S3150101378800F17E4005383260062878D8DFE800F076
S315010137980477771318263400132B0ED9002108460E
S315010137A8EDF7ACDC002841D06FF08F0420460DF50A
S315010137B8067DBDE8F0811B2B2CD86FF08904F5E74E
S315010137C81F2BFAD900210846EDF798DC0028EBD121
S315010137D84FF406716846F9F7E1FF2CE02F2BECD976
S315010137E800210846EDF78ADC0028DDD14FF4067180
S315010137F86846F9F7D9FF1EE03F2BDED900210846B5
S31501013808EDF77CDC0028CFD14FF406716846F9F74C
S31501013818D1FF10E000210846EDF770DC0028C3D17D
S315010138284FF406716846F9F7D1FF04E04FF40671C2
S315010138386846F9F7C5FF0446EDF7BCDC0028B3D1A4
S3150101384814B16FF09204B1E742463946684601F070
S31501013858A6FB0028F5D12946684601F0D8FB0028C0
S31501013868EFD1684601F010FC04460028E9D1684603
S3150101387801F015FC306099E76FF0860496E76FF061
S31501013888850493E708B5F8F719F9002814BF6FF00D
S315010138989200002008BDFFF7F5BFF0B51C460023CD
S315010138A88BB023600F461646F8F708F970B96846D2
S315010138B8EDF7C4DA054648B9324639466846F8F796
S315010138C8B9F910B926600BB0F0BD25606FF0920009
S315010138D8F9E720F0FF03B3F5824F06D14138C0B2AB
S315010138E8012894BF0020012070470020704710B5B8
S315010138F80024436814601B0A04D0012B0AD06FF017
S31501013908850010BD0088FFF7E4FF00B101310020F1
S315010139181160F6E72C31FAE7406810B5000A029CF6
S3150101392804D0012807D06FF08B0010BD934209D945
S315010139386FF08C00F9E703F12C009042F8D81031A9
S3150101394803F11C020020C4E90412EEE72B2A0346FF
S315010139580AD9012200200A8048801A684A605A68F1
S315010139689B688A60CB6070476FF0890070472DE9C3
S31501013978F0470F4692469946054694B078B171B11A
S315010139886AB14288D31D072B4FEAD3085AD0038857
S3150101399803F4E043B3F5805F04D1530708D06FF010
S315010139A8860427E0B3F5005FF7D0B3F5804F49D018
S315010139B802AE202200213046EDF75EDE324641464F
S315010139C82846F9F7C9FA0446A0B943465246394683
S315010139D828460096FFF7A0FF044658B92822014652
S315010139E80DEB0200EDF748DE0AA8EDF727DA28B153
S315010139F86FF09204204614B0BDE8F08731460AA853
S31501013A08FFF7FBFC58B1482814BF6FF092046FF019
S31501013A1885040AA8FFF764FA0028EBD0E8E76B6882
S31501013A281B0A06D14A4641462846FFF760FF044666
S31501013A38EFE7524639463046FFF788FF0446002824
S31501013A48F0D0E6E76FF08504D4E72DE9F0439DB0A0
S31501013A580D46DDE9248916461F460446002868D025
S31501013A68002966D0002A64D0002B62D0B8F1000F74
S31501013A785FD0B9F1000F5CD02022002102A8EDF731
S31501013A88FBDD20463246294602ABF9F7E3FA04463D
S31501013A98F8B90AAD02AE0FCE0FC596E80F0085E853
S31501013AA80F000C9A7B1C22F080720E9322F480423D
S31501013AB808F1020323F0030342F4005201A90AA8FB
S31501013AC80D940F930C920194FFF7B8FA28B16FF090
S31501013AD8920420461DB0BDE8F083019B013343459D
S31501013AE8019329D82822214612A8EDF7C5DD12A886
S31501013AF8EDF7A4D90028EAD10AAA02A912A8F8F76A
S31501013B0855FC012812D058B1482814BF6FF0920408
S31501013B186FF0850412A8FFF7E3F90028D9D0D6E793
S31501013B2804233B70019BC9F80030F3E76FF08B045E
S31501013B38F0E76FF08604CCE76FF08904C9E7FFF770
S31501013B4816BFFFF782BF2DE9F04F9FB01546DDE994
S31501013B5828AB0F46994606462A9A002800F09F8007
S31501013B68002B00F09C80BAF1000F00F09880002923
S31501013B7800F09580002D00F09280BBF1000F00F056
S31501013B888E80002A00F08B800023B0F80080CBF8E4
S31501013B98003008F44F41EB00B1F5824F13605FD154
S31501013BA85FFA88F112290ED128F0FF01B1F5824F8A
S31501013BB802BF083B5B0813601368B3F5047F04BFB2
S31501013BC840F20923136000232A46039339463046F6
S31501013BD803ABF9F701F9044600283DD1039C404698
S31501013BE80734E408FFF775FE08B1013D01370DF108
S31501013BF810082022002140460394EDF73DDD2146B8
S31501013C0842463046F9F7A8F9044628BBC6460DF1DE
S31501013C18300CBEE80F00ACE80F009EE80F008CE8F7
S31501013C280F00EB1C214623F00303282214A8CDE932
S31501013C380F471193EDF720DD2B465246494630468B
S31501013C48CDF80080FFF768FE044628B914A8EDF7F8
S31501013C58F5D838B16FF0920420461FB0BDE8F08F50
S31501013C682C46C4E742460CA914A8FFF73BFC98B9B0
S31501013C78524649464046FFF769FE04460028EBD1FC
S31501013C885A4629463046FFF732FE044614A8FFF77D
S31501013C9827F90028E0D0DDE76FF09204F6E76FF027
S31501013CA88604D9E710B4048804F4E044B4F5805FC6
S31501013CB806D0B4F5005F03D05DF8044BFFF757BE94
S31501013CC86FF085005DF8044B704770B40488DDE92F
S31501013CD8035604F4E044B4F5804F04D0CDE9035604
S31501013CE870BCFFF7B2BE6FF0850070BC7047F8B5BE
S31501013CF81E4603880F4603F44F43B3F5824F154613
S31501013D0810D1089BF9F768F8044648B9069B9D4204
S31501013D180BD82A463946304604F08AFF079B1D60AF
S31501013D282046F8BD6FF08504FAE76FF08904F7E7D5
S31501013D382DE9F04F97B00E46DDE922AB17461D4630
S31501013D480446DDF8909000286BD0002969D0002A35
S31501013D5867D0209B13B9219B002B62D1BAF1000FC1
S31501013D685FD0BBF1000F5CD0B9F1000F59D02388A0
S31501013D7823F0FF03B3F5E24F53D129462046F9F75C
S31501013D8863FA804600283CD12846F9F793FA054695
S31501013D98002849D0414628220CA8EDF76DDC414699
S31501013DA8202204A8EDF768DC3A463146204604ABE1
S31501013DB8F9F750F9804620BB62880732D208BBEB76
S31501013DC8420F4FEA420632D30CA8EDF737D8B0B9FC
S31501013DD8219B2A460193209BCDE902A6009304A9BA
S31501013DE843460CA8F8F74CFB78B962880732D20822
S31501013DF85200C9F800200CA8FFF772F808B16FF054
S31501013E089208404617B0BDE8F08F012806D0482828
S31501013E1814BF6FF092086FF08508ECE76FF08B0815
S31501013E28E9E76FF08608ECE76FF08508E9E76FF0D7
S31501013E388908E6E72DE9F04F97B00E46DDE9219AA3
S31501013E48DDE923B817461D46044628B96FF08606EB
S31501013E58304617B0BDE8F08F0029F7D0002AF5D012
S31501013E68209B002BF2D0B9F1000FEFD0BAF1000F68
S31501013E78ECD0BBF1000FE9D0B8F1000FE6D025F07F
S31501013E88FF03B3F1062F49D1282200210CA8EDF72A
S31501013E98F3DB2022002104A8EDF7EEDB31463A4691
S31501013EA8204604ABF9F7D6F806460028D0D123886F
S31501013EB823F0FF03B3F5E24FC8D129462046F9F7A6
S31501013EC8C3F906460028C3D163880733DB08BBEB70
S31501013ED8430F4FEA430424D30CA8ECF7AFDF98B993
S31501013EE8209B32460093CDE902A40123CDF8049023
S31501013EF804A90CA8F8F7C4FA48B9C8F800400CA8EF
S31501013F08FEF7EEFF0028A3D06FF09206A0E701287D
S31501013F1814BF6FF092066FF08B06F0E76FF0850616
S31501013F2896E76FF0890693E72DE9F04FC1B00C4684
S31501013F38DDE94A89DDE94CA793461E46054600286F
S31501013F4800F09B80002900F09880002A00F09580F6
S31501013F58B8F1000F00F09180B9F1000F00F08D80E2
S31501013F68BAF1000F08D1002F40F087806FF0940451
S31501013F78204641B0BDE8F08F002FF7D023F0FF03AB
S31501013F88B3F1062F7CD12822002114A8EDF774DBA1
S31501013F982022002104A8EDF76FDB21465A4628465F
S31501013FA804ABF9F757F804460028E1D16A880732C4
S31501013FB8D208B7EB420FD9D131462846F9F744F968
S31501013FC804460028D4D101461E9084221FA8EDF784
S31501013FD853DB2B8823F0FF03B3F5E24F2BD10CAD4D
S31501013FE804AE0FCE0FC596E80F0085E80F000E9BAC
S31501013FF814A823F0407323F4804343F40053CDE915
S315010140080E341EAB109388231193ECF717DF70BB9F
S315010140180CAA04A914A8F8F7C9F9054614A8FEF7C4
S315010140285FFF284323D104AE0CAD0FCD0FC695E82A
S315010140380F0086E80F0014A8ECF700DF0246B0B9B5
S315010140480123CDE902A7CDE9008904A914A8F8F746
S3150101405895FA38B12C280DD0012814BF6FF09204B6
S315010140686FF08B0414A8FEF73BFF002880D06FF090
S3150101407892047DE76FF09404F4E76FF0860477E71D
S315010140886FF0850474E7FFF753BEFFF7D3BEFFF759
S315010140984BBFFFF74DBEFFF7CDBEFFF745BF2DE974
S315010140A8F0478CB09046DDE914A599460F4609B942
S315010140B8002A3ED1B9F1000F02D1BAF1000F38D168
S315010140C8002D36D000F17E400538062834D8DFE8C0
S315010140D800F019333304101316001C2002248245FB
S315010140E8286012D200236FF089002B600CB0BDE85D
S315010140F8F08720200324F2E730200424EFE740204B
S315010141080524ECE714200124E9E702A8ECF796DE79
S31501014118064610B16FF09200E8E743463A46214652
S31501014128CDE9009A02A8F8F73DF80028DED02E60FD
S31501014138F0E76FF08600D9E76FF08500D6E730B56D
S315010141480D4604468BB0A0B3031D0021D42218469F
S31501014158EDF792DA05F17E41053906292CD8DFE812
S3150101416801F0042B2B10161C22000122694622702C
S31501014178F7F7FEFE002814BF6FF0920000200BB07E
S3150101418830BD022269462270F7F70CFFF2E70322D6
S3150101419869462270F7F720FFECE704226946227087
S315010141A8F7F734FFE6E7052269462270F7F74AFF72
S315010141B8E0E76FF08600E2E76FF08500DFE770B5AB
S315010141C80D46164604468AB090B101B982B96846C8
S315010141D8ECF734DE18B16FF092000AB070BD3346C0
S315010141E82A466946201DFEF780FE0028F5D0F2E72A
S315010141F86FF08600F1E72DE9F0430D4691461E461B
S3150101420804468BB0A0B301B992BB8EB36846ECF7ED
S3150101421815DE804620B16FF092000BB0BDE8F08340
S31501014228271D2A4669464B463846F7F727FF0546AD
S31501014238D42241463846EDF71FDAA5B92378013B61
S31501014248042B18D8DFE803F00309070B0D00142224
S3150101425800203260E1E72022FAE71C22F8E7302242
S31501014268F6E74022F4E7212DD5D16FF08900D4E78D
S315010142786FF08600D1E76FF08800CEE708B518B16F
S31501014288D8220021EDF7F8D9002008BDF0B501289B
S3150101429806460D4693B020D8482200216846EDF717
S315010142A8EBD92F1F0C3500213046ECF727DF0446E1
S315010142B830B9684657F8041F00F046FE18B10124C3
S315010142C8204613B0F0BD684600F014FE0028F6D169
S315010142D8ECF770DFAF42E6D1F2E72124F0E700B54A
S315010142E893B02822002108A8EDF7C6D9202200217A
S315010142F86846EDF7C1D908A8ECF7A0DD0346B0B9C0
S31501014308202269460DEB0200F7F794FC034670B9C2
S3150101431808A8FEF7E5FD034648B96946FFF7B6FF62
S31501014328034620B9012004A9FFF7B0FF0346184641
S3150101433813B05DF804FB2DE9F04F98460368F1B017
S3150101434804460E461746DDF8ECA1DDF8F89113BBD4
S315010143586D468268016928460DF1140BECF7D0D92F
S3150101436895E807008BE80700217D6068ECF7C6DE52
S31501014378044660B9524605A908A8B6B1ECF7D2DADE
S315010143880546ECF717DF044608B98DB10124204625
S3150101439871B0BDE8F08F012B32D16D46816828468F
S315010143A80DF1140BECF7B1D9DAE7ECF7C4DAE7E763
S315010143B808A8DDE97C12EBF7D9DE0028E6D14246E9
S315010143C839467A9B08A8EBF743DF0028DED17F99A6
S315010143D808A8ECF78FDA0028D8D1494608A866B1AA
S315010143E8EBF78CDF0028D1D108A8ECF7A8D800286B
S315010143F8CDD0002ECAD12C24C9E7EBF7D1DFF1E7DD
S315010144082124C4E710B586B00C9C05940B9C049431
S315010144180A9C0394099C0294089CCDE9003413462D
S315010144280A460121FFF787FF06B010BD10B586B010
S315010144380C9C05940B9C04940A9C0394099C029474
S31501014448089CCDE9003413460A460021FFF773FF9C
S3150101445806B010BDF8F768BFF5F75CB9F8F7B2BF52
S31501014468F8F7A2BF40B2F8F78BBF70B50C461546EF
S3150101447810B9F9F715F838B143682BB12A4621461F
S31501014488BDE8704000681847232070BDF7B50D4691
S3150101449816461C4648B103B901ACC7685FB1234644
S315010144A8324629460068B84706E0F8F7F9FF04B924
S315010144B801AC0028F1D1232003B0F0BD10B50020CD
S315010144C81C4604F0B6F9002820600CBF1B20002009
S315010144D810BD08B50020FCF795F8002008BDF8B510
S315010144E80C468D18073552421540A5F108070646AF
S315010144F8384600F0D5FBA0883B1B618800EBE30039
S3150101450880B2A1EBE30125F8040C25F8061CA18864
S31501014518DA10D1B1A4EBC101B1F802C0C88002EB2E
S315010145280C004880E188B9B18A1A92B204EBC1013B
S3150101453825F8022C8A80A2888AB9B2681344F268DE
S31501014548B360934288BFF3600EE015F8081C41F089
S31501014558020105F8081CE5E725F8021CEBE7A4EBBF
S31501014568C2042278D207E8D43846F8BD2DE9F04FBE
S315010145784FF0000887B09946531C109B054617460C
S3150101458814BF14460824CDF81480002B00F0C98005
S31501014598C3F80080002900F0C68042688A4240F2C9
S315010145A8C280073121F00706ECF742DD05AACDE9FC
S315010145B8008282463A464B463146284600F074FB4C
S315010145C8059F834607B130B95046ECF72CDD192012
S315010145D807B0BDE8F08FB7F8028029694FEAC8022A
S315010145E8C0EBC8080139B8F1270F29617ED9B9F19C
S315010145F8000F55D1864206F108084CD022463946A4
S315010146082846FFF76CFF04460590059B98444046EA
S3150101461800F046FB059906F10F004A88C308A2EB8B
S31501014628D002A8F80220CA88A8F80430002A34D092
S31501014638D31A9BB201EBC202A8F8063093808B8884
S31501014648F608A380B8F804303A46E38041460023C8
S315010146582846668000F095FBAB68EA680833934201
S31501014668AB6088BFEB60237843F0010323702B69A4
S3150101467801332B616288AB68504603EBC203EA68D2
S31501014688AB60934288BFEB60ECF7CDDC109B083435
S3150101469800201C609CE73C46B7E7A8F80620CEE750
S315010146A807EB08042046039200F0FAFA0BF1070317
S315010146B8DB080599638008F10703DB08A380CB882A
S315010146C893B1DB00039AD81D821A5A44C2F3CF0269
S315010146D80B44E2809A80A38808F1FF384FEAD8088B
S315010146E8A1F80280CB80B7E7E380F4E7B9F1010FBE
S315010146F81BD107F10803B3FBF4F204FB1233B3B17F
S31501014708224639462846FFF7EAFE044623783A4601
S3150101471843F00103237021460123284600F031FBAA
S31501014728A8E7222054E7212052E78642E8D13C46F0
S31501014738ECE707B500224FF0FF3101AB0192F8F71B
S3150101474807FF019803B05DF804FB07B5009313460B
S315010147584FF0FF32FFF70AFF03B05DF804FB2DE9BD
S31501014768F04F05460C4685B0002900F0E680D0E9F0
S315010147780568ECF75DDC14F808EC34F806CC1EF094
S31501014788010F019002D0BCF1000F06D10198ECF797
S315010147984ADC012005B0BDE8F08FA968D5F810B04B
S315010147A834F8049CA1EBCC010BF10103A4F1080730
S315010147B80CF10102A9602B61B9F1000F43D04FEA4F
S315010147C8C9030293A7EBC903D888B3F802A00390DA
S315010147D818780EF0020EC00725D4BEF1000F25D1B7
S315010147E80398A0EB0A0EBEF1010F2CD10CF10202BE
S315010147F808395244C5F810B0A96034F802ECBEF183
S31501014808000F22D114F8081C24F806EC6EF30001F6
S3150101481804F8081C013A5A801A786EF300021A70D4
S315010148280022DA8045E0BEF1000F0CD002984A4415
S31501014838091AA96014F8081C6FF3410104F8081C48
S3150101484800219980D9E73B46D7E707EBCE0AD5E997
S31501014858001001EB0009CA450ED314F8081C013AE8
S315010148686FF3000104F8081C002124F8061C5A807C
S315010148781A7861F30002D2E717F83E70514617F02C
S3150101488801072FD014F8087C013A6FF3000704F8E1
S31501014898087C002792B224F8067C5A801A7867F3B5
S315010148A800021A70C3F107020A44C2F3CF02DA8081
S315010148B88A80002E3FD0B3423DD37288002A08BFB1
S315010148C81E46B8F1000F06D0434504D8B8F80220B0
S315010148D8002A18BF43460198C5E90563ECF7A3DB2E
S315010148E8002057E7AEEB0C0EBEF1010FCAD1BAF89B
S315010148F802C0AAF802709444BAF80620CAB10AEBB2
S31501014908C20100272A69013A2A61AA68083AAA60F6
S3150101491814F8082C24F8067C6FF3000204F8082C15
S315010149281A78A3F802C067F300021A700029B9D1EF
S3150101493876E71146E5E71E46C3E722202AE710B5C1
S315010149480446F8F733FE2146BDE81040FFF707BFD5
S31501014958FFF7F5BF70B5049E15461A4696B10023B1
S3150101496833608DB181B14D4333462946FFF7EDFEDB
S31501014978044628B9306818B12A462146ECF77CDE87
S31501014988204670BD2224FBE72124F9E707B5002259
S3150101499801AB0192F8F7F2FD019803B05DF804FB4A
S315010149A82DE9F74F06460D4614469B46002B00F0A6
S315010149B840810023CBF800304368934240F23B81A2
S315010149C849B9002A00F037815A46204603B0BDE8A5
S315010149D8F04FF8F7CBBD2AB9084603B0BDE8F04F49
S315010149E8FFF7ADBFECF724DB35F8067C07344FEA50
S315010149F8C70924F00704A1458046A5F1080180F0FD
S31501014A08968035F8023C002B70D0DA1B012A6DD14C
S31501014A1801EBC30A11F83330D80767D4BAF8022073
S31501014A28A9EB040313EBC20360D41F2B3CDD2F1939
S31501014A38C4F3CF0425F8064C0134384625F8024C4F
S31501014A48009300F02DF935F8022C009BBA80BAF8CB
S31501014A580620DB087B802AB3BAF80210511A11FA2B
S31501014A6883F39BB20AEBC202FB8093805246002371
S31501014A783946304600F085F9504600F011F9002211
S31501014A8835F8061CB368CBF8005003EBC103F1688E
S31501014A98A3EB09038B42B36047D8002A40D0083BF0
S31501014AA8B3603DE0FA80E1E733690137013B3361E0
S31501014AB8BAF80630174425F8067CA3B1BAF80220DC
S31501014AC89A1A12FA87F7BFB20AEBC30325F8027CD1
S31501014AD89F8052460123304600F053F9504600F0B3
S31501014AE8DFF80122CCE725F8023CF2E720465A46CF
S31501014AF80021F8F73BFD044630B14046ECF793DA5D
S31501014B08204603B0BDE8F08F4A462946DBF8000086
S31501014B1804F08EF82846FFF712FF04460028ECD167
S31501014B284046ECF780DA0024EAE7F360B5E77DD978
S31501014B3835F8022CA9EB040A531EDB1B002A37D0D0
S31501014B4801EBC20711F83220D20732D48BBBC4F369
S31501014B58CF03291925F8063C0133084625F8023CF5
S31501014B68009100F09DF8009935F8022C7B888A801E
S31501014B78FA8803EBDA034B80BAB17888101A10FA6E
S31501014B8883F39BB207EBC202CB80938000233A469B
S31501014B98304600F0F6F8384600F082F8B368CBF8EB
S31501014BA800502344A3EB09037AE70023CB80EDE701
S31501014BB81746BAF1270F39D9C4F3CF02291925F8AE
S31501014BC8062C0132084625F8022C009101930AF1B7
S31501014BD8FF3A00F065F8009935F8022C4FEADA0A2E
S31501014BE8A1F802A08A80FFB1019B013313FA8AFA5F
S31501014BF81FFA8AFAA1F806A0A7F804A03369304674
S31501014C080133336100231A4600F0BBF8B368CBF8C8
S31501014C180050E2180832F368A2EB09029A42B2601F
S31501014C287FF67EAFF2607BE7CF80E7E7CBF80050EE
S31501014C3876E7222464E7212462E770B50D46164614
S31501014C480446F8F7B3FC33462A462146BDE87040C7
S31501014C58FFF7A6BE002307B501AA0193FFF7EDFFEA
S31501014C68019803B05DF804FBF8F762BC13B500249B
S31501014C7801AA21460194F8F779FC00B1019401983A
S31501014C8802B010BDFFF75BBEFFF759BE0846FFF735
S31501014C9850BD0846FFF75CBE08461146FFF7DABF65
S31501014CA80023036043607047F0B5D0E90540551C00
S31501014CB808BF0822002B4FF0000518BF0446DDF88E
S31501014CC818C0CCF80050002C37D09DF814706588AF
S31501014CD8FF0007EBC505C2F1000E2078C00708D50C
S31501014CE81BBBE088A0B104EBC004658807EBC505C9
S31501014CF8F3E78D42F4D363B904F10806B6FBF2F082
S31501014D0802FB106670180EB1A842EAD8CCF8004029
S31501014D18F0BD082A0FD06088013004EBC000461A9D
S31501014D2806EA0E06801B8542F0D2A0880028EFD03C
S31501014D38A4EBC004D9E70846E8E72046E8E70346B5
S31501014D4810461A69DAB108B921B918680378DB0777
S31501014D5802D470479869F9E739B9C3887BB100EB81
S31501014D68C3000378DA07F8D47047012907D1838884
S31501014D782BB1A0EBC3000378DB07F8D470470020F9
S31501014D8870472DE9F041D0E905450746884616469B
S31501014D98F3B194420FD042B1954215D14246012150
S31501014DA83846FFF7CCFF05460EE00A463146FFF7BE
S31501014DB8C6FF0446F2E70A460021FFF7C0FFB542DE
S31501014DC80446EBD0002EE9D0C7E90545BDE8F081D7
S31501014DD8944208D08C4228BF0C46B54205D04545B8
S31501014DE838BF4546F0E70C46F7E74546ECE738B5DF
S31501014DF81C46C3E900010023C4E90500C4E90233DD
S31501014E08236122776362FFF74BFF23690139C908D9
S31501014E18013341802361A368E268083393424FF065
S31501014E280000A36088BFE36038BD08B500F013F838
S31501014E3800F02FF8FEE770477047704708B503F091
S31501014E4819FD03F025FD03F02CFD03F03DFDBDE839
S31501014E58084003F03ABD08B5FFF7EDFFF8F7D0FAB8
S31501014E68FFF7EAFFECF732DC00F007F803F00DFD76
S31501014E78BDE80840F8F7AABB704708B503F0F6FC88
S31501014E8803F0F5FC03F0F4FC03F0F3FCFFF7F4FF80
S31501014E9808BD03F0FBBC0020704738B50368054619
S31501014EA893B1816800F1180291424FF0000406D1CD
S31501014EB81846ECF78DD96FF040002C6038BD3021CA
S31501014EC8EBF778DB2046F9E76FF02000F6E738B50E
S31501014ED8036805465BB1EBF7EFDB431C044604D0D7
S31501014EE82868ECF775D900232B60204638BD6FF089
S31501014EF82004FAE710B504462068ECF7D9D920460B
S31501014F08FFF7E5FF431CF7D010BD38B51C21044650
S31501014F18ECF7FED91022342105462046ECF706DACC
S31501014F28002234212046ECF701DA3C212046ECF730
S31501014F38EFD94306F9D435B12A462046BDE83840AA
S31501014F481C21ECF7F39938BD37B5044601200D4606
S31501014F58EBF77DDBE0B1ECF773D92060E0B146F6FA
S31501014F68110330222046009304F118012B46EBF771
S31501014F780FDB00210846ECF7E5D900220146204658
S31501014F88EBF7F2DA204603B0BDE83040FFF785BFFB
S31501014F986FF0020003B030BD6FF00100FAE738B5D2
S31501014FA8044680690B46154670B35AB3A268E1698E
S31501014FB80232B1EB021F06D2ECF70AD900236FF0D0
S31501014FC84400A36138BDB5F1807F06D3ECF700D95A
S31501014FD800236FF03F00A361F4E729461846ECF771
S31501014FE8B0D963680146DB682A4604F11800EBF774
S31501014FF8B1DA23692B442361E3682B44E360A3688F
S315010150080133A3600020DDE76FF02000DAE7836949
S3150101501810B50446ABB1D0E903239A4204D002681C
S31501015028836A52685340836220466369984704F14B
S3150101503818004FF4F47104F13002EBF7BBDA0020E2
S3150101504810BD6FF02000FBE738B583690446C3B18B
S315010150581830EBF731DB431C054610D0214651F8D0
S31501015068C03B5B69C3F5AC70C3F5F8720144A0692D
S31501015078ECF764D9A069ECF7ABD80023A3612846FC
S3150101508838BD6FF02005FAE710B50446A069ECF7BB
S315010150980FD92046FFF7D8FF431CF7D010BD036887
S315010150A8D868704738B500252846ECF717D904465C
S315010150B8B8B14FF48061ECF72BD990B100221C21CC
S315010150C82046ECF733D94FF0FF3230212046ECF771
S315010150D82DD9013534221C212046ECF727D9402D3B
S315010150E8E2D1002038BD704770B504680D1B002D4B
S315010150F802DC6FF05F0070BD94F900602378002E21
S315010151080ADB631C0360237813600368C91A1368F1
S315010151188B42EED80020EEE703F07F035E1E032ED5
S3150101512810D89D42E5DD0025013415600460046847
S31501015138166814F8015B013B45EA0625156004600A
S31501015148F5D1E2E76FF06300D5E770B404680E1B89
S31501015158002E07DD26789E4208D10134046070BC11
S31501015168FFF7C2BF6FF05F0070BC70476FF0610057
S31501015178FAE72DE9F04F85B00092984603AA302344
S3150101518804460E469DF838A09DF83CB0FFF7DDFFB1
S31501015198054610BB2368039A13449E421AD06FF041
S315010151A865051AE05A1C226093F80090009B09EAEA
S315010151B80303434522D13146204603AAFFF794FF4B
S315010151C8D0B909EA0A0159452268039B09D022681F
S315010151D81A4422602368B342E4D3284605B0BDE8E0
S315010151E8F08F10990029F2D0DDE910704946019333
S315010151F8B847019B0028EAD00546EEE76FF061053D
S31501015208EBE738B505462C6804B938BDA369A0682A
S315010152182B60FFF79DFB6069FFF79AFB2046FFF7B5
S3150101522897FBF0E770B50E46154604460CB92046BC
S3150101523870BD6368AB4206D12A463146A06803F0C0
S31501015248E9FD0028F3D0A469F0E77F2A034610B5E2
S315010152581AD914460120240A00F10100FBD11C6860
S31501015268641A844212DB19684C1E1C6001F8012C70
S31501015278120AF8D1012806D01A68511E196000F1DF
S315010152887F0302F8013C10BD0120E8E76FF06B00CE
S31501015298F9E70368591A0029C1BF03F1FF31016012
S315010152A8012003F8012CD8BF6FF06B0070472DE977
S315010152B8F04106460F4615469846FFF7C6FF041EF6
S315010152C809DB424639463046FFF7E3FF0028B2BFFC
S315010152D80446641924182046BDE8F081F0B4144641
S315010152E800250668721A002A1CDD771E076006F872
S315010152F8014C2412002C05F1010211DC046894F910
S315010153080060002E08DA621A002A0BDD621E0260AD
S31501015318002204F8012CAA1CDBB2F0BCFFF7C7BFB7
S315010153281546DEE76FF06B00F0BC704770B50D46A8
S31501015338064600681146A8421C4609D3451B9D42EB
S3150101534806D3C01A1A46306003F072FC204670BDB6
S315010153586FF06B00FBE705230022FFF7A8BF70B5C5
S3150101536804460D46FFF7E2FF021E06DB29462046E3
S31501015378BDE870400623FFF79ABF70BD2DE9F041DC
S315010153889846DDE9066304460D461746ABB126B9CB
S31501015398FFF7E1FF002812DB064643463A4629464E
S315010153A82046FFF7DCFF002809DB8219294620463A
S315010153B8BDE8F0413023FFF77ABF1E46EDE7BDE8A8
S315010153C8F08130B40468651A002D0CDD003A18BF66
S315010153D801220123651E5242056004F8012C30BCE5
S315010153E81A46FFF764BF6FF06B0030BC70470223A2
S315010153F8FFF774BF70B516461A46049B04460D4657
S31501015408FFF794FF021E06DB29462046F3B2BDE8E3
S315010154187040FFF74CBF70BD2DE9F8430646006899
S31501015428894690461F46089DFFF7FCFE044600285B
S3150101543833D120210120FFF7A9FA044650B1C0F85A
S31501015448048041460120FFF7A1FAA06030B9204640
S31501015458FFF77EFA00242046BDE8F883424649460D
S3150101546803F0E6FB25614DB129460120FFF78EFAC6
S31501015478606138B9A068FFF76BFAE8E73368A36199
S315010154883460E8E73368A3613460002FE3D02A4624
S315010154983946606903F0CCFBDDE725B94069FFF7B9
S315010154A857FA6561D7E70369AB42EED02946012070
S315010154B8FFF76CFA06460028CCD06069FFF748FA6F
S315010154C8C4E90456E1E738B500F141030546024648
S315010154D81921DBB20020F8F711FA05F147032A462B
S315010154E804463321DBB21A20F8F708FA2B1F2A469C
S315010154F83D210443DBB23420F8F700FA3E21E4B238
S315010155082A462B2304430846F8F7F8F93F21E4B262
S315010155182F232A4604430846F8F7F0F9E4B2204353
S31501015528C0B238BD2DE9F74F0C9F0546164617B986
S315010155381760002012E00324B7FBF4F404EB4408D6
S31501015548474518BF0134B4F1804F0AD2A40001348A
S315010155588C4200D840B96FF02900346003B0BDE828
S31501015568F08F4FF0FF34F6E781460024444503F1F5
S31501015578030209F1040A2ED3BC424A4626D293F8FC
S3150101558800800134BC424FEA98002CBF4FF0000B52
S3150101559893F801B0FFF797FF89F800004FEA081061
S315010155A800F0300000EB1B10FFF78DFFBC4289F8B4
S315010155B801003CD24FEA8B0000F03C00FFF783FF64
S315010155C83D23524689F8020089F803300023551B09
S315010155D835601370ADE712F8033C12F8029C98087E
S315010155E812F801BC01920093FFF76DFF009B0AF8BF
S315010155F8040C180100F0300000EB1910FFF763FFE6
S315010156080AF8030C4FEA890000F03C0000EB9B10F5
S31501015618FFF759FF0AF8020C0BF03F00FFF753FF9A
S31501015628019AD14613460AF8010C03349EE73D2037
S31501015638C6E700220123C0E90023704710B50446D5
S3150101564848B1006818B1E188890001F0CBFC002254
S315010156580123C4E9002310BD42F21073994270B5C2
S3150101566804460D4602D96FF00F0070BDC3888B42FF
S3150101567801D30020F9E704212846FFF787F90646F1
S315010156880028F0D0216841B1E288920003F0D0FAEE
S31501015698E1882068890001F0A5FCE5802660E8E734
S315010156A8F8B50D46C98804461646FFF7D5FF0746DC
S315010156B8A8B93046F8F734F90646B4F90420B5F91C
S315010156C80410F8F739F93346F643A080EA882068C9
S315010156D82968F8F73BFBEB88E088984201D83846F8
S315010156E8F8BD216851F82320324041F823200133BE
S315010156F8F3E738B504460D4619B9FFF79FFF0020B0
S3150101570838BDC2888A4207D1002100689200EBF7A9
S31501015718B3DF0123A380F2E7FFF790FF294620466D
S31501015728BDE83840FFF798BF884270B505460E4671
S3150101573809D0C988C28841B92AB101239200838057
S315010157480068EBF799DF002070BD4C1E8CB9B6F9DC
S3150101575804300134A242AB8012D221462846FFF712
S315010157687BFF0028F0D131682868A20003F060FAAE
S31501015778E9E7336853F82430002BE8D1013CE5E722
S315010157882868121B0021920000EB8400EBF774DFF5
S31501015798E9E770B50C4601210546FFF75DFF0646A7
S315010157A888B9EA88014692002868EBF765DF84EA39
S315010157B8E472A2EBE472E40FC4EBC4342B6864000F
S315010157C801341A60AC80304670BDC388B1EB431F02
S315010157D83FBF03684A0953F8220001F01F013ABF86
S315010157E8C84000F00100002070470022C18891429B
S315010157F801D800207047036853F8223033B193FA70
S31501015808A3F0B0FA80F000EB421070470132EEE7DF
S31501015818C188006800F07CBC08B5FFF7F9FF0730BD
S31501015828C00808BD70B50E4612F0030118BF012163
S3150101583801EB920105461446FFF75BFF38B923468A
S315010158483246E9882868BDE8704000F083BC70BD1E
S3150101585813460A46C188006800F0A1BC38B504465A
S315010158680D46FFF7D5FFE3882844B0EB431F06D859
S3150101587820682A46E18800F002FD002038BD10F0B3
S315010158881F0118BF012101EB50112046FFF7E4FE64
S315010158980028EDD0F2E70A46C18808B511B10068BA
S315010158A800F0AFFC002008BD10B5C38823B9CA882A
S315010158B85AB9ABB1012017E0026802EB830252F82B
S315010158C8042C002AF3D1013BF0E70C6804EB8204AE
S315010158D854F8044C0CB9013AEAE79342EAD80FD3D2
S315010158E8013B5A1C01D1002010BD026852F8234020
S315010158F80A6852F823209442DCD803F1FF33F0D227
S315010159084FF0FF30F0E730B5C38823B9CA885AB9D1
S31501015918002B3DD136E0026802EB830252F8042CD2
S31501015928002AF3D1013BF0E70C6804EB820555F82F
S31501015938045C4DBB013AEAE7B1F9045003D2B1F966
S315010159480400404226E0B0F90420002A03DD002DB7
S315010159580CDA01201EE0002D08DD3AB14FF0FF30C7
S3150101596818E003F1FF330BD2504213E0013B016802
S3150101597851F8235054F823108D42F2D9104609E003
S31501015988591CF4D1002005E0002BD8D09342D3D974
S31501015998B0F9040030BD1FB581EAE173A3EBE173E8
S315010159A801930123C90FC1EBC13149000131ADF899
S315010159B80C10ADF80E3002A901AB0293FFF7A3FF54
S315010159C805B05DF804FB90422DE9F04105460F4605
S315010159D8144602D0884206D127460123FC88AB80AA
S315010159E83CB9002003E0FFF79FFE0028F4D0BDE88B
S315010159F8F0813B684FEA840803EB840353F8043CBE
S31501015A080BB9013CECE721462846FFF725FE00289C
S31501015A18EDD12E6823463A683146304600F065FCD9
S31501015A28074606EB0803002FDBD0EA88661CA2426B
S31501015A3808D831462846FFF70FFE0028D7D12B682B
S31501015A4803EB84031A683446D2192CBF01270027B0
S31501015A5843F8042BE7E72DE9F04105460E46904642
S31501015A68D4883CB9F188A1420ED26FF009073846AC
S31501015A78BDE8F081D8F8003003EB840353F8043C00
S31501015A88002BEFD1013CECE72846FFF7E5FD074678
S31501015A980028ECD1F28894420BD2AE4209D028688B
S31501015AA83168121B920001EB840100EB840003F0BB
S31501015AB8BFF8EA88F088824207D92B68121A0021B1
S31501015AC8920003EB8000EBF7D7DDD8F800202346D7
S31501015AD83168286800F01FFC024610B90123AB8022
S31501015AE8C5E72968EB8801EB840108461B1B00F011
S31501015AF83BFD0028F2D0B8E72DE9F843B2F804C016
S31501015B08B1F9044081461CFB04FC664673430D4604
S31501015B1817461CD511462846FFF7C6FEB0F10008FF
S31501015B280DDB3A4629464846FFF795FF98B9B8F17C
S31501015B38000F08BF01240020A9F804400BE02A46FA
S31501015B484846FFF788FF30B9644224B2F3E7FFF705
S31501015B583AFF0028EFD0BDE8F8830123FFF7CCBF50
S31501015B684FF0FF33FFF7C8BF1FB582EAE273A3EB14
S31501015B78E27301930123D20FC2EBC2325200013201
S31501015B88ADF80C20ADF80E3002AA01AB0293FFF76E
S31501015B98E7FF05B05DF804FB2DE9F0470123164639
S31501015BA8002286B0884207460D46CDE90223CDE992
S31501015BB8042306D102A8FFF7B7FD0446002833D10D
S31501015BC802ADB74206D1394604A8FFF7ADFD044631
S31501015BD850BB04AEB5F80680B8F1000F2ED1B6F860
S31501015BE80690B9F1000F33D14FF0010A384609EB96
S31501015BF80801FFF731FD0446B0B901463846FFF7FA
S31501015C08C8FD044680B9CDF8009042463368296833
S31501015C18386800F059FCBAF1000F22D1AB88B28875
S31501015C2813FB02F31BB2BB8004A8FFF707FD02A809
S31501015C38FFF704FD204606B0BDE8F0872B6803EBA4
S31501015C48880353F8043C002BC9D108F1FF38C3E78F
S31501015C58336803EB890353F8043C23B909F1FF3986
S31501015C68BFE70123DFE7B8FA88FA4FEA5A1ABDE70F
S31501015C782DE9F341054688461646CF883FB1D8F83E
S31501015C88003003EB870353F8043C3BB146B90021C5
S31501015C98284602B0BDE8F041FFF77BBD013FEDE7BC
S31501015CA82846791CFFF7D8FC044670B941462846AF
S31501015CB8FFF73AFD044640B9013E00963B46D8F83E
S31501015CC80020E988286800F043FB204602B0BDE8B8
S31501015CD8F08170B504460D46104600211646FFF7B8
S31501015CE85AFE002824DB2A46334621460020F7F7C7
S31501015CF831FE054638B1284670BD32462146204651
S31501015D08FFF72BFF90B900212046FFF744FE002833
S31501015D18F3DB31462046FFF7F6FD0028EBDB324679
S31501015D2821462046FFF71CFF0028F2D00546E2E787
S31501015D386FF00905DFE72DE9FF4101231646002228
S31501015D48054668468846CDE90023CDE90223FFF7D2
S31501015D58EBFC0446002855D1314602A8FFF7E4FCBD
S31501015D68044600284ED16846FFF73FFD074602A8BB
S31501015D78FFF73BFD064650B9214602A8FFF725FD67
S31501015D8828B941462846FFF7CFFC04463AE00123E4
S31501015D98ADF80C30ADF8043000216846FFF7FBFD7C
S31501015DA850B9B742394602A828BF3146FFF756FD11
S31501015DB8044638BB02A9E5E76846FFF716FD014621
S31501015DC86846FFF768FD0446E0B902A8FFF70DFD2D
S31501015DD8014602A8FFF75FFD044698B9684602A97C
S31501015DE8FFF791FD002817DB6946684602AAFFF706
S31501015DF832FE044630B901216846FFF74CFD0446D7
S31501015E080028C9D06846FFF719FC02A8FFF716FC56
S31501015E18204604B0BDE8F08102A96A460846FFF7A3
S31501015E281AFE04460028EDD1012102A8E5E7F7B5D6
S31501015E380E1E044615461F4614DB1046FFF7ABFD39
S31501015E4800280FDD2046E988FFF753FC40B9089B76
S31501015E583146CDE90073E3882A682068F7F78EFF92
S31501015E6803B0F0BD6FF00300FAE72DE9F0410646EC
S31501015E7888461046012192B01546FFF78CFD002888
S31501015E8840F34381002301272A4641466846CDE965
S31501015E980237CDE90437CDE90637CDE90837CDE92A
S31501015EA80037CDE90A37CDE90C37CDE90E37CDE90A
S31501015EB81037FFF740FF0446002840F0978039461E
S31501015EC86846FFF768FD002840F01C812A464146CD
S31501015ED802A8FFF7FEFE0446002840F0878002A9C2
S31501015EE804A8FFF721FC044600287FD129460AA800
S31501015EF8FFF71AFC0446002878D129460CA8FFF7B2
S31501015F0813FC0446002871D1394606A8FFF741FC5E
S31501015F18044600286AD1014608A8FFF73AFC044657
S31501015F28002863D101460EA8FFF733FC0446002871
S31501015F385CD1394610A8FFF72CFC0446002855D137
S31501015F48049B1B68D8073CD50C9B1B68DB0740F1F2
S31501015F5882800CA904A8FFF7D6FC0028C0F2AB8001
S31501015F6804A908460CAAFFF7FBFD044600283DD102
S31501015F7806A908460EAAFFF7F3FD0446002835D1FE
S31501015F8810AA08A90846FFF7EBFD044670BB0021D4
S31501015F9804A8FFF700FD0028D2D100210EA8FFF7BA
S31501015FA8FAFC0028C0F29A8029460EA8FFF7ABFC35
S31501015FB8002880F29D8030460EA9FFF7B5FB0446FD
S31501015FC814E0012104A8FFF766FC044670B9069B93
S31501015FD81B68DF0729D4089B1B68DC0725D4012127
S31501015FE806A8FFF758FC044600282FD002A8FFF798
S31501015FF825FB04A8FFF722FB06A8FFF71FFB08A844
S31501016008FFF71CFB6846FFF719FB0AA8FFF716FB02
S315010160180CA8FFF713FB0EA8FFF710FB10A8FFF753
S315010160280DFB204612B0BDE8F08106A908460AAA69
S31501016038FFF793FD04460028D8D108A9084602AA04
S31501016048FFF78EFD04460028C9D0CFE7012108A82C
S31501016058FFF721FC71E701210CA8FFF71CFC044697
S315010160680028C3D10E9B1B68D90713D4109B1B6843
S31501016078DA070FD401210EA8FFF70DFC0446002803
S31501016088B4D1012110A8FFF706FC044600283FF404
S315010160985BAFABE70EA908460AAAFFF75EFD044600
S315010160A80028A3D110A9084602AAFFF759FD0446FB
S315010160B80028DFD09AE70CA9084604AAFFF750FD84
S315010160C80446002892D10EA9084606AAFFF748FDFB
S315010160D8044600288AD108AA10A953E70EA92A4617
S315010160E80846FFF73AFD044600283FF456AF7DE717
S315010160F80EA92A460846FFF733FD044600283FF450
S3150101610853AF73E76FF00D0470E76FF0030488E787
S315010161180139002901DA0020704750F82130002B96
S31501016128F6D0B3FA83F00131C0EB4110704739B1AA
S3150101613801F18041013900EB81018142034600D217
S3150101614870471B680A681BBA12BA40F8042B41F852
S315010161580439F2E72DE9F0411C4613F0030318BF90
S31501016168012303EB94038B4206460D46904613D849
S3150101617879B18F003A460021EBF77EDA2CB1381B4B
S3150101618822464146304402F053FD29463046FFF77F
S31501016198CEFF0020BDE8F0816FF00700FAE7B3EB07
S315010161A8810F70B504464FEA8105104619D95A1B64
S315010161B886180021EBF760DA30462B460021C21812
S315010161C88B4210D1002070BD22F00301615802F003
S315010161D80306F600F140C9B281B90132AA42F3D1E7
S315010161E8ECE71A46FAE721F00300205801F0030506
S315010161F8ED00E84002F8010D0131E1E76FF0070012
S31501016208E1E7F8B50546500988420C4602F01F0632
S3150101621801D80AD136B12846A2000021BDE8F840C5
S31501016228EBF72A9A1F2A02D8F8BD1F2A0FD982002D
S3150101623805EB8003291F05EB8407BB421AD1201AF6
S3150101624838BF0022002105EB8000EBF715DA002E95
S31501016258EAD0002205EB8404C6F12000AC42E3D062
S3150101626854F8041C21FA06F3134344F8043D01FAD0
S3150101627800F2F3E753F804CB41F804CFDDE71F2A0F
S31501016288F8B503460D464FEA521402F01F0613D913
S315010162986FF003000A4600FB0430944202F1FF3114
S315010162A813D3621BAC4288BF00222A441846002137
S315010162B89200EBF7E1D9034636B1002103EB8403DA
S315010162C8C6F12007AC4206D3F8BD50F8212043F8A0
S315010162D821200A46E1E71868013400FA06F20A4361
S315010162E843F8042B20FA07F1ECE7F0B500248446BC
S315010162F820469C4200D1F0BD51F8245052F8247031
S315010163082E182CBF01250025BF194CF8247045F11B
S3150101631800000134EDE7F0B50024064620469C420B
S3150101632800D1F0BD51F824C052F82470ACEB000538
S31501016338AF4294BF4FF0000E4FF0010EED1B46F828
S31501016348245084452CBF70460EF101000134E6E75D
S315010163588B4228BF0B462DE9F0479646DE080446CF
S31501016368C91A03F0070875460346B4460020089A78
S315010163780CF1FF3CBCF1FF3F03F1200305F12005B8
S3150101638811D104EB461425460EEB46164FEA880C45
S3150101639806EB880E764540F081806444013980F028
S315010163A88B80BDE8F08755F8207CA2FB079710EB97
S315010163B8090953F8200C47F1000710EB090043F8C6
S315010163C8200C55F81C0C47F10007A2FB00093F18E0
S315010163D853F81C0C49F10009C01943F81C0C55F86E
S315010163E8180C49F10009A2FB000719EB000953F83A
S315010163F8180C47F1000710EB090043F8180C55F87A
S31501016408140C47F10007A2FB00093F1853F8140CB5
S3150101641849F10009C01943F8140C55F8100C49F152
S315010164280009A2FB000719EB000953F8100C47F103
S31501016438000710EB090043F8100C55F80C0C47F14D
S315010164480007A2FB00093F1853F80C0C49F1000992
S31501016458C01943F80C0C55F8080C49F10009A2FBBF
S31501016468000719EB000953F8080C47F1000710EB6F
S31501016478090043F8080C55F8040C47F10007A2FB7B
S31501016488000A17EB000953F8047C4AF1000017EBDF
S31501016498090740F1000043F8047C69E756F8043B13
S315010164A8A2FB0337C318286847F10007C31847F148
S315010164B8000045F8043B6DE723681B182CBF012032
S315010164C8002044F8043B69E72DE9F347DDF82890F4
S315010164D815464A440F46920000210646984600246D
S315010164E8EBF7CAD805F1010A4C4502D102B0BDE85C
S315010164F8F08758F8243006EB840000933A462B4678
S315010165085146FFF725FF0134EEE72DE9F04712F071
S31501016518030418BF012404EB92048C4206468846FB
S3150101652817461D464FEA840AC2EB840919D84A4619
S315010165380021EBF7A1D8A8EB04020021920006EB92
S315010165480A00EBF799D83A46089806EB0901A847D4
S31501016558054618B921463046FFF7E9FD2846BDE843
S31501016568F0876FF00305F9E730B5054610460022B5
S315010165789A4200D130BD51F82240241A45F82240E9
S3150101658834BF012000200132F2E72DE9F34101F17F
S31501016598100506460F4628460021FFF7FCF9044671
S315010165A898B36846FFF745F829466846321DFFF74D
S315010165B85CFC044630BB07F108086B464246414676
S315010165C83046F7F725FC0446E0B96B466A46694643
S315010165D83046F7F71DFC0446A0B96B463A463946DB
S315010165E83046F7F715FC044660B96B464246414603
S315010165F83046F7F70DFC044620B901212846FFF775
S31501016608C8F804466846FFF719F8204602B0BDE8FE
S31501016618F081F7B50D460446083568461646FFF773
S3150101662808F800212846FFF7B6F9211D07462A462B
S315010166386846FFF795FA044648B9002F0CBF0022B0
S3150101664806F0010269462846FFF72AF80446684614
S31501016658FEF7F4FF204603B0F0BD38B50C46051D1B
S3150101666829462046FFF74FF9002801DA002006E0FE
S315010166782A4621462046FFF7EEF90028F0D038BD13
S3150101668870B50C460546114620461A46FFF765FAC6
S31501016698064630B9043529462046FFF734F900285C
S315010166A801DA304670BD2A4621462046FFF7D3F95D
S315010166B80028F0D00646F4E770B50C4606461146A1
S315010166C820461A46FFF74CFA054648B90436B4F985
S315010166D80430002B04DA00212046FFF75CF908B9DA
S315010166E8284670BD324621462046FFF736FA00286C
S315010166F8EDD00546F4E710B50446FEF79FFF04F110
S315010167080800FEF79BFF04F11000BDE81040FEF7F3
S3150101671895BF13F07E0F2DE9F0470C4615460CBFC0
S315010167284FF0010A4FF0000A07465246294620460C
S315010167381E46C3F34508FEF7B3FF48BB04F1080932
S315010167485246484605F10801FEF7AAFF00BB08F1C2
S31501016758FF33D3F1000848EB03084246204605F109
S315010167681801FEF79DFF98B94246484605F12001F1
S31501016778FEF796FF60B921463846F209FFF749FF48
S3150101678830B904F110000121BDE8F047FFF701B85E
S31501016798BDE8F08738B50C46054601212046FFF7C5
S315010167A85DF828B921462846BDE83840FFF755BFA7
S315010167B838BD2DE9F84F1E4603F10805C36804469D
S315010167C88A469046002B40F0C08002F110031A4612
S315010167D82946F7F71DFB002840F0EF8006F110075F
S315010167E82B46424639462046FFF74AFF002840F024
S315010167F8E48006F118092B46424649462046FFF729
S315010168085BFF002840F0D9804B463A462946204687
S31501016818F7F7FEFA002840F0D080032229463046D0
S31501016828FFF726FA002840F0C88031462046FFF7CF
S3150101683814FF002840F0C18008F1080B06F1100782
S315010168485B465A4639462046F7F7E2FA002840F0F0
S31501016858B48039462046FFF79DFF002840F0AD80F8
S315010168683B46424629462046F7F7D2FA002840F028
S31501016878A48029462046FFF78DFF002840F09D8018
S3150101688806F118093B463A4649462046F7F7C0FA42
S31501016898002840F0928049462046FFF77BFF0028F1
S315010168A840F08B803346324639462046F7F7B0FA2F
S315010168B8002840F082802B463A4639462046FFF7A2
S315010168C8FBFE002879D12B463A4639462046FFF781
S315010168D8F3FE002871D13B462A4629462046FFF791
S315010168E8EBFE002869D133462A4629462046F7F7A1
S315010168F88FFA002861D14B462A4629462046FFF7D9
S31501016908DBFE002859D15A464946204608F11003AB
S31501016918F7F77EFA002850D149462046FFF73AFF94
S3150101692800284AD139465046FEF7FEFE002844D1D1
S3150101693829460AF10800FEF7F7FEF0BB49460AF1B6
S315010169481000BDE8F84FFEF7EFBE13462946F7F7E3
S315010169585FFA90BB032229463046FFF789F960BBE6
S3150101696831462046FFF779FE38BB04F10C0701468B
S315010169783846FFF710F800283FF45EAF08F1100317
S315010169881A4629462046F7F743FAB0B906F110091E
S315010169982B462A4649462046F7F73AFA68B93B464D
S315010169A84A4629462046F7F733FA30B92B46324685
S315010169B831462046FFF764FE3BE7BDE8F88F0346FB
S315010169C8C06920B15B6A002B14BF01200220704700
S315010169D810B50446FEF72DFE04F10800FEF729FE5F
S315010169E804F11000BDE81040FEF723BE38B50025B5
S315010169F8044600F8045BFEF71CFE04F10C00FEF7E1
S31501016A0818FE04F11400FEF714FE04F11C00FFF749
S31501016A18DFFF04F13400FEF70CFEC4E90F55C4E9A2
S31501016A281155C4E91355C4E91555E56538BD10B5C0
S31501016A380446FFF7DBFF04F16000FEF7FAFD04F1F6
S31501016A486800BDE81040FFF7C3BF08B1FFF753BEA1
S31501016A58704770B5044658B3436C012B11D00C30FD
S31501016A68FEF7ECFD04F11400FEF7E8FD04F11C0044
S31501016A78FFF7EBFF04F13400FEF7E0FD201DFEF7F9
S31501016A88DDFDA36D8BB92046BDE870406021F8F79D
S31501016A9853BA06FB0500FFF7D8FF0135D4E91603FA
S31501016AA8AB42F6D8FDF754FFEDE700251826F5E7C1
S31501016AB870BD10B5044658B1FFF7CBFF04F160006C
S31501016AC8FEF7BCFD04F16800BDE81040FFF7BDBF44
S31501016AD810BD38B504460D46FEF726FE70B905F117
S31501016AE8080104F10800FEF71FFE38B905F1100186
S31501016AF804F11000BDE83840FEF716BE38BD10B5E1
S31501016B0801210446FEF745FE60B9012104F1080099
S31501016B18FEF73FFE30B9014604F11000BDE8104009
S31501016B28FEF737BE10BD002108B51030FEF733FF59
S31501016B38B0FA80F0400908BD1FB500240294079CEC
S31501016B480194069C0094F7F705FE04B010BD2DE9E2
S31501016B58F0471446DDE908890F461E4642464B466B
S31501016B6821460546F7F704FE48B93B462246314612
S31501016B782846CDE90889BDE8F047FFF7DDBFBDE83D
S31501016B88F08713B5049CCDE9003413460A4600F192
S31501016B981C01FFF7DCFF02B010BD73B50C460146B7
S31501016BA8204615461E46F7F751FE40B92B462046A3
S31501016BB8009604F1680204F16001FFF7E2FF02B0F1
S31501016BC870BD00B14078704770B500231446E409D9
S31501016BD81D4603F10103FAD10468091B994212D32F
S31501016BE802F07F0161550224D2099C42016803D949
S31501016BF819440160002070BD1D1B62F07F064E55C8
S31501016C08D2090134F1E76FF00A00F4E76FF02D00BC
S31501016C1870472DE9F0430026054687B001918F1883
S31501016C280296B94225D1731E7E2B00F28C8006EBA2
S31501016C38860601213046FDF7A9FE8046A86000288F
S31501016C4800F0848005903A4601A903A8F7F74EFE9C
S31501016C58044630B9DDF80C90B9F1020F0FD96FF07E
S31501016C686704A868FDF774FE00232646C5E90133C2
S31501016C7847E011F8013B2E2B08BF0136D1E7019BED
S31501016C88BB42ECD218782E28E9D1013304A8019325
S31501016C98F7F72CFE04460028E3D1B9F1020F02D019
S31501016CA8049B272BDBD8019BBB4204D21A782E2AD7
S31501016CB8D5D101330193282303FB09F9049B19EB68
S31501016CC80302CCD2B044414605A8FFF77DFF06462B
S31501016CD8002833D1019BBB4217D3AB68059C01211F
S31501016CE8E41A2046FDF752FE074648B32246A9682B
S31501016CF801F09EFFA868FDF72BFE0623C5E90147AA
S31501016D082B60304607B0BDE8F0833A4601A902A8CF
S31501016D18F7F7ECFD04460028A3D1019BBB4204D237
S31501016D281A782E2A9BD1013301934146029A05A865
S31501016D38FFF74AFF04460028CCD092E7044690E7BC
S31501016D486FF069048DE76FF06706DAE76FF0690698
S31501016D58D7E70023C0E90033836070470346084635
S31501016D681BB11B680BB1DB6818470020704710B5CA
S31501016D78002486B005940C9C04940B9C03940A9CEC
S31501016D880294099C0194089C0094F7F7CBFE06B07E
S31501016D9810BD10B1006800B100787047CA0448BF38
S31501016DA841F480618B0448BF41F4006181607047F9
S31501016DB8022803D0031F58425841704701207047E2
S31501016DC8012802D0831F58425841704710B504461D
S31501016DD886B0002118226846EAF74EDC6946A068A2
S31501016DE800F043FB38B96846BDF8024000F080FE61
S31501016DF8204606B010BD0024FAE78068F7F7D6BE2B
S31501016E0837B504460D461046694601AAF7F7BAFD94
S31501016E1828B9DDE9002329462046FEF7A0FA03B081
S31501016E2830BD10B5A8B00446FFF7B3FF072820D136
S31501016E38A468002118226846EAF71EDC694620463D
S31501016E4800F013FB18B10024204628B010BDBDF887
S31501016E580000BDF8021000F44F43B3F5824F18BF85
S31501016E680020C0B201F07FFA0446684600F040FEF0
S31501016E78EAE7A0222146684601F0DAFE6846FFF7ED
S31501016E8888FF0238022802D8019B1C78DCE7002317
S31501016E981B78FFDE10B586B00446FFF77AFF07288F
S31501016EA81BD1A468002118226846EAF7E5DB694681
S31501016EB8204600F0DAFA90B9BDF80040684600F0BC
S31501016EC817FE04F44F43B3F5824F0AD044F2010386
S31501016ED824F44050C31A5842584106B010BD002047
S31501016EE8FBE70220F9E72DE9F04F002787B0804635
S31501016EF80E46CDE904772AB96FF06B04204607B02F
S31501016F08BDE8F08F0A440392024603A8F7F7DAFFB0
S31501016F18041EF3DB039B9A1B002AEDDD5A1E651C31
S31501016F28039231462A4603F8017C03A8FEF78DF937
S31501016F38B0F1000A52DB0322314603A8FEF7A9F98B
S31501016F48B0F100094CDB4046FFF7A4FF83464046F2
S31501016F58FFF7A0FF022836D14046FFF762FF00F08E
S31501016F68FB03092B024627D104AA05A9FFF74EFE01
S31501016F7804460028C2D10746049B33B3DDE904322E
S31501016F88CDE90074314603A8FEF7F8F9041EB5DB0D
S31501016F9855444D4425442A46314603A8FEF755F979
S31501016FA8041EABDB3022314603A8FEF772F900282D
S31501016FB812DB25444419A1E7314603A8FFF720FF4F
S31501016FC8041E9BDB27460124D6E7584604AA05A9D0
S31501016FD8F7F7C4FC0028D1D004468FE754468DE75C
S31501016FE84C468BE710B5044608B1F7F7A5FF2046CD
S31501016FF8BDE81040FDF7ACBC00F4E040B0F5805F98
S3150101700804D0A0F5005358425841704701207047F2
S315010170183AB1002918BF00232121D21A1844EAF7E7
S315010170282B9B70472DE9F743DDE90A89CDE90089EB
S3150101703804460D4616461F46FCF78FFB10F1860FCF
S3150101704815D13B46324629462046CDE90089FDF749
S3150101705826F810F1860F0AD13B46324629462046C3
S31501017068CDE90A8903B0BDE8F04300F08DBF03B04D
S31501017078BDE8F083434213F07F0314D05F2BC3F1BC
S31501017088000000F3AC8010F10E0F29DA10F13B0F65
S3150101709880F2D38010F13D0F7BDA10F1400F08BF62
S315010170A86FF093002BE010F56E5F00F0E18000F3BD
S315010170B8938010F59C4F76D05DDC10F5C44F00F036
S315010170C8CB8031DC10F5C74F00F0C9803FDB10F5E5
S315010170D8C64F68D010F5C54F39D16FF08600704794
S315010170E8012300F10E02934040F215521342F4D1E5
S315010170F800283FD010F1080F08BF6FF0890018BFAB
S315010171086FF083007047012300F16C02934041F24D
S3150101711850521342E1D1DB0700F1B08010F16A0F39
S3150101712808BF6FF08C00EAE710F5A24FD5D011DC44
S3150101713810F5C14F1CD006DC10F5C34F00F0958040
S3150101714810F5C24FC8E710F5A34F00F08E806FF016
S315010171588300704710F59E4F00F0908005DC10F50D
S31501017168A14F05D010F59F4FB6E710F59D4FEED10A
S315010171786FF08500704710F5785F73D01EDC10F546
S31501017188994FAAD008DC10F59B4F6ED010F59A4F8E
S31501017198DDD16FF09300704710F57E5F65D005DC90
S315010171A810F5984FD3D16FF09400704720F0800005
S315010171B810F57C5F08BF6FF08600A0E710F5705FD8
S315010171C856D0C4DC10F5725FD2D0C0DC10F5765FFB
S315010171D883D010F5745F7FE710F15F0F29DA10F19B
S315010171E86C0F90DA10F1700F45D010F16F0F1ADAA2
S315010171F810F5645FD7D00DDC10F5685FB8D006DCF1
S3150101720810F56C5F3FF469AF10F56A5FAFE710F5EA
S31501017218665FACE710F5625F30D010F1720F08BFF7
S315010172286FF085006BE710F16E0F08BF6FF09600DE
S3150101723865E700287FF727AF89E710F1200F97D077
S3150101724810F11F0F05DA10F1220F91D010F1210F5C
S31501017258B0E710F1100F63E76FF0950070476FF013
S31501017268960070476FF0910070476FF08C00704778
S315010172786FF0840070476FF0920070476FF08900D4
S31501017288704741F2052398421AD8B0F5905F09D2A1
S3150101729841F2010398420CD0B0F5885F09D06FF02D
S315010172A8850070472923A0F5905080B2C340DB07BA
S315010172B8F5D511F0070F0CBF00206FF08600704756
S315010172C8B0F5105FEBD121F04003802B06D0B1F563
S315010172D8807F0CBF00206FF0860070470020704741
S315010172E870B5046A05460E463CB90120FDF74EFB09
S315010172F8286228B120466E6270BD6FF08A00FBE7ED
S315010173086FF08C00F8E7F8B50F46114606461546A3
S31501017318FFF7E6FF044620B92A463946306A01F0E5
S3150101732887FC2046F8BD2DE9F14F0C9E8346DDE920
S315010173380A9A88461F4615460488002A39D02046E6
S31501017348FFF75AFEE8B133680BB9D300336020461B
S315010173583168FFF796FF044678B90731B5EBD10FC6
S3150101736821D14D4522D82A464146384601F060FCCD
S3150101737833680733DB08CAF80030204601B0BDE897
S31501017388F08F630415D504F44F44B4F5824F10D137
S315010173983B465846CDE90BA6CDF8289001B0BDE884
S315010173A8F04F00F047BD6FF08604E6E76FF08904F8
S315010173B8E3E76FF08504E0E72DE9F04F456885B00D
S315010173C82D0A0446DDE90E67894692469B46DDF894
S315010173D8408006D0012D18D06FF0860005B0BDE8B2
S315010173E8F08FCDE901780096FCF781FC10F1860F43
S315010173F8F4D15B46524649462046CDE90F780E96A9
S3150101740805B0BDE8F04FFFF78EBFCDE90F780E96AF
S3150101741805B0BDE8F04FFCF796BB10B50446006A06
S3150101742810B1616AFFF7DEFD0020C4E9080010BD4D
S3150101743838B50546FFF7F1FF2B7E0446012B0ED021
S31501017448023B012B0ED8EB69012B18BF6FF096048D
S31501017458282200212846EAF70FD9204638BDEB69CB
S31501017468002BF2E76FF09604F2E773B50546084675
S315010174780C4600F03DFB002328461A4601A9F7F7F9
S3150101748841FF50B9019E35460FCD0FC495E803005A
S3150101749884E803003046F8F773FC02B070BD2DE9A4
S315010174A8F04704888C46DDE9087804F4E04EBEF518
S315010174B8804F15461E4644F2010E24F440591AD14D
S315010174C8F14507D004F44F44B4F5824F02D0B4F51F
S315010174D8844F20D1BD421BD861462A46304601F068
S315010174E8A7FB00217A1B7019EAF7C6D80020C8F84C
S315010174F80050BDE8F087F1450DD004F44F44B4F5C9
S31501017508824F08D1CDE90878BDE8F04700F0C0BC43
S315010175186FF08900EDE76FF08500EAE7F0B50F46F0
S315010175281E46154685B00AB3002303A91A463360D8
S31501017538F7F7E8FE044638B9039803885B0406D4CD
S31501017548F8F71EFC6FF08604204605B0F0BDCDE9BB
S3150101755800563B46D0E9081200F097FB044603980A
S31501017568F8F70EFC002C08BF0446EDE76FF0890415
S31501017578EAE72DE9F0411F46002388B0054688460A
S315010175881646CDE9043307923B60002A5ED0B2F173
S31501017598005F5ED205AA04A9F7F754FF0446A0B90C
S315010175A8049B1A6AAAB1049B41465A88284606923F
S315010175B806AA029203F1240201925A6A00921B6AEF
S315010175C83246FFF7F9FE0446E8B10498F7F79CFF3E
S315010175D832E06B681B0A07D107990498FFF780FE09
S315010175E804460028DFD0F0E7012B03D007926FF09C
S315010175F88604EAE7284607A9079600F07DFA0446B4
S315010176080028E9D0E1E70498069B4288C2B943807C
S315010176184FF6F872934216D82B8813B102889A420B
S31501017628E5D16B8813B142889A42E0D13946F7F719
S31501017638D7FE04460028C8D1204608B0BDE8F08126
S315010176489A42D4D1E4E76FF08504BEE76FF0860468
S31501017658F2E76FF08504EFE770B40024DDE903650D
S315010176682C6000F0FE44B4F1007F04D1CDE9036535
S3150101767870BCFFF7D7BC6FF0860070BC70472DE967
S31501017688F04F456889B02D0A0446DDE91267DDE93F
S3150101769814899B46CDE90612DDF858A006D0012DBD
S315010176A81CD06FF0860009B0BDE8F08FCDE9039AC9
S315010176B8CDE901780096FCF7EEFC10F1860FF2D1BF
S315010176C8DDE906125B462046CDE9159ACDE913781F
S315010176D8129609B0BDE8F04FF7F776BFCDE9159ACD
S315010176E8CDE91378129609B0BDE8F04FFCF7CDBC88
S315010176F82DE9F04F8B46994600238BB0DDF85C8066
S315010177080446DDE915A711465846C8F8003016465C
S31501017718F7F7B8FD00285AD1002F6AD0BBF1000F3F
S315010177282046334614BF4FF480624FF4805209A9AB
S31501017738F7F7E8FD044600283CD1099D2B8803F497
S31501017748E043B3F5E04F51D1D5E90812BBF1000F7A
S3150101775840D06B681B0A0DD0012B1FD0149B2846FC
S31501017768CDE90093CDE903783346CDF808A0F7F7BB
S3150101777855FF1EE0149B2846CDE90093CDE9037810
S315010177883346CDF808A0CDE90612FCF782FC10F1C3
S31501017798860F04460ED1DDE90612DFE7149B28465A
S315010177A8CDE90093CDE903783346CDF808A0FCF776
S315010177B86AFC04463A4621465046D8F80030FFF796
S315010177C827FC0998F8F7DCFA002C18BF20460BB0FC
S315010177D8BDE8F08F149B2846CDE90093CDE90378DE
S315010177E83346CDF808A0FFF74AFFE2E76FF08604B2
S315010177F8E0E76FF08900EAE71FB5089C0394079C47
S315010178080294069CCDE9003413460A460121FFF785
S315010178186FFF04B010BD1FB5089C0394079C029421
S31501017828069CCDE9003413460A460021FFF760FF9D
S3150101783804B010BD2DE9F04F456887B02D0A0446FD
S31501017848DDE91067DDE9128992469B46059106D065
S31501017858012D1AD06FF0860007B0BDE8F08FCDE98A
S315010178680289CDE90067FCF718FC10F1860FF3D1FF
S315010178785B46524620460599CDE91289CDE910673D
S3150101788807B0BDE8F04FF7F715BFCDE91289CDE984
S31501017898106707B0BDE8F04FFCF7F9BBF0B507462D
S315010178A887B000200C4615461E46F7F7EBFCD0B902
S315010178B823464FF40052384605A9F7F723FD90B937
S315010178C80D9B059803930C9B0095CDE9016323460E
S315010178D8D0E90812FFF7AEFF04460598F8F750FA02
S315010178E8002C18BF204607B0F0BD036819430CBF29
S315010178F8012000207047F7F7A9BC70B50588044631
S31501017908DDE9046228460699FFF776FB28B1304678
S31501017918BDE870401146F7F799BC25F0FF05B5F5A5
S31501017928E24F06D10B4620463146BDE87040F8F7CD
S3150101793805B86FF0850070BD2DE9F04F1F4600238C
S3150101794889B09046129ACDE90533136043880546F5
S315010179580E46002B00F0C980038803F4E043B3F512
S31501017968804F00F0C28039463046FFF7BEFF002836
S3150101797800F0BB80284606AA05A9F7F763FD8146EB
S3150101798800287FD1059A6C68126A82B16B68059CD9
S315010179981B0AD4F820A054F824BF77D0012B00F094
S315010179A89D806FF086090598FFF737FD6AE0240A7D
S315010179B861D1B5F800A069885046FFF71DFB80B172
S315010179C85046FFF75EFC814600285BD10AF4E04385
S315010179D8B3F5805F02D0B3F5005F0AD10731CC0850
S315010179E817E02AF0FF03B3F5E24F37D06FF08509A7
S315010179F848E00AF44F43B3F5844FEFD047F2010348
S31501017A089A450FD149080131C90801EBC10101F1B3
S31501017A183B04079407990598FFF762FC81460028FC
S31501017A28B4D02FE044F201039A4503D1C90801F103
S31501017A381004EEE747F202039A4505D1C90801EB9D
S31501017A48410101F15A04E4E744F202039A4505D1D9
S31501017A58C90801EB410101F14A04DAE72AF0FF00FD
S31501017A68B0F5E24FBAD0B0F5824F01BFCC1DE4089B
S31501017A7864000134CDE7284607A900F03DF881469F
S31501017A880028C7D00598F7F73FFD23E02B885B044B
S31501017A980BD43B46424631462846CDE901B4CDF8D9
S31501017AA800A0FFF72AFF814609E023465A465146B7
S31501017AB82846FCF7F7F810F1860F8146E9D00598B3
S31501017AC8B9F1000F7FF46FAF1299F7F789FC814677
S31501017AD80028D7D1484609B0BDE8F08F23465A4652
S31501017AE851462846FCF72BF8DDE76FF08609F1E7E1
S31501017AF818220021E9F7C09D426870B5120A058866
S31501017B08438806D0012A56D000236FF086000B6000
S31501017B1822E005F4E042B2F5805F02D0B2F5005FDA
S31501017B2805D10733DB0840D16FF0850014E005F470
S31501017B384F42B2F5844F03D10733DB080AD1F3E784
S31501017B4847F20102954208D15B080133DB0803EBD1
S31501017B58C3033B3300200B6070BD44F20102954219
S31501017B6802D1DB081033F5E747F20202954204D147
S31501017B78DB0803EB43035A33ECE744F2020295426D
S31501017B8804D1DB0803EB43034A33E3E725F0FF0599
S31501017B98B5F5E24FD0D0B5F5824FC5D10733DB082C
S31501017BA85B000133012BD5D1BEE725F0FF05B5F5FC
S31501017BB8824FCFD1F6E705F4E046DC1DB6F5805FC5
S31501017BC825F0FF024FEAD40002D0B6F5005F06D1CF
S31501017BD800284AD0B2F5824F07D1034640E005F4A1
S31501017BE84F46B6F5844F02D190B3C31C32E047F232
S31501017BF80106B5420DD15B080133DB0803EBC3036B
S31501017C083B330333800723F0030335D1072C23D1F3
S31501017C1832E044F20106B54202D1DB081033F0E73E
S31501017C2847F20206B54204D1DB0803EB43035A3393
S31501017C38E7E744F20206B54204D1DB0803EB430345
S31501017C484A33DEE7B2F5E24FCED0B2F5824F05D01F
S31501017C580B68033323F003032C337BE7430001331A
S31501017C68012B00D10B68013BCBE7B2F5824F0B68BB
S31501017C7806D0033323F00303B2F5824FECD102E0B8
S31501017C88023323F003030433E6E72DE9F347456895
S31501017C980446DDE90A672D0A884691469A4606D0C1
S31501017CA8012D16D06FF0860002B0BDE8F087CDE947
S31501017CB80067FCF70AF810F1860FF5D153464A46D3
S31501017CC841462046CDE90A6702B0BDE8F047FFF70C
S31501017CD8E6BBCDE90A6702B0BDE8F047FBF731BF5C
S31501017CE82DE9F84300F4E049B9F5804F05460C46FC
S31501017CF890461F4612D100F44F43B3F5824F02D184
S31501017D08C3B2412B0AD0FB0705D57B0844B1E21D55
S31501017D18B3EBD20F05D06FF0860562E03B46F5E776
S31501017D28DC0080210120FCF731FE064600287ED0C1
S31501017D38FEF77DFE05F44F43B3F5824F07D1E8B24D
S31501017D48302859D00DD8122815D017285CD06FF0D4
S31501017D5886043046FEF7ADFE3046FCF7F9FD2546A9
S31501017D683FE04128F3D1B4F5807F52D0B4F5E07FE5
S31501017D780ED0FF2C0BE040F209239C4208D036D8DD
S31501017D88B4F5807F04D02FD824F02003C02BDED18F
S31501017D98214600F0E8FA0146002843D03046F6F7B5
S31501017DA855FDFFF767F9054600283ED1B9F5804F1C
S31501017DB831D106F168093B46424649463046F6F74E
S31501017DC817FAFFF757F904460028C2D14946304642
S31501017DD8F6F754FAFFF74EF904460028B9D1089B7C
S31501017DE81E602846BDE8F883B4F5C07FCFE7B4F530
S31501017DF8047FACD11C46CBE724F08003B3F5807F21
S31501017E08C6D0B4F5007FC2E7C02CC1D0B4F5807FD6
S31501017E18BDE7FF24BCE73B46424631463078F6F7D3
S31501017E28C5FCD7E76FF0850493E7044691E76FF040
S31501017E388C05D6E77FB51E460023039303AB009352
S31501017E48054613460A4641880088FFF749FF044655
S31501017E58A0B92888039900F44F42B2F5824F0B6CF9
S31501017E6803D1C2B2412A08BF01330A9A1360099B99
S31501017E7832460093089BF7F71DFD0446039D2846E4
S31501017E88FEF717FE2846FCF763FD204604B070BDD0
S31501017E987FB51E460023039303AB0093054613469C
S31501017EA80A4641880088FFF71BFF0446D0B928888E
S31501017EB8039D00F44F43B3F5824F099B0CBFC0B232
S31501017EC84FF482403246294608BF40F48240009366
S31501017ED8089BF7F7EFFC04462846FEF7EAFD284614
S31501017EE8FCF736FD204604B070BD036870B505463A
S31501017EF80E46002B45D101F17E43053B062B32D8AF
S31501017F08DFE803F0043131131C222B00041D20463E
S31501017F18FBF7C6FB2046F4F731FC044668BB2E6025
S31501017F282046BDE87040FFF7A5B8041D2046FBF7BA
S31501017F38B3FB01212046F4F7EFFBEEE7041D2046CA
S31501017F48FBF7AAFB0021F5E7041D2046FBF7A0FB79
S31501017F5801212046F4F7AEFBDFE7041D2046FBF7B6
S31501017F6897FB0021F5E701F0FE46B6F1007F14BF44
S31501017F786FF086006FF0850070BD2846F7F71AFD88
S31501017F88CEE76FF08800F7E72DE9F0430446B9B06B
S31501017F980E46DDE940890021174601A8DC221D4666
S31501017FA8E9F76ADB2146C9F8008001A8FFF79DFFB9
S31501017FB8044630B101A8F7F7FDFC204639B0BDE802
S31501017FC8F0833A46314601A8F7F71AFD0446002817
S31501017FD8F0D14B464246294601A8F7F735FD044635
S31501017FE801A8F7F7E7FC002C08BF0446E5E7037E7D
S31501017FF8022B06D1C3695A1C03D00133C361002080
S3150101800870476FF09600704703466FF04042084685
S31501018018591E914207D338B103F1404393428CBFAC
S3150101802800200120704701207047034668B1017E8F
S315010180388A1E012A0BD80329C26903D1012A01D152
S31501018048FFF7F6B91AB1013ADA61002070476FF004
S315010180589600704700207047C0B2FF280CBF6FF029
S3150101806886000020704737B50C4601A90546F7F782
S315010180780BFE30B90198256003B0BDE83040F7F72A
S315010180887FBE10F1880F4FF0000308BF6FF08B0018
S31501018098236003B030BD07B500216A46FBF732FB01
S315010180A88C3018BF012003B05DF804FB13B500211C
S315010180B86A460446FBF726FB8C3002D1002002B042
S315010180C810BD00212046F4F739FE014610B16FF0C3
S315010180D89800F4E76A462046FBF714FB8C30EDD08D
S315010180E8F5E72DE9FF4107461446884600293FD0A1
S315010180F8002A3DD0B2F5005F3DD202F12406314690
S315010181080120FCF743FC0546C0B303463A4621461E
S315010181184046F7F789FE7F6900243846FFF7BBFF1A
S3150101812801281FD021462B46324638460094F4F7DA
S3150101813835FD0146C8B9384602AAFBF7E3FA0446F2
S3150101814820B9029B9E4205D06FF09804384600215A
S31501018158F4F7F4FD31462846FEF744FF204604B0FC
S31501018168BDE8F0816FF08A04F4E76FF09804F1E74E
S315010181786FF08604F2E76FF08D04EFE76FF08C0478
S31501018188ECE7FEF72FBF2DE9F047D0F814A086B02A
S315010181988146884617465046002104AAFBF7B2FADA
S315010181A8044610BB049E01203146FCF7EFFB054648
S315010181B8002837D02146504604AA0394FBF7A2FAB0
S315010181C8044670B903AB02462146CDE90053504630
S315010181D83346F4F757FD039B04469E4209D06FF0D7
S315010181E8980431462846FEF7FDFE204606B0BDE84D
S315010181F8F0870028F5D13B46424631462846CDF857
S315010182080090F7F72FFE04460028EAD1D8F8003086
S315010182182BB13B68002B08BF6FF09104E1E76FF0C2
S315010182289104DEE76FF08C04DFE773B50C46164659
S3150101823802783AB19A1BA2420BDA6FF06B0528460E
S3150101824802B070BD013C00F10100F1D16FF0670583
S31501018258F5E71B1B224601461846019300F0E8FC87
S3150101826890F90020002A08DA821B002AE5DD421E60
S3150101827801920022013400F8012C2246314601A857
S31501018288FCF7E3FF051EDADB0222314601A8FDF7F9
S3150101829800F8002802DB25440544D0E70546CEE768
S315010182A82DE9F341064617461D460090014402236E
S315010182B8684601AAFCF749FF18B9019B23B96FF072
S315010182C8670002B0BDE8F081009A92F900001178C1
S315010182D80028F4DB71B1DDF80480A845EFD8009CCC
S315010182E8A5EB0800214642463844444400F0A0FC67
S315010182F8A01BE6E7511C013B00910193002BEAD033
S315010183085378002BE7D1DAE710F1860F13D010F174
S31501018318850F0BDA20F0020393330FD010F1970F73
S315010183280CBF6FF06D004FF0FF307047003818BF72
S315010183380120404270476FF0710070476FF06F007E
S31501018348704730B40024944201D130BC184731F941
S315010183582450854201D00134F5E701EB8401B1F9D5
S31501018368020030BC7047122805D1B1F5807F0CBFD8
S3150101837803200020704700207047084608B51146BA
S31501018388FFF7B9FA002818BF6FF03B0008BDF0B531
S3150101839893B0189C0730C6081C44B2EB460F0F462A
S315010183A81D4601943DD1B0F5847F3DD2324602A8DE
S315010183B800F03EFC3246B9190AA800F039FC2346F9
S315010183C82A4631460AA8FFF730FF041E26DB019B20
S315010183D82A461B1B314602A80193FFF726FF2746AA
S315010183E8041E1BDB019B27441B1B3A46294601A890
S315010183F80193FCF72AFF041E10DB3022294601A846
S31501018408FCF747FF002812DB3C4404442246284670
S31501018418019900F00FFD199B1C600024204613B039
S31501018428F0BD6FF06704F9E76FF06B04F6E70446F0
S31501018438F4E72DE9F04393B0994607301A9BC5082D
S31501018448B3EB450F0E46904600914FEA450737D3E0
S31501018458402F35D83023684601AA4144FCF775FEF9
S31501018468044648BB01463A4602A8E9F705D9DDE9BA
S3150101847800012B4602AAFFF713FF031E23DB00980F
S31501018488019902AA1844C91A2A442B460090019156
S31501018498FFF706FF051E18DB009B019A2B44009383
S315010184A89B1B521B4345019211D13A46484602A9E3
S315010184B800F0BEFB1B9B1F60204613B0BDE8F0838D
S315010184C86FF06B04F8E71C46F6E72C46F4E76FF004
S315010184D86504F1E76FF01B007047704703463038B2
S315010184E8C2B2092A0FD9A3F16102052A02D8A3F159
S315010184F857007047A3F14102052A02D8A3F13700B3
S3150101850870474FF0FF30704710B504460078FFF702
S31501018518E5FF01466078FFF7E1FF4A1C04D0431CD9
S315010185280CBF014640EA0111084610BD2DE9F34782
S3150101853806460F4690464FF00009B8F1000F14D1CF
S315010185484A4639463046FCF780FE041E09DB3022CD
S3150101855839463046FCF79DFE00284BDBA14400EB6A
S315010185680904204602B0BDE8F087D8F81030D8E9E9
S3150101857801A5009339463046D8F81430D8F80C20AD
S31501018588FCF738FF041EECDB2A46534639463046CA
S31501018598FCF7E5FE051E2BDB25442A4639463046FE
S315010185A8FCF753FEB0F1000A20DB3022394630468A
S315010185B8FCF76FFE041ED4DBAA44A244524639468F
S315010185C83046FCF742FE051E12DB3122394630469A
S315010185D8FCF75FFE041EC4DB05EB0A032344002BEB
S315010185E81C46BEDBD8F818809944A6E75446B8E775
S315010185F82C46B6E70446B4E72DE9F74F0646006867
S315010186080F468842904699460D9C05D26FF06B0537
S31501018618284603B0BDE8F08F431AA342F6D3001BDF
S3150101862822460C99306000F003FB3368DA1B002AF5
S31501018638ECDD4FF0000B5A1E0134326039462246F1
S31501018648304603F801BCFCF700FE051EE0DB0322F8
S3150101865839463046FCF71DFEB0F1000A12DB9DF8DA
S3150101866838304246043B18BF01233946CDE900B3E8
S3150101867830464B46FCF782FE002805DB2C44544460
S315010186880519C5E75546C3E70546C1E72DE9F84F7B
S315010186980746884616464FF000091EB94C4620463C
S315010186A8BDE8F88FD6E9043241463846013B013225
S315010186B8FCF73CFE041EF2DB326941463846013AB3
S315010186C8FCF7C3FDB0F1000A48DB042241463846EE
S315010186D8FCF7DFFD051E3DDB7369A2441B78554492
S315010186E83BB1012241463846FCF76BFE041ED6DB37
S315010186F825444146D6E901323846FCF717FEB0F161
S31501018708000B29DB414638467268FCF79EFDB0F13C
S31501018718000A23DB062241463846FCF7BAFD041E48
S31501018728BDDB5D44554425442A4641463846FCF796
S315010187388CFDB0F1000A11DB302241463846FCF7BF
S31501018748A8FD041EABDBAA4414EB0A04A7D4B66937
S31501018758A144A2E72C46A2E75C46A0E754469EE758
S3150101876810220021E8F7889F10B5044660B104304C
S31501018778FCF747FD04F10C00FCF743FD2046BDE873
S3150101878810401021F6F7D8BB10BD01727047016080
S3150101879870470430F7F700BC0369C26893429CBF6E
S315010187A881685B18013B981A70472DE9F041D0E9B8
S315010187B802840546A8EB04064068964220440F4602
S315010187C8144404D900F034FAEC60BDE8F08132466C
S315010187D8A4EB080400F02CFA22466868B919F1E7F6
S315010187E82DE9F8430646894617464FF00008C5683C
S315010187F83369B4689D4228BF1B19641BBC4228BF53
S315010188083C46013B5B1B9C4228BF1C467068494696
S315010188182844224600F00CFAB3682544AB4208BF46
S3150101882800253F1BA044A144F560E1D14046BDE8BE
S31501018838F88310B50B46EFF311844FF0200181F34C
S3150101884811881946F7F768FE84F3118810BD10B52A
S31501018858EFF77EF90446F8F77DFF2046EFF788F929
S31501018868FBE77047002070477047704770477047AC
S315010188787047704708B5F0F747FFFBF7EBFDF0F7CF
S3150101888839FFBDE80840F2F731BF7047E8F7449F61
S3150101889808B5F1F709F8F1F79BF8BDE80840F9F7CA
S315010188A878BC08B5F9F773FCF3F78EFFF6F780FF85
S315010188B8F3F704F9F4F790FFFBF711FDF4F720FE3E
S315010188C8BDE80840F7F73ABF7047704708B5FCF7A6
S315010188D8B5FAF7F717FFFCF7DEFA00B908BDFCF799
S315010188E8ACFAF8E70B4601461846F8F7AFBAFCF7B2
S315010188F8BDB99368013B002B936010B408DA9469FA
S31501018908A34201DB0A2903D15DF8044B00F01AB829
S315010189181368581C1060084619705DF8044B7047B6
S31501018928F8B506460F461446D518AC4201D10020C2
S3150101893807E03A4614F8011B3046FFF7DAFF431CF4
S31501018948F3D1F8BDF8B50E461446054618B1036AC2
S315010189580BB9F8F715FBA369A360A3891A0701D512
S31501018968236943B921462846F8F7DEF818B14FF0CD
S31501018978FF373846F8BD2368F6B222693746981A91
S315010189886369834205DC2146284600F01BF9002864
S31501018998EDD1A368013BA36023685A1C22601E70AE
S315010189A8431C62699A4204D0A389DB07E1D50A2EE1
S315010189B8DFD12146284600F005F90028D9D0D6E7A6
S315010189C8C9B20346184613F8012B12B18A42F9D1E5
S315010189D87047002918BF002070472DE9F047164650
S315010189E898468A6807460B690C46DDF8209093423A
S315010189F8B8BF1346336091F843200AB10133336096
S31501018A082368990642BF336802333360256815F036
S31501018A18060506D104F1190AE36832689B1AAB42C5
S31501018A282BDC94F843302268003B18BF01239206D8
S31501018A3830D404F1430241463846C847013023D0B0
S31501018A4823681A3454F80A2C03F00603042B0ABFC7
S31501018A5854F80E5C002533684FF0000608BFED1A7D
S31501018A6854F8123C08BF25EAE5759342C4BF9B1A1F
S31501018A78ED18B5421AD1002008E0012352464146B4
S31501018A883846C847013003D14FF0FF30BDE8F087BA
S31501018A980135C1E7E1185A1C30200233224481F815
S31501018AA8430094F8451082F84310C2E70123224690
S31501018AB841463846C8470130E6D00136D9E7B1F90A
S31501018AC80C202DE9F041170705460C4656D44B688B
S31501018AD8002B02DC0B6C002B3DDDE66A002E3AD039
S31501018AE8002312F480522F68216A2B6025D0626D0A
S31501018AF8A389580705D56368D21A636B0BB1236C31
S31501018B08D21A216A0023E66A2846B047411C24D0B5
S31501018B180023636023692360A389DA0400D56065AC
S31501018B28616B2F60B9B104F14403994202D0284619
S31501018B38FCF7AFF8002363630DE001232846B0472C
S31501018B48461C0246D4D12B68002BD1D01D2B01D04E
S31501018B58162B2AD12F6000202EE02A68B4F90C3091
S31501018B6842B11D2A01D0162A21D100236360236946
S31501018B782360D5E7626022692260CEE70F69002F7B
S31501018B88E9D093070E680F600CBF4B690023A6EB6A
S31501018B9807088B60B8F1000FDDDD43463A46216AC5
S31501018BA82846A66AB047002808DCB4F90C3043F018
S31501018BB840034FF0FF30A381BDE8F0810744A8EBDC
S31501018BC80008E7E738B50B6905460C4613B90025D0
S31501018BD8284638BD18B1036A0BB9F8F7D1F9B4F9C2
S31501018BE80C30002BF3D0626ED00704D4990502D458
S31501018BF8A06D00F03AF928462146FFF760FF636E3A
S31501018C080546DA07E4D4A3899B05E1D4A06D00F0F2
S31501018C182DF9DDE7C9B20346024410B59342184658
S31501018C2801D1002003E0047801338C42F6D110BD4D
S31501018C380A44431E914200D1704710B511F8014B00
S31501018C48914203F8014FF9D110BD062008B5F8F78D
S31501018C581BFB0120F9F7A9FA10B56AB10139841884
S31501018C6810F8012B11F8013F9A4203D1A04201D014
S31501018C78002AF5D1D01A10BD1046FCE70139034681
S31501018C8810B532B111F8014F013A03F8014B002C25
S31501018C98F7D11A440021934200D110BD03F8011BF3
S31501018CA8F9E770B50D461446064618B1036A0BB9BC
S31501018CB8F8F766F9636ED90705D4A3899A0502D42B
S31501018CC8A06D00F0D2F8A3891B0701D5236973BBEF
S31501018CD821463046F7F728FF48B3636EDA0702D40F
S31501018CE8A3899B0529D54FF0FF3013E0A368013B02
S31501018CF8002BA3600FDB23685A1C2260197015F833
S31501018D08011F0029F2D1636ED80702D4A3899905F7
S31501018D180FD5002070BDA269934201DB0A29EAD168
S31501018D2822463046FFF70EFE0130E8D1D5E7013D6F
S31501018D38E5E7A06D00F09AF8EBE7A06D00F096F86B
S31501018D48D1E7034613F8012B002AFBD1181A01387A
S31501018D58704710B50C46B1F90E10F8F7D1FA00288B
S31501018D68ABBF636DA3891B1823F48053ACBF63653D
S31501018D78A38110BD2DE9F0411F468B8905460C4695
S31501018D88DB05164605D502230022B1F90E10F8F7BF
S31501018D98A5FAA3893246B4F90E10284623F480535D
S31501018DA8A3813B46BDE8F041F8F750B910B50C4629
S31501018DB8B1F90E10F8F792FA431CA38915BF60653C
S31501018DC823F4805343F48053A38118BFA38110BDB3
S31501018DD8B1F90E10F8F748BA2DE9F843074688465E
S31501018DE814460026D4E90195B9F1010905D5246886
S31501018DF8002CF7D13046BDE8F883AB89012B07D999
S31501018E08B5F90E30013303D029463846C047064322
S31501018E186835E9E70139024410B5904201D10020CC
S31501018E2805E0037811F8014FA34201D0181B10BDC3
S31501018E380130F2E7884210B501EB020402D98442F6
S31501018E48234607D8431EA14208D011F8012B03F87E
S31501018E58012FF8E7024401468A4200D110BD13F8F1
S31501018E68014D02F8014DF7E770477047704770B534
S31501018E780C46B1F90E1096B0154600291E460CDAB4
S31501018E88A389002113F0800F14BF40234FF4806397
S31501018E98002031602B6016B070BD6A46F8F7FCF9FF
S31501018EA80028EDDB019901F47041A1F500535942FE
S31501018EB859414FF48063EBE78B89F7B59D07064660
S31501018EC80C4607D504F14703236023610123636136
S31501018ED803B0F0BD01AB6A46FFF7C9FF009F05461E
S31501018EE830463946FBF7D2FE48B9B4F90C309A0532
S31501018EF8EED423F0030343F00203A381E2E7A38936
S31501018F08206043F08003A381019BC4E904075BB197
S31501018F18B4F90E103046F8F7D1F928B1A38923F02F
S31501018F28030343F00103A381A3891D43A581CFE768
S31501018F382DE9F0471F468E6882460C46BE42904689
S31501018F480B682DD8B1F90C2012F4906F26D06569FA
S31501018F58096905EB4505A3EB01097B1C05EBD575EC
S31501018F684B446D109D4238BF1D46530527D52946E9
S31501018F78FBF78CFE064660B34A462169FFF758FEA0
S31501018F88A38923F4906343F08003A38126614E44A8
S31501018F986561A5EB090526603E46A560BE4200D975
S31501018FA83E46324641462068FFF744FFA368002042
S31501018FB89B1BA360236833442360BDE8F0872A46D7
S31501018FC8FBF76AFE06460028E0D121695046FBF700
S31501018FD860FE0C234FF0FF30CAF80030A38943F035
S31501018FE84003A381E9E71F2938B505460C4604D98B
S31501018FF8162303604FF0FF3038BDC26B12B152F828
S3150101900821304BB9284600F016F822460146284672
S31501019018BDE83840F8F786B9012B0AD0591C03D1A6
S31501019028162303600120E7E70021204642F82410B0
S3150101903898470020E0E7F9F7BBB8000000000000F7
S315010190480000000000000000000000000000000010
S315010190580000000000000000F8B500BFF8BC08BC1C
S315010190689E467047F8B500BFF8BC08BC9E467047D6
S315010190784D61747465722044657669636500434E72
S315010190883D25732C20312E332E362E312E342E3199
S315010190982E33373234342E322E313D253034582C85
S315010190A820312E332E362E312E342E312E333732B0
S315010190B834342E322E323D25303458000102040053
S315010190C80000000000000000BB170101531901014E
S315010190D8DD7E00010000000000000000B917010152
S315010190E81B190101F97B0001AF170101297D000156
S315010190F8797C00016D7D0001BD17010100000000A9
S3150101910800000000B717010129190101AB17010177
S31501019118AF170101297D0001797C0001817E0001DA
S315010191280B1801010000000000000000B51701013C
S31501019138371901010F190101AF170101297D000134
S31501019148797C0001FD7D00010B1801010000000079
S3150101915800000000B317010145190101AB1701010F
S31501019168AF170101297D0001797C0001E97D000123
S315010191780B180101252E3473252E3273252E3273D0
S3150101918800496E76616C6964206D616E756661630D
S31501019198747572696E6720646174653A2025730076
S315010191A875574677717567444E476945636B2F70E5
S315010191B86F374B4877774D7777715A674E31305804
S315010191C8757942616A504775797A5545562F69729B
S315010191D86565346C4F72616F354775776E6C5136BB
S315010191E835434A7A62655542343973333145482BD9
S315010191F84E456B67304A5649354D474351474D4DA3
S31501019208542F535250464E524F446D3377482F4D82
S315010192184269656875466336464A2F4E4836526D28
S315010192287A773D3D0055314242533055795543428E
S315010192384C5A586B675532467364413D3D00256466
S31501019248003030303030303030000000000000008E
S31501019258000000004F1B0101FF1B0101B51A0101A5
S31501019268DD1A0101611B0101FF1A010115810001C5
S31501019278251C01014B1B01014B1B01010583000142
S3150101928819860001C98A0001ED8A0001198B0001BD
S315010192983D8B0001698B00018D8B0001B18B0001AA
S315010192A8D58B0001F98B0001218C00018181000117
S315010192B8611C01018D820001B18C0001158D00012E
S315010192C8211E010185850001198500012D1E010156
S315010192D8658D00017D8D0001958D0001F58D0001DA
S315010192E8118F0001631E0101E98E0001A58C0001A0
S315010192F8191E0101FCFFFFFF00000000511B0101BE
S315010193080D1C0101C11D0101B91D0101D11D01017A
S31501019318C91D0101E91D0101E11D0101D91D010155
S31501019328B11D0101EF1B0101B31C0101F11D010170
S31501019338F91D0101F71B01019B1A01019F1A01017F
S31501019348A31A0101A71A0101AF1A01010581000139
S31501019358F4FFFFFF000000005D1B0101131C010161
S31501019368091E0101011E0101111E0101C31C010191
S31501019378BB1C0101251E01011D1E0101F0FFFFFF95
S3150101938800000000591B0101191C01013B1E0101C5
S31501019398331E01014B1E0101431E0101531E010129
S315010193A8ECFFFFFF00000000551B01011F1C010115
S315010193B86B1E01015B1E0101671E01010400040008
S315010193C82D002D0000112233445566778899AABBD1
S315010193D8CCDDEEFF00000000000000009D1D01012B
S315010193E89F1D0101ED89000171890001951D010189
S315010193F8951D0101951D0101951D0101991D010189
S31501019408991D0101BD8900018989000125732C2056
S31501019418616464723A3078253036782B2530337594
S315010194282C2073697A653A257500544553545F565C
S31501019438455253494F4E0076616C7565203C3D2076
S315010194486B4D61784469736372696D696E61746F95
S315010194587256616C75650025733A25642066616CDF
S3150101946873653A20256C780047657443657274699A
S315010194786669636174696F6E4465636C617261746F
S31501019488696F6E0047657450726F647563744174D0
S31501019498746573746174696F6E496E7465726D650D
S315010194A864696174654365727400476574446576D8
S315010194B86963654174746573746174696F6E436533
S315010194C87274005369676E5769746844657669638E
S315010194D8654174746573746174696F6E4B65792C32
S315010194E8206B69643A25752C206D73675F73697AF8
S315010194F8653A25752C207369675F73697A653A251B
S31501019508752C206572723A307825303278002D0033
S315010195180000494E0000424C45004D4C0000534D98
S315010195280000454D0000544C560041534E0043522C
S31501019538000043544C00414C00005343000042448F
S315010195485800444D47004443000044440000454344
S315010195584800465000004E50000053440000535045
S315010195680000535755004653000054530000484222
S31501019578000043534C0045564C0053505400544F78
S315010195884F005A434C0053480000444C00005350C5
S315010195984C005356520044495300494D0000545357
S315010195A854004F53530041544D0043534D00494311
S315010195B84400465300005041460043414D004A4686
S315010195C8000041424F52543A20636869703A3A5051
S315010195D86C6174666F726D3A3A2573282920636145
S315010195E86C6C6564206265666F7265206368697073
S315010195F83A3A506C6174666F726D3A3A4D656D6FA0
S315010196087279496E697428290A0041424F52543ABE
S3150101961820636869703A3A506C6174666F726D3A83
S315010196283A4D656D6F7279496E69742829206361AE
S315010196386C6C65642074776963652E0A004D656DE6
S315010196486F7279416C6C6F63004D656D6F72794606
S31501019658726565004661696C656420746F20696D80
S31501019668706F72742061206B6579206572726F72F1
S315010196783A256C640A0000000000000000000000A1
S3150101968800000000000000000000000000000000CA
S3150101969800000000000000000000000000000000BA
S315010196A800000000000000000000000000000000AA
S315010196B8000000000000000000000000000000009A
S315010196C8000000000000000000000000000000008A
S315010196D859920001192101011D21010121210101CE
S315010196E83B210101359200014B210101252101018E
S315010196F8272101012B2101012F2101019592000148
S31501019708A9920001E19200013321010135210101EB
S3150101971837210101392101014F2101014D92000131
S315010197287D92000113B779FAC925DDB7ADF3CFE00B
S31501019738F1B614B80102000000000000FFFFFFFFA7
S3150101974810000000010000000000000000000000F8
S3150101975800000000000000000000000000000000F9
S3150101976800000000000000000000000000000000E9
S315010197780000000009B70001212B01016DB70001A5
S31501019788B9B700010B2C01019D2B01017B2B0101AD
S31501019798432B0101CF2B0101A12B0101452B01010D
S315010197A82C00000002020203000000C1059ED83602
S315010197B87CD5073070DD17F70E5939FFC00B3168B3
S315010197C858151164F98FA7BEFA4FA4006A09E6670D
S315010197D8BB67AE853C6EF372A54FF53A510E527FC2
S315010197E89B05688C1F83D9AB5BE0CD1900CBBB9D6B
S315010197F85DC1059ED8629A292A367CD507915901F8
S315010198085A3070DD17152FECD8F70E5939673326FB
S3150101981867FFC00B318EB44A8768581511DB0C2EC8
S315010198280D64F98FA747B5481DBEFA4FA4006A0909
S31501019838E667F3BCC908BB67AE8584CAA73B3C6E1C
S31501019848F372FE94F82BA54FF53A5F1D36F1510EC9
S31501019858527FADE682D19B05688C2B3E6C1F1F8317
S31501019868D9ABFB41BD6B5BE0CD19137E21790014A0
S315010198781C20304067452301EFCDAB8998BADCFE40
S3150101988810325476C3D2E1F0000000000000000056
S315010198980000000000000000000000008D92929275
S315010198A88C928BFFFFFFFF00000000FFFFFFFFFF08
S315010198B8FFFFFFBCE6FAADA7179E84F3B9CAC2FC3E
S315010198C8632551005F00000002000000140000003A
S315010198D81A00000072747400549D01010000000011
S315010198E80000000000000000000000000010000058
S315010198F83700000000000000000000000000000120
S31501019908FFFFFFFFFFFFFFFFFFFFFFFFFFFFFFFF57
S31501019918FFFFFFFFFFFFFFFFFFFFFFFF0000000241
S31501019928FFFFFFFFFFFFFFFFFFFFFFFFFFFFFFFF37
S31501019938FFFFFFFFFFFFFFFFFFFFFFFF000000041F
S3150101994801000000060000007C99010100000000E9
S315010199582507800009D6000120000000100000003B
S3150101996810000000200000000000000001000000B6
S315010199780000000011000000110800001128000074
S315010199880000000041000000010000000100000084
S315010199980100000000000000DC990101CC990101D8
S315010199A8D500800000000000000000000000000052
S315010199B81000000000000000010000001000000076
S315010199C80100000000000000000000000000000086
S315010199D800000000160000001610000036300000D5
S315010199E8000000004600000006000000C600000055
S315010199F820060000000200000004000040000000EB
S31501019A088000000040000000900000002DD60001F2
S31501019A1810060000000200000004000030000000EA
S31501019A288000000040000000900000002DD60001D2
S31501019A3808060000000200000004000020000000E2
S31501019A484000000020000000480000002DD600015A
S31501019A580406000000020000000400001C000000CA
S31501019A684000000020000000480000002DD600013A
S31501019A7802060000000200000004000014000000B4
S31501019A884000000014000000480000002DD6000126
S31501019A981300000063000000A3000000030000009A
S31501019AA849444C4500546D725100546D72205376E8
S31501019AB8630073656370323536723100030017002E
S31501019AC800010000BA9A010100000000000000002F
S31501019AD800000000512563FCC2CAB9F3849E17A789
S31501019AE8ADFAE6BCFFFFFFFFFFFFFFFF0000000025
S31501019AF8FFFFFFFFF551BF376840B6CBCE5E316B2D
S31501019B085733CE2B169E0F7C4AEBE78E9B7F1AFEA7
S31501019B18E242E34F96C298D84539A1F4A033EB2D19
S31501019B28817D0377F240A463E5E6BCF847422CE15F
S31501019B38F2D1176B4B60D2273E3CCE3BF6B053CCE4
S31501019B48B0061D65BC86987655BDEBB3E7933AAA6F
S31501019B58D835C65AFFFFFFFFFFFFFFFFFFFFFFFFD4
S31501019B6800000000000000000000000001000000E4
S31501019B78FFFFFFFF01000000A89B01010000000093
S31501019B8800000000A59B0101A29B01019F9B010108
S31501019B989C9B01010B40800A3080092040081C402A
S31501019BA80514402A864886F70D020700686D616328
S31501019BB85348413100484D41432D5348412D310008
S31501019BC82A864886F70D020800686D616353484184
S31501019BD832323400484D41432D5348412D323234F6
S31501019BE8002A864886F70D020900686D61635348A4
S31501019BF84132353600484D41432D5348412D3235C1
S31501019C0836002A864886F70D020A00686D61635394
S31501019C18484133383400484D41432D5348412D338A
S31501019C283834002A864886F70D020B00686D616390
S31501019C3853484135313200484D41432D5348412D51
S31501019C48353132002B0E03021A0069642D736861DE
S31501019C5831006086480165030402040069642D73B5
S31501019C6868613232340060864801650304020100E5
S31501019C7869642D736861323536006086480165036A
S31501019C880402020069642D73686133383400608601
S31501019C98480165030402030069642D73686135315E
S31501019CA832002B0E030207006465734342430044E5
S31501019CB845532D434243002A864886F70D0307007B
S31501019CC86465732D656465332D6362630044455389
S31501019CD82D454445332D43424300608648016503BA
S31501019CE8040102006165733132382D6362630041F3
S31501019CF845533132382D4342430060864801650395
S31501019D08040116006165733139322D6362630041BD
S31501019D1845533139322D4342430060864801650373
S31501019D2804012A006165733235362D636263004188
S31501019D3845533235362D434243002A8648CE3D03E3
S31501019D480107002A864886F70D0101010072736130
S31501019D58456E6372797074696F6E00525341002AB8
S31501019D688648CE3D02010069642D65635075626CB2
S31501019D7869634B65790047656E6572696320454379
S31501019D88206B6579002B8104010C0069642D6563DB
S31501019D984448004543206B657920666F7220454327
S31501019DA84448002A8648CE3D04010065636473610F
S31501019DB82D776974682D5348413100454344534110
S31501019DC820776974682053484131002A8648CE3D77
S31501019DD80403010065636473612D776974682D5302
S31501019DE84841323234004543445341207769746806
S31501019DF820534841323234002A8648CE3D040302B3
S31501019E080065636473612D776974682D534841321E
S31501019E1835360045434453412077697468205348D0
S31501019E2841323536002A8648CE3D0403030065636F
S31501019E386473612D776974682D5348413338340049
S31501019E48454344534120776974682053484133385F
S31501019E5834002A8648CE3D040304006563647361B0
S31501019E682D776974682D534841353132004543448C
S31501019E78534120776974682053484135313200616D
S31501019E886E79506F6C69637900416E7920506F6CF8
S31501019E98696379002B060105050703010069642D2C
S31501019EA86B702D7365727665724175746800544CD1
S31501019EB85320576562205365727665722041757420
S31501019EC868656E7469636174696F6E002B060105B5
S31501019ED8050703020069642D6B702D636C69656E54
S31501019EE8744175746800544C532057656220436C5C
S31501019EF869656E742041757468656E746963617408
S31501019F08696F6E002B060105050703030069642DB8
S31501019F186B702D636F64655369676E696E6700437C
S31501019F286F6465205369676E696E67002B060105C3
S31501019F38050703040069642D6B702D656D61696CF4
S31501019F4850726F74656374696F6E00452D6D616931
S31501019F586C2050726F74656374696F6E002B06010C
S31501019F6805050703080069642D6B702D74696D6514
S31501019F785374616D70696E670054696D6520537418
S31501019F88616D70696E67002B0601050507030900F6
S31501019F9869642D6B702D4F4353505369676E696E12
S31501019FA867004F435350205369676E696E67002BEB
S31501019FB80601040182E425010069642D6B702D7780
S31501019FC86973756E2D66616E2D64657669636500C3
S31501019FD857692D53554E20416C6C69616E63652035
S31501019FE84669656C642041726561204E6574776FB7
S31501019FF8726B202846414E2900551D130069642DAF
S3150101A00863652D6261736963436F6E737472616906
S3150101A0186E747300426173696320436F6E73747260
S3150101A02861696E747300551D0F0069642D63652D91
S3150101A0386B6579557361676500551D250069642D41
S3150101A04863652D6578744B65795573616765004557
S3150101A0587874656E646564204B657920557361670B
S3150101A0686500551D110069642D63652D7375626A55
S3150101A078656374416C744E616D65005375626A65F9
S3150101A088637420416C74204E616D650060864801D8
S3150101A09886F84201010069642D6E65747363617006
S3150101A0A8652D6365727474797065004E65747363A1
S3150101A0B861706520436572746966696361746520B7
S3150101A0C85479706500551D200069642D63652D63FA
S3150101A0D865727469666963617465506F6C696369F0
S3150101A0E865730043657274696669636174652050B5
S3150101A0F86F6C696369657300551D0E0069642D638B
S3150101A108652D7375626A6563744B65794964656E14
S3150101A118746966696572005375626A656374204B71
S3150101A1286579204964656E74696669657200551DAC
S3150101A138230069642D63652D617574686F7269748D
S3150101A148794B65794964656E746966696572004119
S3150101A1587574686F72697479204B657920496465EC
S3150101A1686E746966696572005504030069642D6137
S3150101A178742D636F6D6D6F6E4E616D6500436F6D05
S3150101A1886D6F6E204E616D6500434E0055040600E4
S3150101A19869642D61742D636F756E7472794E616D83
S3150101A1A86500436F756E7472790055040700696419
S3150101A1B82D61742D6C6F63616C697479004C6F63E1
S3150101A1C8616C697479005504080069642D61742DFF
S3150101A1D87374617465005374617465005354005551
S3150101A1E8040A0069642D61742D6F7267616E697A5B
S3150101A1F86174696F6E4E616D65004F7267616E6953
S3150101A2087A6174696F6E004F0055040B0069642DFC
S3150101A21861742D6F7267616E697A6174696F6E61B6
S3150101A2286C556E69744E616D65004F726720556E86
S3150101A2386974004F55002A864886F70D0109010000
S3150101A248656D61696C4164647265737300452D6D51
S3150101A25861696C2061646472657373005504050054
S3150101A26869642D61742D73657269616C4E756D62D0
S3150101A27865720053657269616C206E756D626572EE
S3150101A288005504100069642D61742D706F73746132
S3150101A2986C4164647265737300506F7374616C20E9
S3150101A2A861646472657373005504110069642D61F3
S3150101A2B8742D706F7374616C436F646500506F73AD
S3150101A2C874616C20636F6465005504040069642D2B
S3150101A2D861742D7375724E616D65005375726E6188
S3150101A2E86D6500534E0055042A0069642D61742D6C
S3150101A2F8676976656E4E616D6500476976656E209B
S3150101A3086E616D6500474E0055042B0069642D6128
S3150101A318742D696E697469616C7300496E69746932
S3150101A328616C730055042C0069642D61742D676590
S3150101A3386E65726174696F6E5175616C696669657D
S3150101A348720047656E65726174696F6E2071756118
S3150101A3586C69666965720055040C0069642D61743E
S3150101A3682D7469746C65005469746C650055042E05
S3150101A3780069642D61742D646E5175616C69666934
S3150101A38865720044697374696E6775697368656492
S3150101A398204E616D65207175616C6966696572002A
S3150101A3A85504410069642D61742D70736575646F77
S3150101A3B86E796D0050736575646F6E796D000992DA
S3150101A3C8268993F22C6401010069642D756964007B
S3150101A3D855736572204964000992268993F22C64A2
S3150101A3E801190069642D646F6D61696E436F6D7042
S3150101A3F86F6E656E7400446F6D61696E20636F6D72
S3150101A408706F6E656E740044430055042D006964CE
S3150101A4182D61742D756E697175654964656E746909
S3150101A4286669657200556E69717565204964656E5F
S3150101A4387469666965720000429D010108000000A0
S3150101A448BA9A0101BA9A010103000000000000004D
S3150101A45800000000000000000000000000000000EC
S3150101A4684B9D010109000000559D0101639D0101F3
S3150101A47801000000679D0101070000006F9D0101B0
S3150101A4887E9D0101020000008D9D0101050000006C
S3150101A498939D01019B9D010103000000000000003D
S3150101A4A8000000000000000000000000000000009C
S3150101A4B8AB9D010107000000B39D0101C39D010187
S3150101A4C805040000D39D010108000000DC9D01017E
S3150101A4D8EE9D010108040000009E0101080000002B
S3150101A4E8099E01011B9E0101090400002D9E01011E
S3150101A4F808000000369E0101489E01010A04000078
S3150101A5085A9E010108000000639E0101759E010121
S3150101A5180B0400000000000000000000000000001C
S3150101A52800000000000000004F706171756500456B
S3150101A538434453410045435F4448004543000000F5
S3150101A5480700000030A50101D56D0101C96D0101A1
S3150101A55800000000ADEB0001000000000000000052
S3150101A56800000000000000000000000000000000DB
S3150101A5780700000030A50101D56D0101B96D010181
S3150101A58829ED0001036E0101000000000000000031
S3150101A598A5ED000100000000000000000000000018
S3150101A5A800000000505341004B45590000000000CE
S3150101A5B87BFF80B079FF80B078FF80B176FF00B16B
S3150101A5C86CFF00B36BFF00B2202C3D2B3C3E233BB5
S3150101A5D8225C00520073746174654F7250726F7612
S3150101A5E8696E63654E616D650000000091A1010107
S3150101A5F80200000070A101010C0000007AA101010D
S3150101A6080A00000070A101010C000000209D010152
S3150101A6180100000094A10101130000009EA101019E
S3150101A6280B00000094A10101130000000FA2010112
S3150101A63801000000E7A101010C000000F1A10101DF
S3150101A64810000000E7A101010C00000047A8010163
S3150101A65801000000B2A101010C000000BCA1010129
S3150101A66808000000B2A101010C000000DBA50101EF
S3150101A678010000003EA20101160000003BA20101F2
S3150101A6880200000011A201010C0000001BA2010138
S3150101A6981600000011A201010C000000E4A101014C
S3150101A6A802000000CEA101010C000000DDA5010197
S3150101A6B813000000CEA101010C00000048A201010E
S3150101A6C80C0000003EA20101160000006EA2010164
S3150101A6D80C00000064A201011300000093A201010C
S3150101A6E80D00000089A2010113000000BAA20101AF
S3150101A6F80A000000B0A20101130000007FA30101B5
S3150101A7080B00000075A301011300000069A30101F3
S3150101A718050000005FA301010C000000DBA2010195
S3150101A72807000000D1A201010C000000EBA2010102
S3150101A73802000000D1A201010C000000F8A20101EA
S3150101A74809000000EEA201010C0000000DA30101A0
S3150101A75802000000EEA201010C0000001AA301018A
S3150101A7680800000010A301010C000000B2A30101B9
S3150101A77809000000A8A301010C00000036A301018C
S3150101A788130000002CA301010C000000EEA3010136
S3150101A7980F000000E0A30101160000000FA401014A
S3150101A7A802000000E0A301011600000000000000FC
S3150101A7B80000000000000000050000002A86488606
S3150101A7C8F70D01090E002D2D2D2D2D454E44204342
S3150101A7D845525449464943415445205245515545E7
S3150101A7E853542D2D2D2D2D0A002D2D2D2D2D42455F
S3150101A7F847494E2043455254494649434154452008
S3150101A808524551554553542D2D2D2D2D0A0054656B
S3150101A818726D696E616C00000000000000545452AB
S3150101A828205245474745530050726F766973696FE0
S3150101A8386E205461736B00232D302B2000686C4CFC
S3150101A8480065666745464700303132333435363758
S3150101A858383941424344454600303132333435367D
S3150101A868373839616263646566000020202020203B
S3150101A87820202020282828282820202020202020A0
S3150101A8882020202020202020202020881010101090
S3150101A89810101010101010101010100404040404E4
S3150101A8A80404040404101010101010104141414110
S3150101A8B841410101010101010101010101010101F8
S3150101A8C8010101010101101010101010424242420A
S3150101A8D842420202020202020202020202020202C8
S3150101A8E802020202020210101010200000000000EC
S3150101A8F80000000000000000000000000000000048
S3150101A9080000000000000000000000000000000037
S3150101A9180000000000000000000000000000000027
S3150101A9280000000000000000000000000000000017
S3150101A9380000000000000000000000000000000007
S3150101A94800000000000000000000000000000000F7
S3150101A95800000000000000000000000000000000E7
S3110101A968000000000000000000000000DB
S30D0101A9741C6A7E7F010000004F
S3110101A97C88A901012C7B0020ED020000DE
S3150101A988000000005C92010104930101000000002E
S3150101A998609301018C930101B0930101000000004C
S3150101A9A80000000000000000000000000000000097
S3150101A9B80000000000020000000000000000000085
S3150101A9C80000000000000000000000000000000077
S3150101A9D80000000000000000000000000000000067
S3150101A9E80000000000000000000000000000000057
S3150101A9F80000000000000000000000000000000047
S3150101AA080000000000000000000000000000000036
S3150101AA180000000000000000000000000000000026
S3150101AA280000000000000000000000000000000016
S3150101AA380000000000000000E4930101000000008D
S3150101AA48D09001010100000080D5430280D1F008B0
S3150101AA5880D543020080000000F049020C7C0020E9
S3150101AA6800801A0100A00000C03F0020C8000000B4
S3150101AA78FE000000000000008C9701017C9701018E
S3150101AA8802000000A83B0020000005004C7C0020C4
S3150101AA98DC9801010100000009D500014C7C002068
S3150101AAA800000000DB44010100000000C54401016A
S3150101AAB81100000000000000000000410000000034
S3150101AAC8010000000040004100000000AAAAAAAA4C
S3150101AAD83700000081168000DD840101DD84010152
S3150101AAE8E3840101E3840101387C00209C7C002078
S3150101AAF8000000001858002080580020E85800205E
S3150101AB080000000000000000000000000000000035
S3150101AB180000000000000000000000000000000025
S3150101AB280000000000000000000000000000000015
S3150101AB380000000000000000000000000000000005
S3150101AB480300000018580020040C00000000000250
S3150101AB58FF000000714C0101A5770001617B00012D
S3150101AB68D9800001219300017D77000100000000D1
S3150101AB7800000000000000000000000000000000C5
S3150101AB8800000000000000000000000000000000B5
S3150101AB9800000000000000000000000000000000A5
S3150101ABA80000000000000000000000000000000095
S3150101ABB80000000000000000000000000000000085
S3150101ABC80000000000000000000000000000000075
S3150101ABD80000000000000000000000000000000065
S3150101ABE80000000000000000000000000000000055
S3150101ABF80000000000000000000000000000000045
S3150101AC080000000000000000000000000000000034
S3150101AC180000000000000000000000000000000024
S3150101AC280000000000000000000000000000000014
S3150101AC380000000000000000000000000000000004
S3150101AC4800000000000000000000000000000000F4
S3150101AC5800000000000000000000000000000000E4
S3150101AC6800000000000000000000000000000000D4
S3150101AC7800000000000000000000000000000000C4
S3150101AC8800000000000000000000000000000000B4
S3150101AC9800000000000000000000000000000000A4
S3150101ACA80000000000000000000000000000000094
S3150101ACB80000000000000000000000000000000084
S3150101ACC80000000000000000000000000000000074
S3150101ACD80000000000000000000000000000000064
S3150101ACE80000000000000000000000000000000054
S3150101ACF80000000000000000000000000000000044
S3150101AD080000000000000000000000000000000033
S3150101AD180000000000000000000000000000000023
S3150101AD280000000000000000000000000000000013
S3150101AD380000000000000000000000000000000003
S3150101AD4800000000000000000000000000000000F3
S3150101AD5800000000000000000000000000000000E3
S3150101AD6800000000000000000000000000000000D3
S3150101AD7800000000000000000000000000000000C3
S3150101AD8800000000000000000000000000000000B3
S3150101AD9800000000000000000000000000000000A3
S3150101ADA80000000000000000000000000000000093
S3150101ADB80000000000000000000000000000000083
S3150101ADC80000000000000000000000000000000073
S3150101ADD80000000000000000000000000000000063
S3150101ADE80000000000000000000000000000000053
S3150101ADF80000000000000000000000000000000043
S3150101AE080000000000000000000000000000000032
S3150101AE180000000000000000000000000000000022
S3150101AE280000000000000000000000000000000012
S3150101AE380000000000000000000000000000000002
S3150101AE4800000000000000000000000000000000F2
S3150101AE5800000000000000000000000000000000E2
S3150101AE6800000000000000000000000000000000D2
S3150101AE7800000000000000000000000000000000C2
S3150101AE8800000000000000000000000000000000B2
S3150101AE9800000000000000000000000000000000A2
S3150101AEA80000000000000000000000000000000092
S3150101AEB80000000000000000000000000000000082
S3150101AEC80000000000000000000000000000000072
S3150101AED80000000000000000000000000000000062
S3150101AEE80000000000000000000000000000000052
S3150101AEF80000000000000000000000000000000042
S3150101AF080000000000000000000000000000000031
S3150101AF180000000000000000000000000000000021
S3150101AF280000000000000000000000000000000011
S3150101AF380000000000000000000000000000000001
S3150101AF4800000000000000000000000000000000F1
S3150101AF5800000000000000000000000000000000E1
S3150101AF6800000000000000000000000000000000D1
S3150101AF7800000000000000000000000000000000C1
S3150101AF8800000000000000000000000000000000B1
S3150101AF9800000000000000000000000000000000A1
S3150101AFA80000000000000000000000000000000091
S3150101AFB80000000000000000000000000000000081
S3150101AFC80000000000000000000000000000000071
S3150101AFD80000000000000000000000000000000061
S3150101AFE80000000000000000000000000000000051
S3150101AFF80000000000000000000000000000000041
S3150101B0080000000000000000000000000000000030
S3150101B0180000000000000000000000000000000020
S3150101B0280000000000000000000000000000000010
S3150101B0380000000000000000000000000000000000
S3150101B04800000000000000000000000000000000F0
S3150101B05800000000000000000000000000000000E0
S3150101B06800000000000000000000000000000000D0
S3150101B07800000000000000000000000000000000C0
S3150101B08800000000000000000000000000000000B0
S3150101B09800000000000000000000000000000000A0
S3150101B0A80000000000000000000000000000000090
S3150101B0B80000000000000000000000000000000080
S3150101B0C80000000000000000000000000000000070
S3150101B0D80000000000000000000000000000000060
S3150101B0E80000000000000000000000000000000050
S3150101B0F80000000000000000000000000000000040
S3150101B108000000000000000000000000000000002F
S3150101B118000000000000000000000000000000001F
S3150101B128000000000000000000000000000000000F
S3150101B13800000000000000000000000000000000FF
S3150101B14800000000000000000000000000000000EF
S3150101B15800000000000000000000000000000000DF
S3150101B16800000000000000000000000000000000CF
S3150101B17800000000000000000000000000000000BF
S3150101B18800000000000000000000000000000000AF
S3150101B198000000000000000000000000000000009F
S3150101B1A8000000000000000000000000000000008F
S3150101B1B8000000000000000000000000000000007F
S3150101B1C8000000000000000000000000000000006F
S3150101B1D8000000000000000000000000000000005F
S3150101B1E8000000000000000000000000000000004F
S3150101B1F8000000000000000000000000000000003F
S3150101B208000000000000000000000000000000002E
S3150101B218000000000000000000000000000000001E
S3150101B228000000000000000000000000000000000E
S3150101B23800000000000000000000000000000000FE
S3150101B24800000000000000000000000000000000EE
S3150101B25800000000000000000000000000000000DE
S3150101B26800000000000000000000000000000000CE
S3150101B27800000000000000000000000000000000BE
S3150101B28800000000000000000000000000000000AE
S3150101B298000000000000000000000000000000009E
S3150101B2A8000000000000000000000000000000008E
S3150101B2B8000000000000000000000000000000007E
S3150101B2C8000000000000000000000000000000006E
S3150101B2D8000000000000000000000000000000005E
S3150101B2E8000000000000000000000000000000004E
S3150101B2F8000000000000000000000000000000003E
S3150101B308000000000000000000000000000000002D
S3150101B318000000000000000000000000000000001D
S3150101B328000000000000000000000000000000000D
S3150101B33800000000000000000000000000000000FD
S3150101B34800000000000000000000000000000000ED
S3150101B35800000000000000000000000000000000DD
S3150101B36800000000000000000000000000000000CD
S3150101B37800000000000000000000000000000000BD
S3150101B38800000000000000000000000000000000AD
S3150101B398000000000000000000000000000000009D
S3150101B3A8000000000000000000000000000000008D
S3150101B3B8000000000000000000000000000000007D
S3150101B3C8000000000000000000000000000000006D
S3150101B3D8000000000000000000000000000000005D
S3150101B3E8000000000000000000000000000000004D
S3150101B3F8000000000000000000000000000000003D
S3150101B408000000000000000000000000000000002C
S3150101B418000000000000000000000000000000001C
S3150101B428000000000000000000000000000000000C
S3150101B43800000000000000000000000000000000FC
S3150101B44800000000000000000000000000000000EC
S3150101B45800000000000000000000000000000000DC
S3150101B46800000000000000000000000000000000CC
S3150101B47800000000000000000000000000000000BC
S3150101B48800000000000000000000000000000000AC
S3150101B498000000000000000000000000000000009C
S3150101B4A8000000000000000000000000000000008C
S3150101B4B8000000000000000000000000000000007C
S3150101B4C8000000000000000000000000000000006C
S3150101B4D8000000000000000000000000000000005C
S3150101B4E8000000000000000000000000000000004C
S3150101B4F8000000000000000000000000000000003C
S3150101B508000000000000000000000000000000002B
S3150101B518000000000000000000000000000000001B
S3150101B528000000000000000000000000000000000B
S3090101B5380000000007
S7050100975D05
