S01C00006275696C642F64656275672F67656E657261746F722E7333379C
S31501000000783900204D000011F9010011F9010011A4
S31501000010F9010011F9010011F9010011F9010011AD
S31501000020F9010011F9010011F9010011F90100119D
S31501000030F90100119C550201F9010011F9010011A4
S3150100004000000011000001010000010066485B4B41
S315010000507844D0F800C04668C3F808C0326882F315
S315010000608888574A574C96605A6A42F400225A6267
S31501000070554ADA60D3F88C2042F4406242F001021C
S31501000080C3F88C2000234FF0FF32214641F823208C
S315010000900133102BFAD14FF450424C4BFF219A6693
S315010000A001224B4B4B4CC3F89011C3F83021C4F8D5
S315010000B070118068B0F5003F7BD007D8B0F5004FCE
S315010000C00DD0B0F5803F09D0002208E0B0F5802FB1
S315010000D071D0B0F5002FF7D1052200E002224FF0D2
S315010000E0FF37C3F86422C3F8707233465C68012196
S315010000F04FF01009384EDFF8F4E0DFF8F4800A001B
S3150100010033461A600A0073461A601A6802EA010247
S31501000110002AFAD14FF41046304D2B4632461A606A
S3150100012006F1A2466FF48018DFF8C8E006F583569B
S3150100013033463A461A60734642461A60A6F54F663A
S3150100014033460A001A60264DF03E29462CF07F43BD
S31501000150B3FBF0F3202B05D9A3F120034FF0FF32B7
S315010001600A6008E04FF001029A406FEA02020A6053
S315010001704FF0FF33FFE701F10401B142EADD19490E
S315010001806408640002220B461A6000200021002246
S3150100019000230025002600275FF000085FF0000914
S315010001A05FF0000A5FF0000B5FF0000CBFF34F8FAA
S315010001B02447032293E7042291E700BF00ED00E004
S315010001C000ED02E080E300E00020FA0500508040E7
S315010001D00090005100A00051185083406860804093
S315010001E074920051D0ED00E0ECFFFFFF18D085407E
S315010001F014C0854064A00051FEE700000000000025
S3150100020000000000000000000000000000000000E7
S3150100021000000000000000000000000000000000D7
S3150100022000000000000000000000000000000000C7
S3150100023000000000000000000000000000000000B7
S3150100024000000000000000000000000000000000A7
S315010002500000000000000000000000000000000097
S315010002600000000000000000000000000000000087
S315010002700000000000000000000000000000000077
S315010002800000000000000000000000000000000067
S315010002900000000000000000000000000000000057
S315010002A00000000000000000000000000000000047
S315010002B00000000000000000000000000000000037
S315010002C00000000000000000000000000000000027
S315010002D00000000000000000000000000000000017
S315010002E00000000000000000000000000000000007
S315010002F000000000000000000000000000000000F7
S3150100030000000000000000000000000000000000E6
S3150100031000000000000000000000000000000000D6
S3150100032000000000000000000000000000000000C6
S3150100033000000000000000000000000000000000B6
S3150100034000000000000000000000000000000000A6
S315010003500000000000000000000000000000000096
S315010003600000000000000000000000000000000086
S315010003700000000000000000000000000000000076
S315010003800000000000000000000000000000000066
S315010003900000000000000000000000000000000056
S315010003A00000000000000000000000000000000046
S315010003B00000000000000000000000000000000036
S315010003C00000000000000000000000000000000026
S315010003D00000000000000000000000000000000016
S315010003E00000000000000000000000000000000006
S315010003F000000000000000000000000000000000F6
S3150100040000000000000000000000000000000000E5
S3150100041000000000000000000000000000000000D5
S3150100042000000000000000000000000000000000C5
S3150100043000000000000000000000000000000000B5
S3150100044000000000000000000000000000000000A5
S315010004500000000000000000000000000000000095
S315010004600000000000000000000000000000000085
S315010004700000000000000000000000000000000075
S315010004800000000000000000000000000000000065
S315010004900000000000000000000000000000000055
S315010004A00000000000000000000000000000000045
S315010004B00000000000000000000000000000000035
S315010004C00000000000000000000000000000000025
S315010004D00000000000000000000000000000000015
S315010004E00000000000000000000000000000000005
S315010004F000000000000000000000000000000000F5
S3150100050000000000000000000000000000000000E4
S3150100051000000000000000000000000000000000D4
S3150100052000000000000000000000000000000000C4
S3150100053000000000000000000000000000000000B4
S3150100054000000000000000000000000000000000A4
S315010005500000000000000000000000000000000094
S315010005600000000000000000000000000000000084
S315010005700000000000000000000000000000000074
S315010005800000000000000000000000000000000064
S315010005900000000000000000000000000000000054
S315010005A00000000000000000000000000000000044
S315010005B00000000000000000000000000000000034
S315010005C00000000000000000000000000000000024
S315010005D00000000000000000000000000000000014
S315010005E00000000000000000000000000000000004
S315010005F000000000000000000000000000000000F4
S3150100060000000000000000000000000000000000E3
S3150100061000000000000000000000000000000000D3
S3150100062000000000000000000000000000000000C3
S3150100063000000000000000000000000000000000B3
S3150100064000000000000000000000000000000000A3
S315010006500000000000000000000000000000000093
S315010006600000000000000000000000000000000083
S315010006700000000000000000000000000000000073
S315010006800000000000000000000000000000000063
S315010006900000000000000000000000000000000053
S315010006A00000000000000000000000000000000043
S315010006B00000000000000000000000000000000033
S315010006C00000000000000000000000000000000023
S315010006D00000000000000000000000000000000013
S315010006E00000000000000000000000000000000003
S315010006F000000000000000000000000000000000F3
S3150100070000000000000000000000000000000000E2
S3150100071000000000000000000000000000000000D2
S3150100072000000000000000000000000000000000C2
S3150100073000000000000000000000000000000000B2
S3150100074000000000000000000000000000000000A2
S315010007500000000000000000000000000000000092
S315010007600000000000000000000000000000000082
S315010007700000000000000000000000000000000072
S315010007800000000000000000000000000000000062
S315010007900000000000000000000000000000000052
S315010007A00000000000000000000000000000000042
S315010007B00000000000000000000000000000000032
S315010007C00000000000000000000000000000000022
S315010007D00000000000000000000000000000000012
S315010007E00000000000000000000000000000000002
S315010007F000000000000000000000000000000000F2
S3150100080000000000000000000000000000000000E1
S3150100081000000000000000000000000000000000D1
S3150100082000000000000000000000000000000000C1
S3150100083000000000000000000000000000000000B1
S3150100084000000000000000000000000000000000A1
S315010008500000000000000000000000000000000091
S315010008600000000000000000000000000000000081
S315010008700000000000000000000000000000000071
S315010008800000000000000000000000000000000061
S315010008900000000000000000000000000000000051
S315010008A00000000000000000000000000000000041
S315010008B00000000000000000000000000000000031
S315010008C00000000000000000000000000000000021
S315010008D00000000000000000000000000000000011
S315010008E00000000000000000000000000000000001
S315010008F000000000000000000000000000000000F1
S3150100090000000000000000000000000000000000E0
S3150100091000000000000000000000000000000000D0
S3150100092000000000000000000000000000000000C0
S3150100093000000000000000000000000000000000B0
S3150100094000000000000000000000000000000000A0
S315010009500000000000000000000000000000000090
S315010009600000000000000000000000000000000080
S315010009700000000000000000000000000000000070
S315010009800000000000000000000000000000000060
S315010009900000000000000000000000000000000050
S315010009A00000000000000000000000000000000040
S315010009B00000000000000000000000000000000030
S315010009C00000000000000000000000000000000020
S315010009D00000000000000000000000000000000010
S315010009E00000000000000000000000000000000000
S315010009F000000000000000000000000000000000F0
S31501000A0000000000000000000000000000000000DF
S31501000A1000000000000000000000000000000000CF
S31501000A2000000000000000000000000000000000BF
S31501000A3000000000000000000000000000000000AF
S31501000A40000000000000000000000000000000009F
S31501000A50000000000000000000000000000000008F
S31501000A60000000000000000000000000000000007F
S31501000A70000000000000000000000000000000006F
S31501000A80000000000000000000000000000000005F
S31501000A90000000000000000000000000000000004F
S31501000AA0000000000000000000000000000000003F
S31501000AB0000000000000000000000000000000002F
S31501000AC0000000000000000000000000000000001F
S31501000AD0000000000000000000000000000000000F
S31501000AE000000000000000000000000000000000FF
S31501000AF000000000000000000000000000000000EF
S31501000B0000000000000000000000000000000000DE
S31501000B1000000000000000000000000000000000CE
S31501000B2000000000000000000000000000000000BE
S31501000B3000000000000000000000000000000000AE
S31501000B40000000000000000000000000000000009E
S31501000B50000000000000000000000000000000008E
S31501000B60000000000000000000000000000000007E
S31501000B70000000000000000000000000000000006E
S31501000B80000000000000000000000000000000005E
S31501000B90000000000000000000000000000000004E
S31501000BA0000000000000000000000000000000003E
S31501000BB0000000000000000000000000000000002E
S31501000BC0000000000000000000000000000000001E
S31501000BD0000000000000000000000000000000000E
S31501000BE000000000000000000000000000000000FE
S31501000BF000000000000000000000000000000000EE
S31501000C0000000000000000000000000000000000DD
S31501000C1000000000000000000000000000000000CD
S31501000C2000000000000000000000000000000000BD
S31501000C3000000000000000000000000000000000AD
S31501000C40000000000000000000000000000000009D
S31501000C50000000000000000000000000000000008D
S31501000C60000000000000000000000000000000007D
S31501000C70000000000000000000000000000000006D
S31501000C80000000000000000000000000000000005D
S31501000C90000000000000000000000000000000004D
S31501000CA0000000000000000000000000000000003D
S31501000CB0000000000000000000000000000000002D
S31501000CC0000000000000000000000000000000001D
S31501000CD0000000000000000000000000000000000D
S31501000CE000000000000000000000000000000000FD
S31501000CF000000000000000000000000000000000ED
S31501000D0000000000000000000000000000000000DC
S31501000D1000000000000000000000000000000000CC
S31501000D2000000000000000000000000000000000BC
S31501000D3000000000000000000000000000000000AC
S31501000D40000000000000000000000000000000009C
S31501000D50000000000000000000000000000000008C
S31501000D60000000000000000000000000000000007C
S31501000D70000000000000000000000000000000006C
S31501000D80000000000000000000000000000000005C
S31501000D90000000000000000000000000000000004C
S31501000DA0000000000000000000000000000000003C
S31501000DB0000000000000000000000000000000002C
S31501000DC0000000000000000000000000000000001C
S31501000DD0000000000000000000000000000000000C
S31501000DE000000000000000000000000000000000FC
S31501000DF000000000000000000000000000000000EC
S31501000E0000000000000000000000000000000000DB
S31501000E1000000000000000000000000000000000CB
S31501000E2000000000000000000000000000000000BB
S31501000E3000000000000000000000000000000000AB
S31501000E40000000000000000000000000000000009B
S31501000E50000000000000000000000000000000008B
S31501000E60000000000000000000000000000000007B
S31501000E70000000000000000000000000000000006B
S31501000E80000000000000000000000000000000005B
S31501000E90000000000000000000000000000000004B
S31501000EA0000000000000000000000000000000003B
S31501000EB0000000000000000000000000000000002B
S31501000EC0000000000000000000000000000000001B
S31501000ED0000000000000000000000000000000000B
S31501000EE000000000000000000000000000000000FB
S31501000EF000000000000000000000000000000000EB
S31501000F0000000000000000000000000000000000DA
S31501000F1000000000000000000000000000000000CA
S31501000F2000000000000000000000000000000000BA
S31501000F3000000000000000000000000000000000AA
S31501000F40000000000000000000000000000000009A
S31501000F50000000000000000000000000000000008A
S31501000F60000000000000000000000000000000007A
S31501000F70000000000000000000000000000000006A
S31501000F80000000000000000000000000000000005A
S31501000F90000000000000000000000000000000004A
S31501000FA0000000000000000000000000000000003A
S31501000FB0000000000000000000000000000000002A
S31501000FC0000000000000000000000000000000001A
S31501000FD0000000000000000000000000000000000A
S31501000FE000000000000000000000000000000000FA
S31501000FF000000000000000000000000000000000EA
S3150100100000000000000000000000000000000000D9
S3150100101000000000000000000000000000000000C9
S3150100102000000000000000000000000000000000B9
S3150100103000000000000000000000000000000000A9
S315010010400000000000000000000000000000000099
S315010010500000000000000000000000000000000089
S315010010600000000000000000000000000000000079
S315010010700000000000000000000000000000000069
S315010010800000000000000000000000000000000059
S315010010900000000000000000000000000000000049
S315010010A00000000000000000000000000000000039
S315010010B00000000000000000000000000000000029
S315010010C00000000000000000000000000000000019
S315010010D00000000000000000000000000000000009
S315010010E000000000000000000000000000000000F9
S315010010F000000000000000000000000000000000E9
S3150100110000000000000000000000000000000000D8
S3150100111000000000000000000000000000000000C8
S3150100112000000000000000000000000000000000B8
S3150100113000000000000000000000000000000000A8
S315010011400000000000000000000000000000000098
S315010011500000000000000000000000000000000088
S315010011600000000000000000000000000000000078
S315010011700000000000000000000000000000000068
S315010011800000000000000000000000000000000058
S315010011900000000000000000000000000000000048
S315010011A00000000000000000000000000000000038
S315010011B00000000000000000000000000000000028
S315010011C00000000000000000000000000000000018
S315010011D00000000000000000000000000000000008
S315010011E000000000000000000000000000000000F8
S315010011F000000000000000000000000000000000E8
S3150100120000000000000000000000000000000000D7
S3150100121000000000000000000000000000000000C7
S3150100122000000000000000000000000000000000B7
S3150100123000000000000000000000000000000000A7
S315010012400000000000000000000000000000000097
S315010012500000000000000000000000000000000087
S315010012600000000000000000000000000000000077
S315010012700000000000000000000000000000000067
S315010012800000000000000000000000000000000057
S315010012900000000000000000000000000000000047
S315010012A00000000000000000000000000000000037
S315010012B00000000000000000000000000000000027
S315010012C00000000000000000000000000000000017
S315010012D00000000000000000000000000000000007
S315010012E000000000000000000000000000000000F7
S315010012F000000000000000000000000000000000E7
S3150100130000000000000000000000000000000000D6
S3150100131000000000000000000000000000000000C6
S3150100132000000000000000000000000000000000B6
S3150100133000000000000000000000000000000000A6
S315010013400000000000000000000000000000000096
S315010013500000000000000000000000000000000086
S315010013600000000000000000000000000000000076
S315010013700000000000000000000000000000000066
S315010013800000000000000000000000000000000056
S315010013900000000000000000000000000000000046
S315010013A00000000000000000000000000000000036
S315010013B00000000000000000000000000000000026
S315010013C00000000000000000000000000000000016
S315010013D00000000000000000000000000000000006
S315010013E000000000000000000000000000000000F6
S315010013F000000000000000000000000000000000E6
S3150100140000000000000000000000000000000000D5
S3150100141000000000000000000000000000000000C5
S3150100142000000000000000000000000000000000B5
S3150100143000000000000000000000000000000000A5
S315010014400000000000000000000000000000000095
S315010014500000000000000000000000000000000085
S315010014600000000000000000000000000000000075
S315010014700000000000000000000000000000000065
S315010014800000000000000000000000000000000055
S315010014900000000000000000000000000000000045
S315010014A00000000000000000000000000000000035
S315010014B00000000000000000000000000000000025
S315010014C00000000000000000000000000000000015
S315010014D00000000000000000000000000000000005
S315010014E000000000000000000000000000000000F5
S315010014F000000000000000000000000000000000E5
S3150100150000000000000000000000000000000000D4
S3150100151000000000000000000000000000000000C4
S3150100152000000000000000000000000000000000B4
S3150100153000000000000000000000000000000000A4
S315010015400000000000000000000000000000000094
S315010015500000000000000000000000000000000084
S315010015600000000000000000000000000000000074
S315010015700000000000000000000000000000000064
S315010015800000000000000000000000000000000054
S315010015900000000000000000000000000000000044
S315010015A00000000000000000000000000000000034
S315010015B00000000000000000000000000000000024
S315010015C00000000000000000000000000000000014
S315010015D00000000000000000000000000000000004
S315010015E000000000000000000000000000000000F4
S315010015F000000000000000000000000000000000E4
S3150100160000000000000000000000000000000000D3
S3150100161000000000000000000000000000000000C3
S3150100162000000000000000000000000000000000B3
S3150100163000000000000000000000000000000000A3
S315010016400000000000000000000000000000000093
S315010016500000000000000000000000000000000083
S315010016600000000000000000000000000000000073
S315010016700000000000000000000000000000000063
S315010016800000000000000000000000000000000053
S315010016900000000000000000000000000000000043
S315010016A00000000000000000000000000000000033
S315010016B00000000000000000000000000000000023
S315010016C00000000000000000000000000000000013
S315010016D00000000000000000000000000000000003
S315010016E000000000000000000000000000000000F3
S315010016F000000000000000000000000000000000E3
S3150100170000000000000000000000000000000000D2
S3150100171000000000000000000000000000000000C2
S3150100172000000000000000000000000000000000B2
S3150100173000000000000000000000000000000000A2
S315010017400000000000000000000000000000000092
S315010017500000000000000000000000000000000082
S315010017600000000000000000000000000000000072
S315010017700000000000000000000000000000000062
S315010017800000000000000000000000000000000052
S315010017900000000000000000000000000000000042
S315010017A00000000000000000000000000000000032
S315010017B00000000000000000000000000000000022
S315010017C00000000000000000000000000000000012
S315010017D00000000000000000000000000000000002
S315010017E000000000000000000000000000000000F2
S315010017F000000000000000000000000000000000E2
S3150100180000000000000000000000000000000000D1
S3150100181000000000000000000000000000000000C1
S3150100182000000000000000000000000000000000B1
S3150100183000000000000000000000000000000000A1
S315010018400000000000000000000000000000000091
S315010018500000000000000000000000000000000081
S315010018600000000000000000000000000000000071
S315010018700000000000000000000000000000000061
S315010018800000000000000000000000000000000051
S315010018900000000000000000000000000000000041
S315010018A00000000000000000000000000000000031
S315010018B00000000000000000000000000000000021
S315010018C00000000000000000000000000000000011
S315010018D00000000000000000000000000000000001
S315010018E000000000000000000000000000000000F1
S315010018F000000000000000000000000000000000E1
S3150100190000000000000000000000000000000000D0
S3150100191000000000000000000000000000000000C0
S3150100192000000000000000000000000000000000B0
S3150100193000000000000000000000000000000000A0
S315010019400000000000000000000000000000000090
S315010019500000000000000000000000000000000080
S315010019600000000000000000000000000000000070
S315010019700000000000000000000000000000000060
S315010019800000000000000000000000000000000050
S315010019900000000000000000000000000000000040
S315010019A00000000000000000000000000000000030
S315010019B00000000000000000000000000000000020
S315010019C00000000000000000000000000000000010
S315010019D00000000000000000000000000000000000
S315010019E000000000000000000000000000000000F0
S315010019F000000000000000000000000000000000E0
S31501001A0000000000000000000000000000000000CF
S31501001A1000000000000000000000000000000000BF
S31501001A2000000000000000000000000000000000AF
S31501001A30000000000000000000000000000000009F
S31501001A40000000000000000000000000000000008F
S31501001A50000000000000000000000000000000007F
S31501001A60000000000000000000000000000000006F
S31501001A70000000000000000000000000000000005F
S31501001A80000000000000000000000000000000004F
S31501001A90000000000000000000000000000000003F
S31501001AA0000000000000000000000000000000002F
S31501001AB0000000000000000000000000000000001F
S31501001AC0000000000000000000000000000000000F
S31501001AD000000000000000000000000000000000FF
S31501001AE000000000000000000000000000000000EF
S31501001AF000000000000000000000000000000000DF
S31501001B0000000000000000000000000000000000CE
S31501001B1000000000000000000000000000000000BE
S31501001B2000000000000000000000000000000000AE
S31501001B30000000000000000000000000000000009E
S31501001B40000000000000000000000000000000008E
S31501001B50000000000000000000000000000000007E
S31501001B60000000000000000000000000000000006E
S31501001B70000000000000000000000000000000005E
S31501001B80000000000000000000000000000000004E
S31501001B90000000000000000000000000000000003E
S31501001BA0000000000000000000000000000000002E
S31501001BB0000000000000000000000000000000001E
S31501001BC0000000000000000000000000000000000E
S31501001BD000000000000000000000000000000000FE
S31501001BE000000000000000000000000000000000EE
S31501001BF000000000000000000000000000000000DE
S31501001C0000000000000000000000000000000000CD
S31501001C1000000000000000000000000000000000BD
S31501001C2000000000000000000000000000000000AD
S31501001C30000000000000000000000000000000009D
S31501001C40000000000000000000000000000000008D
S31501001C50000000000000000000000000000000007D
S31501001C60000000000000000000000000000000006D
S31501001C70000000000000000000000000000000005D
S31501001C80000000000000000000000000000000004D
S31501001C90000000000000000000000000000000003D
S31501001CA0000000000000000000000000000000002D
S31501001CB0000000000000000000000000000000001D
S31501001CC0000000000000000000000000000000000D
S31501001CD000000000000000000000000000000000FD
S31501001CE000000000000000000000000000000000ED
S31501001CF000000000000000000000000000000000DD
S31501001D0000000000000000000000000000000000CC
S31501001D1000000000000000000000000000000000BC
S31501001D2000000000000000000000000000000000AC
S31501001D30000000000000000000000000000000009C
S31501001D40000000000000000000000000000000008C
S31501001D50000000000000000000000000000000007C
S31501001D60000000000000000000000000000000006C
S31501001D70000000000000000000000000000000005C
S31501001D80000000000000000000000000000000004C
S31501001D90000000000000000000000000000000003C
S31501001DA0000000000000000000000000000000002C
S31501001DB0000000000000000000000000000000001C
S31501001DC0000000000000000000000000000000000C
S31501001DD000000000000000000000000000000000FC
S31501001DE000000000000000000000000000000000EC
S31501001DF000000000000000000000000000000000DC
S31501001E0000000000000000000000000000000000CB
S31501001E1000000000000000000000000000000000BB
S31501001E2000000000000000000000000000000000AB
S31501001E30000000000000000000000000000000009B
S31501001E40000000000000000000000000000000008B
S31501001E50000000000000000000000000000000007B
S31501001E60000000000000000000000000000000006B
S31501001E70000000000000000000000000000000005B
S31501001E80000000000000000000000000000000004B
S31501001E90000000000000000000000000000000003B
S31501001EA0000000000000000000000000000000002B
S31501001EB0000000000000000000000000000000001B
S31501001EC0000000000000000000000000000000000B
S31501001ED000000000000000000000000000000000FB
S31501001EE000000000000000000000000000000000EB
S31501001EF000000000000000000000000000000000DB
S31501001F0000000000000000000000000000000000CA
S31501001F1000000000000000000000000000000000BA
S31501001F2000000000000000000000000000000000AA
S31501001F30000000000000000000000000000000009A
S31501001F40000000000000000000000000000000008A
S31501001F50000000000000000000000000000000007A
S31501001F60000000000000000000000000000000006A
S31501001F70000000000000000000000000000000005A
S31501001F80000000000000000000000000000000004A
S31501001F90000000000000000000000000000000003A
S31501001FA0000000000000000000000000000000002A
S31501001FB0000000000000000000000000000000001A
S31501001FC0000000000000000000000000000000000A
S31501001FD000000000000000000000000000000000FA
S31501001FE000000000000000000000000000000000EA
S31501001FF000000000000000000000000000000000DA
S3150100200000000000000000000000000000000000C9
S3150100201000000000000000000000000000000000B9
S3150100202000000000000000000000000000000000A9
S315010020300000000000000000000000000000000099
S315010020400000000000000000000000000000000089
S315010020500000000000000000000000000000000079
S315010020600000000000000000000000000000000069
S315010020700000000000000000000000000000000059
S315010020800000000000000000000000000000000049
S315010020900000000000000000000000000000000039
S315010020A00000000000000000000000000000000029
S315010020B00000000000000000000000000000000019
S315010020C00000000000000000000000000000000009
S315010020D000000000000000000000000000000000F9
S315010020E000000000000000000000000000000000E9
S315010020F000000000000000000000000000000000D9
S3150100210000000000000000000000000000000000C8
S3150100211000000000000000000000000000000000B8
S3150100212000000000000000000000000000000000A8
S315010021300000000000000000000000000000000098
S315010021400000000000000000000000000000000088
S315010021500000000000000000000000000000000078
S315010021600000000000000000000000000000000068
S315010021700000000000000000000000000000000058
S315010021800000000000000000000000000000000048
S315010021900000000000000000000000000000000038
S315010021A00000000000000000000000000000000028
S315010021B00000000000000000000000000000000018
S315010021C00000000000000000000000000000000008
S315010021D000000000000000000000000000000000F8
S315010021E000000000000000000000000000000000E8
S315010021F000000000000000000000000000000000D8
S3150100220000000000000000000000000000000000C7
S3150100221000000000000000000000000000000000B7
S3150100222000000000000000000000000000000000A7
S315010022300000000000000000000000000000000097
S315010022400000000000000000000000000000000087
S315010022500000000000000000000000000000000077
S315010022600000000000000000000000000000000067
S315010022700000000000000000000000000000000057
S315010022800000000000000000000000000000000047
S315010022900000000000000000000000000000000037
S315010022A00000000000000000000000000000000027
S315010022B00000000000000000000000000000000017
S315010022C00000000000000000000000000000000007
S315010022D000000000000000000000000000000000F7
S315010022E000000000000000000000000000000000E7
S315010022F000000000000000000000000000000000D7
S3150100230000000000000000000000000000000000C6
S3150100231000000000000000000000000000000000B6
S3150100232000000000000000000000000000000000A6
S315010023300000000000000000000000000000000096
S315010023400000000000000000000000000000000086
S315010023500000000000000000000000000000000076
S315010023600000000000000000000000000000000066
S315010023700000000000000000000000000000000056
S315010023800000000000000000000000000000000046
S315010023900000000000000000000000000000000036
S315010023A00000000000000000000000000000000026
S315010023B00000000000000000000000000000000016
S315010023C00000000000000000000000000000000006
S315010023D000000000000000000000000000000000F6
S315010023E000000000000000000000000000000000E6
S315010023F000000000000000000000000000000000D6
S3150100240000000000000000000000000000000000C5
S3150100241000000000000000000000000000000000B5
S3150100242000000000000000000000000000000000A5
S315010024300000000000000000000000000000000095
S315010024400000000000000000000000000000000085
S315010024500000000000000000000000000000000075
S315010024600000000000000000000000000000000065
S315010024700000000000000000000000000000000055
S315010024800000000000000000000000000000000045
S315010024900000000000000000000000000000000035
S315010024A00000000000000000000000000000000025
S315010024B00000000000000000000000000000000015
S315010024C00000000000000000000000000000000005
S315010024D000000000000000000000000000000000F5
S315010024E000000000000000000000000000000000E5
S315010024F000000000000000000000000000000000D5
S3150100250000000000000000000000000000000000C4
S3150100251000000000000000000000000000000000B4
S3150100252000000000000000000000000000000000A4
S315010025300000000000000000000000000000000094
S315010025400000000000000000000000000000000084
S315010025500000000000000000000000000000000074
S315010025600000000000000000000000000000000064
S315010025700000000000000000000000000000000054
S315010025800000000000000000000000000000000044
S315010025900000000000000000000000000000000034
S315010025A00000000000000000000000000000000024
S315010025B00000000000000000000000000000000014
S315010025C00000000000000000000000000000000004
S315010025D000000000000000000000000000000000F4
S315010025E000000000000000000000000000000000E4
S315010025F000000000000000000000000000000000D4
S3150100260000000000000000000000000000000000C3
S3150100261000000000000000000000000000000000B3
S3150100262000000000000000000000000000000000A3
S315010026300000000000000000000000000000000093
S315010026400000000000000000000000000000000083
S315010026500000000000000000000000000000000073
S315010026600000000000000000000000000000000063
S315010026700000000000000000000000000000000053
S315010026800000000000000000000000000000000043
S315010026900000000000000000000000000000000033
S315010026A00000000000000000000000000000000023
S315010026B00000000000000000000000000000000013
S315010026C00000000000000000000000000000000003
S315010026D000000000000000000000000000000000F3
S315010026E000000000000000000000000000000000E3
S315010026F000000000000000000000000000000000D3
S3150100270000000000000000000000000000000000C2
S3150100271000000000000000000000000000000000B2
S3150100272000000000000000000000000000000000A2
S315010027300000000000000000000000000000000092
S315010027400000000000000000000000000000000082
S315010027500000000000000000000000000000000072
S315010027600000000000000000000000000000000062
S315010027700000000000000000000000000000000052
S315010027800000000000000000000000000000000042
S315010027900000000000000000000000000000000032
S315010027A00000000000000000000000000000000022
S315010027B00000000000000000000000000000000012
S315010027C00000000000000000000000000000000002
S315010027D000000000000000000000000000000000F2
S315010027E000000000000000000000000000000000E2
S315010027F000000000000000000000000000000000D2
S3150100280000000000000000000000000000000000C1
S3150100281000000000000000000000000000000000B1
S3150100282000000000000000000000000000000000A1
S315010028300000000000000000000000000000000091
S315010028400000000000000000000000000000000081
S315010028500000000000000000000000000000000071
S315010028600000000000000000000000000000000061
S315010028700000000000000000000000000000000051
S315010028800000000000000000000000000000000041
S315010028900000000000000000000000000000000031
S315010028A00000000000000000000000000000000021
S315010028B00000000000000000000000000000000011
S315010028C00000000000000000000000000000000001
S315010028D000000000000000000000000000000000F1
S315010028E000000000000000000000000000000000E1
S315010028F000000000000000000000000000000000D1
S3150100290000000000000000000000000000000000C0
S3150100291000000000000000000000000000000000B0
S3150100292000000000000000000000000000000000A0
S315010029300000000000000000000000000000000090
S315010029400000000000000000000000000000000080
S315010029500000000000000000000000000000000070
S315010029600000000000000000000000000000000060
S315010029700000000000000000000000000000000050
S315010029800000000000000000000000000000000040
S315010029900000000000000000000000000000000030
S315010029A00000000000000000000000000000000020
S315010029B00000000000000000000000000000000010
S315010029C00000000000000000000000000000000000
S315010029D000000000000000000000000000000000F0
S315010029E000000000000000000000000000000000E0
S315010029F000000000000000000000000000000000D0
S31501002A0000000000000000000000000000000000BF
S31501002A1000000000000000000000000000000000AF
S31501002A20000000000000000000000000000000009F
S31501002A30000000000000000000000000000000008F
S31501002A40000000000000000000000000000000007F
S31501002A50000000000000000000000000000000006F
S31501002A60000000000000000000000000000000005F
S31501002A70000000000000000000000000000000004F
S31501002A80000000000000000000000000000000003F
S31501002A90000000000000000000000000000000002F
S31501002AA0000000000000000000000000000000001F
S31501002AB0000000000000000000000000000000000F
S31501002AC000000000000000000000000000000000FF
S31501002AD000000000000000000000000000000000EF
S31501002AE000000000000000000000000000000000DF
S31501002AF000000000000000000000000000000000CF
S31501002B0000000000000000000000000000000000BE
S31501002B1000000000000000000000000000000000AE
S31501002B20000000000000000000000000000000009E
S31501002B30000000000000000000000000000000008E
S31501002B40000000000000000000000000000000007E
S31501002B50000000000000000000000000000000006E
S31501002B60000000000000000000000000000000005E
S31501002B70000000000000000000000000000000004E
S31501002B80000000000000000000000000000000003E
S31501002B90000000000000000000000000000000002E
S31501002BA0000000000000000000000000000000001E
S31501002BB0000000000000000000000000000000000E
S31501002BC000000000000000000000000000000000FE
S31501002BD000000000000000000000000000000000EE
S31501002BE000000000000000000000000000000000DE
S31501002BF000000000000000000000000000000000CE
S31501002C0000000000000000000000000000000000BD
S31501002C1000000000000000000000000000000000AD
S31501002C20000000000000000000000000000000009D
S31501002C30000000000000000000000000000000008D
S31501002C40000000000000000000000000000000007D
S31501002C50000000000000000000000000000000006D
S31501002C60000000000000000000000000000000005D
S31501002C70000000000000000000000000000000004D
S31501002C80000000000000000000000000000000003D
S31501002C90000000000000000000000000000000002D
S31501002CA0000000000000000000000000000000001D
S31501002CB0000000000000000000000000000000000D
S31501002CC000000000000000000000000000000000FD
S31501002CD000000000000000000000000000000000ED
S31501002CE000000000000000000000000000000000DD
S31501002CF000000000000000000000000000000000CD
S31501002D0000000000000000000000000000000000BC
S31501002D1000000000000000000000000000000000AC
S31501002D20000000000000000000000000000000009C
S31501002D30000000000000000000000000000000008C
S31501002D40000000000000000000000000000000007C
S31501002D50000000000000000000000000000000006C
S31501002D60000000000000000000000000000000005C
S31501002D70000000000000000000000000000000004C
S31501002D80000000000000000000000000000000003C
S31501002D90000000000000000000000000000000002C
S31501002DA0000000000000000000000000000000001C
S31501002DB0000000000000000000000000000000000C
S31501002DC000000000000000000000000000000000FC
S31501002DD000000000000000000000000000000000EC
S31501002DE000000000000000000000000000000000DC
S31501002DF000000000000000000000000000000000CC
S31501002E0000000000000000000000000000000000BB
S31501002E1000000000000000000000000000000000AB
S31501002E20000000000000000000000000000000009B
S31501002E30000000000000000000000000000000008B
S31501002E40000000000000000000000000000000007B
S31501002E50000000000000000000000000000000006B
S31501002E60000000000000000000000000000000005B
S31501002E70000000000000000000000000000000004B
S31501002E80000000000000000000000000000000003B
S31501002E90000000000000000000000000000000002B
S31501002EA0000000000000000000000000000000001B
S31501002EB0000000000000000000000000000000000B
S31501002EC000000000000000000000000000000000FB
S31501002ED000000000000000000000000000000000EB
S31501002EE000000000000000000000000000000000DB
S31501002EF000000000000000000000000000000000CB
S31501002F0000000000000000000000000000000000BA
S31501002F1000000000000000000000000000000000AA
S31501002F20000000000000000000000000000000009A
S31501002F30000000000000000000000000000000008A
S31501002F40000000000000000000000000000000007A
S31501002F50000000000000000000000000000000006A
S31501002F60000000000000000000000000000000005A
S31501002F70000000000000000000000000000000004A
S31501002F80000000000000000000000000000000003A
S31501002F90000000000000000000000000000000002A
S31501002FA0000000000000000000000000000000001A
S31501002FB0000000000000000000000000000000000A
S31501002FC000000000000000000000000000000000FA
S31501002FD000000000000000000000000000000000EA
S31501002FE000000000000000000000000000000000DA
S31501002FF000000000000000000000000000000000CA
S3150100300000000000000000000000000000000000B9
S3150100301000000000000000000000000000000000A9
S315010030200000000000000000000000000000000099
S315010030300000000000000000000000000000000089
S315010030400000000000000000000000000000000079
S315010030500000000000000000000000000000000069
S315010030600000000000000000000000000000000059
S315010030700000000000000000000000000000000049
S315010030800000000000000000000000000000000039
S315010030900000000000000000000000000000000029
S315010030A00000000000000000000000000000000019
S315010030B00000000000000000000000000000000009
S315010030C000000000000000000000000000000000F9
S315010030D000000000000000000000000000000000E9
S315010030E000000000000000000000000000000000D9
S315010030F000000000000000000000000000000000C9
S3150100310000000000000000000000000000000000B8
S3150100311000000000000000000000000000000000A8
S315010031200000000000000000000000000000000098
S315010031300000000000000000000000000000000088
S315010031400000000000000000000000000000000078
S315010031500000000000000000000000000000000068
S315010031600000000000000000000000000000000058
S315010031700000000000000000000000000000000048
S315010031800000000000000000000000000000000038
S315010031900000000000000000000000000000000028
S315010031A00000000000000000000000000000000018
S315010031B00000000000000000000000000000000008
S315010031C000000000000000000000000000000000F8
S315010031D000000000000000000000000000000000E8
S315010031E000000000000000000000000000000000D8
S315010031F000000000000000000000000000000000C8
S3150100320000000000000000000000000000000000B7
S3150100321000000000000000000000000000000000A7
S315010032200000000000000000000000000000000097
S315010032300000000000000000000000000000000087
S315010032400000000000000000000000000000000077
S315010032500000000000000000000000000000000067
S315010032600000000000000000000000000000000057
S315010032700000000000000000000000000000000047
S315010032800000000000000000000000000000000037
S315010032900000000000000000000000000000000027
S315010032A00000000000000000000000000000000017
S315010032B00000000000000000000000000000000007
S315010032C000000000000000000000000000000000F7
S315010032D000000000000000000000000000000000E7
S315010032E000000000000000000000000000000000D7
S315010032F000000000000000000000000000000000C7
S3150100330000000000000000000000000000000000B6
S3150100331000000000000000000000000000000000A6
S315010033200000000000000000000000000000000096
S315010033300000000000000000000000000000000086
S315010033400000000000000000000000000000000076
S315010033500000000000000000000000000000000066
S315010033600000000000000000000000000000000056
S315010033700000000000000000000000000000000046
S315010033800000000000000000000000000000000036
S315010033900000000000000000000000000000000026
S315010033A00000000000000000000000000000000016
S315010033B00000000000000000000000000000000006
S315010033C000000000000000000000000000000000F6
S315010033D000000000000000000000000000000000E6
S315010033E000000000000000000000000000000000D6
S315010033F000000000000000000000000000000000C6
S3150100340000000000000000000000000000000000B5
S3150100341000000000000000000000000000000000A5
S315010034200000000000000000000000000000000095
S315010034300000000000000000000000000000000085
S315010034400000000000000000000000000000000075
S315010034500000000000000000000000000000000065
S315010034600000000000000000000000000000000055
S315010034700000000000000000000000000000000045
S315010034800000000000000000000000000000000035
S315010034900000000000000000000000000000000025
S315010034A00000000000000000000000000000000015
S315010034B00000000000000000000000000000000005
S315010034C000000000000000000000000000000000F5
S315010034D000000000000000000000000000000000E5
S315010034E000000000000000000000000000000000D5
S315010034F000000000000000000000000000000000C5
S3150100350000000000000000000000000000000000B4
S3150100351000000000000000000000000000000000A4
S315010035200000000000000000000000000000000094
S315010035300000000000000000000000000000000084
S315010035400000000000000000000000000000000074
S315010035500000000000000000000000000000000064
S315010035600000000000000000000000000000000054
S315010035700000000000000000000000000000000044
S315010035800000000000000000000000000000000034
S315010035900000000000000000000000000000000024
S315010035A00000000000000000000000000000000014
S315010035B00000000000000000000000000000000004
S315010035C000000000000000000000000000000000F4
S315010035D000000000000000000000000000000000E4
S315010035E000000000000000000000000000000000D4
S315010035F000000000000000000000000000000000C4
S3150100360000000000000000000000000000000000B3
S3150100361000000000000000000000000000000000A3
S315010036200000000000000000000000000000000093
S315010036300000000000000000000000000000000083
S315010036400000000000000000000000000000000073
S315010036500000000000000000000000000000000063
S315010036600000000000000000000000000000000053
S315010036700000000000000000000000000000000043
S315010036800000000000000000000000000000000033
S315010036900000000000000000000000000000000023
S315010036A00000000000000000000000000000000013
S315010036B00000000000000000000000000000000003
S315010036C000000000000000000000000000000000F3
S315010036D000000000000000000000000000000000E3
S315010036E000000000000000000000000000000000D3
S315010036F000000000000000000000000000000000C3
S3150100370000000000000000000000000000000000B2
S3150100371000000000000000000000000000000000A2
S315010037200000000000000000000000000000000092
S315010037300000000000000000000000000000000082
S315010037400000000000000000000000000000000072
S315010037500000000000000000000000000000000062
S315010037600000000000000000000000000000000052
S315010037700000000000000000000000000000000042
S315010037800000000000000000000000000000000032
S315010037900000000000000000000000000000000022
S315010037A00000000000000000000000000000000012
S315010037B00000000000000000000000000000000002
S315010037C000000000000000000000000000000000F2
S315010037D000000000000000000000000000000000E2
S315010037E000000000000000000000000000000000D2
S315010037F000000000000000000000000000000000C2
S3150100380000000000000000000000000000000000B1
S3150100381000000000000000000000000000000000A1
S315010038200000000000000000000000000000000091
S315010038300000000000000000000000000000000081
S315010038400000000000000000000000000000000071
S315010038500000000000000000000000000000000061
S315010038600000000000000000000000000000000051
S315010038700000000000000000000000000000000041
S315010038800000000000000000000000000000000031
S315010038900000000000000000000000000000000021
S315010038A00000000000000000000000000000000011
S315010038B00000000000000000000000000000000001
S315010038C000000000000000000000000000000000F1
S315010038D000000000000000000000000000000000E1
S315010038E000000000000000000000000000000000D1
S315010038F000000000000000000000000000000000C1
S3150100390000000000000000000000000000000000B0
S3150100391000000000000000000000000000000000A0
S315010039200000000000000000000000000000000090
S315010039300000000000000000000000000000000080
S315010039400000000000000000000000000000000070
S315010039500000000000000000000000000000000060
S315010039600000000000000000000000000000000050
S315010039700000000000000000000000000000000040
S315010039800000000000000000000000000000000030
S315010039900000000000000000000000000000000020
S315010039A00000000000000000000000000000000010
S315010039B00000000000000000000000000000000000
S315010039C000000000000000000000000000000000F0
S315010039D000000000000000000000000000000000E0
S315010039E000000000000000000000000000000000D0
S315010039F000000000000000000000000000000000C0
S31501003A0000000000000000000000000000000000AF
S31501003A10000000000000000000000000000000009F
S31501003A20000000000000000000000000000000008F
S31501003A30000000000000000000000000000000007F
S31501003A40000000000000000000000000000000006F
S31501003A50000000000000000000000000000000005F
S31501003A60000000000000000000000000000000004F
S31501003A70000000000000000000000000000000003F
S31501003A80000000000000000000000000000000002F
S31501003A90000000000000000000000000000000001F
S31501003AA0000000000000000000000000000000000F
S31501003AB000000000000000000000000000000000FF
S31501003AC000000000000000000000000000000000EF
S31501003AD000000000000000000000000000000000DF
S31501003AE000000000000000000000000000000000CF
S31501003AF000000000000000000000000000000000BF
S31501003B0000000000000000000000000000000000AE
S31501003B10000000000000000000000000000000009E
S31501003B20000000000000000000000000000000008E
S31501003B30000000000000000000000000000000007E
S31501003B40000000000000000000000000000000006E
S31501003B50000000000000000000000000000000005E
S31501003B60000000000000000000000000000000004E
S31501003B70000000000000000000000000000000003E
S31501003B80000000000000000000000000000000002E
S31501003B90000000000000000000000000000000001E
S31501003BA0000000000000000000000000000000000E
S31501003BB000000000000000000000000000000000FE
S31501003BC000000000000000000000000000000000EE
S31501003BD000000000000000000000000000000000DE
S31501003BE000000000000000000000000000000000CE
S31501003BF000000000000000000000000000000000BE
S31501003C0000000000000000000000000000000000AD
S31501003C10000000000000000000000000000000009D
S31501003C20000000000000000000000000000000008D
S31501003C30000000000000000000000000000000007D
S31501003C40000000000000000000000000000000006D
S31501003C50000000000000000000000000000000005D
S31501003C60000000000000000000000000000000004D
S31501003C70000000000000000000000000000000003D
S31501003C80000000000000000000000000000000002D
S31501003C90000000000000000000000000000000001D
S31501003CA0000000000000000000000000000000000D
S31501003CB000000000000000000000000000000000FD
S31501003CC000000000000000000000000000000000ED
S31501003CD000000000000000000000000000000000DD
S31501003CE000000000000000000000000000000000CD
S31501003CF000000000000000000000000000000000BD
S31501003D0000000000000000000000000000000000AC
S31501003D10000000000000000000000000000000009C
S31501003D20000000000000000000000000000000008C
S31501003D30000000000000000000000000000000007C
S31501003D40000000000000000000000000000000006C
S31501003D50000000000000000000000000000000005C
S31501003D60000000000000000000000000000000004C
S31501003D70000000000000000000000000000000003C
S31501003D80000000000000000000000000000000002C
S31501003D90000000000000000000000000000000001C
S31501003DA0000000000000000000000000000000000C
S31501003DB000000000000000000000000000000000FC
S31501003DC000000000000000000000000000000000EC
S31501003DD000000000000000000000000000000000DC
S31501003DE000000000000000000000000000000000CC
S31501003DF000000000000000000000000000000000BC
S31501003E0000000000000000000000000000000000AB
S31501003E10000000000000000000000000000000009B
S31501003E20000000000000000000000000000000008B
S31501003E30000000000000000000000000000000007B
S31501003E40000000000000000000000000000000006B
S31501003E50000000000000000000000000000000005B
S31501003E60000000000000000000000000000000004B
S31501003E70000000000000000000000000000000003B
S31501003E80000000000000000000000000000000002B
S31501003E90000000000000000000000000000000001B
S31501003EA0000000000000000000000000000000000B
S31501003EB000000000000000000000000000000000FB
S31501003EC000000000000000000000000000000000EB
S31501003ED000000000000000000000000000000000DB
S31501003EE000000000000000000000000000000000CB
S31501003EF000000000000000000000000000000000BB
S31501003F0000000000000000000000000000000000AA
S31501003F10000000000000000000000000000000009A
S31501003F20000000000000000000000000000000008A
S31501003F30000000000000000000000000000000007A
S31501003F40000000000000000000000000000000006A
S31501003F50000000000000000000000000000000005A
S31501003F60000000000000000000000000000000004A
S31501003F70000000000000000000000000000000003A
S31501003F80000000000000000000000000000000002A
S31501003F90000000000000000000000000000000001A
S31501003FA0000000000000000000000000000000000A
S31501003FB000000000000000000000000000000000FA
S31501003FC000000000000000000000000000000000EA
S31501003FD000000000000000000000000000000000DA
S31501003FE000000000000000000000000000000000CA
S31501003FF000000000000000000000000000000000BA
S3150100400000000000000000000000000000000000A9
S315010040100000000000000000000000000000000099
S315010040200000000000000000000000000000000089
S315010040300000000000000000000000000000000079
S315010040400000000000000000000000000000000069
S315010040500000000000000000000000000000000059
S315010040600000000000000000000000000000000049
S315010040700000000000000000000000000000000039
S315010040800000000000000000000000000000000029
S315010040900000000000000000000000000000000019
S315010040A00000000000000000000000000000000009
S315010040B000000000000000000000000000000000F9
S315010040C000000000000000000000000000000000E9
S315010040D000000000000000000000000000000000D9
S315010040E000000000000000000000000000000000C9
S315010040F000000000000000000000000000000000B9
S3150100410000000000000000000000000000000000A8
S315010041100000000000000000000000000000000098
S315010041200000000000000000000000000000000088
S315010041300000000000000000000000000000000078
S315010041400000000000000000000000000000000068
S315010041500000000000000000000000000000000058
S315010041600000000000000000000000000000000048
S315010041700000000000000000000000000000000038
S315010041800000000000000000000000000000000028
S315010041900000000000000000000000000000000018
S315010041A00000000000000000000000000000000008
S315010041B000000000000000000000000000000000F8
S315010041C000000000000000000000000000000000E8
S315010041D000000000000000000000000000000000D8
S315010041E000000000000000000000000000000000C8
S315010041F000000000000000000000000000000000B8
S3150100420000000000000000000000000000000000A7
S315010042100000000000000000000000000000000097
S315010042200000000000000000000000000000000087
S315010042300000000000000000000000000000000077
S315010042400000000000000000000000000000000067
S315010042500000000000000000000000000000000057
S315010042600000000000000000000000000000000047
S315010042700000000000000000000000000000000037
S315010042800000000000000000000000000000000027
S315010042900000000000000000000000000000000017
S315010042A00000000000000000000000000000000007
S315010042B000000000000000000000000000000000F7
S315010042C000000000000000000000000000000000E7
S315010042D000000000000000000000000000000000D7
S315010042E000000000000000000000000000000000C7
S315010042F000000000000000000000000000000000B7
S3150100430000000000000000000000000000000000A6
S315010043100000000000000000000000000000000096
S315010043200000000000000000000000000000000086
S315010043300000000000000000000000000000000076
S315010043400000000000000000000000000000000066
S315010043500000000000000000000000000000000056
S315010043600000000000000000000000000000000046
S315010043700000000000000000000000000000000036
S315010043800000000000000000000000000000000026
S315010043900000000000000000000000000000000016
S315010043A00000000000000000000000000000000006
S315010043B000000000000000000000000000000000F6
S315010043C000000000000000000000000000000000E6
S315010043D000000000000000000000000000000000D6
S315010043E000000000000000000000000000000000C6
S315010043F000000000000000000000000000000000B6
S3150100440000000000000000000000000000000000A5
S315010044100000000000000000000000000000000095
S315010044200000000000000000000000000000000085
S315010044300000000000000000000000000000000075
S315010044400000000000000000000000000000000065
S315010044500000000000000000000000000000000055
S315010044600000000000000000000000000000000045
S315010044700000000000000000000000000000000035
S315010044800000000000000000000000000000000025
S315010044900000000000000000000000000000000015
S315010044A00000000000000000000000000000000005
S315010044B000000000000000000000000000000000F5
S315010044C000000000000000000000000000000000E5
S315010044D000000000000000000000000000000000D5
S315010044E000000000000000000000000000000000C5
S315010044F000000000000000000000000000000000B5
S3150100450000000000000000000000000000000000A4
S315010045100000000000000000000000000000000094
S315010045200000000000000000000000000000000084
S315010045300000000000000000000000000000000074
S315010045400000000000000000000000000000000064
S315010045500000000000000000000000000000000054
S315010045600000000000000000000000000000000044
S315010045700000000000000000000000000000000034
S315010045800000000000000000000000000000000024
S315010045900000000000000000000000000000000014
S315010045A00000000000000000000000000000000004
S315010045B000000000000000000000000000000000F4
S315010045C000000000000000000000000000000000E4
S315010045D000000000000000000000000000000000D4
S315010045E000000000000000000000000000000000C4
S315010045F000000000000000000000000000000000B4
S3150100460000000000000000000000000000000000A3
S315010046100000000000000000000000000000000093
S315010046200000000000000000000000000000000083
S315010046300000000000000000000000000000000073
S315010046400000000000000000000000000000000063
S315010046500000000000000000000000000000000053
S315010046600000000000000000000000000000000043
S315010046700000000000000000000000000000000033
S315010046800000000000000000000000000000000023
S315010046900000000000000000000000000000000013
S315010046A00000000000000000000000000000000003
S315010046B000000000000000000000000000000000F3
S315010046C000000000000000000000000000000000E3
S315010046D000000000000000000000000000000000D3
S315010046E000000000000000000000000000000000C3
S315010046F000000000000000000000000000000000B3
S3150100470000000000000000000000000000000000A2
S315010047100000000000000000000000000000000092
S315010047200000000000000000000000000000000082
S315010047300000000000000000000000000000000072
S315010047400000000000000000000000000000000062
S315010047500000000000000000000000000000000052
S315010047600000000000000000000000000000000042
S315010047700000000000000000000000000000000032
S315010047800000000000000000000000000000000022
S315010047900000000000000000000000000000000012
S315010047A00000000000000000000000000000000002
S315010047B000000000000000000000000000000000F2
S315010047C000000000000000000000000000000000E2
S315010047D000000000000000000000000000000000D2
S315010047E000000000000000000000000000000000C2
S315010047F000000000000000000000000000000000B2
S3150100480000000000000000000000000000000000A1
S315010048100000000000000000000000000000000091
S315010048200000000000000000000000000000000081
S315010048300000000000000000000000000000000071
S315010048400000000000000000000000000000000061
S315010048500000000000000000000000000000000051
S315010048600000000000000000000000000000000041
S315010048700000000000000000000000000000000031
S315010048800000000000000000000000000000000021
S315010048900000000000000000000000000000000011
S315010048A00000000000000000000000000000000001
S315010048B000000000000000000000000000000000F1
S315010048C000000000000000000000000000000000E1
S315010048D000000000000000000000000000000000D1
S315010048E000000000000000000000000000000000C1
S315010048F000000000000000000000000000000000B1
S3150100490000000000000000000000000000000000A0
S315010049100000000000000000000000000000000090
S315010049200000000000000000000000000000000080
S315010049300000000000000000000000000000000070
S315010049400000000000000000000000000000000060
S315010049500000000000000000000000000000000050
S315010049600000000000000000000000000000000040
S315010049700000000000000000000000000000000030
S315010049800000000000000000000000000000000020
S315010049900000000000000000000000000000000010
S315010049A00000000000000000000000000000000000
S315010049B000000000000000000000000000000000F0
S315010049C000000000000000000000000000000000E0
S315010049D000000000000000000000000000000000D0
S315010049E000000000000000000000000000000000C0
S315010049F000000000000000000000000000000000B0
S31501004A00000000000000000000000000000000009F
S31501004A10000000000000000000000000000000008F
S31501004A20000000000000000000000000000000007F
S31501004A30000000000000000000000000000000006F
S31501004A40000000000000000000000000000000005F
S31501004A50000000000000000000000000000000004F
S31501004A60000000000000000000000000000000003F
S31501004A70000000000000000000000000000000002F
S31501004A80000000000000000000000000000000001F
S31501004A90000000000000000000000000000000000F
S31501004AA000000000000000000000000000000000FF
S31501004AB000000000000000000000000000000000EF
S31501004AC000000000000000000000000000000000DF
S31501004AD000000000000000000000000000000000CF
S31501004AE000000000000000000000000000000000BF
S31501004AF000000000000000000000000000000000AF
S31501004B00000000000000000000000000000000009E
S31501004B10000000000000000000000000000000008E
S31501004B20000000000000000000000000000000007E
S31501004B30000000000000000000000000000000006E
S31501004B40000000000000000000000000000000005E
S31501004B50000000000000000000000000000000004E
S31501004B60000000000000000000000000000000003E
S31501004B70000000000000000000000000000000002E
S31501004B80000000000000000000000000000000001E
S31501004B90000000000000000000000000000000000E
S31501004BA000000000000000000000000000000000FE
S31501004BB000000000000000000000000000000000EE
S31501004BC000000000000000000000000000000000DE
S31501004BD000000000000000000000000000000000CE
S31501004BE000000000000000000000000000000000BE
S31501004BF000000000000000000000000000000000AE
S31501004C00000000000000000000000000000000009D
S31501004C10000000000000000000000000000000008D
S31501004C20000000000000000000000000000000007D
S31501004C30000000000000000000000000000000006D
S31501004C40000000000000000000000000000000005D
S31501004C50000000000000000000000000000000004D
S31501004C60000000000000000000000000000000003D
S31501004C70000000000000000000000000000000002D
S31501004C80000000000000000000000000000000001D
S31501004C90000000000000000000000000000000000D
S31501004CA000000000000000000000000000000000FD
S31501004CB000000000000000000000000000000000ED
S31501004CC000000000000000000000000000000000DD
S31501004CD000000000000000000000000000000000CD
S31501004CE000000000000000000000000000000000BD
S31501004CF000000000000000000000000000000000AD
S31501004D00000000000000000000000000000000009C
S31501004D10000000000000000000000000000000008C
S31501004D20000000000000000000000000000000007C
S31501004D30000000000000000000000000000000006C
S31501004D40000000000000000000000000000000005C
S31501004D50000000000000000000000000000000004C
S31501004D60000000000000000000000000000000003C
S31501004D70000000000000000000000000000000002C
S31501004D80000000000000000000000000000000001C
S31501004D90000000000000000000000000000000000C
S31501004DA000000000000000000000000000000000FC
S31501004DB000000000000000000000000000000000EC
S31501004DC000000000000000000000000000000000DC
S31501004DD000000000000000000000000000000000CC
S31501004DE000000000000000000000000000000000BC
S31501004DF000000000000000000000000000000000AC
S31501004E00000000000000000000000000000000009B
S31501004E10000000000000000000000000000000008B
S31501004E20000000000000000000000000000000007B
S31501004E30000000000000000000000000000000006B
S31501004E40000000000000000000000000000000005B
S31501004E50000000000000000000000000000000004B
S31501004E60000000000000000000000000000000003B
S31501004E70000000000000000000000000000000002B
S31501004E80000000000000000000000000000000001B
S31501004E90000000000000000000000000000000000B
S31501004EA000000000000000000000000000000000FB
S31501004EB000000000000000000000000000000000EB
S31501004EC000000000000000000000000000000000DB
S31501004ED000000000000000000000000000000000CB
S31501004EE000000000000000000000000000000000BB
S31501004EF000000000000000000000000000000000AB
S31501004F00000000000000000000000000000000009A
S31501004F10000000000000000000000000000000008A
S31501004F20000000000000000000000000000000007A
S31501004F30000000000000000000000000000000006A
S31501004F40000000000000000000000000000000005A
S31501004F50000000000000000000000000000000004A
S31501004F60000000000000000000000000000000003A
S31501004F70000000000000000000000000000000002A
S31501004F80000000000000000000000000000000001A
S31501004F90000000000000000000000000000000000A
S31501004FA000000000000000000000000000000000FA
S31501004FB000000000000000000000000000000000EA
S31501004FC000000000000000000000000000000000DA
S31501004FD000000000000000000000000000000000CA
S31501004FE000000000000000000000000000000000BA
S31501004FF000000000000000000000000000000000AA
S315010050000000000000000000000000000000000099
S315010050100000000000000000000000000000000089
S315010050200000000000000000000000000000000079
S315010050300000000000000000000000000000000069
S315010050400000000000000000000000000000000059
S315010050500000000000000000000000000000000049
S315010050600000000000000000000000000000000039
S315010050700000000000000000000000000000000029
S315010050800000000000000000000000000000000019
S315010050900000000000000000000000000000000009
S315010050A000000000000000000000000000000000F9
S315010050B000000000000000000000000000000000E9
S315010050C000000000000000000000000000000000D9
S315010050D000000000000000000000000000000000C9
S315010050E000000000000000000000000000000000B9
S315010050F000000000000000000000000000000000A9
S315010051000000000000000000000000000000000098
S315010051100000000000000000000000000000000088
S315010051200000000000000000000000000000000078
S315010051300000000000000000000000000000000068
S315010051400000000000000000000000000000000058
S315010051500000000000000000000000000000000048
S315010051600000000000000000000000000000000038
S315010051700000000000000000000000000000000028
S315010051800000000000000000000000000000000018
S315010051900000000000000000000000000000000008
S315010051A000000000000000000000000000000000F8
S315010051B000000000000000000000000000000000E8
S315010051C000000000000000000000000000000000D8
S315010051D000000000000000000000000000000000C8
S315010051E000000000000000000000000000000000B8
S315010051F000000000000000000000000000000000A8
S315010052000000000000000000000000000000000097
S315010052100000000000000000000000000000000087
S315010052200000000000000000000000000000000077
S315010052300000000000000000000000000000000067
S315010052400000000000000000000000000000000057
S315010052500000000000000000000000000000000047
S315010052600000000000000000000000000000000037
S315010052700000000000000000000000000000000027
S315010052800000000000000000000000000000000017
S315010052900000000000000000000000000000000007
S315010052A000000000000000000000000000000000F7
S315010052B000000000000000000000000000000000E7
S315010052C000000000000000000000000000000000D7
S315010052D000000000000000000000000000000000C7
S315010052E000000000000000000000000000000000B7
S315010052F000000000000000000000000000000000A7
S315010053000000000000000000000000000000000096
S315010053100000000000000000000000000000000086
S315010053200000000000000000000000000000000076
S315010053300000000000000000000000000000000066
S315010053400000000000000000000000000000000056
S315010053500000000000000000000000000000000046
S315010053600000000000000000000000000000000036
S315010053700000000000000000000000000000000026
S315010053800000000000000000000000000000000016
S315010053900000000000000000000000000000000006
S315010053A000000000000000000000000000000000F6
S315010053B000000000000000000000000000000000E6
S315010053C000000000000000000000000000000000D6
S315010053D000000000000000000000000000000000C6
S315010053E000000000000000000000000000000000B6
S315010053F000000000000000000000000000000000A6
S315010054000000000000000000000000000000000095
S315010054100000000000000000000000000000000085
S315010054200000000000000000000000000000000075
S315010054300000000000000000000000000000000065
S315010054400000000000000000000000000000000055
S315010054500000000000000000000000000000000045
S315010054600000000000000000000000000000000035
S315010054700000000000000000000000000000000025
S315010054800000000000000000000000000000000015
S315010054900000000000000000000000000000000005
S315010054A000000000000000000000000000000000F5
S315010054B000000000000000000000000000000000E5
S315010054C000000000000000000000000000000000D5
S315010054D000000000000000000000000000000000C5
S315010054E000000000000000000000000000000000B5
S315010054F000000000000000000000000000000000A5
S315010055000000000000000000000000000000000094
S315010055100000000000000000000000000000000084
S315010055200000000000000000000000000000000074
S315010055300000000000000000000000000000000064
S315010055400000000000000000000000000000000054
S315010055500000000000000000000000000000000044
S315010055600000000000000000000000000000000034
S315010055700000000000000000000000000000000024
S315010055800000000000000000000000000000000014
S315010055900000000000000000000000000000000004
S315010055A000000000000000000000000000000000F4
S315010055B000000000000000000000000000000000E4
S315010055C000000000000000000000000000000000D4
S315010055D000000000000000000000000000000000C4
S315010055E000000000000000000000000000000000B4
S315010055F000000000000000000000000000000000A4
S315010056000000000000000000000000000000000093
S315010056100000000000000000000000000000000083
S315010056200000000000000000000000000000000073
S315010056300000000000000000000000000000000063
S315010056400000000000000000000000000000000053
S315010056500000000000000000000000000000000043
S315010056600000000000000000000000000000000033
S315010056700000000000000000000000000000000023
S315010056800000000000000000000000000000000013
S315010056900000000000000000000000000000000003
S315010056A000000000000000000000000000000000F3
S315010056B000000000000000000000000000000000E3
S315010056C000000000000000000000000000000000D3
S315010056D000000000000000000000000000000000C3
S315010056E000000000000000000000000000000000B3
S315010056F000000000000000000000000000000000A3
S315010057000000000000000000000000000000000092
S315010057100000000000000000000000000000000082
S315010057200000000000000000000000000000000072
S315010057300000000000000000000000000000000062
S315010057400000000000000000000000000000000052
S315010057500000000000000000000000000000000042
S315010057600000000000000000000000000000000032
S315010057700000000000000000000000000000000022
S315010057800000000000000000000000000000000012
S315010057900000000000000000000000000000000002
S315010057A000000000000000000000000000000000F2
S315010057B000000000000000000000000000000000E2
S315010057C000000000000000000000000000000000D2
S315010057D000000000000000000000000000000000C2
S315010057E000000000000000000000000000000000B2
S315010057F000000000000000000000000000000000A2
S315010058000000000000000000000000000000000091
S315010058100000000000000000000000000000000081
S315010058200000000000000000000000000000000071
S315010058300000000000000000000000000000000061
S315010058400000000000000000000000000000000051
S315010058500000000000000000000000000000000041
S315010058600000000000000000000000000000000031
S315010058700000000000000000000000000000000021
S315010058800000000000000000000000000000000011
S315010058900000000000000000000000000000000001
S315010058A000000000000000000000000000000000F1
S315010058B000000000000000000000000000000000E1
S315010058C000000000000000000000000000000000D1
S315010058D000000000000000000000000000000000C1
S315010058E000000000000000000000000000000000B1
S315010058F000000000000000000000000000000000A1
S315010059000000000000000000000000000000000090
S315010059100000000000000000000000000000000080
S315010059200000000000000000000000000000000070
S315010059300000000000000000000000000000000060
S315010059400000000000000000000000000000000050
S315010059500000000000000000000000000000000040
S315010059600000000000000000000000000000000030
S315010059700000000000000000000000000000000020
S315010059800000000000000000000000000000000010
S315010059900000000000000000000000000000000000
S315010059A000000000000000000000000000000000F0
S315010059B000000000000000000000000000000000E0
S315010059C000000000000000000000000000000000D0
S315010059D000000000000000000000000000000000C0
S315010059E000000000000000000000000000000000B0
S315010059F000000000000000000000000000000000A0
S31501005A00000000000000000000000000000000008F
S31501005A10000000000000000000000000000000007F
S31501005A20000000000000000000000000000000006F
S31501005A30000000000000000000000000000000005F
S31501005A40000000000000000000000000000000004F
S31501005A50000000000000000000000000000000003F
S31501005A60000000000000000000000000000000002F
S31501005A70000000000000000000000000000000001F
S31501005A80000000000000000000000000000000000F
S31501005A9000000000000000000000000000000000FF
S31501005AA000000000000000000000000000000000EF
S31501005AB000000000000000000000000000000000DF
S31501005AC000000000000000000000000000000000CF
S31501005AD000000000000000000000000000000000BF
S31501005AE000000000000000000000000000000000AF
S31501005AF0000000000000000000000000000000009F
S31501005B00000000000000000000000000000000008E
S31501005B10000000000000000000000000000000007E
S31501005B20000000000000000000000000000000006E
S31501005B30000000000000000000000000000000005E
S31501005B40000000000000000000000000000000004E
S31501005B50000000000000000000000000000000003E
S31501005B60000000000000000000000000000000002E
S31501005B70000000000000000000000000000000001E
S31501005B80000000000000000000000000000000000E
S31501005B9000000000000000000000000000000000FE
S31501005BA000000000000000000000000000000000EE
S31501005BB000000000000000000000000000000000DE
S31501005BC000000000000000000000000000000000CE
S31501005BD000000000000000000000000000000000BE
S31501005BE000000000000000000000000000000000AE
S31501005BF0000000000000000000000000000000009E
S31501005C00000000000000000000000000000000008D
S31501005C10000000000000000000000000000000007D
S31501005C20000000000000000000000000000000006D
S31501005C30000000000000000000000000000000005D
S31501005C40000000000000000000000000000000004D
S31501005C50000000000000000000000000000000003D
S31501005C60000000000000000000000000000000002D
S31501005C70000000000000000000000000000000001D
S31501005C80000000000000000000000000000000000D
S31501005C9000000000000000000000000000000000FD
S31501005CA000000000000000000000000000000000ED
S31501005CB000000000000000000000000000000000DD
S31501005CC000000000000000000000000000000000CD
S31501005CD000000000000000000000000000000000BD
S31501005CE000000000000000000000000000000000AD
S31501005CF0000000000000000000000000000000009D
S31501005D00000000000000000000000000000000008C
S31501005D10000000000000000000000000000000007C
S31501005D20000000000000000000000000000000006C
S31501005D30000000000000000000000000000000005C
S31501005D40000000000000000000000000000000004C
S31501005D50000000000000000000000000000000003C
S31501005D60000000000000000000000000000000002C
S31501005D70000000000000000000000000000000001C
S31501005D80000000000000000000000000000000000C
S31501005D9000000000000000000000000000000000FC
S31501005DA000000000000000000000000000000000EC
S31501005DB000000000000000000000000000000000DC
S31501005DC000000000000000000000000000000000CC
S31501005DD000000000000000000000000000000000BC
S31501005DE000000000000000000000000000000000AC
S31501005DF0000000000000000000000000000000009C
S31501005E00000000000000000000000000000000008B
S31501005E10000000000000000000000000000000007B
S31501005E20000000000000000000000000000000006B
S31501005E30000000000000000000000000000000005B
S31501005E40000000000000000000000000000000004B
S31501005E50000000000000000000000000000000003B
S31501005E60000000000000000000000000000000002B
S31501005E70000000000000000000000000000000001B
S31501005E80000000000000000000000000000000000B
S31501005E9000000000000000000000000000000000FB
S31501005EA000000000000000000000000000000000EB
S31501005EB000000000000000000000000000000000DB
S31501005EC000000000000000000000000000000000CB
S31501005ED000000000000000000000000000000000BB
S31501005EE000000000000000000000000000000000AB
S31501005EF0000000000000000000000000000000009B
S31501005F00000000000000000000000000000000008A
S31501005F10000000000000000000000000000000007A
S31501005F20000000000000000000000000000000006A
S31501005F30000000000000000000000000000000005A
S31501005F40000000000000000000000000000000004A
S31501005F50000000000000000000000000000000003A
S31501005F60000000000000000000000000000000002A
S31501005F70000000000000000000000000000000001A
S31501005F80000000000000000000000000000000000A
S31501005F9000000000000000000000000000000000FA
S31501005FA000000000000000000000000000000000EA
S31501005FB000000000000000000000000000000000DA
S31501005FC000000000000000000000000000000000CA
S31501005FD000000000000000000000000000000000BA
S31501005FE000000000000000000000000000000000AA
S31501005FF0000000000000000000000000000000009A
S315010060000000000000000000000000000000000089
S315010060100000000000000000000000000000000079
S315010060200000000000000000000000000000000069
S315010060300000000000000000000000000000000059
S315010060400000000000000000000000000000000049
S315010060500000000000000000000000000000000039
S315010060600000000000000000000000000000000029
S315010060700000000000000000000000000000000019
S315010060800000000000000000000000000000000009
S3150100609000000000000000000000000000000000F9
S315010060A000000000000000000000000000000000E9
S315010060B000000000000000000000000000000000D9
S315010060C000000000000000000000000000000000C9
S315010060D000000000000000000000000000000000B9
S315010060E000000000000000000000000000000000A9
S315010060F00000000000000000000000000000000099
S315010061000000000000000000000000000000000088
S315010061100000000000000000000000000000000078
S315010061200000000000000000000000000000000068
S315010061300000000000000000000000000000000058
S315010061400000000000000000000000000000000048
S315010061500000000000000000000000000000000038
S315010061600000000000000000000000000000000028
S315010061700000000000000000000000000000000018
S315010061800000000000000000000000000000000008
S3150100619000000000000000000000000000000000F8
S315010061A000000000000000000000000000000000E8
S315010061B000000000000000000000000000000000D8
S315010061C000000000000000000000000000000000C8
S315010061D000000000000000000000000000000000B8
S315010061E000000000000000000000000000000000A8
S315010061F00000000000000000000000000000000098
S315010062000000000000000000000000000000000087
S315010062100000000000000000000000000000000077
S315010062200000000000000000000000000000000067
S315010062300000000000000000000000000000000057
S315010062400000000000000000000000000000000047
S315010062500000000000000000000000000000000037
S315010062600000000000000000000000000000000027
S315010062700000000000000000000000000000000017
S315010062800000000000000000000000000000000007
S3150100629000000000000000000000000000000000F7
S315010062A000000000000000000000000000000000E7
S315010062B000000000000000000000000000000000D7
S315010062C000000000000000000000000000000000C7
S315010062D000000000000000000000000000000000B7
S315010062E000000000000000000000000000000000A7
S315010062F00000000000000000000000000000000097
S315010063000000000000000000000000000000000086
S315010063100000000000000000000000000000000076
S315010063200000000000000000000000000000000066
S315010063300000000000000000000000000000000056
S315010063400000000000000000000000000000000046
S315010063500000000000000000000000000000000036
S315010063600000000000000000000000000000000026
S315010063700000000000000000000000000000000016
S315010063800000000000000000000000000000000006
S3150100639000000000000000000000000000000000F6
S315010063A000000000000000000000000000000000E6
S315010063B000000000000000000000000000000000D6
S315010063C000000000000000000000000000000000C6
S315010063D000000000000000000000000000000000B6
S315010063E000000000000000000000000000000000A6
S315010063F00000000000000000000000000000000096
S315010064000000000000000000000000000000000085
S315010064100000000000000000000000000000000075
S315010064200000000000000000000000000000000065
S315010064300000000000000000000000000000000055
S315010064400000000000000000000000000000000045
S315010064500000000000000000000000000000000035
S315010064600000000000000000000000000000000025
S315010064700000000000000000000000000000000015
S315010064800000000000000000000000000000000005
S3150100649000000000000000000000000000000000F5
S315010064A000000000000000000000000000000000E5
S315010064B000000000000000000000000000000000D5
S315010064C000000000000000000000000000000000C5
S315010064D000000000000000000000000000000000B5
S315010064E000000000000000000000000000000000A5
S315010064F00000000000000000000000000000000095
S315010065000000000000000000000000000000000084
S315010065100000000000000000000000000000000074
S315010065200000000000000000000000000000000064
S315010065300000000000000000000000000000000054
S315010065400000000000000000000000000000000044
S315010065500000000000000000000000000000000034
S315010065600000000000000000000000000000000024
S315010065700000000000000000000000000000000014
S315010065800000000000000000000000000000000004
S3150100659000000000000000000000000000000000F4
S315010065A000000000000000000000000000000000E4
S315010065B000000000000000000000000000000000D4
S315010065C000000000000000000000000000000000C4
S315010065D000000000000000000000000000000000B4
S315010065E000000000000000000000000000000000A4
S315010065F00000000000000000000000000000000094
S315010066000000000000000000000000000000000083
S315010066100000000000000000000000000000000073
S315010066200000000000000000000000000000000063
S315010066300000000000000000000000000000000053
S315010066400000000000000000000000000000000043
S315010066500000000000000000000000000000000033
S315010066600000000000000000000000000000000023
S315010066700000000000000000000000000000000013
S315010066800000000000000000000000000000000003
S3150100669000000000000000000000000000000000F3
S315010066A000000000000000000000000000000000E3
S315010066B000000000000000000000000000000000D3
S315010066C000000000000000000000000000000000C3
S315010066D000000000000000000000000000000000B3
S315010066E000000000000000000000000000000000A3
S315010066F00000000000000000000000000000000093
S315010067000000000000000000000000000000000082
S315010067100000000000000000000000000000000072
S315010067200000000000000000000000000000000062
S315010067300000000000000000000000000000000052
S315010067400000000000000000000000000000000042
S315010067500000000000000000000000000000000032
S315010067600000000000000000000000000000000022
S315010067700000000000000000000000000000000012
S315010067800000000000000000000000000000000002
S3150100679000000000000000000000000000000000F2
S315010067A000000000000000000000000000000000E2
S315010067B000000000000000000000000000000000D2
S315010067C000000000000000000000000000000000C2
S315010067D000000000000000000000000000000000B2
S315010067E000000000000000000000000000000000A2
S315010067F00000000000000000000000000000000092
S315010068000000000000000000000000000000000081
S315010068100000000000000000000000000000000071
S315010068200000000000000000000000000000000061
S315010068300000000000000000000000000000000051
S315010068400000000000000000000000000000000041
S315010068500000000000000000000000000000000031
S315010068600000000000000000000000000000000021
S315010068700000000000000000000000000000000011
S315010068800000000000000000000000000000000001
S3150100689000000000000000000000000000000000F1
S315010068A000000000000000000000000000000000E1
S315010068B000000000000000000000000000000000D1
S315010068C000000000000000000000000000000000C1
S315010068D000000000000000000000000000000000B1
S315010068E000000000000000000000000000000000A1
S315010068F00000000000000000000000000000000091
S315010069000000000000000000000000000000000080
S315010069100000000000000000000000000000000070
S315010069200000000000000000000000000000000060
S315010069300000000000000000000000000000000050
S315010069400000000000000000000000000000000040
S315010069500000000000000000000000000000000030
S315010069600000000000000000000000000000000020
S315010069700000000000000000000000000000000010
S315010069800000000000000000000000000000000000
S3150100699000000000000000000000000000000000F0
S315010069A000000000000000000000000000000000E0
S315010069B000000000000000000000000000000000D0
S315010069C000000000000000000000000000000000C0
S315010069D000000000000000000000000000000000B0
S315010069E000000000000000000000000000000000A0
S315010069F00000000000000000000000000000000090
S31501006A00000000000000000000000000000000007F
S31501006A10000000000000000000000000000000006F
S31501006A20000000000000000000000000000000005F
S31501006A30000000000000000000000000000000004F
S31501006A40000000000000000000000000000000003F
S31501006A50000000000000000000000000000000002F
S31501006A60000000000000000000000000000000001F
S31501006A70000000000000000000000000000000000F
S31501006A8000000000000000000000000000000000FF
S31501006A9000000000000000000000000000000000EF
S31501006AA000000000000000000000000000000000DF
S31501006AB000000000000000000000000000000000CF
S31501006AC000000000000000000000000000000000BF
S31501006AD000000000000000000000000000000000AF
S31501006AE0000000000000000000000000000000009F
S31501006AF0000000000000000000000000000000008F
S31501006B00000000000000000000000000000000007E
S31501006B10000000000000000000000000000000006E
S31501006B20000000000000000000000000000000005E
S31501006B30000000000000000000000000000000004E
S31501006B40000000000000000000000000000000003E
S31501006B50000000000000000000000000000000002E
S31501006B60000000000000000000000000000000001E
S31501006B70000000000000000000000000000000000E
S31501006B8000000000000000000000000000000000FE
S31501006B9000000000000000000000000000000000EE
S31501006BA000000000000000000000000000000000DE
S31501006BB000000000000000000000000000000000CE
S31501006BC000000000000000000000000000000000BE
S31501006BD000000000000000000000000000000000AE
S31501006BE0000000000000000000000000000000009E
S31501006BF0000000000000000000000000000000008E
S31501006C00000000000000000000000000000000007D
S31501006C10000000000000000000000000000000006D
S31501006C20000000000000000000000000000000005D
S31501006C30000000000000000000000000000000004D
S31501006C40000000000000000000000000000000003D
S31501006C50000000000000000000000000000000002D
S31501006C60000000000000000000000000000000001D
S31501006C70000000000000000000000000000000000D
S31501006C8000000000000000000000000000000000FD
S31501006C9000000000000000000000000000000000ED
S31501006CA000000000000000000000000000000000DD
S31501006CB000000000000000000000000000000000CD
S31501006CC000000000000000000000000000000000BD
S31501006CD000000000000000000000000000000000AD
S31501006CE0000000000000000000000000000000009D
S31501006CF0000000000000000000000000000000008D
S31501006D00000000000000000000000000000000007C
S31501006D10000000000000000000000000000000006C
S31501006D20000000000000000000000000000000005C
S31501006D30000000000000000000000000000000004C
S31501006D40000000000000000000000000000000003C
S31501006D50000000000000000000000000000000002C
S31501006D60000000000000000000000000000000001C
S31501006D70000000000000000000000000000000000C
S31501006D8000000000000000000000000000000000FC
S31501006D9000000000000000000000000000000000EC
S31501006DA000000000000000000000000000000000DC
S31501006DB000000000000000000000000000000000CC
S31501006DC000000000000000000000000000000000BC
S31501006DD000000000000000000000000000000000AC
S31501006DE0000000000000000000000000000000009C
S31501006DF0000000000000000000000000000000008C
S31501006E00000000000000000000000000000000007B
S31501006E10000000000000000000000000000000006B
S31501006E20000000000000000000000000000000005B
S31501006E30000000000000000000000000000000004B
S31501006E40000000000000000000000000000000003B
S31501006E50000000000000000000000000000000002B
S31501006E60000000000000000000000000000000001B
S31501006E70000000000000000000000000000000000B
S31501006E8000000000000000000000000000000000FB
S31501006E9000000000000000000000000000000000EB
S31501006EA000000000000000000000000000000000DB
S31501006EB000000000000000000000000000000000CB
S31501006EC000000000000000000000000000000000BB
S31501006ED000000000000000000000000000000000AB
S31501006EE0000000000000000000000000000000009B
S31501006EF0000000000000000000000000000000008B
S31501006F00000000000000000000000000000000007A
S31501006F10000000000000000000000000000000006A
S31501006F20000000000000000000000000000000005A
S31501006F30000000000000000000000000000000004A
S31501006F40000000000000000000000000000000003A
S31501006F50000000000000000000000000000000002A
S31501006F60000000000000000000000000000000001A
S31501006F70000000000000000000000000000000000A
S31501006F8000000000000000000000000000000000FA
S31501006F9000000000000000000000000000000000EA
S31501006FA000000000000000000000000000000000DA
S31501006FB000000000000000000000000000000000CA
S31501006FC000000000000000000000000000000000BA
S31501006FD000000000000000000000000000000000AA
S31501006FE0000000000000000000000000000000009A
S31501006FF0000000000000000000000000000000008A
S315010070000000000000000000000000000000000079
S315010070100000000000000000000000000000000069
S315010070200000000000000000000000000000000059
S315010070300000000000000000000000000000000049
S315010070400000000000000000000000000000000039
S315010070500000000000000000000000000000000029
S315010070600000000000000000000000000000000019
S315010070700000000000000000000000000000000009
S3150100708000000000000000000000000000000000F9
S3150100709000000000000000000000000000000000E9
S315010070A000000000000000000000000000000000D9
S315010070B000000000000000000000000000000000C9
S315010070C000000000000000000000000000000000B9
S315010070D000000000000000000000000000000000A9
S315010070E00000000000000000000000000000000099
S315010070F00000000000000000000000000000000089
S315010071000000000000000000000000000000000078
S315010071100000000000000000000000000000000068
S315010071200000000000000000000000000000000058
S315010071300000000000000000000000000000000048
S315010071400000000000000000000000000000000038
S315010071500000000000000000000000000000000028
S315010071600000000000000000000000000000000018
S315010071700000000000000000000000000000000008
S3150100718000000000000000000000000000000000F8
S3150100719000000000000000000000000000000000E8
S315010071A000000000000000000000000000000000D8
S315010071B000000000000000000000000000000000C8
S315010071C000000000000000000000000000000000B8
S315010071D000000000000000000000000000000000A8
S315010071E00000000000000000000000000000000098
S315010071F00000000000000000000000000000000088
S315010072000000000000000000000000000000000077
S315010072100000000000000000000000000000000067
S315010072200000000000000000000000000000000057
S315010072300000000000000000000000000000000047
S315010072400000000000000000000000000000000037
S315010072500000000000000000000000000000000027
S315010072600000000000000000000000000000000017
S315010072700000000000000000000000000000000007
S3150100728000000000000000000000000000000000F7
S3150100729000000000000000000000000000000000E7
S315010072A000000000000000000000000000000000D7
S315010072B000000000000000000000000000000000C7
S315010072C000000000000000000000000000000000B7
S315010072D000000000000000000000000000000000A7
S315010072E00000000000000000000000000000000097
S315010072F00000000000000000000000000000000087
S315010073000000000000000000000000000000000076
S315010073100000000000000000000000000000000066
S315010073200000000000000000000000000000000056
S315010073300000000000000000000000000000000046
S315010073400000000000000000000000000000000036
S315010073500000000000000000000000000000000026
S315010073600000000000000000000000000000000016
S315010073700000000000000000000000000000000006
S3150100738000000000000000000000000000000000F6
S3150100739000000000000000000000000000000000E6
S315010073A000000000000000000000000000000000D6
S315010073B000000000000000000000000000000000C6
S315010073C000000000000000000000000000000000B6
S315010073D000000000000000000000000000000000A6
S315010073E00000000000000000000000000000000096
S315010073F00000000000000000000000000000000086
S315010074000000000000000000000000000000000075
S315010074100000000000000000000000000000000065
S315010074200000000000000000000000000000000055
S315010074300000000000000000000000000000000045
S315010074400000000000000000000000000000000035
S315010074500000000000000000000000000000000025
S315010074600000000000000000000000000000000015
S315010074700000000000000000000000000000000005
S3150100748000000000000000000000000000000000F5
S3150100749000000000000000000000000000000000E5
S315010074A000000000000000000000000000000000D5
S315010074B000000000000000000000000000000000C5
S315010074C000000000000000000000000000000000B5
S315010074D000000000000000000000000000000000A5
S315010074E00000000000000000000000000000000095
S315010074F00000000000000000000000000000000085
S315010075000000000000000000000000000000000074
S315010075100000000000000000000000000000000064
S315010075200000000000000000000000000000000054
S315010075300000000000000000000000000000000044
S315010075400000000000000000000000000000000034
S315010075500000000000000000000000000000000024
S315010075600000000000000000000000000000000014
S315010075700000000000000000000000000000000004
S3150100758000000000000000000000000000000000F4
S3150100759000000000000000000000000000000000E4
S315010075A000000000000000000000000000000000D4
S315010075B000000000000000000000000000000000C4
S315010075C000000000000000000000000000000000B4
S315010075D000000000000000000000000000000000A4
S315010075E00000000000000000000000000000000094
S315010075F00000000000000000000000000000000084
S315010076000000000000000000000000000000000073
S315010076100000000000000000000000000000000063
S315010076200000000000000000000000000000000053
S315010076300000000000000000000000000000000043
S315010076400000000000000000000000000000000033
S315010076500000000000000000000000000000000023
S315010076600000000000000000000000000000000013
S315010076700000000000000000000000000000000003
S3150100768000000000000000000000000000000000F3
S3150100769000000000000000000000000000000000E3
S315010076A000000000000000000000000000000000D3
S315010076B000000000000000000000000000000000C3
S315010076C000000000000000000000000000000000B3
S315010076D000000000000000000000000000000000A3
S315010076E00000000000000000000000000000000093
S315010076F00000000000000000000000000000000083
S315010077000000000000000000000000000000000072
S315010077100000000000000000000000000000000062
S315010077200000000000000000000000000000000052
S315010077300000000000000000000000000000000042
S315010077400000000000000000000000000000000032
S315010077500000000000000000000000000000000022
S315010077600000000000000000000000000000000012
S315010077700000000000000000000000000000000002
S3150100778000000000000000000000000000000000F2
S3150100779000000000000000000000000000000000E2
S315010077A000000000000000000000000000000000D2
S315010077B000000000000000000000000000000000C2
S315010077C000000000000000000000000000000000B2
S315010077D000000000000000000000000000000000A2
S315010077E00000000000000000000000000000000092
S315010077F00000000000000000000000000000000082
S315010078000000000000000000000000000000000071
S315010078100000000000000000000000000000000061
S315010078200000000000000000000000000000000051
S315010078300000000000000000000000000000000041
S315010078400000000000000000000000000000000031
S315010078500000000000000000000000000000000021
S315010078600000000000000000000000000000000011
S315010078700000000000000000000000000000000001
S3150100788000000000000000000000000000000000F1
S3150100789000000000000000000000000000000000E1
S315010078A000000000000000000000000000000000D1
S315010078B000000000000000000000000000000000C1
S315010078C000000000000000000000000000000000B1
S315010078D000000000000000000000000000000000A1
S315010078E00000000000000000000000000000000091
S315010078F00000000000000000000000000000000081
S315010079000000000000000000000000000000000070
S315010079100000000000000000000000000000000060
S315010079200000000000000000000000000000000050
S315010079300000000000000000000000000000000040
S315010079400000000000000000000000000000000030
S315010079500000000000000000000000000000000020
S315010079600000000000000000000000000000000010
S315010079700000000000000000000000000000000000
S3150100798000000000000000000000000000000000F0
S3150100799000000000000000000000000000000000E0
S315010079A000000000000000000000000000000000D0
S315010079B000000000000000000000000000000000C0
S315010079C000000000000000000000000000000000B0
S315010079D000000000000000000000000000000000A0
S315010079E00000000000000000000000000000000090
S315010079F00000000000000000000000000000000080
S31501007A00000000000000000000000000000000006F
S31501007A10000000000000000000000000000000005F
S31501007A20000000000000000000000000000000004F
S31501007A30000000000000000000000000000000003F
S31501007A40000000000000000000000000000000002F
S31501007A50000000000000000000000000000000001F
S31501007A60000000000000000000000000000000000F
S31501007A7000000000000000000000000000000000FF
S31501007A8000000000000000000000000000000000EF
S31501007A9000000000000000000000000000000000DF
S31501007AA000000000000000000000000000000000CF
S31501007AB000000000000000000000000000000000BF
S31501007AC000000000000000000000000000000000AF
S31501007AD0000000000000000000000000000000009F
S31501007AE0000000000000000000000000000000008F
S31501007AF0000000000000000000000000000000007F
S31501007B00000000000000000000000000000000006E
S31501007B10000000000000000000000000000000005E
S31501007B20000000000000000000000000000000004E
S31501007B30000000000000000000000000000000003E
S31501007B40000000000000000000000000000000002E
S31501007B50000000000000000000000000000000001E
S31501007B60000000000000000000000000000000000E
S31501007B7000000000000000000000000000000000FE
S31501007B8000000000000000000000000000000000EE
S31501007B9000000000000000000000000000000000DE
S31501007BA000000000000000000000000000000000CE
S31501007BB000000000000000000000000000000000BE
S31501007BC000000000000000000000000000000000AE
S31501007BD0000000000000000000000000000000009E
S31501007BE0000000000000000000000000000000008E
S31501007BF0000000000000000000000000000000007E
S31501007C00000000000000000000000000000000006D
S31501007C10000000000000000000000000000000005D
S31501007C20000000000000000000000000000000004D
S31501007C30000000000000000000000000000000003D
S31501007C40000000000000000000000000000000002D
S31501007C50000000000000000000000000000000001D
S31501007C60000000000000000000000000000000000D
S31501007C7000000000000000000000000000000000FD
S31501007C8000000000000000000000000000000000ED
S31501007C9000000000000000000000000000000000DD
S31501007CA000000000000000000000000000000000CD
S31501007CB000000000000000000000000000000000BD
S31501007CC000000000000000000000000000000000AD
S31501007CD0000000000000000000000000000000009D
S31501007CE0000000000000000000000000000000008D
S31501007CF0000000000000000000000000000000007D
S31501007D00000000000000000000000000000000006C
S31501007D10000000000000000000000000000000005C
S31501007D20000000000000000000000000000000004C
S31501007D30000000000000000000000000000000003C
S31501007D40000000000000000000000000000000002C
S31501007D50000000000000000000000000000000001C
S31501007D60000000000000000000000000000000000C
S31501007D7000000000000000000000000000000000FC
S31501007D8000000000000000000000000000000000EC
S31501007D9000000000000000000000000000000000DC
S31501007DA000000000000000000000000000000000CC
S31501007DB000000000000000000000000000000000BC
S31501007DC000000000000000000000000000000000AC
S31501007DD0000000000000000000000000000000009C
S31501007DE0000000000000000000000000000000008C
S31501007DF0000000000000000000000000000000007C
S31501007E00000000000000000000000000000000006B
S31501007E10000000000000000000000000000000005B
S31501007E20000000000000000000000000000000004B
S31501007E30000000000000000000000000000000003B
S31501007E40000000000000000000000000000000002B
S31501007E50000000000000000000000000000000001B
S31501007E60000000000000000000000000000000000B
S31501007E7000000000000000000000000000000000FB
S31501007E8000000000000000000000000000000000EB
S31501007E9000000000000000000000000000000000DB
S31501007EA000000000000000000000000000000000CB
S31501007EB000000000000000000000000000000000BB
S31501007EC000000000000000000000000000000000AB
S31501007ED0000000000000000000000000000000009B
S31501007EE0000000000000000000000000000000008B
S31501007EF0000000000000000000000000000000007B
S31501007F00000000000000000000000000000000006A
S31501007F10000000000000000000000000000000005A
S31501007F20000000000000000000000000000000004A
S31501007F30000000000000000000000000000000003A
S31501007F40000000000000000000000000000000002A
S31501007F50000000000000000000000000000000001A
S31501007F60000000000000000000000000000000000A
S31501007F7000000000000000000000000000000000FA
S31501007F8000000000000000000000000000000000EA
S31501007F9000000000000000000000000000000000DA
S31501007FA000000000000000000000000000000000CA
S31501007FB000000000000000000000000000000000BA
S31501007FC000000000000000000000000000000000AA
S31501007FD0000000000000000000000000000000009A
S31501007FE0000000000000000000000000000000008A
S31501007FF0000000000000000000000000000000007A
S315010080000000000000000000000000000000000069
S315010080100000000000000000000000000000000059
S315010080200000000000000000000000000000000049
S315010080300000000000000000000000000000000039
S315010080400000000000000000000000000000000029
S315010080500000000000000000000000000000000019
S315010080600000000000000000000000000000000009
S3150100807000000000000000000000000000000000F9
S3150100808000000000000000000000000000000000E9
S3150100809000000000000000000000000000000000D9
S315010080A000000000000000000000000000000000C9
S315010080B000000000000000000000000000000000B9
S315010080C000000000000000000000000000000000A9
S315010080D00000000000000000000000000000000099
S315010080E00000000000000000000000000000000089
S315010080F00000000000000000000000000000000079
S315010081000000000000000000000000000000000068
S315010081100000000000000000000000000000000058
S315010081200000000000000000000000000000000048
S315010081300000000000000000000000000000000038
S315010081400000000000000000000000000000000028
S315010081500000000000000000000000000000000018
S315010081600000000000000000000000000000000008
S3150100817000000000000000000000000000000000F8
S3150100818000000000000000000000000000000000E8
S3150100819000000000000000000000000000000000D8
S315010081A000000000000000000000000000000000C8
S315010081B000000000000000000000000000000000B8
S315010081C000000000000000000000000000000000A8
S315010081D00000000000000000000000000000000098
S315010081E00000000000000000000000000000000088
S315010081F00000000000000000000000000000000078
S315010082000000000000000000000000000000000067
S315010082100000000000000000000000000000000057
S315010082200000000000000000000000000000000047
S315010082300000000000000000000000000000000037
S315010082400000000000000000000000000000000027
S315010082500000000000000000000000000000000017
S315010082600000000000000000000000000000000007
S3150100827000000000000000000000000000000000F7
S3150100828000000000000000000000000000000000E7
S3150100829000000000000000000000000000000000D7
S315010082A000000000000000000000000000000000C7
S315010082B000000000000000000000000000000000B7
S315010082C000000000000000000000000000000000A7
S315010082D00000000000000000000000000000000097
S315010082E00000000000000000000000000000000087
S315010082F00000000000000000000000000000000077
S315010083000000000000000000000000000000000066
S315010083100000000000000000000000000000000056
S315010083200000000000000000000000000000000046
S315010083300000000000000000000000000000000036
S315010083400000000000000000000000000000000026
S315010083500000000000000000000000000000000016
S315010083600000000000000000000000000000000006
S3150100837000000000000000000000000000000000F6
S3150100838000000000000000000000000000000000E6
S3150100839000000000000000000000000000000000D6
S315010083A000000000000000000000000000000000C6
S315010083B000000000000000000000000000000000B6
S315010083C000000000000000000000000000000000A6
S315010083D00000000000000000000000000000000096
S315010083E00000000000000000000000000000000086
S315010083F00000000000000000000000000000000076
S315010084000000000000000000000000000000000065
S315010084100000000000000000000000000000000055
S315010084200000000000000000000000000000000045
S315010084300000000000000000000000000000000035
S315010084400000000000000000000000000000000025
S315010084500000000000000000000000000000000015
S315010084600000000000000000000000000000000005
S3150100847000000000000000000000000000000000F5
S3150100848000000000000000000000000000000000E5
S3150100849000000000000000000000000000000000D5
S315010084A000000000000000000000000000000000C5
S315010084B000000000000000000000000000000000B5
S315010084C000000000000000000000000000000000A5
S315010084D00000000000000000000000000000000095
S315010084E00000000000000000000000000000000085
S315010084F00000000000000000000000000000000075
S315010085000000000000000000000000000000000064
S315010085100000000000000000000000000000000054
S315010085200000000000000000000000000000000044
S315010085300000000000000000000000000000000034
S315010085400000000000000000000000000000000024
S315010085500000000000000000000000000000000014
S315010085600000000000000000000000000000000004
S3150100857000000000000000000000000000000000F4
S3150100858000000000000000000000000000000000E4
S3150100859000000000000000000000000000000000D4
S315010085A000000000000000000000000000000000C4
S315010085B000000000000000000000000000000000B4
S315010085C000000000000000000000000000000000A4
S315010085D00000000000000000000000000000000094
S315010085E00000000000000000000000000000000084
S315010085F00000000000000000000000000000000074
S315010086000000000000000000000000000000000063
S315010086100000000000000000000000000000000053
S315010086200000000000000000000000000000000043
S315010086300000000000000000000000000000000033
S315010086400000000000000000000000000000000023
S315010086500000000000000000000000000000000013
S315010086600000000000000000000000000000000003
S3150100867000000000000000000000000000000000F3
S3150100868000000000000000000000000000000000E3
S3150100869000000000000000000000000000000000D3
S315010086A000000000000000000000000000000000C3
S315010086B000000000000000000000000000000000B3
S315010086C000000000000000000000000000000000A3
S315010086D00000000000000000000000000000000093
S315010086E00000000000000000000000000000000083
S315010086F00000000000000000000000000000000073
S315010087000000000000000000000000000000000062
S315010087100000000000000000000000000000000052
S315010087200000000000000000000000000000000042
S315010087300000000000000000000000000000000032
S315010087400000000000000000000000000000000022
S315010087500000000000000000000000000000000012
S315010087600000000000000000000000000000000002
S3150100877000000000000000000000000000000000F2
S3150100878000000000000000000000000000000000E2
S3150100879000000000000000000000000000000000D2
S315010087A000000000000000000000000000000000C2
S315010087B000000000000000000000000000000000B2
S315010087C000000000000000000000000000000000A2
S315010087D00000000000000000000000000000000092
S315010087E00000000000000000000000000000000082
S315010087F00000000000000000000000000000000072
S315010088000000000000000000000000000000000061
S315010088100000000000000000000000000000000051
S315010088200000000000000000000000000000000041
S315010088300000000000000000000000000000000031
S315010088400000000000000000000000000000000021
S315010088500000000000000000000000000000000011
S315010088600000000000000000000000000000000001
S3150100887000000000000000000000000000000000F1
S3150100888000000000000000000000000000000000E1
S3150100889000000000000000000000000000000000D1
S315010088A000000000000000000000000000000000C1
S315010088B000000000000000000000000000000000B1
S315010088C000000000000000000000000000000000A1
S315010088D00000000000000000000000000000000091
S315010088E00000000000000000000000000000000081
S315010088F00000000000000000000000000000000071
S315010089000000000000000000000000000000000060
S315010089100000000000000000000000000000000050
S315010089200000000000000000000000000000000040
S315010089300000000000000000000000000000000030
S315010089400000000000000000000000000000000020
S315010089500000000000000000000000000000000010
S315010089600000000000000000000000000000000000
S3150100897000000000000000000000000000000000F0
S3150100898000000000000000000000000000000000E0
S3150100899000000000000000000000000000000000D0
S315010089A000000000000000000000000000000000C0
S315010089B000000000000000000000000000000000B0
S315010089C000000000000000000000000000000000A0
S315010089D00000000000000000000000000000000090
S315010089E00000000000000000000000000000000080
S315010089F00000000000000000000000000000000070
S31501008A00000000000000000000000000000000005F
S31501008A10000000000000000000000000000000004F
S31501008A20000000000000000000000000000000003F
S31501008A30000000000000000000000000000000002F
S31501008A40000000000000000000000000000000001F
S31501008A50000000000000000000000000000000000F
S31501008A6000000000000000000000000000000000FF
S31501008A7000000000000000000000000000000000EF
S31501008A8000000000000000000000000000000000DF
S31501008A9000000000000000000000000000000000CF
S31501008AA000000000000000000000000000000000BF
S31501008AB000000000000000000000000000000000AF
S31501008AC0000000000000000000000000000000009F
S31501008AD0000000000000000000000000000000008F
S31501008AE0000000000000000000000000000000007F
S31501008AF0000000000000000000000000000000006F
S31501008B00000000000000000000000000000000005E
S31501008B10000000000000000000000000000000004E
S31501008B20000000000000000000000000000000003E
S31501008B30000000000000000000000000000000002E
S31501008B40000000000000000000000000000000001E
S31501008B50000000000000000000000000000000000E
S31501008B6000000000000000000000000000000000FE
S31501008B7000000000000000000000000000000000EE
S31501008B8000000000000000000000000000000000DE
S31501008B9000000000000000000000000000000000CE
S31501008BA000000000000000000000000000000000BE
S31501008BB000000000000000000000000000000000AE
S31501008BC0000000000000000000000000000000009E
S31501008BD0000000000000000000000000000000008E
S31501008BE0000000000000000000000000000000007E
S31501008BF0000000000000000000000000000000006E
S31501008C00000000000000000000000000000000005D
S31501008C10000000000000000000000000000000004D
S31501008C20000000000000000000000000000000003D
S31501008C30000000000000000000000000000000002D
S31501008C40000000000000000000000000000000001D
S31501008C50000000000000000000000000000000000D
S31501008C6000000000000000000000000000000000FD
S31501008C7000000000000000000000000000000000ED
S31501008C8000000000000000000000000000000000DD
S31501008C9000000000000000000000000000000000CD
S31501008CA000000000000000000000000000000000BD
S31501008CB000000000000000000000000000000000AD
S31501008CC0000000000000000000000000000000009D
S31501008CD0000000000000000000000000000000008D
S31501008CE0000000000000000000000000000000007D
S31501008CF0000000000000000000000000000000006D
S31501008D00000000000000000000000000000000005C
S31501008D10000000000000000000000000000000004C
S31501008D20000000000000000000000000000000003C
S31501008D30000000000000000000000000000000002C
S31501008D40000000000000000000000000000000001C
S31501008D50000000000000000000000000000000000C
S31501008D6000000000000000000000000000000000FC
S31501008D7000000000000000000000000000000000EC
S31501008D8000000000000000000000000000000000DC
S31501008D9000000000000000000000000000000000CC
S31501008DA000000000000000000000000000000000BC
S31501008DB000000000000000000000000000000000AC
S31501008DC0000000000000000000000000000000009C
S31501008DD0000000000000000000000000000000008C
S31501008DE0000000000000000000000000000000007C
S31501008DF0000000000000000000000000000000006C
S31501008E00000000000000000000000000000000005B
S31501008E10000000000000000000000000000000004B
S31501008E20000000000000000000000000000000003B
S31501008E30000000000000000000000000000000002B
S31501008E40000000000000000000000000000000001B
S31501008E50000000000000000000000000000000000B
S31501008E6000000000000000000000000000000000FB
S31501008E7000000000000000000000000000000000EB
S31501008E8000000000000000000000000000000000DB
S31501008E9000000000000000000000000000000000CB
S31501008EA000000000000000000000000000000000BB
S31501008EB000000000000000000000000000000000AB
S31501008EC0000000000000000000000000000000009B
S31501008ED0000000000000000000000000000000008B
S31501008EE0000000000000000000000000000000007B
S31501008EF0000000000000000000000000000000006B
S31501008F00000000000000000000000000000000005A
S31501008F10000000000000000000000000000000004A
S31501008F20000000000000000000000000000000003A
S31501008F30000000000000000000000000000000002A
S31501008F40000000000000000000000000000000001A
S31501008F50000000000000000000000000000000000A
S31501008F6000000000000000000000000000000000FA
S31501008F7000000000000000000000000000000000EA
S31501008F8000000000000000000000000000000000DA
S31501008F9000000000000000000000000000000000CA
S31501008FA000000000000000000000000000000000BA
S31501008FB000000000000000000000000000000000AA
S31501008FC0000000000000000000000000000000009A
S31501008FD0000000000000000000000000000000008A
S31501008FE0000000000000000000000000000000007A
S31501008FF0000000000000000000000000000000006A
S315010090000000000000000000000000000000000059
S315010090100000000000000000000000000000000049
S315010090200000000000000000000000000000000039
S315010090300000000000000000000000000000000029
S315010090400000000000000000000000000000000019
S315010090500000000000000000000000000000000009
S3150100906000000000000000000000000000000000F9
S3150100907000000000000000000000000000000000E9
S3150100908000000000000000000000000000000000D9
S3150100909000000000000000000000000000000000C9
S315010090A000000000000000000000000000000000B9
S315010090B000000000000000000000000000000000A9
S315010090C00000000000000000000000000000000099
S315010090D00000000000000000000000000000000089
S315010090E00000000000000000000000000000000079
S315010090F00000000000000000000000000000000069
S315010091000000000000000000000000000000000058
S315010091100000000000000000000000000000000048
S315010091200000000000000000000000000000000038
S315010091300000000000000000000000000000000028
S315010091400000000000000000000000000000000018
S315010091500000000000000000000000000000000008
S3150100916000000000000000000000000000000000F8
S3150100917000000000000000000000000000000000E8
S3150100918000000000000000000000000000000000D8
S3150100919000000000000000000000000000000000C8
S315010091A000000000000000000000000000000000B8
S315010091B000000000000000000000000000000000A8
S315010091C00000000000000000000000000000000098
S315010091D00000000000000000000000000000000088
S315010091E00000000000000000000000000000000078
S315010091F00000000000000000000000000000000068
S315010092000000000000000000000000000000000057
S315010092100000000000000000000000000000000047
S315010092200000000000000000000000000000000037
S315010092300000000000000000000000000000000027
S315010092400000000000000000000000000000000017
S315010092500000000000000000000000000000000007
S3150100926000000000000000000000000000000000F7
S3150100927000000000000000000000000000000000E7
S3150100928000000000000000000000000000000000D7
S3150100929000000000000000000000000000000000C7
S315010092A000000000000000000000000000000000B7
S315010092B000000000000000000000000000000000A7
S315010092C00000000000000000000000000000000097
S315010092D00000000000000000000000000000000087
S315010092E00000000000000000000000000000000077
S315010092F00000000000000000000000000000000067
S315010093000000000000000000000000000000000056
S315010093100000000000000000000000000000000046
S315010093200000000000000000000000000000000036
S315010093300000000000000000000000000000000026
S315010093400000000000000000000000000000000016
S315010093500000000000000000000000000000000006
S3150100936000000000000000000000000000000000F6
S3150100937000000000000000000000000000000000E6
S3150100938000000000000000000000000000000000D6
S3150100939000000000000000000000000000000000C6
S315010093A000000000000000000000000000000000B6
S315010093B000000000000000000000000000000000A6
S315010093C00000000000000000000000000000000096
S315010093D00000000000000000000000000000000086
S315010093E00000000000000000000000000000000076
S315010093F00000000000000000000000000000000066
S315010094000000000000000000000000000000000055
S315010094100000000000000000000000000000000045
S315010094200000000000000000000000000000000035
S315010094300000000000000000000000000000000025
S315010094400000000000000000000000000000000015
S315010094500000000000000000000000000000000005
S3150100946000000000000000000000000000000000F5
S3150100947000000000000000000000000000000000E5
S3150100948000000000000000000000000000000000D5
S3150100949000000000000000000000000000000000C5
S315010094A000000000000000000000000000000000B5
S315010094B000000000000000000000000000000000A5
S315010094C00000000000000000000000000000000095
S315010094D00000000000000000000000000000000085
S315010094E00000000000000000000000000000000075
S315010094F00000000000000000000000000000000065
S315010095000000000000000000000000000000000054
S315010095100000000000000000000000000000000044
S315010095200000000000000000000000000000000034
S315010095300000000000000000000000000000000024
S315010095400000000000000000000000000000000014
S315010095500000000000000000000000000000000004
S3150100956000000000000000000000000000000000F4
S3150100957000000000000000000000000000000000E4
S3150100958000000000000000000000000000000000D4
S3150100959000000000000000000000000000000000C4
S315010095A000000000000000000000000000000000B4
S315010095B000000000000000000000000000000000A4
S315010095C00000000000000000000000000000000094
S315010095D00000000000000000000000000000000084
S315010095E00000000000000000000000000000000074
S315010095F00000000000000000000000000000000064
S315010096000000000000000000000000000000000053
S315010096100000000000000000000000000000000043
S315010096200000000000000000000000000000000033
S315010096300000000000000000000000000000000023
S315010096400000000000000000000000000000000013
S315010096500000000000000000000000000000000003
S3150100966000000000000000000000000000000000F3
S3150100967000000000000000000000000000000000E3
S3150100968000000000000000000000000000000000D3
S3150100969000000000000000000000000000000000C3
S315010096A000000000000000000000000000000000B3
S315010096B000000000000000000000000000000000A3
S315010096C00000000000000000000000000000000093
S315010096D00000000000000000000000000000000083
S315010096E00000000000000000000000000000000073
S315010096F00000000000000000000000000000000063
S315010097000000000000000000000000000000000052
S315010097100000000000000000000000000000000042
S315010097200000000000000000000000000000000032
S315010097300000000000000000000000000000000022
S315010097400000000000000000000000000000000012
S315010097500000000000000000000000000000000002
S3150100976000000000000000000000000000000000F2
S3150100977000000000000000000000000000000000E2
S3150100978000000000000000000000000000000000D2
S3150100979000000000000000000000000000000000C2
S315010097A000000000000000000000000000000000B2
S315010097B000000000000000000000000000000000A2
S315010097C00000000000000000000000000000000092
S315010097D00000000000000000000000000000000082
S315010097E00000000000000000000000000000000072
S315010097F00000000000000000000000000000000062
S315010098000000000000000000000000000000000051
S315010098100000000000000000000000000000000041
S315010098200000000000000000000000000000000031
S315010098300000000000000000000000000000000021
S315010098400000000000000000000000000000000011
S315010098500000000000000000000000000000000001
S3150100986000000000000000000000000000000000F1
S3150100987000000000000000000000000000000000E1
S3150100988000000000000000000000000000000000D1
S3150100989000000000000000000000000000000000C1
S315010098A000000000000000000000000000000000B1
S315010098B000000000000000000000000000000000A1
S315010098C00000000000000000000000000000000091
S315010098D00000000000000000000000000000000081
S315010098E00000000000000000000000000000000071
S315010098F00000000000000000000000000000000061
S315010099000000000000000000000000000000000050
S315010099100000000000000000000000000000000040
S315010099200000000000000000000000000000000030
S315010099300000000000000000000000000000000020
S315010099400000000000000000000000000000000010
S315010099500000000000000000000000000000000000
S3150100996000000000000000000000000000000000F0
S3150100997000000000000000000000000000000000E0
S3150100998000000000000000000000000000000000D0
S3150100999000000000000000000000000000000000C0
S315010099A000000000000000000000000000000000B0
S315010099B000000000000000000000000000000000A0
S315010099C00000000000000000000000000000000090
S315010099D00000000000000000000000000000000080
S315010099E00000000000000000000000000000000070
S315010099F00000000000000000000000000000000060
S31501009A00000000000000000000000000000000004F
S31501009A10000000000000000000000000000000003F
S31501009A20000000000000000000000000000000002F
S31501009A30000000000000000000000000000000001F
S31501009A40000000000000000000000000000000000F
S31501009A5000000000000000000000000000000000FF
S31501009A6000000000000000000000000000000000EF
S31501009A7000000000000000000000000000000000DF
S31501009A8000000000000000000000000000000000CF
S31501009A9000000000000000000000000000000000BF
S31501009AA000000000000000000000000000000000AF
S31501009AB0000000000000000000000000000000009F
S31501009AC0000000000000000000000000000000008F
S31501009AD0000000000000000000000000000000007F
S31501009AE0000000000000000000000000000000006F
S31501009AF0000000000000000000000000000000005F
S31501009B00000000000000000000000000000000004E
S31501009B10000000000000000000000000000000003E
S31501009B20000000000000000000000000000000002E
S31501009B30000000000000000000000000000000001E
S31501009B40000000000000000000000000000000000E
S31501009B5000000000000000000000000000000000FE
S31501009B6000000000000000000000000000000000EE
S31501009B7000000000000000000000000000000000DE
S31501009B8000000000000000000000000000000000CE
S31501009B9000000000000000000000000000000000BE
S31501009BA000000000000000000000000000000000AE
S31501009BB0000000000000000000000000000000009E
S31501009BC0000000000000000000000000000000008E
S31501009BD0000000000000000000000000000000007E
S31501009BE0000000000000000000000000000000006E
S31501009BF0000000000000000000000000000000005E
S31501009C00000000000000000000000000000000004D
S31501009C10000000000000000000000000000000003D
S31501009C20000000000000000000000000000000002D
S31501009C30000000000000000000000000000000001D
S31501009C40000000000000000000000000000000000D
S31501009C5000000000000000000000000000000000FD
S31501009C6000000000000000000000000000000000ED
S31501009C7000000000000000000000000000000000DD
S31501009C8000000000000000000000000000000000CD
S31501009C9000000000000000000000000000000000BD
S31501009CA000000000000000000000000000000000AD
S31501009CB0000000000000000000000000000000009D
S31501009CC0000000000000000000000000000000008D
S31501009CD0000000000000000000000000000000007D
S31501009CE0000000000000000000000000000000006D
S31501009CF0000000000000000000000000000000005D
S31501009D00000000000000000000000000000000004C
S31501009D10000000000000000000000000000000003C
S31501009D20000000000000000000000000000000002C
S31501009D30000000000000000000000000000000001C
S31501009D40000000000000000000000000000000000C
S31501009D5000000000000000000000000000000000FC
S31501009D6000000000000000000000000000000000EC
S31501009D7000000000000000000000000000000000DC
S31501009D8000000000000000000000000000000000CC
S31501009D9000000000000000000000000000000000BC
S31501009DA000000000000000000000000000000000AC
S31501009DB0000000000000000000000000000000009C
S31501009DC0000000000000000000000000000000008C
S31501009DD0000000000000000000000000000000007C
S31501009DE0000000000000000000000000000000006C
S31501009DF0000000000000000000000000000000005C
S31501009E00000000000000000000000000000000004B
S31501009E10000000000000000000000000000000003B
S31501009E20000000000000000000000000000000002B
S31501009E30000000000000000000000000000000001B
S31501009E40000000000000000000000000000000000B
S31501009E5000000000000000000000000000000000FB
S31501009E6000000000000000000000000000000000EB
S31501009E7000000000000000000000000000000000DB
S31501009E8000000000000000000000000000000000CB
S31501009E9000000000000000000000000000000000BB
S31501009EA000000000000000000000000000000000AB
S31501009EB0000000000000000000000000000000009B
S31501009EC0000000000000000000000000000000008B
S31501009ED0000000000000000000000000000000007B
S31501009EE0000000000000000000000000000000006B
S31501009EF0000000000000000000000000000000005B
S31501009F00000000000000000000000000000000004A
S31501009F10000000000000000000000000000000003A
S31501009F20000000000000000000000000000000002A
S31501009F30000000000000000000000000000000001A
S31501009F40000000000000000000000000000000000A
S31501009F5000000000000000000000000000000000FA
S31501009F6000000000000000000000000000000000EA
S31501009F7000000000000000000000000000000000DA
S31501009F8000000000000000000000000000000000CA
S31501009F9000000000000000000000000000000000BA
S31501009FA000000000000000000000000000000000AA
S31501009FB0000000000000000000000000000000009A
S31501009FC0000000000000000000000000000000008A
S31501009FD0000000000000000000000000000000007A
S31501009FE0000000000000000000000000000000006A
S31501009FF0000000000000000000000000000000005A
S3150100A0000000000000000000000000000000000049
S3150100A0100000000000000000000000000000000039
S3150100A0200000000000000000000000000000000029
S3150100A0300000000000000000000000000000000019
S3150100A0400000000000000000000000000000000009
S3150100A05000000000000000000000000000000000F9
S3150100A06000000000000000000000000000000000E9
S3150100A07000000000000000000000000000000000D9
S3150100A08000000000000000000000000000000000C9
S3150100A09000000000000000000000000000000000B9
S3150100A0A000000000000000000000000000000000A9
S3150100A0B00000000000000000000000000000000099
S3150100A0C00000000000000000000000000000000089
S3150100A0D00000000000000000000000000000000079
S3150100A0E00000000000000000000000000000000069
S3150100A0F00000000000000000000000000000000059
S3150100A1000000000000000000000000000000000048
S3150100A1100000000000000000000000000000000038
S3150100A1200000000000000000000000000000000028
S3150100A1300000000000000000000000000000000018
S3150100A1400000000000000000000000000000000008
S3150100A15000000000000000000000000000000000F8
S3150100A16000000000000000000000000000000000E8
S3150100A17000000000000000000000000000000000D8
S3150100A18000000000000000000000000000000000C8
S3150100A19000000000000000000000000000000000B8
S3150100A1A000000000000000000000000000000000A8
S3150100A1B00000000000000000000000000000000098
S3150100A1C00000000000000000000000000000000088
S3150100A1D00000000000000000000000000000000078
S3150100A1E00000000000000000000000000000000068
S3150100A1F00000000000000000000000000000000058
S3150100A2000000000000000000000000000000000047
S3150100A2100000000000000000000000000000000037
S3150100A2200000000000000000000000000000000027
S3150100A2300000000000000000000000000000000017
S3150100A2400000000000000000000000000000000007
S3150100A25000000000000000000000000000000000F7
S3150100A26000000000000000000000000000000000E7
S3150100A27000000000000000000000000000000000D7
S3150100A28000000000000000000000000000000000C7
S3150100A29000000000000000000000000000000000B7
S3150100A2A000000000000000000000000000000000A7
S3150100A2B00000000000000000000000000000000097
S3150100A2C00000000000000000000000000000000087
S3150100A2D00000000000000000000000000000000077
S3150100A2E00000000000000000000000000000000067
S3150100A2F00000000000000000000000000000000057
S3150100A3000000000000000000000000000000000046
S3150100A3100000000000000000000000000000000036
S3150100A3200000000000000000000000000000000026
S3150100A3300000000000000000000000000000000016
S3150100A3400000000000000000000000000000000006
S3150100A35000000000000000000000000000000000F6
S3150100A36000000000000000000000000000000000E6
S3150100A37000000000000000000000000000000000D6
S3150100A38000000000000000000000000000000000C6
S3150100A39000000000000000000000000000000000B6
S3150100A3A000000000000000000000000000000000A6
S3150100A3B00000000000000000000000000000000096
S3150100A3C00000000000000000000000000000000086
S3150100A3D00000000000000000000000000000000076
S3150100A3E00000000000000000000000000000000066
S3150100A3F00000000000000000000000000000000056
S3150100A4000000000000000000000000000000000045
S3150100A4100000000000000000000000000000000035
S3150100A4200000000000000000000000000000000025
S3150100A4300000000000000000000000000000000015
S3150100A4400000000000000000000000000000000005
S3150100A45000000000000000000000000000000000F5
S3150100A46000000000000000000000000000000000E5
S3150100A47000000000000000000000000000000000D5
S3150100A48000000000000000000000000000000000C5
S3150100A49000000000000000000000000000000000B5
S3150100A4A000000000000000000000000000000000A5
S3150100A4B00000000000000000000000000000000095
S3150100A4C00000000000000000000000000000000085
S3150100A4D00000000000000000000000000000000075
S3150100A4E00000000000000000000000000000000065
S3150100A4F00000000000000000000000000000000055
S3150100A5000000000000000000000000000000000044
S3150100A5100000000000000000000000000000000034
S3150100A5200000000000000000000000000000000024
S3150100A5300000000000000000000000000000000014
S3150100A5400000000000000000000000000000000004
S3150100A55000000000000000000000000000000000F4
S3150100A56000000000000000000000000000000000E4
S3150100A57000000000000000000000000000000000D4
S3150100A58000000000000000000000000000000000C4
S3150100A59000000000000000000000000000000000B4
S3150100A5A000000000000000000000000000000000A4
S3150100A5B00000000000000000000000000000000094
S3150100A5C00000000000000000000000000000000084
S3150100A5D00000000000000000000000000000000074
S3150100A5E00000000000000000000000000000000064
S3150100A5F00000000000000000000000000000000054
S3150100A6000000000000000000000000000000000043
S3150100A6100000000000000000000000000000000033
S3150100A6200000000000000000000000000000000023
S3150100A6300000000000000000000000000000000013
S3150100A6400000000000000000000000000000000003
S3150100A65000000000000000000000000000000000F3
S3150100A66000000000000000000000000000000000E3
S3150100A67000000000000000000000000000000000D3
S3150100A68000000000000000000000000000000000C3
S3150100A69000000000000000000000000000000000B3
S3150100A6A000000000000000000000000000000000A3
S3150100A6B00000000000000000000000000000000093
S3150100A6C00000000000000000000000000000000083
S3150100A6D00000000000000000000000000000000073
S3150100A6E00000000000000000000000000000000063
S3150100A6F00000000000000000000000000000000053
S3150100A7000000000000000000000000000000000042
S3150100A7100000000000000000000000000000000032
S3150100A7200000000000000000000000000000000022
S3150100A7300000000000000000000000000000000012
S3150100A7400000000000000000000000000000000002
S3150100A75000000000000000000000000000000000F2
S3150100A76000000000000000000000000000000000E2
S3150100A77000000000000000000000000000000000D2
S3150100A78000000000000000000000000000000000C2
S3150100A79000000000000000000000000000000000B2
S3150100A7A000000000000000000000000000000000A2
S3150100A7B00000000000000000000000000000000092
S3150100A7C00000000000000000000000000000000082
S3150100A7D00000000000000000000000000000000072
S3150100A7E00000000000000000000000000000000062
S3150100A7F00000000000000000000000000000000052
S3150100A8000000000000000000000000000000000041
S3150100A8100000000000000000000000000000000031
S3150100A8200000000000000000000000000000000021
S3150100A8300000000000000000000000000000000011
S3150100A8400000000000000000000000000000000001
S3150100A85000000000000000000000000000000000F1
S3150100A86000000000000000000000000000000000E1
S3150100A87000000000000000000000000000000000D1
S3150100A88000000000000000000000000000000000C1
S3150100A89000000000000000000000000000000000B1
S3150100A8A000000000000000000000000000000000A1
S3150100A8B00000000000000000000000000000000091
S3150100A8C00000000000000000000000000000000081
S3150100A8D00000000000000000000000000000000071
S3150100A8E00000000000000000000000000000000061
S3150100A8F00000000000000000000000000000000051
S3150100A9000000000000000000000000000000000040
S3150100A9100000000000000000000000000000000030
S3150100A9200000000000000000000000000000000020
S3150100A9300000000000000000000000000000000010
S3150100A9400000000000000000000000000000000000
S3150100A95000000000000000000000000000000000F0
S3150100A96000000000000000000000000000000000E0
S3150100A97000000000000000000000000000000000D0
S3150100A98000000000000000000000000000000000C0
S3150100A99000000000000000000000000000000000B0
S3150100A9A000000000000000000000000000000000A0
S3150100A9B00000000000000000000000000000000090
S3150100A9C00000000000000000000000000000000080
S3150100A9D00000000000000000000000000000000070
S3150100A9E00000000000000000000000000000000060
S3150100A9F00000000000000000000000000000000050
S3150100AA00000000000000000000000000000000003F
S3150100AA10000000000000000000000000000000002F
S3150100AA20000000000000000000000000000000001F
S3150100AA30000000000000000000000000000000000F
S3150100AA4000000000000000000000000000000000FF
S3150100AA5000000000000000000000000000000000EF
S3150100AA6000000000000000000000000000000000DF
S3150100AA7000000000000000000000000000000000CF
S3150100AA8000000000000000000000000000000000BF
S3150100AA9000000000000000000000000000000000AF
S3150100AAA0000000000000000000000000000000009F
S3150100AAB0000000000000000000000000000000008F
S3150100AAC0000000000000000000000000000000007F
S3150100AAD0000000000000000000000000000000006F
S3150100AAE0000000000000000000000000000000005F
S3150100AAF0000000000000000000000000000000004F
S3150100AB00000000000000000000000000000000003E
S3150100AB10000000000000000000000000000000002E
S3150100AB20000000000000000000000000000000001E
S3150100AB30000000000000000000000000000000000E
S3150100AB4000000000000000000000000000000000FE
S3150100AB5000000000000000000000000000000000EE
S3150100AB6000000000000000000000000000000000DE
S3150100AB7000000000000000000000000000000000CE
S3150100AB8000000000000000000000000000000000BE
S3150100AB9000000000000000000000000000000000AE
S3150100ABA0000000000000000000000000000000009E
S3150100ABB0000000000000000000000000000000008E
S3150100ABC0000000000000000000000000000000007E
S3150100ABD0000000000000000000000000000000006E
S3150100ABE0000000000000000000000000000000005E
S3150100ABF0000000000000000000000000000000004E
S3150100AC00000000000000000000000000000000003D
S3150100AC10000000000000000000000000000000002D
S3150100AC20000000000000000000000000000000001D
S3150100AC30000000000000000000000000000000000D
S3150100AC4000000000000000000000000000000000FD
S3150100AC5000000000000000000000000000000000ED
S3150100AC6000000000000000000000000000000000DD
S3150100AC7000000000000000000000000000000000CD
S3150100AC8000000000000000000000000000000000BD
S3150100AC9000000000000000000000000000000000AD
S3150100ACA0000000000000000000000000000000009D
S3150100ACB0000000000000000000000000000000008D
S3150100ACC0000000000000000000000000000000007D
S3150100ACD0000000000000000000000000000000006D
S3150100ACE0000000000000000000000000000000005D
S3150100ACF0000000000000000000000000000000004D
S3150100AD00000000000000000000000000000000003C
S3150100AD10000000000000000000000000000000002C
S3150100AD20000000000000000000000000000000001C
S3150100AD30000000000000000000000000000000000C
S3150100AD4000000000000000000000000000000000FC
S3150100AD5000000000000000000000000000000000EC
S3150100AD6000000000000000000000000000000000DC
S3150100AD7000000000000000000000000000000000CC
S3150100AD8000000000000000000000000000000000BC
S3150100AD9000000000000000000000000000000000AC
S3150100ADA0000000000000000000000000000000009C
S3150100ADB0000000000000000000000000000000008C
S3150100ADC0000000000000000000000000000000007C
S3150100ADD0000000000000000000000000000000006C
S3150100ADE0000000000000000000000000000000005C
S3150100ADF0000000000000000000000000000000004C
S3150100AE00000000000000000000000000000000003B
S3150100AE10000000000000000000000000000000002B
S3150100AE20000000000000000000000000000000001B
S3150100AE30000000000000000000000000000000000B
S3150100AE4000000000000000000000000000000000FB
S3150100AE5000000000000000000000000000000000EB
S3150100AE6000000000000000000000000000000000DB
S3150100AE7000000000000000000000000000000000CB
S3150100AE8000000000000000000000000000000000BB
S3150100AE9000000000000000000000000000000000AB
S3150100AEA0000000000000000000000000000000009B
S3150100AEB0000000000000000000000000000000008B
S3150100AEC0000000000000000000000000000000007B
S3150100AED0000000000000000000000000000000006B
S3150100AEE0000000000000000000000000000000005B
S3150100AEF0000000000000000000000000000000004B
S3150100AF00000000000000000000000000000000003A
S3150100AF10000000000000000000000000000000002A
S3150100AF20000000000000000000000000000000001A
S3150100AF30000000000000000000000000000000000A
S3150100AF4000000000000000000000000000000000FA
S3150100AF5000000000000000000000000000000000EA
S3150100AF6000000000000000000000000000000000DA
S3150100AF7000000000000000000000000000000000CA
S3150100AF8000000000000000000000000000000000BA
S3150100AF9000000000000000000000000000000000AA
S3150100AFA0000000000000000000000000000000009A
S3150100AFB0000000000000000000000000000000008A
S3150100AFC0000000000000000000000000000000007A
S3150100AFD0000000000000000000000000000000006A
S3150100AFE0000000000000000000000000000000005A
S3150100AFF0000000000000000000000000000000004A
S3150100B0000000000000000000000000000000000039
S3150100B0100000000000000000000000000000000029
S3150100B0200000000000000000000000000000000019
S3150100B0300000000000000000000000000000000009
S3150100B04000000000000000000000000000000000F9
S3150100B05000000000000000000000000000000000E9
S3150100B06000000000000000000000000000000000D9
S3150100B07000000000000000000000000000000000C9
S3150100B08000000000000000000000000000000000B9
S3150100B09000000000000000000000000000000000A9
S3150100B0A00000000000000000000000000000000099
S3150100B0B00000000000000000000000000000000089
S3150100B0C00000000000000000000000000000000079
S3150100B0D00000000000000000000000000000000069
S3150100B0E00000000000000000000000000000000059
S3150100B0F00000000000000000000000000000000049
S3150100B1000000000000000000000000000000000038
S3150100B1100000000000000000000000000000000028
S3150100B1200000000000000000000000000000000018
S3150100B1300000000000000000000000000000000008
S3150100B14000000000000000000000000000000000F8
S3150100B15000000000000000000000000000000000E8
S3150100B16000000000000000000000000000000000D8
S3150100B17000000000000000000000000000000000C8
S3150100B18000000000000000000000000000000000B8
S3150100B19000000000000000000000000000000000A8
S3150100B1A00000000000000000000000000000000098
S3150100B1B00000000000000000000000000000000088
S3150100B1C00000000000000000000000000000000078
S3150100B1D00000000000000000000000000000000068
S3150100B1E00000000000000000000000000000000058
S3150100B1F00000000000000000000000000000000048
S3150100B2000000000000000000000000000000000037
S3150100B2100000000000000000000000000000000027
S3150100B2200000000000000000000000000000000017
S3150100B2300000000000000000000000000000000007
S3150100B24000000000000000000000000000000000F7
S3150100B25000000000000000000000000000000000E7
S3150100B26000000000000000000000000000000000D7
S3150100B27000000000000000000000000000000000C7
S3150100B28000000000000000000000000000000000B7
S3150100B29000000000000000000000000000000000A7
S3150100B2A00000000000000000000000000000000097
S3150100B2B00000000000000000000000000000000087
S3150100B2C00000000000000000000000000000000077
S3150100B2D00000000000000000000000000000000067
S3150100B2E00000000000000000000000000000000057
S3150100B2F00000000000000000000000000000000047
S3150100B3000000000000000000000000000000000036
S3150100B3100000000000000000000000000000000026
S3150100B3200000000000000000000000000000000016
S3150100B3300000000000000000000000000000000006
S3150100B34000000000000000000000000000000000F6
S3150100B35000000000000000000000000000000000E6
S3150100B36000000000000000000000000000000000D6
S3150100B37000000000000000000000000000000000C6
S3150100B38000000000000000000000000000000000B6
S3150100B39000000000000000000000000000000000A6
S3150100B3A00000000000000000000000000000000096
S3150100B3B00000000000000000000000000000000086
S3150100B3C00000000000000000000000000000000076
S3150100B3D00000000000000000000000000000000066
S3150100B3E00000000000000000000000000000000056
S3150100B3F00000000000000000000000000000000046
S3150100B4000000000000000000000000000000000035
S3150100B4100000000000000000000000000000000025
S3150100B4200000000000000000000000000000000015
S3150100B4300000000000000000000000000000000005
S3150100B44000000000000000000000000000000000F5
S3150100B45000000000000000000000000000000000E5
S3150100B46000000000000000000000000000000000D5
S3150100B47000000000000000000000000000000000C5
S3150100B48000000000000000000000000000000000B5
S3150100B49000000000000000000000000000000000A5
S3150100B4A00000000000000000000000000000000095
S3150100B4B00000000000000000000000000000000085
S3150100B4C00000000000000000000000000000000075
S3150100B4D00000000000000000000000000000000065
S3150100B4E00000000000000000000000000000000055
S3150100B4F00000000000000000000000000000000045
S3150100B5000000000000000000000000000000000034
S3150100B5100000000000000000000000000000000024
S3150100B5200000000000000000000000000000000014
S3150100B5300000000000000000000000000000000004
S3150100B54000000000000000000000000000000000F4
S3150100B55000000000000000000000000000000000E4
S3150100B56000000000000000000000000000000000D4
S3150100B57000000000000000000000000000000000C4
S3150100B58000000000000000000000000000000000B4
S3150100B59000000000000000000000000000000000A4
S3150100B5A00000000000000000000000000000000094
S3150100B5B00000000000000000000000000000000084
S3150100B5C00000000000000000000000000000000074
S3150100B5D00000000000000000000000000000000064
S3150100B5E00000000000000000000000000000000054
S3150100B5F00000000000000000000000000000000044
S3150100B6000000000000000000000000000000000033
S3150100B6100000000000000000000000000000000023
S3150100B6200000000000000000000000000000000013
S3150100B6300000000000000000000000000000000003
S3150100B64000000000000000000000000000000000F3
S3150100B65000000000000000000000000000000000E3
S3150100B66000000000000000000000000000000000D3
S3150100B67000000000000000000000000000000000C3
S3150100B68000000000000000000000000000000000B3
S3150100B69000000000000000000000000000000000A3
S3150100B6A00000000000000000000000000000000093
S3150100B6B00000000000000000000000000000000083
S3150100B6C00000000000000000000000000000000073
S3150100B6D00000000000000000000000000000000063
S3150100B6E00000000000000000000000000000000053
S3150100B6F00000000000000000000000000000000043
S3150100B7000000000000000000000000000000000032
S3150100B7100000000000000000000000000000000022
S3150100B7200000000000000000000000000000000012
S3150100B7300000000000000000000000000000000002
S3150100B74000000000000000000000000000000000F2
S3150100B75000000000000000000000000000000000E2
S3150100B76000000000000000000000000000000000D2
S3150100B77000000000000000000000000000000000C2
S3150100B78000000000000000000000000000000000B2
S3150100B79000000000000000000000000000000000A2
S3150100B7A00000000000000000000000000000000092
S3150100B7B00000000000000000000000000000000082
S3150100B7C00000000000000000000000000000000072
S3150100B7D00000000000000000000000000000000062
S3150100B7E00000000000000000000000000000000052
S3150100B7F00000000000000000000000000000000042
S3150100B8000000000000000000000000000000000031
S3150100B8100000000000000000000000000000000021
S3150100B8200000000000000000000000000000000011
S3150100B8300000000000000000000000000000000001
S3150100B84000000000000000000000000000000000F1
S3150100B85000000000000000000000000000000000E1
S3150100B86000000000000000000000000000000000D1
S3150100B87000000000000000000000000000000000C1
S3150100B88000000000000000000000000000000000B1
S3150100B89000000000000000000000000000000000A1
S3150100B8A00000000000000000000000000000000091
S3150100B8B00000000000000000000000000000000081
S3150100B8C00000000000000000000000000000000071
S3150100B8D00000000000000000000000000000000061
S3150100B8E00000000000000000000000000000000051
S3150100B8F00000000000000000000000000000000041
S3150100B9000000000000000000000000000000000030
S3150100B9100000000000000000000000000000000020
S3150100B9200000000000000000000000000000000010
S3150100B9300000000000000000000000000000000000
S3150100B94000000000000000000000000000000000F0
S3150100B95000000000000000000000000000000000E0
S3150100B96000000000000000000000000000000000D0
S3150100B97000000000000000000000000000000000C0
S3150100B98000000000000000000000000000000000B0
S3150100B99000000000000000000000000000000000A0
S3150100B9A00000000000000000000000000000000090
S3150100B9B00000000000000000000000000000000080
S3150100B9C00000000000000000000000000000000070
S3150100B9D00000000000000000000000000000000060
S3150100B9E00000000000000000000000000000000050
S3150100B9F00000000000000000000000000000000040
S3150100BA00000000000000000000000000000000002F
S3150100BA10000000000000000000000000000000001F
S3150100BA20000000000000000000000000000000000F
S3150100BA3000000000000000000000000000000000FF
S3150100BA4000000000000000000000000000000000EF
S3150100BA5000000000000000000000000000000000DF
S3150100BA6000000000000000000000000000000000CF
S3150100BA7000000000000000000000000000000000BF
S3150100BA8000000000000000000000000000000000AF
S3150100BA90000000000000000000000000000000009F
S3150100BAA0000000000000000000000000000000008F
S3150100BAB0000000000000000000000000000000007F
S3150100BAC0000000000000000000000000000000006F
S3150100BAD0000000000000000000000000000000005F
S3150100BAE0000000000000000000000000000000004F
S3150100BAF0000000000000000000000000000000003F
S3150100BB00000000000000000000000000000000002E
S3150100BB10000000000000000000000000000000001E
S3150100BB20000000000000000000000000000000000E
S3150100BB3000000000000000000000000000000000FE
S3150100BB4000000000000000000000000000000000EE
S3150100BB5000000000000000000000000000000000DE
S3150100BB6000000000000000000000000000000000CE
S3150100BB7000000000000000000000000000000000BE
S3150100BB8000000000000000000000000000000000AE
S3150100BB90000000000000000000000000000000009E
S3150100BBA0000000000000000000000000000000008E
S3150100BBB0000000000000000000000000000000007E
S3150100BBC0000000000000000000000000000000006E
S3150100BBD0000000000000000000000000000000005E
S3150100BBE0000000000000000000000000000000004E
S3150100BBF0000000000000000000000000000000003E
S3150100BC00000000000000000000000000000000002D
S3150100BC10000000000000000000000000000000001D
S3150100BC20000000000000000000000000000000000D
S3150100BC3000000000000000000000000000000000FD
S3150100BC4000000000000000000000000000000000ED
S3150100BC5000000000000000000000000000000000DD
S3150100BC6000000000000000000000000000000000CD
S3150100BC7000000000000000000000000000000000BD
S3150100BC8000000000000000000000000000000000AD
S3150100BC90000000000000000000000000000000009D
S3150100BCA0000000000000000000000000000000008D
S3150100BCB0000000000000000000000000000000007D
S3150100BCC0000000000000000000000000000000006D
S3150100BCD0000000000000000000000000000000005D
S3150100BCE0000000000000000000000000000000004D
S3150100BCF0000000000000000000000000000000003D
S3150100BD00000000000000000000000000000000002C
S3150100BD10000000000000000000000000000000001C
S3150100BD20000000000000000000000000000000000C
S3150100BD3000000000000000000000000000000000FC
S3150100BD4000000000000000000000000000000000EC
S3150100BD5000000000000000000000000000000000DC
S3150100BD6000000000000000000000000000000000CC
S3150100BD7000000000000000000000000000000000BC
S3150100BD8000000000000000000000000000000000AC
S3150100BD90000000000000000000000000000000009C
S3150100BDA0000000000000000000000000000000008C
S3150100BDB0000000000000000000000000000000007C
S3150100BDC0000000000000000000000000000000006C
S3150100BDD0000000000000000000000000000000005C
S3150100BDE0000000000000000000000000000000004C
S3150100BDF0000000000000000000000000000000003C
S3150100BE00000000000000000000000000000000002B
S3150100BE10000000000000000000000000000000001B
S3150100BE20000000000000000000000000000000000B
S3150100BE3000000000000000000000000000000000FB
S3150100BE4000000000000000000000000000000000EB
S3150100BE5000000000000000000000000000000000DB
S3150100BE6000000000000000000000000000000000CB
S3150100BE7000000000000000000000000000000000BB
S3150100BE8000000000000000000000000000000000AB
S3150100BE90000000000000000000000000000000009B
S3150100BEA0000000000000000000000000000000008B
S3150100BEB0000000000000000000000000000000007B
S3150100BEC0000000000000000000000000000000006B
S3150100BED0000000000000000000000000000000005B
S3150100BEE0000000000000000000000000000000004B
S3150100BEF0000000000000000000000000000000003B
S3150100BF00000000000000000000000000000000002A
S3150100BF10000000000000000000000000000000001A
S3150100BF20000000000000000000000000000000000A
S3150100BF3000000000000000000000000000000000FA
S3150100BF4000000000000000000000000000000000EA
S3150100BF5000000000000000000000000000000000DA
S3150100BF6000000000000000000000000000000000CA
S3150100BF7000000000000000000000000000000000BA
S3150100BF8000000000000000000000000000000000AA
S3150100BF90000000000000000000000000000000009A
S3150100BFA0000000000000000000000000000000008A
S3150100BFB0000000000000000000000000000000007A
S3150100BFC0000000000000000000000000000000006A
S3150100BFD0000000000000000000000000000000005A
S3150100BFE0000000000000000000000000000000004A
S3150100BFF0000000000000000000000000000000003A
S3150100C0000000000000000000000000000000000029
S3150100C0100000000000000000000000000000000019
S3150100C0200000000000000000000000000000000009
S3150100C03000000000000000000000000000000000F9
S3150100C04000000000000000000000000000000000E9
S3150100C05000000000000000000000000000000000D9
S3150100C06000000000000000000000000000000000C9
S3150100C07000000000000000000000000000000000B9
S3150100C08000000000000000000000000000000000A9
S3150100C0900000000000000000000000000000000099
S3150100C0A00000000000000000000000000000000089
S3150100C0B00000000000000000000000000000000079
S3150100C0C00000000000000000000000000000000069
S3150100C0D00000000000000000000000000000000059
S3150100C0E00000000000000000000000000000000049
S3150100C0F00000000000000000000000000000000039
S3150100C1000000000000000000000000000000000028
S3150100C1100000000000000000000000000000000018
S3150100C1200000000000000000000000000000000008
S3150100C13000000000000000000000000000000000F8
S3150100C14000000000000000000000000000000000E8
S3150100C15000000000000000000000000000000000D8
S3150100C16000000000000000000000000000000000C8
S3150100C17000000000000000000000000000000000B8
S3150100C18000000000000000000000000000000000A8
S3150100C1900000000000000000000000000000000098
S3150100C1A00000000000000000000000000000000088
S3150100C1B00000000000000000000000000000000078
S3150100C1C00000000000000000000000000000000068
S3150100C1D00000000000000000000000000000000058
S3150100C1E00000000000000000000000000000000048
S3150100C1F00000000000000000000000000000000038
S3150100C2000000000000000000000000000000000027
S3150100C2100000000000000000000000000000000017
S3150100C2200000000000000000000000000000000007
S3150100C23000000000000000000000000000000000F7
S3150100C24000000000000000000000000000000000E7
S3150100C25000000000000000000000000000000000D7
S3150100C26000000000000000000000000000000000C7
S3150100C27000000000000000000000000000000000B7
S3150100C28000000000000000000000000000000000A7
S3150100C2900000000000000000000000000000000097
S3150100C2A00000000000000000000000000000000087
S3150100C2B00000000000000000000000000000000077
S3150100C2C00000000000000000000000000000000067
S3150100C2D00000000000000000000000000000000057
S3150100C2E00000000000000000000000000000000047
S3150100C2F00000000000000000000000000000000037
S3150100C3000000000000000000000000000000000026
S3150100C3100000000000000000000000000000000016
S3150100C3200000000000000000000000000000000006
S3150100C33000000000000000000000000000000000F6
S3150100C34000000000000000000000000000000000E6
S3150100C35000000000000000000000000000000000D6
S3150100C36000000000000000000000000000000000C6
S3150100C37000000000000000000000000000000000B6
S3150100C38000000000000000000000000000000000A6
S3150100C3900000000000000000000000000000000096
S3150100C3A00000000000000000000000000000000086
S3150100C3B00000000000000000000000000000000076
S3150100C3C00000000000000000000000000000000066
S3150100C3D00000000000000000000000000000000056
S3150100C3E00000000000000000000000000000000046
S3150100C3F00000000000000000000000000000000036
S3150100C4000000000000000000000000000000000025
S3150100C4100000000000000000000000000000000015
S3150100C4200000000000000000000000000000000005
S3150100C43000000000000000000000000000000000F5
S3150100C44000000000000000000000000000000000E5
S3150100C45000000000000000000000000000000000D5
S3150100C46000000000000000000000000000000000C5
S3150100C47000000000000000000000000000000000B5
S3150100C48000000000000000000000000000000000A5
S3150100C4900000000000000000000000000000000095
S3150100C4A00000000000000000000000000000000085
S3150100C4B00000000000000000000000000000000075
S3150100C4C00000000000000000000000000000000065
S3150100C4D00000000000000000000000000000000055
S3150100C4E00000000000000000000000000000000045
S3150100C4F00000000000000000000000000000000035
S3150100C5000000000000000000000000000000000024
S3150100C5100000000000000000000000000000000014
S3150100C5200000000000000000000000000000000004
S3150100C53000000000000000000000000000000000F4
S3150100C54000000000000000000000000000000000E4
S3150100C55000000000000000000000000000000000D4
S3150100C56000000000000000000000000000000000C4
S3150100C57000000000000000000000000000000000B4
S3150100C58000000000000000000000000000000000A4
S3150100C5900000000000000000000000000000000094
S3150100C5A00000000000000000000000000000000084
S3150100C5B00000000000000000000000000000000074
S3150100C5C00000000000000000000000000000000064
S3150100C5D00000000000000000000000000000000054
S3150100C5E00000000000000000000000000000000044
S3150100C5F00000000000000000000000000000000034
S3150100C6000000000000000000000000000000000023
S3150100C6100000000000000000000000000000000013
S3150100C6200000000000000000000000000000000003
S3150100C63000000000000000000000000000000000F3
S3150100C64000000000000000000000000000000000E3
S3150100C65000000000000000000000000000000000D3
S3150100C66000000000000000000000000000000000C3
S3150100C67000000000000000000000000000000000B3
S3150100C68000000000000000000000000000000000A3
S3150100C6900000000000000000000000000000000093
S3150100C6A00000000000000000000000000000000083
S3150100C6B00000000000000000000000000000000073
S3150100C6C00000000000000000000000000000000063
S3150100C6D00000000000000000000000000000000053
S3150100C6E00000000000000000000000000000000043
S3150100C6F00000000000000000000000000000000033
S3150100C7000000000000000000000000000000000022
S3150100C7100000000000000000000000000000000012
S3150100C7200000000000000000000000000000000002
S3150100C73000000000000000000000000000000000F2
S3150100C74000000000000000000000000000000000E2
S3150100C75000000000000000000000000000000000D2
S3150100C76000000000000000000000000000000000C2
S3150100C77000000000000000000000000000000000B2
S3150100C78000000000000000000000000000000000A2
S3150100C7900000000000000000000000000000000092
S3150100C7A00000000000000000000000000000000082
S3150100C7B00000000000000000000000000000000072
S3150100C7C00000000000000000000000000000000062
S3150100C7D00000000000000000000000000000000052
S3150100C7E00000000000000000000000000000000042
S3150100C7F00000000000000000000000000000000032
S3150100C8000000000000000000000000000000000021
S3150100C8100000000000000000000000000000000011
S3150100C8200000000000000000000000000000000001
S3150100C83000000000000000000000000000000000F1
S3150100C84000000000000000000000000000000000E1
S3150100C85000000000000000000000000000000000D1
S3150100C86000000000000000000000000000000000C1
S3150100C87000000000000000000000000000000000B1
S3150100C88000000000000000000000000000000000A1
S3150100C8900000000000000000000000000000000091
S3150100C8A00000000000000000000000000000000081
S3150100C8B00000000000000000000000000000000071
S3150100C8C00000000000000000000000000000000061
S3150100C8D00000000000000000000000000000000051
S3150100C8E00000000000000000000000000000000041
S3150100C8F00000000000000000000000000000000031
S3150100C9000000000000000000000000000000000020
S3150100C9100000000000000000000000000000000010
S3150100C9200000000000000000000000000000000000
S3150100C93000000000000000000000000000000000F0
S3150100C94000000000000000000000000000000000E0
S3150100C95000000000000000000000000000000000D0
S3150100C96000000000000000000000000000000000C0
S3150100C97000000000000000000000000000000000B0
S3150100C98000000000000000000000000000000000A0
S3150100C9900000000000000000000000000000000090
S3150100C9A00000000000000000000000000000000080
S3150100C9B00000000000000000000000000000000070
S3150100C9C00000000000000000000000000000000060
S3150100C9D00000000000000000000000000000000050
S3150100C9E00000000000000000000000000000000040
S3150100C9F00000000000000000000000000000000030
S3150100CA00000000000000000000000000000000001F
S3150100CA10000000000000000000000000000000000F
S3150100CA2000000000000000000000000000000000FF
S3150100CA3000000000000000000000000000000000EF
S3150100CA4000000000000000000000000000000000DF
S3150100CA5000000000000000000000000000000000CF
S3150100CA6000000000000000000000000000000000BF
S3150100CA7000000000000000000000000000000000AF
S3150100CA80000000000000000000000000000000009F
S3150100CA90000000000000000000000000000000008F
S3150100CAA0000000000000000000000000000000007F
S3150100CAB0000000000000000000000000000000006F
S3150100CAC0000000000000000000000000000000005F
S3150100CAD0000000000000000000000000000000004F
S3150100CAE0000000000000000000000000000000003F
S3150100CAF0000000000000000000000000000000002F
S3150100CB00000000000000000000000000000000001E
S3150100CB10000000000000000000000000000000000E
S3150100CB2000000000000000000000000000000000FE
S3150100CB3000000000000000000000000000000000EE
S3150100CB4000000000000000000000000000000000DE
S3150100CB5000000000000000000000000000000000CE
S3150100CB6000000000000000000000000000000000BE
S3150100CB7000000000000000000000000000000000AE
S3150100CB80000000000000000000000000000000009E
S3150100CB90000000000000000000000000000000008E
S3150100CBA0000000000000000000000000000000007E
S3150100CBB0000000000000000000000000000000006E
S3150100CBC0000000000000000000000000000000005E
S3150100CBD0000000000000000000000000000000004E
S3150100CBE0000000000000000000000000000000003E
S3150100CBF0000000000000000000000000000000002E
S3150100CC00000000000000000000000000000000001D
S3150100CC10000000000000000000000000000000000D
S3150100CC2000000000000000000000000000000000FD
S3150100CC3000000000000000000000000000000000ED
S3150100CC4000000000000000000000000000000000DD
S3150100CC5000000000000000000000000000000000CD
S3150100CC6000000000000000000000000000000000BD
S3150100CC7000000000000000000000000000000000AD
S3150100CC80000000000000000000000000000000009D
S3150100CC90000000000000000000000000000000008D
S3150100CCA0000000000000000000000000000000007D
S3150100CCB0000000000000000000000000000000006D
S3150100CCC0000000000000000000000000000000005D
S3150100CCD0000000000000000000000000000000004D
S3150100CCE0000000000000000000000000000000003D
S3150100CCF0000000000000000000000000000000002D
S3150100CD00000000000000000000000000000000001C
S3150100CD10000000000000000000000000000000000C
S3150100CD2000000000000000000000000000000000FC
S3150100CD3000000000000000000000000000000000EC
S3150100CD4000000000000000000000000000000000DC
S3150100CD5000000000000000000000000000000000CC
S3150100CD6000000000000000000000000000000000BC
S3150100CD7000000000000000000000000000000000AC
S3150100CD80000000000000000000000000000000009C
S3150100CD90000000000000000000000000000000008C
S3150100CDA0000000000000000000000000000000007C
S3150100CDB0000000000000000000000000000000006C
S3150100CDC0000000000000000000000000000000005C
S3150100CDD0000000000000000000000000000000004C
S3150100CDE0000000000000000000000000000000003C
S3150100CDF0000000000000000000000000000000002C
S3150100CE00000000000000000000000000000000001B
S3150100CE10000000000000000000000000000000000B
S3150100CE2000000000000000000000000000000000FB
S3150100CE3000000000000000000000000000000000EB
S3150100CE4000000000000000000000000000000000DB
S3150100CE5000000000000000000000000000000000CB
S3150100CE6000000000000000000000000000000000BB
S3150100CE7000000000000000000000000000000000AB
S3150100CE80000000000000000000000000000000009B
S3150100CE90000000000000000000000000000000008B
S3150100CEA0000000000000000000000000000000007B
S3150100CEB0000000000000000000000000000000006B
S3150100CEC0000000000000000000000000000000005B
S3150100CED0000000000000000000000000000000004B
S3150100CEE0000000000000000000000000000000003B
S3150100CEF0000000000000000000000000000000002B
S3150100CF00000000000000000000000000000000001A
S3150100CF10000000000000000000000000000000000A
S3150100CF2000000000000000000000000000000000FA
S3150100CF3000000000000000000000000000000000EA
S3150100CF4000000000000000000000000000000000DA
S3150100CF5000000000000000000000000000000000CA
S3150100CF6000000000000000000000000000000000BA
S3150100CF7000000000000000000000000000000000AA
S3150100CF80000000000000000000000000000000009A
S3150100CF90000000000000000000000000000000008A
S3150100CFA0000000000000000000000000000000007A
S3150100CFB0000000000000000000000000000000006A
S3150100CFC0000000000000000000000000000000005A
S3150100CFD0000000000000000000000000000000004A
S3150100CFE0000000000000000000000000000000003A
S3150100CFF0000000000000000000000000000000002A
S3150100D0000000000000000000000000000000000019
S3150100D0100000000000000000000000000000000009
S3150100D02000000000000000000000000000000000F9
S3150100D03000000000000000000000000000000000E9
S3150100D04000000000000000000000000000000000D9
S3150100D05000000000000000000000000000000000C9
S3150100D06000000000000000000000000000000000B9
S3150100D07000000000000000000000000000000000A9
S3150100D0800000000000000000000000000000000099
S3150100D0900000000000000000000000000000000089
S3150100D0A00000000000000000000000000000000079
S3150100D0B00000000000000000000000000000000069
S3150100D0C00000000000000000000000000000000059
S3150100D0D00000000000000000000000000000000049
S3150100D0E00000000000000000000000000000000039
S3150100D0F00000000000000000000000000000000029
S3150100D1000000000000000000000000000000000018
S3150100D1100000000000000000000000000000000008
S3150100D12000000000000000000000000000000000F8
S3150100D13000000000000000000000000000000000E8
S3150100D14000000000000000000000000000000000D8
S3150100D15000000000000000000000000000000000C8
S3150100D16000000000000000000000000000000000B8
S3150100D17000000000000000000000000000000000A8
S3150100D1800000000000000000000000000000000098
S3150100D1900000000000000000000000000000000088
S3150100D1A00000000000000000000000000000000078
S3150100D1B00000000000000000000000000000000068
S3150100D1C00000000000000000000000000000000058
S3150100D1D00000000000000000000000000000000048
S3150100D1E00000000000000000000000000000000038
S3150100D1F00000000000000000000000000000000028
S3150100D2000000000000000000000000000000000017
S3150100D2100000000000000000000000000000000007
S3150100D22000000000000000000000000000000000F7
S3150100D23000000000000000000000000000000000E7
S3150100D24000000000000000000000000000000000D7
S3150100D25000000000000000000000000000000000C7
S3150100D26000000000000000000000000000000000B7
S3150100D27000000000000000000000000000000000A7
S3150100D2800000000000000000000000000000000097
S3150100D2900000000000000000000000000000000087
S3150100D2A00000000000000000000000000000000077
S3150100D2B00000000000000000000000000000000067
S3150100D2C00000000000000000000000000000000057
S3150100D2D00000000000000000000000000000000047
S3150100D2E00000000000000000000000000000000037
S3150100D2F00000000000000000000000000000000027
S3150100D3000000000000000000000000000000000016
S3150100D3100000000000000000000000000000000006
S3150100D32000000000000000000000000000000000F6
S3150100D33000000000000000000000000000000000E6
S3150100D34000000000000000000000000000000000D6
S3150100D35000000000000000000000000000000000C6
S3150100D36000000000000000000000000000000000B6
S3150100D37000000000000000000000000000000000A6
S3150100D3800000000000000000000000000000000096
S3150100D3900000000000000000000000000000000086
S3150100D3A00000000000000000000000000000000076
S3150100D3B00000000000000000000000000000000066
S3150100D3C00000000000000000000000000000000056
S3150100D3D00000000000000000000000000000000046
S3150100D3E00000000000000000000000000000000036
S3150100D3F00000000000000000000000000000000026
S3150100D4000000000000000000000000000000000015
S3150100D4100000000000000000000000000000000005
S3150100D42000000000000000000000000000000000F5
S3150100D43000000000000000000000000000000000E5
S3150100D44000000000000000000000000000000000D5
S3150100D45000000000000000000000000000000000C5
S3150100D46000000000000000000000000000000000B5
S3150100D47000000000000000000000000000000000A5
S3150100D4800000000000000000000000000000000095
S3150100D4900000000000000000000000000000000085
S3150100D4A00000000000000000000000000000000075
S3150100D4B00000000000000000000000000000000065
S3150100D4C00000000000000000000000000000000055
S3150100D4D00000000000000000000000000000000045
S3150100D4E00000000000000000000000000000000035
S3150100D4F00000000000000000000000000000000025
S3150100D5000000000000000000000000000000000014
S3150100D5100000000000000000000000000000000004
S3150100D52000000000000000000000000000000000F4
S3150100D53000000000000000000000000000000000E4
S3150100D54000000000000000000000000000000000D4
S3150100D55000000000000000000000000000000000C4
S3150100D56000000000000000000000000000000000B4
S3150100D57000000000000000000000000000000000A4
S3150100D5800000000000000000000000000000000094
S3150100D5900000000000000000000000000000000084
S3150100D5A00000000000000000000000000000000074
S3150100D5B00000000000000000000000000000000064
S3150100D5C00000000000000000000000000000000054
S3150100D5D00000000000000000000000000000000044
S3150100D5E00000000000000000000000000000000034
S3150100D5F00000000000000000000000000000000024
S3150100D6000000000000000000000000000000000013
S3150100D6100000000000000000000000000000000003
S3150100D62000000000000000000000000000000000F3
S3150100D63000000000000000000000000000000000E3
S3150100D64000000000000000000000000000000000D3
S3150100D65000000000000000000000000000000000C3
S3150100D66000000000000000000000000000000000B3
S3150100D67000000000000000000000000000000000A3
S3150100D6800000000000000000000000000000000093
S3150100D6900000000000000000000000000000000083
S3150100D6A00000000000000000000000000000000073
S3150100D6B00000000000000000000000000000000063
S3150100D6C00000000000000000000000000000000053
S3150100D6D00000000000000000000000000000000043
S3150100D6E00000000000000000000000000000000033
S3150100D6F00000000000000000000000000000000023
S3150100D7000000000000000000000000000000000012
S3150100D7100000000000000000000000000000000002
S3150100D72000000000000000000000000000000000F2
S3150100D73000000000000000000000000000000000E2
S3150100D74000000000000000000000000000000000D2
S3150100D75000000000000000000000000000000000C2
S3150100D76000000000000000000000000000000000B2
S3150100D77000000000000000000000000000000000A2
S3150100D7800000000000000000000000000000000092
S3150100D7900000000000000000000000000000000082
S3150100D7A00000000000000000000000000000000072
S3150100D7B00000000000000000000000000000000062
S3150100D7C00000000000000000000000000000000052
S3150100D7D00000000000000000000000000000000042
S3150100D7E00000000000000000000000000000000032
S3150100D7F00000000000000000000000000000000022
S3150100D8000000000000000000000000000000000011
S3150100D8100000000000000000000000000000000001
S3150100D82000000000000000000000000000000000F1
S3150100D83000000000000000000000000000000000E1
S3150100D84000000000000000000000000000000000D1
S3150100D85000000000000000000000000000000000C1
S3150100D86000000000000000000000000000000000B1
S3150100D87000000000000000000000000000000000A1
S3150100D8800000000000000000000000000000000091
S3150100D8900000000000000000000000000000000081
S3150100D8A00000000000000000000000000000000071
S3150100D8B00000000000000000000000000000000061
S3150100D8C00000000000000000000000000000000051
S3150100D8D00000000000000000000000000000000041
S3150100D8E00000000000000000000000000000000031
S3150100D8F00000000000000000000000000000000021
S3150100D9000000000000000000000000000000000010
S3150100D9100000000000000000000000000000000000
S3150100D92000000000000000000000000000000000F0
S3150100D93000000000000000000000000000000000E0
S3150100D94000000000000000000000000000000000D0
S3150100D95000000000000000000000000000000000C0
S3150100D96000000000000000000000000000000000B0
S3150100D97000000000000000000000000000000000A0
S3150100D9800000000000000000000000000000000090
S3150100D9900000000000000000000000000000000080
S3150100D9A00000000000000000000000000000000070
S3150100D9B00000000000000000000000000000000060
S3150100D9C00000000000000000000000000000000050
S3150100D9D00000000000000000000000000000000040
S3150100D9E00000000000000000000000000000000030
S3150100D9F00000000000000000000000000000000020
S3150100DA00000000000000000000000000000000000F
S3150100DA1000000000000000000000000000000000FF
S3150100DA2000000000000000000000000000000000EF
S3150100DA3000000000000000000000000000000000DF
S3150100DA4000000000000000000000000000000000CF
S3150100DA5000000000000000000000000000000000BF
S3150100DA6000000000000000000000000000000000AF
S3150100DA70000000000000000000000000000000009F
S3150100DA80000000000000000000000000000000008F
S3150100DA90000000000000000000000000000000007F
S3150100DAA0000000000000000000000000000000006F
S3150100DAB0000000000000000000000000000000005F
S3150100DAC0000000000000000000000000000000004F
S3150100DAD0000000000000000000000000000000003F
S3150100DAE0000000000000000000000000000000002F
S3150100DAF0000000000000000000000000000000001F
S3150100DB00000000000000000000000000000000000E
S3150100DB1000000000000000000000000000000000FE
S3150100DB2000000000000000000000000000000000EE
S3150100DB3000000000000000000000000000000000DE
S3150100DB4000000000000000000000000000000000CE
S3150100DB5000000000000000000000000000000000BE
S3150100DB6000000000000000000000000000000000AE
S3150100DB70000000000000000000000000000000009E
S3150100DB80000000000000000000000000000000008E
S3150100DB90000000000000000000000000000000007E
S3150100DBA0000000000000000000000000000000006E
S3150100DBB0000000000000000000000000000000005E
S3150100DBC0000000000000000000000000000000004E
S3150100DBD0000000000000000000000000000000003E
S3150100DBE0000000000000000000000000000000002E
S3150100DBF0000000000000000000000000000000001E
S3150100DC00000000000000000000000000000000000D
S3150100DC1000000000000000000000000000000000FD
S3150100DC2000000000000000000000000000000000ED
S3150100DC3000000000000000000000000000000000DD
S3150100DC4000000000000000000000000000000000CD
S3150100DC5000000000000000000000000000000000BD
S3150100DC6000000000000000000000000000000000AD
S3150100DC70000000000000000000000000000000009D
S3150100DC80000000000000000000000000000000008D
S3150100DC90000000000000000000000000000000007D
S3150100DCA0000000000000000000000000000000006D
S3150100DCB0000000000000000000000000000000005D
S3150100DCC0000000000000000000000000000000004D
S3150100DCD0000000000000000000000000000000003D
S3150100DCE0000000000000000000000000000000002D
S3150100DCF0000000000000000000000000000000001D
S3150100DD00000000000000000000000000000000000C
S3150100DD1000000000000000000000000000000000FC
S3150100DD2000000000000000000000000000000000EC
S3150100DD3000000000000000000000000000000000DC
S3150100DD4000000000000000000000000000000000CC
S3150100DD5000000000000000000000000000000000BC
S3150100DD6000000000000000000000000000000000AC
S3150100DD70000000000000000000000000000000009C
S3150100DD80000000000000000000000000000000008C
S3150100DD90000000000000000000000000000000007C
S3150100DDA0000000000000000000000000000000006C
S3150100DDB0000000000000000000000000000000005C
S3150100DDC0000000000000000000000000000000004C
S3150100DDD0000000000000000000000000000000003C
S3150100DDE0000000000000000000000000000000002C
S3150100DDF0000000000000000000000000000000001C
S3150100DE00000000000000000000000000000000000B
S3150100DE1000000000000000000000000000000000FB
S3150100DE2000000000000000000000000000000000EB
S3150100DE3000000000000000000000000000000000DB
S3150100DE4000000000000000000000000000000000CB
S3150100DE5000000000000000000000000000000000BB
S3150100DE6000000000000000000000000000000000AB
S3150100DE70000000000000000000000000000000009B
S3150100DE80000000000000000000000000000000008B
S3150100DE90000000000000000000000000000000007B
S3150100DEA0000000000000000000000000000000006B
S3150100DEB0000000000000000000000000000000005B
S3150100DEC0000000000000000000000000000000004B
S3150100DED0000000000000000000000000000000003B
S3150100DEE0000000000000000000000000000000002B
S3150100DEF0000000000000000000000000000000001B
S3150100DF00000000000000000000000000000000000A
S3150100DF1000000000000000000000000000000000FA
S3150100DF2000000000000000000000000000000000EA
S3150100DF3000000000000000000000000000000000DA
S3150100DF4000000000000000000000000000000000CA
S3150100DF5000000000000000000000000000000000BA
S3150100DF6000000000000000000000000000000000AA
S3150100DF70000000000000000000000000000000009A
S3150100DF80000000000000000000000000000000008A
S3150100DF90000000000000000000000000000000007A
S3150100DFA0000000000000000000000000000000006A
S3150100DFB0000000000000000000000000000000005A
S3150100DFC0000000000000000000000000000000004A
S3150100DFD0000000000000000000000000000000003A
S3150100DFE0000000000000000000000000000000002A
S3150100DFF0000000000000000000000000000000001A
S3150100E0000000000000000000000000000000000009
S3150100E01000000000000000000000000000000000F9
S3150100E02000000000000000000000000000000000E9
S3150100E03000000000000000000000000000000000D9
S3150100E04000000000000000000000000000000000C9
S3150100E05000000000000000000000000000000000B9
S3150100E06000000000000000000000000000000000A9
S3150100E0700000000000000000000000000000000099
S3150100E0800000000000000000000000000000000089
S3150100E0900000000000000000000000000000000079
S3150100E0A00000000000000000000000000000000069
S3150100E0B00000000000000000000000000000000059
S3150100E0C00000000000000000000000000000000049
S3150100E0D00000000000000000000000000000000039
S3150100E0E00000000000000000000000000000000029
S3150100E0F00000000000000000000000000000000019
S3150100E1000000000000000000000000000000000008
S3150100E11000000000000000000000000000000000F8
S3150100E12000000000000000000000000000000000E8
S3150100E13000000000000000000000000000000000D8
S3150100E14000000000000000000000000000000000C8
S3150100E15000000000000000000000000000000000B8
S3150100E16000000000000000000000000000000000A8
S3150100E1700000000000000000000000000000000098
S3150100E1800000000000000000000000000000000088
S3150100E1900000000000000000000000000000000078
S3150100E1A00000000000000000000000000000000068
S3150100E1B00000000000000000000000000000000058
S3150100E1C00000000000000000000000000000000048
S3150100E1D00000000000000000000000000000000038
S3150100E1E00000000000000000000000000000000028
S3150100E1F00000000000000000000000000000000018
S3150100E2000000000000000000000000000000000007
S3150100E21000000000000000000000000000000000F7
S3150100E22000000000000000000000000000000000E7
S3150100E23000000000000000000000000000000000D7
S3150100E24000000000000000000000000000000000C7
S3150100E25000000000000000000000000000000000B7
S3150100E26000000000000000000000000000000000A7
S3150100E2700000000000000000000000000000000097
S3150100E2800000000000000000000000000000000087
S3150100E2900000000000000000000000000000000077
S3150100E2A00000000000000000000000000000000067
S3150100E2B00000000000000000000000000000000057
S3150100E2C00000000000000000000000000000000047
S3150100E2D00000000000000000000000000000000037
S3150100E2E00000000000000000000000000000000027
S3150100E2F00000000000000000000000000000000017
S3150100E3000000000000000000000000000000000006
S3150100E31000000000000000000000000000000000F6
S3150100E32000000000000000000000000000000000E6
S3150100E33000000000000000000000000000000000D6
S3150100E34000000000000000000000000000000000C6
S3150100E35000000000000000000000000000000000B6
S3150100E36000000000000000000000000000000000A6
S3150100E3700000000000000000000000000000000096
S3150100E3800000000000000000000000000000000086
S3150100E3900000000000000000000000000000000076
S3150100E3A00000000000000000000000000000000066
S3150100E3B00000000000000000000000000000000056
S3150100E3C00000000000000000000000000000000046
S3150100E3D00000000000000000000000000000000036
S3150100E3E00000000000000000000000000000000026
S3150100E3F00000000000000000000000000000000016
S3150100E4000000000000000000000000000000000005
S3150100E41000000000000000000000000000000000F5
S3150100E42000000000000000000000000000000000E5
S3150100E43000000000000000000000000000000000D5
S3150100E44000000000000000000000000000000000C5
S3150100E45000000000000000000000000000000000B5
S3150100E46000000000000000000000000000000000A5
S3150100E4700000000000000000000000000000000095
S3150100E4800000000000000000000000000000000085
S3150100E4900000000000000000000000000000000075
S3150100E4A00000000000000000000000000000000065
S3150100E4B00000000000000000000000000000000055
S3150100E4C00000000000000000000000000000000045
S3150100E4D00000000000000000000000000000000035
S3150100E4E00000000000000000000000000000000025
S3150100E4F00000000000000000000000000000000015
S3150100E5000000000000000000000000000000000004
S3150100E51000000000000000000000000000000000F4
S3150100E52000000000000000000000000000000000E4
S3150100E53000000000000000000000000000000000D4
S3150100E54000000000000000000000000000000000C4
S3150100E55000000000000000000000000000000000B4
S3150100E56000000000000000000000000000000000A4
S3150100E5700000000000000000000000000000000094
S3150100E5800000000000000000000000000000000084
S3150100E5900000000000000000000000000000000074
S3150100E5A00000000000000000000000000000000064
S3150100E5B00000000000000000000000000000000054
S3150100E5C00000000000000000000000000000000044
S3150100E5D00000000000000000000000000000000034
S3150100E5E00000000000000000000000000000000024
S3150100E5F00000000000000000000000000000000014
S3150100E6000000000000000000000000000000000003
S3150100E61000000000000000000000000000000000F3
S3150100E62000000000000000000000000000000000E3
S3150100E63000000000000000000000000000000000D3
S3150100E64000000000000000000000000000000000C3
S3150100E65000000000000000000000000000000000B3
S3150100E66000000000000000000000000000000000A3
S3150100E6700000000000000000000000000000000093
S3150100E6800000000000000000000000000000000083
S3150100E6900000000000000000000000000000000073
S3150100E6A00000000000000000000000000000000063
S3150100E6B00000000000000000000000000000000053
S3150100E6C00000000000000000000000000000000043
S3150100E6D00000000000000000000000000000000033
S3150100E6E00000000000000000000000000000000023
S3150100E6F00000000000000000000000000000000013
S3150100E7000000000000000000000000000000000002
S3150100E71000000000000000000000000000000000F2
S3150100E72000000000000000000000000000000000E2
S3150100E73000000000000000000000000000000000D2
S3150100E74000000000000000000000000000000000C2
S3150100E75000000000000000000000000000000000B2
S3150100E76000000000000000000000000000000000A2
S3150100E7700000000000000000000000000000000092
S3150100E7800000000000000000000000000000000082
S3150100E7900000000000000000000000000000000072
S3150100E7A00000000000000000000000000000000062
S3150100E7B00000000000000000000000000000000052
S3150100E7C00000000000000000000000000000000042
S3150100E7D00000000000000000000000000000000032
S3150100E7E00000000000000000000000000000000022
S3150100E7F00000000000000000000000000000000012
S3150100E8000000000000000000000000000000000001
S3150100E81000000000000000000000000000000000F1
S3150100E82000000000000000000000000000000000E1
S3150100E83000000000000000000000000000000000D1
S3150100E84000000000000000000000000000000000C1
S3150100E85000000000000000000000000000000000B1
S3150100E86000000000000000000000000000000000A1
S3150100E8700000000000000000000000000000000091
S3150100E8800000000000000000000000000000000081
S3150100E8900000000000000000000000000000000071
S3150100E8A00000000000000000000000000000000061
S3150100E8B00000000000000000000000000000000051
S3150100E8C00000000000000000000000000000000041
S3150100E8D00000000000000000000000000000000031
S3150100E8E00000000000000000000000000000000021
S3150100E8F00000000000000000000000000000000011
S3150100E9000000000000000000000000000000000000
S3150100E91000000000000000000000000000000000F0
S3150100E92000000000000000000000000000000000E0
S3150100E93000000000000000000000000000000000D0
S3150100E94000000000000000000000000000000000C0
S3150100E95000000000000000000000000000000000B0
S3150100E96000000000000000000000000000000000A0
S3150100E9700000000000000000000000000000000090
S3150100E9800000000000000000000000000000000080
S3150100E9900000000000000000000000000000000070
S3150100E9A00000000000000000000000000000000060
S3150100E9B00000000000000000000000000000000050
S3150100E9C00000000000000000000000000000000040
S3150100E9D00000000000000000000000000000000030
S3150100E9E00000000000000000000000000000000020
S3150100E9F00000000000000000000000000000000010
S3150100EA0000000000000000000000000000000000FF
S3150100EA1000000000000000000000000000000000EF
S3150100EA2000000000000000000000000000000000DF
S3150100EA3000000000000000000000000000000000CF
S3150100EA4000000000000000000000000000000000BF
S3150100EA5000000000000000000000000000000000AF
S3150100EA60000000000000000000000000000000009F
S3150100EA70000000000000000000000000000000008F
S3150100EA80000000000000000000000000000000007F
S3150100EA90000000000000000000000000000000006F
S3150100EAA0000000000000000000000000000000005F
S3150100EAB0000000000000000000000000000000004F
S3150100EAC0000000000000000000000000000000003F
S3150100EAD0000000000000000000000000000000002F
S3150100EAE0000000000000000000000000000000001F
S3150100EAF0000000000000000000000000000000000F
S3150100EB0000000000000000000000000000000000FE
S3150100EB1000000000000000000000000000000000EE
S3150100EB2000000000000000000000000000000000DE
S3150100EB3000000000000000000000000000000000CE
S3150100EB4000000000000000000000000000000000BE
S3150100EB5000000000000000000000000000000000AE
S3150100EB60000000000000000000000000000000009E
S3150100EB70000000000000000000000000000000008E
S3150100EB80000000000000000000000000000000007E
S3150100EB90000000000000000000000000000000006E
S3150100EBA0000000000000000000000000000000005E
S3150100EBB0000000000000000000000000000000004E
S3150100EBC0000000000000000000000000000000003E
S3150100EBD0000000000000000000000000000000002E
S3150100EBE0000000000000000000000000000000001E
S3150100EBF0000000000000000000000000000000000E
S3150100EC0000000000000000000000000000000000FD
S3150100EC1000000000000000000000000000000000ED
S3150100EC2000000000000000000000000000000000DD
S3150100EC3000000000000000000000000000000000CD
S3150100EC4000000000000000000000000000000000BD
S3150100EC5000000000000000000000000000000000AD
S3150100EC60000000000000000000000000000000009D
S3150100EC70000000000000000000000000000000008D
S3150100EC80000000000000000000000000000000007D
S3150100EC90000000000000000000000000000000006D
S3150100ECA0000000000000000000000000000000005D
S3150100ECB0000000000000000000000000000000004D
S3150100ECC0000000000000000000000000000000003D
S3150100ECD0000000000000000000000000000000002D
S3150100ECE0000000000000000000000000000000001D
S3150100ECF0000000000000000000000000000000000D
S3150100ED0000000000000000000000000000000000FC
S3150100ED1000000000000000000000000000000000EC
S3150100ED2000000000000000000000000000000000DC
S3150100ED3000000000000000000000000000000000CC
S3150100ED4000000000000000000000000000000000BC
S3150100ED5000000000000000000000000000000000AC
S3150100ED60000000000000000000000000000000009C
S3150100ED70000000000000000000000000000000008C
S3150100ED80000000000000000000000000000000007C
S3150100ED90000000000000000000000000000000006C
S3150100EDA0000000000000000000000000000000005C
S3150100EDB0000000000000000000000000000000004C
S3150100EDC0000000000000000000000000000000003C
S3150100EDD0000000000000000000000000000000002C
S3150100EDE0000000000000000000000000000000001C
S3150100EDF0000000000000000000000000000000000C
S3150100EE0000000000000000000000000000000000FB
S3150100EE1000000000000000000000000000000000EB
S3150100EE2000000000000000000000000000000000DB
S3150100EE3000000000000000000000000000000000CB
S3150100EE4000000000000000000000000000000000BB
S3150100EE5000000000000000000000000000000000AB
S3150100EE60000000000000000000000000000000009B
S3150100EE70000000000000000000000000000000008B
S3150100EE80000000000000000000000000000000007B
S3150100EE90000000000000000000000000000000006B
S3150100EEA0000000000000000000000000000000005B
S3150100EEB0000000000000000000000000000000004B
S3150100EEC0000000000000000000000000000000003B
S3150100EED0000000000000000000000000000000002B
S3150100EEE0000000000000000000000000000000001B
S3150100EEF0000000000000000000000000000000000B
S3150100EF0000000000000000000000000000000000FA
S3150100EF1000000000000000000000000000000000EA
S3150100EF2000000000000000000000000000000000DA
S3150100EF3000000000000000000000000000000000CA
S3150100EF4000000000000000000000000000000000BA
S3150100EF5000000000000000000000000000000000AA
S3150100EF60000000000000000000000000000000009A
S3150100EF70000000000000000000000000000000008A
S3150100EF80000000000000000000000000000000007A
S3150100EF90000000000000000000000000000000006A
S3150100EFA0000000000000000000000000000000005A
S3150100EFB0000000000000000000000000000000004A
S3150100EFC0000000000000000000000000000000003A
S3150100EFD0000000000000000000000000000000002A
S3150100EFE0000000000000000000000000000000001A
S3150100EFF0000000000000000000000000000000000A
S3150100F00000000000000000000000000000000000F9
S3150100F01000000000000000000000000000000000E9
S3150100F02000000000000000000000000000000000D9
S3150100F03000000000000000000000000000000000C9
S3150100F04000000000000000000000000000000000B9
S3150100F05000000000000000000000000000000000A9
S3150100F0600000000000000000000000000000000099
S3150100F0700000000000000000000000000000000089
S3150100F0800000000000000000000000000000000079
S3150100F0900000000000000000000000000000000069
S3150100F0A00000000000000000000000000000000059
S3150100F0B00000000000000000000000000000000049
S3150100F0C00000000000000000000000000000000039
S3150100F0D00000000000000000000000000000000029
S3150100F0E00000000000000000000000000000000019
S3150100F0F00000000000000000000000000000000009
S3150100F10000000000000000000000000000000000F8
S3150100F11000000000000000000000000000000000E8
S3150100F12000000000000000000000000000000000D8
S3150100F13000000000000000000000000000000000C8
S3150100F14000000000000000000000000000000000B8
S3150100F15000000000000000000000000000000000A8
S3150100F1600000000000000000000000000000000098
S3150100F1700000000000000000000000000000000088
S3150100F1800000000000000000000000000000000078
S3150100F1900000000000000000000000000000000068
S3150100F1A00000000000000000000000000000000058
S3150100F1B00000000000000000000000000000000048
S3150100F1C00000000000000000000000000000000038
S3150100F1D00000000000000000000000000000000028
S3150100F1E00000000000000000000000000000000018
S3150100F1F00000000000000000000000000000000008
S3150100F20000000000000000000000000000000000F7
S3150100F21000000000000000000000000000000000E7
S3150100F22000000000000000000000000000000000D7
S3150100F23000000000000000000000000000000000C7
S3150100F24000000000000000000000000000000000B7
S3150100F25000000000000000000000000000000000A7
S3150100F2600000000000000000000000000000000097
S3150100F2700000000000000000000000000000000087
S3150100F2800000000000000000000000000000000077
S3150100F2900000000000000000000000000000000067
S3150100F2A00000000000000000000000000000000057
S3150100F2B00000000000000000000000000000000047
S3150100F2C00000000000000000000000000000000037
S3150100F2D00000000000000000000000000000000027
S3150100F2E00000000000000000000000000000000017
S3150100F2F00000000000000000000000000000000007
S3150100F30000000000000000000000000000000000F6
S3150100F31000000000000000000000000000000000E6
S3150100F32000000000000000000000000000000000D6
S3150100F33000000000000000000000000000000000C6
S3150100F34000000000000000000000000000000000B6
S3150100F35000000000000000000000000000000000A6
S3150100F3600000000000000000000000000000000096
S3150100F3700000000000000000000000000000000086
S3150100F3800000000000000000000000000000000076
S3150100F3900000000000000000000000000000000066
S3150100F3A00000000000000000000000000000000056
S3150100F3B00000000000000000000000000000000046
S3150100F3C00000000000000000000000000000000036
S3150100F3D00000000000000000000000000000000026
S3150100F3E00000000000000000000000000000000016
S3150100F3F00000000000000000000000000000000006
S3150100F40000000000000000000000000000000000F5
S3150100F41000000000000000000000000000000000E5
S3150100F42000000000000000000000000000000000D5
S3150100F43000000000000000000000000000000000C5
S3150100F44000000000000000000000000000000000B5
S3150100F45000000000000000000000000000000000A5
S3150100F4600000000000000000000000000000000095
S3150100F4700000000000000000000000000000000085
S3150100F4800000000000000000000000000000000075
S3150100F4900000000000000000000000000000000065
S3150100F4A00000000000000000000000000000000055
S3150100F4B00000000000000000000000000000000045
S3150100F4C00000000000000000000000000000000035
S3150100F4D00000000000000000000000000000000025
S3150100F4E00000000000000000000000000000000015
S3150100F4F00000000000000000000000000000000005
S3150100F50000000000000000000000000000000000F4
S3150100F51000000000000000000000000000000000E4
S3150100F52000000000000000000000000000000000D4
S3150100F53000000000000000000000000000000000C4
S3150100F54000000000000000000000000000000000B4
S3150100F55000000000000000000000000000000000A4
S3150100F5600000000000000000000000000000000094
S3150100F5700000000000000000000000000000000084
S3150100F5800000000000000000000000000000000074
S3150100F5900000000000000000000000000000000064
S3150100F5A00000000000000000000000000000000054
S3150100F5B00000000000000000000000000000000044
S3150100F5C00000000000000000000000000000000034
S3150100F5D00000000000000000000000000000000024
S3150100F5E00000000000000000000000000000000014
S3150100F5F00000000000000000000000000000000004
S3150100F60000000000000000000000000000000000F3
S3150100F61000000000000000000000000000000000E3
S3150100F62000000000000000000000000000000000D3
S3150100F63000000000000000000000000000000000C3
S3150100F64000000000000000000000000000000000B3
S3150100F65000000000000000000000000000000000A3
S3150100F6600000000000000000000000000000000093
S3150100F6700000000000000000000000000000000083
S3150100F6800000000000000000000000000000000073
S3150100F6900000000000000000000000000000000063
S3150100F6A00000000000000000000000000000000053
S3150100F6B00000000000000000000000000000000043
S3150100F6C00000000000000000000000000000000033
S3150100F6D00000000000000000000000000000000023
S3150100F6E00000000000000000000000000000000013
S3150100F6F00000000000000000000000000000000003
S3150100F70000000000000000000000000000000000F2
S3150100F71000000000000000000000000000000000E2
S3150100F72000000000000000000000000000000000D2
S3150100F73000000000000000000000000000000000C2
S3150100F74000000000000000000000000000000000B2
S3150100F75000000000000000000000000000000000A2
S3150100F7600000000000000000000000000000000092
S3150100F7700000000000000000000000000000000082
S3150100F7800000000000000000000000000000000072
S3150100F7900000000000000000000000000000000062
S3150100F7A00000000000000000000000000000000052
S3150100F7B00000000000000000000000000000000042
S3150100F7C00000000000000000000000000000000032
S3150100F7D00000000000000000000000000000000022
S3150100F7E00000000000000000000000000000000012
S3150100F7F00000000000000000000000000000000002
S3150100F80000000000000000000000000000000000F1
S3150100F81000000000000000000000000000000000E1
S3150100F82000000000000000000000000000000000D1
S3150100F83000000000000000000000000000000000C1
S3150100F84000000000000000000000000000000000B1
S3150100F85000000000000000000000000000000000A1
S3150100F8600000000000000000000000000000000091
S3150100F8700000000000000000000000000000000081
S3150100F8800000000000000000000000000000000071
S3150100F8900000000000000000000000000000000061
S3150100F8A00000000000000000000000000000000051
S3150100F8B00000000000000000000000000000000041
S3150100F8C00000000000000000000000000000000031
S3150100F8D00000000000000000000000000000000021
S3150100F8E00000000000000000000000000000000011
S3150100F8F00000000000000000000000000000000001
S3150100F90000000000000000000000000000000000F0
S3150100F91000000000000000000000000000000000E0
S3150100F92000000000000000000000000000000000D0
S3150100F93000000000000000000000000000000000C0
S3150100F94000000000000000000000000000000000B0
S3150100F95000000000000000000000000000000000A0
S3150100F9600000000000000000000000000000000090
S3150100F9700000000000000000000000000000000080
S3150100F9800000000000000000000000000000000070
S3150100F9900000000000000000000000000000000060
S3150100F9A00000000000000000000000000000000050
S3150100F9B00000000000000000000000000000000040
S3150100F9C00000000000000000000000000000000030
S3150100F9D00000000000000000000000000000000020
S3150100F9E00000000000000000000000000000000010
S3150100F9F00000000000000000000000000000000000
S3150100FA0000000000000000000000000000000000EF
S3150100FA1000000000000000000000000000000000DF
S3150100FA2000000000000000000000000000000000CF
S3150100FA3000000000000000000000000000000000BF
S3150100FA4000000000000000000000000000000000AF
S3150100FA50000000000000000000000000000000009F
S3150100FA60000000000000000000000000000000008F
S3150100FA70000000000000000000000000000000007F
S3150100FA80000000000000000000000000000000006F
S3150100FA90000000000000000000000000000000005F
S3150100FAA0000000000000000000000000000000004F
S3150100FAB0000000000000000000000000000000003F
S3150100FAC0000000000000000000000000000000002F
S3150100FAD0000000000000000000000000000000001F
S3150100FAE0000000000000000000000000000000000F
S3150100FAF000000000000000000000000000000000FF
S3150100FB0000000000000000000000000000000000EE
S3150100FB1000000000000000000000000000000000DE
S3150100FB2000000000000000000000000000000000CE
S3150100FB3000000000000000000000000000000000BE
S3150100FB4000000000000000000000000000000000AE
S3150100FB50000000000000000000000000000000009E
S3150100FB60000000000000000000000000000000008E
S3150100FB70000000000000000000000000000000007E
S3150100FB80000000000000000000000000000000006E
S3150100FB90000000000000000000000000000000005E
S3150100FBA0000000000000000000000000000000004E
S3150100FBB0000000000000000000000000000000003E
S3150100FBC0000000000000000000000000000000002E
S3150100FBD0000000000000000000000000000000001E
S3150100FBE0000000000000000000000000000000000E
S3150100FBF000000000000000000000000000000000FE
S3150100FC0000000000000000000000000000000000ED
S3150100FC1000000000000000000000000000000000DD
S3150100FC2000000000000000000000000000000000CD
S3150100FC3000000000000000000000000000000000BD
S3150100FC4000000000000000000000000000000000AD
S3150100FC50000000000000000000000000000000009D
S3150100FC60000000000000000000000000000000008D
S3150100FC70000000000000000000000000000000007D
S3150100FC80000000000000000000000000000000006D
S3150100FC90000000000000000000000000000000005D
S3150100FCA0000000000000000000000000000000004D
S3150100FCB0000000000000000000000000000000003D
S3150100FCC0000000000000000000000000000000002D
S3150100FCD0000000000000000000000000000000001D
S3150100FCE0000000000000000000000000000000000D
S3150100FCF000000000000000000000000000000000FD
S3150100FD0000000000000000000000000000000000EC
S3150100FD1000000000000000000000000000000000DC
S3150100FD2000000000000000000000000000000000CC
S3150100FD3000000000000000000000000000000000BC
S3150100FD4000000000000000000000000000000000AC
S3150100FD50000000000000000000000000000000009C
S3150100FD60000000000000000000000000000000008C
S3150100FD70000000000000000000000000000000007C
S3150100FD80000000000000000000000000000000006C
S3150100FD90000000000000000000000000000000005C
S3150100FDA0000000000000000000000000000000004C
S3150100FDB0000000000000000000000000000000003C
S3150100FDC0000000000000000000000000000000002C
S3150100FDD0000000000000000000000000000000001C
S3150100FDE0000000000000000000000000000000000C
S3150100FDF000000000000000000000000000000000FC
S3150100FE0000000000000000000000000000000000EB
S3150100FE1000000000000000000000000000000000DB
S3150100FE2000000000000000000000000000000000CB
S3150100FE3000000000000000000000000000000000BB
S3150100FE4000000000000000000000000000000000AB
S3150100FE50000000000000000000000000000000009B
S3150100FE60000000000000000000000000000000008B
S3150100FE70000000000000000000000000000000007B
S3150100FE80000000000000000000000000000000006B
S3150100FE90000000000000000000000000000000005B
S3150100FEA0000000000000000000000000000000004B
S3150100FEB0000000000000000000000000000000003B
S3150100FEC0000000000000000000000000000000002B
S3150100FED0000000000000000000000000000000001B
S3150100FEE0000000000000000000000000000000000B
S3150100FEF000000000000000000000000000000000FB
S3150100FF0000000000000000000000000000000000EA
S3150100FF1000000000000000000000000000000000DA
S3150100FF2000000000000000000000000000000000CA
S3150100FF3000000000000000000000000000000000BA
S3150100FF4000000000000000000000000000000000AA
S3150100FF50000000000000000000000000000000009A
S3150100FF60000000000000000000000000000000008A
S3150100FF70000000000000000000000000000000007A
S3150100FF80000000000000000000000000000000006A
S3150100FF90000000000000000000000000000000005A
S3150100FFA0000000000000000000000000000000004A
S3150100FFB0000000000000000000000000000000003A
S3150100FFC0000000000000000000000000000000002A
S3150100FFD0000000000000000000000000000000001A
S3150100FFE0000000000000000000000000000000000A
S3150100FFF000000000000000000000000000000000FA
S31501010000783900202D57010195E0010195E00101A3
S3150101001095E0010195E0010195E0010195E00101FC
S3150101002095E0010195E0010195E00101B91E80000C
S3150101003095E001019C5502015D1E8000A316800019
S3150101004095E00101A97A010195E0010195E001011E
S3150101005095E0010195E0010195E0010195E00101BC
S3150101006095E0010195E0010195E0010195E00101AC
S3150101007095E0010195E0010195E0010195E001019C
S3150101008095E0010195E0010195E0010195E001018C
S3150101009095E0010195E0010195E0010195E001017C
S315010100A095E0010195E0010195E0010195E001016C
S315010100B095E0010195E0010195E0010195E001015C
S315010100C095E0010195E0010195E0010195E001014C
S315010100D095E0010195E0010195E0010195E001013C
S315010100E095E0010195E00101F1590101D1590101A2
S315010100F095E0010195E0010195E0010195E001011C
S3150101010095E0010195E0010195E0010195E001010B
S3150101011095E0010195E0010195E0010195E00101FB
S3150101012095E0010195E0010195E0010195E00101EB
S3150101013095E0010195E0010195E0010195E00101DB
S3150101014095E0010195E001011D92010195E0010191
S3150101015095E0010195E0010195E0010195E00101BB
S3150101016095E0010195E001016912800095E0010127
S3150101017095E0010195E0010195E0010195E001019B
S3150101018095E0010195E0010195E0010195E001018B
S3150101019095E0010195E0010195E0010195E001017B
S30D010101A095E0010195E0010161
S315010101A8014B1868704700BFF87B00200A4B1B6F8B
S315010101B803F00703013B042B04D8DFE803F00B0422
S315010101C807030900FEE7054B18687047044BFBE76F
S315010101D8044BF9E70448704700408040F87B00204A
S315010101E8007C0020F47B0020002D310108B5FFF7C2
S315010101F8DDFF054B1B6FC3F303330133B0FBF3F08B
S31501010208024B186008BD00BF00408040F07B00200A
S3150101021800487047002D3101014B1868704700BF2E
S31501010228007C0020002070474FF40022074B5A66D4
S31501010238074B9B6813F4E04FC3F3023204D0012A3A
S31501010248044818BF00207047034870470050804092
S3150101025800001040005A6202002D3101014B186855
S31501010268704700BFFC7B00204FF4004070474FF4F4
S315010102787A70704700207047002310B5934200D168
S3150101028810BDCC5CC4540133F8E7C26810B5044605
S3150101029862B10F3222F0804222F00F02002142F0B0
S315010102A880425C3000F034FA0023E36010BD816AB4
S315010102B838B5044609B3006B01F10F0501F009F9D7
S315010102C8236825F00F059A68A36A1269EB1A014694
S315010102D842EA032304F15C0045F0005200F00EFAEC
S315010102E8A16AE3680B44E360D4E908325B1842F179
S315010102F80002C4E908320023A3622046BDE838405A
S31501010308FFF7C3BF10B50446C06D01F029F80023F4
S31501010318E36510BDC36D2DE9F04704460F46164640
S31501010328002B66D0B2F1807F05D3FFF7EBFF6FF0A3
S315010103383F00BDE8F087D0E906352B4304D0FFF726
S31501010348E1FF6FF04800F4E7836A98180F2808D887
S31501010358206B1844FFF790FFA36A1344A362002098
S31501010368E7E704F15C0AC3B11946206B01F0B1F85C
S31501010378236801469B68A26A1B69504600F0BEF9CB
S31501010388A16AE3680B44E360D4E908325B1842F1D8
S315010103980002C4E908320023A362E568384605EB81
S315010103A8060828F00F09A9EB0505294601F091F878
S315010103B8236801469B682A461B69504600F09EF947
S315010103C8E3682B44E360D4E908325B1942F1000280
S315010103D8AE42C4E90832C2D0206BA8EB0902231A3E
S315010103E83C3300EB430020637919FFF745FFA2620D
S315010103F8B5E76FF020009CE72DE9F0479846C36DF4
S3150101040805468A461446002B48D0B2F1807F05D3AA
S31501010418FFF778FF6FF03F00BDE8F087D0F810903D
S31501010428B9F1000F04D0FFF76DFF6FF04A00F3E74A
S31501010438FFF73DFF0CB90020EEE72E46214650464F
S3150101044801F047F856F85C3B04F10F079B6827F062
S315010104580F075B69A7EB040A014643EA0A233046FB
S3150101046847F0005200F04AF9D5E90623121943F17A
S315010104780003C5E90623214640462C6101F02AF805
S3150101048822460146304600F043F9BC42D3D04946DB
S3150101049830464AF0804200F03BF9CCE76FF0200084
S315010104A8BAE70000F8B5C36D04460F46002B46D0DE
S315010104B8FFF7FDFED4E90805D4E9061322680E18EB
S315010104C843EB0503956AAE4273F1000305D2204653
S315010104D8FFF718FF6FF00200F8BD136904F5AA7258
S315010104E8984704F15C0640B12368A16E9B683046C2
S315010104F85B69144AE83100F001F9217A384601F1BC
S315010105080F0500F0E7FF227A0146304600F000F9AF
S31501010518237A25F00F05AB4206D0EA1A00213046A7
S3150101052842F0804200F0F4F8002530464FF4937109
S31501010538656004F1740200F011F92846CCE76FF001
S315010105482000C9E710000020F8B5C36D04460E4620
S31501010558002B7DD003685A68052A0AD1C26EDB6968
S315010105681A4206D0036923B9FFF7CCFE6FF04000A2
S31501010578F8BD2046FFF79BFED4E90805D4E9061321
S3150101058822680F1843EB0503956AAF4273F100031D
S3150101059805D22046FFF7B6FE6FF00200E8E71369B8
S315010105A804F5AA729847254655F85C3B28B39B681A
S315010105B8A16E28465B69284AE83100F09FF8666012
S315010105C8A16E227A2846E83102F10F0600F0A0F859
S315010105D8237A26F00F06B34206D0F21A00212846DD
S315010105E842F0804200F094F828464FF4937104F1E1
S315010105F8740200F0B3F80020BAE71A6B002ADED0BC
S315010106089B689B6903F0C003C02B09D1636E53F83C
S315010106180C2C103B002AFAD1DA6842F02002DA6082
S31501010628217A0029CCD0304601F10F0700F051FF9C
S31501010638236827F00F079A68237A9269FB1A0146FC
S3150101064842EA0323284647F0005200F057F8B7E774
S315010106586FF020008CE700BF10000020F8B5C36DCC
S315010106680446002B3CD05C3000F0FAF8431C0546E1
S3150101067803D020B12046FFF745FE2846F8BDE36AB7
S31501010688002BF7D12368E66E9A69E06D164004F5E9
S31501010698AA7708D05B6AC3F14601C3F59772394453
S315010106A800F014FFE6E76368B3B146233946E82249
S315010106B800F00CFF33466068217AB14204D8002B59
S315010106C818BF6FF00F05D5E7825D17F801CB013623
S315010106D882EA0C021343F0E72B46E8223946DFE7A3
S315010106E86FF02005C9E710B50446E06D00F0A8FED4
S315010106F82046FFF7B3FF431CF7D010BD10B5846838
S3150101070821600021E360C4E901121034846010BD3F
S31501010718836819600121C3E90112103383607047A7
S3150101072810B5C0E90121044600F11001006800F085
S31501010738CEFEE06010BD000070B504461D46049E5C
S31501010748FFF7EEFF33462046E1682561024ABDE817
S315010107587040FFF7D3BF00BF040000202DE9F04325
S315010107681546C668836885B0044688461022002165
S3150101077868460836A3F11009374601F045F82846B7
S315010107886B4681452DD20121EA68696042F0200252
S31501010798EA60AA68206842F00052AA609A6859601C
S315010107A842F000529A60019D08F1080204F1100114
S315010107B800F08BFE32462068002100F078FE2A46B9
S315010107C82068102100F073FE20680322342100F00D
S315010107D875FE03223821206805B0BDE8F04300F013
S315010107E86DBE426822B15F60034610371030C8E713
S315010107F86F600546F9E7F8B5002506462C46012737
S31501010808204600F033FE68B14FF4806100F048FEDE
S31501010818304218BF07FA04F304F1010418BF1D4356
S31501010828202CEDD12846F8BD2DE9F04100250446D5
S315010108380F4690462E4614B92846BDE8F081E307CE
S315010108480BD5304600F012FE394600F029FE38EA8A
S31501010858000002BF0123B3401D4301366408EAE7DC
S3150101086870B528210546006800F01AFE3C210646A6
S31501010878286800F015FE16F0240F00F0230407D0AE
S3150101088800F02AFE286820F05FDB6FF01F0070BDBB
S315010108983CB928684FF0FF32302100F00FFE20469F
S315010108A8F5E74FF0FF30F2E7C0E900210022826047
S315010108B87047002320298CBF19460131C0E900334D
S315010108C881607047C000C90002F1080303F8010DF0
S315010108D893424FEA1020F9D103F11002083302F8C5
S315010108E8011D9A424FEA1121F9D1012070470000F1
S315010108F82DE9F34717460022044699460D46C26576
S315010109084265002900F0B6800B688E682BB9002E66
S3150101091800F0B080984646460EE0002E51D14B684C
S31501010928102B49D0182B49D0202B40F0A680102234
S315010109380426564B53F822806B68182B43D0D9F8F5
S315010109480030DB073FD40220FFF755FF824600F04E
S315010109583FFD4F4BE0652360E36DBBBB0120FFF70C
S315010109684AFF40F2044148F04002FFF75DFFD9F81A
S315010109780030064613F0010908D04FF080524FF4B2
S315010109888161FFF751FF4FF002090646304600F033
S315010109981FFD404BE0650C2239462360666504F567
S315010109A8BD70FFF769FCBAF1000F01D0E36D0BB910
S315010109B8002E65D000260BE03246BAE70822164614
S315010109C8B7E79046A7E74FF0FF3AC5E74FF00009A9
S315010109D8E36D002B57D02146AA6851F8740B930190
S315010109E8DBB2920843EA0273426804F15C0802F138
S315010109F8080C012202FA0CF2134382683343126886
S31501010A0843EA090300924046E022FFF795FEAB68E7
S31501010A186BB9D5E9000100F05CFD23686A689B683A
S31501010A2801465B68404642F00052FFF767FE0C211A
S31501010A38384600F04EFD236801469B6840469B688F
S31501010A48154AFFF75BFE002300220020C4E90823AB
S31501010A58C4E9062304F13403C4E90B031023237201
S31501010A682368C4E90300DB68A0626360A56502B077
S31501010A78BDE8F0876FF02100F9E76FF04100F6E76D
S31501010A886FF00200F3E76FF00100F0E77457020116
S31501010A9808580201B85702010C00002008B5C36DB8
S31501010AA88BB103685A68052A07D1027A8A4204D0AA
S31501010AB8FFF728FC6FF0420008BDDB6A8B42F7D8C5
S31501010AC801720020F8E76FF02000F5E7002307B56A
S31501010AD8019301ABFFF70CFF03B05DF804FB00239B
S31501010AE813B5019301AB0446FFF702FF20B922684A
S31501010AF8E36E12681343E36602B010BD09B100F053
S31501010B0809B822207047012100F06EB9002100F0D1
S31501010B186BB9000070B504460D4600F051FB064657
S31501010B281D2C00F25A81DFE814F01E002700580136
S31501010B382A0034003F002E015600610058017A004F
S31501010B48DF007E009200580158019600A90058015C
S31501010B58AD005801B10058014601F30058010A01D7
S31501010B68CB0058013E01FFF721FB002428603046DE
S31501010B7800F021FB204670BDFFF738FBF5E7994BDD
S31501010B881C6FFFF733FBC4F380240134B0FBF4F087
S31501010B98EBE7944B1C6FFFF729FBC4F3802401345F
S31501010BA8B0FBF4F04008E0E78E4BD3F88000D3F8A8
S31501010BB88030C0F3011003F00303022B00F1010495
S31501010BC800F0D880032B00F0D880012B40F08180FA
S31501010BD8FFF7ECFADAE7FFF7E9FA824BD3F8903037
S31501010BE8C3F304430133B0FBF3F0BEE77D4BD3F8FE
S31501010BF8203103F00703013B052B6AD8DFE813F01F
S31501010C080600E7000C0009000600E700FFF7C8FA2D
S31501010C18ABE7FFF709FBA8E7FFF7FAFAA5E7714B77
S31501010C28D3F82831E5E76F4BD3F8403103F00303D5
S31501010C38022B06D0032B07D0012B4AD1FFF714FB50
S31501010C4893E7FFF70BFB90E7FFF711FB8DE7654B81
S31501010C58D3F86031EAE7634BD3F8003203F00703AF
S31501010C68013B032B35D801A252F823F09D0A8000D6
S31501010C78A30A8000A90A8000DD0A8000FFF7B6FAF7
S31501010C88800A72E7574BD3F84032CFE7554BD3F871
S31501010C98203203F00703013B032B1AD801A252F8AC
S31501010CA823F000BF150B8000730A80009D0A80009E
S31501010CB8A30A800029460A20FFF72CFF044656E7B6
S31501010CC8484BD3F8703203F00303012B05D0022BED
S31501010CD806D0002302242B6049E729460C20EBE7BD
S31501010CE800230F242B6042E73E4BD3F8A83203F0C9
S31501010CF80703013B032BECD801A252F823F000BFED
S31501010D086D0A80002F0C8000790A8000730A800021
S31501010D18344BD3F8AC3203F00703013B032BD8D884
S31501010D2801A252F823F000BF990B8000730A8000D3
S31501010D389D0A8000A30A800029460B20BCE7294B9E
S31501010D48D3F8B002D3F8B03200F03F0003F4E06300
S31501010D58B3F5407F00F1010412D008D8B3F5807FBD
S31501010D680BD0B3F5007FB4D1FFF756FA0EE7B3F509
S31501010D78806FAED1FFF758FA08E7FFF711FA05E7D1
S31501010D88FFF746FA02E7174BD3F8803103F003035D
S31501010D98022B3FF441AF032B3FF43BAF012B98D113
S31501010DA82946082088E74FF0E0231B6929465B0796
S31501010DB894D5012080E70B4BD3F8003103F00303E7
S31501010DC8022B3FF43EAF032B04D0012B81D1FFF750
S31501010DD823FACAE6FFF726FAC7E6002321242B6080
S31501010DE8C5E600BF00408040D8B1036813F4E07F2F
S31501010DF803F03F00C3F382120CD0012A0CD0032A57
S31501010E080FD1094B51B103F58053012282401A6072
S31501010E1800207047054BF5E7054BF3E703F500534A
S31501010E28F3E70E20704700BFB4428040644080401A
S31501010E3868408040F8B5164F05463B78834218D07D
S31501010E48144B1A6840F201239A4212D9A0B10B2810
S31501010E5819D1114C6379C3B900F0B2F92146064695
S31501010E680E4800F0F3F80446304600F0A4F90CB92F
S31501010E783D7000242046F8BD00F0A2F90646074850
S31501010E8800F0C8F8EFE72124F4E70E24F2E700BFE2
S31501010E98F17C002044480020F27C002048480020CB
S31501010EA8B0F5802F22D010D8B0F5003F20D007D851
S31501010EB818B3B0F5803F08BF482018BF0120704715
S31501010EC8B0F5403F08BF2C20F7E7B0F5302F11D018
S31501010ED807D8B0F5E02F0FD0B0F5202F08BF1020A5
S31501010EE8EBE7B0F57F0F08BF0620E6E74B20704711
S31501010EF82A207047112070472120704708B54FF005
S31501010F08FF31054800F08BF928B94FF48062034B8C
S31501010F189A66BFF34F8F08BD5447002000508040A1
S31501010F284FF48062024B03489A6600F094B900BFF8
S31501010F38006080405447002010B5044600283FD080
S31501010F48FFF7DCFF00283AD1204600F002F994F8B0
S31501010F5824304BB94FF085435A6CD202FCD55C6DEE
S31501010F681B6804F4702412E04FF08544A36D43F025
S31501010F780203A36500F088FC022810D0A36D23F0B3
S31501010F880203A3654FF4A0220E4B1C681A60FFF7F2
S31501010F98C7FFA4B12046BDE81040FFF781BF0A4B40
S31501010FA84FF0FF31186E00F043FEA36D23F00203E3
S31501010FB8A3650028E6D02368FFF7B2FF012010BD1B
S31501010FC82120FCE7307C0020F046002008B528B135
S31501010FD82822002100F018FC002008BD2120FCE789
S31501010FE838B51546044688B182B10023084A83609B
S31501010FF8C0E90023036200F0A3F82046294600F060
S315010110089FF82046BDE83840FFF796BF212038BD35
S31501011018000062FF13B501A9044600F06BF880B917
S3150101102840F20123019A9A420DD96FF48072A3F510
S315010110386B031344C4E90030A06020622046FFF720
S315010110487BFF02B010BD0F20FBE700002DE9F74336
S3150101105891F800800446A8F10603052B42D8B1F898
S315010110680150B5F5006F3DD2CF78052F3AD80E79E3
S31501011078032E37D891F8059019F0FD0F32D101A940
S3150101108800F038F8E8B940F20122019B93421BD9D5
S31501011098164B4946C4E90030A0602062204600F09B
S315010110A84FF8204645EA084100F04AF839462046F4
S315010110B800F046F83146204600F042F82046FFF78F
S315010110C83BFF03B0BDE8F083B3F5007F0CD3084BB2
S315010110D84946C4E90030A0602062204600F030F894
S315010110E82946E8E72120ECE70F20EAE7000215FF88
S315010110F8000015FF10B50C46D0B1C9B100F057F87B
S315010111080C4B0D495A6E4FF48033D2034B6601F5E8
S31501011118DE21D1F80C1658BF084A216058BF53661B
S3150101112800F040F80020236823F07F43236010BDB7
S315010111382120FCE70040804000508040006080404B
S31501011148036A042B9FBF00EB83020133D16003625B
S315010111587047036A052B16D84FF08542116CC902EF
S31501011168FCD5002105339B00136511600168143B09
S3150101117811604168116050F8081F11604FF08542EE
S315010111880344984200D1704750F8041F1160F8E7EB
S31501011198836813B9816070475B685A68012AFBD174
S315010111A85960704710B962B6BFF36F8F7047EFF395
S315010111B8108072B6704780F31188BFF36F8F70473D
S315010111C8EFF31180302383F311887047EFF310830E
S315010111D8DB0706D4EFF311802F2894BF00200120E5
S315010111E8704701207047000070B50546A8B1FFF7A1
S315010111F8DEFF0646286E00F09EFC044640B100F06B
S31501011208FAFB844209BF6C6D0124E44304F001042D
S315010112183046FFF7C7FF204670BD0124FBE738B505
S315010112280D460446A8B100F02FFB02280FD1FFF79E
S31501011238CDFF20B12046BDE83840FFF7D5BF294685
S31501011248206E00F031FC003818BF012038BD00209E
S31501011258F9E70120FAE710B50446A0B100F014FB3D
S3150101126802280ED1FFF7B2FF20B12046BDE8104092
S31501011278FFF7BABF206E00F03CFC003818BF012009
S3150101128810BD0020F9E70120FAE70000012870B531
S3150101129804460D463FD8224B5B68C3F30803CBB915
S315010112A84FF0FF311F48FFF7BAFFE8B964201E4B1B
S315010112B81E4E4FF0FF3100FB04303460FFF7AFFFDC
S315010112C890B9336833B92DB14A201FF0E8D8012204
S315010112D8174B1A72124D44B91648FFF714FC6B687D
S315010112E8C3F30803CBB9002070BD1348FFF70BFC04
S315010112F86B68C3F30803002BF5D0104BDA6B12F0B8
S31501011308430FFBD19B6A0E4A13F0240318BF01232D
S3150101131814201360E8E72120E6E70F20E4E700BF80
S3150101132800ED00E00C49002070490020A448002086
S315010113385C7C00203C5702014057020100400041F4
S31501011348587C0020044B5B68C3F3080313B90348AF
S31501011358FFF781BF0020704700ED00E00C4900202E
S3150101136870B504461348FFF73FFFD0B926684EB951
S31501011378114D2B7A1BB14A201FF08FD82E720F48B7
S31501011388FFF7C4FB2368012B0BD10D4B5B68C3F334
S31501011398080333B90B4B1B68112B02D10A48FFF716
S315010113A8B5FB64202268094BBDE8704000FB023099
S315010113B8FFF751BF0C4900205C7C00203C57020114
S315010113C800ED00E0587C00204057020170490020D9
S315010113D80A4B1A680123934018400ED0084B5B68E3
S315010113E8C3F308033BB1074AD36B13F0430FFBD190
S315010113F8012000F03BB81046FBE77047A4480020DE
S3150101140800ED00E00040004108B54FF082439A6AB9
S3150101141812F0340F1CBF34221A63074B1B7A53B1DE
S3150101142800F032FA0238012805D8044B186EBDE8D6
S31501011438084000F02BBC08BD5C7C0020A8480020B0
S3150101144808B5084B1B7A5BB100F01EFA022807D1D1
S31501011458054B4FF0FF31186EBDE8084000F0E8BBB7
S3150101146808BD00BF5C7C0020A848002001280BD8D4
S31501011478074B5B68C3F3080343B90C22054B0648BE
S315010114881B6802FB03007047002070470348704739
S3150101149800ED00E0A44800205C7C0020687C002067
S315010114A84368BFF34F8F5858BFF34F8F704743684F
S315010114B8BFF34F8F5A50BFF34F8F70474368BFF33E
S315010114C84F8F5A50BFF34F8F704770477047084681
S315010114D870477047704700000122024BC3F8FC2F81
S315010114E8704700BF00F0FFFF53B94AB9002908BF89
S315010114F800281CBF4FF0FF314FF0FF3000F082B9D1
S31501011508ADF1080C6DE904CE00F006F8DDF804E04A
S31501011518DDE9022304B070472DE9F04F099D0C4618
S31501011528002B4DD18A420F4684469646B2FA82F37A
S3150101153860D94BB102FA03FEC3F120029F4000FABA
S3150101154803FC20FA02F217434FEA1E461FFA8EF4EC
S315010115584FEA1C42B7FBF6F106FB117701FB04F0D2
S3150101156842EA0742904208D91EEB020201F1FF370E
S3150101157802D2904200F231813946121A1FFA8CFCC5
S31501011588B2FBF6F006FB102200FB04F44CEA024C0E
S31501011598644508D91EEB0C0C00F1FF3202D26445F1
S315010115A800F21E81104640EA0140ACEB040C002111
S315010115B825B12CFA03F30022C5E90032BDE8F08F03
S315010115C88B4205D90DB1C5E9000100210846F5E7A8
S315010115D8B3FA83F100294DD1A342C0F0F3809042B9
S315010115E880F0F080064623460846002DE6D0C5E977
S315010115F80063E3E7002B40F0A3808A1A4FEA1E47EE
S315010116081FFA8EF60121B2FBF7F407FB14204FEA04
S315010116181C4242EA004206FB04F090420FD91EEB36
S31501011628020204F1FF382CBF4FF001094FF00009FE
S31501011638904203D9B9F1000F00F0CC804446121A41
S315010116481FFA8CFCB2FBF7F007FB102200FB06F62A
S315010116584CEA024C664508D91EEB0C0C00F1FF3227
S3150101166802D2664500F2B3801046ACEB060C40EA9D
S3150101167804409DE7C1F120068B4004FA01FE22FAD6
S3150101168806F720FA06FCF4408A401F434EEA0C038A
S3150101169800FA01FE4FEA17484FEA13491FFA87FC78
S315010116A8B4FBF8F008FB104449EA044400FB0CF9C1
S315010116B8A1450ED93C1900F1FF3A2CBF4FF0010B98
S315010116C84FF0000BA14503D9BBF1000F00F08B8048
S315010116D85046A4EB09041FFA83F9B4FBF8F308FB96
S315010116E8134403FB0CFC49EA0444A44506D93C19F5
S315010116F803F1FF3801D2A4457BD8434643EA0040AA
S31501011708A4EB0C04A0FB02984445CC46434602D3FC
S3150101171806D1CE4504D20138B9EB020C68EB0703B1
S31501011728002D6CD0BEEB0C0264EB030422FA01F323
S3150101173804FA06F6CC4000211E43C5E900643DE7DB
S3150101174802FA03FEC3F1200104FA03F200FA03FCCB
S31501011758CC404FEA1E4720FA01F11FFA8EF6B4FB77
S31501011768F7F00A4307FB1044110C41EA044100FB57
S3150101177806F48C420ED91EEB010100F1FF382CBF8C
S315010117884FF001094FF000098C4202D9B9F1000F56
S315010117982CD04046091B92B2B1FBF7F407FB141191
S315010117A842EA014204FB06F1914207D91EEB020204
S315010117B804F1FF3801D291421ED84446521A44EA2D
S315010117C8004120E7861A64EB030301200DE7F4447F
S315010117D802384AE7023C724431E702397244CCE6DF
S315010117E8F4440238DFE602383C4472E702387144B0
S315010117F8D0E7023B3C4481E7023C7244DEE72946D5
S31501011808DCE600BF704700BF02440346934200D19C
S31501011818704703F8011BF9E710B5EFF3058414B115
S315010118280124204610BD01F0DFFC0128F9D0EFF3B0
S315010118381083002BF4D1EFF31184003C18BF012466
S31501011848EFE708B54FF0E0231B6901F0CDFC01284C
S3150101185803D0BDE8084000F071BB08BD08B5FFF724
S31501011868DBFF48B901F0C0FC0128034607D1054A47
S31501011878106820B9136008BD6FF00500FBE74FF04A
S31501011888FF30F8E7F84F002008B501F0ADFC38B193
S31501011898022804D0034B1868431E5842584108BD13
S315010118A80320FCE7F84F002010B5FFF7B5FF044602
S315010118B868B901F099FC01280CD1084B1A68012A6B
S315010118C808D102221A6001F0F5F9204610BD6FF020
S315010118D80500FBE74FF0FF30F8E700BFF84F00209E
S315010118E810B5FFF799FF044640B901F07DFC40B1F7
S315010118F8022808D101F022FA204610BD6FF0050031
S31501011908FBE70120F9E74FF0FF30F6E710B504468A
S31501011918FFF782FFB0B901F067FC30F0020314D179
S31501011928012C03D101F00AFA204610BD6CB901F068
S31501011938DDFA0128F8D001F057FC841E18BF4FF0D3
S31501011948FF34F1E76FF00504EEE74FF0FF34EBE7FB
S3150101195800232DE9F04186B005460E4690460593CA
S31501011968FFF75AFF00BBFDB1B8F1000F3DD0D8F81A
S3150101197818402CB1631E372B03D906B0BDE8F08197
S315010119881824D8F80430DB0733D4D8F814306BB1EE
S315010119989A08D8F80010D8E902704FB15F2803D91F
S315010119A8D8F8100000B1B3B90598E6E7A022F0E727
S315010119B80028F9D1D8F81030002BF5D105AB013C37
S315010119C8019328463346009401F08BF801281CBF80
S315010119D800230593E8E7013CCDE90107334628468B
S315010119E8009401F0ACF80590DEE741461824A022DF
S315010119F8E4E70020C1E701F0EBBB38B50546FFF77F
S31501011A080BFF044650B965B1284601F011F90428BE
S31501011A180AD0284601F0C0F8204638BD6FF0050006
S31501011A28FBE76FF00300F8E76FF00200F5E738B559
S31501011A380546FFF7F1FE10B10024204638BD25B948
S31501011A48BDE83840012000F08EBE6B681A07F3D451
S31501011A58D5E9021203F0010379B14F2AECD99BB1F9
S31501011A68042000F0C1FE04460028E5D0296809B121
S31501011A7800F0B6FD44F00104DFE7002ADCD17BB1B1
S31501011A88042000F070FEEEE7012000F0ADFE0446E9
S31501011A980028D1D029680029CFD000F0A1FDCCE7D3
S31501011AA8012000F060FEF2E7F8B505460C4620F084
S31501011AB8010600F00107FFF7AFFEA0B9012D15D9FF
S31501011AC82146304667B100F05FFD012801D10020AA
S31501011AD8F8BD002C14BF6FF001006FF00200F7E7A3
S31501011AE800F0BFFCF1E76FF00500F1E76FF00300C5
S31501011AF8EEE770B5044620F0010500F00106FFF78F
S31501011B088BFE90B9012C13D946B1284600F053FD35
S31501011B1801280CBF00206FF0020070BD3346324622
S31501011B283146284600F049FBF2E76FF00500F4E774
S31501011B386FF00300F1E7012810B50ED920F0010471
S31501011B48FFF76AFE20B12046BDE8104000F016BD38
S31501011B582046BDE8104000F004BD002010BD70B557
S31501011B68054620F00106FFF757FE044648B9012D3F
S31501011B780AD9304600F052FD304600F067FD20468D
S31501011B8870BD6FF00500FBE76FF00300F8E773B569
S31501011B9804460E461546FFF73FFE70BB6CB3B442C9
S31501011BA82BD35DB9012C3BD120460322002100F03C
S31501011BB8B0FD044608B396B905B32AE0D5E9023260
S31501011BC8CBB14F2A19D9012C1BD103220146009207
S31501011BD80246204600F0E0FD044670B1CEB100236D
S31501011BE820461A46194600F0E8FA0128E4D02046AB
S31501011BF800F02CFD01E0002AD4D00024204602B0D1
S31501011C0870BD20461A46314600F0FCFD04460028FF
S31501011C18F3D029680029F1D0204600F0E1FCEDE76F
S31501011C282046314600F0AAFD04460028C4D1E4E75E
S31501011C3837B50C46054618B96FF0030003B030BD38
S31501011C48FFF7EAFDB8B1002CF6D12146284601AACB
S31501011C58019400F0D2FB012802D06FF00200EDE7F2
S31501011C68019B0BB90020E9E74FF0E0234FF08052C1
S31501011C78C3F8042DF6E72146284600F0F2FB0128B0
S31501011C88F0D0002CE9D06FF00100D7E713B504466F
S31501011C9808B3FFF7C1FD0346A8B10023204601A9F0
S31501011CA8019300F07CFB012803D06FF0020002B01A
S31501011CB810BD019B2BB14FF0E0234FF08052C3F8C1
S31501011CC8042D0020F3E702460146204600F075FA85
S31501011CD80128F6D0E9E76FF00300E8E738B50546CC
S31501011CE8FFF79AFD044640B955B1284600F096FC1E
S31501011CF8284600F0ABFC204638BD6FF00500FBE72E
S31501011D086FF00300F8E70000034B0360034B0B6018
S31501011D18A0231360704700BF984F0020184D00207B
S31501011D28034B0360034B0B60A0231360704700BF8D
S31501011D38B84C0020384A00204FF0FF3200F1080361
S31501011D48C0E902234360036100230360704700234E
S31501011D580361704730B50C68631C0AD103695A6877
S31501011D684A6091608B6059600368086101330360B9
S31501011D7830BD00F10802134652681568A542FAD921
S31501011D88EDE743689A684B608A6051609960036818
S31501011D9808610133036070470369D0E901128A605A
S31501011DA851605968814208BF5A6000220261186868
S31501011DB8013818607047000010B54FF0807440E98A
S31501011DC80224184A4FF0123440F80C2C4FF0033212
S31501011DD84FF0023C40E905244FF0013240F8203C1E
S31501011DE840E9072C4FF010334FF011324FF0093407
S31501011DF840E90A324FF008334FF0073C40E90C3409
S31501011E084FF006334FF0053240E90E3C4FF00433EB
S31501011E1840E910326FF0430340F8443C40F8481D4D
S31501011E2810BD00BF7D9701014FF0E0220423136124
S31501011E3800234FF47A719361044B1B68B3FBF1F3E9
S31501011E48013B536107231361704700BFF07B0020F3
S31501011E58002313B54FF07F4201934FF0E023C3F8F6
S31501011E681C2DD3F81C3D1B0E8DF803309DF803304C
S31501011E789DF803309DF8033013F0800F019B29D19A
S31501011E88082B0CBF0023019B174A18BFC3F107038F
S31501011E981B0203F4E06313604FF0E0230024D3F837
S31501011EA8202D42F47F02C3F8202DD3F8202D42F0CC
S31501011EB87F42C3F8202DC3F81C4DFFF7B5FF0B4B25
S31501011EC81C6000F079F801F039F917F027DD204691
S31501011ED802B010BD013301939DF803305B00DBB2FB
S31501011EE88DF80330C6E700BFFC4F0020747C002043
S31501011EF84FF0E0234FF08052C3F8042DBFF34F8F03
S31501011F08BFF36F8F7047000008B500F065F8044A02
S31501011F18136801331360BFF34F8FBFF36F8F08BD8A
S31501011F28747C0020044B1A681A68013A1A60186809
S31501011F3808B900F05CB87047747C002010B500F050
S31501011F484BF8044600F01CFF28B14FF0E0234FF08F
S31501011F588052C3F8042D2046BDE8104000F047B869
S31501011F68836913F8023C662B0FD14FF0E023D3F8AE
S31501011F78882D42F47002C3F8882DD3F8342F42F024
S31501011F884042C3F8342F00F001B87047094A116875
S31501011F98086806C881F30B88022181F31488203069
S31501011FA880F30988BFF36F8F4FF0000080F3118822
S31501011FB8104700004C55002006480068006880F368
S31501011FC8088862B661B6BFF34F8FBFF36F8F66DFBD
S31501011FD800BF000008ED00E0EFF311804FF030017A
S31501011FE881F31188BFF34F8FBFF36F8F704780F36A
S31501011FF81188BFF34F8FBFF36F8F7047EFF30980D6
S315010120081EF0100F08BF20ED108AEFF30B827346FD
S3150101201820E9FC0F0F4A116808604FF0300080F380
S315010120281188BFF34F8FBFF36F8F01F087F84FF018
S31501012038000080F31188074A11680868B0E8FC0FA7
S3150101204813F0100F08BFB0EC108A82F30B8880F3E6
S31501012058098818474C5500201EF0040F0CBFEFF3F1
S315010120680880EFF30980014908470000C11D800076
S3150101207810B5044600F062FE20461EF079DB0446DF
S3150101208800F034FF204610BD10B5044640B100F0FA
S3150101209855FE20461EF07BDCBDE8104000F026BF48
S315010120A810BD70B50446FFF72FFF94F8455004F1AA
S315010120B824066DB2002D14DCFF2384F84530FFF7A1
S315010120C831FFFFF721FF94F8445004F110066DB270
S315010120D8002D12DCFF2384F84430BDE87040FFF778
S315010120E821BF636A002BE7D0304600F0CDFF08B166
S315010120F801F074F8013D6DB2DCE72369002BE9D0E3
S31501012108304600F0C1FF08B101F068F8013D6DB232
S31501012118DEE710B50446FFF7F7FEA46BFFF702FFEA
S31501012128B4FA84F0400910BD70B51646026C04462E
S31501012138856B42B906689EB9806801F0ABF8A6605D
S315010121480135A56370BD6EB9406822F090DD6368FB
S31501012158226C1344A2686360934224BF23686360B7
S315010121680020EDE7C06822F082DD226CE368514266
S315010121789B1A2268E36093423EBFA3685B18E3603A
S31501012188022EEDD10DB1013DEAE72846D8E703460E
S315010121981A6C084610B46AB1DC68996814448C4211
S315010121A828BF1968DC6028BFD960D9685DF8044B76
S315010121B822F05D9D5DF8044B7047F0B5044685B084
S315010121C81D4601920E4601F00FF8FFF79DFEA26B1F
S315010121D8E36B9A421FD22A4631462046FFF7A4FFEE
S315010121E8636A1BB104F1240000F04EFF08B1FFF741
S315010121F87FFEFFF797FE012005B0F0BDFFF784FECC
S31501012208A36BE26B9A42E6D80123019A42B9FFF719
S3150101221889FE0020F0E7022DDDD000231F46F4E7F1
S3150101222813B902A801F0B4F8FFF77CFE00F086FDA8
S31501012238FFF76AFE94F84430FF2B08BF84F844700F
S3150101224894F84530FF2B08BF84F84570FFF76AFEFD
S3150101225801A902A801F0A8F820BBFFF755FEA26B58
S31501012268E36B9A4210D1FFF75DFE019904F1100063
S3150101227800F0D8FE2046FFF714FF00F037FE0028CC
S31501012288BCD1FFF735FE06E0FFF74CFE2046FFF706
S3150101229808FF00F02BFEFFF737FEA26BE36B9A42AC
S315010122A8B2D298E72046FFF7FCFE00F01FFEB0E721
S315010122B838B100231A46194683600360C360FFF7E4
S315010122C87CBF7047F0B5044685B00E46019200F011
S315010122D88BFFFFF719FEA56B9DB131462046FFF726
S315010122E856FF2369013DA56333B104F1100000F0DE
S315010122F8CBFE08B1FFF7FCFDFFF714FE012005B07F
S31501012308F0BD019B1BB9FFF70DFE0020F7E702A8F7
S3150101231801F03EF82F46FFF705FE00F00FFDFFF726
S31501012328F3FD94F84430FF2B08BF84F8447094F800
S315010123384530FF2B08BF84F84570FFF7F3FD01A966
S3150101234802A801F031F8F8B92046FFF7E2FEA8B173
S31501012358019904F1240000F065FE2046FFF7A1FE6C
S3150101236800F0C4FD08B9FFF7C3FDFFF7CDFDA56B65
S31501012378002DB2D1019B002BCDD1C4E72046FFF731
S3150101238890FE00F0B3FDF0E72046FFF78AFE00F064
S31501012398ADFD2046FFF7BDFE0028E6D0B5E7F8B545
S315010123A804460E4617F0CADAFFF716FEA36BE26B6F
S315010123B807469A421FD994F845200133FF2A55B297
S315010123C8A3630FD1636A3BB104F1240000F05CFEFB
S315010123D810B10EB10123336001243846FFF707FE18
S315010123E82046F8BD00F0B8FC8542F5D201356DB23B
S315010123F884F84550F0E70024EFE72DE9F843044650
S315010124088946904617F09ADAFFF7E6FDA66B074665
S31501012418C6B194F84450494620466DB2FFF7B7FE56
S31501012428013E6B1CA66313D1236953B104F1100054
S3150101243800F02AFE28B1B8F1000F02D00123C8F82D
S31501012448003001263846FFF7D2FD3046BDE8F8834C
S3150101245800F082FC8542F4D201356DB284F844500C
S31501012468EFE7F0B5002585B0044601912E4600F047
S31501012478BBFE2F46FFF748FDA36BA3B1013BA3633F
S31501012488236813B900F07AFFA060236933B104F117
S31501012498100000F0F9FD08B1FFF72AFDFFF742FD2B
S315010124A8012005B0F0BD019B1BB9FFF73BFD0020DB
S315010124B8F7E716B902A800F06BFFFFF733FD00F045
S315010124C83DFCFFF721FD94F84430FF2B08BF84F842
S315010124D8447094F84530FF2B08BF84F84570FFF71F
S315010124E821FD01A902A800F05FFF10BB2046FFF7F5
S315010124F810FEC0B123683BB9FFF706FDA06800F0DD
S3150101250883FE0546FFF70EFD019904F1240000F04B
S3150101251889FD2046FFF7C5FD00F0E8FC08B9FFF77C
S31501012528E7FC0126A6E72046FFF7BBFD00F0DEFC26
S31501012538F7E72046FFF7B5FD00F0D8FC2046FFF77F
S31501012548E8FD0028EDD0002DB1D0FFF7DDFC616A69
S3150101255819B1236B1968C1F13801A06800F0D0FEE1
S31501012568A3E710B50446FFF7CFFC236823B9A4688E
S31501012578FFF7D8FC204610BD0024F9E703680BB91B
S31501012588806870470020704770B5866804460D4615
S3150101259800F01EFE864204D10120E3680133E3609F
S315010125A870BD29462046FFF75CFF0028F8D0E3688D
S315010125B80133E360F4E738B58568044600F008FE9F
S315010125C885420BD1E368013BE3600BB1012038BDBC
S315010125D81A4619462046FFF7F0FDF7E70020F6E708
S315010125E870B5B9B100230C4A1C4615465668864290
S315010125F804D105EBC403C3E900100BE01BB9166846
S31501012608002E08BF134601340A2C02F10802EDD146
S31501012618002BF0D170BD00BF00500020002310B57A
S31501012628084A52F83310DC00814206D10021064AD4
S3150101263842F833102244516010BD01330A2BF0D1FF
S31501012648FAE700BF045000200050002010B5FFF73B
S31501012658E5FF90F846301BB9BDE81040FFF714BDF8
S3150101266810BD70B504460D461646FFF74DFC94F8A4
S315010126784430FF2B04BF002384F8443094F84530D5
S31501012688FF2B04BF002384F84530FFF74BFCA36BEE
S315010126982BB93246294604F1240000F0D3FC204621
S315010126A8BDE87040FFF7FDBC70B50E46044610B390
S315010126B8C06B00B3236CA3FB0035DDB9FFF724FC1E
S315010126C8D4E90F314B432268A563D0185B1A6260BE
S315010126D81A44FF23A06084F84430E26084F8453047
S315010126E856B104F11000FFF727FB04F12400FFF7A7
S315010126F823FB0AE0002070BD236933B104F1100000
S3150101270800F0C2FC08B1FFF7F3FBFFF70BFC012050
S31501012718F1E72DE9F0410D461746064618B9002499
S315010127282046BDE8F081A1FB0038B8F1000FF6D1CA
S31501012738484310F1510FF2D85030FFF799FC04467E
S315010127480028ECD080F846805DB100F150030121E3
S315010127582046C4E90F652360FFF7A6FF84F84C708C
S31501012768DEE70346F3E7024610B500210120FFF72C
S31501012778D0FF0446FFF79CFD204610BD10B50C4657
S3150101278830B1884204D302220021FFF7C2FF08B9FA
S31501012798002010BD8463FCE737B50D461C46E8B138
S315010127A893B1A2B1E1B150230193019B019B01218F
S315010127B8C4E90F0584F8461020462260FFF774FF25
S315010127C89DF8183084F84C30204603B030BD49B91C
S315010127D850230193019B2246019BE8E70446F3E74F
S315010127E80C46F1E71446EFE7002213B50B460090B4
S315010127F811460120FFF7D0FF0446FFF759FD204690
S3150101280802B010BD13B513460C4640B1884206D332
S315010128180222009200221146FFF7BEFF10B90020DD
S3150101282802B010BD8463FBE710B590F85D3004462C
S315010128383BB9006BFFF728FC2046BDE81040FFF7BE
S3150101284823BC012BF9D010BD00222DE9F843064618
S315010128581E4B1F4C1D681F4B0F46D3F800801E4B9C
S31501012868D3F800902368206883F85E200430FFF7C7
S3150101287893FA731C14D19FB1184B21685A688A605F
S3150101288890682168C8602168043141602168043172
S315010128989160226853611A6801321A60BDE8F883AA
S315010128A823682168AD195D6001F1040104D3484625
S315010128B8BDE8F843FFF74EBA4046FFF74BFA084B16
S315010128C81A68AA4288BF1D60E8E700BF7450002054
S315010128D84C550020C0500020BC5000207C500020DF
S315010128E858500020064A13681968064B19B94FF062
S315010128F8FF321A6070471268D2681268F9E700BF99
S31501012908C050002058500020F8B50C4C0C4F0D4D05
S31501012918236803B9F8BDFFF7F7FAFB68DE68301DCE
S31501012928FFF73AFA2B68013B2B602368013B2360C9
S31501012938FFF7F8FA3046FFF777FFE9E790500020ED
S3150101294894500020785000202DE9F0410446FFF704
S31501012958DBFA304B304E1A68304F01321A6035684E
S31501012968002D4AD134601B68012B1FD1B846404658
S315010129780135FFF7E1F9382D08F11408F7D1DFF828
S31501012988C480274D4046FFF7D7F92846FFF7D4F902
S315010129982448FFF7D1F92448FFF7CEF92348FFF771
S315010129A8CBF9234BC3F80080224B1D60224A201D17
S315010129B8136801331360214A23641168E36A8B4260
S315010129C888BF136014225343F9184A689568A260AF
S315010129D8E56068609060FA5861610132FA50FFF763
S315010129E8A1FA174B1B689BB13368DA6AE36A9A4203
S315010129F80ED2BDE8F041FFF77BBA114B1A68E36ABB
S31501012A08002AD3D13268D26A9A4298BF3460CDE797
S31501012A18BDE8F081785000204C550020EC5000208B
S31501012A28C4500020A8500020945000207C5000205A
S31501012A38C0500020BC5000205C500020705000207E
S31501012A486C500020D850002008B5044CFFF75CFFF4
S31501012A582368012BFAD9FFF74BFAF7E7EC50002067
S31501012A682DE9F8430D46DDE90994960032460746F4
S31501012A78A521206B9846FEF7C7FE236B043E1E442B
S31501012A8826F007066DB16B1E04F13302093513F8F9
S31501012A98011F02F8011F09B1AB42F8D1002384F8DD
S31501012AA83D30089D201D372D28BF3725E562A564D0
S31501012AB8FFF74DF9C5F1380504F11800FFF747F994
S31501012AC843463A463046216B2461A5616462FFF7A4
S31501012AD873F92060B9F1000F01D0C9F80040BDE8CA
S31501012AE8F8832DE9F043074685B0900088461646D6
S31501012AF89946FFF7BDFA0546F0B16020FFF7B8FA26
S31501012B080446B0B160220021FEF77EFE0D9B2563C6
S31501012B1801930C9B324641463846009302944B4633
S31501012B28FFF79EFF2046FFF70FFF012005B0BDE81D
S31501012B38F0832846FFF7A8FA4FF0FF30F6E72DE9AB
S31501012B48F043174660220E46002187B00592984642
S31501012B58DDE90F94059B0546059B0491C4B1B9F1BD
S31501012B68000F15D02046FEF74FFE022384F85D308B
S31501012B7804ABC4F8309001930E9B284600933A465C
S31501012B88434631460294FFF76BFF2046FFF7DCFE09
S31501012B98049807B0BDE8F083F8B504461D4DFFF763
S31501012BA8B3F904B92C68271D3846FFF7F5F8A36A66
S31501012BB81BB104F11800FFF7EFF8174A174E13680E
S31501012BC8013313602B68A342336800D15BB9144AF8
S31501012BD81368013B1360FFF785FEFFF7A3F920464A
S31501012BE8FFF722FE09E039460E48FFF7CAF80E4AF1
S31501012BF8136801331360FFF795F9336843B12B68FD
S31501012C08A34205D1094B1B68BDE8F840FFF770B926
S31501012C18F8BD00BF4C5500205C5000206C500020C7
S31501012C2878500020945000209050002050500020E8
S31501012C381A4B2DE9F0411B680446834226D0FFF75A
S31501012C4863F9174BD4F828801F68164B65691E6806
S31501012C58FFF768F9144B98451AD0BD421AD0B54207
S31501012C6818D0124B9D4209D1A36A9BB994F85C30DD
S31501012C78012B14BF03200220BDE8F0810C4B9D42B4
S31501012C880AD0002D14BF01200420F5E70020F3E73F
S31501012C980120F1E70220EFE70420EDE74C5500207A
S31501012CA8C0500020BC500020A85000207C500020B4
S31501012CB89450002030B58BB007AB1D46184A12F85F
S31501012CC8014B03F8014B002CF9D106AA05A904A861
S31501012CD8CDE90444FFF718F8049B29460293059B9D
S31501012CE8069ACDE900430F482346FFF728FF0E4B05
S31501012CF8186080B100F0E6FC012805460BD1FFF703
S31501012D086BF94FF0FF32094B1A60094B1D60094BEC
S31501012D181C60FFF79DF8084B1B680BB030BD00BF5F
S31501012D2818590201A9288000545000205850002042
S31501012D386C50002074500020787C0020024A1368E8
S31501012D4801331360704700BF50500020014B1868CA
S31501012D58704700BF74500020014B1868704700BFC7
S31501012D6878500020012906D808B9044B186814318E
S31501012D7850F8210070470020704700BF4C550020CC
S31501012D882DE9F84F4E4B1B68002B40F092804D4BB5
S31501012D981C6801341C6064B94B4B1A684B4A1968A3
S31501012DA81068186011604A4A136801331360FFF706
S31501012DB899FD484D00202B68474AA342DFF824B103
S31501012DC80FD91421DBF80030DB6A4B43D358022BA8
S31501012DD8424B28BF01201B68002B18BF0120BDE803
S31501012DE8F88F0746DFF800C1374B1B681B681BB90B
S31501012DF84FF0FF332B60E4E7334B1B68DB68DB6875
S31501012E0859688C4201D22960DBE7D3F81480D3E9EA
S31501012E180219C1F80890C9F80410D8F8041003F189
S31501012E28040E7145D8F8001008BFC8F80490013995
S31501012E385F61C8F80010D3F82880B8F1000F13D0E4
S31501012E48D3E90719C1F80890C9F80410D8F804108C
S31501012E5803F1180A5145D8F8001008BFC8F80490BB
S31501012E6801399F62C8F800101426D96ADCF8008076
S31501012E78414506FB01F802EB080ADAF8049088BF16
S31501012E88CCF80010D9F80860C3F80890DE60C6F8D6
S31501012E9804E0C9F808E0C3F814A052F80830013370
S31501012EA842F80830DBF80030DB6A994288BF012015
S31501012EB89AE70B4A00201368013313608FE700BFB5
S31501012EC85050002074500020C0500020BC500020F2
S31501012ED86050002058500020EC500020645000201A
S31501012EE8685000204C550020705000202DE9F84FFC
S31501012EF8FFF70AF8434B1A681A68013A1A601B6800
S31501012F082BB10024FFF70EF82046BDE8F88F3E4A9B
S31501012F181268002AF5D014254FF0010C3B483C4CA8
S31501012F283C4A3D4E3D4F51E0C368DB68D3F828E082
S31501012F38D3E90718C1F80880C8F80410DEF80410A7
S31501012F4803F1180949454FF0000108BFCEF804807D
S31501012F589962DEF800100139CEF80010D3F814E0B1
S31501012F68D3E90218C1F80880C8F80410DEF804107C
S31501012F7803F104094945DEF8001008BFCEF80480BB
S31501012F880139CEF80010D3F82CE0216805FB0EF8BB
S31501012F9802EB080A8E45DAF8041088BFC4F800E086
S31501012FA8D1F808B09960C3F80CB0CBF80490C1F810
S31501012FB8089052F80810C3F814A0013142F8081014
S31501012FC83168C96A8E4501D9C7F800C00168002967
S31501012FD8AAD10BB1FFF786FC114D2C6844B1012723
S31501012FE80E4EFFF7CDFE00B13760013CF9D12C60D9
S31501012FF80A4B1B68002B84D0074B01241B68FEF77B
S3150101300877FF7FE75050002078500020A850002014
S3150101301870500020EC5000204C55002064500020CF
S315010130286850002010B50C46054B19681831FEF792
S3150101303891FE2046BDE810400121FFF705BC00BFFE
S315010130484C5500200F4B70B444681D68A668EC61A5
S315010130581D68002A2E621D6805F1180575601D682F
S315010130681B6805F11805A5609862036870BC03F130
S31501013078010303600CBF08464FF0FF301146FFF705
S31501013088E3BB00BF4C550020C368F0B5DB689A6AFB
S31501013098D3E9070181604860506803F11804A04229
S315010130A808BF5160002199621168013911601D4AF1
S315010130B8D96A1268002A29D1D3E902405A69A0605E
S315010130C8446054681D1DAC4208BF50601068013840
S315010130D81060154A1068814288BF116014224A435B
S315010130E8124886187468A7689C60DF607D60A560D0
S315010130F85E618358013383500D4B1B68DB6A994224
S3150101310885BF01200B4B00201860F0BD0A4A5068A3
S315010131188568D8611D626C6084609A62136801339F
S315010131281360E9E75050002070500020EC50002050
S315010131384C55002064500020A8500020F8B51F4BBB
S315010131481A681F4B12B101221A60F8BD1D4C1A608B
S3150101315823681B6B1A68B2F1A53F0BD15A68B2F104
S31501013168A53F07D19A68B2F1A53F03D1DB68B3F14F
S31501013178A53F04D02168206834311DF0D3DF142717
S31501013188114D124A296807FB01F3D658981896B1C9
S3150101319846680833766813449E4208BFC368466089
S315010131A808BF4360142303FB01225368DB682360CC
S315010131B829602368C9E70139E5E700BF50500020B6
S315010131C8645000204C55002070500020EC5000201E
S315010131D8014B1868704700BF4C5500200122014B6D
S315010131E81A60704764500020054B1B6833B1054BC3
S315010131F81868B0FA80F0400940007047012070470D
S315010132086C50002050500020F8B5044600282ED0F5
S315010132181D4DC36A2A68D26A93422DD282691B4E11
S31501013228002AA1BF2A68D26AC2F138028261142230
S3150101323802FB036342699A421AD1071D3846FEF712
S31501013248ABFD2B68124ADB6A1168E3628B4288BFC0
S31501013258136014225343F1184A689068A260E0602A
S3150101326847609760F25861610132F2500120F8BD59
S315010132782B68DB6AC362F9E72B68806CDB6A9842C3
S315010132882CBF00200120F2E74C550020EC5000200C
S315010132987050002070B5044608B9002070BD154B61
S315010132A8C16A1B68826CC36C914203F1FF33C36423
S315010132B8F3D0002BF1D1051D2846FEF76DFDA36C50
S315010132C8C3F13802A2610C4AE36211688B424FF0DD
S315010132D8140188BF13604B43084AD01841688E68A8
S315010132E8A160E66075608D60D15860610131012088
S315010132F8D150D3E74C55002070500020EC500020E6
S3150101330870B50446002831D0836C994238BF1946F5
S31501013318C36A8B422AD0C26C012A27D1144A154D98
S3150101332812688269C162002A4FF0140202FB035333
S315010133384269A4BFC1F1380181619A4216D1061DBC
S315010133483046FEF729FD0C4AE36A11688B4288BFAC
S31501013358136014225343E9184A689068A260E06031
S3150101336846609660EA5861610132EA5070BD00BF54
S315010133784C550020EC50002070500020034B186872
S3150101338810B1C36C0133C364704700BF4C550020AB
S31501013398034B1B680360034B1B684360704700BFFF
S315010133A8605000207450002070B504460D46FEF7A2
S315010133B8ABFD144B62681968134B186890F85E00E7
S315010133C840B100221B6883F85E200124FEF7AAFD9D
S315010133D8204670BD2B68581C12D00C482668006817
S315010133E8864204D08A4202D800232B60EDE7881A67
S315010133F88342F9D95B1A134420462B60FFF7C8FFAC
S315010134080024E3E7745000204C5500206050002049
S31501013418914208B5416000610AD8D21A83699A4274
S315010134280DD2084B011D1868FEF794FC002008BD52
S315010134389A4201D2994202D2034B011DF3E70120B7
S31501013448F5E700BFAC550020B055002070B504461C
S315010134580D461646A1692B46324620462944FFF7F1
S31501013468D7FF00B970BDA36920461D44236A984751
S31501013478F0E700000E4B70B51B680546DB680E4682
S31501013488DC68201DFEF788FC94F828305A0709D50F
S31501013498324629462046FFF7D9FF2046236ABDE869
S315010134A87040184723F0010384F82830F5E700BF77
S315010134B8B0550020F8B50546FFF748FC0D4E044600
S315010134C83368834209D90C4F3B681A6852B90B4ACA
S315010134D8116813603960012300E0002320462B603F
S315010134E83460F8BDDB684FF0FF311868FFF7C2FF9A
S315010134F8EAE700BF50550020B0550020AC55002021
S31501013508F7B5114CFEF700FD2568BDB90F4F104EF1
S315010135183846FEF711FC3046FEF70EFC0D4B10211D
S315010135281F600D4B0A201E600C4A0D4B0095FFF7D3
S3150101353833F9206010B10B49FFF752F803B0BDE822
S31501013548F040FEF7EFBC00BFA8550020C855002082
S31501013558B4550020B0550020AC550020857A0020CD
S31501013568545500201D5902012DE9F041524F534E80
S3150101357886B03B68D3F80080B8F1000F37D0002434
S31501013588DB68D3F80080FFF7D9FB02A8FFF792FFA2
S31501013598029B0546002B3FD15CBB40452FD3FFF764
S315010135A8A5FC29464046FFF765FF1022002102A81E
S315010135B8FEF72AF90022306802A9FEF783FE0028E0
S315010135C8D7D0029B0498002B29DB049C63696BBB4A
S315010135D801A8FFF76FFF029B0546013B082BE9D8B6
S315010135E8DFE803F028284B526128284B52000124B1
S315010135F8C9E7334B1B681C68B4FA84F4640922468B
S315010136083068A8EB0501FFF72CF8FFF76FFC0028D6
S31501013618CBD1FEF76DFCC8E7FFF768FCC5E7039B4D
S3150101362805999847029B002BC4DBCEE7201DFEF7BF
S31501013638B3FBCDE794F82830A16943F0010384F877
S315010136482830039B024619442046FFF7E1FE00286C
S31501013658B0D094F8283059070AD5A36903992A469F
S3150101366820461944FFF7F2FE2046236A9847A1E747
S3150101367823F0010384F82830F6E794F8283023F07B
S31501013688010384F8283095E794F82830024643F077
S31501013698010384F8283003990346A16101442046B0
S315010136A8FFF7B6FE86E794F828309A07E7D420464D
S315010136B8FEF7EAFC7EE700BFB0550020A8550020B9
S315010136C8AC55002010B588B0FFF71AFF0E4B002440
S315010136D81868B8B107AA06A905A8CDE90544FEF7F0
S315010136E81FFB059B079A0293069B08490193282309
S315010136F8074800932346FFF722FA064B1860001B79
S3150101370818BF012008B010BDA85500202259020191
S30D01013718C9338000A45500200C
S315010137200348044B834202D0034B03B11847704748
S31501013730DC860020DC86002000000000064B0749DC
S31501013740C91A891048BF0131491003D0044B0BB185
S3150101375001481847704700BFDC860020DC8600203F
S315010137600000000010B5064C237843B9FFF7D8FFD6
S31501013770044B13B10448AFF300800123237010BD3C
S315010137805459002000000000E467020108B5054B09
S315010137901BB105490548AFF30080BDE80840FFF7B5
S315010137A0CDBF00BF00000000203C0020E4670201FC
S315010137B0A3F5803A704700BF174B002B08BF134B87
S315010137C09D46FFF7F5FF00218B460F461348144A24
S315010137D0121AEDF749DF0E4B002B00D098470D4B1E
S315010137E0002B00D098470020002104000D000D4850
S315010137F0002802D00C48AFF3008008F0A5FF200095
S3150101380029000DF061FA08F009FF00BF0000080068
S31501013810000000000000000078390020003A002075
S31501013820287B0020000000000000000030B589B0AF
S31501013830044609F0F4FC01230E4A0025CDE90223D1
S315010138400D4B01A805934FF47053CDE9065401932D
S3150101385009F0D8FC019B04930BF0A1FE000240F094
S3150101386001000390694602A8009507F0ADFE09B073
S3150101387030BD00BF1271000109060006F0B589B01D
S315010138800C461546064609F0CAFC0123114A0027D2
S31501013890CDE90223104B01A805934FF47053CDE9ED
S315010138A00676019309F0AEFC019B04930BF077FEBA
S315010138B0000240F0010021466B462A46039002A808
S315010138C000970FF0A5FD044602A810F060F8204606
S315010138D009B0F0BD127100010906000610B50A4BC7
S315010138E086B0144602930023059103901A46CDE949
S315010138F00033214405A80DF08BFB002814BFAC2031
S31501013900002006B010BD00BF41D201012DE9F041F1
S31501013910CEB0549D1C462B6806460F469046002B99
S3150101392055D06B68B3F5007F51D302A810F067FE3D
S315010139306368E3B12468274B2278002A08BF1C4635
S3150101394000217C2207A80691EDF78EDE8021234610
S31501013950CDE90078204A06A809F0A2FA06A902A82B
S3150101396010F066FE28B1AC204EB0BDE8F081194CCD
S31501013970E6E7092102A810F057FE3068FFF756FF66
S3150101398026A80FF035F9316826A806F0F3FF04469B
S315010139900028E8D126A902A810F048FE0094234682
S315010139A0D5E9001202A808F0C1FC04460028DAD1C3
S315010139B0286811F015F96B680130984201D911F0A7
S315010139C093F8686002A810F01EFE2046CCE72F206E
S315010139D0CAE700BFF84E0201064F0201F0B50C46D7
S315010139E0002197B00646154607A83C220691EDF738
S315010139F03BDE402305AACDE9013206AF00970593C7
S31501013A000E49D4E9002330680FF045FE044698B902
S31501013A10059E6B689E420DD832463946286811F0DB
S31501013A2058F96B689E4201D911F05EF820466E6025
S31501013A3017B0F0BD1920FBE7AC20F9E7090600062E
S31501013A40044808B500680CF070FC002814BFAE20CC
S31501013A50002008BD447C002008B5034B18680CF012
S31501013A6053FC002008BD00BF447C002038B5044644
S31501013A700D46204609F0F3FB6B7C002857D0052B38
S31501013A8059D0032B17D0042B38D0012B4DD102224B
S31501013A902146284609F0A1FC002833D129462846AA
S31501013AA009F0DFFC70BB95F82430002B0CBF032312
S31501013AB005236B74DDE795F825209AB12146284641
S31501013AC02A7F09F08AFCE8B92946284609F00AFD48
S31501013AD0C0B995F8253073B90223AA691A442A6235
S31501013AE00423E6E72B7D013BDBB2022B9CBF134A84
S31501013AF0D25CAA61F0E72B7F0233EEE795F8243019
S31501013B000BB1232038BDAA690AB91820FAE7214663
S31501013B10284609F062FC0028F4D12946284609F015
S31501013B2009FD0028EED10523C3E70320EAE7052BAA
S31501013B3001D00D20E6E70020E4E700BF444F020172
S31501013B40004870472C7B0020024A0349034810F0C4
S31501013B5018BE00BF287B00200FD601012C7B002057
S31501013B600023F0B590F8C12087B00446019322B134
S31501013B70A0F8C03017480AF044FA0025164F04F19F
S31501013B80B806304601ABC5F180027919FFF758FF36
S31501013B90C0B1DDB1114B04AA0493802302A92046C9
S31501013BA0CDE90275059309F049FDDDE9041280F0BD
S31501013BB0010084F8C1003046FFF74EFF30B1002005
S31501013BC007B0F0BD019B01901D44DAE794F8C000EE
S31501013BD0F6E700BFB03D0020D55900205559002018
S31501013BE0836810B504460BB92F2010BD1A491A6B0B
S31501013BF0D1E900138B4298BF002302F1040288BF69
S31501013C005B1A9A4204D000231348194609F010FEA3
S31501013C10A36812491A6BD1E900138B4298BF00239D
S31501013C2002F1080288BF5B1A9A4204D000230B48AD
S31501013C30194609F0FDFDD4E90312A06801F078F9EE
S31501013C400028D2D1237E2BB16169A06801F0F8F871
S31501013C500028CAD10020C8E7703D0020403D002060
S31501013C602DE9F341054608460C4609F005FB0646D2
S31501013C7078B1254809F0F3FA58B18642324622490C
S31501013C8028BF0246204609F08CFB10B102B0BDE8FF
S31501013C90F0811E4F1C4E27E03368013AC6E9023313
S31501013CA0D7F80031C7F8042157F82300013303F08F
S31501013CB03F030190C7F800312846CB69124A01A991
S31501013CC098470028E2D1204609F0D6FA80463046C7
S31501013CD009F0C5FA80454246314628BF02462046CB
S31501013CE009F05FFB0028D1D1204609F0C5FA296800
S31501013CF018B1D7F80421002ACED12846CB6802B0E3
S31501013D00BDE8F041184700BF403D0020383C002086
S31501013D1070B504460D460E4E284609F0A0FA28B99B
S31501013D2023682046BDE870409B68184731462846FE
S31501013D30FFF79CFE0D28EFD048B9236820469B6901
S31501013D400349984718B9024809F095FDE4E770BDA2
S31501013D50703D002091F8273070B506460C464D8A14
S31501013D602BB10A7D1948294609F0A8FD30BBB5F5E5
S31501013D70827F0AD8B5F5807F0BD9A5F58175022D0C
S31501013D8009D8DFE805F00C0A0F0040F23B139D420A
S31501013D9011D0A62012E0E36AF36000200EE0E36A87
S31501013DA03361FAE794F8243083F00103337603B1E2
S31501013DB0E36A7361F1E7B2680AB92F2070BDA38D79
S31501013DC0002B08BF4FF400731363E6E7383C00206C
S31501013DD008B503480A7D498A09F070FD08BD00BF8F
S31501013DE0383C002070B586680C460EB92F2070BD8F
S31501013DF091F8263003B9B43694F82730257D33B1CD
S31501013E002A46618A174809F059FD0028EFD1032D89
S31501013E1026D8DFE805F016020E1133689B6894F87F
S31501013E202420618A5AB904F12C023046BDE870405A
S31501013E30184733681B69F2E733689B69EFE700228C
S31501013E40F3E73368618ADD6A94F8243033B9E26AAB
S31501013E503046AC46A369BDE8704060470022F7E7EA
S31501013E602620C4E7383C00200A46498A10B5B1F537
S31501013E70A27F15D008D840F2051399421AD0B1F59F
S31501013E80A17F0DD0A6200AE040F2A1139942F9D1F2
S31501013E90806838B10368DC6A9369D26AA04710BDAC
S31501013EA0806808B92F20FAE703682C321B69BDE83F
S31501013EB010401847127D024809F000FDEFE700BFE7
S31501013EC0383C00202DE9F04100251746526894B08F
S31501013ED0052A88461E468DF805508DF806508DF83F
S31501013EE0075040F2A78001233968023A02A809F076
S31501013EF0B6FC0DF1050102A809F08DFA0446002868
S31501013F0040F094800DF1060102A809F084FA0446F5
S31501013F10002840F08B800DF1070102A809F07BFA18
S31501013F200446002840F082807B683168802B7CD86A
S31501013F3073687F2B7CD903467622083107A809F0DD
S31501013F408EFC9DF80630013B042B6CD8DFE803F0AB
S31501013F5003325D64550001238DF83430514BCDF8A0
S31501013F6038800C930023CDE90F3311938DF8483036
S31501013F70B8F1000F1BD0D8F8305000232A1D19467D
S31501013F80494809F055FC484809F075FC002305F13B
S31501013F9008021946454809F04BFC0022444BC3F877
S31501013FA0042107AA02A90CA809F0ADFC09E04FF406
S31501013FB00075E2E73C4809F02DFC3C4809F02AFC72
S31501013FC00020099A079B9A4288BFD41AE5B2044692
S31501013FD000230822316807A809F041FC00211C22AF
S31501013FE00DA80C91EDF740DB022107A809F051F963
S31501013FF010B3002014B0BDE8F08101238DF83430EF
S315010140002C4BCDF838800C93CBE70323CDF83880C0
S315010140108DF83430284BF6E70423CDF838808DF836
S315010140203430264BEFE72A20CBE7C2240025CFE720
S315010140301924FBE71924CBE79DF8061007A841F0DF
S31501014040800109F026F90028D3D19DF8071007A8A8
S3150101405009F01FF90028CCD1214607A809F03EF93C
S315010140600028C6D1294607A809F013F90028C0D1AD
S31501014070726805F10A03934201D910F035FD08353D
S315010140802946306873600CAA00F0FAFF0028B0D106
S315010140909DF80600BDF830203368023818BF0120AB
S315010140A05A53A7E7644F0201703D0020403D0020AD
S315010140B0383C00208C4F0201B44F0201DC4F020152
S315010140C0002208B51146064809F0E4FB002205481D
S315010140D0114609F0DFFB0022034BC3E9402208BD6B
S315010140E0703D0020403D0020383C002002490A680D
S315010140F002604A68426070474452020110B440F2BC
S315010141006314A142034612D0B1F5B27F07D2B1F5CC
S31501014110827F20D0B1F5B17F18D0A62009E040F207
S3150101412097108142F9D102B11268DA6211E01AB926
S315010141302F205DF8044B704711680A4BA1F57A727D
S315010141409A42F5D85DF8044B00F0D2BD02B112686E
S315010141509A620020EDE7002AEAD011685DF8044B66
S3150101416000F06EBEB88201002DE9F0470024054634
S315010141708EB08846174621460D2205A80DF128095C
S315010141801E460494EDF770DA21460D22484609943C
S31501014190EDF76ADA1122284602AB04A9CDE90244F8
S315010141A000F05CFD044600285DD1029B0A2B51D12A
S315010141B09DF814302D2B2FD00025049B0A2203A92B
S315010141C009A809938DF8285008F0ACFA039BA8F8C1
S315010141D000004B4541D1BDF814300A2203A909A8B3
S315010141E0ADF824308DF8265008F09CFA3870039FFB
S315010141F00DF126039F4230D1BDF816300A2203A9DB
S3150101420009A8ADF824308DF8265008F08BFA039BE6
S315010142103070BB4221D125E09DF817302D2BCBD132
S315010142200823029306AB01930DF1150311210F4AE0
S31501014230009309A804AB08F033FEDDF808A009A92B
S31501014240524604A810F043FC5246284604A900F040
S31501014250FFFC40B9029B072BAED8054804A908F01B
S3150101426097FA2F2420460EB0BDE8F087FC4F0201D4
S31501014270095002010023F0B587B001930C46D1E93B
S31501014280001201AB00F0F6FC40F20123984225D160
S3150101429002AD2A46144B03F110072E4618685968D8
S315010142A0083303C6BB423546F7D163680F2B02D8E3
S315010142B0192007B0F0BD256806AE134603CBB342FC
S315010142C0286069601A4605F10805F6D110230193A4
S315010142D0019B6268934204D910F006FC0028E8D1DB
S315010142E0F6E700206360E4E74C520201F0B5B1F54F
S315010142F0AA7F99B0154606461A461E9C3CD8B1F5C9
S31501014300A07F09D840F2051399426DD040F21113ED
S31501014310994262D0A62065E06FF4A073194413296E
S31501014320F8D801A353F821F02344010115430101F2
S315010143303D44010115430101434401014944010180
S315010143404F44010155440101154301011543010181
S3150101435015430101154301011543010115430101ED
S315010143601543010115430101154301015B44010196
S31501014370614401016B440101B1F5C17F00F09280F5
S3150101438010D840F26513994200F08280B1F5B37FEE
S3150101439000F08380B1F5B27FBCD12346294600F0F6
S315010143A0C3FC1EE040F29513994200F0898040F268
S315010143B0B113994200F0938040F293139942A9D126
S315010143C0CDE90B5205B9EAB933683046D3F88030E5
S315010143D00BA9984730B90C9B21E02346294600F0E9
S315010143E041FD48B319B0F0BD00F1340738460392D7
S315010143F010F0F6FB039A0130CDE9060505970892FF
S3150101440015B90AB110F070FB07AB00933046728BF8
S31501014410318B05AB00F0D0FC0028E3D1089B23606A
S315010144200AE003681B6B2946304698470028D9D113
S31501014430284610F0D5FB20600020D3E703689B6B6B
S31501014440F1E703681B6CEEE703685B6CEBE7036856
S315010144509B6CE8E70368DB6CE5E703685B6DE2E704
S315010144602346294600F0FAFBBBE721230E93036895
S315010144700FAF03921B6E0D970DA99847039A00285A
S31501014480B0D1134620212A46384609F06EFDD2E7FE
S315010144902346294600F054FCA3E72346294600F0AA
S315010144A0EDFC9EE7CDE909530DB9002BAAD133687D
S315010144B03046DB6F09A99847002893D10A9BAEE7DD
S315010144C0CDE90D520DB9002A9CD133683046D3F896
S315010144D084300DA99847002884D10E9B9FE7CDE929
S315010144E00F520DB9002A8DD133683046D3F88C307D
S315010144F00FA9984700287FF475AF109B8FE700BF7E
S31501014500F0B54B680646602B0C461546A5B029D970
S3150101451000278222394603A80297EDF7A5D801ABF8
S315010145208622304602A9019700F00AFC40F20123D6
S31501014530984210D184220C4902A8019210F0C7FABF
S315010145402268019902A800F0B1FD286063689842CA
S3150101455005D910F0C9FA0028F2D025B0F0BD606086
S315010145600020FAE71920F8E72850020170B5002664
S31501014570044696B02A220D460BA831460A96EDF756
S3150101458073D801AB2E2220460AA9019600F0CCFB75
S3150101459040F20123984227D118230193174B0AAC04
S315010145A003F11806224618685968083303C2B34253
S315010145B01446F7D100241C22214603A80294EDF7E3
S315010145C053D8019902AA0AA800F070FD6B68064644
S315010145D0984210D8024602A9286810F078FA6B6849
S315010145E09E4205D910F080FA0028E3D016B070BDBD
S315010145F020466E60FAE71920F8E700BFAD500201C7
S3150101460070B5B1F5B27F054616461C4692B000F06B
S315010146101D8121D840F21113994271D06FF4A07313
S3150101462019448BB2132B30D813292ED8DFE811F098
S315010146306F002D007C002D0089009600A300B000BB
S315010146402D002D002D002D002D002D002D002D00FA
S315010146502D00BD00D900EA0040F29513994200F000
S315010146604481B1F5CB7F22D240F28113994200F008
S315010146701F81B1F5C17F0AD240F26513994200F05B
S31501014680F080B1F5B37F00F0F380A620A0E000F041
S31501014690228140F293139942F7D13146224609A864
S315010146A009F0CAFA284609A900F0D2FC90E0B1F551
S315010146B0D17F00F03B8111D8B1F5CB7F00F01F818D
S315010146C040F2A1139942E0D1002A40F022818022D1
S315010146D031463430ECF7C8DF002079E040F2B113FE
S315010146E09942D2D1002AF7D0002CF5D03146224683
S315010146F009A809F0A1FA284609A900F0EFFB67E02C
S315010147002246314612B0BDE8704000F0A5BB02B1A8
S315010147103CB900228D49284612B0BDE8704000F02F
S31501014720C1B922463146F6E702B13CB900228749B1
S31501014730284612B0BDE8704000F0DCB92246314688
S31501014740F6E702B13CB900228049284612B0BDE81C
S31501014750704000F0F7B922463146F6E702B13CB99D
S3150101476000227A49284612B0BDE8704000F0FCB932
S3150101477022463146F6E702B13CB900227349284681
S3150101478012B0BDE8704000F001BA22463146F6E7A3
S3150101479002B13CB900226D49284612B0BDE870400C
S315010147A000F006BA22463146F6E702B194B9002174
S315010147B01C220AA80991ECF757DF2021644AAB8B29
S315010147C009A808F06DFB09A90246284600F016FA68
S315010147D012B070BD2246314612B0BDE8704000F0FC
S315010147E00DBA02B13CB908225A49284612B0BDE8B0
S315010147F0704000F02DBA102C01D92F20E8E722468E
S315010148003146F2E702B1C4B9102105A809F08BFAC4
S315010148100028DDD1022310210093212309AA05A82D
S3150101482009F063FB0028D3D109A810F0D9F909A928
S315010148300246284600F018FACAE7102CDDD80223F1
S31501014840214600933046212309AAE9E7002AD4D05B
S31501014850002BD2D01A46314612B0BDE8704000F0A5
S315010148605DBA2246314612B0BDE8704000F062BA27
S3150101487002B1B4B90023CDE90933CDF82B30AB6AC6
S3150101488009A80293EB8B01936B6A00936A8B298BBF
S315010148902B6A09F08CF90B22284609A900F0E8FADE
S315010148A096E72246314612B0BDE8704000F0E0BA03
S315010148B002B154B9002305AACDE909238DF81430B3
S315010148C0284609A909F00AFA82E72246314609A8CA
S315010148D009F0B2F9F4E73146224609A809F0ACF923
S315010148E0284609A900F0C0FB72E73146224609A80C
S315010148F009F0A2F9284609A900F09EFB68E73146AD
S31501014900224609A809F098F9284609A900F042FAB0
S315010149105EE77F2C3FF671AF22463146343010F007
S31501014920D6F800232C4484F83430D5E6002A3FF426
S3150101493064AF002C3FF461AF3146224609A809F064
S315010149407BF9284609A900F0B1FA41E7C45B0201E6
S31501014950C6500201C9500201012903BF034B0020C0
S315010149601B78A62008BF1370704700BF755A002037
S31501014970022938B514461D460FD1202200210848C7
S31501014980ECF772DE3CB1202D2A46214628BF2022B2
S31501014990034810F09CF8002038BDA620FCE700BFB3
S315010149A0555A0020104608B56AB163B102290CD1E6
S315010149B0202B28BF20231A46029B05491A6010F0B5
S315010149C086F8002008BD2F20FCE7A620FAE700BFE4
S315010149D0555A0020012905D102B11278024B002056
S315010149E01A707047A6207047755A00202DE9F043C9
S315010149F01D46002389B0074608460E461446CDE9F1
S31501014A00053300F0B9FC18B9D82009B0BDE8F08327
S31501014A10304605A900F01AFD0028F6D1204600F01E
S31501014A20ABFC0028F0D0204606A900F00FFD0028B6
S31501014A30EBD1DDE90596079007A9184800F006FDB7
S31501014A40044600BB079919EB01081ED10EB110F0FE
S31501014A504BF8022009F09DFAA0B1079B02210093B0
S31501014A601F203B46CDE901960D4A09F085FA6B688F
S31501014A709E4210D832464146286810F02AF96B68E1
S31501014A809E42E4D86E602046BFE7022009F081FA12
S31501014A900028ECD0E1E71924F5E700BF21720800EF
S31501014AA094520201014800F0DFBD00BF0072080007
S31501014AB0002307B50348019301AB00F0EFFC03B0F6
S31501014AC05DF804FB00720800014800F09FBD00BFBC
S31501014AD00C72080010B506480C4600F08BFC40F23A
S31501014AE00123984202BF4FF6F1730020238010BDC6
S31501014AF00C720800014800F0B7BD00BF0D72080035
S31501014B00002307B50348019301AB00F0C7FC03B0CD
S31501014B105DF804FB0D720800014800F077BD00BF86
S31501014B200B72080010B506480C4600F063FC40F212
S31501014B300123984202BF48F201030020238010BDE0
S31501014B400B720800014800F08FBD00BF0E7208000C
S31501014B50002307B50348019301AB00F09FFC03B0A5
S31501014B605DF804FB0E720800014800F07DBD00BF2F
S31501014B7010720800002307B50348019301AB00F049
S31501014B808DFC03B05DF804FB10720800014800F0CA
S31501014B906BBD00BF11720800002307B503480193DD
S31501014BA001AB00F07BFC03B05DF804FB1172080058
S31501014BB0014800F059BD00BF12720800002307B574
S31501014BC00348019301AB00F069FC03B05DF804FBF6
S31501014BD012720800014800F019BD00BF18720800E1
S31501014BE010B505480C4600F005FC40F20123984238
S31501014BF004BF0020208010BD18720800014800F092
S31501014C0033BD00BF0F72080073B5002601AB0E4814
S31501014C100C461546019600F041FC40F201239842EB
S31501014C200BD164B10C2D0CD920462A4607490FF048
S31501014C3074FF30462C4404F8016C02B070BD0B20A0
S31501014C40FBE71920F9E700BF0F720800B252020112
S31501014C50014800F009BD00BF04720800014800F0D7
S31501014C601DBC00BF04720800014800F017BD00BF5A
S31501014C701F72080007B500200090034800F064FC8C
S31501014C8003B05DF804FB00BF1F720800014800F084
S31501014C90BDBC00BF0772080037B512480D4600F0CA
S31501014CA0A9FB40F201239842044604D14FF47063F3
S31501014CB02B80002014E098B92B88B3F5805FF8D3D7
S31501014CC0012009F066F950B14FF4C2732F22012177
S31501014CD0CDE900322046044B044A09F04DF92F2053
S31501014CE003B030BD07720800BF520201DF52020153
S31501014CF0014800F0A3BC00BF0872080010B50648C0
S31501014D000C4600F0A3FB40F20123984202BF4FF487
S31501014D107A730020236010BD08720800014800F073
S31501014D20A3BC00BF09720800014800F0B7BB00BF70
S31501014D3009720800014800F097BC00BF0A72080019
S31501014D40014800F0ABBB00BF0A7208000B46024ADC
S31501014D5002490348FFF74ABE277208002672080076
S31501014D60F05202010B46024A02490348FFF73EBED1
S31501014D7025720800247208000C5302010B46024AEF
S31501014D8002490348FFF732BE237208002272080066
S31501014D9032530201022307B5D1E9001201A8019399
S31501014DA0FEF79CFD18B90199024800F047FC03B0D2
S31501014DB05DF804FB207208001FB5022003900698D6
S31501014DC0009003A8FEF7A2FD18B90399024800F065
S31501014DD035FC05B05DF804FB20720800002370B5AF
S31501014DE0154886B00D461646049300F0C5FA08B378
S31501014DF0114804A900F02AFBD0B9049B3246002BC5
S31501014E0008BF0223294605A80593FEF7E7FD0446D7
S31501014E10022009F0BEF850B1029473680221019390
S31501014E206B681F200093054A049B09F0A5F82046EB
S31501014E3006B070BDD824EBE7207208004B5302017E
S31501014E40014800F0FBBB00BF21720800014800F0D8
S31501014E50FDBA00BF21720800014800F005BC00BF80
S31501014E6029720800014800F019BB00BF2972080028
S31501014E70014800F013BC00BF0572080007B5002008
S31501014E800090034800F060FB03B05DF804FB00BF2E
S31501014E9005720800014800F0A1BB00BF2872080095
S31501014EA0014800F07BBA00BF28720800032307B549
S31501014EB0D1E9001201A8019300F086F918B9019907
S31501014EC0024800F0BBFB03B05DF804FB3072080039
S31501014ED0014800F0BBBA00BF307208004A6808B544
S31501014EE0102A01D02F2008BD0968024800F0D6FB1F
S31501014EF0F9E700BF177208001FB500234A680C467F
S31501014F000F2A03930FD90093102203AB09680748AF
S31501014F1000F01AFB63680F2B01D80FF0E5FD102392
S31501014F20636004B010BD1920FBE700BF17720800CA
S31501014F3000200A4B10B5186032B9094C2146BDE86B
S31501014F401040084800F07ABBA1F580518C1806483B
S31501014F5000F088F920460FF0D3FBEFE7A03D0020D2
S31501014F6000F0750121720800B03D002000232DE9F2
S31501014F70F04F85B080460F462C4803A91546039389
S31501014F8000F064FA002838D1294E039933681BB918
S31501014F90284800F071F980BBD5E900143368039AFA
S31501014FA002EB030B14F003031BD10A4623465946B0
S31501014FB0204800F07DF900BB4046316800F03EFB18
S31501014FC0D8B93846696800F039FBB0B932686B68FF
S31501014FD00020134413F03F021CBF40339B1A336078
S31501014FE00BE004F1040AAAEB030A5046019100F011
S31501014FF0CBF80199814618B9AC2005B0BDE8F08F0F
S3150101500022460FF064FDAAEB0402FF2109EB04001D
S31501015010ECF72ADB53464A465946064800F048F959
S315010150200446484600F0C0F82046C4E7217208004C
S31501015030A03D0020B03D002008B50A4602480349BB
S31501015040FFF794FF08BD00BF227208002372080012
S3150101505008B50A4602480349FFF788FF08BD00BFA4
S31501015060247208002572080008B50A460248034958
S31501015070FFF77CFF08BD00BF2672080027720800F2
S315010150801FB513460022039203AA01922022009220
S315010150900A46014604480EF02EFA002814BFAC2038
S315010150A0002005B05DF804FB09000002014B08F080
S315010150B0B4BE00BF3FDD010138B5094BD3E8EF2F7F
S315010150C0541CC3E8E54F002DF8D1002A04DC00F099
S315010150D03FF808B10FF008FD4FF0000038BD00BFE1
S315010150E0A43D00202D2828BF002010B4074C04EB55
S315010150F08000074CD4E8AF4F1CB1A4465DF8044BC0
S3150101510060475DF8044B08F04FBF00BF965302019B
S31501015110A83D0020024BD3E88F0FC0B2704700BFF4
S31501015120F07C0020024608B5064BD3E8AF3F3BB9F8
S31501015130054B06491B68D86807F098FE0FF0D4FCA9
S3150101514008BD00BFAC3D0020947C00204A540201F9
S3150101515008B50A4BD3E8EF2F511CC3E8E01F00281D
S31501015160F8D1002A07DD064B06481B68D96807F006
S315010151708FFE0FF0B9FC002008BD00BFAC3D002039
S31501015180947C00209254020138B504460548FFF784
S31501015190C9FF204607F0A8FD0546214608F002FF92
S315010151A0284638BDC554020110B504460548FFF726
S315010151B0B9FF2046002108F0F6FE2046BDE8104061
S315010151C007F09ABDD154020170B5044688B0006852
S315010151D00D46164608F0E9FE23684FF40071079360
S315010151E001230B4A02A8CDE902230A4B3246CDE936
S315010151F0041300232946069301AB0EF009F9014672
S3150101520018B1054807F0C4FAAC2008B070BD00BF5B
S31501015210002480000010C004DC540201014B03602C
S31501015220704700BF5055020110B504460FF069FAE7
S31501015230054B0020D3F8942003F5805362604FF4A7
S3150101524000321A6710BD00BF008000A310B50446E5
S31501015250034B082103600BF066FC204610BD00BF1D
S315010152605055020108B502F087FB10B90148EBF769
S31501015270DDDD08BDB83D0020002313B50C460B4802
S31501015280694601AA009302F0EDFC58B9009B24F08E
S315010152907F4223F07F439A4206D9012221460348E0
S315010152A0EBF7CEDD02B010BD2E20FBE7B83D0020A5
S315010152B073B51E4600230C46154669460B4801AADD
S315010152C0009302F0CFFC60B9009B24F07F4223F0EA
S315010152D07F439A4207D933462A462146034802F0BB
S315010152E01BFD02B070BD2E20FBE700BFB83D0020BB
S315010152F00448054B054A03600023054943600FF045
S3150101530040BA00BFB03D002050550201287B002064
S315010153101D52010137B50E4D2C686CB90323224686
S315010153202146009301200B4BEDF766D92346224610
S3150101533021462860ECF771DE286808B90FF0D4FB25
S315010153404FF0FF3103B0BDE83040ECF7BA9F00BF23
S31501015350303E0020E03D0020064B10B5186808B923
S315010153600FF0C2FB0023BDE810401A461946ECF7BF
S31501015370549E00BF303E002007B5014606486A46E5
S3150101538001AB006801F034FE08F044FEB0FA80F08A
S31501015390400903B05DF804FB2C7C00207FB5002396
S315010153A004460D468DF8073008F040FED0B1104E87
S315010153B02146306803AB02AA01F01AFE08F02AFE63
S315010153C070B9039B012B10D1214630680DF10702FB
S315010153D001F054FD08F01EFE10B99DF807302B703F
S315010153E004B070BD40F20120FAE72F20F8E700BFB3
S315010153F02C7C00207FB5002304460D46ADF806300E
S3150101540008F014FED0B1104E2146306803AB02AA52
S3150101541001F0EEFD08F0FEFD70B9039B022B10D1E0
S31501015420214630680DF1060201F028FD08F0F2FD72
S3150101543010B9BDF806302B8004B070BD40F20120D1
S31501015440FAE72F20F8E700BF2C7C00207FB5002367
S3150101545004460D46039308F0E9FDC0B10E4E2146FF
S31501015460306802AB01AA01F0C3FD08F0D3FD60B9B2
S31501015470029B042B0ED12146306803AA01F0FEFCE2
S3150101548008F0C8FD08B9039B2B6004B070BD40F25A
S315010154900120FAE72F20F8E72C7C00202DE9F043C3
S315010154A01D46002385B02B6007460E46914608F03E
S315010154B0BDFD00283ED0DFF88C803946D8F80000C2
S315010154C003AB02AA01F094FD08F0A4FD0446B8B9A4
S315010154D0039B93B3C6B14B4531D232463946D8F80F
S315010154E0000001F0CBFC08F095FDD8B9039B012B17
S315010154F003D13378003B18BF012300222B60F254FC
S31501015500204605B0BDE8F083012B01D02B60F7E7FA
S315010155103946D8F800000DF1070201F0AFFC08F099
S3150101552079FD08B10446EBE79DF8073003B103980D
S315010155302860E5E740F20124E2E71E24E0E71924A9
S31501015540DEE700BF2C7C00202DE9F04F1D4600232C
S3150101555085B02B60074688461646DDF838A008F067
S3150101556065FDA0B3DFF870B03946DBF8000003AB87
S3150101557002AA01F03DFD08F04DFD0446A8B9B8F1B6
S31501015580000F12D0039BDBF80000A3EB0A09B1451A
S315010155900FD8534642463946CDF8009001F0CAFC70
S315010155A008F038FDB0B9C5F80090204605B0BDE850
S315010155B0F08F534642463946009601F0BBFC08F08E
S315010155C029FD04460028F0D119242E60EDE740F2A9
S315010155D00124EAE70446E8E72C7C002013B50446DA
S315010155E08DF8071008F022FD58B10748012321461D
S315010155F000680DF1070201F0F1FD08F00BFD02B0A3
S3150101560010BD2F20FBE700BF2C7C002013B50446FB
S31501015610ADF8061008F00AFD58B1074802232146E4
S3150101562000680DF1060201F0D9FD08F0F3FC02B0A4
S3150101563010BD2F20FBE700BF2C7C002013B50446CB
S31501015640019108F0F3FC58B104230648214600688C
S315010156500DEB030201F0C2FD08F0DCFC02B010BD46
S315010156602F20FBE72C7C002010B5044608F0DEFC58
S3150101567068B179B10848012A1346006838BF012388
S315010156800A46214601F0AAFD08F0C4FC10BD40F20C
S315010156900120FBE72F20F9E72C7C002010B50446F9
S315010156A008F0C4FC58B101B962B90748134600684C
S315010156B00A46214601F092FD08F0ACFC10BD40F20C
S315010156C00120FBE72F20F9E72C7C002008B50348D0
S315010156D0EBF749D9BDE808400FF016B84857020162
S315010156E00148EBF7409900BF48570201BFF34F8FBD
S315010156F00549064BCA6802F4E0621343CB60BFF366
S315010157004F8F00BFFDE700BF00ED00E00400FA0581
S315010157100348044A0449121A921008F0BCBC00BF9E
S31501015720A801010120370101000000204FF00060AE
S315010157302DE988484249434B434AD3F89430886658
S315010157400221012B414B4FF0000099604FF00051AE
S3150101575046D80025002600275FF000085FF0000902
S315010157605FF0000A5FF0000B5FF0000C501A4FF476
S315010157708073B0FBF3F404FB03F40C44A14210D291
S31501015780A1E8E01FA1E8E01FA1E8E01FA1E8E01FF1
S31501015790A1E8E01FA1E8E01FA1E8E01FA1E8E01FE1
S315010157A0ECE7914202D241F8045BFAE70522274B65
S315010157B09A604FF00062A3F540539A66244B83F336
S315010157C00A8800F04FF8FFF7A3FF224B22498B42CB
S315010157D028D30020214B22498B422ED3FDF7ECFF22
S315010157E0501A4FF02003B0FBF3F404FB03F40C440D
S315010157F0A14204D291E8E01FA1E8E01FF8E7914236
S3150101580003D20D6841F8045BF9E7CFE7186850F850
S315010158102240586840F82240013298688242F5D305
S315010158200C33D4E70022F8E71C6844F82200013260
S315010158305C68A242F8D30833CEE70022F8E700BF3D
S3150101584000508040008000A30000082000908040A5
S3150101585078350020EC670201F8670201F867020159
S31501015860F8670201044B054A9A60D3F8882042F48D
S315010158707002C3F88820704700ED00E000000101C5
S31501015880002307B525480193EBF76DD80122244B77
S315010158900520C3F8442401A9EBF760D8002839D1C2
S315010158A0204BD3F8F02042F00102C3F8F020D3F8DF
S315010158B0FC2042F08072C3F8FC201B4AA3F55D432C
S315010158C01A60019B194A03F5D52303F2FC43B3FB85
S315010158D0F2F3174A013B13610223C2F8F0304FF488
S315010158E08073C2F804334FF06043124AC3F8B02FF4
S315010158F0114AC3F8802ED3F8002E42F48072C3F800
S31501015900002EFF2283F82020D3F8002E22F4807284
S31501015910C3F8002E03B05DF804FB00BF485702012E
S3150101592000D0834000ED00E0FF030040F8590D006F
S31501015930000004E055CEACC5090001002DE9F04196
S3150101594004460C254FF00108124E0CB314F0010068
S315010159500BD0002024F0010405FB00625768002FDB
S31501015960F3D09168C0B2B847EFE72246013020284B
S315010159704FEA520201D0D307F8D508FA00F20F28EF
S3150101598024EA0204E8D9103805FB0062B432E5E7DE
S31501015990BDE8F081343E002008B50C48EAF7E3DFA3
S315010159A02A2003F0BFFC28B12A2003F0C9FC2A20D2
S315010159B00AF0A5FC2B2003F0B5FC28B12B2003F03E
S315010159C0BFFC2B200AF09BFC002008BD48570201B1
S315010159D008B501F0A9FF054B00F0553020F0502024
S315010159E0C3F82004BDE80840FFF7A8BF00E08340E3
S315010159F008B501F099FF054B00F0AA3020F0A0206F
S31501015A00C3F82004BDE80840FFF798BF00E08340D2
S31501015A102DE9F04F144605460E469B46036C87B0A9
S31501015A2001225B6902A9606898472B6C01225B69B7
S31501015A3003A93046984702A809F091F8074648B1EB
S31501015A400023A37563754FF0FF33A360002007B0F0
S31501015A50BDE8F08F03A809F08FF80123A375237E12
S31501015A6004EBC303DE611F846368B3420ED1206078
S31501015A7003A809F0A3F84FF0FF332075A360237D36
S31501015A80043B022B26D80023A375DFE723681A1AE4
S31501015A9053425341A37503A809F090F8237D83422C
S31501015AA018BFA77503A809F06BF8074602A809F004
S31501015AB067F8874218BF002303A818BFA37509F029
S31501015AC067F8074602A809F063F887421CBF00235D
S31501015AD0A375D4E703A809F053F880B12B6C022210
S31501015AE030465B6904A9984704A809F058F80346AA
S31501015AF0207D032839D8DFE800F03838040903A8E6
S31501015B00F3E7CC22237E04EBC3031A8401F086FE5C
S31501015B10109B187003A8277E09F026F804EBC70726
S31501015B2087F82200237E03A804EBC303B3F8209070
S31501015B3093F8227009F024F8804603A809F028F8A1
S31501015B408246B8F1000F15D02B6C022230465B69F3
S31501015B5004A9984704A808F0E7FF6075637D6BB94E
S31501015B600023A3754FF0000838E0227E04EBC20240
S31501015B701384CBE703A808F0C2FFEEE794F8168079
S31501015B80B8F1000FEED0B9F1000F09D1DFB1012350
S31501015B90E375637E002B4FD1012F42D1677614E065
S31501015BA0EB6C06EB0A02594286EA020008421CBF67
S31501015BB00021A175591E0A409B1A9945D0D8A37D8A
S31501015BC0002BE3D1CEE7E37D43B94FF000084B4605
S31501015BD052463146284608F0C9FBA060A27D12B1A2
S31501015BE023694B4423611A49237E097899422AD9AB
S31501015BF001332376BBF1000F27D032B3E37D23B303
S31501015C00B8F1000F21D1032F1FD0A1684B1C1CD065
S31501015C10109B2246009328460123FFF7F9FEA07542
S31501015C2013E095F8383063B92B6B0133CFD1032FCC
S31501015C30CDD10123A376C8E7012FCFD0032FC4D13C
S31501015C40F7E79846C3E70023A375A07DFFE600BFEA
S31501015C501C5602012DE9F04F0E46984600238BB0E2
S31501015C6004464FF0FF31104617468DF8133001F007
S31501015C70BFFDB6F5801F3BD3B21C53D1256B6B1CFF
S31501015C8057D12046A16A08F0B7FA0546B31C18BFD9
S31501015C900123DFF824910193A36AE26C029323683D
S31501015CA005A902FB053A236C05225B695046984713
S31501015CB005A808F0EFFF09F012F8504609F01AF8A5
S31501015CC04FF0000B824601464B1C05D0E36C81EA7D
S31501015CD00A025B42134232D02946204608F08CFA69
S31501015CE0029BAB424DD0BBF1000F4DD10546D3E727
S31501015CF0314605AA04F1080008F04CFE0146481C8C
S31501015D0010D0384601F074FD0122394620460DF1C5
S31501015D10130308F074FB28B19DF8133088F800309D
S31501015D20002003E0237C002BA8D12D200BB0BDE878
S31501015D30F08F2368ED1AE36CB5FBF3F5A6E7484648
S31501015D4001F056FD0DF1130349462046019A08F06B
S31501015D5056FB034690B1B21C03D0D9F80020B242DA
S31501015D600CD19DF813200393124B88F80020494664
S31501015D701A6838460EF0ABFE039B9B46D9F808100C
S31501015D80A2E7BBF1000FD0D0B6F5801FC8D2083407
S31501015D903146204698F800307A6808F003FD00285C
S31501015DA0BED13146204698F800307A6808F065FD83
S31501015DB0BCE700BF185602016C4600202DE9F341EC
S31501015DC00446174698460E46194DC16A236B8B4206
S31501015DD02AD04B1C18E0284601F00AFD012229466A
S31501015DE020460DF1070308F00AFB30B14346294667
S31501015DF020469DF80720B847B0B1A9684A1C05D0CD
S31501015E00012E0AD0236B9942E5D10DE0696820463E
S31501015E1008F07FFA012E0146D8D16B6881EA0302A7
S31501015E20E36C5B421A42D1D002B0BDE8F08100BFFA
S31501015E30404600202DE9F041436B9046C26B07684D
S31501015E409A4288BFC363C26C836A90B002FB03772F
S31501015E50036C0E46052201A95B690446384698473B
S31501015E6001A808F017FF01280146307057D0E56CEB
S31501015E70226C2368A06AD2F814C005FB0030052202
S31501015E8006A9E04706A808F005FF01284FF000051D
S31501015E9023D0D4E90B3201219342CDE90B458DF88B
S31501015EA034800E958DF83C102AD11946204608F00A
S31501015EB030FA636BE26C14339B1A206363630C9BA8
S31501015EC053B99DF83C303BB1A26AE16C2368206C61
S31501015ED001FB023108F096FE0C9D236C05225B69DC
S31501015EE001A93846984701A808F0D4FE3070284622
S31501015EF0636BE26B9A4288BFE36310B0BDE8F08140
S31501015F00237C33B91C490BAA04F1080001F07CFB7F
S31501015F10D5E72046194A0BABFFF750FFCFE7237CA4
S31501015F2023BB2246164904F1080001F06DFBA16A63
S31501015F30204608F082F9A16A421C204608F047F979
S31501015F40054620B9636BE26C1344143B6363204637
S31501015F50E16A08F0DEF92368E062C01AE36CB0FB7E
S31501015F60F3F0A062204608F017FAB6E700232046AF
S31501015F70044AFFF723FFDAE7E96B0101616B0101CE
S31501015F8099E4010135E4010173B50D46D11E4A4279
S31501015F901C461B7E4A419A4226D1296823689942A9
S31501015FA022D3636899421FD8114E0DF10703324678
S31501015FB0FFF750FEC0B972686B689A4214D19DF819
S31501015FC00730DA1E53425341227E93420CD1636953
S31501015FD001336361D4E90323934205D22968A26897
S31501015FE042F8231001332361012002B070BD00BFC5
S31501015FF0984600202DE9F04F4FF0FF334FF6FF721F
S315010160000025044600F10809C0E90A2391B003639A
S315010160104562456348460F4608F0ADFB204608F048
S31501016020B7F800284DD13946204608F035F9204602
S3150101603008F0AEF80646236F1B6898470546C8B9AE
S31501016040002E00F061814FF0FF384FF6FF730646CF
S315010160500746C346C4E90903236A9F4259D3A6EBFE
S315010160600806012E7AD84FF6FF72A36A934240F0D1
S315010160708B806725284611B0BDE8F08F2368226C15
S31501016080E06C566900FB053005220BA9B0470BA848
S3150101609008F000FE08F023FE90B10BA808F04AFEB5
S315010160A094F87430834240F02D810025236A9D4284
S315010160B00CD3204608F06CF806460028B3D0BAE79F
S315010160C00135236A9D42D9D30020E9E72368226C71
S315010160D0E06C566900FB053005220BA9B0470BA8F8
S315010160E008F0D8FD01280AD12946204608F0A5F86D
S315010160F0421C2946204608F06AF80135D6E708F020
S31501016100F3FD0028F9D02946204608F096F8024603
S31501016110EFE72368226CE06CD2F814C000FB07306C
S3150101612005220BA9E0470BA808F0B4FD03900BA8C3
S3150101613008F087FD8246039808F0D1FD60B1DA4582
S3150101614038BFA762D04528BFD046564538BF564607
S31501016150D346636A0133636201377DE74FF6FF7305
S315010161600026A362236A9E42BFF47DAF2368226C97
S31501016170E06C576900FB063005220BA9B8470BA84D
S3150101618008F05FFD0136EDE7E66C226C206806A991
S3150101619006FB030057690522B84706A808F051FD19
S315010161A0A26A2368E06C594E00FB023008F0A2FD99
S315010161B04FF0FF33E062236332466FF0010120465F
S315010161C00DF11703FFF746FD002855D1B7680026E3
S315010161D02763236C01225B690BA9B81998470B9BAD
S315010161E001334BD1E36C0436F2197A405B421A4210
S315010161F0EFD0666326B92046216B08F08AF8206341
S315010162003946204608F085F80646E36A9E4237D1AB
S31501016210204607F064FF002780463E46236A9E42D8
S3150101622040D3B8455CD92046A16A07F0E5FF064689
S3150101623004F1480AAF4215D8E26C236806A902FBAC
S315010162400639236C05225B694846984706A808F07A
S31501016250F8FC94F874300246009349465346206C83
S3150101626008F04AFD3146204607F0C6FF0135A8452B
S315010162700646DFD16425FDE6E76AA8E70026B8E709
S315010162803146204607F05BFF636B314603440746FF
S315010162906363204608F03DF80646002FB5D1C4E9EF
S315010162A00C07B2E7E26C23680BA902FB063A236CE1
S315010162B005225B69504698470BA808F0EBFC08F0EC
S315010162C00EFD58B1504608F015FD0146204607F06E
S315010162D036FFE36C143B984208BF013701369DE74F
S315010162E0484608F048FA002320461946084AFFF7AE
S315010162F065FD6369012B7FF6BDAE484600F0FCFFE3
S315010163000546B7E62625B5E65E25B3E6984600209D
S3150101631023E401012DE9F0410F461646984604464C
S3150101632088B060B390F83850FDB1012107F025FF1F
S3150101633000210E9BCDE90511CDE902379DF83C30CF
S31501016340CDF804808DF81C30237C04968BB90D4958
S3150101635001AA04F1080001F057F9DDE90553206CA2
S31501016360002E08BF1D4608F0A5F8284608B0BDE86D
S31501016370F0812046044A01ABFFF720FDEDE7054612
S31501016380F3E700BF63E40101895F01012DE9F04FE4
S315010163909BB007939DF89430DDF89090022B04464B
S315010163A00F46D9F810B00992089304D0079B9B4573
S315010163B0C0F0D9809B46D9F804306E4E04936E4BDA
S315010163C00593BBF1000F15D1D9F8103083B1089BA4
S315010163D0002B40F0BF8094F87430022B70D199F8EC
S315010163E01820079B6449A3EBC20238460EF06FFBE6
S315010163F0002066E0236C01225B690AA9049898478B
S315010164000AA808F0B9FBD9F80030834240F0AD8003
S315010164100AA808F0BDFB0428069055D10AA808F080
S31501016420BEFB05460A9B0D93049B069A12A903EB33
S3150101643002080023CDE90F331193236C01225B6915
S31501016440404698472068D4F84CE0A8EB000CBCFB09
S31501016450FEFC98FA88F31393236C05225B6915A94F
S315010164600EFB0C00984715A808F0EBFB00BA0DF1DD
S315010164703C0A149012AB032D93E807008AE8070042
S3150101648032D9236C314640465B69AA08984725F003
S31501016490030305F0030A98441E44BAF1000F0BD019
S315010164A0236C01225B6915A940469847304652463D
S315010164B015A90EF00CFB564494F87430022B15D035
S315010164C026201BB0BDE8F08F236C0BA902225B6964
S315010164D0049898470BA808F062FB069A05460BA992
S315010164E00DA80EF0F4FA9FE7AA46D6E70123214942
S315010164F0226F03932B1F0B440293059BA5F10808F9
S31501016500CDE900830FA8D2F80CA00B1D069A0DA99F
S31501016510D0470028D5D1089B012B0AD194F87430B4
S31501016520022BCDD14246384605990EF0C2FBF0B990
S315010165304744BBEB050B07D094F87430022BBFD14E
S31501016540059B761B434405932046049907F0E1FE1A
S31501016550049036E7089B022B7FF44AAF0649099B53
S31501016560079A194441E76320ABE76F20A9E7362073
S31501016570A7E700BF766A0020765A00202DE9F04F81
S315010165809FB09A469DF8A030044608939DF8A43021
S315010165908B460993D1E903350693099B1746022BCD
S315010165A044D1CC2D40F0DC81089B93B107F0E0FF8B
S315010165B00E9001234FF000094FF008080793099B3C
S315010165C0012B0FD194F87430022B47D109F1080937
S315010165D008E0069B4FF008081B68DDF820900E9332
S315010165E001230793DBF8003007993B6009983D6168
S315010165F008F0E8FA4FEA98030D93734B2E460C9374
S315010166000023CDE90A3338750593E16C4A1E0AEA7E
S3150101661002028B1A002E49D0C144994551D3636BAD
S31501016620CDF810A05B1A13446363BDE0089BFBB16F
S31501016630099B012B1CD100222B46CDE9001262498F
S31501016640FFF7A4FE064650B9DBF8103083B19BF87B
S3150101665017306BB194F87430022B04D026263046DC
S315010166601FB0BDE8F08F9BF81830013BA5EBC305C0
S31501016670782DE36C9DD85A1E0AEA02029B1A2A1D3D
S315010166809A4208D975B1082B93D800234FF0040912
S315010166900793C84693E74FF000094FF00408CDF878
S315010166A01C908CE74FF004090795F2E74345B6D3F1
S315010166B035460AEB08030493059B002B18BF0323F8
S315010166C011E0A3EB08039E4235460AEB080228BFF7
S315010166D01D469E420492EFD901233A69FB75B242E6
S315010166E06DD1C7F804A00593FB7D002B69D03A7ED5
S315010166F0059907EBC203C3F81CA01D8483F8221078
S31501016700531C3B769DB1099B022B5FD10A9B63B951
S315010167100B9B2B44032B0AD9236C01229B690498F9
S315010167200EA99847002840F0238101230A93059B6E
S315010167300FA80193079B00933A7D2B46DBF80010C6
S3150101674001F00CF8236C50469B690D9A0FA99847E5
S315010167508146002840F000812B464246514620469B
S3150101676007F004FE636BEA1CA3EB080322F00302A4
S315010167709B1AB8606363B9F1000F40F0F3800B9B7C
S31501016780761B2B440B93DBF810306BB1099B012B64
S315010167900AD1059B013BDBB2012B05D894F8743074
S315010167A0022B7FF45BAF08362046049907F0B1FD51
S315010167B04FF000098246002E7FF427AF4FE70223EF
S315010167C091E7C7F804A09DE7765A0020032D40F210
S315010167D0BE80059B0FA80193079B0DF14C09009300
S315010167E03A7D2B46DBF8001000F0B8FF0FA94246AF
S315010167F011A80EF06CF90023CDE913331593236F1C
S3150101680004215B6816A89847E0B9049B226C1BBA60
S3150101681020681793049BD4F84CC052691B1AB3FB29
S31501016820FCF396460CFB03000522734619A998470A
S3150101683019A808F006FA00BA189016AB93E80700F2
S3150101684089E80700089A94F87430002A40D1022B8E
S3150101685040F08D800122236F039219AA0292454AC3
S315010168600192A5F108020092D3F80890069B4246CF
S3150101687011A913A8C84700287AD1139B3E4A136070
S3150101688094F87430022B6FD13C4B199A5A51089BDB
S3150101689043B194F87430022B69D10C9AA5F108031E
S315010168A01A440C92236C34499B690498AA089847A7
S315010168B08146E8B194F87430022B7FF4CFAE069A83
S315010168C0A5F108031A4406922A9B049A1A6043E722
S315010168D0022B4CD10122236F039219AA0292254A56
S315010168E00192A5F108020092D3F808900C9BBEE72C
S315010168F015F0030220D0204B25F0030903EB090112
S31501016900049B99444FF0FF3319A819930EF0DFF850
S31501016910236C48469B69012219A9984794F874305A
S315010169208146022B7FF49AAE069AA5F108031A4411
S3150101693006920028C8D1FAE694F87430022B7FF446
S315010169408DAE069AA5F108031A440692EFE62A4688
S31501016950DDF810900699D5E72A9BC3F800A0FBE65E
S3150101696070267CE64E467AE6089B002B9AD02620B5
S31501016970064674E67A6A0020766A0020726A002069
S315010169802DE9F04F8FB005930023884608920A69D5
S31501016990C16C0C931439D31DB3FBF1F3013302EB33
S315010169A0C302436B04469342C0F0D080DFF8A4A131
S315010169B0DFF8A891256B6748294600F019FF0CAB52
S315010169C00293059B41460193089B20460093614A28
S315010169D02B46FFF7D3FD8346C8B9DAF808300834E8
S315010169E0A362DAF804202046059BD8F8001007F0C7
S315010169F0D9FE002840F0A6802046059BDAF804203E
S31501016A00D8F800100FB0BDE8F04F07F036BF3D28AA
S31501016A1040F098802368E06CEF1AB7FBF0F707FBAB
S31501016A20003008F067F9216B0646204607F071FC34
S31501016A30E36A834273D0E26CDAF80830511E0B40E7
S31501016A40616B2063891A0B44636321680C9B5B1A92
S31501016A50B3FBF2F39F42079352D1AD1B50D03E4F88
S31501016A604FF0FF313C4800F0C3FE236C01225B6904
S31501016A700DA9304698470DA808F07EF8364A014619
S31501016A800DF12F032046FFF7E5F8002859D1FB7DCB
S31501016A9043B13B7E3A6907EBC3031B8BD21A083319
S31501016AA015441E44236B48461946099300F0A0FE7E
S31501016AB09DF82F300CAACDE90132012206930092ED
S31501016AC039464A462046099BFFF758FD002838D129
S31501016AD0D9E90012D9F8083004F108002363069BAD
S31501016AE000F034FD3B69782BA5EB030501D8FA7D4E
S31501016AF022B3FA7D083D0AB908331E44002DAFD1F0
S31501016B002368079AE16C206C01FB023108F067F8F2
S31501016B10204607F03DFB204607F03EFC6063D8F8AE
S31501016B201020E16CD31D1439B3FBF1F3013302EBF0
S31501016B30C302636B9342BFF43DAF03E0043D0433EB
S31501016B40DBE7834658460FB0BDE8F08F4FF01C0BCB
S31501016B50F8E700BF6C46002040460020144600209D
S31501016B60032A2DE9F34107460E4690461C4606D1F6
S31501016B70237A012B25D0012002B0BDE8F081194D00
S31501016B8009682A460DF10703FFF764F860600028DA
S31501016B90EED19DF80730227A032BE9D06968736833
S31501016BA09942E5D1337E012A3569D4F80CC04FEA01
S31501016BB0C30308D1BA69ACEB03012944914202D955
S31501016BC02074207CD8E708356544ED1A0122434635
S31501016BD031463846E560FFF7D3FE60600028C7D02D
S31501016BE00020C9E7984600202DE9F341089C032AB4
S31501016BF09046276806D1237A012B27D0012002B0BE
S31501016C00BDE8F081274D38462A460DF10703FFF706
S31501016C1021F860600028EED126686B68F16AD6F822
S31501016C204CC04B40CCF1000213EA020094F808E093
S31501016C30E1D1BEF1010F0BD12A7E2B69A3EBC20370
S31501016C40E2681344BA69934202D92074207CD6E7DB
S31501016C503068336B1B1A081AB3FBFCF3B0FBFCF06B
S31501016C6083420BD1F86C3B6B421E13407A6B121AAD
S31501016C70134430467B6307F04CFB30632B692A7E54
S31501016C800833A3EBC203E26806491A44E2604346AC
S31501016C9001222068FFF774FE60600028ABD0002056
S31501016CA0ADE700BF984600200022724B2DE9F04165
S31501016CB01F680D4604461A6018B921252846BDE804
S31501016CC0F08190F838606EB30A6803689A4240F021
S31501016CD0C5804A6843689A4240F0C0808A688368E1
S31501016CE09A4240F0BB80CA68C3689A4240F0B680B6
S31501016CF00A6983699A4240F0B1808A69036C9A42B2
S31501016D0040F0AC80CA69036F9A4240F0A78091F8BE
S31501016D10202090F874309A4240F0A0804B690025FA
S31501016D20C361CBE778223146D0F83C80EAF79CDC97
S31501016D30D5E902122B6804F1080023606B68C4F8D7
S31501016D403C8063602B69A3616B69E36107F026FDF2
S31501016D50AB6904F1480023649B68984700284DD12B
S31501016D60E16C11B16368B3FBF1F194F84B30216227
S31501016D70002BA2D00023A366EB69236795F8206057
S31501016D80E56C84F87460002D70D000296ED02368FB
S31501016D90B3FBF5F205FB1233002B61D1D4F8048064
S31501016DA0B8FBF5F305FB1383002B59D1204607F0F8
S31501016DB0B5F9E36904330344984553D340F6347274
S31501016DC0A369CC3B93424FD8B5F5805F4ED3012ED3
S31501016DD04ED9032E4CD00321204607F0CEF9D4E932
S31501016DE00001236C1B6898470546236C0220DB686A
S31501016DF098472DB1002384F838301FE03146B4E7B6
S31501016E0039462046FFF7F6F86428054604D1394686
S31501016E102046FFF7EFF80546E36C143B002DE9D157
S31501016E20626A204602FB03F607F078F9E369043347
S31501016E3003449E4206D284F838505A25206C07F045
S31501016E4039FB3BE70123D4E900010B4A84F83830C9
S31501016E5013680133136007F051FEEFE75D252DE756
S31501016E6059252BE75A2529E75F2527E75B2525E7DD
S31501016E70262523E7A03F00209C3F00202DE9F04372
S31501016E800C4691461E46054685B0002847D090F826
S31501016E903830002B45D0B1F5801F44D2DFF8908000
S31501016EA0012107F06AF92146424628460DF10F03F1
S31501016EB0FEF7D0FE0446F8B99DF80F30012B27D114
S31501016EC0D8F810703FB195F87430022B18D198F8A3
S31501016ED0183006EBC306B7421FD100223B4649468D
S31501016EE02846CDE90082FFF751FA044620B9014649
S31501016EF03A460E48EAF7B8DB286C07F0DBFA03E0FD
S31501016F00286C07F0D7FA2624204605B0BDE8F083A0
S31501016F10022B14BF2D246024EEE76324ECE7212420
S31501016F20F2E71124F0E72924EEE700BF765A0020A3
S31501016F30C44600202DE9F04385B00C4691461E4614
S31501016F400546DDF83080002848D090F83830002B0E
S31501016F5046D0B1F5801F45D2234F012107F00DF926
S31501016F6021463A4628460DF10F03FEF773FE044604
S31501016F70E8B99DF80F30012B29D195F87430022B10
S31501016F8019D13B69FBB906EB08029A4224D80223BF
S31501016F903246CDE90073494643462846FFF7F6F9DD
S31501016FA0044620B9014642461048EAF75DDB286CE2
S31501016FB007F080FA03E0286C07F07CFA26242046C4
S31501016FC005B0BDE8F0833A7EA3EBC203DBE7022BF2
S31501016FD014BF2D246024EAE76324E8E72124EEE7C0
S31501016FE01124ECE72924EAE7C4460020765A002059
S31501016FF02DE9F3411E4600230C461746054633602B
S3150101700000283AD090F83830002B38D0B1F5801FDE
S3150101701037D2DFF87480012107F0AFF821464246E5
S3150101702028460DF10703FEF715FE044618BB9DF828
S315010170300730286C032B1ED0022B07D10123042113
S315010170403B603160286C07F035FA10E0D8F8101072
S315010170503C600029F5D095F87430022B04D198F8DB
S315010170601830A1EBC301ECE707F024FA26242046E8
S3150101707002B0BDE8F0812D24E4E72124F7E71124CC
S31501017080F5E72924F3E700BFC446002073B504469A
S31501017090456B07F043F8E36E03449D422CBF002381
S315010170A00123854294BF00252D1A207C84F858308E
S315010170B0E56584F86000A8B100230C4E1A4619460D
S315010170C02046009607F021FB002305461A4619467C
S315010170D02046009607F022FBE3682844984294BFB4
S315010170E00020C01A606602B070BD00BFFFFF0F002D
S315010170F02DE9F3471D4683690446AB420F46914686
S315010171009DF8288061D300268DF80760204607F097
S3150101711005F8D4F834A082450AD2636AB6EB430F67
S3150101712006D2002220460DF10701FEF783FE80B348
S315010171309DF80730012B05D1002220460DF10701EB
S31501017140FEF778FEB8F1030F25D1234E4FF0FF313B
S31501017150304600F04DFB376035611F494346002239
S315010171602046C1F80C90FFF70BFCA36E054663B1EF
S315010171702046FFF78BFF94F8583013B994F8603025
S315010171801BB1A36E04F158009847284602B0BDE829
S31501017190F0870136BAE72946204606F0AEFF666B4F
S315010171A0864214D30C4E4FF0FF31304600F020FBDE
S315010171B0B8F1010F37603561CFD1002DCDD094F8EB
S315010171C07430022B05D10835C6E76225DDE71C259A
S315010171D0DBE72625D9E700BF984600202DE9FF41C7
S315010171E00F4690461E460546002847D090F838308E
S315010171F0002B45D0B1F5801F44D2234C022106F064
S31501017200BCFF2246394628460DF10F03FEF722FD42
S3150101721050BB236933B395F87420022A1AD1227E11
S3150101722006EBC2029DF80F1001291DD193421BD114
S31501017230CDE90041002241462846FFF7A7F8044659
S3150101724090B9014632461148EAF70EDA286C07F081
S3150101725031F903E0286C07F02DF92624204604B004
S31501017260BDE8F0813246DDE7012342460093394606
S3150101727033462846FFF73CFF0446E7E72124EDE7BD
S315010172801124EBE72924E9E7C4460020765A0020B8
S3150101729030B50C46054685B028B390F8383023B38E
S315010172A0B1F5801F23D2022106F067FF0DF10F030D
S315010172B0214628460F4AFEF7CDFC034688B99DF8BB
S315010172C00F20032A0DD003222146009202462846A9
S315010172D0FFF70EFF0446286C07F0ECF8204605B0CF
S315010172E030BD2D24F7E72124F8E71124F6E72924F7
S315010172F0F4E700BFC44600202DE9F04FC56889B007
S31501017300AC000590204609F063F9DFF83CB2DFF8DD
S315010173102CA2CBF80000204609F05AF9CAF8000060
S31501017320204609F055F9DFF81892DFF81882C9F8F5
S315010173300000204609F04CF9C8F80000204609F082
S3150101734047F97C4F3860204609F042F97A4B0646E7
S315010173501860DBF8003000240293DAF80030D8F81F
S3150101736000E0039301236A1ED9F800C0D7F8008013
S315010173700192019A9A42C0F0C1805A0000920122FB
S31501017380013B0693009B0025013B0492079367E0AD
S31501017390069B5C19019B9C4228BF1C46079B03EB7C
S315010173A00509019B994528BF9946AC42C0F0A280C7
S315010173B04C4580F09F80029B002B00F09D80039B32
S315010173C0002B00F09980BCF1000F00F09580BEF111
S315010173D0000F00F09180B8F1000F00F08D80002EB2
S315010173E000F08A800021049BEF0004EB030A059B50
S315010173F01B688A4539D10027A9EB040B03EBC404A9
S31501017400A2680398C2F3130240F82720E2684EF8F6
S31501017410272054F8082F46F827200137BB45EFD11D
S315010174200022A946144603F1040AA1422FD8274690
S3150101743003EBC90AB9420AF1080A47D80F1BA1424F
S3150101744038BF00274F4403EBC703934503F10803F4
S3150101745046D80024009B009A1D44049B9B1A049361
S31501017460019BAB4294D8009B83E7DA59029803EB5F
S31501017470070BC2F3130240F82120DBF804204CF874
S315010174802120DA59083748F821200131B1E793451E
S31501017490CDD9039850F82270029850F82400B842C9
S315010174A095BF58F8247056F8227043F8397043F89D
S315010174B0397096BF5CF824705EF8227001344AF87F
S315010174C0397088BF013209F10109AEE758F8270081
S315010174D04AF8080C5CF8270001374AF8040CA9E7B9
S315010174E056F8221043F8081C5EF82210013243F8BF
S315010174F0041CAAE72124ADE71924ABE7029809F098
S3150101750076F90E4B186809F072F90A4B186809F0F9
S315010175106EF90B4B186809F06AF9074B186809F0FF
S3150101752066F9084B186809F062F9204609B0BDE809
S31501017530F08F00BFA83F0020A43F0020B43F0020E8
S31501017540B03F0020AC3F0020B83F00202DE9F041BB
S31501017550C76898464368FFB19F422CD9B8F1030F1A
S3150101756025D023B305682E464FF0000C03E0634591
S3150101757006F108061BD055F83C400CF1010CC4F389
S31501017580075EBEF1030FF2D1C1F3130141EA0851BE
S31501017590C6E90012BDE8F0814BB1056855F83740DF
S315010175A005EBC70601341ED0B8F1030FDBD1012368
S315010175B00372BDE8F08105680024AC4655F83460D4
S315010175C00134C6F3130E013601D0714516D0A74217
S315010175D00CF1080CF2D19F42C0D255F8374005EBA8
S315010175E0C7060134E0D1C1F3130141EA085145F857
S315010175F0371001377260C760BDE8F08141EA085171
S31501017600CCE90012D5E700BF2DE9F04106464068F5
S3150101761082B0C0B10F4690460024336853F8345006
S3150101762003EBC403C5F30752C5F31301013504F195
S31501017630010406D05B683046CDF80080B84710B129
S3150101764070688442E9D302B0BDE8F081024B196842
S31501017650024B1868FFF728BB047C00202C7C002014
S3150101766030B5164D9BB0297831BB4FF0007203231B
S315010176701024CDE90223F6231C2209A8CDE905111F
S3150101768007910493CDE90044E9F7EEDF042310A83D
S3150101769008940B93E9F7CADB694608AA10A807F013
S315010176A0BBFE10B173201BB030BD0122044B2A7001
S315010176B0C3E90020986018750020F4E77E7A00205E
S315010176C0FC450020F0B587B09DF83C700C46012FB2
S315010176D015461946DDE90C230E9E14D198B104B95C
S315010176E08DB901B97AB973B16EB104270090CDE9AB
S315010176F00367CDE90145054808F0D3FD002818BF08
S31501017700722007B0F0BD2120FBE700BFFC45002038
S31501017710F0B587B09DF83C700C46012F1546194608
S31501017720DDE90C230E9E14D198B104B98DB901B9C5
S315010177307AB973B16EB104270090CDE90367CDE93A
S315010177400145054808F0C1FD002818BF472007B0CB
S31501017750F0BD2120FBE700BFFC45002073B50446BF
S315010177602248012A00EAC1119DF8185023F07C40F4
S3150101777007D9961E012E28D9073303F07F03194332
S3150101778008E09DF81C300A43DB0603F0C05313439E
S3150101779043F060410023C4E900108DF80730B5B10B
S315010177A0202221460DF1070007F0CBFA1A220DF12D
S315010177B00700211D07F0C5FA082063689DF8072017
S315010177C043EA8263636002B070BD1143E2E71B22A3
S315010177D00DF10700214607F0B4FA23689DF8072049
S315010177E0042043EAC2632360EDE700BF80FFFF0780
S315010177F038B5094B0D461A6800210446E9F734DF0D
S3150101780000234FF0FF322383C4E900252361A260DF
S31501017810E382A37638BD00BF185602010138C0B212
S3150101782005289ABF014B185C012070471D560201BC
S315010178302DE9F0430746154600240E46596889B0DD
S31501017840490A012922464FEA510104F10104F8D8F6
S31501017850DC78997824031B88C90201F4006104F4D8
S3150101786080540C43C3F30A031C4453039BB21C44C7
S315010178704FF6FE784FF6FF739DF840204FF0000951
S31501017880022A18BF9846274B02A9039325F078438C
S31501017890ED430DF107001B2202938DF8079007F0C6
S315010178A050FA9DF80720029B02A943EAC2630DF132
S315010178B007001B2225F07845049302958DF8079060
S315010178C007F03FFA9DF80720029B44EA084443EA80
S315010178D0C26305934FF0FF330794069307A9BB696A
S315010178E0012206F110009847BB6905A90446012248
S315010178F006F108009847BB69484518BF044604A923
S315010179000122301D98470122484518BF0446BB692B
S31501017910304603A99847484508BF204609B0BDE846
S31501017920F08300BF01009AB2034BD3F82424D3F8A4
S3150101793020041040704700BF00C083404FF48032DD
S315010179400A4B5A6603F5DE239B69C3F303320270C0
S31501017950C3F303424270C3F3461203F00F03134309
S3150101796043804FF6FF738380704700BF005080400C
S315010179700048704700100000274B2DE9F0411B68B4
S31501017980E9F7B2DE0128074620D9E9F7D9DE051E56
S3150101799003DA01242046BDE8F081204B1B78002B38
S315010179A038D14FF050081E4C04EB0800A465C4F809
S315010179B05C80E9F76CDF206680B90124012FE9D9E2
S315010179C02846E9F7D3DE0028E4DAE2E7134B1B7810
S315010179D003F0FF05002BE4D00024DBE70024114E60
S315010179E0214606F110033246012034607460B3600A
S315010179F0C6F80C80E9F7FBDF30660028DDD00321EC
S31501017A00012008F07EFC012008F079FC0122034BDC
S31501017A101A70D3E70024D3E7307C00207F7A002057
S31501017A2054470020F046002008B5E9F75DDE01283C
S31501017A3005D9E9F785DE002821DA012008BD174BB2
S31501017A401B7803F0FF00002BF8D0E9F787D900284E
S31501017A50F4D1012001F074FC012008F04EFC104B19
S31501017A60186EEAF76BD890B90E4B186EE9F7A7DFD6
S31501017A70003818BF01200022084B1A70DEE7074BB8
S31501017A801B7833B1E9F772DE0028DEDAD5E701208A
S31501017A90F1E7E9F76BDEC00FD0E700BF7F7A00207F
S31501017AA0F04600205447002008B54FF085435B6C32
S31501017AB0DA0208D5E9F718DE0238012803D80A4B9C
S31501017AC0186EEAF713D84FF08542536CDB02FCD5E9
S31501017AD0536D1268054A03F4702313600120BDE852
S31501017AE0084001F02DBC00BFF0460020307C00208B
S31501017AF02DE9FF474FF000080E4617460446CDF81B
S31501017B000080002859D022B90025284604B0BDE8D5
S31501017B10F087002951D032F0030902F0030A1FD080
S31501017B204FF0E063C0E9003801230191C0F80880F4
S31501017B300293C0F8208049F0005301A90393E9F7A4
S31501017B4057DA49462046E9F72BDA2046E9F724D9DF
S31501017B50054628B14A4641463046E9F785DDD4E76F
S31501017B60BAF1000FD0D04FF000084FF0E063C4E93D
S31501017B7000380123CDF804D00293114B204601A907
S31501017B80C4F80880C4F820800393E9F731DA0421A7
S31501017B902046E9F705DA2046E9F7FED8054608B198
S31501017BA03A46D8E7009A4E44EB00013522FA03F32F
S31501017BB0AA4506F8013BF7D1A6E72125A5E700BFAE
S31501017BC0040000202DE9F0410C461546064688B011
S31501017BD000283ED000293CD05A1E072A39D8072D44
S31501017BE037D85F19082F34D800231C4A8360C0E9AE
S31501017BF00023036201230DF11008CDF804800293DD
S31501017C00174B01A90393E9F7F3D93046E9F7C4D82C
S31501017C1010B92146AF4202D808B0BDE8F08138F863
S31501017C2015200D6002F44053B3F5405F13D0930460
S31501017C304CBF0223C2F300330B72C2F30B03DB0306
S31501017C404B60C2F38033D20B4B728A7201350C3110
S31501017C50E0E72120E0E70220DEE700BF000053FF55
S31501017C601000002070B516460546A0B000284CD07C
S31501017C7000294AD0002A48D00023254A8360C0E959
S31501017C80002301220362234B029102A90392049369
S31501017C90059606920793E9F7ABD9284605A9E9F7AF
S31501017CA0A7D92846E9F778D8044640BB019001A92E
S31501017CB02846E9F74FD9044608BB40F20223019A47
S31501017CC09A421CD80146602208A8E9F7CDDC0823AF
S31501017CD02246284608A9FFF775FFA0B9082208AB75
S31501017CE0197A0C33022904BF53F8081C00EBD100A1
S31501017CF0013AF5D13368834204D31B1A3360204616
S31501017D0020B070BD02200446F9E72124F7E700BF40
S31501017D10000064FF040000207FB50E461C4605469F
S31501017D2008B3EBB1FAB113F003031CD10F49836018
S31501017D30C0E9001303620123019201A9029344F0F0
S31501017D400053039307F0E9FB31462846E9F728D9A1
S31501017D5021462846E9F724D92846E9F71DD80446DC
S31501017D60204604B070BD2124FAE700BF000063FF7D
S31501017D702DE9F0410F4601780446013990468AB052
S31501017D80042947D8DFE801F00332373C4100402599
S31501017D90142621490C3400225D43C7E901223A62C6
S31501017DA0384639602946E9F7FBD80123384646F0BA
S31501017DB0005604A945F00055CDF8048002930395B8
S31501017DC004940593069607940893099607F0A5FB73
S31501017DD0384601A907F0A1FB384607A9E9F708D9F1
S31501017DE03846E8F7D9DF0AB0BDE8F08140252026FB
S31501017DF00A490C34CFE74025202609490C34CAE744
S31501017E008025402607491434C5E7802540260649C1
S31501017E101434C0E72120E6E7000201030003010350
S31501017E2000040103000501030006010310B591B128
S31501017E3088B10023C0E90133084B00F10C0203F1BB
S31501017E40200153F8044B8B4242F8044BF9D101232B
S31501017E500370002010BD2120FCE700BFEC56020192
S31501017E6010B591B188B10023C0E90133084B00F186
S31501017E700C0203F1200153F8044B8B4242F8044BE7
S31501017E80F9D102230370002010BD2120FCE700BFB8
S31501017E902356020110B591B188B10023C0E901331E
S31501017EA0084B00F10C0203F1200153F8044B8B42FC
S31501017EB042F8044BF9D103230370002010BD2120A0
S31501017EC0FCE700BF4456020110B5A1B198B10023E8
S31501017ED0C0E90133C0E90333084B00F1140203F190
S31501017EE0400153F8044B8B4242F8044BF9D1042368
S31501017EF00370002010BD2120FCE700BF6556020179
S31501017F0010B5A1B198B10023C0E90133C0E903332A
S31501017F10084B00F1140203F1400153F8044B8B4263
S31501017F2042F8044BF9D105230370002010BD21202D
S31501017F30FCE700BFA65602012DE9F04F0D4690461A
S31501017F4004468BB000287DD000297BD0002A79D048
S31501017F500278013A042A75D8DFE802F0030C586069
S31501017F606B001427394A00F10C0B00F1040A2C3479
S31501017F70B94608E020274FF01C09354A00F10C0BE0
S31501017F8000F1040A2C34402199455BD80AF1040316
S31501017F900AEBD10653F8040B002855D1B342F9D1A6
S31501017FA0DAF80030013901EA0306C5E90020314654
S31501017FB0A86028622846E8F7F3DF2846DAF80010B8
S31501017FC0E8F7EEDF012249F00053284601A947F0FF
S31501017FD0005746F00056CDF804B002920397049477
S31501017FE005920696CDF81C800892099307F095FA39
S31501017FF0284604A907F091FA284607A9E8F7F8DF08
S315010180002846E8F7C9DE0BB0BDE8F08F2027114AF3
S3150101801000F10C0B00F1040A2C34A9E740274FF0BB
S3150101802030090D4A00F1140B00F1040A5434802180
S31501018030AAE74027094AB94600F1140B00F1040ADF
S315010180405434F4E72120DEE70F20DCE700020303C5
S3150101805000030303000403030005030300060303EE
S315010180602DE9F04387B00D4691461E460446DDF8DB
S315010180703880002836D0B8F1000F33D002B98BBB56
S315010180806B1EDBB2042B2DD8174AD75C0F9B9F427F
S3150101809028D80023280200F1407000F5807031468E
S315010180A0C4E90133206023622046E8F779DF012321
S315010180B06946204646F0005647F00057CDF8009034
S315010180C001930296CDF80C800493059707F025FAE2
S315010180D0204603A9E8F78CDF2046E8F75DDE07B005
S315010180E0BDE8F0832120FAE7E7560201F0B50F4614
S315010180F016461D46044693B010B9212013B0F0BDB2
S315010181000029FAD0002AF8D0002BF6D000233146F7
S315010181101A46384606F01AFF0028EFD1304602A961
S3150101812006F0B0FE0028E9D1EB68022B0AD03968C6
S315010181303F48029A81426B6902D01830814270D15F
S315010181409A42DAD82B68002BD7D14FF060623846B4
S31501018150C4E90023A360236201A906F052FF0028A6
S31501018160CCD10199204621F4F0610191E8F718DF9C
S315010181706946284606F045FF0028BFD120460099E9
S31501018180E8F70EDF384609A900F054F80028B5D101
S31501018190204609A907F0C1F938460CA907F052F89A
S315010181A00028ABD120460CA907F0B7F9EB684BB112
S315010181B0284606A900F03EF800289FD1204606A9C7
S315010181C007F0ABF9304603A907F03CF8002895D131
S315010181D0B368DA040CD59B0427D50621F369326904
S315010181E01B6801FB03225B0043F0005303920593D5
S315010181F0204603A907F091F928460FA907F022F8AD
S3150101820000287FF47BAF20460FA9E8F7F1DE0325AD
S315010182102046E8F7C1DD01287FF470AF013DF7D1B2
S315010182206CE7B3EB420F8DD267E7292066E700BF02
S31501018230200000B090B189B101234B60C368013BB5
S31501018240012B08D88269064B1AB10A6000208B609E
S315010182507047044AF9E74FF00053F7E721207047C9
S31501018260080000200C57020170B50E46154604465A
S315010182708AB000285BD0002959D0002A57D00123A2
S3150101828029461A46304606F061FE00284DD1B368EB
S3150101829013F4C04F4BD0AB6803F4C043B3F5005F91
S315010182A045D1254BA060C4E90030206207A93046BB
S315010182B006F0A7FE002838D120460799E8F770DEB7
S315010182C0304601A9FFF7B6FF78BB204607F025F92D
S315010182D0304604A906F0B6FF38BB204604A907F0CB
S315010182E01CF9EB681BBBAB6803F4C043B3F5005F34
S315010182F01DD16946284606F0F0FDB0B9009B6A69B1
S315010183009A4216D32A6943F0005307920122204665
S3150101831007A9089203250993E8F76ADE2046E8F7DB
S315010183203BDD012801D1013DF8D10AB070BD212003
S31501018330FBE71D20F9E700BF000001022DE9F0432B
S3150101834091B00D46DDE918760446DDF8688000280E
S315010183506ED000296CD0B8F1000F69D00FB9002E8B
S3150101836066D1296801F07041B1F1404F5BD0002B14
S315010183705BD1531E042B5BD8120202F1C06202F5D6
S31501018380807200232846C4E90133226023620DA9C4
S3150101839006F037FE002843D120460D99E8F700DEA5
S315010183A031462046E8F7FCDD284601A9FFF742FFE1
S315010183B0002835D1204601A907F0AFF8284604A9BE
S315010183C006F040FF60BB4FF00109204604A907F002
S315010183D0A4F846F00056204607A90797CDF8209044
S315010183E0099607F09AF82B680A9703F07043B3F1DF
S315010183F0404FCDF82C900C9603D120460AA907F0DF
S315010184008CF80123CDF834800E931B9B204643F053
S3150101841000530DA90F93E8F7EBDD2046E8F7BCDC25
S3150101842011B0BDE8F083034AABE74FF0C062A8E79C
S315010184302120F5E7000002062DE9F0418CB00D4639
S31501018440DDE912860446149F002869D0002967D008
S31501018450B8F1000F01D1002E62D1002F60D0A968B9
S3150101846089045DD5296801F07041B1F1404F4DD0C4
S31501018470002B4DD1531E042B52D82A4B03EB02225A
S3150101848000232846C4E901332260236209A906F0C3
S31501018490B8FD002837D120460999E8F781DD314633
S315010184A02046E8F77DDD69462846FFF7C3FE50BB46
S315010184B06946204607F031F8284603A906F0C2FEAF
S315010184C008BB204603A907F028F8012346F0005608
S315010184D0CDF818800793089609970A93159B43F0DF
S315010184E000530B932B6803F07043B3F1404F11D145
S315010184F009A9204607F011F806A9204607F00DF84B
S315010185002046E8F749DC0CB0BDE8F081064AB7E739
S31501018510064AB5E706A9204606F0FFFF09A9ECE7D9
S315010185202120F0E700010106000003060000010613
S3150101853010F1860F14D010F1850F07DA10F1930FA0
S3150101854011D0873007D04FF0FF307047003818BF80
S31501018550012040427047054B194411F9050C70473A
S315010185606FF0710070476FF06F007047145702FF8B
S31501018570012910B50CDC084C084B00290CBF21461A
S31501018580194607F02BFD2146BDE81040FFF7D0BF84
S315010185906FF0740010BD00BF0B0000020A0000025B
S315010185A008B507F05BFDBDE808400149FFF7C0BF0B
S315010185B00B000002002307B54022019301AB07F02E
S315010185C069FD034903B05DF804EBFFF7B1BF00BFD5
S315010185D00B000002012910B50CDC084C084B0029DF
S315010185E00CBF2146194607F0F9FC2146BDE81040AA
S315010185F0FFF79EBF6FF0730010BD00BF09000002B7
S315010186000800000208B507F029FDBDE80840014947
S31501018610FFF78EBF09000002002307B5202201934F
S3150101862001AB07F037FD034903B05DF804EBFFF732
S315010186307FBF00BF0900000210B5044C214607F0B7
S31501018640CDFC2146BDE81040FFF772BF05000002CF
S3150101865008B507F003FDBDE808400149FFF768BF0A
S3150101866005000002002307B51422019301AB07F0AF
S3150101867011FD034903B05DF804EBFFF759BF00BFD4
S315010186800500000238B5134DFFF776F9124B134A6F
S315010186901349144803F0BCFB2B7803F0FF04BBB963
S315010186A0E9F722D8012802D9E9F74AD804462B78F5
S315010186B02BB90D4B0D481B68984701232B70E9F720
S315010186C013D8012804D92046BDE83840E9F74E9868
S315010186D038BD00BF807A002065F5010147F501012A
S315010186E07FF5010189F501018C7C0020A857002045
S315010186F000F01F02A0F50620A0F55060812810D8D0
S31501018700012309494009934051F820201A4341F8B0
S315010187102020064951F8202022EA030241F82020AF
S3150101872070474FF0FF307047CC470020B847002013
S3150101873000F01F03A0F50620A0F55060812810B5B1
S3150101874019D801210D4A4009994052F820300B43AD
S315010187500B4942F82030D1E9004323448C68234474
S31501018760CC68096923445B1804D1C2E90033C2E923
S315010187700233136110BD4FF0FF30FBE7B84700200C
S31501018780CC4700202DE9F04FA7B003921F460446BE
S315010187900822CDE90401414021FA02F34B40980731
S315010187A002F1080218BF9B00202A1C44F4D181233F
S315010187B0B4FBF3F303EBC313E41A7F4B04F506246D
S315010187C01B7804F55064002B39D1FEF73FFF0546AE
S315010187D000286FD10146402206A8E8F745DF294660
S315010187E0402216A8E8F740DF744D754EA8461035AC
S315010187F0AE4228BF2E467348013E009643461022DB
S31501018800006806A905F081FF4FF0000B81460DF1C5
S31501018810180AD94541D16B48009643461022006892
S3150101882016A905F07BFF4FF00008834616AEC34536
S3150101883046D1654B9D42D8D101225F4B1A704FF04B
S3150101884081080026DFF894B1A4F50625A5F5506344
S315010188505B095BF8232004F01F01CA40D20746D405
S315010188605A4A52F82330CB40DB0732D58123002EF9
S3150101887008BF2646A5F6FF44B4FBF3F303EBC31386
S31501018880E41A04F50624B8F1010804F55064DBD1B4
S31501018890039B03B3FEB1344625E05AF8040BFFF7F7
S315010188A027FF013009D10022434B1A70424B1B7835
S315010188B0002BC4D16FF091000FE00BF1010BA8E77A
S315010188C056F8040BFFF734FF0130EFD008F1010828
S315010188D0ADE7039B23B96FF08B0027B0BDE8F08F9D
S315010188E0002E18BF3446329B00201C60F5E7309BF1
S315010188F013B10023309A1360319B13B10023319ACE
S3150101890013604FF0100ADFF8BC90CDF800A00023E8
S315010189103A462146D9F80000FEF70CFB002838D16A
S3150101892030993A682A4BE9B19A42C1F800A01CD0A4
S315010189302146D9F80000FEF7ABFC0028CBD1D7E9D7
S315010189400223DDE90410834208BF8A422AD081232A
S31501018950A5F6FF45B5FBF3F303EBC313ED1A05F5D5
S31501018960062490E79A42EAD0E2E7319B002BE6D052
S315010189702146D9F8000016AAFEF73AFB48B9319B00
S31501018980309A1B681268934294D39B1A319A1360E9
S31501018990D5E7104B9842CBD06328C9D00E4B9842EC
S315010189A0CDD087E7039B002B9DD07B68012B9AD104
S315010189B06FF0840091E700BF817A0020006D080005
S315010189C0816D08002C7C0020906D0800B8470020BD
S315010189D0105D175EFFDF00F0FEDF00F0CC470020DF
S315010189E070B5124D2B7803F0FF04CBB9E8F77CDEA5
S315010189F0012802D9E8F7A4DE04462B784BB90C48C5
S31501018A00436D43F0010343650A4B1B6898470123F4
S31501018A102B70E8F769DE012802D92046E8F7A6DEC0
S31501018A20BDE87040044B02481B681847827A002052
S31501018A30E04700208C7C0020847C0020034B1B78BE
S31501018A401BB1034B03481B6818477047827A002004
S31501018A50807C0020E04700202DE9F04F87B0824657
S31501018A60894698461646DDF840B02AB1002B57D003
S31501018A7040F26C739A4256D8BBF1010F56D80024C5
S31501018A8006F1100739460120059407F0CEFE054689
S31501018A9000284ED021463A46E8F7E6DDFFF7A0FF6A
S31501018AA005ABCDE9014300942B46012250464946C7
S31501018AB0FFF768FE044690B110F18C0F08BF6FF005
S31501018AC08D043A4600212846E8F7CEDD284607F00F
S31501018AD08EFEFFF7B3FF204607B0BDE8F08F164BB8
S31501018AE0C5E902A92B60C5F804B02EB1324641464B
S31501018AF005F110000BF0EBFF059E10483B462A4697
S31501018B0031460068FEF76AFB38B93046FFF7F0FDDA
S31501018B10013008BF6FF08604D3E76FF09104D0E707
S31501018B206FF08604D7E76FF09104D4E76FF08504FF
S31501018B30D1E76FF08C04CEE7105D175E2C7C002027
S31501018B402DE9F0478CB08146DDE914780C461646CD
S31501018B501D466BB1B8F1000F49D0002F47D0B7F1CF
S31501018B60005F44D3C3F1005303F500239F423ED86E
S31501018B704FF0000A1022002108A8E8F775DDCDE9BA
S31501018B8005AAFFF72DFF07AB029305AB019306ABD0
S31501018B90214600935246484608ABFFF7F3FD0446CA
S31501018BA0D0B9059B3DB1B3421CD853EA060504D0A1
S31501018BB06FF0860410E0B342FAD3069B0D48C8F85C
S31501018BC0005000953A46079900683344FEF7B2F919
S31501018BD0002818BF6FF09104FFF730FF20460CB053
S31501018BE0BDE8F0879B1B9D4228BF1D46E5E76FF057
S31501018BF08604F3E72C7C002070B500260C46054659
S31501018C008CB01022002108A8E8F72EDDCDE9056612
S31501018C10FFF7E6FE07AB029305AB019306AB2146CF
S31501018C2000933246284608ABFFF7ACFD044608BB64
S31501018C30099B012B23D0079D144B29461868FEF782
S31501018C4027FBF8B9A5F50623A3F55063812B05F09A
S31501018C501F020DD801210E485B09914050F82320CE
S31501018C604A4040F823202846FFF762FD013001D131
S31501018C706FF08604FFF7E2FE20460CB070BD6FF07F
S31501018C808404F7E76FF09104F4E700BF2C7C002020
S31501018C90CC4700202DE9F0410D4614461E46C4B0CD
S31501018CA010B96FF0860038E00029FAD0002AF8D011
S31501018CB0002BF6D0038803F44F42B2F5824F02D05E
S31501018CC06FF0850029E0DAB2122AF9D123F0FF0308
S31501018CD0B3F5E24F29D1438833600BBBE30033601F
S31501018CE0B3F5807FECD10023184648492E1921445A
S31501018CF011F8014D16F8012D1043121B0CBF4FF04F
S31501018D00FF340024B54203EA040343EA0203EFD127
S31501018D100028C6D0002BC4DA002044B0BDE8F0819A
S31501018D20DA1DB4EBD20FDBD0BBE7B3F5824F69D1C4
S31501018D300B78042BB5D12822002118A8E8F794DC79
S31501018D4018A8E8F773D8002859D100278422394693
S31501018D5023A82297E8F788DC0123202239466846B1
S31501018D608DF88830E8F780DC20224FF08808013C35
S31501018D703946013505940DEB0200E40004956408BA
S31501018D80E8F772DC22AD2022394610A80C95CDF800
S31501018D903480E8F769DCB4F5C07FCDE91458346055
S31501018DA08ED027D8E02C03D0B4F5807F7FF479AF3C
S31501018DB0174B0734009308934FF4005302934FF472
S31501018DC08043E4086A460A93640010AB08A918A80F
S31501018DD01194FFF78BF933680733DB085A0033B176
S31501018DE00021531E013B297005F10105FAD2002824
S31501018DF092D056E7B4F5047F3FF462AF51E76FF0C5
S31501018E0092008AE76FF0960087E700BF1B570201C0
S31501018E1020000080F8B5134642880C460732072A1E
S31501018E204FEAD20101D0A1426DD1D0E9016705888E
S31501018E30202218460021E8F717DC360A034626B137
S31501018E40012E11D06FF08B00F8BD002C5BD041F2E1
S31501018E500102954205D0B5F5885F02D0B5F5905F5F
S31501018E601BD15C600020EFE7C660002C4BD041F2BC
S31501018E70010295420BD15C60B90707F001021FD4CB
S31501018E80002AEFD19A6842F080729A60EAE7B5F555
S31501018E90885FF0D0B5F5905FEDD0B5F5105F0AD1D9
S31501018EA0182C03D0202C01D0102C2CD1C3E900445D
S31501018EB0002ED7D0E0E705F44F42B2F5824F02D03A
S31501018EC06FF08500C0E7EAB2122AF9D1202CF7D159
S31501018ED00E4A25F0FF05B5F5E24F1A600CD0B5F53E
S31501018EE0824F10D14FF4005217F4705F09D017F475
S31501018EF0864F04D09A60E3E74FF48042F4E742F4E7
S31501018F0080629A60D4E76FF086009DE720000080B9
S31501018F102DE9F041174600221C4643688CB01B0A15
S31501018F2080460D46009204D0012B53D06FF08B0081
S31501018F3086E0008820F0FF03B3F5824F15D1B8F81A
S31501018F4002200732D208009206F012FC002800F036
S31501018F50D1800B78042B05D1013FB7EB420F05F107
S31501018F60010503D06FF086006AE00097009E224654
S31501018F7031464046FFF74EFF002861D1FA1CC4E98C
S31501018F80030522F003026261002E00F09480202283
S31501018F90002101A8E8F768DB3146404601AAFFF73F
S31501018FA039FF002840F087802368019A9A4240F0F0
S31501018FB082806368029A9A427DD1A368039A9A4292
S31501018FC079D1A369079A9A4275D1E369089A9A42B6
S31501018FD036D070E0032FC5D90B78012B40F08D8077
S31501018FE0497800293ED0F73905299FD801A353F8BD
S31501018FF021F000BF519001010D9001012D8F010159
S31501019000479001012D8F01015B9001014FF410562B
S31501019010F8253B4F1C22002102A8E8F725DB032393
S315010190200197CDE90435039601AA09AD134603CB90
S31501019030AB42206061601A4604F10804F6D10020B2
S315010190400CB0BDE8F08110274FF08076FA25E1E7F3
S3150101905020274FF00076F725DCE74FF41056FC2563
S31501019060274FD7E72B2F7FF67DAF20222046E8F742
S31501019070FBDA05F110032361AB070DD001AB05F155
S3150101908028061A4628686968083503C2B542134697
S31501019090F7D1286801AD10606B68103F2360AB689A
S315010190A069466360EB682046A36001236761E3605B
S315010190B005F0E8FE28B1202200212046E8F7D4DA9E
S315010190C050E7B8F80030009E03F44F42B2F5824FE3
S315010190D00ED1DAB2122A0BD123F0FF03B3F5824F77
S315010190E006D1730062691C339A42BFF44DAFE2E7C0
S315010190F03346F7E76FF08500A2E76FF091009FE72E
S3150101910020000080038810B503F44F42B2F5824F67
S3150101911021F0FF0221F4FF71134C21F0010109D065
S31501019120A1421AD0114B9A4214BF6FF085006FF01C
S31501019130860010BDA142DBB20FD00C498A420CD088
S31501019140122B0DD14388B3F5807F09D1B2F1062FD8
S315010191500CBF00206FF08500EBE76FF08600E8E7B2
S315010191606FF08500E5E700BF000200060013000667
S31501019170184A20F4FF7323F0010393420ED0164BD4
S3150101918020F0FF029A4209D0144920F47F7323F09B
S3150101919003038B4202D0124B9A4217D110F0FF0002
S315010191A017D040F0007000F17E40053806280DD831
S315010191B0DFE800F0040C0C0E06080A0001207047D6
S315010191C0032070470420704705207047002070472F
S315010191D00220704700020006001300060004000683
S315010191E00009000638B501250A4C0B48E7F7BBDB38
S315010191F00B20E7F74FDD04F500535D6742201D673C
S3150101920000F09EF804F58054422007F078F800201A
S31501019210656738BD004010404457020108B5054B4A
S315010192201B6FDB0704D50122034B1A67AFF30080DD
S3150101923008BD00BF00401040006010400028ACBFCF
S3150101924000F16040064B4FEA0111C9B2ABBF00F50F
S31501019250614000F00F0080F800131954704700BFF8
S3150101926014ED00E0002807DB01234109034A00F060
S315010192701F00834042F82130704700BF00E100E042
S3150101928000280CDB01220649430900F01F00824038
S31501019290203341F82320BFF34F8FBFF36F8F704700
S315010192A000E100E0034672B6034A90689360BFF39A
S315010192B04F8F62B6704700BF00ED00E038B5E7F7A2
S315010192C0AFDE154B1C781CBB01221A70E7F7A3DE32
S315010192D0E7F79DDE114B054698682346104AC158AA
S315010192E00433B3F5D47F42F8041BF8D16A210C4843
S315010192F0FFF7D8FF2846E7F785DE6FF0040210462F
S315010193000132052152B2FFF799FF5A2AF7D138BD29
S31501019310BDE83840E7F77F9E837A002000ED00E043
S31501019320003A0020054B421153F8223000F01F008C
S3150101933023FA00F0C04300F00100704700E100E0AC
S31501019340002808DB01224309034900F01F0082407E
S31501019350603341F82320704700E100E073B5E7F778
S3150101936056DE0D4D0D4B2E781C68E7F74BDEE8F7FF
S3150101937072DA38B1FF2E05D00020297801AA04F04E
S3150101938082FE019C2CB9E7F742DE054B1C68E7F723
S3150101939039DE204602B070BDF87C002070480020FD
S315010193A07448002010B50446E7F731DE024B1C6014
S315010193B0E7F728DE002010BD7448002013B500230D
S315010193C001241A4619461846009403F093F800231E
S315010193D000941A461946184603F0BEF80248FFF7EB
S315010193E0E1FF002002B010BD487C002007B56846A8
S315010193F000F030F8DDE900010022034B03B05DF80E
S3150101940004EB07F043BC00BF7848002007B5009381
S3150101941013460A460146034806F0F7FF03B05DF815
S3150101942004FB00BF7848002013460A46014601485D
S3150101943007F0DAB87848002007B5009313460A46C3
S315010194400146034807F0D5F903B05DF804FB00BFF7
S31501019450784800200249034A0160521A4260704766
S31501019460E086002000000820004870477848002067
S3150101947008B50BF07AF9034B1868BDE80840E8F71F
S31501019480EC9900BFA048002030B5094D8BB001AC65
S315010194900FCD0FC40FCD0FC42B68002101AA0548BA
S315010194A02360E8F785D9044B18600BB030BD00BFC6
S315010194B05057020171940101A0480020036810B4BC
S315010194C0596A846E9A68C1F5977193682144034A72
S315010194D05DF8044B5C30E7F7419800BF0C000020B2
S315010194E0B1F5067F13B504462AD31020E7F7B3D8A1
S315010194F018B96FF0020002B010BD236840F20C41A9
S315010195001A6802F07F02E7F7BFD80028F1D0E7F722
S315010195108FDEA061B8B1214613220C4B04F118006C
S31501019520636051F8303B00921B689022E7F734D80B
S31501019530074B002063610123C4E90300A360DAE755
S315010195406FF02200D7E76FF00100D4E70859020155
S3150101955055950101F8B5C36804460F4600F1180691
S3150101956043B94368416ADB6830463A4A43F480634A
S31501019570E6F7F4DFA36A9B052AD4224652F8C01BFB
S31501019580E368C8680969302834BF082010204D1ED8
S315010195901D404D1B0130854238BF6D182A44D90043
S315010195A002F8011C05F1BF025B09224404F1C10164
S315010195B091424AD18023616A84F8C03063682A46A0
S315010195C0DB6830469831E6F7C9DF23692B4423610D
S315010195D022693846D31C23F003039B1A226A52F8E7
S315010195E0041C41EA032142F8041C52F8081C0B44ED
S315010195F043F0005342F8083C2368D968CD1CE7F7CC
S3150101960099DE23680146DA683046E6F7B1DF236859
S3150101961025F00305DA68AA4206D0AA1A00213046C6
S3150101962042F08042E6F7A4DFA16A11F4806110D10C
S3150101963023685A69DB689A420BD0D21A3046BDE8D3
S31501019640F84042F08042E6F7939F02F8013D1B0A7A
S31501019650AEE7F8BD04000020014B0360FFF740BFF0
S31501019660A8580201014B0360FFF73ABF885802016E
S31501019670014B0360FFF734BF68580201014B0360D8
S31501019680FFF72EBFE8580201014B0360FFF728BF20
S31501019690C85802012DE9F041324F3B7883B1324876
S315010196A0E7F761D93148E7F75ED907F04AFC2E4859
S315010196B0E7F75CD92D48E7F759D90020BDE8F081D4
S315010196C0E8F712D80128064614D9E8F739D8051E54
S315010196D046DB3B78002B3CD14FF05008244C04EB80
S315010196E00800A465C4F85C80E8F7D1D8206638B9CA
S315010196F00120E3E73B7803F0FF05002BCFD1EBE730
S315010197001C4C04F15000C4E91648E8F7C0D820669C
S315010197100028EDD004F1640304F1B400C4E92F3843
S31501019720E8F7B5D8C4F8C4000028E1D00021124CED
S31501019730012004F110032246C4E90011C4E90238EB
S31501019740E8F755D920660028D2D001239E423B7005
S31501019750A5D92846E8F70AD80028A0DA0220ADE7FC
S315010197600D20ABE7847A00203C57020140570201E4
S315010197700C49002070490020A8480020002307B5A4
S315010197800193054B1B68E8F757DB019B002BFCD0C6
S3150101979003B05DF804FB00BF747C0020EFF3058381
S315010197A00F2B84BF034A9B5C4FF0E023D3F80C3D9A
S315010197B0704700BFF0E300E030B5074C2568246827
S315010197C06A40D2B2891A101A090A41EA1021634084
S315010197D023EA0100C0B230BDDC550020044B1B68F1
S315010197E0584043085B4240421843C017704700BFC7
S315010197F0DC550020054B01311B680132434022EA49
S31501019800030208400243501E00B27047DC55002096
S315010198102DE9F04F834699B00F46184600211646A9
S31501019820049308F007F8002800F087810024012538
S31501019830774B30461493049915ABCDE90B45CDE928
S315010198400D45CDE90F45CDE91145139307F07BFF91
S31501019850A04228DABBF1000F05D1E7B90024204661
S3150101986019B0BDE8F08F2146584607F0E1FE0446DE
S315010198700028F2D00BA807F030FE0DA807F02DFE47
S315010198800FA807F02AFE11A807F027FE0C2115A83B
S3150101989001F0B0FAE3E73146384607F094FE044693
S315010198A00028E7D1DAE731460BA807F08CFE04461A
S315010198B00028DFD104990DA807F085FE044600288A
S315010198C0D8D1F1880FA80231ADF83850ADF8305032
S315010198D007F011FE04460028CCD101460FA807F076
S315010198E0A7FE04460028C5D1F18811A8023107F067
S315010198F002FE04460028BDD10DA807F0D8FE00F0EE
S315010199001F001F2873D0C0F11F0319460BA801932D
S3150101991007F0F3FE04460028ACD101990DA807F022
S31501019920ECFE04460028A5D1BDF83250BDF83A80B7
S315010199300DA8A5EB080A4FEA4A19494607F0DDFECB
S315010199400446002896D14FEA8A0A0DA90BA807F009
S3150101995029FF00284DDA49460DA807F0EBFE04461A
S31501019960002887D108F1FF3302939B0005F1FF3AE5
S31501019970069305F1804508F18043023B013D9B00B9
S31501019980A5EB08050993AB000393029B9A4541D8C0
S31501019990BBF1000F0DD058460FA907F014FE0028A0
S315010199A040F0C780049AB388928813FB02F3ABF89F
S315010199B00430002F3FF45EAF01990BA807F0BAFE00
S315010199C0002840F0B680B3880BA93846ADF830308F
S315010199D007F0F9FD0146002840F0AD80384607F051
S315010199E029FF00287FF446AF0123BB8042E701949A
S315010199F09AE70F9A0BA952F80A300846013342F841
S31501019A000A300DAA07F0FBFF044600289DD031E775
S31501019A10010003000D9B069A05931344DDF82C9072
S31501019A200893059B4FEA8A089A5859F82A10A8F112
S31501019A3004030F9D0793039B91421D4474D207981A
S31501019A40002359F80000E7F77FDC002914BF4FF026
S31501019A50FF330346BAF1010F2B600EBF002309EB59
S31501019A60080353F8083C099A1593079B59F80330E3
S31501019A70169359F8083017932B6801332B60059B10
S31501019A80134498462B680021013B2B6011A807F06E
S31501019A90CFFD00284DD1029B002B48D0D8F80020DC
S31501019AA0119B11A91A60089A084612685A602A6818
S31501019AB008F02DF800283CD113A911A807F072FE70
S31501019AC00028DFDC2A680DA911A808F020F880BB5F
S31501019AD0039B11A84FEAC308414607F00EFE40BB9E
S31501019AE00BA9084611AA07F08AFF014618BB0BA864
S31501019AF007F0A0FE002812DA0DA911A807F063FDEF
S31501019B00B8B9414611A807F0F8FD90B90BA9084665
S31501019B1011AA07F071FF60B92B68013B2B60039B0A
S31501019B200AF1FF3A043B2FE74FF0FF3392E7029A1E
S31501019B30B6E704469EE60C469CE66FF00B048EE6FC
S31501019B40044B1B68584043085B4240421843C01707
S31501019B50704700BFDC55002010B50B4C2268236805
S31501019B604240594081EA0200C00FFFF7E9FF23682D
S31501019B70521A434022EA030208401043C00FBDE8CE
S31501019B801040FFF7DDBF00BFDC550020F8B50D46DB
S31501019B90014628681746FFF7DFFF0124C143074B3A
S31501019BA01E68BC4202D346EA0100F8BD55F82400FD
S31501019BB0FFF7C6FF01340643F3E700BFDC5500207A
S31501019BC02DE9F04707460F4B88461E6819681D683F
S31501019BD0541E631C02D13046BDE8F08758F824A013
S31501019BE057F8249050464946FFF7B6FF51460543BB
S31501019BF04846FFF7B1FF20EA05031E430543013C31
S31501019C00E7E700BFDC5500208842F0B504D0002506
S31501019C10084F0438AA4200D1F0BD3E6850F8044FFE
S31501019C205E4024EA060451F8256001351E4034439D
S31501019C300460EFE7DC5500202DE9F04F1C4685B0A5
S31501019C40DFF884900391064621461046D9F8003083
S31501019C50D9F8003008F0ABF9C51D272D90468CBF08
S31501019C604FF01E0A4FF0FA0AEB0825F00705029399
S31501019C702D1A0F9B2146009330460E9B029A08F03E
S31501019C8093FB0746C0B92A462146304608F008FA31
S31501019C90BAF1010A14D0224631460398FFF776FF3D
S31501019CA02246834641463046FFF78AFFD9F800200E
S31501019CB00BEA00039A42DCD0384605B0BDE8F08FC5
S31501019CC06FF00D07F8E700BFDC55002070B50C46B3
S31501019CD00646114620461A4607F0ADFE0546A0B9CD
S31501019CE0B36C33B921462046321DBDE8704007F0F9
S31501019CF03FBFB4F90430002B09DB204607F0D7FC3E
S31501019D00F36BB0EB430F09D9184D284670BD0146D7
S31501019D10204607F08FFD0028EFD0F5E72046B36C0A
S31501019D20984705460028F0D10436B4F90430002BD2
S31501019D3004DA0021204607F07DFD68B93146204647
S31501019D4007F030FD0028E0DB32462146204607F0C8
S31501019D50D1FD0028F2D006E032462146204607F021
S31501019D604BFE0028E1D00546CFE700BF80B0FFFFDB
S31501019D70F0B514461F46054685B002A80E4607F002
S31501019D80A7FB2346022100972A1D02A807F09EFF81
S31501019D90044648BB06F110021146284602ABFFF7FD
S31501019DA095FF044600BB06F108073A46394628469F
S31501019DB002ABFFF78BFF0446B0B902AB1A4619464F
S31501019DC02846FFF783FF044670B9324631462846D5
S31501019DD002ABFFF77BFF044630B93A4639462846BE
S31501019DE002ABFFF773FF044602A807F076FB0348AF
S31501019DF014F10E0F18BF204605B0F0BD00B3FFFFE9
S31501019E000246044803780BB9184670479342FCD0C1
S31501019E100C30F7E7345902012DE9F14F9A461B69D6
S31501019E2004460E4691460A9D1BB9724801B0BDE82A
S31501019E30F08F02F110070021384607F0FBFC30B91B
S31501019E405146304601B0BDE8F04F08F091BD0AF127
S31501019E5010080021404607F0EDFC08B94946F0E734
S31501019E600121404607F0E6FC0028DED13B463A4691
S31501019E7029462046FFF72AFF0028D7D105F1080810
S31501019E803B462A4641462046FFF720FF0028CDD111
S31501019E9053462A4629462046FFF718FF0028C5D111
S31501019EA04246414620460AF10803FFF70FFF002803
S31501019EB0BCD14B462A462946204608F04CFB0028D0
S31501019EC0B4D109F1080B5B4642464146204608F0EA
S31501019ED042FB0028AAD10021284607F0ABFC014626
S31501019EE090B9404607F0A6FC40B92B464A46314691
S31501019EF0204601B0BDE8F04F08F0AABB304601B0DB
S31501019F00BDE8F04F08F04ABD2B463A46204606F118
S31501019F101001FFF7DBFE002888D105F110072B465A
S31501019F202A4639462046FFF7D1FE00287FF47EAF47
S31501019F3005F1180A2B463A4651462046FFF7C6FE59
S31501019F4000287FF473AF4B463A4639462046FFF760
S31501019F50BDFE00287FF46AAF3946284607F033FB78
S31501019F6000287FF463AF2946204608F062FB0028EA
S31501019F707FF45CAF4346424631462046FFF7A6FED3
S31501019F8000287FF453AF2B4632463146204608F06E
S31501019F90E2FA00287FF44AAF53463246314620465B
S31501019FA008F0D9FA00287FF441AF33463A463946DB
S31501019FB0204608F0D0FA00287FF438AF43463A46E6
S31501019FC039462046FFF782FE00287FF42FAF5B4614
S31501019FD0524651462046FFF779FE00287FF426AF07
S31501019FE053463A46204606F1080101B0BDE8F04F55
S31501019FF008F0B1BA80B0FFFF2DE9F047012A824688
S3150101A000DDE908490E4690461F4644D8043007F05B
S3150101A01052FB0546504608F021FC012882463CD1F7
S3150101A020002106F1100007F005FC48B9B9F1000F4E
S3150101A03002D11B48BDE8F0872070C7F800A0F9E7F7
S3150101A040B8F1000F17D16B0001334B453B60F0D8D6
S3150101A050214604232A46304601F8013B07F047FB16
S3150101A0600028E7D12A46691C214406F10800BDE80A
S3150101A070F04707F03CBB6B1C4B453B60D9D800212F
S3150101A08006F1080007F0F0FA2146023001F8010B4A
S3150101A0902A463046EBE70348CCE70348CAE700BF47
S3150101A0A000B1FFFF80B0FFFF80B1FFFF2DE9F8434B
S3150101A0B080460C4615461F4613B91D48BDE8F8836F
S3150101A0C0043007F0F8FA0646404608F0C7FB0128B6
S3150101A0D081462AD12B7833B9012FEED12046BDE82D
S3150101A0E0F84308F05BBC06F10108B845E5D83246EC
S3150101A0F02046691C07F0E5FA0028DFD1494604F13B
S3150101A100100007F095FA0028D8D12B78042BD4D169
S3150101A11073000133BB42D0D1324605EB080104F18C
S3150101A1200800BDE8F84307F0CCBA0248C6E700BF0C
S3150101A13080B0FFFF80B1FFFF2DE9FF410E460546C5
S3150101A140012106F1100007F075FB044650B92846B6
S3150101A15008F084FB01287AD12146304607F06AFBD3
S3150101A160002801DA3B4C6EE006F10808214640461B
S3150101A17007F060FB0028F5DB2F1D3946304607F055
S3150101A18011FB0028EEDA3946404607F00BFB0028A1
S3150101A190E8DA684607F09CF902A807F099F94346FF
S3150101A1A0424669462846FFF791FD0446002844D1F7
S3150101A1B033463246284602A9FFF788FD04460028A0
S3150101A1C03BD1EB687BBB02A90322084607F01BFCC6
S3150101A1D0044690BBBDF90C30002B04DA002102A81C
S3150101A1E007F028FBC8B902AA334611462846FFF7EC
S3150101A1F06DFD044608BB02AA1146284605F1140362
S3150101A20008F08DF90446C0B9684602A907F0CAFAF1
S3150101A210104B041E18BF1C460FE002A93A46084618
S3150101A22007F0EAFBD4E702AA1146284605F10C0319
S3150101A23008F075F904460028D5D0684607F04DF9AE
S3150101A24002A807F04AF9204604B0BDE8F081024CA4
S3150101A250F9E700BF80B3FFFF80B0FFFF38B50546C0
S3150101A26008F0FCFA01280C4601460DD1204607F0FB
S3150101A270E1FA002806DB204605F1340107F092FADE
S3150101A280002803DB024838BD0248FCE70020FAE753
S3150101A29080B3FFFF80B0FFFF2DE9F04F0F46B5B048
S3150101A2A0114606469A460292FFF7D8FF0446002850
S3150101A2B040F09F8151463046FFF73EFF0446002894
S3150101A2C040F09781304608F0C9FA012840F09A8199
S3150101A2D0336C1821013302204FEA530906F0A5FA1E
S3150101A2E00546002800F08C8105F1180808F0BFFA2F
S3150101A2F0404608F0BCFA0DF14C0B0BEB0400083497
S3150101A30007F0E6F8202CF8D15146284608F030FB33
S3150101A310044698BB8246D1451ED14146304608F0D6
S3150101A32083F8044650BB43462A4641463046CDF89A
S3150101A33000B0FFF771FD044600BB4146304608F007
S3150101A34073F80446D0B905F1100007F0C6F805F116
S3150101A350280007F0C2F811E0BAFBF9F1012318222E
S3150101A3608B4009FB11A1DBB202FB0352F9B1114684
S3150101A370304613AB08F06CF9044638B34FF0000AC6
S3150101A3800BEB0A000AF1080A07F0A7F8BAF1200F48
S3150101A390F6D1F4B1B36D9D422DD0284608F0A4FA49
S3150101A3A0404608F0A1FA284606F021FA23E003F017
S3150101A3B0FE0101EB5301104605EBC101039208F0C1
S3150101A3C0D7FA039A04460028D1D0D7E70AF1010A40
S3150101A3D0A1E705A807F07CF806F1340B0BA807F0F5
S3150101A3E077F82146584607F03FF9012811D0B36D98
S3150101A3F09D4204D1844C384608F076FAF9E02846A4
S3150101A40008F072FA404608F06FFA284606F0EFF9AD
S3150101A410F0E72146029807F027F90299824605A835
S3150101A42007F0D1F8044630B10BA807F056F805A894
S3150101A43007F053F8AEE75946029A0BA807F0DFFA7F
S3150101A44004460028F0D1BAFA8AFA4FEA5A1A524654
S3150101A4500BA905A807F073F804460028E4D10146C3
S3150101A46009F1010213A8E7F7FFD813AB1A46A34670
S3150101A470D94502925DD0594605A8039307F0F4F830
S3150101A480029A09EB0B0114780BF1010B044305A8A0
S3150101A49007F0EAF8E4B2029A44EA4004039B02F89F
S3150101A4A0014BE5E75C781A7884EA010E6FEA0E0042
S3150101A4B000F0010012FB00F20C4002EA0E0182EAF1
S3150101A4C00E0203F8012F13F8012C214342EAC012AF
S3150101A4D003F8012C0CF1010CE345E3D20BA806F0BC
S3150101A4E0FCFF05A806F0F9FF05A808F0C0F900244C
S3150101A4F00BAB1819083406F0EBFF202CF8D10BF140
S3150101A500D0036B442A463946304613F8843C08F099
S3150101A5104FF80446002831D13E9B002B6DD0DDE971
S3150101A5203E2339463046FFF723FC002865D0044611
S3150101A53024E000214FF0010CCEE74B463A4639465D
S3150101A54030460BF1FF3B08F083F80028EFD113AB3E
S3150101A5502A46304613F80B3005A908F029F80028D8
S3150101A560E5D13A4639463046CDF8009005ABFFF7BD
S3150101A57053FC0028DBD1BBF1000FDED105A808F0A1
S3150101A58009F84FF000090BAB03EB090009F10809C2
S3150101A59006F0A3FFB9F1200FF5D1002C7FF4FAAE35
S3150101A5A052463946304607F083FF044600287FF4B8
S3150101A5B0F1AE3E9B4BB1DDE93E2339463046FFF70D
S3150101A5C0D7FB044600287FF4E5AE3946304607F04D
S3150101A5D02BFFB36D04469D4208D0284608F084F945
S3150101A5E0404608F081F9284606F001F9002C7FF46E
S3150101A5F002AF204635B0BDE8F08F0DF12C09BAE75F
S3150101A600024CF8E6004CF4E780B0FFFF80B2FFFF91
S3150101A61030B4DDE9024524B1CDE9024530BCFFF78D
S3150101A6203BBE014830BC704780B0FFFF73B505469C
S3150101A6301E4608F013F901280C4601460ED11346B0
S3150101A6402046009605F1340207F040FB044B10F158
S3150101A6500E0F18BF0346184602B070BD014BFAE74B
S3150101A66000B3FFFF80B0FFFF2DE9F0410D46014622
S3150101A67028461746984600F047F80446B0B92846D9
S3150101A68008F0ECF8012805F1600612D14246394677
S3150101A690304607F016F8044628B931462846FFF731
S3150101A6A0DDFD044610B1304606F017FF2046BDE830
S3150101A6B0F081014CF7E700BF80B1FFFF70B5066C71
S3150101A6C00D460736B3EBD60F114604464FEAD602BD
S3150101A6D003D200230A482B6070BDB0F866302A60A8
S3150101A6E04BB108F0BBF8012807D104F16000BDE8C0
S3150101A6F0704006F0FCBF0348EEE76FF06D00EBE733
S3150101A70000B1FFFF80B0FFFF38B504460D4608F0E2
S3150101A710EFF8204608F0B9F8032D257023D1144B23
S3150101A720144AA360A361A3632362A362124B62600D
S3150101A73063624FF00113114A23636261104A114B9F
S3150101A7406263114AE362E261201D06F0B0FFE06334
S3150101A75004F1340006F0ABFF206400200123C4E9B3
S3150101A7601600636438BD002308482370FAE700BF69
S3150101A77001000800CC5902016C590201AC590201D0
S3150101A7804C590201EC5902018C59020180B1FFFFBA
S3150101A7900538C0B206289ABF024B53F820000020A3
S3150101A7A0704700BFF05902010023F0B5044603606A
S3150101A7B00A276FF067000C4E0B68934203D21D788E
S3150101A7C0303D092D00D9F0BD2568B54209D87D4333
S3150101A7D0256013F8010B28443038206000200B60F6
S3150101A7E0EAE76FF06700EEE79999991970B5094C97
S3150101A7F0256815B96FF02D0009E0667C864207D1FF
S3150101A800267C8E4204D10020156062681A6070BDF3
S3150101A8101434EDE72863020130B5084B1C6814B9FD
S3150101A8206FF02D0006E01D7C854204D100205B6896
S3150101A8300C60136030BD1433F0E700BFD86202012A
S3150101A84030B5084B1C6814B96FF02D0006E01D7C6C
S3150101A850854204D100205B680C60136030BD14335E
S3150101A860F0E700BFB06202012DE9F04F0F4600216A
S3150101A870054687B00846009390469B46134605AAAE
S3150101A880109E06F09EFD28460AF0AAF904463846AE
S3150101A8900AF0A6F9059902290A4638BF02224B1C7C
S3150101A8A0023A03EB921323441844119B984207D9A8
S3150101A8B06FF02908129B1860404607B0BDE8F08F7A
S3150101A8C039B1012005F0B1FF044618B9DFF8A080BE
S3150101A8D0F2E70C46434620460599CDF800B005AA94
S3150101A8E006F06FFD804618B1204605F080FFE3E7CB
S3150101A8F028460AF075F92946024630460AF0E7F874
S3150101A90028460AF06DF9A1464FF00A0A3518DDF815
S3150101A91014B0BBF1000F18D138460AF061F9394676
S3150101A920024628460AF0D3F838460AF059F9024692
S3150101A9302B18581C129B05F802B0821B1A60119B39
S3150101A94059469A1AE6F790DECEE75A46402A28BFBB
S3150101A95040224946284603920AF0B9F8039AABEB1D
S3150101A960020015440590914405F801ABCFE700BFFC
S3150101A97080EEFFFFF0B5054687B00E46182200218D
S3150101A9806846E6F771DE1DB9114C204607B0F0BDE8
S3150101A9902B68002BF8D16946304608F0B5FC044610
S3150101A9A00028F1D1BDF80070684608F0F0FF27F0E4
S3150101A9B0FF03B3F5E24F07D047F201039F4205D1E9
S3150101A9C0044B2B60AE60E0E7034BFAE7034CDCE78F
S3150101A9D080C1FFFFB8630201E863020180C6FFFF80
S3150101A9E02DE9F74F1646DDE90C89DDE90EAB044683
S3150101A9F00D46109AE1B92BB9036803BB164803B09A
S3150101AA00BDE8F08F002EF9D001680029F6D0216842
S3150101AA104F69FFB1CDE90FB2294632462046BC4600
S3150101AA20CDE90D9ACDF8308003B0BDE8F04F60470E
S3150101AA30002EE3D001680029E0D0002BE7D128469A
S3150101AA400192FFF7A5FE08F00BF8019A03460028CB
S3150101AA50DDD1D3E70148D2E780C1FFFF00C1FFFF86
S3150101AA600048704780C6FFFF2DE9F04F04468BB0C1
S3150101AA700E46DDE9149A0021174604A818229846C4
S3150101AA80169DE6F7F1DD204604A908F03DFC38B133
S3150101AA900722194B194909F0A3FB0BB0BDE8F08F49
S3150101AAA004A8BDF812B008F072FF46F0C061434632
S3150101AAB03A462046CDE901A5CDF8009041F4E06181
S3150101AAC008F0F8FD034670B18533E1D143463A46B4
S3150101AAD02046CDE901A5CDF8009046F0062108F002
S3150101AAE0E9FD0028D4D1CDE900A54B464946584692
S3150101AAF02A6809F09BFBD0E7A9BD01012464020183
S3150101AB002DE9F0431E469BB00746884614460021AF
S3150101AB10182204A8E6F7A8DD0023F51DED08029326
S3150101AB206D0024B92A4C20461BB0BDE8F0834FF0D5
S3150101AB3006294FF4005144F4824404A8ADF81040AB
S3150101AB4008F07BF84246394602ABCDF81C9008F075
S3150101AB505FFC48B101F028F90546029800F04AFC6C
S3150101AB6004463DB32C46DEE7402D03D9029800F099
S3150101AB7041FCD7E703AB01934023DDE924120AAF78
S3150101AB80009330463B4609F0A3FB0446029814B1F3
S3150101AB9000F030FCC7E7039BAB42E8D1CDE9007376
S3150101ABA0DDE92223494608F0C8FD50B9029800F0B3
S3150101ABB021FC0446002CB6D0204601F0F5F80446E6
S3150101ABC0B1E70722034B044909F00AFBC4E700BFB9
S3150101ABD080C1FFFFA9BD0101246402012DE9F041F4
S3150101ABE005469CB00021164605A818221F46E6F720
S3150101ABF03BDDA86805A908F087FB38B10722144B8C
S3150101AC00144909F0EDFA1CB0BDE8F081BDF8144014
S3150101AC1005A804F44F43B3F5824F18BF0024BDF8CC
S3150101AC20168008F0B4FE4122A86804AB0BA908F00E
S3150101AC30C4FB0028E2D1239B04990393229B00962E
S3150101AC40CDE90173E2B243460BA8FFF759FFDAE7F3
S3150101AC50A9BD01012464020170B500230646084617
S3150101AC60BEB0CDE903334122806803AB05A908F0E3
S3150101AC70A4FB044618B101F097F83EB070BD16ADBC
S3150101AC80A0223146284609F022FF284607F0D0FFC7
S3150101AC900238314602284FF0A002284698BF179C78
S3150101ACA009F015FF284607F0C3FF0238022888BFBD
S3150101ACB000214FF0410398BF1799CDE900530022B6
S3150101ACC0204604AB6831FFF797F90028D5D1DDE9B4
S3150101ACD003239A4208D1294605A809F0EAFF034B45
S3150101ACE0002818BF1846C8E70048C6E780C1FFFF1C
S3150101ACF02DE9F04190460027ACB004ADA0220646ED
S3150101AD000C4628464146039709F0E1FE284607F01D
S3150101AD108FFF02380228404698BF059F07F088FF3A
S3150101AD20072811D141222946D8F8080003AB08F0BA
S3150101AD3044FB00BB3068039A041B944214D26FF0A2
S3150101AD406B002CB0BDE8F08141230022CDE900530F
S3150101AD50384603AB07F16801FFF74EF90028F0D138
S3150101AD603068A042E7D2EAE7801A2946306009F045
S3150101AD70AEFE0398E5E70148E3E700BF80C1FFFFA7
S3150101AD8073B5054610460C46164607F051FF0228D3
S3150101AD9009D1324621462846FFF7AAFF00280DDBD5
S3150101ADA0034618460AE0304607F042FF07281BD141
S3150101ADB000232A680193944202D90C4802B070BD5E
S3150101ADC02146B06801AB121B08F0F7FA0028F4D14D
S3150101ADD02868019A2146801A286009F07AFF019BA9
S3150101ADE0002B1846DDDAE9E70148E7E780C1FFFFF5
S3150101ADF080C6FFFF10B50A46044619B1024B002170
S3150101AE001B68984710BD00BF7C7C0020F8B50D4E2C
S3150101AE100D4C0E4D33680E48984767782B680C48E0
S3150101AE20984733680B489847022F08D12478E31FC6
S3150101AE305C425C412B68074898472046F8BD0024CF
S3150101AE40F8E700BF847C0020E0550020807C0020CB
S3150101AE50E0560020445700200E4B0340B3F1607FBA
S3150101AE6006D1B1F5885F14BF6FF0860000207047E7
S3150101AE70B3F1707F0BD101F4E043B3F5005F06D165
S3150101AE8011F4E06F0CBF6FF08600002070476FF080
S3150101AE90860070470000C07F8A42F8B507460C4616
S3150101AEA000F019818F4922F4FF7323F001038B42CC
S3150101AEB00ED08D4B22F0FF01994209D08B4822F425
S3150101AEC07F7323F00303834202D0894B994228D130
S3150101AED0884B24F0FF0199420FD114F0FF000BD0EA
S3150101AEE0854B40F00070984240F0F78082EA0400F9
S3150101AEF0FF288CBF00200120F8BD7B4B9942ECD085
S3150101AF00A3F588539942E8D024F4FF7323F0010392
S3150101AF10B3F1062FE1D076488142DED073498B42E7
S3150101AF20DBD004F0FE43B3F1A06F14D102F0FE436E
S3150101AF30B3F1A06F40F0D18082EA040333F47E13AA
S3150101AF4040F0CB8014F40040D6D0C4F30540C2F3DF
S3150101AF5005429042CDE7B3F1407F40F0A88002F06F
S3150101AF60FE43B3F1407F40F0B88082EA040535F42F
S3150101AF707E1540F0B28039462046FFF76DFF002865
S3150101AF8040F0AB805D4B12F47C1603EA020319D043
S3150101AF90B3F1607FC2F3054679D15949D3B243F082
S3150101AFA000738B4277D003F17E43043B0F2B5CD8B0
S3150101AFB0DFE803F05A5A5B716567696B65675B5B2D
S3150101AFC06567696BB3F1607F34D14D49D3B243F003
S3150101AFD000738B4244D003F17E43043B0F2BDCD833
S3150101AFE001A151F823F000BF65B0010165B001016E
S3150101AFF09BAF010161B00101DFB0010129B001017E
S3150101B0002DB0010131B00101DFB0010129B001010A
S3150101B0109BAF01019BAF0101DFB0010129B0010124
S3150101B0202DB0010131B001012026B6E73026B4E782
S3150101B0304026B2E7B3F1707F17D107F4E043B3F5C8
S3150101B040005F03D10126C7F302239E4007F4E043C3
S3150101B050B3F5005F09D10125C7F302218D4004E053
S3150101B06010269AE7142698E7142514F47C1FC4F3D5
S3150101B070054312D1B54214BF002001203CE71C252E
S3150101B080F3E72025F1E73025EFE74025EDE7B3F1B9
S3150101B090707FEAD1DAE71025E7E712F47C1F01D1C7
S3150101B0A0AB4218D022047FF527AFB34221E7B3F1B2
S3150101B0B0106F12D124F01F6020F4702068B902F0DC
S3150101B0C0FE43B3F1106F7FF417AF0E48104040F005
S3150101B0D01060A042CFE701200EE700200CE71C26F5
S3150101B0E05BE700BF0002000600130006000400062C
S3150101B0F00009000600030006FF0000020000C07FF0
S3150101B100030000020000FFF637B505460C46FFF7BE
S3150101B1107DFE78B10023224601932946074801ABFA
S3150101B12004F00AFB20B9019BA34218BF6FF09300FB
S3150101B13003B030BD6FF08800FAE700BFE455002087
S3150101B14021F4FF7210B521F0FF031A4C22F001021E
S3150101B150F8B121F4BF6020F00700A04212D01648D1
S3150101B16083420FD0A0F5206083420BD0134B9A4244
S3150101B17008D003F58063994208BF002018BF6FF01C
S3150101B180860005E0C9B2002914BF00206FF08600D0
S3150101B19010BDA242FCD0084A9342F9D021F47F7135
S3150101B1A021F00301A2F570629142F1D002F5A0628C
S3150101B1B09342E3E7000200060013000600040006BD
S3150101B1C02DE9F843884617461C4600F0BBFC0546A7
S3150101B1D088BBD8F80060B6F8009009F4E043B3F5EE
S3150101B1E0804FB36808BF27F0010737EA03031AD175
S3150101B1F00CB3254B24F0FF029A421FD114F0FF0331
S3150101B20004D0224A43F00073934232D02246484683
S3150101B210F168FFF741FE074668B92246484631699A
S3150101B220FFF73AFE70BB6FF0840500233046C8F87C
S3150101B230003000F003FD2846BDE8F883144B9A421D
S3150101B240DCD0A3F588539A42D8D024F4FF7323F0B6
S3150101B2500103B3F1062FD1D00E498A42CED00E4A4F
S3150101B2609342CBD004F0FE43B3F1407F04D12304D2
S3150101B270CCD56FF08605D8E7B3F1A06FF7D0034BB4
S3150101B2809C42C2E73D46D6E700030006FF000002E5
S3150101B290001300060009000600040006154B70B5EF
S3150101B2A01B68054614480E46984718B16FF08F047E
S3150101B2B0204670BD2B794BB96B69002433602B7E17
S3150101B2C0012B14D034606FF0960407E02846D5E9C6
S3150101B2D0081208F055FE04460028EDD0074B064832
S3150101B2E01B6898470028E3D0002CE1D1DEE7022351
S3150101B2F02B76F3E7847C0020A8570020807C002070
S3150101B30000232DE9F3414768D0F8148005460E461E
S3150101B31038461146136008F0ECFD044688B93846F3
S3150101B32008F0E9FD044660B9FFB277B9B8F1000F3B
S3150101B33005D1AB6823F47F4323F0030363B16FF0B7
S3150101B3408604204602B0BDE8F0810146686908F02D
S3150101B350AAFD0028EDD1F2E74FF6F8736A889A4201
S3150101B36027D8154B15481B682F79984710B16FF0EF
S3150101B3708F04E6E707B901A8314600F0A3FB104B9C
S3150101B38004461B680D48984710B1002CD9D1EEE748
S3150101B390002CD6D10FCDD6F800C066460FC695E86A
S3150101B3A0030086E80300002FCBD1019BCCF81430B2
S3150101B3B0C7E76FF08504C4E7847C0020A857002005
S3150101B3C0807C002010B5044660B1074B07481B6815
S3150101B3D09847204607F07BFFBDE81040044B034820
S3150101B3E01B68184710BD00BF847C0020A8570020A8
S3150101B3F0807C002037B50446C0B101A900F0A2FB4B
S3150101B400044698B91C4B1D481B6898471C4D08BB3F
S3150101B4100198037E032B11D108F056FD2B680446D2
S3150101B4201648984728B10CB96FF08F04204603B02E
S3150101B43030BD002C08BF6FF08704F7E7022B15D149
S3150101B440032303760379FF2B13D01BB1406908F05F
S3150101B4507CFD0446019808F037FD2B68002818BFCA
S3150101B4600446064898470028E0D0DCE76FF09604C9
S3150101B470F0E76FF08404EDE7847C0020A8570020F3
S3150101B480807C002047F2010102888A4210D11049CD
S3150101B49023F4FF7222F001028A4215D00D4A23F0EC
S3150101B4A0FF03934214BF6FF086006FF0850070476A
S3150101B4B002F44F42B2F5824F06D123F4FF7323F012
S3150101B4C00103B3F1062FEDE76FF08500704700BF69
S3150101B4D000020006001300062DE9F04117461C463D
S3150101B4E01F4A23F4FF7323F00103934205460E46D7
S3150101B4F098B00ED01B4B24F0FF029A4209D01A498B
S3150101B50024F47F7323F003038B4202D0174B9A4233
S3150101B51022D1DDE91E1207AB0193402314F0FF008E
S3150101B5200DF1200818BF40F000700093434607F063
S3150101B530C8FC70B9229B3A460493219B3146039379
S3150101B540209B28460293079BCDE90083234607F0FA
S3150101B550E5FF18B0BDE8F0816FF08500F9E700BF9E
S3150101B5600002000600130006000400060009000699
S3150101B57044F20101028822F44050884210D1104957
S3150101B58023F4FF7222F001028A4215D00D4A23F0FB
S3150101B590FF03934214BF6FF086006FF08500704779
S3150101B5A002F44F42B2F5824F06D123F4FF7323F021
S3150101B5B00103B3F1062FEDE76FF08500704700BF78
S3150101B5C00002000600130006002307B51A46009182
S3150101B5D0024908F000F903B05DF804FB18640201A1
S3150101B5E070B51C4E1C4C33681C4898472378580784
S3150101B5F044BF23F0040323702378990705D500F08E
S3150101B60047FA237823F002032370154D13482B685B
S3150101B610984733681348984763781BB10023124A48
S3150101B62063605360002308210F486370FFF7E2FB53
S3150101B6302B680C4898473368084898472378074888
S3150101B640DA0744BF23F0010323702B68BDE870407C
S3150101B650184700BF847C0020E05500204457002094
S3150101B660807C0020E0560020E45500202DE9F041C0
S3150101B670FFF7CCFB18B100242046BDE8F081364F17
S3150101B68036483B689847044620B16FF08F04FFF7AF
S3150101B690A7FFF1E7324D2B78D8070AD404F041F818
S3150101B6A0044610B904F046F804462B7843F0010329
S3150101B6B02B702C4E29483368984710B1002CE4D0E1
S3150101B6C0E5E7002CE3D13B68244898470446002866
S3150101B6D0DBD12B78990706D400F0D2F904462B78F1
S3150101B6E043F002032B7033681C4898470028E5D1C3
S3150101B6F0002CCCD13B68194898470028C5D133683D
S3150101B700164895F8008098470028BED13B6816482F
S3150101B71098470028B9D16B783BB918F0010F04D0CD
S3150101B720124B6C605C6002236B7033680E4898475C
S3150101B7300028AAD13B68094898470028A5D12B784A
S3150101B74006485A075CBF43F004032B7033689847D8
S3150101B750002890D099E700BF847C0020445700203F
S3150101B760E0550020807C0020E0560020E4550020B1
S3150101B7702DE9F74300F4E040B0F5804F0D4616463A
S3150101B7801F46DDF828902CD101F16808404607F0E3
S3150101B79019F988B94B46002241462846CDE9006789
S3150101B7A0FEF72AFC07F0B5FB0446B0B13A46002183
S3150101B7B03046E5F759DF10E0002301930D4B414671
S3150101B7C0009305F1600205F11C03284607F003F910
S3150101B7D007F09FFB04460028DCD0204603B0BDE8F4
S3150101B7E0F08349462846FEF769FF03B0BDE8F043F9
S3150101B7F007F08FBB19420201F0B504881D4604F416
S3150101B8004F43B3F5824F18BF0024A1B00E464188BC
S3150101B810E0B2174608F0F6FC0446FEF7F1FA14B356
S3150101B82008B3684607F052F82046002369460F4AD5
S3150101B83007F002F9044648B1684607F089F820463F
S3150101B84007F067FB0446204621B0F0BD3B46324670
S3150101B85029466846FEF732FF07F05BFB0446684658
S3150101B86007F076F8EFE76FF08504ECE7194202017C
S3150101B8700368114A10B59342044609D8023A934224
S3150101B88015D88BB1023A93420BD06FF088000DE0C7
S3150101B89003F17E430A3B012BF7D8043003F049FE3D
S3150101B8A002E0043003F04DFE0020206010BD04309B
S3150101B8B003F043FEF8E700BF0900000210B5036873
S3150101B8C00F4CA34208D8023CA34215D8023CA3421D
S3150101B8D00BD06FF0880010BD03F17E430A3B012BAB
S3150101B8E0F7D80430FCF75CFE02E00430FCF7B0FE49
S3150101B8F0BDE8104007F00DBB0430FCF783FEF7E706
S3150101B900090000022DE9F04114461D460378334A28
S3150101B91043F000739342074688462C6037D003F102
S3150101B9207E43043B0F2B09D8DFE803F01C1C0831C9
S3150101B9302125292D212508082125292D24B1224634
S3150101B94021214046E5F790DE00263B68244A9342D1
S3150101B9502AD8023A93423BD8023A93422ED06FF04B
S3150101B960880002E0F4B96FF08900BDE8F081002C8E
S3150101B970F9D01C260EE0002CF5D020260AE0002C79
S3150101B980F1D0302606E0002CEDD0402602E0002C55
S3150101B990E9D01026224621214046E5F765DEB4426B
S3150101B9A0D3D2E0E71426F5E703F17E430A3B012BE7
S3150101B9B0D5D84146381DFCF7FDFD03E04146381D4A
S3150101B9C0FCF750FE07F0A5FA0028CED12E60CCE790
S3150101B9D04146381DFCF720FEF4E700BF03000002D3
S3150101B9E00900000238B5074C074B20461B689847EA
S3150101B9F0064B204693F8F050054B1B68984728469D
S3150101BA0038BD00BF44570020847C0020EC5500203E
S3150101BA10807C002000F14043052B70B505460E469A
S3150101BA200CD82822154C02FB0344237E022B02D19A
S3150101BA306369834218D06FF08B001AE0012108F087
S3150101BA4032FAB8B10D4B00221C46197E022902D1E8
S3150101BA505969A94205D00132062A03F12803F4D115
S3150101BA60E9E7282303FB0244204608F00FFA00B94F
S3150101BA70346070BD6FF08700FBE700BFEC55002015
S3150101BA800122024B002083F8F0207047EC5500207B
S3150101BA902DE9F0410A4C002526464FF001080327FE
S3150101BAA02046C4F81C802776013507F010FC062DC7
S3150101BAB004F12804F4D1002386F8F030BDE8F081C1
S3150101BAC0EC550020F8B506460F46FFF78BFF88B304
S3150101BAD000241B4B22461D46197ED1B13CB90229D0
S3150101BAE005D1D96919B91979002918BF1C4601323D
S3150101BAF0062A03F12803EFD114B96FF08C0006E091
S3150101BB00204608F0C3F9204607F0E1FB10B10024F5
S3150101BB100EE01C46237E83B9012323763EB1651BC4
S3150101BB20ED1003F1CC335D4305F18045356000200D
S3150101BB303C60F8BD6FF08800E9E76FF09600E6E733
S3150101BB40EC55002000232DE9F3410B6080460D469B
S3150101BB50FFF748FF002867D0354B36481B689847E1
S3150101BB60074628B16FF08F04204602B0BDE8F08187
S3150101BB7029464046FFF74EFF10F18C0F04462E4E23
S3150101BB8007D033682B4898470028EDD0002CEBD11C
S3150101BB90E8E729463846FFF795FF044618B13368A9
S3150101BBA024489847E0E701232F68CDE9000069465B
S3150101BBB03846C7F814807B6001AA08F033FA0446B7
S3150101BBC070B1DDE9000108F02BFA286807F07FFB67
S3150101BBD014F18C0F08BF6FF0870400232B60D0E7A7
S3150101BBE0DDE90012384607F0DDFA0446DDE9000118
S3150101BBF008F016FA002CE8D128688368D90444BFF5
S3150101BC0043F48063836083689A0444BF43F4006309
S3150101BC108360037E012B04BF0223037608F036F904
S3150101BC2004460028ADD0D8E76FF088049CE700BF31
S3150101BC30847C0020A8570020807C00200B4B10B586
S3150101BC401B6804460A48984718B16FF08F042046CD
S3150101BC5010BD204608F038F9064B04461B68044816
S3150101BC6098470028F3D0002CF1D1EEE7847C00201F
S3150101BC70A8570020807C002037B5044630B1164B09
S3150101BC8016481B68984720B16FF08F04204603B010
S3150101BC9030BD204601A9FFF7BDFE114D044640B155
S3150101BCA010F18C0F2B680D4808BF6FF08704984778
S3150101BCB0ECE70198C369012B0AD107F008FB044699
S3150101BCC02B68064898470028E0D0002CDED1DBE737
S3150101BCD008F0FAF8F3E700BF847C0020A85700209A
S3150101BCE0807C002030B40D4D2C681C606C685C6052
S3150101BCF000249C605468DC6014881C8254885C8230
S3150101BD0094685C61D4689C61126930BCDA6119621C
S3150101BD100A46014603F1240008F0D9BE1C6402015A
S3150101BD202DE9F843232904460F4691469846089E74
S3150101BD3004D86FF098052846BDE8F8830822194909
S3150101BD4008F0B7FF05460028F3D1A368002BF0D10F
S3150101BD50216A243F8F42C8F80010EAD3B1F5005F8A
S3150101BD60E7D271B9C9F80000E3687360238A3380A9
S3150101BD70638A73806369B360A369F360E3693361BD
S3150101BD80D9E7012004F051FDC9F8000030B1D8F816
S3150101BD90002004F1240108F09AFEE5E76FF08C0515
S3150101BDA0C9E700BF1C64020100F19903142B1AD8DB
S3150101BDB0DFE803F01717191919191917191919199B
S3150101BDC01319191B150B0F0D110009487047094865
S3150101BDD0704709487047094870470948704709483B
S3150101BDE070470948704708F0DEB90848704700BF37
S3150101BDF000C3FFFF80C6FFFF80C5FFFF00C1FFFF34
S3150101BE0080C0FFFF80C1FFFF00C2FFFF80C7FFFFA8
S3150101BE1070B5094D0446286008480160084909487A
S3150101BE200A60094A1360A0472B68084898472B689E
S3150101BE300748BDE8704018478C7C0020887C0020AB
S3150101BE40847C0020A8570020807C002044570020D4
S3150101BE50E05600202DE9F04FCBB0029008460C4682
S3150101BE6008F0BEFE0026052327180298CDE90736FC
S3150101BE7009960596254605F013F94FF0010BB046D3
S3150101BE80DFF834A2BD4206D90998002836D15046B9
S3150101BE904BB0BDE8F08F2B78BBF1000F00F0F380BA
S3150101BEA03D2B40F0D880814E2A1BD6F80080B8F18F
S3150101BEB0000F07D1214607A806F0FAFD002800F078
S3150101BEC0E080EFE073689A4208D121464046039229
S3150101BED008F011FE039A002800F0C2801036E4E74B
S3150101BEE02378232B7AD100232A1B02F1FF3B1BF076
S3150101BEF00109069305D0DFF8C0A1099804F077FC82
S3150101BF00C5E7033AB2F5027F4FEA5B0BF3D2594615
S3150101BF10012004F08AFC824600285CD0BBF1000FA7
S3150101BF200ED1534613F8014B05AA0AEB0B0106A8DC
S3150101BF30069305F028F890B1504604F058FCDAE76B
S3150101BF400134204608F02FFA0028F5DB0AF809002A
S3150101BF5009F10109CB4504F10204F2D1E1E7059AA0
S3150101BF60B2F5807FE8D81F2C069907D8504BE340DC
S3150101BF70D80703D50B465018984226D10AA808F0CE
S3150101BF80A6FD504604F033FCDDE90821059B029824
S3150101BF9000930AAB05F08FF98246099804F027FC54
S3150101BFA000230993BAF1000F57D02B46CAF80C406A
S3150101BFB01D460133AF421C4602D06A78202AF7D0CA
S3150101BFC04FF0010B4FF0000A45E013F801CBBCF12C
S3150101BFD0000FD1D1B0E7DFF8E4A08EE7002E5ED1E4
S3150101BFE00DF12809CB46A54205D8A9EB0B03D8F8D3
S3150101BFF00C400593C8E721785C2926D1A21C9542FC
S3150101C00004F1010A039213D9504608F0CCF9431CF5
S3150101C0100ED0002843D0039A09F1010CC1B2ACEB51
S3150101C0200B0CBCF5807F09F8011B38D0541CDAE7EB
S3150101C030554534D961781F48039108F010FC70B356
S3150101C0405246039909F1010CE9E7224609F1010C6E
S3150101C050E5E74FF0000B013514E7DFF860A016E7BD
S3150101C0600390B06808F0BCFD01460890012004F078
S3150101C070DCFB089AB168099008F029FD039BB046DB
S3150101C0809B465E466C1C2B782C2B03D115F8013C83
S3150101C0905C2B01D1BD42DCD1A5427FF421AF0998C8
S3150101C0A004F0A5FBDFF810A0F1E600BF646402010C
S3150101C0B0001058504064020180DCFFFF80D7FFFF6A
S3150101C0C02DE9F04F0746A1B00D4601204B2114463B
S3150101C0D0099304F0AAFB8046002800F01F81002382
S3150101C0E00B933B7A29460893FA682B190CA80793F7
S3150101C0F00C9308F01AFA041EC0F2F58000F0FA80DA
S3150101C100224629460CA804F0EFFFA146041EC0F2FF
S3150101C110EA80302229460DEB020005F009F8061ED8
S3150101C120C0F2F380A1444E44324629460CA804F0DC
S3150101C130DBFF041EC0F2D780312229460CA804F088
S3150101C140F7FFB0F10009C0F2DC8009232946744AE0
S3150101C1500CA805F053F80028C0F2D58026444E44B8
S3150101C16000EB06094A4629460CA804F0BDFF041E48
S3150101C170C0F2B980302229460DEB020004F0D8FF46
S3150101C180061EC0F2C280A1444E44324629460CA87D
S3150101C19004F0AAFFB0F1000AC0F2B180A02229463B
S3150101C1A00CA804F0C5FFB0F10009C0F2AA800C9AEF
S3150101C1B029463868521B06F0E5FD041EC0F293803C
S3150101C1C00C9B29461B1B7A680CA80C9308F0FDF8F9
S3150101C1D0A346041EC0F28780002229460CA805F059
S3150101C1E055F80028C0F28F8056444E445E442644D9
S3150101C1F000EB06094A4629460CA804F075FF041E00
S3150101C20071DB302229460DEB020004F091FF061E77
S3150101C2107BDB0FAB019340230898A1444E44009365
S3150101C22032466B440C9940F0007007F064F90346FD
S3150101C23000286CD12A9A0492099A03920EAA0292B3
S3150101C2404B22CDE9008210AA397A386806F0DEFC64
S3150101C2500446002847D10121386806F0CEFC0028A2
S3150101C2604AD10421386806F0C8FC002852D04FF0A3
S3150101C27004094846397A0BAB0AAAFEF7B7FA04460E
S3150101C28088BB32460C99284608F023FD079BCDF859
S3150101C29008900D930E9BA919CDE90083DDE90A23C7
S3150101C2A00DA808F0F8F8041E1DDB0D983246801B17
S3150101C2B0294626440D9008F00CFD324629460DA863
S3150101C2C004F012FF041E0EDB302229460DA804F0EC
S3150101C2D02FFF071E20DB0D9A00212846521BE5F789
S3150101C2E0C3D934443C44404604F081FA204621B086
S3150101C2F0BDE8F08F264648E74FF00109B9E75446F4
S3150101C300F1E74C46EFE70446EDE73446EBE76FF01C
S3150101C3106F04E8E7034CE6E73C46E4E7024CE5E750
S3150101C3203466020100DDFFFF80D7FFFF70B50026ED
S3150101C33086B005960A9E0C4600961546FFF7C0FE85
S3150101C34000280ADB2A1A05ABCDE901530449034644
S3150101C350009404482244FEF787FA06B070BD00BF77
S3150101C3603E6602016166020108B5154B4FF4E4729E
S3150101C37000211846E5F778D909220346026142618F
S3150101C3801048114A98614FF48061DA6100221962FD
S3150101C3909A625A62DA62C3F8F0000C48C3F8F400F3
S3150101C3A0C3F8F8100A49C3F80021C3F8FC20C3F801
S3150101C3B0042111F8010D98540132102AF9D108BD51
S3150101C3C0148500208666020114810020147D002057
S3150101C3D09F6602012DE9F84FDFF88880824698F8B9
S3150101C3E000308946532B164601D0FFF7BDFF1827AA
S3150101C3F007FB0A87D7F80051D7F8FCB05D452FD95D
S3150101C400D7F8F840D7F8F410641BB44228BF344674
S3150101C41048462944224608F05AFBD7F8F830254404
S3150101C420AB4208BF0025A144361BABEB050B5E45AC
S3150101C43028BF5E465EB1182303FB0A83D3F8F410C5
S3150101C44032462944484608F042FB3444354424B176
S3150101C450182303FB0A88C8F800512046BDE8F88F66
S3150101C4600024E2E714850020F8B5182700FB0775BB
S3150101C470124B0E461D4407FB0033DB6A1446012BA2
S3150101C4800AD0022B14D023B9284608F0D4F88442E5
S3150101C49008D900242046F8BD284608F0CCF8844284
S3150101C4A028BF044622463146284608F0CDF8F1E771
S3150101C4B02846BDE8F84008F0E2B800BF148500201F
S3150101C4C0F8B50B4B04461B780D46532B164601D086
S3150101C4D0FFF74AFFEFF311874FF0200181F311882E
S3150101C4E0324629462046FFF7BFFF87F31188F8BD7B
S3150101C4F0148500202DE9F041164C1E462378054688
S3150101C500532B8846174601D0FFF72EFF082D1DD85C
S3150101C510EFF3118C4FF0200181F3118865B11820D9
S3150101C52005FB000344F80380E2180023576000FB72
S3150101C5300542166293625362182303FB0544069B67
S3150101C540E3628CF311880020BDE8F0814FF0FF30E2
S3150101C550FAE700BF148500202DE9F843174E1F465F
S3150101C56033780546532B8946904601D0FFF7FCFEE9
S3150101C570082D1FD8EFF311824FF0200181F31188A5
S3150101C5806DB11824002304FB0564C4F8F090C4F8C6
S3150101C590F480C4F8F870C4F80031C4F8FC301823EB
S3150101C5A003FB0566089BC6F8043182F31188002056
S3150101C5B0BDE8F8834FF0FF30FAE700BF148500208C
S3150101C5C007B508F0A0F800210846F8F775FD074BF5
S3150101C5D04FF48062019337230549009305480023EF
S3150101C5E0E6F7AFD903B05DF804FB00BF0C58002094
S3150101C5F0A0660201ED460201064B1B681A7A022A60
S3150101C60004D812B11B68044A13607047032AF9D092
S3150101C610704700BF907C00201058002008B5064BDA
S3150101C620044613B10021AFF30080044B1B6803B12B
S3150101C6309847204601F017FD000000004C590020E3
S3150101C6402DE9F04386460D46354E284615F8014B30
S3150101C650375D17F00807F8D12D2C26D12C78012743
S3150101C660851C3BBB302C32D00A234FF0FF38002604
S3150101C670B8FBF3F803FB08F930466FEA0909A4F19F
S3150101C680300CBCF1090F29D86446A34237DDB6F156
S3150101C690FF3F07D080452FD301D1A1452CDB00FBFC
S3150101C6A00340012615F8014BE9E72B2C04BF2C7831
S3150101C6B0851CD6E7102BD8D1302CD6D1287800F09D
S3150101C6C0DF005828D1D16C7810230235CDE72B78BC
S3150101C6D003F0DF03582BF6D00823C6E7A4F1410C7A
S3150101C6E0BCF1190F01D8373CCFE7A4F1610CBCF1BC
S3150101C6F0190F04D8573CC8E74FF0FF36D2E7731C30
S3150101C70006D122233046CEF8003032B9BDE8F08396
S3150101C71007B14042002AF9D006B1691E1160F5E759
S3150101C720E366020113460A46014602480068FFF71D
S3150101C73087BF00BF947C0020024B0344587800F068
S3150101C74017007047E266020170B50D4D00260D4CCA
S3150101C750641BA410A64209D10B4D00260B4C08F00F
S3150101C760BFFB641BA410A64205D170BD55F8043B5D
S3150101C77001369847EEE755F8043B01369847F2E74B
S3150101C780FC7C0020007D0020007D0020107D002022
S3150101C7900FB407B5064904AB086853F8042B816841
S3150101C7A0019300F007F803B05DF804EB04B070479C
S3150101C7B0947C00202DE9F04F0D469DB01446984614
S3150101C7C0064618B1036A0BB900F038FB6B6ED9073F
S3150101C7D005D4AB899A0502D4A86D08F095FAAB89FF
S3150101C7E01B0701D52B699BB92946304600F0FAF89A
S3150101C7F070B16B6EDC0704D54FF0FF301DB0BDE89B
S3150101C800F08FAB899805F7D4A86D08F07EFAF3E7A6
S3150101C8100023CDF80C804FF00109DFF8B4810993AB
S3150101C82020238DF8293030238DF82A3023469A4664
S3150101C83013F8012B0AB1252AF9D1BAEB040B0BD056
S3150101C8405B4622462946304607F0B9FF013000F022
S3150101C850A780099A5A4409929AF80030002B00F0F0
S3150101C8609F8000234FF0FF320AF1010A04930793D7
S3150101C8708DF853301A93CDE90523544605225448C0
S3150101C88014F8011B08F015F9049AD8B9D10644BF69
S3150101C89020238DF85330130744BF2B238DF85330D2
S3150101C8A09AF800302A2B15D0079A544600204FF0EA
S3150101C8B00A0C214611F8013B303B092B4BD9B0B18A
S3150101C8C0079214E0A0EB0803A24609FA03F3134306
S3150101C8D00493D2E7039B191D1B68002B0391BBBF70
S3150101C8E05B4242F0020207930793B8BF0492237891
S3150101C8F02E2B0AD163782A2B32D1039B02341A1DBE
S3150101C9001B6843EAE37303920593DFF8D4A003227C
S3150101C9102178504608F0CDF838B1A0EB0A00402243
S3150101C920049B013482401343049314F8011B06222C
S3150101C93028488DF8281008F0BCF800283FD0264B6E
S3150101C9401BBB039B073323F0070308330393099B9F
S3150101C9503B4409936AE70CFB02320C460120A8E726
S3150101C960002301344FF00A0C19460593204610F8AD
S3150101C970012B303A092A03D9002BC6D00591C4E708
S3150101C9800CFB012104460123F0E703AB2A4604A966
S3150101C99030460093114BAFF300800746781CD6D180
S3150101C9A06B6ED90705D4AB899A0502D4A86D08F037
S3150101C9B0ACF9AB895B063FF51FAF09981EE703ABDF
S3150101C9C02A4604A930460093044B00F061F8E4E7D6
S3150101C9D0AF660201B966020100000000BF4702010C
S3150101C9E0B566020138B5294B05460C46186818B1DA
S3150101C9F0036A0BB900F022FAB4F90C30190722D4F3
S3150101CA00DA0607D409222A6043F040034FF0FF30CA
S3150101CA10A38133E0580712D5616B41B104F1440397
S3150101CA20994202D0284604F083F800236363A3895F
S3150101CA3023F02403A3810023636023692360A3896F
S3150101CA4043F00803A38123694BB9A38903F4207336
S3150101CA50B3F5007F03D02146284608F07CF9B4F9E5
S3150101CA600C3013F001020AD00022A260626952421F
S3150101CA70A261226942B913F08000C5D138BD990777
S3150101CA8058BF6269A260F4E70020F7E7947C0020B1
S3150101CA902DE9FF470F7E914680460C46782F9A462F
S3150101CAA00C9E01F1430207D8622F0AD8002F00F02C
S3150101CAB0DD80582F00F0C38004F1420684F84270EC
S3150101CAC03AE0A7F16303152BF6D801A151F823F03A
S3150101CAD029CB01013DCB0101B9CA0101B9CA010144
S3150101CAE0B9CA0101B9CA01013DCB0101B9CA0101A5
S3150101CAF0B9CA0101B9CA0101B9CA010153CC01017E
S3150101CB00CBCB01010BCC0101B9CA0101B9CA0101A2
S3150101CB1075CC0101B9CA0101CBCB0101B9CA010128
S3150101CB20B9CA010113CC010133681A1D1B683260B0
S3150101CB3004F1420684F842300123A8E031682368F2
S3150101CB40081D30601E0601D50D6803E05D06FBD5A3
S3150101CB50B1F90050002D616878DA2D200029A16014
S3150101CB6084F843002DDA6D425D480A231646B5FB6A
S3150101CB70F3F103FB1157C75D06F8017D2F460D46FB
S3150101CB80BB42F4D9082B0BD12368DF0708D52369EA
S3150101CB9061689942DEBF302306F8013C06F1FF3692
S3150101CBA0921B22614B4603AA21464046CDF800A0BD
S3150101CBB007F062FE01306FD14FF0FF3004B0BDE8DE
S3150101CBC0F08723F004032360CDE721683368080663
S3150101CBD053F8045B02D4490648BFADB26F2F3360E7
S3150101CBE03F4814BF0A230823002184F843106668CD
S3150101CBF0002EA660BADB216821F004012160002D17
S3150101CC00B4D1002EB2D11646BCE7236843F0200306
S3150101CC10236078273348236884F845701F063168F5
S3150101CC2051F8045B02D45F0648BFADB23160D90742
S3150101CC3044BF43F0200323601DB11023D4E72848E4
S3150101CC40E9E7236823F020032360F6E724480A2352
S3150101CC50CDE733682568181D616930602E061B68AA
S3150101CC6001D5196002E06806FBD519800023164635
S3150101CC70236197E7336800211A1D32601E686268D5
S3150101CC80304607F016FF08B1801B606063682361B7
S3150101CC90002384F8433085E72369324649464046F5
S3150101CCA0D047013088D023689B0714D4E068039BE1
S3150101CCB09842B8BF184681E70123324649464046A4
S3150101CCC0D04701303FF478AF0135E36803995B1A28
S3150101CCD0AB42F1DCEAE7002504F11906F5E700BFED
S3150101CCE0C0660201D1660201024B0146186803F0D2
S3150101CCF01CBF00BF947C0020024B0146186803F05B
S3150101CD0017BF00BF947C002010B5044604481346A2
S3150101CD1020B10A4602202146AFF3008010BD00BFB3
S3150101CD2000000000002310B5044683608181194685
S3150101CD304366C28108228361C0E90033C0E9043335
S3150101CD405C30E4F791DC0D4B246263620C4BA36208
S3150101CD500C4BE3620C4B23630C4B9C4206D003F153
S3150101CD606802944202D0D0339C4205D104F15800A5
S3150101CD70BDE8104007F0C7BF10BD00BFF14B02016E
S3150101CD80134C02014B4C02016F4C02011458002055
S3150101CD90024A0349034807F06EBF00BFE47C002045
S3150101CDA0634A0201987C002041680C4B994210B5F7
S3150101CDB0044601D007F055FEA168094B994202D0FC
S3150101CDC0204607F04EFEE168064B994204D0204603
S3150101CDD0BDE8104007F045BE10BD00BF1458002044
S3150101CDE07C580020E458002010B50B4B04210B4C54
S3150101CDF00B4A20461A600022FFF794FF04F16800EE
S3150101CE0001220921FFF78EFF04F1D000022212212E
S3150101CE10BDE81040FFF786BF4C5900201458002089
S3150101CE2091CD0101014807F06FBF00BF257B0020AD
S3150101CE30014807F06ABF00BF257B002010B50446F3
S3150101CE40FFF7F0FF236A1BB1BDE81040FFF7F0BF02
S3150101CE50044B2362044B1B68002BF5D1FFF7C4FF7A
S3150101CE60F2E700BFA9CD01014C5900200EB403B56B
S3150101CE7003AB0146054853F8042B00680193FFF7FC
S3150101CE8099FC02B05DF804EB03B07047947C002075
S3150101CE90024B0A460146186807F052BE947C0020EF
S3150101CEA00CB4184B30B50C1E9DB01D6808DA8B23E6
S3150101CEB04FF0FF302B601DB0BDE8304002B0704726
S3150101CEC04FF402730290069002A9ADF8143014BF13
S3150101CED004F1FF332346209A2846049307934FF61C
S3150101CEE0FF73ADF8163021AB019300F01FF8431C17
S3150101CEF0BCBF8B232B60002CDDD0029B00221A7054
S3150101CF00D9E700BF947C002038B50446064D084692
S3150101CF10114600222A601A4601F0B3F8431C02D1D8
S3150101CF202B6803B1236038BD505900202DE9F04F1C
S3150101CF3098468B899DB007461B060D46144610D5AA
S3150101CF400B6973B9402103F0F0FD2860286130B9FE
S3150101CF500C233B604FF0FF301DB0BDE8F08F40233D
S3150101CF606B610023CDF80C804FF00109DFF8A08138
S3150101CF70099320238DF8293030238DF82A30234651
S3150101CF809A4613F8012B0AB1252AF9D1BAEB040BFA
S3150101CF900BD05B4622462946384607F018FF013079
S3150101CFA000F0A780099A5A4409929AF80030002B99
S3150101CFB000F09F8000234FF0FF320AF1010A04932A
S3150101CFC007938DF853301A93CDE90523544605226B
S3150101CFD04F4814F8011B07F06CFD049AD8B9D00625
S3150101CFE044BF20238DF85330110744BF2B238DF8FD
S3150101CFF053309AF800302A2B15D0079A544600204F
S3150101D0004FF00A0C214611F8013B303B092B4BD954
S3150101D010B0B1079214E0A0EB0803A24609FA03F3A3
S3150101D02013430493D2E7039B191D1B68002B03913C
S3150101D030BBBF5B4242F0020207930793B8BF04925A
S3150101D04023782E2B0AD163782A2B32D1039B023402
S3150101D0501A1D1B6843EAE37303920593DFF8C0A027
S3150101D06003222178504607F024FD38B1A0EB0A00CE
S3150101D0704022049B013482401343049314F8011B9B
S3150101D080062224488DF8281007F013FD002836D012
S3150101D090214B1BBB039B073323F007030833039380
S3150101D0A0099B334409936AE70CFB02320C460120C2
S3150101D0B0A8E7002301344FF00A0C194605932046CF
S3150101D0C010F8012B303A092A03D9002BC6D0059154
S3150101D0D0C4E70CFB012104460123F0E703AB2A4611
S3150101D0E004A9384600930D4BAFF30080421C064656
S3150101D0F0D6D1AB895B063FF52DAF09982CE703AB7A
S3150101D1002A4604A938460093044BFFF7C1FCEDE713
S3150101D110AF660201B966020100000000CF4D0201AE
S3150101D120B566020138B50023054D044608462B6054
S3150101D13000F096FF431C02D12B6803B1236038BD71
S3150101D14050590020024B0146186807F09BBE00BFEB
S3150101D150947C002038B50023064D04460846114645
S3150101D1602B6000F081FF431C02D12B6803B12360C0
S3150101D17038BD00BF5059002038B50023054D04467E
S3150101D18008462B6000F074FF431C02D12B6803B1E2
S3150101D190236038BD5059002038B50446064D08466E
S3150101D1A0114600222A601A4600F067FF431C02D18C
S3150101D1B02B6803B1236038BD5059002038B50446A8
S3150101D1C0064D0846114600222A601A4600F057FF0D
S3150101D1D0431C02D12B6803B1236038BD505900208D
S3150101D1E038B50023064D0446084611462B6000F06A
S3150101D1F041FF431C02D12B6803B1236038BD00BF37
S3150101D200505900200368D90444BF43F48063036085
S3150101D21003689A0444BF43F400630360704737B55A
S3150101D22001A9054606F06EFE0446284624B1FEF71D
S3150101D23023FD204603B030BDFEF7DCF80446F8E7CE
S3150101D24010B40C46042C11461A4604D100685DF847
S3150101D250044BF6F713BB00205DF8044B70470168D8
S3150101D2608268C3688A4294BF0022521A8B4294BFD4
S3150101D27000235B1AD01A70478368D0E900128A42EB
S3150101D28094BF0022521A8B4294BF00235B1AD01A13
S3150101D290704770B5856804460E463DB1FFF7ECFF50
S3150101D2A030B100206B1CA3602E7070BD2F20FCE7EE
S3150101D2B01920FAE770B5866804460D4656B1FFF79F
S3150101D2C0DBFF012808D900206DBA3580A368023336
S3150101D2D0A36070BD2F20FCE71920FAE770B58668B7
S3150101D2E004460D4656B1FFF7C7FF032808D90020AA
S3150101D2F02DBA3560A3680433A36070BD2F20FCE706
S3150101D3001920FAE72DE9F0410E4698461546F2B184
S3150101D310FE2A1ED94FF6FE77BA428CBF0327022792
S3150101D320C0F3080444EA063444EA872424B2404699
S3150101D330A1B2FFF7BFFFA0B996B98FB1012F0AD0EC
S3150101D340022F10D029464046FFF7C8FF07E01746CE
S3150101D350E6E70127E4E74046E9B2FFF79AFF00B99C
S3150101D3600020BDE8F0814046A9B2FFF7A3FFF6E729
S3150101D370F8B5044615460E4679B187686FB1FFF7D0
S3150101D3807BFFA8420BD32A463146384607F09FFB5D
S3150101D3900020A3682B44A360F8BD2F20FCE71920C8
S3150101D3A0FAE770B5144606460D46FFF765FFA0423A
S3150101D3B011D32846FFF753FFA0420CD32246E96851
S3150101D3C0B06807F084FB0020B3682344B360EB68BF
S3150101D3D02344EB6070BD1920FCE7F8B515460646F6
S3150101D3E00F46FFF73CFFA842044612D23846FFF723
S3150101D3F036FF2A1B824228BF024639463046FFF7CD
S3150101D400D0FF28B93046FFF72AFFA84201D20D20E5
S3150101D410F8BD0020FCE770B5C46805460E4644B167
S3150101D420FFF71DFF38B1002014F8012BEC603270B3
S3150101D43070BD2F20FCE71920FAE770B5C4680546CF
S3150101D4400E4654B1FFF70BFF012808D9002034F825
S3150101D450022B53BAEC60338070BD2F20FCE71920F3
S3150101D460FAE7002313B5044608460DF10601ADF8A6
S3150101D4700630FFF7E2FFF8B9BDF80620A061C2F355
S3150101D48008036382C2F3402384F82730C2F3812360
S3150101D490032B08BF04232377B3FA83F3110B5B092B
S3150101D4A084F82430B1FA81F3C2F300225B092175B4
S3150101D4B084F8253084F8262002B010BD70B5C46801
S3150101D4C005460E4654B1FFF7CAFE032808D90020C6
S3150101D4D054F8042B12BAEC60326070BD2F20FCE7C0
S3150101D4E01920FAE713B50446227F0846012A4FF0AF
S3150101D4F000030BD101A98DF80430FFF78CFF18B990
S3150101D5009DF804300020A36102B010BD022A09D1A1
S3150101D51001A9ADF80430FFF790FF0028F4D1BDF859
S3150101D5200430EFE701A90193FFF7C8FF0028EBD10A
S3150101D530019BE7E703460022DA621A7D084610B528
S3150101D54003F12C01032A11D8DFE802F00C020609C6
S3150101D550FFF761FF40B110BDFFF76FFFFAE7FFF774
S3150101D560ADFFF7E7C268DA620020F4E72620F2E7A9
S3150101D57038B5154613460A1E0C4618BF012201216C
S3150101D580FFF7C0FE30B924B128462178FFF781FEA5
S3150101D59000B9002038BD38B515460A1E18BF01224B
S3150101D5A00C462B4602215200FFF7ACFE30B924B1DD
S3150101D5B028462188FFF77EFE00B9002038BD38B51F
S3150101D5C015460A1E18BF01220C462B46032192005D
S3150101D5D0FFF798FE30B924B128462168FFF77EFE90
S3150101D5E000B9002038BD70B50C1E15464FF000017B
S3150101D5F008BF00221E46FFF785FE38B92CB12A461F
S3150101D60021463046FFF7B4FE00B9002070BD7047D0
S3150101D61010B500F1C0010446F7F742FC40B1012300
S3150101D62084F8C03000212046F7F734FC20B110BD43
S3150101D63094F8C030002BF5D10020F8E713464A686B
S3150101D640012A0AD90A681278022A04D10A46014630
S3150101D650BC30F6F737BC00225A6000207047002023
S3150101D6607047002070477047704770477047704791
S3150101D67037B503460C46088840F203118842154620
S3150101D68004D0B0F5827F0AD0A6200DE04FF4805375
S3150101D69001A90193FFF793FF30B9002004E00022AD
S3150101D6A09868019210B92F2003B030BD01A9F7F78F
S3150101D6B0CDFB0028F8D12A46208801A9EAE72DE900
S3150101D6C0F04383680D46164685B01BB92F2005B078
S3150101D6D0BDE8F083CA7842B903F1B404AA78032AF2
S3150101D6E06DD8DFE802F048041D331C46F6E7002732
S3150101D6F08DF80C7023682046DB68298803AA9847B0
S3150101D700D828044602D048B12046E0E739463246D8
S3150101D7102888FFF72DFF0028F6D0D8E703A9F6E7F9
S3150101D7200027236820465B692988ADF80C7003AA96
S3150101D7309847D828044603D00028E5D103A900E07B
S3150101D740394632462888FFF726FFE4E70027236892
S3150101D7502046DB692988039703AA9847D8280446F6
S3150101D76003D00028D0D103A900E0394632462888E2
S3150101D770FFF725FFCFE7186BFFF7B6FA4FF0000861
S3150101D780236803AA0092D3F82890024607464FF46C
S3150101D790007320462988CDF80C80C847D82804464D
S3150101D7A00BD030B939463346039A2888FFF71BFF58
S3150101D7B004463846FFF7A0FAA6E74146F3E72620D5
S3150101D7C085E7806808B100F04BBA2F20704710B584
S3150101D7D004461C2103F0A7F9204610BD10B50446E5
S3150101D7E00C2103F0A0F9204610BD10B504460C2109
S3150101D7F003F099F9204610BD10B504460C2103F03A
S3150101D80092F9204610BD10B50446042103F08BF9A7
S3150101D810204610BD10B50446006818B1237C0BB132
S3150101D82003F07FF90023C4E90233C4E9003310BDD3
S3150101D830F8B50C46064615461F46FFF7EBFF2CB910
S3150101D840284606F0A3FF0123044633742544756077
S3150101D850002F08BF25463460C6E90254F8BD38B524
S3150101D86000250446C0E90055C0E902550574FFF7D4
S3150101D870DFFF204638BD0368C0E902330123437443
S3150101D8800023C0E908334382037583610377836209
S3150101D890C362704710B500230446FFF7E0FF012379
S3150101D8A0637400232046C4E9083363822375A361A7
S3150101D8B02377A362FFF7DFFF204610BD30B5D0F80D
S3150101D8C004413F2C1DD80025AC42D0F800310FD1BF
S3150101D8D0234403F03F0320F8231000EB8305C1F332
S3150101D8E000210134AA70E970C0F80441002030BD5D
S3150101D8F02B4403F03F0330F823308B42F6D0013538
S3150101D900E2E71920F3E773B50D46002304460DF14D
S3150101D9100701284616468DF80730FFF77CFD38B911
S3150101D9202846FFF79CFC9DF80730834202D0182058
S3150101D93002B070BD2368294620461B699847002815
S3150101D940F6D12368314620465B699847F0E72D20D9
S3150101D95070472D2070472D207047037900200B70E9
S3150101D960704701710020704740F26713994204D054
S3150101D970B1F5B47F06D0A620704702B112780262D2
S3150101D9800020704712B113784362F9E70623FBE7DA
S3150101D99040F26713994204D0B1F5B47F06D0A620AF
S3150101D9A0704790F8203000201370704790F82430AA
S3150101D9B0F9E70B46114640F25112934210B41BD0BE
S3150101D9C0B3F5A97F09D2B3F5A17F0DD0B3F5A27F36
S3150101D9D00FD0A6205DF8044B704740F261129342C5
S3150101D9E0F7D103685B6E01E003685B6B5DF8044B7D
S3150101D9F018470368DB6BF9E703681B6DF6E7A62099
S3150101DA0070477047043870471438704710387047AB
S3150101DA100C38704740F25113994270B5044633D020
S3150101DA20B1F5A97F07D2B1F5A17F1CD0B1F5A27FCE
S3150101DA3022D0A62019E040F261139942F9D16ABBBD
S3150101DA4000F11E050221284600F06DF968B9E38B44
S3150101DA50B3F5805FF6D223682046E18BD3F898307F
S3150101DA60BDE8704018470AB92F2070BD1188BDE87D
S3150101DA7070400183F7F728B8002AF5D0BDE8704058
S3150101DA8011884183F7F748B832B111882046A1833D
S3150101DA90BDE87040F7F79EB81146F7E71388C383CF
S3150101DAA0D9E7A0F10400F6F75FBBA0F10400F6F790
S3150101DAB0E1BB10B50446B82103F035F8204610BD87
S3150101DAC0A0F10400F5E7A0F10C00F2E7A0F11000C6
S3150101DAD0EFE7A0F11400ECE70B46B3F5B17F114670
S3150101DAE010B40FD040F26312934206D0B3F5827F90
S3150101DAF00ED15DF8044BF7F7A9B903685DF8044B3C
S3150101DB009B6E1847836A002013605DF8044B7047CA
S3150101DB10A620FAE770B50026054686B00D220C4609
S3150101DB2002A831460196E3F79FDD28466B4611228D
S3150101DB3001A90096F7F792F8054678B9009A082ADD
S3150101DB400FD9083A206803A906F0C1FF009B626854
S3150101DB50083B934201D906F0C7FF6360284606B028
S3150101DB6070BD6060FAE7A0F10400FFF7D3BFA0F131
S3150101DB700C00F6F7C5BCA0F10C00F6F7F7BCF0B541
S3150101DB800446C818059B98420FD8012602B9F0BD73
S3150101DB90D30707D5CD08675D01F0070306FA03F33D
S3150101DBA03B43635501315208F0E70020EFE72DE9C8
S3150101DBB0F74F5825DDE90CBA1746002288461E465D
S3150101DBC01146032300950446DDF83890FFF7D7FF88
S3150101DBD042460146102320460095FFF7D0FF3A46FB
S3150101DBE00146102320460095FFF7C9FF324601463B
S3150101DBF0022320460095FFF7C2FF5A460146082334
S3150101DC0020460095FFF7BBFF524601460C232046ED
S3150101DC100095FFF7B4FF4A4601461B2320460095AE
S3150101DC20FFF7ADFF04230146002220460C9503B000
S3150101DC30BDE8F04FFFF7A3BF08B5C0E9001211B95E
S3150101DC400AB106F051FF08BD2D207047A620704785
S3150101DC50704710B50446042102F065FF204610BD48
S3150101DC6000207047A0F10400F6F722BFA0F10400DD
S3150101DC70F6F730BFA0F10400F6F742BFA0F10400A8
S3150101DC80F6F750BFA0F10400F6F762BFA0F1040058
S3150101DC90F6F770BFA0F10400F6F77EBFA0F104000C
S3150101DCA0F6F78CBFA0F10400F6F79ABFA0F10400C4
S3150101DCB0F6F7AABFA0F10C00F6F7E8BFA0F10C0038
S3150101DCC0F6F7EABFA0F10C00F7F718B82D20704757
S3150101DCD02D2070472D2070472D2070470020704759
S3150101DCE0002048607047A0F11000FFF7F9BFA0F1CD
S3150101DCF01000F7F72BB8A0F11000F7F733B8A0F130
S3150101DD001000F7F73BB8A0F11000F7F767B8A0F1DB
S3150101DD101400F7F7DDB86C2070476C207047A0F14D
S3150101DD201400F7F7E9B808B538B131B105F032FD9C
S3150101DD3000280CBF0020AC2008BD2F20FCE72B28B2
S3150101DD40034612D02F2812D0A0F13002092A02D897
S3150101DD500433D8B270474138C0B219280AD9A3F1A0
S3150101DD606102192A05D8473BF3E73E2070473F2058
S3150101DD707047FF2070472DE9F84F0C4692469946A8
S3150101DD80071D961CB51E2CB117F8048C4046FEF7EB
S3150101DD90D3FC18B9A5EB0A0080B203E0012C03D12B
S3150101DDA04FF6FF70BDE8F88F4046C847804617F821
S3150101DDB0030CC847B8F1FF0F8346F1D0FF28EFD016
S3150101DDC04FEA880848EA1018022C06F1FF3506F8D1
S3150101DDD0028CDFD017F8020C3D28DBD0C847FF289B
S3150101DDE00546DDD0830843EA0B13032C06F8013CF3
S3150101DDF011D017F8010C3D280DD0C847043CFF2866
S3150101DE00A4B207F1040706F10306C9D040EA851059
S3150101DE1006F8030CB6E73546BCE72DE9F84F064689
S3150101DE200C4615469B4600274FF6FC794FF6FF7ABD
S3150101DE304C45A04628BFC8465B462A4630461FFACE
S3150101DE4088F1FFF798FF504506D0B4EB0804074463
S3150101DE5004D046440544EBE74FF0FF373846BDE8A9
S3150101DE60F88F2DE9F047054610B90020BDE8F08786
S3150101DE70002AFAD011F00100F7D1B1EB430FF4D822
S3150101DE800446089E05F1020C06F001068C42EDD20C
S3150101DE9000234FEA540E67190CEB040817F8019B8E
S3150101DEA01B01A9F1300ABAF1090FDBB20AD8303BDD
S3150101DEB04B4403F0FF034745F0D102F80E30013020
S3150101DEC00234E3E7A9F1410ABAF1050F04D8373B58
S3150101DED059FA83F3DBB2EEE7002EC6D1A9F1610A45
S3150101DEE0BAF1050FC1D8573BF2E7F0B5059CD8B990
S3150101DEF0F1B902B9E3B9C4F3400505EB4105AB42FA
S3150101DF0004F002062FD314F0010F14BF4125612538
S3150101DF10002401380A3D571C8C420BD116B100234E
S3150101DF2002F814300020F0BD02B90BB90029E2DA7A
S3150101DF302F20F8E790F801C04FEA1C13BCF19F0F9F
S3150101DF4086BF5B19DBB2303302F8143010F8013F9A
S3150101DF5003F00F03092B86BF5B19DBB2303307F8D8
S3150101DF6014300134D8E71920DDE713B500240094F4
S3150101DF70FFF777FF02B010BD0CB407B504AB53F838
S3150101DF80042B0193F7F7AEF803B05DF804EB02B089
S3150101DF90704708B50246F7F7BDF8904234BF002035
S3150101DFA0012008BD70477047704737B501A905467D
S3150101DFB005F0A8FF0446284624B1FDF75DFE20467B
S3150101DFC003B030BDFDF716FA0446F8E72D20704778
S3150101DFD02D20704700207047704700207047704719
S3150101DFE070472D207047002070472D207047002073
S3150101DFF0704740687047036853F81C3C18444068F1
S3150101E000704702F078B90A680260496852F8502CE3
S3150101E0108150704748B12D2805D0C0B200F53000B6
S3150101E02040F00040704740F201207047A0F50723F8
S3150101E030A3F50073B3F5A06F05D3B0F5803F2CBFEF
S3150101E040002001207047012070470F20704708B555
S3150101E050082000F02DF8BDE80840082000F033B88B
S3150101E0604FF0FF307047FEE70020704701207047EF
S3150101E070012070474FF0FF307047002070470020A4
S3150101E08070470020704710B51446E4F79BDD206008
S3150101E090002010BDFEE700239A4200D1704710B55A
S3150101E0A050F8234041F8234001339A42F8D110BD7B
S3150101E0B04FF060420123D2F8001E83400B4300203A
S3150101E0C0C2F8003E70474FF060410122D1F8003E8F
S3150101E0D0824023EA02030020C1F8003E70478369AA
S3150101E0E0C26C03F10B01143AB1FBF2F103EBC1006E
S3150101E0F00B30B0FBF2F00230704738B505460C46DD
S3150101E100FFF7EDFFEB6C04F10F02143BB2FBF3F2E7
S3150101E11004EBC204103403FB004038BD38B5054693
S3150101E12084692146FFF7E9FFEA6C04F10F03143A0A
S3150101E130B3FBF2F304EBC3041034204438BDF7B545
S3150101E14006460D460C4601F10807336C01225B694F
S3150101E150204601A99847019B01330CD1A742F36CD3
S3150101E16003D1A3F1140003B0F0BD043485EA04021E
S3150101E1705B421A42E9D00020F5E770B505460C4627
S3150101E180F7F7C8F82B6C2046BDE87040DB681847E5
S3150101E19070B50025044686B04562236AAB4202D8B2
S3150101E1A0606A06B070BDE66C2068236C05225B6966
S3150101E1B001A906FB0500984701A800F06BFD00F0D7
S3150101E1C08EFD10B1636A013363620135E5E737B547
S3150101E1D0044694F87430C56C0068009305FB01018F
S3150101E1E004F14803206C00F087FD05462046FFF740
S3150101E1F0CFFF284603B030BDF0B50546002687B0EE
S3150101E2002C6A013CB44203D80C46204607B0F0BD46
S3150101E21001B14C1EEF6C28682B6C05225B6901A9C3
S3150101E22007FB0400984701A800F034FD00F057FDF3
S3150101E2300028EAD121460136E2E7F0B504460D464A
S3150101E240C66C236C006887B005225B6901A906FBD0
S3150101E2500500984701A800F01DFD00F040FD20B121
S3150101E26001A800F0EEFC07B0F0BD29462046FFF7F4
S3150101E270C3FF0646E76C2068236C05225B6901A989
S3150101E28007FB0600984701A800F0DBFC431CEAD016
S3150101E290B54238BF0130E6E72DE9F0434FF6FF7984
S3150101E2A0D0F8288004460E46C84514BF45460025C8
S3150101E2B0002787B0236ABB4202D807B0BDE8F083C5
S3150101E2C0226C2368E06CD2F814C000FB05300522EC
S3150101E2D001A9E04701A800F0DDFC022806D0C845E6
S3150101E2E00CD1721C29462046FFF771FF236A0135BD
S3150101E2F0B5FBF3F2013703FB1255DBE7294620464D
S3150101E300FFF79BFFB0F1FF3F14BF024632460132D0
S3150101E310E8E70368F0B5CC1AC36C0646B4FBF3F41F
S3150101E320002587B0336A37685A1E9542F06C08D3C7
S3150101E330F06C336800FB043007B0BDE8F04000F033
S3150101E340D9BC0134B4FBF3F203FB1244336C05224D
S3150101E3505B6901A900FB0470984701A800F09AFCCA
S3150101E36000F0BDFC0028E3D10135DBE710B423F051
S3150101E370030422449B070A44C36C18BF04325B425F
S3150101E38082EA0104234203D05DF8044BFFF7C1BFC2
S3150101E39010465DF8044B70472DE9F041D0E90B3683
S3150101E3A09E42044686B028D11422036A456802FBBF
S3150101E3B01355284606B0BDE8F0812068E76C331A8B
S3150101E3C0B3FBF7F3226C07FB0300D2F8148001A912
S3150101E3D00522C04701A800F05DFC012804D0E36CC9
S3150101E3E01D44013B3340ED1A31462046FFF791FFAB
S3150101E3F00646E36AB342E0D1DBE70025F9E713B547
S3150101E4000C46002121760093616813462246F7F7EF
S3150101E410FFFA18B1E37D03B1A07EA075A07D02B01C
S3150101E42010BD08B508301346D1E90012F9F78EF887
S3150101E430012008BD73B5164600F108050C462846AC
S3150101E44009680DF1070200F0A5FA032E06D16368EA
S3150101E450834203D12846216800F06BFA012002B0FC
S3150101E46070BDD01E009B42424241187E824211D1AB
S3150101E4701A688A420ED85A688A420BD35A690132FE
S3150101E4805A61D3E9030282423FBF986840F82210DC
S3150101E49001321A610120704710B5032A029C07D186
S3150101E4A0E26A5340E26C5242134201D100F041FA51
S3150101E4B0012010BD08B5C36800209847BDE8084092
S3150101E4C0F6F74ABF012814BF0420022070B50024C3
S3150101E4D042431C70CC7D101D02F002024CB91AB1E7
S3150101E4E0012220F003001A7000F10803486818445C
S3150101E4F070BD1AB1012220F003001A7000230C7EAF
S3150101E50001F12005DAB2944201D80020F0E735F88D
S3150101E51033205E1C824206D901EBC30300F10802D6
S3150101E520D8691044E4E73346801AEBE773B505462B
S3150101E53090F84A601C4630460DF10303FFF7C2FF0E
S3150101E5402B6C012E5B690DD1324601A998479DF8C5
S3150101E550033013B1BDF806300193BDF804302360D1
S3150101E56002B070BD0122214602B0BDE870401847D4
S3150101E570F0B50546002448682B6C87B00E4601228A
S3150101E5805B69029402A908309847274695F84A30F3
S3150101E590012B40F08480632C02D9029807B0F0BDAB
S3150101E5A0612C08D805AB224631462846FFF7BEFF46
S3150101E5B09DF814301BB305AB2246314628468DF82A
S3150101E5C01070FFF7B3FF95F84A30012B059B55D122
S3150101E5D04FF6FF72934200F09680082205A904A81E
S3150101E5E000F0AFFB059B9DF81010C3F30722914282
S3150101E5F040F08980DBB2029A1A44029283E095F8CF
S3150101E6004A30012B30D122463146284603ABFFF76A
S3150101E6108DFF3146284604AB621CFFF787FF314661
S3150101E620284605ABA21CFFF781FF102208230DEB3B
S3150101E63002010DF107008DF8073000F082FB10226F
S3150101E64005A90DF1070000F07CFB039BDAB2002A54
S3150101E65052D19DF80720B2EB132F4DD1DDE90432DA
S3150101E66003EB0243029347E0302C2BD944E09DF89A
S3150101E6700720B2EB134F3FD1049BF3E7013342D09D
S3150101E680102205A90DEB020000F05BFB059B9DF82D
S3150101E6901010C3F30742914235D19BB2ABE7312C3E
S3150101E6A03FF67BAF87D005AB224631462846FFF7B9
S3150101E6B03DFFBDF81430002B7FF47DAF95F84A304C
S3150101E6C0012BA0D022463146284603ABFFF72EFF88
S3150101E6D03146284604AB621CFFF728FF102320228E
S3150101E6E00DEB03010DF107008DF8073000F029FB51
S3150101E6F0039B9AB2002ABAD095F84A30012B14BF6E
S3150101E700012302231C44013440E713B5002401947B
S3150101E710049C0094F7F7FEFD02B010BD13B5012468
S3150101E7200194049C0094F7F7F5FD02B010BD50F871
S3150101E7303130C3F3130343EA025340F831307047D2
S3150101E740C368F0B58BB100240768013B1E19700837
S3150101E75057F83050C5F31305A94202D110600020C4
S3150101E760F0BD04D9441C9C42F0D92D20F8E7012EB5
S3150101E770FBD9431EF7E700234FF0FF3230B544685A
S3150101E7809C4203D100230372C36030BD016801EBD2
S3150101E790C30541F833206A600133F1E7C0E900128C
S3150101E7A0FFF7E9BF73B51E4600230193C36804460B
S3150101E7B0154613B9002002B070BD42689342F9D8DB
S3150101E7C001AAFFF7BDFF0028F4D12068019950F88D
S3150101E7D0313000EBC1040133ECD03246FFF7A7FF1C
S3150101E7E001206560E7E770B5046893420AD854F8D9
S3150101E7F03230C3F31303994200D901320020049B3D
S3150101E8001A6070BD54F83300C0F31300814201D977
S3150101E8105A1CF3E754F83200C0F313008142EDD3D9
S3150101E8209E18700854F83050C5F31305A94201D159
S3150101E830421CE3E701D9421CD7E7012E01D9431E48
S3150101E840D3E72D20DDE7F0B5C368013B8B4200D349
S3150101E8503BB90B4304D103681A689A605A68DA60B6
S3150101E860F0BD0468DA0054F83370083204EBC306CC
S3150101E870A518A75072686A60E7E72DE9FF471F46A9
S3150101E880C668436804469E428846914604D3032FCF
S3150101E8904DD10123237227E0002203924EB103AB2E
S3150101E8A00093731EFFF79FFF18B920460399FFF7DF
S3150101E8B0CAFF4FF0FF3303992268013602EBC1000B
S3150101E8C042F83130436020683A4650F8313000EB66
S3150101E8D0C1051B0D1B0548EA030340F83130FFF75B
S3150101E8E026FFC5F80490E660002004B0BDE8F08774
S3150101E8F001318B42CDD0206850F8315000EBC10A6D
S3150101E900C5F30752032AF3D12D0D2D0548EA050555
S3150101E9103A4640F83150FFF70AFF012ECAF8049032
S3150101E920E2D9204604B0BDE8F047F8F7E5BC00217D
S3150101E930DFE70023F7B5C56804460F460193FDB12C
S3150101E94043689D421CD801AAFFF7FAFEC0B9019A94
S3150101E95026684FEAC20C56F8320006EBC203411C87
S3150101E9600ED0C0F3130087420AD14FF0FF3146F8AA
S3150101E9700C100D445960954203F1080302D8E56074
S3150101E98003B0F0BD1968013243F8081C596843F810
S3150101E990041CF0E7002337B50193C3680446154605
S3150101E9A01BB94FF0FF3003B030BD42689342F8D82E
S3150101E9B001AAFFF7C5FE0028F3D1019B2168DA0000
S3150101E9C051F83330591CECD01B0D2B7023681344BD
S3150101E9D05868E8E730B50D4604468BB06846E2F75C
S3150101E9E025DA2A4621466846F9F782F8002818BF32
S3150101E9F074200BB030BD7047F0B50E4605468BB09D
S3150101EA0097006846E2F712DA3B46324629466846DE
S3150101EA10F9F782F9044638B93A463146284606F0ED
S3150101EA2048F9002818BF3D2420460BB0F0BD13B5A7
S3150101EA3004466846F8F782FFBDF8023023804FF499
S3150101EA4080736380F8F794FF6060002002B010BD07
S3150101EA50F8F7EABF10B5044644EA010313F00303CC
S3150101EA60084609D1934201D1002010BD54F8231063
S3150101EA7040F823100133F5E72146920006F027F805
S3150101EA80F2E730B504468BB06846E2F7CFD90122E9
S3150101EA9021466846E2F7D4D9054638B9F8F768FF41
S3150101EAA0214620F003002044814202D128460BB0C1
S3150101EAB030BD51F8043B0133F6D03E25F6E730B5BA
S3150101EAC08DB005460C46F8F757FFA8B902A8E2F73B
S3150101EAD0ADD9694601AA02A8F9F7C4F840B9009B64
S3150101EAE09D4207D3019A2C4413449C4288BF6E2050
S3150101EAF00DB030BD6E20FBE71020F9E7704713B565
S3150101EB000023044601461B220DF107008DF807304B
S3150101EB1000F017F922689DF80730B3EBD26F0CBFED
S3150101EB200120002002B010BD13B5002304460146A1
S3150101EB3020220DF107008DF8073000F002F90DF1E1
S3150101EB4007001A22211D00F0FCF862689DF80730C2
S3150101EB50B3EB926F0CBF0120002002B010BD00681B
S3150101EB60431C584258417047006810F07E0F0CBF94
S3150101EB70C0F3C160002070470068C0F3D31070472D
S3150101EB80006800F07F0001288CBF0020012070473A
S3150101EB90036813F07E0F14BF042008207047036831
S3150101EBA013F07E0F03D1406820F07C40704713F0CB
S3150101EBB078001CBF03F07F03D81F7047006800F07F
S3150101EBC07F007047032809D0022803D1C1F1020150
S3150101EBD0C8B2704700290CBF07200020704737B51E
S3150101EBE0054601F10C04436969460122204698470D
S3150101EBF0BDF80030012201932046AB6901A998476E
S3150101EC0003B030BD37B501F10C04436901226946F0
S3150101EC100546204698474FF6FF72009B99B29142ED
S3150101EC200DD11B0C1B0443F4254343F0A5030193AA
S3150101EC3001222046AB6901A9984703B030BD0020E6
S3150101EC40FBE737B5044600251B22011D0DF107001F
S3150101EC508DF8075000F075F860689DF80720B2EB52
S3150101EC60D06F03D120F0784003B030BD0DF107001C
S3150101EC701B2204F108018DF8075000F062F8A06823
S3150101EC809DF80730B3EBD06F01D1C043EAE74FF0EE
S3150101EC90FF30E9E74BF29A22036810B5B2EB134F45
S3150101ECA0044613D19BB2012B13D1FFF7CAFF0130E1
S3150101ECB00CD04FF6FF72E068B2EB104F4FEA1043EA
S3150101ECC009D180B2C01A18BF012010BD23680133D2
S3150101ECD003D00420F9E70220F7E70320F5E701282D
S3150101ECE08CBF002001207047033801288CBF00200A
S3150101ECF001207047143070472DE9F34105469846C6
S3150101ED00036908460E4617469847044650B99DF8C9
S3150101ED1020303A460093314643462846F8F788FDA6
S3150101ED20044618B131462846FFF759FF204602B07D
S3150101ED30BDE8F081408A80F0010000F00100400049
S3150101ED4070471F2A0B689EBF4FF0FF3191408B43DD
S3150101ED50590801F055315B1A03F033319B0803F071
S3150101ED6033330B44017803EB13130A444FF001319A
S3150101ED7003F00F334B43A2EB13620270704708B1E4
S3150101ED80E2F75498212070472DE9F84F0646894646
S3150101ED9017461C46002B70D028B121B11AB1037850
S3150101EDA0032B02D853B9212068E0043B012BFAD881
S3150101EDB080254168021D00F1540A04E0402541689D
S3150101EDC0021D00F12C0A1346081943F8040B4FEAF8
S3150101EDD0D50E1FD2724453F8040B002850D19A4222
S3150101EDE0F9D105F1FF3808EA0108A5EB080BB8F1DD
S3150101EDF0000F22D15C4524D3B4FBF5FB3A465B46B1
S3150101EE0049463046F8F7B4FFC0BB0BFB05F52F4465
S3150101EE10641B30E09C465068A2F104080130506041
S3150101EE20F044C445D6D05CF8040B0028F9D1DCF8CE
S3150101EE3000000130CCF80000F3E75C4508D2A54299
S3150101EE40DAD9224639460AEB080005F040FE14E0FC
S3150101EE505A4639460AEB080005F039FE01235246A6
S3150101EE6049463046F8F784FF40B9641B4444A5423C
S3150101EE7080465F44C0D9002CE3D10020BDE8F88F5C
S3150101EE800F20FBE708B9212070470029FBD0036851
S3150101EE9013F0704209D1C3F309030B601BB943682F
S3150101EEA0002BF0D00B6000207047B2F1004F07D163
S3150101EEB08268D2040ED5C369002BE4D01B68ECE746
S3150101EEC0B2F1204FF4D0B2F1304FF1D0B2F1404F4F
S3150101EED0EED0D8E703F07F03DFE737B50C460546E9
S3150101EEE010B9212003B030BD0029FAD0002301A9B0
S3150101EEF00193FFF7C7FF0028F4D1296811F070418A
S3150101EF0002D1019B2360EDE7AA68B1F1004FC2F37B
S3150101EF108033C2F34035C2F3003207D1062103EB38
S3150101EF20450301FB0233019A5343EBE7B1F1204F4C
S3150101EF3004D12B4402EB82021344F4E7B1F1304FC1
S3150101EF4002D0B1F1404FCCD12B44ECE72DE9F34787
S3150101EF500D4690469A460446F0B1E9B106680F6836
S3150101EF6006F07049BE422AD0B9F1004F11D186EAA5
S3150101EF700703B3F1805F13D3BAF1000F36D1B8F1AC
S3150101EF80000F1FD0A368AA68534013F4E04F19D0AC
S3150101EF9002E0B9F1404FEAD0212002B0BDE8F08785
S3150101EFA00023204601A90193FFF76CFF0028F3D145
S3150101EFB0019AC2F30E0216431743BE42ECD1B9F1CF
S3150101EFC0000FD9DB0023694620460093FFF75AFF5C
S3150101EFD00028E2D1019001A92846FFF753FF002835
S3150101EFE0DBD1DDE900239A42D7D0D5E7AA68B8F18A
S3150101EFF0000F03D0A3685340D904CDD49304E1D4BF
S3150101F000CAE7F7B50C460546002832D0002930D0AB
S3150101F01000230B60036803F070430B60C268042A86
S3150101F02027D8DFE802F0060329292C0043F0006303
S3150101F0302360EB68042B25D16A7C032A19D823683E
S3150101F04023F0407343EA026323602A7C1F2A10D806
S3150101F05023F47C0343EA82432360AA7C072A08D866
S3150101F06023F4603343EAC2332360AB6813F0407F74
S3150101F07032D0212003B0F0BD43F08063D8E743F0DD
S3150101F0804063D5E7AA68960102F040716DD5B1F1E9
S3150101F090407F6DD0002BECD04FF00072236823F036
S3150101F0A0407313432360EA68022A07D12A69032AB6
S3150101F0B0DFD823F47F0343EA02432360EB68032B82
S3150101F0C003D12B69F52BD4D9A370AB68180442BFC0
S3150101F0D0236843F400432360EB68032B09D02368BB
S3150101F0E02A6823F4FF4323F07F03C2F30E0213437D
S3150101F0F023602B68AE68002B06F4805745DB16F4B6
S3150101F100E84FB6D12B6806F4806603F0704303F12C
S3150101F1100043B3F1804F04D21EB1236843F48063E7
S3150101F12023602A68AB68002A48DA13F4407FA0D12C
S3150101F1300023284601A90193FFF7A4FE002899D1CE
S3150101F1402B6813F0704146D12368019A23F47F732A
S3150101F15023F00303C2F3090213432360002F89D06D
S3150101F160EB69002B85D00F2084E7B1F1407F05D1F2
S3150101F170002B3FF47EAF4FF040728FE702F08072B1
S3150101F180002B8BD1002A89D073E7710406F4005252
S3150101F1900DD4002A3FF46DAF236843F40053236075
S3150101F1A0002FAFD0236843F480532360AAE7236875
S3150101F1B043F480432360002AF2D0EDE79A0542BF6A
S3150101F1C0226842F480622260DB0542BF236843F470
S3150101F1D000632360ACE703F05043B3F1004F06D05F
S3150101F1E0B1F1304F03D0B1F1404F7FF442AF019BF2
S3150101F1F02268013B03F07F0322F07F021343236060
S3150101F200002F3FF437AFEA69002A3FF432AFB1F17B
S3150101F210004FA8D1117F71B1002E3FF42BAF43F4FA
S3150101F22000732360537F002B3FF424AF236843F41B
S3150101F230807323601EE7537F002B3FF41BAF002E23
S3150101F240F4D117E773B50C46054608B921201AE032
S3150101F2500029FBD00123C6684B609E4217D80023C3
S3150101F26001A90193FFF739FE68B9019B06B11C3368
S3150101F2706A699A4209D32A69002AE7D0226043F0D2
S3150101F28000530020A36002B070BD1D20FBE7023EC2
S3150101F290022EDBD80023F4E72DE9F0410D460446A1
S3150101F2A098B0002869D0002967D000234FF0007279
S3150101F2B08360C0E90023036215A92846FFF7A1FE71
S3150101F2C0002857D120461599E1F76ADEAB68DB04C0
S3150101F2D03CD52B68002B52DA4FF00108EE696946DD
S3150101F2E0376873682046CDF804800093029700F0D1
S3150101F2F014F9B368204603A9CDF810800393059745
S3150101F30000F00BF9F368204606A9CDF81C80069397
S3150101F310089700F002F93369204609A9CDF828803A
S3150101F32009930B9700F0F9F8736920460CA9CDF8FA
S3150101F33034800C930E9700F0F0F8B36920460FA9BB
S3150101F340CDF840800F93119700F0E7F8284612A9EE
S3150101F350F8F770FF70B9204600F0DFF8284615A9C5
S3150101F360FFF770FF30B9204615A9E1F741DE2046C6
S3150101F370E1F712DD18B0BDE8F0812120FAE70F208F
S3150101F380F8E770B50E46154604468AB0002841D005
S3150101F39000293FD0002A3DD00023012229463046CB
S3150101F3A0FFF7D4FDA0BBF368A3BBEB685A1E012A84
S3150101F3B001D9042B2ED100234FF080722846C4E9CE
S3150101F3C00023A360236207A9FFF71BFE00BB2046AA
S3150101F3D00799E1F7E5DD304601A9FFF733FFB8B932
S3150101F3E0204601A900F099F8284604A9F8F722FF59
S3150101F3F070B9204600F091F8284607A9FFF722FFC8
S3150101F40030B9204607A9E1F7F3DD2046E1F7C4DC6F
S3150101F4100AB070BD2120FBE770B50E4615460446BC
S3150101F4208EB080B179B172B10023012229463046ED
S3150101F430FFF78CFD00286ED1F36823B1032B04D1AC
S3150101F440EB68042B03D0212065E0042BFBD0EB688C
S3150101F450002BF8D0032BF6D000234FF083723046F0
S3150101F460C4E90023A36023620BA9FFF7CAFD0028A3
S3150101F47051D120460B99E1F793DD284601A9FFF702
S3150101F480C0FD002847D1E968019B042904BFC3F3E4
S3150101F490854023F440614FEA936201BFDB0803F41F
S3150101F4A0E0430B430193019918BFC3F3074021F4CC
S3150101F4B07F71130221F00301014303F440731943E0
S3150101F4C0C1F3140120460191E1F76ADD304605A930
S3150101F4D0F8F7B0FEF8B9204600F01FF8304608A942
S3150101F4E0FFF7B0FEB8B9204608A900F016F828467C
S3150101F4F002A9F8F79FFE70B9204600F00EF82846DA
S3150101F5000BA9FFF79FFE30B920460BA9E1F770DD84
S3150101F5102046E1F741DC0EB070BD436813B9416085
S3150101F52070475B685A68012AFBD15960704700F040
S3150101F530F4BD00F0F2BD00F0F0BD00F0EEBD00F04B
S3150101F540ECBD00F0EABD08B548B14FF0FF31E1F776
S3150101F55096DD002814BF6FF01D00002008BD6FF075
S3150101F5601B00FBE708B538B1E1F7A5DD002814BF9B
S3150101F5706FF01D00002008BD6FF01B00FBE710B105
S3150101F580006EE2F71C9A704710B5044630B150235C
S3150101F5908065C3651844E2F77AD9206610BD01205A
S3150101F5A07047F0B506460C4615468DB00AB30027DD
S3150101F5B01022002108A8E2F757D8CDE90577F9F716
S3150101F5C00FFA07AB029305AB019306AB21460093F4
S3150101F5D03A46304608ABF9F7D5F8044620B1F9F7B2
S3150101F5E02DFA20460DB0F0BD099B6B60059B2B6082
S3150101F5F0F5E76FF08604F4E72DE9F041ADF5067DF7
S3150101F6001D46DDE98C3690460F4611B9002A40F0B8
S3150101F61082800DB9002B7ED1002E7CD0002200F113
S3150101F6207E4005383260062878D8DFE800F0047795
S3150101F630771318263400132B0ED900210846E1F75A
S3150101F64055DD002841D06FF08F0420460DF5067D6A
S3150101F650BDE8F0811B2B2CD86FF08904F5E71F2B30
S3150101F660FAD900210846E1F741DD0028EBD14FF433
S3150101F67006716846F9F7F0FF2CE02F2BECD9002132
S3150101F6800846E1F733DD0028DDD14FF406716846FE
S3150101F690F9F7E8FF1EE03F2BDED900210846E1F725
S3150101F6A025DD0028CFD14FF406716846F9F7E0FF51
S3150101F6B010E000210846E1F719DD0028C3D14FF416
S3150101F6C006716846F9F7E0FF04E04FF406716846F2
S3150101F6D0F9F7D4FF0446E1F765DD0028B3D114B18A
S3150101F6E06FF09204B1E742463946684601F0A6FB3E
S3150101F6F00028F5D12946684601F0D8FB0028EFD14B
S3150101F700684601F010FC04460028E9D1684601F07B
S3150101F71015FC306099E76FF0860496E76FF0850472
S3150101F72093E708B5F8F728F9002814BF6FF092009E
S3150101F730002008BDFFF7F5BFF0B51C4600238BB0CD
S3150101F74023600F461646F8F717F970B96846E1F7CF
S3150101F7506DDB054648B9324639466846F8F7C8F9B8
S3150101F76010B926600BB0F0BD25606FF09200F9E784
S3150101F77020F0FF03B3F5824F06D14138C0B201280B
S3150101F78094BF0020012070470020704710B5002466
S3150101F790436814601B0A04D0012B0AD06FF085005F
S3150101F7A010BD0088FFF7E4FF00B1013100201160AF
S3150101F7B0F6E72C31FAE7406810B5000A029C04D03D
S3150101F7C0012807D06FF08B0010BD934209D96FF064
S3150101F7D08C00F9E703F12C009042F8D8103103F1BE
S3150101F7E01C020020C4E90412EEE72B2A03460AD9BA
S3150101F7F0012200200A8048801A684A605A689B687B
S3150101F8008A60CB6070476FF0890070472DE9F04738
S3150101F8100F4692469946054694B078B171B16AB1DF
S3150101F8204288D31D072B4FEAD3085AD0038803F424
S3150101F830E043B3F5805F04D1530708D06FF0860426
S3150101F84027E0B3F5005FF7D0B3F5804F49D002AE9B
S3150101F850202200213046E1F707DF3246414628469C
S3150101F860F9F7D8FA0446A0B943465246394628461D
S3150101F8700096FFF7A0FF044658B9282201460DEB71
S3150101F8800200E1F7F1DE0AA8E1F7D0DA28B16FF05B
S3150101F8909204204614B0BDE8F08731460AA8FFF765
S3150101F8A0FBFC58B1482814BF6FF092046FF0850430
S3150101F8B00AA8FFF764FA0028EBD0E8E76B681B0A90
S3150101F8C006D14A4641462846FFF760FF0446EFE75F
S3150101F8D0524639463046FFF788FF04460028F0D0E4
S3150101F8E0E6E76FF08504D4E72DE9F0439DB00D46B7
S3150101F8F0DDE9248916461F460446002868D00029F9
S3150101F90066D0002A64D0002B62D0B8F1000F5FD017
S3150101F910B9F1000F5CD02022002102A8E1F7A4DE93
S3150101F92020463246294602ABF9F7F2FA0446F8B9FE
S3150101F9300AAD02AE0FCE0FC596E80F0085E80F009E
S3150101F9400C9A7B1C22F080720E9322F4804208F1FC
S3150101F950020323F0030342F4005201A90AA80D94FC
S3150101F9600F930C920194FFF7B8FA28B16FF0920444
S3150101F97020461DB0BDE8F083019B01334345019348
S3150101F98029D82822214612A8E1F76EDE12A8E1F74D
S3150101F9904DDA0028EAD10AAA02A912A8F8F764FCED
S3150101F9A0012812D058B1482814BF6FF092046FF0A4
S3150101F9B0850412A8FFF7E3F90028D9D0D6E7042375
S3150101F9C03B70019BC9F80030F3E76FF08B04F0E758
S3150101F9D06FF08604CCE76FF08904C9E7FFF716BF1C
S3150101F9E0FFF782BF2DE9F04F9FB01546DDE928AB40
S3150101F9F00F46994606462A9A002800F09F80002B59
S3150101FA0000F09C80BAF1000F00F09880002900F007
S3150101FA109580002D00F09280BBF1000F00F08E80E1
S3150101FA20002A00F08B800023B0F80080CBF800306B
S3150101FA3008F44F41EB00B1F5824F13605FD15FFAD4
S3150101FA4088F112290ED128F0FF01B1F5824F02BFCB
S3150101FA50083B5B0813601368B3F5047F04BF40F2EA
S3150101FA600923136000232A4603933946304603AB23
S3150101FA70F9F710F9044600283DD1039C40460734A5
S3150101FA80E408FFF775FE08B1013D01370DF11008D4
S3150101FA902022002140460394E1F7E6DD2146424654
S3150101FAA03046F9F7B7F9044628BBC6460DF1300CC5
S3150101FAB0BEE80F00ACE80F009EE80F008CE80F00CE
S3150101FAC0EB1C214623F00303282214A8CDE90F4795
S3150101FAD01193E1F7C9DD2B46524649463046CDF829
S3150101FAE00080FFF768FE044628B914A8E1F79ED9FC
S3150101FAF038B16FF0920420461FB0BDE8F08F2C4655
S3150101FB00C4E742460CA914A8FFF73BFC98B9524633
S3150101FB1049464046FFF769FE04460028EBD15A469D
S3150101FB2029463046FFF732FE044614A8FFF727F9A6
S3150101FB300028E0D0DDE76FF09204F6E76FF0860466
S3150101FB40D9E710B4048804F4E044B4F5805F06D023
S3150101FB50B4F5005F03D05DF8044BFFF757BE6FF0B4
S3150101FB6085005DF8044B704770B40488DDE90356DE
S3150101FB7004F4E044B4F5804F04D0CDE9035670BCDA
S3150101FB80FFF7B2BE6FF0850070BC7047F8B51E462F
S3150101FB9003880F4603F44F43B3F5824F154610D13F
S3150101FBA0089BF9F777F8044648B9069B9D420BD89D
S3150101FBB02A463946304604F08AFF079B1D602046D6
S3150101FBC0F8BD6FF08504FAE76FF08904F7E72DE9CF
S3150101FBD0F04F97B00E46DDE922AB17461D460446A6
S3150101FBE0DDF8909000286BD0002969D0002A67D0F2
S3150101FBF0209B13B9219B002B62D1BAF1000F5FD073
S3150101FC00BBF1000F5CD0B9F1000F59D0238823F065
S3150101FC10FF03B3F5E24F53D129462046F9F772FAAC
S3150101FC20804600283CD12846F9F7A2FA0546002864
S3150101FC3049D0414628220CA8E1F716DD414620228A
S3150101FC4004A8E1F711DD3A463146204604ABF9F73E
S3150101FC505FF9804620BB62880732D208BBEB420FAF
S3150101FC604FEA420632D30CA8E1F7E0D8B0B9219B9D
S3150101FC702A460193209BCDE902A6009304A9434696
S3150101FC800CA8F8F75BFB78B962880732D2085200F3
S3150101FC90C9F800200CA8FFF772F808B16FF09208B5
S3150101FCA0404617B0BDE8F08F012806D0482814BF99
S3150101FCB06FF092086FF08508ECE76FF08B08E9E7C2
S3150101FCC06FF08608ECE76FF08508E9E76FF08908C0
S3150101FCD0E6E72DE9F04F97B00E46DDE9219ADDE918
S3150101FCE023B817461D46044628B96FF086063046E5
S3150101FCF017B0BDE8F08F0029F7D0002AF5D0209B77
S3150101FD00002BF2D0B9F1000FEFD0BAF1000FECD010
S3150101FD10BBF1000FE9D0B8F1000FE6D025F0FF03E2
S3150101FD20B3F1062F49D1282200210CA8E1F79CDC69
S3150101FD302022002104A8E1F797DC31463A46204604
S3150101FD4004ABF9F7E5F806460028D0D1238823F05C
S3150101FD50FF03B3F5E24FC8D129462046F9F7D2F997
S3150101FD6006460028C3D163880733DB08BBEB430F83
S3150101FD704FEA430424D30CA8E1F758D898B9209B3C
S3150101FD8032460093CDE902A40123CDF8049004A9DA
S3150101FD900CA8F8F7D3FA48B9C8F800400CA8FEF741
S3150101FDA0EEFF0028A3D06FF09206A0E7012814BF49
S3150101FDB06FF092066FF08B06F0E76FF0850696E716
S3150101FDC06FF0890693E72DE9F04FC1B00C46DDE9E5
S3150101FDD04A89DDE94CA793461E460546002800F0EF
S3150101FDE09B80002900F09880002A00F09580B8F1E7
S3150101FDF0000F00F09180B9F1000F00F08D80BAF18A
S3150101FE00000F08D1002F40F087806FF0940420463F
S3150101FE1041B0BDE8F08F002FF7D023F0FF03B3F116
S3150101FE20062F7CD12822002114A8E1F71DDC20220E
S3150101FE30002104A8E1F718DC21465A46284604ABFD
S3150101FE40F9F766F804460028E1D16A880732D20833
S3150101FE50B7EB420FD9D131462846F9F753F9044692
S3150101FE600028D4D101461E9084221FA8E1F7FCDBAC
S3150101FE702B8823F0FF03B3F5E24F2BD10CAD04AE72
S3150101FE800FCE0FC596E80F0085E80F000E9B14A84B
S3150101FE9023F0407323F4804343F40053CDE90E3438
S3150101FEA01EAB109388231193E0F7C0DF70BB0CAA38
S3150101FEB004A914A8F8F7D8F9054614A8FEF75FFFB7
S3150101FEC0284323D104AE0CAD0FCD0FC695E80F0023
S3150101FED086E80F0014A8E0F7A9DF0246B0B90123AD
S3150101FEE0CDE902A7CDE9008904A914A8F8F7A4FA76
S3150101FEF038B12C280DD0012814BF6FF092046FF090
S3150101FF008B0414A8FEF73BFF002880D06FF0920402
S3150101FF107DE76FF09404F4E76FF0860477E76FF0FD
S3150101FF20850474E7FFF753BEFFF7D3BEFFF74BBF57
S3150101FF30FFF74DBEFFF7CDBEFFF745BF2DE9F047F0
S3150101FF408CB09046DDE914A599460F4609B9002AF8
S3150101FF503ED1B9F1000F02D1BAF1000F38D1002D0E
S3150101FF6036D000F17E400538062834D8DFE800F0A6
S3150101FF7019333304101316001C200224824528600C
S3150101FF8012D200236FF089002B600CB0BDE8F08717
S3150101FF9020200324F2E730200424EFE74020052442
S3150101FFA0ECE714200124E9E702A8E0F73FDF064662
S3150101FFB010B16FF09200E8E743463A462146CDE992
S3150101FFC0009A02A8F8F74CF80028DED02E60F0E777
S3150101FFD06FF08600D9E76FF08500D6E730B50D469B
S3150101FFE004468BB0A0B3031D0021D4221846E1F7C4
S3150101FFF03BDB05F17E41053906292CD8DFE801F005
S31501020000042B2B10161C2200012269462270F7F7D7
S315010200100DFF002814BF6FF0920000200BB030BD17
S31501020020022269462270F7F71BFFF2E703226946AD
S315010200302270F7F72FFFECE7042269462270F7F7E1
S3150102004043FFE6E7052269462270F7F759FFE0E723
S315010200506FF08600E2E76FF08500DFE770B50D46C7
S31501020060164604468AB090B101B982B96846E0F7EC
S31501020070DDDE18B16FF092000AB070BD33462A4632
S315010200806946201DFEF780FE0028F5D0F2E76FF0E3
S315010200908600F1E72DE9F0430D4691461E460446D8
S315010200A08BB0A0B301B992BB8EB36846E0F7BEDE50
S315010200B0804620B16FF092000BB0BDE8F083271D98
S315010200C02A4669464B463846F7F736FF0546D42295
S315010200D041463846E1F7C8DAA5B92378013B042B34
S315010200E018D8DFE803F00309070B0D0014220020DC
S315010200F03260E1E72022FAE71C22F8E73022F6E72E
S315010201004022F4E7212DD5D16FF08900D4E76FF0B3
S315010201108600D1E76FF08800CEE708B518B1D8227C
S315010201200021E1F7A1DA002008BDF0B50128064653
S315010201300D4693B020D8482200216846E1F794DAA9
S315010201402F1F0C3500213046E0F7D0DF044630B9C7
S31501020150684657F8041F00F046FE18B101242046EE
S3150102016013B0F0BD684600F014FE0028F6D1E1F79F
S3150102017019D8AF42E6D1F2E72124F0E700B593B0F0
S315010201802822002108A8E1F76FDA20220021684619
S31501020190E1F76ADA08A8E0F749DE0346B0B9202298
S315010201A069460DEB0200F7F7A3FC034670B908A8EE
S315010201B0FEF7E5FD034648B96946FFF7B6FF034672
S315010201C020B9012004A9FFF7B0FF0346184613B070
S315010201D05DF804FB2DE9F04F98460368F1B0044639
S315010201E00E461746DDF8ECA1DDF8F89113BB6D4614
S315010201F08268016928460DF1140BE0F785DA95E864
S3150102020007008BE80700217D6068E0F76FDF04468F
S3150102021060B9524605A908A8B6B1E0F787DB0546DB
S31501020220E0F7C0DF044608B98DB10124204671B05A
S31501020230BDE8F08F012B32D16D46816828460DF15A
S31501020240140BE0F766DADAE7E0F779DBE7E708A805
S31501020250DDE97C12DFF78EDF0028E6D14246394618
S315010202607A9B08A8DFF7F8DF0028DED17F9908A874
S31501020270E0F744DB0028D8D1494608A866B1E0F781
S3150102028041D80028D1D108A8E0F75DD90028CDD000
S31501020290002ECAD12C24C9E7E0F786D8F1E721243A
S315010202A0C4E710B586B00C9C05940B9C04940A9C79
S315010202B00394099C0294089CCDE9003413460A462C
S315010202C00121FFF787FF06B010BD10B586B00C9C61
S315010202D005940B9C04940A9C0394099C0294089C21
S315010202E0CDE9003413460A460021FFF773FF06B033
S315010202F010BDF8F777BFF5F7F9B9F8F7C1BFF8F707
S31501020300B1BF40B2F8F79ABF70B50C46154610B99F
S31501020310F9F724F838B143682BB12A462146BDE8DC
S31501020320704000681847232070BDF7B50D46164682
S315010203301C4648B103B901ACC7685FB123463246D0
S3150102034029460068B84706E0F9F708F804B901AC8E
S315010203500028F1D1232003B0F0BD10B500201C46C0
S3150102036004F0B6F9002820600CBF1B20002010BD46
S3150102037008B50020FCF7A4F8002008BDF8B50C4624
S315010203808D18073552421540A5F10807064638462B
S3150102039000F0D5FBA0883B1B618800EBE30080B22D
S315010203A0A1EBE30125F8040C25F8061CA188DA1055
S315010203B0D1B1A4EBC101B1F802C0C88002EB0C00B5
S315010203C04880E188B9B18A1A92B204EBC10125F8D3
S315010203D0022C8A80A2888AB9B2681344F268B36091
S315010203E0934288BFF3600EE015F8081C41F0020142
S315010203F005F8081CE5E725F8021CEBE7A4EBC204A5
S315010204002278D207E8D43846F8BD2DE9F04F4FF0ED
S31501020410000887B09946531C109B0546174614BF20
S3150102042014460824CDF81480002B00F0C980C3F8C5
S315010204300080002900F0C68042688A4240F2C280EA
S31501020440073121F00706E0F7EBDD05AACDE90082C7
S3150102045082463A464B463146284600F074FB059FD2
S31501020460834607B130B95046E0F7D5DD192007B00A
S31501020470BDE8F08FB7F8028029694FEAC802C0EBDE
S31501020480C8080139B8F1270F29617ED9B9F1000FE0
S3150102049055D1864206F108084CD0224639462846ED
S315010204A0FFF76CFF04460590059B9844404600F011
S315010204B046FB059906F10F004A88C308A2EBD00252
S315010204C0A8F80220CA88A8F80430002A34D0D31A20
S315010204D09BB201EBC202A8F8063093808B88F6081C
S315010204E0A380B8F804303A46E38041460023284601
S315010204F0668000F095FBAB68EA6808339342AB600D
S3150102050088BFEB60237843F0010323702B69013323
S315010205102B616288AB68504603EBC203EA68AB60A3
S31501020520934288BFEB60E0F776DD109B083400202A
S315010205301C609CE73C46B7E7A8F80620CEE707EB26
S3150102054008042046039200F0FAFA0BF10703DB08CE
S315010205500599638008F10703DB08A380CB8893B171
S31501020560DB00039AD81D821A5A44C2F3CF020B4406
S31501020570E2809A80A38808F1FF384FEAD808A1F8E9
S315010205800280CB80B7E7E380F4E7B9F1010F1BD113
S3150102059007F10803B3FBF4F204FB1233B3B12246AB
S315010205A039462846FFF7EAFE044623783A4643F0DF
S315010205B00103237021460123284600F031FBA8E7F7
S315010205C0222054E7212052E78642E8D13C46ECE755
S315010205D007B500224FF0FF3101AB0192F8F716FF82
S315010205E0019803B05DF804FB07B5009313464FF07B
S315010205F0FF32FFF70AFF03B05DF804FB2DE9F04F66
S3150102060005460C4685B0002900F0E680D0E905686A
S31501020610E0F706DD14F808EC34F806CC1EF0010FFB
S31501020620019002D0BCF1000F06D10198E0F7F3DC8C
S31501020630012005B0BDE8F08FA968D5F810B034F8ED
S31501020640049CA1EBCC010BF10103A4F108070CF107
S315010206500102A9602B61B9F1000F43D04FEAC90328
S315010206600293A7EBC903D888B3F802A003901878BE
S315010206700EF0020EC00725D4BEF1000F25D1039854
S31501020680A0EB0A0EBEF1010F2CD10CF102020839C0
S315010206905244C5F810B0A96034F802ECBEF1000F5D
S315010206A022D114F8081C24F806EC6EF3000104F8B2
S315010206B0081C013A5A801A786EF300021A70002257
S315010206C0DA8045E0BEF1000F0CD002984A44091ABD
S315010206D0A96014F8081C6FF3410104F8081C0021F3
S315010206E09980D9E73B46D7E707EBCE0AD5E9001051
S315010206F001EB0009CA450ED314F8081C013A6FF33F
S31501020700000104F8081C002124F8061C5A801A78F4
S3150102071061F30002D2E717F83E70514617F001075E
S315010207202FD014F8087C013A6FF3000704F8087C0D
S31501020730002792B224F8067C5A801A7867F30002DF
S315010207401A70C3F107020A44C2F3CF02DA808A8021
S31501020750002E3FD0B3423DD37288002A08BF1E46FF
S31501020760B8F1000F06D0434504D8B8F80220002A92
S3150102077018BF43460198C5E90563E0F74CDC002042
S3150102078057E7AEEB0C0EBEF1010FCAD1BAF802C0A1
S31501020790AAF802709444BAF80620CAB10AEBC20159
S315010207A000272A69013A2A61AA68083AAA6014F856
S315010207B0082C24F8067C6FF3000204F8082C1A7838
S315010207C0A3F802C067F300021A700029B9D176E7CD
S315010207D01146E5E71E46C3E722202AE710B504467D
S315010207E0F8F742FE2146BDE81040FFF707BFFFF7C3
S315010207F0F5BF70B5049E15461A4696B100233360BD
S315010208008DB181B14D4333462946FFF7EDFE0446CC
S3150102081028B9306818B12A462146E0F725DF204675
S3150102082070BD2224FBE72124F9E707B5002201ABBB
S315010208300192F8F701FE019803B05DF804FB2DE978
S31501020840F74F06460D4614469B46002B00F04081A3
S315010208500023CBF800304368934240F23B8149B909
S31501020860002A00F037815A46204603B0BDE8F04F10
S31501020870F8F7DABD2AB9084603B0BDE8F04FFFF72B
S31501020880ADBFE0F7CDDB35F8067C07344FEAC70981
S3150102089024F00704A1458046A5F1080180F096805F
S315010208A035F8023C002B70D0DA1B012A6DD101EB1F
S315010208B0C30A11F83330D80767D4BAF80220A9EB74
S315010208C0040313EBC20360D41F2B3CDD2F19C4F3BF
S315010208D0CF0425F8064C0134384625F8024C00931C
S315010208E000F02DF935F8022C009BBA80BAF80620E1
S315010208F0DB087B802AB3BAF80210511A11FA83F384
S315010209009BB20AEBC202FB80938052460023394610
S31501020910304600F085F9504600F011F9002235F80B
S31501020920061CB368CBF8005003EBC103F168A3EBD5
S3150102093009038B42B36047D8002A40D0083BB36013
S315010209403DE0FA80E1E733690137013B3361BAF8E9
S315010209500630174425F8067CA3B1BAF802209A1A82
S3150102096012FA87F7BFB20AEBC30325F8027C9F800E
S3150102097052460123304600F053F9504600F0DFF8A3
S315010209800122CCE725F8023CF2E720465A4600212D
S31501020990F8F74AFD044630B14046E0F73CDB204613
S315010209A003B0BDE8F08F4A462946DBF8000004F0A1
S315010209B08EF82846FFF712FF04460028ECD140467E
S315010209C0E0F729DB0024EAE7F360B5E77DD935F8DC
S315010209D0022CA9EB040A531EDB1B002A37D001EBBA
S315010209E0C20711F83220D20732D48BBBC4F3CF032C
S315010209F0291925F8063C0133084625F8023C0091DF
S31501020A0000F09DF8009935F8022C7B888A80FA88D5
S31501020A1003EBDA034B80BAB17888101A10FA83F322
S31501020A209BB207EBC202CB80938000233A46304643
S31501020A3000F0F6F8384600F082F8B368CBF80050B9
S31501020A402344A3EB09037AE70023CB80EDE717469C
S31501020A50BAF1270F39D9C4F3CF02291925F8062C81
S31501020A600132084625F8022C009101930AF1FF3A58
S31501020A7000F065F8009935F8022C4FEADA0AA1F876
S31501020A8002A08A80FFB1019B013313FA8AFA1FFA87
S31501020A908AFAA1F806A0A7F804A033693046013301
S31501020AA0336100231A4600F0BBF8B368CBF8005055
S31501020AB0E2180832F368A2EB09029A42B2607FF6A3
S31501020AC07EAFF2607BE7CF80E7E7CBF8005076E7AF
S31501020AD0222464E7212462E770B50D4616460446D0
S31501020AE0F8F7C2FC33462A462146BDE87040FFF7B5
S31501020AF0A6BE002307B501AA0193FFF7EDFF0198F0
S31501020B0003B05DF804FBF8F771BC13B5002401AA22
S31501020B1021460194F8F788FC00B10194019802B0CC
S31501020B2010BDFFF75BBEFFF759BE0846FFF750BD82
S31501020B300846FFF75CBE08461146FFF7DABF0023F7
S31501020B40036043607047F0B5D0E90540551C08BF04
S31501020B500822002B4FF0000518BF0446DDF818C025
S31501020B60CCF80050002C37D09DF814706588FF0030
S31501020B7007EBC505C2F1000E2078C00708D51BBBDD
S31501020B80E088A0B104EBC004658807EBC505F3E76D
S31501020B908D42F4D363B904F10806B6FBF2F002FB07
S31501020BA0106670180EB1A842EAD8CCF80040F0BD22
S31501020BB0082A0FD06088013004EBC000461A06EA03
S31501020BC00E06801B8542F0D2A0880028EFD0A4EB46
S31501020BD0C004D9E70846E8E72046E8E70346104697
S31501020BE01A69DAB108B921B918680378DB0702D4A0
S31501020BF070479869F9E739B9C3887BB100EBC3003D
S31501020C000378DA07F8D47047012907D183882BB113
S31501020C10A0EBC3000378DB07F8D4704700207047C6
S31501020C202DE9F041D0E90545074688461646F3B156
S31501020C3094420FD042B1954215D14246012138461E
S31501020C40FFF7CCFF05460EE00A463146FFF7C6FF1F
S31501020C500446F2E70A460021FFF7C0FFB542044601
S31501020C60EBD0002EE9D0C7E90545BDE8F0819442F3
S31501020C7008D08C4228BF0C46B54205D0454538BF3F
S31501020C804546F0E70C46F7E74546ECE738B51C461C
S31501020C90C3E900010023C4E90500C4E90233236163
S31501020CA022776362FFF74BFF23690139C9080133D2
S31501020CB041802361A368E268083393424FF0000042
S31501020CC0A36088BFE36038BD08B500F013F800F0F1
S31501020CD02FF8FEE770477047704708B503F019FD14
S31501020CE003F025FD03F02CFD03F03DFDBDE80840B0
S31501020CF003F03ABD08B5FFF7EDFFF8F7DFFAFFF7A4
S31501020D00EAFFE0F7DBDC00F007F803F00DFDBDE8D2
S31501020D100840F8F7B9BB704708B503F0F6FC03F0D3
S31501020D20F5FC03F0F4FC03F0F3FCFFF7F4FF08BD56
S31501020D3003F0FBBC0020704738B50368054693B142
S31501020D40816800F1180291424FF0000406D118465B
S31501020D50E0F736DA6FF040002C6038BD3021DFF75C
S31501020D602DDC2046F9E76FF02000F6E738B5036877
S31501020D7005465BB1DFF7A4DC431C044604D02868B0
S31501020D80E0F71EDA00232B60204638BD6FF02004FF
S31501020D90FAE710B504462068E0F782DA2046FFF743
S31501020DA0E5FF431CF7D010BD38B51C210446E0F718
S31501020DB0A7DA1022342105462046E0F7AFDA0022EF
S31501020DC034212046E0F7AADA3C212046E0F798DAF8
S31501020DD04306F9D435B12A462046BDE838401C21DE
S31501020DE0E0F79C9A38BD37B5044601200D46DFF778
S31501020DF032DCE0B1E0F71CDA2060E0B146F611031D
S31501020E0030222046009304F118012B46DFF7C4DB9A
S31501020E1000210846E0F78EDA002201462046DFF776
S31501020E20A7DB204603B0BDE83040FFF785BF6FF070
S31501020E30020003B030BD6FF00100FAE738B504468F
S31501020E4080690B46154670B35AB3A268E16902324C
S31501020E50B1EB021F06D2E0F7B3D900236FF04400CB
S31501020E60A36138BDB5F1807F06D3E0F7A9D9002386
S31501020E706FF03F00A361F4E729461846E0F759DA15
S31501020E8063680146DB682A4604F11800DFF766DB70
S31501020E9023692B442361E3682B44E360A36801338E
S31501020EA0A3600020DDE76FF02000DAE7836910B561
S31501020EB00446ABB1D0E903239A4204D00268836A9D
S31501020EC052685340836220466369984704F11800C9
S31501020ED04FF4F47104F13002DFF770DB002010BD2C
S31501020EE06FF02000FBE738B583690446C3B11830B9
S31501020EF0DFF7E6DB431C054610D0214651F8C03B1D
S31501020F005B69C3F5AC70C3F5F8720144A069E0F7F9
S31501020F100DDAA069E0F754D90023A361284638BD4A
S31501020F206FF02005FAE710B50446A069E0F7B8D9D3
S31501020F302046FFF7D8FF431CF7D010BD0368D868D7
S31501020F40704738B500252846E0F7C0D90446B8B13E
S31501020F504FF48061E0F7D4D990B100221C212046DA
S31501020F60E0F7DCD94FF0FF3230212046E0F7D6D93F
S31501020F70013534221C212046E0F7D0D9402DE2D199
S31501020F80002038BD704770B504680D1B002D02DCC8
S31501020F906FF05F0070BD94F900602378002E0ADBC2
S31501020FA0631C0360237813600368C91A13688B42B2
S31501020FB0EED80020EEE703F07F035E1E032E10D863
S31501020FC09D42E5DD0025013415600460046816685A
S31501020FD014F8015B013B45EA062515600460F5D16B
S31501020FE0E2E76FF06300D5E770B404680E1B002ECA
S31501020FF007DD26789E4208D10134046070BCFFF7F2
S31501021000C2BF6FF05F0070BC70476FF06100FAE714
S315010210102DE9F04F85B00092984603AA3023044683
S315010210200E469DF838A09DF83CB0FFF7DDFF054658
S3150102103010BB2368039A13449E421AD06FF06505CA
S315010210401AE05A1C226093F80090009B09EA0303F6
S31501021050434522D13146204603AAFFF794FFD0B970
S3150102106009EA0A0159452268039B09D022681A44F2
S3150102107022602368B342E4D3284605B0BDE8F08F67
S3150102108010990029F2D0DDE9107049460193B8475B
S31501021090019B0028EAD00546EEE76FF06105EBE712
S315010210A038B505462C6804B938BDA369A0682B601A
S315010210B0FFF79DFB6069FFF79AFB2046FFF797FB57
S315010210C0F0E770B50E46154604460CB9204670BDCA
S315010210D06368AB4206D12A463146A06803F0E9FDB0
S315010210E00028F3D0A469F0E77F2A034610B51AD97E
S315010210F014460120240A00F10100FBD11C68641A7E
S31501021100844212DB19684C1E1C6001F8012C120A7A
S31501021110F8D1012806D01A68511E196000F17F0321
S3150102112002F8013C10BD0120E8E76FF06B00F9E718
S315010211300368591A0029C1BF03F1FF310160012079
S3150102114003F8012CD8BF6FF06B0070472DE9F0410F
S3150102115006460F4615469846FFF7C6FF041E09DBEB
S31501021160424639463046FFF7E3FF0028B2BF04463E
S31501021170641924182046BDE8F081F0B4144600250E
S315010211800668721A002A1CDD771E076006F8014CF2
S315010211902412002C05F1010211DC046894F90060A5
S315010211A0002E08DA621A002A0BDD621E0260002294
S315010211B004F8012CAA1CDBB2F0BCFFF7C7BF154627
S315010211C0DEE76FF06B00F0BC704770B50D46064660
S315010211D000681146A8421C4609D3451B9D4206D307
S315010211E0C01A1A46306003F072FC204670BD6FF0D9
S315010211F06B00FBE705230022FFF7A8BF70B5044683
S315010212000D46FFF7E2FF021E06DB29462046BDE830
S3150102121070400623FFF79ABF70BD2DE9F04198464B
S31501021220DDE9066304460D461746ABB126B9FFF75B
S31501021230E1FF002812DB064643463A462946204686
S31501021240FFF7DCFF002809DB821929462046BDE8A3
S31501021250F0413023FFF77ABF1E46EDE7BDE8F08184
S3150102126030B40468651A002D0CDD003A18BF01225C
S315010212700123651E5242056004F8012C30BC1A4650
S31501021280FFF764BF6FF06B0030BC70470223FFF7B4
S3150102129074BF70B516461A46049B04460D46FFF7FF
S315010212A094FF021E06DB29462046F3B2BDE87040D2
S315010212B0FFF74CBF70BD2DE9F84306460068894623
S315010212C090461F46089DFFF7FCFE0446002833D1CF
S315010212D020210120FFF7A9FA044650B1C0F8048083
S315010212E041460120FFF7A1FAA06030B92046FFF777
S315010212F07EFA00242046BDE8F8834246494603F0B9
S31501021300E6FB25614DB129460120FFF78EFA6061A0
S3150102131038B9A068FFF76BFAE8E73368A36134606E
S31501021320E8E73368A3613460002FE3D02A463946E1
S31501021330606903F0CCFBDDE725B94069FFF757FA8F
S315010213406561D7E70369AB42EED029460120FFF773
S315010213506CFA06460028CCD06069FFF748FAC4E960
S315010213600456E1E738B500F1410305460246192163
S31501021370DBB20020F8F720FA05F147032A460446B4
S315010213803321DBB21A20F8F717FA2B1F2A463D2121
S315010213900443DBB23420F8F70FFA3E21E4B22A46BF
S315010213A02B2304430846F8F707FA3F21E4B22F2319
S315010213B02A4604430846F8F7FFF9E4B22043C0B2CD
S315010213C038BD2DE9F74F0C9F0546164617B917602A
S315010213D0002012E00324B7FBF4F404EB440847456A
S315010213E018BF0134B4F1804F0AD2A40001348C42F1
S315010213F000D840B96FF02900346003B0BDE8F08F20
S315010214004FF0FF34F6E781460024444503F1030217
S3150102141009F1040A2ED3BC424A4626D293F8008029
S315010214200134BC424FEA98002CBF4FF0000B93F8EF
S3150102143001B0FFF797FF89F800004FEA081000F0A4
S31501021440300000EB1B10FFF78DFFBC4289F801004B
S315010214503CD24FEA8B0000F03C00FFF783FF3D23AD
S31501021460524689F8020089F803300023551B35607C
S315010214701370ADE712F8033C12F8029C980812F8B1
S3150102148001BC01920093FFF76DFF009B0AF8040C61
S31501021490180100F0300000EB1910FFF763FF0AF89C
S315010214A0030C4FEA890000F03C0000EB9B10FFF7AA
S315010214B059FF0AF8020C0BF03F00FFF753FF019A9E
S315010214C0D14613460AF8010C03349EE73D20C6E7CE
S315010214D000220123C0E90023704710B5044648B132
S315010214E0006818B1E188890001F0CBFC00220123D2
S315010214F0C4E9002310BD42F21073994270B5044645
S315010215000D4602D96FF00F0070BDC3888B4201D31D
S315010215100020F9E704212846FFF787F90646002845
S31501021520F0D0216841B1E288920003F0D0FAE18855
S315010215302068890001F0A5FCE5802660E8E7F8B598
S315010215400D46C98804461646FFF7D5FF0746A8B9D0
S315010215503046F8F743F90646B4F90420B5F9041002
S31501021560F8F748F93346F643A080EA8820682968E5
S31501021570F8F74AFBEB88E088984201D83846F8BD6D
S31501021580216851F82320324041F823200133F3E741
S3150102159038B504460D4619B9FFF79FFF002038BD3D
S315010215A0C2888A4207D1002100689200E0F75CD81E
S315010215B00123A380F2E7FFF790FF29462046BDE803
S315010215C03840FFF798BF884270B505460E4609D0E6
S315010215D0C988C28841B92AB1012392008380006871
S315010215E0E0F742D8002070BD4C1E8CB9B6F9043022
S315010215F00134A242AB8012D221462846FFF77BFF75
S315010216000028F0D131682868A20003F060FAE9E700
S31501021610336853F82430002BE8D1013CE5E728680A
S31501021620121B0021920000EB8400E0F71DD8E9E7C6
S3150102163070B50C4601210546FFF75DFF064688B9DE
S31501021640EA88014692002868E0F70ED884EAE47235
S31501021650A2EBE472E40FC4EBC4342B6864000134D8
S315010216601A60AC80304670BDC388B1EB431F3FBFE1
S3150102167003684A0953F8220001F01F013ABFC84024
S3150102168000F00100002070470022C188914201D872
S3150102169000207047036853F8223033B193FAA3F05E
S315010216A0B0FA80F000EB421070470132EEE7C188D2
S315010216B0006800F07CBC08B5FFF7F9FF0730C008E7
S315010216C008BD70B50E4612F0030118BF012101EBE8
S315010216D0920105461446FFF75BFF38B923463246A7
S315010216E0E9882868BDE8704000F083BC70BD1346E6
S315010216F00A46C188006800F0A1BC38B504460D4609
S31501021700FFF7D5FFE3882844B0EB431F06D82068CC
S315010217102A46E18800F002FD002038BD10F01F01C3
S3150102172018BF012101EB50112046FFF7E4FE002804
S31501021730EDD0F2E70A46C18808B511B1006800F09A
S31501021740AFFC002008BD10B5C38823B9CA885AB9AF
S31501021750ABB1012017E0026802EB830252F8042CB6
S31501021760002AF3D1013BF0E70C6804EB820454F83A
S31501021770044C0CB9013AEAE79342EAD80FD3013B8A
S315010217805A1C01D1002010BD026852F823400A6892
S3150102179052F823209442DCD803F1FF33F0D24FF002
S315010217A0FF30F0E730B5C38823B9CA885AB9002B8E
S315010217B03DD136E0026802EB830252F8042C002A7C
S315010217C0F3D1013BF0E70C6804EB820555F8045CA2
S315010217D04DBB013AEAE7B1F9045003D2B1F904006B
S315010217E0404226E0B0F90420002A03DD002D0CDA7E
S315010217F001201EE0002D08DD3AB14FF0FF3018E05E
S3150102180003F1FF330BD2504213E0013B016851F859
S31501021810235054F823108D42F2D9104609E0591C7F
S31501021820F4D1002005E0002BD8D09342D3D9B0F9E8
S31501021830040030BD1FB581EAE173A3EBE1730193A5
S315010218400123C90FC1EBC13149000131ADF80C10B9
S31501021850ADF80E3002A901AB0293FFF7A3FF05B063
S315010218605DF804FB90422DE9F04105460F46144608
S3150102187002D0884206D127460123FC88AB803CB9B7
S31501021880002003E0FFF79FFE0028F4D0BDE8F081B7
S315010218903B684FEA840803EB840353F8043C0BB913
S315010218A0013CECE721462846FFF725FE0028EDD14B
S315010218B02E6823463A683146304600F065FC0746F3
S315010218C006EB0803002FDBD0EA88661CA24208D881
S315010218D031462846FFF70FFE0028D7D12B6803EBC6
S315010218E084031A683446D2192CBF0127002743F80C
S315010218F0042BE7E72DE9F04105460E469046D488CA
S315010219003CB9F188A1420ED26FF009073846BDE80B
S31501021910F081D8F8003003EB840353F8043C002B22
S31501021920EFD1013CECE72846FFF7E5FD0746002823
S31501021930ECD1F28894420BD2AE4209D028683168C2
S31501021940121B920001EB840100EB840003F0BFF845
S31501021950EA88F088824207D92B68121A002192007E
S3150102196003EB8000DFF780DED8F8002023463168DA
S31501021970286800F01FFC024610B90123AB80C5E7B7
S315010219802968EB8801EB840108461B1B00F03BFD2D
S315010219900028F2D0B8E72DE9F843B2F804C0B1F94C
S315010219A0044081461CFB04FC664673430D461746FA
S315010219B01CD511462846FFF7C6FEB0F100080DDB1D
S315010219C03A4629464846FFF795FF98B9B8F1000FFE
S315010219D008BF01240020A9F804400BE02A46484624
S315010219E0FFF788FF30B9644224B2F3E7FFF73AFF03
S315010219F00028EFD0BDE8F8830123FFF7CCBF4FF0F3
S31501021A00FF33FFF7C8BF1FB582EAE273A3EBE273A6
S31501021A1001930123D20FC2EBC23252000132ADF859
S31501021A200C20ADF80E3002AA01AB0293FFF7E7FFD5
S31501021A3005B05DF804FB2DE9F047012316460022A5
S31501021A4086B0884207460D46CDE90223CDE9042335
S31501021A5006D102A8FFF7B7FD0446002833D102AD2D
S31501021A60B74206D1394604A8FFF7ADFD044650BB7D
S31501021A7004AEB5F80680B8F1000F2ED1B6F806907D
S31501021A80B9F1000F33D14FF0010A384609EB0801CB
S31501021A90FFF731FD0446B0B901463846FFF7C8FDE6
S31501021AA0044680B9CDF80090424633682968386801
S31501021AB000F059FCBAF1000F22D1AB88B28813FBB0
S31501021AC002F31BB2BB8004A8FFF707FD02A8FFF7CA
S31501021AD004FD204606B0BDE8F0872B6803EB8803B8
S31501021AE053F8043C002BC9D108F1FF38C3E7336828
S31501021AF003EB890353F8043C23B909F1FF39BFE724
S31501021B000123DFE7B8FA88FA4FEA5A1ABDE72DE947
S31501021B10F341054688461646CF883FB1D8F80030CC
S31501021B2003EB870353F8043C3BB146B9002128462F
S31501021B3002B0BDE8F041FFF77BBD013FEDE7284664
S31501021B40791CFFF7D8FC044670B941462846FFF7CF
S31501021B503AFD044640B9013E00963B46D8F80020BC
S31501021B60E988286800F043FB204602B0BDE8F0810F
S31501021B7070B504460D46104600211646FFF75AFE79
S31501021B80002824DB2A46334621460020F7F740FE89
S31501021B90054638B1284670BD324621462046FFF732
S31501021BA02BFF90B900212046FFF744FE0028F3DB04
S31501021BB031462046FFF7F6FD0028EBDB3246214689
S31501021BC02046FFF71CFF0028F2D00546E2E76FF038
S31501021BD00905DFE72DE9FF410123164600220546E5
S31501021BE068468846CDE90023CDE90223FFF7EBFCDF
S31501021BF00446002855D1314602A8FFF7E4FC044603
S31501021C0000284ED16846FFF73FFD074602A8FFF7B7
S31501021C103BFD064650B9214602A8FFF725FD28B924
S31501021C2041462846FFF7CFFC04463AE00123ADF8C8
S31501021C300C30ADF8043000216846FFF7FBFD50B9C0
S31501021C40B742394602A828BF3146FFF756FD044678
S31501021C5038BB02A9E5E76846FFF716FD0146684665
S31501021C60FFF768FD0446E0B902A8FFF70DFD01463C
S31501021C7002A8FFF75FFD044698B9684602A9FFF775
S31501021C8091FD002817DB6946684602AAFFF732FE74
S31501021C90044630B901216846FFF74CFD0446002887
S31501021CA0C9D06846FFF719FC02A8FFF716FC2046C1
S31501021CB004B0BDE8F08102A96A460846FFF71AFE9A
S31501021CC004460028EDD1012102A8E5E7F7B50E1E6B
S31501021CD0044615461F4614DB1046FFF7ABFD0028E6
S31501021CE00FDD2046E988FFF753FC40B9089B3146D0
S31501021CF0CDE90073E3882A682068F7F79DFF03B0F0
S31501021D00F0BD6FF00300FAE72DE9F0410646884679
S31501021D101046012192B01546FFF78CFD002840F3CB
S31501021D204381002301272A4641466846CDE9023707
S31501021D30CDE90437CDE90637CDE90837CDE90037D4
S31501021D40CDE90A37CDE90C37CDE90E37CDE91037A2
S31501021D50FFF740FF0446002840F09780394668465F
S31501021D60FFF768FD002840F01C812A46414602A879
S31501021D70FFF7FEFE0446002840F0878002A904A868
S31501021D80FFF721FC044600287FD129460AA8FFF75E
S31501021D901AFC0446002878D129460CA8FFF713FC41
S31501021DA00446002871D1394606A8FFF741FC0446CC
S31501021DB000286AD1014608A8FFF73AFC0446002822
S31501021DC063D101460EA8FFF733FC044600285CD115
S31501021DD0394610A8FFF72CFC0446002855D1049B6E
S31501021DE01B68D8073CD50C9B1B68DB0740F1828038
S31501021DF00CA904A8FFF7D6FC0028C0F2AB8004A9FF
S31501021E0008460CAAFFF7FBFD044600283DD106A9A8
S31501021E1008460EAAFFF7F3FD0446002835D110AA9B
S31501021E2008A90846FFF7EBFD044670BB002104A88A
S31501021E30FFF700FD0028D2D100210EA8FFF7FAFC18
S31501021E400028C0F29A8029460EA8FFF7ABFC0028AB
S31501021E5080F29D8030460EA9FFF7B5FB044614E0D9
S31501021E60012104A8FFF766FC044670B9069B1B68AC
S31501021E70DF0729D4089B1B68DC0725D4012106A8A4
S31501021E80FFF758FC044600282FD002A8FFF725FBCE
S31501021E9004A8FFF722FB06A8FFF71FFB08A8FFF716
S31501021EA01CFB6846FFF719FB0AA8FFF716FB0CA8ED
S31501021EB0FFF713FB0EA8FFF710FB10A8FFF70DFBA8
S31501021EC0204612B0BDE8F08106A908460AAAFFF724
S31501021ED093FD04460028D8D108A9084602AAFFF7AD
S31501021EE08EFD04460028C9D0CFE7012108A8FFF7D5
S31501021EF021FC71E701210CA8FFF71CFC044600280E
S31501021F00C3D10E9B1B68D90713D4109B1B68DA0732
S31501021F100FD401210EA8FFF70DFC04460028B4D107
S31501021F20012110A8FFF706FC044600283FF45BAF27
S31501021F30ABE70EA908460AAAFFF75EFD044600288A
S31501021F40A3D110A9084602AAFFF759FD04460028A3
S31501021F50DFD09AE70CA9084604AAFFF750FD04460A
S31501021F60002892D10EA9084606AAFFF748FD0446A3
S31501021F7000288AD108AA10A953E70EA92A460846BB
S31501021F80FFF73AFD044600283FF456AF7DE70EA956
S31501021F902A460846FFF733FD044600283FF453AFAD
S31501021FA073E76FF00D0470E76FF0030488E70139F8
S31501021FB0002901DA0020704750F82130002BF6D0B3
S31501021FC0B3FA83F00131C0EB4110704739B101F127
S31501021FD08041013900EB81018142034600D27047FB
S31501021FE01B680A681BBA12BA40F8042B41F8043975
S31501021FF0F2E72DE9F0411C4613F0030318BF012352
S3150102200003EB94038B4206460D46904613D879B1EB
S315010220108F003A460021DFF727DB2CB1381B224617
S315010220204146304402F053FD29463046FFF7CEFFC2
S315010220300020BDE8F0816FF00700FAE7B3EB810FEC
S3150102204070B504464FEA8105104619D95A1B8618FE
S315010220500021DFF709DB30462B460021C2188B42ED
S3150102206010D1002070BD22F00301615802F003066F
S31501022070F600F140C9B281B90132AA42F3D1ECE7C5
S315010220801A46FAE721F00300205801F00305ED0094
S31501022090E84002F8010D0131E1E76FF00700E1E7DF
S315010220A0F8B50546500988420C4602F01F0601D8CA
S315010220B00AD136B12846A2000021BDE8F840DFF771
S315010220C0D39A1F2A02D8F8BD1F2A0FD9820005EB1F
S315010220D08003291F05EB8407BB421AD1201A38BF98
S315010220E00022002105EB8000DFF7BEDA002EEAD0DE
S315010220F0002205EB8404C6F12000AC42E3D054F879
S31501022100041C21FA06F3134344F8043D01FA00F2D2
S31501022110F3E753F804CB41F804CFDDE71F2AF8B5FC
S3150102212003460D464FEA521402F01F0613D96FF009
S3150102213003000A4600FB0430944202F1FF3113D335
S31501022140621BAC4288BF00222A4418460021920033
S31501022150DFF78ADA034636B1002103EB8403C6F1BF
S315010221602007AC4206D3F8BD50F8212043F82120BE
S315010221700A46E1E71868013400FA06F20A4343F80F
S31501022180042B20FA07F1ECE7F0B500248446204639
S315010221909C4200D1F0BD51F8245052F824702E18F9
S315010221A02CBF01250025BF194CF8247045F100000A
S315010221B00134EDE7F0B50024064620469C4200D1E3
S315010221C0F0BD51F824C052F82470ACEB0005AF42C1
S315010221D094BF4FF0000E4FF0010EED1B46F824504E
S315010221E084452CBF70460EF101000134E6E78B42AD
S315010221F028BF0B462DE9F0479646DE080446C91A62
S3150102220003F0070875460346B4460020089A0CF106
S31501022210FF3CBCF1FF3F03F1200305F1200511D17B
S3150102222004EB461425460EEB46164FEA880C06EBDE
S31501022230880E764540F081806444013980F08B80B6
S31501022240BDE8F08755F8207CA2FB079710EB090938
S3150102225053F8200C47F1000710EB090043F8200C54
S3150102226055F81C0C47F10007A2FB00093F1853F869
S315010222701C0C49F10009C01943F81C0C55F8180C3D
S3150102228049F10009A2FB000719EB000953F8180CE2
S3150102229047F1000710EB090043F8180C55F8140C26
S315010222A047F10007A2FB00093F1853F8140C49F144
S315010222B00009C01943F8140C55F8100C49F100092C
S315010222C0A2FB000719EB000953F8100C47F10007AE
S315010222D010EB090043F8100C55F80C0C47F10007F6
S315010222E0A2FB00093F1853F80C0C49F10009C01969
S315010222F043F80C0C55F8080C49F10009A2FB00073A
S3150102230019EB000953F8080C47F1000710EB090015
S3150102231043F8080C55F8040C47F10007A2FB000A22
S3150102232017EB000953F8047C4AF1000017EB090781
S3150102233040F1000043F8047C69E756F8043BA2FB2E
S315010223400337C318286847F10007C31847F100008D
S3150102235045F8043B6DE723681B182CBF01200020BA
S3150102236044F8043B69E72DE9F347DDF82890154661
S315010223704A440F4692000021064698460024DFF79A
S3150102238073D905F1010A4C4502D102B0BDE8F087C5
S3150102239058F8243006EB840000933A462B46514600
S315010223A0FFF725FF0134EEE72DE9F04712F00304AA
S315010223B018BF012404EB92048C420646884617464E
S315010223C01D464FEA840AC2EB840919D84A460021FE
S315010223D0DFF74AD9A8EB04020021920006EB0A00B4
S315010223E0DFF742D93A46089806EB0901A84705469E
S315010223F018B921463046FFF7E9FD2846BDE8F087C0
S315010224006FF00305F9E730B50546104600229A42F8
S3150102241000D130BD51F82240241A45F8224034BF7A
S31501022420012000200132F2E72DE9F34101F1100505
S3150102243006460F4628460021FFF7FCF9044698B3E3
S315010224406846FFF745F829466846321DFFF75CFCE8
S31501022450044630BB07F108086B4642464146304600
S31501022460F7F734FC0446E0B96B466A4669463046DC
S31501022470F7F72CFC0446A0B96B463A463946304674
S31501022480F7F724FC044660B96B464246414630469C
S31501022490F7F71CFC044620B901212846FFF7C8F8C4
S315010224A004466846FFF719F8204602B0BDE8F081F6
S315010224B0F7B50D460446083568461646FFF708F88D
S315010224C000212846FFF7B6F9211D07462A46684626
S315010224D0FFF795FA044648B9002F0CBF002206F011
S315010224E0010269462846FFF72AF804466846FEF7BE
S315010224F0F4FF204603B0F0BD38B50C46051D29464A
S315010225002046FFF74FF9002801DA002006E02A46A5
S3150102251021462046FFF7EEF90028F0D038BD70B506
S315010225200C460546114620461A46FFF765FA064647
S3150102253030B9043529462046FFF734F9002801DA75
S31501022540304670BD2A4621462046FFF7D3F90028B8
S31501022550F0D00646F4E770B50C460646114620460B
S315010225601A46FFF74CFA054648B90436B4F904305F
S31501022570002B04DA00212046FFF75CF908B9284648
S3150102258070BD324621462046FFF736FA0028EDD0C5
S315010225900546F4E710B50446FEF79FFF04F108006D
S315010225A0FEF79BFF04F11000BDE81040FEF795BF50
S315010225B013F07E0F2DE9F0470C4615460CBF4FF07E
S315010225C0010A4FF0000A07465246294620461E4690
S315010225D0C3F34508FEF7B3FF48BB04F108095246A7
S315010225E0484605F10801FEF7AAFF00BB08F1FF33D1
S315010225F0D3F1000848EB03084246204605F11801CB
S31501022600FEF79DFF98B94246484605F12001FEF7BD
S3150102261096FF60B921463846F209FFF749FF30B9FC
S3150102262004F110000121BDE8F047FFF701B8BDE84A
S31501022630F08738B50C46054601212046FFF75DF8BD
S3150102264028B921462846BDE83840FFF755BF38BDAF
S315010226502DE9F84F1E4603F10805C36804468A466A
S315010226609046002B40F0C08002F110031A4629461B
S31501022670F7F72CFB002840F0EF8006F110072B46F6
S31501022680424639462046FFF74AFF002840F0E480D9
S3150102269006F118092B46424649462046FFF75BFFDB
S315010226A0002840F0D9804B463A4629462046F7F79C
S315010226B00DFB002840F0D080032229463046FFF761
S315010226C026FA002840F0C88031462046FFF714FF5B
S315010226D0002840F0C18008F1080B06F110075B469D
S315010226E05A4639462046F7F7F1FA002840F0B480F7
S315010226F039462046FFF79DFF002840F0AD803B4654
S31501022700424629462046F7F7E1FA002840F0A4801E
S3150102271029462046FFF78DFF002840F09D8006F1ED
S3150102272018093B463A4649462046F7F7CFFA0028AA
S3150102273040F0928049462046FFF77BFF002840F091
S315010227408B803346324639462046F7F7BFFA0028D0
S3150102275040F082802B463A4639462046FFF7FBFE79
S31501022760002879D12B463A4639462046FFF7F3FE31
S31501022770002871D13B462A4629462046FFF7EBFE41
S31501022780002869D133462A4629462046F7F79EFA9A
S31501022790002861D14B462A4629462046FFF7DBFE31
S315010227A0002859D15A464946204608F11003F7F73F
S315010227B08DFA002850D149462046FFF73AFF0028F4
S315010227C04AD139465046FEF7FEFE002844D1294633
S315010227D00AF10800FEF7F7FEF0BB49460AF11000BE
S315010227E0BDE8F84FFEF7EFBE13462946F7F76EFA34
S315010227F090BB032229463046FFF789F960BB314671
S315010228002046FFF779FE38BB04F10C07014638462C
S31501022810FFF710F800283FF45EAF08F110031A46DD
S3150102282029462046F7F752FAB0B906F110092B46A6
S315010228302A4649462046F7F749FA68B93B464A46C7
S3150102284029462046F7F742FA30B92B463246314637
S315010228502046FFF764FE3BE7BDE8F88F0346C069F1
S3150102286020B15B6A002B14BF01200220704710B50C
S315010228700446FEF72DFE04F10800FEF729FE04F1D7
S315010228801000BDE81040FEF723BE38B50025044608
S3150102289000F8045BFEF71CFE04F10C00FEF718FEBD
S315010228A004F11400FEF714FE04F11C00FFF7DFFF2A
S315010228B004F13400FEF70CFEC4E90F55C4E91155C3
S315010228C0C4E91355C4E91555E56538BD10B5044685
S315010228D0FFF7DBFF04F16000FEF7FAFD04F1680081
S315010228E0BDE81040FFF7C3BF08B1FFF753BE7047FB
S315010228F070B5044658B3436C012B11D00C30FEF768
S31501022900ECFD04F11400FEF7E8FD04F11C00FFF7EB
S31501022910EBFF04F13400FEF7E0FD201DFEF7DDFDBD
S31501022920A36D8BB92046BDE870406021F8F762BA03
S3150102293006FB0500FFF7D8FF0135D4E91603AB42C2
S31501022940F6D8FDF754FFEDE700251826F5E770BD29
S3150102295010B5044658B1FFF7CBFF04F16000FEF74C
S31501022960BCFD04F16800BDE81040FFF7BDBF10BD14
S3150102297038B504460D46FEF726FE70B905F1080183
S3150102298004F10800FEF71FFE38B905F1100104F142
S315010229901000BDE83840FEF716BE38BD10B501215C
S315010229A00446FEF745FE60B9012104F10800FEF76F
S315010229B03FFE30B9014604F11000BDE81040FEF7B2
S315010229C037BE10BD002108B51030FEF733FFB0FA4D
S315010229D080F0400908BD1FB500240294079C0194AA
S315010229E0069C0094F7F714FE04B010BD2DE9F047DA
S315010229F01446DDE908890F461E4642464B462146E4
S31501022A000546F7F713FE48B93B46224631462846A4
S31501022A10CDE90889BDE8F047FFF7DDBFBDE8F087DC
S31501022A2013B5049CCDE9003413460A4600F11C0194
S31501022A30FFF7DCFF02B010BD73B50C460146204616
S31501022A4015461E46F7F760FE40B92B46204600960C
S31501022A5004F1680204F16001FFF7E2FF02B070BD02
S31501022A6000B14078704770B500231446E4091D464B
S31501022A7003F10103FAD10468091B994212D302F048
S31501022A807F0161550224D2099C42016803D9194486
S31501022A900160002070BD1D1B62F07F064E55D209F2
S31501022AA00134F1E76FF00A00F4E76FF02D00704789
S31501022AB02DE9F0430026054687B001918F1802964B
S31501022AC0B94225D1731E7E2B00F28C8006EB860657
S31501022AD001213046FDF7A9FE8046A860002800F0D4
S31501022AE0848005903A4601A903A8F7F75DFE0446DC
S31501022AF030B9DDF80C90B9F1020F0FD96FF0670406
S31501022B00A868FDF774FE00232646C5E9013347E0AE
S31501022B1011F8013B2E2B08BF0136D1E7019BBB42BF
S31501022B20ECD218782E28E9D1013304A80193F7F7DC
S31501022B303BFE04460028E3D1B9F1020F02D0049B01
S31501022B40272BDBD8019BBB4204D21A782E2AD5D178
S31501022B5001330193282303FB09F9049B19EB0302B1
S31501022B60CCD2B044414605A8FFF77DFF06460028B0
S31501022B7033D1019BBB4217D3AB68059C0121E41AF1
S31501022B802046FDF752FE074648B32246A96801F0E0
S31501022B909EFFA868FDF72BFE0623C5E901472B60B8
S31501022BA0304607B0BDE8F0833A4601A902A8F7F715
S31501022BB0FBFD04460028A3D1019BBB4204D21A782D
S31501022BC02E2A9BD1013301934146029A05A8FFF7AA
S31501022BD04AFF04460028CCD092E7044690E76FF0FC
S31501022BE069048DE76FF06706DAE76FF06906D7E7E2
S31501022BF00023C0E9003383607047034608461BB1D0
S31501022C001B680BB1DB6818470020704710B500241A
S31501022C1086B005940C9C04940B9C03940A9C029422
S31501022C20099C0194089C0094F7F7DAFE06B010BDE0
S31501022C3010B1006800B100787047CA0448BF41F478
S31501022C4080618B0448BF41F40061816070470228AC
S31501022C5003D0031F5842584170470120704701288B
S31501022C6002D0831F58425841704710B5044686B0B8
S31501022C70002118226846DEF7F7DC6946A06800F0F3
S31501022C8043FB38B96846BDF8024000F080FE204693
S31501022C9006B010BD0024FAE78068F7F7E5BE37B53E
S31501022CA004460D461046694601AAF7F7C9FD28B939
S31501022CB0DDE9002329462046FEF7A0FA03B030BD1E
S31501022CC010B5A8B00446FFF7B3FF072820D1A468C0
S31501022CD0002118226846DEF7C7DC6946204600F065
S31501022CE013FB18B10024204628B010BDBDF8000020
S31501022CF0BDF8021000F44F43B3F5824F18BF00200E
S31501022D00C0B201F07FFA0446684600F040FEEAE7E7
S31501022D10A0222146684601F0DAFE6846FFF788FFDF
S31501022D200238022802D8019B1C78DCE700231B78B3
S31501022D30FFDE10B586B00446FFF77AFF07281BD1DE
S31501022D40A468002118226846DEF78EDC6946204611
S31501022D5000F0DAFA90B9BDF80040684600F017FEB5
S31501022D6004F44F43B3F5824F0AD044F2010324F42B
S31501022D704050C31A5842584106B010BD0020FBE725
S31501022D800220F9E72DE9F04F002787B080460E466B
S31501022D90CDE904772AB96FF06B04204607B0BDE886
S31501022DA0F08F0A440392024603A8F7F7E9FF041ECD
S31501022DB0F3DB039B9A1B002AEDDD5A1E651C039267
S31501022DC031462A4603F8017C03A8FEF78DF9B0F1D4
S31501022DD0000A52DB0322314603A8FEF7A9F9B0F134
S31501022DE000094CDB4046FFF7A4FF83464046FFF746
S31501022DF0A0FF022836D14046FFF762FF00F0FB032F
S31501022E00092B024627D104AA05A9FFF74EFE04465D
S31501022E100028C2D10746049B33B3DDE90432CDE96A
S31501022E200074314603A8FEF7F8F9041EB5DB5544D2
S31501022E304D4425442A46314603A8FEF755F9041E98
S31501022E40ABDB3022314603A8FEF772F9002812DB0A
S31501022E5025444419A1E7314603A8FFF720FF041EC2
S31501022E609BDB27460124D6E7584604AA05A9F7F7AC
S31501022E70D3FC0028D1D004468FE754468DE74C4651
S31501022E808BE710B5044608B1F7F7B4FF2046BDE853
S31501022E901040FDF7ACBC00F4E040B0F5805F04D011
S31501022EA0A0F50053584258417047012070473AB184
S31501022EB0002918BF00232121D21A1844DEF7D49B18
S31501022EC070472DE9F743DDE90A89CDE90089044610
S31501022ED00D4616461F46FCF78FFB10F1860F15D1DC
S31501022EE03B46324629462046CDE90089FDF726F8BA
S31501022EF010F1860F0AD13B46324629462046CDE9D4
S31501022F000A8903B0BDE8F04300F08DBF03B0BDE806
S31501022F10F083434213F07F0314D05F2BC3F1000009
S31501022F2000F3AC8010F10E0F29DA10F13B0F80F29B
S31501022F30D38010F13D0F7BDA10F1400F08BF6FF01D
S31501022F4093002BE010F56E5F00F0E18000F39380B1
S31501022F5010F59C4F76D05DDC10F5C44F00F0CB80A6
S31501022F6031DC10F5C74F00F0C9803FDB10F5C64FC3
S31501022F7068D010F5C54F39D16FF08600704701232D
S31501022F8000F10E02934040F215521342F4D1002889
S31501022F903FD010F1080F08BF6FF0890018BF6FF01C
S31501022FA083007047012300F16C02934041F25052B3
S31501022FB01342E1D1DB0700F1B08010F16A0F08BFBD
S31501022FC06FF08C00EAE710F5A24FD5D011DC10F5AF
S31501022FD0C14F1CD006DC10F5C34F00F0958010F5E9
S31501022FE0C24FC8E710F5A34F00F08E806FF0830041
S31501022FF0704710F59E4F00F0908005DC10F5A14F49
S3150102300005D010F59F4FB6E710F59D4FEED16FF043
S315010230108500704710F5785F73D01EDC10F5994F65
S31501023020AAD008DC10F59B4F6ED010F59A4FDDD170
S315010230306FF09300704710F57E5F65D005DC10F5E1
S31501023040984FD3D16FF09400704720F0800010F5AD
S315010230507C5F08BF6FF08600A0E710F5705F56D05F
S31501023060C4DC10F5725FD2D0C0DC10F5765F83D076
S3150102307010F5745F7FE710F15F0F29DA10F16C0F1B
S3150102308090DA10F1700F45D010F16F0F1ADA10F5C0
S31501023090645FD7D00DDC10F5685FB8D006DC10F599
S315010230A06C5F3FF469AF10F56A5FAFE710F5665FD3
S315010230B0ACE710F5625F30D010F1720F08BF6FF006
S315010230C085006BE710F16E0F08BF6FF0960065E79A
S315010230D000287FF727AF89E710F1200F97D010F16B
S315010230E01F0F05DA10F1220F91D010F1210FB0E76F
S315010230F010F1100F63E76FF0950070476FF09600BD
S3150102310070476FF0910070476FF08C0070476FF057
S31501023110840070476FF0920070476FF08900704724
S3150102312041F2052398421AD8B0F5905F09D241F2CD
S31501023130010398420CD0B0F5885F09D06FF0850083
S3150102314070472923A0F5905080B2C340DB07F5D51D
S3150102315011F0070F0CBF00206FF086007047B0F523
S31501023160105FEBD121F04003802B06D0B1F5807FB1
S315010231700CBF00206FF0860070470020704770B5C3
S31501023180046A05460E463CB90120FDF74EFB28624C
S3150102319028B120466E6270BD6FF08A00FBE76FF0C0
S315010231A08C00F8E7F8B50F46114606461546FFF7B5
S315010231B0E6FF044620B92A463946306A01F087FC01
S315010231C02046F8BD2DE9F14F0C9E8346DDE90A9AA8
S315010231D088461F4615460488002A39D02046FFF73D
S315010231E05AFEE8B133680BB9D30033602046316821
S315010231F0FFF796FF044678B90731B5EBD10F21D116
S315010232004D4522D82A464146384601F060FC3368CC
S315010232100733DB08CAF80030204601B0BDE8F08F5B
S31501023220630415D504F44F44B4F5824F10D13B46DD
S315010232305846CDE90BA6CDF8289001B0BDE8F04F6E
S3150102324000F047BD6FF08604E6E76FF08904E3E715
S315010232506FF08504E0E72DE9F04F456885B02D0A48
S315010232600446DDE90E67894692469B46DDF84080B3
S3150102327006D0012D18D06FF0860005B0BDE8F08F9B
S31501023280CDE901780096FCF781FC10F1860FF4D1A5
S315010232905B46524649462046CDE90F780E9605B061
S315010232A0BDE8F04FFFF78EBFCDE90F780E9605B058
S315010232B0BDE8F04FFCF796BB10B50446006A10B1A3
S315010232C0616AFFF7DEFD0020C4E9080010BD38B5CA
S315010232D00546FFF7F1FF2B7E0446012B0ED0023B7A
S315010232E0012B0ED8EB69012B18BF6FF09604282229
S315010232F000212846DEF7B8D9204638BDEB69002BF6
S31501023300F2E76FF09604F2E773B5054608460C46F6
S3150102331000F03DFB002328461A4601A9F7F750FFA4
S3150102332050B9019E35460FCD0FC495E8030084E8D6
S3150102333003003046F8F782FC02B070BD2DE9F04772
S3150102334004888C46DDE9087804F4E04EBEF5804F28
S3150102335015461E4644F2010E24F440591AD1F1458E
S3150102336007D004F44F44B4F5824F02D0B4F5844F2A
S3150102337020D1BD421BD861462A46304601F0A7FB41
S3150102338000217A1B7019DEF76FD90020C8F80050A8
S31501023390BDE8F087F1450DD004F44F44B4F5824FF0
S315010233A008D1CDE90878BDE8F04700F0C0BC6FF05E
S315010233B08900EDE76FF08500EAE7F0B50F461E4694
S315010233C0154685B00AB3002303A91A463360F7F7F7
S315010233D0F7FE044638B9039803885B0406D4F8F766
S315010233E02DFC6FF08604204605B0F0BDCDE90056EE
S315010233F03B46D0E9081200F097FB04460398F8F71A
S315010234001DFC002C08BF0446EDE76FF08904EAE7CC
S315010234102DE9F0411F46002388B005468846164627
S31501023420CDE9043307923B60002A5ED0B2F1005F18
S315010234305ED205AA04A9F7F763FF0446A0B9049B65
S315010234401A6AAAB1049B41465A882846069206AAD6
S31501023450029203F1240201925A6A00921B6A3246CF
S31501023460FFF7F9FE0446E8B10498F7F7ABFF32E03D
S315010234706B681B0A07D107990498FFF780FE044679
S315010234800028DFD0F0E7012B03D007926FF0860404
S31501023490EAE7284607A9079600F07DFA04460028BE
S315010234A0E9D0E1E70498069B4288C2B943804FF608
S315010234B0F872934216D82B8813B102889A42E5D143
S315010234C06B8813B142889A42E0D13946F7F7E6FE94
S315010234D004460028C8D1204608B0BDE8F0819A42C8
S315010234E0D4D1E4E76FF08504BEE76FF08604F2E714
S315010234F06FF08504EFE770B40024DDE903652C6003
S3150102350000F0FE44B4F1007F04D1CDE9036570BC3D
S31501023510FFF7D7BC6FF0860070BC70472DE9F04FFC
S31501023520456889B02D0A0446DDE91267DDE9148989
S315010235309B46CDE90612DDF858A006D0012D1CD016
S315010235406FF0860009B0BDE8F08FCDE9039ACDE9A7
S3150102355001780096FCF7EEFC10F1860FF2D1DDE957
S3150102356006125B462046CDE9159ACDE913781296E5
S3150102357009B0BDE8F04FF7F785BFCDE9159ACDE958
S315010235801378129609B0BDE8F04FFCF7CDBC2DE9D0
S31501023590F04F8B46994600238BB0DDF85C800446DA
S315010235A0DDE915A711465846C8F800301646F7F761
S315010235B0C7FD00285AD1002F6AD0BBF1000F204661
S315010235C0334614BF4FF480624FF4805209A9F7F7CC
S315010235D0F7FD044600283CD1099D2B8803F4E043FC
S315010235E0B3F5E04F51D1D5E90812BBF1000F40D036
S315010235F06B681B0A0DD0012B1FD0149B2846CDE9FF
S315010236000093CDE903783346CDF808A0F7F764FFB6
S315010236101EE0149B2846CDE90093CDE90378334693
S31501023620CDF808A0CDE90612FCF782FC10F1860F4F
S3150102363004460ED1DDE90612DFE7149B2846CDE9E1
S315010236400093CDE903783346CDF808A0FCF76AFC6E
S3150102365004463A4621465046D8F80030FFF727FC81
S315010236600998F8F7EBFA002C18BF20460BB0BDE813
S31501023670F08F149B2846CDE90093CDE903783346B2
S31501023680CDF808A0FFF74AFFE2E76FF08604E0E70C
S315010236906FF08900EAE71FB5089C0394079C029420
S315010236A0069CCDE9003413460A460121FFF76FFF56
S315010236B004B010BD1FB5089C0394079C0294069C96
S315010236C0CDE9003413460A460021FFF760FF04B034
S315010236D010BD2DE9F04F456887B02D0A0446DDE994
S315010236E01067DDE9128992469B46059106D0012DA6
S315010236F01AD06FF0860007B0BDE8F08FCDE90289D6
S31501023700CDE90067FCF718FC10F1860FF3D15B4691
S31501023710524620460599CDE91289CDE9106707B0CF
S31501023720BDE8F04FF7F724BFCDE91289CDE910675D
S3150102373007B0BDE8F04FFCF7F9BBF0B5074687B015
S3150102374000200C4615461E46F7F7FAFCD0B9234669
S315010237504FF40052384605A9F7F732FD90B90D9B91
S31501023760059803930C9B0095CDE901632346D0E9A5
S315010237700812FFF7AEFF04460598F8F75FFA002C28
S3150102378018BF204607B0F0BD036819430CBF0120DC
S3150102379000207047F7F7B8BC70B505880446DDE925
S315010237A0046228460699FFF776FB28B13046BDE842
S315010237B070401146F7F7A8BC25F0FF05B5F5E24FB3
S315010237C006D10B4620463146BDE87040F8F714B8DB
S315010237D06FF0850070BD2DE9F04F1F46002389B0B9
S315010237E09046129ACDE905331360438805460E4683
S315010237F0002B00F0C980038803F4E043B3F5804F40
S3150102380000F0C28039463046FFF7BEFF002800F0BD
S31501023810BB80284606AA05A9F7F772FD814600284C
S315010238207FD1059A6C68126A82B16B68059C1B0A84
S31501023830D4F820A054F824BF77D0012B00F09D8044
S315010238406FF086090598FFF737FD6AE0240A61D110
S31501023850B5F800A069885046FFF71DFB80B15046B6
S31501023860FFF75EFC814600285BD10AF4E043B3F51B
S31501023870805F02D0B3F5005F0AD10731CC0817E0A9
S315010238802AF0FF03B3F5E24F37D06FF0850948E01E
S315010238900AF44F43B3F5844FEFD047F201039A4539
S315010238A00FD149080131C90801EBC10101F13B04FC
S315010238B0079407990598FFF762FC81460028B4D060
S315010238C02FE044F201039A4503D1C90801F110041C
S315010238D0EEE747F202039A4505D1C90801EB410118
S315010238E001F15A04E4E744F202039A4505D1C908F3
S315010238F001EB410101F14A04DAE72AF0FF00B0F5D2
S31501023900E24FBAD0B0F5824F01BFCC1DE408640084
S315010239100134CDE7284607A900F03DF88146002883
S31501023920C7D00598F7F74EFD23E02B885B040BD42D
S315010239303B46424631462846CDE901B4CDF800A0C0
S31501023940FFF72AFF814609E023465A465146284691
S31501023950FCF7F7F810F1860F8146E9D00598B9F11F
S31501023960000F7FF46FAF1299F7F798FC8146002892
S31501023970D7D1484609B0BDE8F08F23465A4651468B
S315010239802846FCF72BF8DDE76FF08609F1E71822E6
S315010239900021DDF7699E426870B5120A05884388DF
S315010239A006D0012A56D000236FF086000B6022E072
S315010239B005F4E042B2F5805F02D0B2F5005F05D1AF
S315010239C00733DB0840D16FF0850014E005F44F425E
S315010239D0B2F5844F03D10733DB080AD1F3E747F285
S315010239E00102954208D15B080133DB0803EBC303ED
S315010239F03B3300200B6070BD44F20102954202D1B5
S31501023A00DB081033F5E747F20202954204D1DB08DF
S31501023A1003EB43035A33ECE744F20202954204D123
S31501023A20DB0803EB43034A33E3E725F0FF05B5F56C
S31501023A30E24FD0D0B5F5824FC5D10733DB085B0023
S31501023A400133012BD5D1BEE725F0FF05B5F5824F2E
S31501023A50CFD1F6E705F4E046DC1DB6F5805F25F029
S31501023A60FF024FEAD40002D0B6F5005F06D1002864
S31501023A704AD0B2F5824F07D1034640E005F44F46DC
S31501023A80B6F5844F02D190B3C31C32E047F2010668
S31501023A90B5420DD15B080133DB0803EBC3033B33AC
S31501023AA00333800723F0030335D1072C23D132E0F8
S31501023AB044F20106B54202D1DB081033F0E747F2C0
S31501023AC00206B54204D1DB0803EB43035A33E7E7A7
S31501023AD044F20206B54204D1DB0803EB43034A333F
S31501023AE0DEE7B2F5E24FCED0B2F5824F05D00B68D2
S31501023AF0033323F003032C337BE743000133012B0A
S31501023B0000D10B68013BCBE7B2F5824F0B6806D0B9
S31501023B10033323F00303B2F5824FECD102E0023301
S31501023B2023F003030433E6E72DE9F3474568044628
S31501023B30DDE90A672D0A884691469A4606D0012D85
S31501023B4016D06FF0860002B0BDE8F087CDE90067B6
S31501023B50FCF70AF810F1860FF5D153464A4641465B
S31501023B602046CDE90A6702B0BDE8F047FFF7E6BB9A
S31501023B70CDE90A6702B0BDE8F047FBF731BF2DE98F
S31501023B80F84300F4E049B9F5804F05460C469046E4
S31501023B901F4612D100F44F43B3F5824F02D1C3B28D
S31501023BA0412B0AD0FB0705D57B0844B1E21DB3EBD5
S31501023BB0D20F05D06FF0860562E03B46F5E7DC00E1
S31501023BC080210120FCF731FE064600287ED0FEF751
S31501023BD07DFE05F44F43B3F5824F07D1E8B2302893
S31501023BE059D00DD8122815D017285CD06FF086044B
S31501023BF03046FEF7ADFE3046FCF7F9FD25463FE0BD
S31501023C004128F3D1B4F5807F52D0B4F5E07F0ED0CE
S31501023C10FF2C0BE040F209239C4208D036D8B4F5BA
S31501023C20807F04D02FD824F02003C02BDED1214679
S31501023C3000F0E8FA0146002843D03046F6F764FD63
S31501023C40FFF767F9054600283ED1B9F5804F31D114
S31501023C5006F168093B46424649463046F6F726FAD8
S31501023C60FFF757F904460028C2D149463046F6F70E
S31501023C7063FAFFF74EF904460028B9D1089B1E6084
S31501023C802846BDE8F883B4F5C07FCFE7B4F5047FD3
S31501023C90ACD11C46CBE724F08003B3F5807FC6D0B6
S31501023CA0B4F5007FC2E7C02CC1D0B4F5807FBDE771
S31501023CB0FF24BCE73B46424631463078F6F7D4FC50
S31501023CC0D7E76FF0850493E7044691E76FF08C0519
S31501023CD0D6E77FB51E460023039303AB0093054641
S31501023CE013460A4641880088FFF749FF0446A0B9F0
S31501023CF02888039900F44F42B2F5824F0B6C03D127
S31501023D00C2B2412A08BF01330A9A1360099B32469D
S31501023D100093089BF7F72CFD0446039D2846FEF700
S31501023D2017FE2846FCF763FD204604B070BD7FB539
S31501023D301E460023039303AB0093054613460A4628
S31501023D4041880088FFF71BFF0446D0B92888039DE6
S31501023D5000F44F43B3F5824F099B0CBFC0B24FF437
S31501023D6082403246294608BF40F482400093089BAE
S31501023D70F7F7FEFC04462846FEF7EAFD2846FCF75D
S31501023D8036FD204604B070BD036870B505460E4681
S31501023D90002B45D101F17E43053B062B32D8DFE8E4
S31501023DA003F0043131131C222B00041D2046FBF7BC
S31501023DB0C6FB2046F4F740FC044668BB2E6020464B
S31501023DC0BDE87040FFF7A5B8041D2046FBF7B3FB1B
S31501023DD001212046F4F7FEFBEEE7041D2046FBF720
S31501023DE0AAFB0021F5E7041D2046FBF7A0FB0121F2
S31501023DF02046F4F7BDFBDFE7041D2046FBF797FBE0
S31501023E000021F5E701F0FE46B6F1007F14BF6FF01F
S31501023E1086006FF0850070BD2846F7F729FDCEE7CB
S31501023E206FF08800F7E72DE9F0430446B9B00E4674
S31501023E30DDE940890021174601A8DC221D46DDF78E
S31501023E4013DC2146C9F8008001A8FFF79DFF04464D
S31501023E5030B101A8F7F70CFD204639B0BDE8F08371
S31501023E603A46314601A8F7F729FD04460028F0D162
S31501023E704B464246294601A8F7F744FD044601A8E6
S31501023E80F7F7F6FC002C08BF0446E5E7037E022B92
S31501023E9006D1C3695A1C03D00133C361002070479E
S31501023EA06FF09600704703466FF040420846591E6E
S31501023EB0914207D338B103F1404393428CBF0020AC
S31501023EC00120704701207047034668B1017E8A1EB0
S31501023ED0012A0BD80329C26903D1012A01D1FFF7AD
S31501023EE0F6B91AB1013ADA61002070476FF096000D
S31501023EF0704700207047C0B2FF280CBF6FF08600E2
S31501023F000020704737B50C4601A90546F7F71AFE98
S31501023F1030B90198256003B0BDE83040F7F78EBE8F
S31501023F2010F1880F4FF0000308BF6FF08B0023607A
S31501023F3003B030BD07B500216A46FBF732FB8C3070
S31501023F4018BF012003B05DF804FB13B500216A46D0
S31501023F500446FBF726FB8C3002D1002002B010BDCD
S31501023F6000212046F4F748FE014610B16FF0980091
S31501023F70F4E76A462046FBF714FB8C30EDD0F5E7F1
S31501023F802DE9FF4107461446884600293FD0002AFB
S31501023F903DD0B2F5005F3DD202F124063146012041
S31501023FA0FCF743FC0546C0B303463A462146404662
S31501023FB0F7F798FE7F6900243846FFF7BBFF012811
S31501023FC01FD021462B46324638460094F4F744FD6B
S31501023FD00146C8B9384602AAFBF7E3FA044620B9F4
S31501023FE0029B9E4205D06FF0980438460021F4F7F1
S31501023FF003FE31462846FEF744FF204604B0BDE8DB
S31501024000F0816FF08A04F4E76FF09804F1E76FF03C
S315010240108604F2E76FF08D04EFE76FF08C04ECE7AC
S31501024020FEF72FBF2DE9F047D0F814A086B08146DE
S31501024030884617465046002104AAFBF7B2FA0446FF
S3150102404010BB049E01203146FCF7EFFB0546002812
S3150102405037D02146504604AA0394FBF7A2FA044636
S3150102406070B903AB02462146CDE9005350463346A9
S31501024070F4F766FD039B04469E4209D06FF098044D
S3150102408031462846FEF7FDFE204606B0BDE8F0871A
S315010240900028F5D13B46424631462846CDF80090E6
S315010240A0F7F73EFE04460028EAD1D8F800302BB1D4
S315010240B03B68002B08BF6FF09104E1E76FF09104B2
S315010240C0DEE76FF08C04DFE773B50C46164602781D
S315010240D03AB19A1BA2420BDA6FF06B05284602B07F
S315010240E070BD013C00F10100F1D16FF06705F5E702
S315010240F01B1B224601461846019300F0E8FC90F983
S315010241000020002A08DA821B002AE5DD421E0192FE
S315010241100022013400F8012C2246314601A8FCF79F
S31501024120E3FF051EDADB0222314601A8FDF700F89C
S31501024130002802DB25440544D0E70546CEE72DE9F2
S31501024140F341064617461D4600900144022368467E
S3150102415001AAFCF749FF18B9019B23B96FF0670061
S3150102416002B0BDE8F081009A92F9000011780028A8
S31501024170F4DB71B1DDF80480A845EFD8009CA5EB0C
S315010241800800214642463844444400F0A0FCA01BE4
S31501024190E6E7511C013B00910193002BEAD05378CB
S315010241A0002BE7D1DAE710F1860F13D010F1850F54
S315010241B00BDA20F0020393330FD010F1970F0CBFE5
S315010241C06FF06D004FF0FF307047003818BF0120C5
S315010241D0404270476FF0710070476FF06F00704791
S315010241E030B40024944201D130BC184731F924502D
S315010241F0854201D00134F5E701EB8401B1F90200F0
S3150102420030BC7047122805D1B1F5807F0CBF03205F
S315010242100020704700207047084608B51146FFF78F
S31501024220B9FA002818BF6FF03B0008BDF0B593B08C
S31501024230189C0730C6081C44B2EB460F0F461D46B2
S3150102424001943DD1B0F5847F3DD2324602A800F0F9
S315010242503EFC3246B9190AA800F039FC23462A4621
S3150102426031460AA8FFF730FF041E26DB019B2A46C8
S315010242701B1B314602A80193FFF726FF2746041EA0
S315010242801BDB019B27441B1B3A46294601A80193C6
S31501024290FCF72AFF041E10DB3022294601A8FCF78F
S315010242A047FF002812DB3C44044422462846019972
S315010242B000F00FFD199B1C600024204613B0F0BDCF
S315010242C06FF06704F9E76FF06B04F6E70446F4E76B
S315010242D02DE9F04393B0994607301A9BC508B3EB13
S315010242E0450F0E46904600914FEA450737D3402FB8
S315010242F035D83023684601AA4144FCF775FE0446C7
S3150102430048BB01463A4602A8DDF7AED9DDE900010E
S315010243102B4602AAFFF713FF031E23DB009801991E
S3150102432002AA1844C91A2A442B4600900191FFF7A2
S3150102433006FF051E18DB009B019A2B4400939B1B6B
S31501024340521B4345019211D13A46484602A900F051
S31501024350BEFB1B9B1F60204613B0BDE8F0836FF0C6
S315010243606B04F8E71C46F6E72C46F4E76FF06504A2
S31501024370F1E76FF01B007047704703463038C2B24F
S31501024380092A0FD9A3F16102052A02D8A3F157001E
S315010243907047A3F14102052A02D8A3F137007047FB
S315010243A04FF0FF30704710B504460078FFF7E5FF7E
S315010243B001466078FFF7E1FF4A1C04D0431C0CBF9B
S315010243C0014640EA0111084610BD2DE9F3470646AA
S315010243D00F4690464FF00009B8F1000F14D14A4634
S315010243E039463046FCF780FE041E09DB3022394687
S315010243F03046FCF79DFE00284BDBA14400EB090485
S31501024400204602B0BDE8F087D8F81030D8E901A5F8
S31501024410009339463046D8F81430D8F80C20FCF708
S3150102442038FF041EECDB2A46534639463046FCF772
S31501024430E5FE051E2BDB25442A4639463046FCF7A6
S3150102444053FEB0F1000A20DB302239463046FCF732
S315010244506FFE041ED4DBAA44A244524639463046B4
S31501024460FCF742FE051E12DB312239463046FCF7C5
S315010244705FFE041EC4DB05EB0A032344002B1C4624
S31501024480BEDBD8F818809944A6E75446B8E72C460D
S31501024490B6E70446B4E72DE9F74F064600680F462C
S315010244A08842904699460D9C05D26FF06B052846C7
S315010244B003B0BDE8F08F431AA342F6D3001B22468E
S315010244C00C99306000F003FB3368DA1B002AECDD3D
S315010244D04FF0000B5A1E01343260394622463046ED
S315010244E003F801BCFCF700FE051EE0DB0322394698
S315010244F03046FCF71DFEB0F1000A12DB9DF838309A
S315010245004246043B18BF01233946CDE900B3304682
S315010245104B46FCF782FE002805DB2C445444051960
S31501024520C5E75546C3E70546C1E72DE9F84F0746F4
S31501024530884616464FF000091EB94C462046BDE88C
S31501024540F88FD6E9043241463846013B0132FCF77F
S315010245503CFE041EF2DB326941463846013AFCF75B
S31501024560C3FDB0F1000A48DB042241463846FCF796
S31501024570DFFD051E3DDB7369A2441B7855443BB141
S31501024580012241463846FCF76BFE041ED6DB254462
S315010245904146D6E901323846FCF717FEB0F1000B67
S315010245A029DB414638467268FCF79EFDB0F1000AE6
S315010245B023DB062241463846FCF7BAFD041EBDDB63
S315010245C05D44554425442A4641463846FCF78CFD4E
S315010245D0B0F1000A11DB302241463846FCF7A8FD4C
S315010245E0041EABDBAA4414EB0A04A7D4B669A144A0
S315010245F0A2E72C46A2E75C46A0E754469EE71022B4
S315010246000021DDF7319810B5044660B10430FCF79C
S3150102461047FD04F10C00FCF743FD2046BDE81040BE
S315010246201021F6F7E7BB10BD0172704701607047B2
S315010246300430F7F70FBC0369C26893429CBF8168D5
S315010246405B18013B981A70472DE9F041D0E90284C3
S315010246500546A8EB04064068964220440F461444D8
S3150102466004D900F034FAEC60BDE8F0813246A4EBDD
S31501024670080400F02CFA22466868B919F1E72DE917
S31501024680F8430646894617464FF00008C56833695E
S31501024690B4689D4228BF1B19641BBC4228BF3C4615
S315010246A0013B5B1B9C4228BF1C4670684946284455
S315010246B0224600F00CFAB3682544AB4208BF002536
S315010246C03F1BA044A144F560E1D14046BDE8F88311
S315010246D010B50B46EFF311844FF0200181F31188D7
S315010246E01946F7F777FE84F3118810BD10B5EFF777
S315010246F027FA0446F8F78CFF2046EFF731FAFBE773
S31501024700704700207047704770477047704770477F
S31501024710704708B5F0F7E4FFFBF7EBFDF0F7D6FFBC
S31501024720BDE80840F2F792BF7047DCF7ED9F08B586
S31501024730F1F7A6F8F1F730F9BDE80840F9F787BCB9
S3150102474008B5F9F782FCF3F79DFFF6F78FFFF3F74A
S3150102475013F9F4F79FFFFBF711FDF4F72FFEBDE8FE
S315010247600840F7F749BF7047704708B5FCF7B5FA35
S31501024770F7F726FFFCF7DEFA00B908BDFCF7ACFA3B
S31501024780F8E70B4601461846F8F7BEBAFCF7BDB97B
S315010247909368013B002B936010B408DA9469A34233
S315010247A001DB0A2903D15DF8044B00F01AB813683C
S315010247B0581C1060084619705DF8044B7047F8B52D
S315010247C006460F461446D518AC4201D1002007E031
S315010247D03A4614F8011B3046FFF7DAFF431CF3D1C0
S315010247E0F8BDF8B50E461446054618B1036A0BB96B
S315010247F0F8F724FBA369A360A3891A0701D52369E4
S3150102480043B921462846F8F7EDF818B14FF0FF37BC
S315010248103846F8BD2368F6B222693746981A6369A3
S31501024820834205DC2146284600F01BF90028EDD11A
S31501024830A368013BA36023685A1C22601E70431CB5
S3150102484062699A4204D0A389DB07E1D50A2EDFD138
S315010248502146284600F005F90028D9D0D6E7C9B283
S315010248600346184613F8012B12B18A42F9D1704751
S31501024870002918BF002070472DE9F04716469846D1
S315010248808A6807460B690C46DDF820909342B8BF49
S315010248901346336091F843200AB10133336023682A
S315010248A0990642BF336802333360256815F006055F
S315010248B006D104F1190AE36832689B1AAB422BDC72
S315010248C094F843302268003B18BF0123920630D484
S315010248D004F1430241463846C847013023D02368D2
S315010248E01A3454F80A2C03F00603042B0ABF54F8AF
S315010248F00E5C002533684FF0000608BFED1A54F826
S31501024900123C08BF25EAE5759342C4BF9B1AED180E
S31501024910B5421AD1002008E00123524641463846E3
S31501024920C847013003D14FF0FF30BDE8F0870135AA
S31501024930C1E7E1185A1C30200233224481F84300B0
S3150102494094F8451082F84310C2E7012322464146F4
S315010249503846C8470130E6D00136D9E7B1F90C200D
S315010249602DE9F041170705460C4656D44B68002B34
S3150102497002DC0B6C002B3DDDE66A002E3AD00023E9
S3150102498012F480522F68216A2B6025D0626DA389A9
S31501024990580705D56368D21A636B0BB1236CD21A19
S315010249A0216A0023E66A2846B047411C24D0002327
S315010249B0636023692360A389DA0400D56065616BAC
S315010249C02F60B9B104F14403994202D02846FCF79B
S315010249D0AFF8002363630DE001232846B047461C66
S315010249E00246D4D12B68002BD1D01D2B01D0162B18
S315010249F02AD12F6000202EE02A68B4F90C3042B188
S31501024A001D2A01D0162A21D100236360236923605E
S31501024A10D5E7626022692260CEE70F69002FE9D0ED
S31501024A2093070E680F600CBF4B690023A6EB0708BC
S31501024A308B60B8F1000FDDDD43463A46216A28460E
S31501024A40A66AB047002808DCB4F90C3043F04003EB
S31501024A504FF0FF30A381BDE8F0810744A8EB0008BF
S31501024A60E7E738B50B6905460C4613B90025284612
S31501024A7038BD18B1036A0BB9F8F7E0F9B4F90C308D
S31501024A80002BF3D0626ED00704D4990502D4A06D2F
S31501024A9000F03AF928462146FFF760FF636E0546A4
S31501024AA0DA07E4D4A3899B05E1D4A06D00F02DF9C0
S31501024AB0DDE7C9B20346024410B59342184601D155
S31501024AC0002003E0047801338C42F6D110BD0A447A
S31501024AD0431E914200D1704710B511F8014B914224
S31501024AE003F8014FF9D110BD062008B5F8F72AFBE4
S31501024AF00120F9F7B8FA10B56AB10139841810F82C
S31501024B00012B11F8013F9A4203D1A04201D0002A9A
S31501024B10F5D1D01A10BD1046FCE70139034610B58E
S31501024B2032B111F8014F013A03F8014B002CF7D1CA
S31501024B301A440021934200D110BD03F8011BF9E783
S31501024B4070B50D461446064618B1036A0BB9F8F755
S31501024B5075F9636ED90705D4A3899A0502D4A06DA6
S31501024B6000F0D2F8A3891B0701D5236973BB21463D
S31501024B703046F7F737FF48B3636EDA0702D4A389E3
S31501024B809B0529D54FF0FF3013E0A368013B002BAB
S31501024B90A3600FDB23685A1C2260197015F8011FE6
S31501024BA00029F2D1636ED80702D4A38999050FD5DC
S31501024BB0002070BDA269934201DB0A29EAD122468D
S31501024BC03046FFF70EFE0130E8D1D5E7013DE5E7B4
S31501024BD0A06D00F09AF8EBE7A06D00F096F8D1E728
S31501024BE0034613F8012B002AFBD1181A0138704724
S31501024BF010B50C46B1F90E10F8F7E0FA0028ABBF72
S31501024C00636DA3891B1823F48053ACBF6365A3812B
S31501024C1010BD2DE9F0411F468B8905460C46DB0581
S31501024C20164605D502230022B1F90E10F8F7B4FA99
S31501024C30A3893246B4F90E10284623F48053A38180
S31501024C403B46BDE8F041F8F75FB910B50C46B1F93C
S31501024C500E10F8F7A1FA431CA38915BF606523F468
S31501024C60805343F48053A38118BFA38110BDB1F9C8
S31501024C700E10F8F757BA2DE9F84307468846144647
S31501024C800026D4E90195B9F1010905D52468002C5C
S31501024C90F7D13046BDE8F883AB89012B07D9B5F9BF
S31501024CA00E30013303D029463846C04706436835DC
S31501024CB0E9E70139024410B5904201D1002005E02D
S31501024CC0037811F8014FA34201D0181B10BD013020
S31501024CD0F2E7884210B501EB020402D98442234667
S31501024CE007D8431EA14208D011F8012B03F8012F60
S31501024CF0F8E7024401468A4200D110BD13F8014D7C
S31501024D0002F8014DF7E770477047704770B50C46D8
S31501024D10B1F90E1096B0154600291E460CDAA38982
S31501024D20002113F0800F14BF40234FF4806300204B
S31501024D3031602B6016B070BD6A46F8F70BFA00288F
S31501024D40EDDB019901F47041A1F500535942594134
S31501024D504FF48063EBE78B89F7B59D0706460C4650
S31501024D6007D504F14703236023610123636103B07D
S31501024D70F0BD01AB6A46FFF7C9FF009F0546304603
S31501024D803946FBF7D2FE48B9B4F90C309A05EED48E
S31501024D9023F0030343F00203A381E2E7A389206020
S31501024DA043F08003A381019BC4E904075BB1B4F913
S31501024DB00E103046F8F7E0F928B1A38923F0030370
S31501024DC043F00103A381A3891D43A581CFE72DE901
S31501024DD0F0471F468E6882460C46BE4290460B68D5
S31501024DE02DD8B1F90C2012F4906F26D065690969A4
S31501024DF005EB4505A3EB01097B1C05EBD5754B4478
S31501024E006D109D4238BF1D46530527D52946FBF72E
S31501024E108CFE064660B34A462169FFF758FEA3890E
S31501024E2023F4906343F08003A38126614E446561B6
S31501024E30A5EB090526603E46A560BE4200D93E465F
S31501024E40324641462068FFF744FFA36800209B1BB8
S31501024E50A360236833442360BDE8F0872A46FBF743
S31501024E606AFE06460028E0D121695046FBF760FE3C
S31501024E700C234FF0FF30CAF80030A38943F04003F8
S31501024E80A381E9E71F2938B505460C4604D916233D
S31501024E9003604FF0FF3038BDC26B12B152F82130B8
S31501024EA04BB9284600F016F8224601462846BDE8C7
S31501024EB03840F8F795B9012B0AD0591C03D11623AC
S31501024EC003600120E7E70021204642F824109847B3
S31501024ED00020E0E7F9F7CAB8000000000000000070
S31501024EE0F8B500BFF8BC08BC9E467047F8B500BFCE
S31501024EF0F8BC08BC9E4670474D61747465722044C5
S31501024F00657669636500434E3D25732C20312E3348
S31501024F102E362E312E342E312E33373234342E3272
S31501024F202E313D253034582C20312E332E362E315A
S31501024F302E342E312E33373234342E322E323D2553
S31501024F403034580001020400000000000000000095
S31501024F506FD6010107D80101C53E0101000000001B
S31501024F60000000006DD60101CFD70101E13B01012D
S31501024F7063D60101113D0101613C0101553D01016A
S31501024F8071D6010100000000000000006BD601018C
S31501024F90DDD701015FD6010163D60101113D010190
S31501024FA0613C0101693E0101BFD601010000000019
S31501024FB00000000069D60101EBD70101C3D7010147
S31501024FC063D60101113D0101613C0101E53D01018A
S31501024FD0BFD60101000000000000000067D60101F2
S31501024FE0F9D701015FD6010163D60101113D010124
S31501024FF0613C0101D13D0101BFD60101252E347368
S31501025000252E3273252E327300496E76616C6964E0
S31501025010206D616E75666163747572696E6720646F
S315010250206174653A20257300755746777175674431
S315010250304E476945636B2F706F374B4877774D77CC
S3150102504077715A674E313058757942616A504775A0
S31501025050797A5545562F69726565346C4F72616F5F
S31501025060354775776E6C513635434A7A62655542D4
S31501025070343973333145482B4E456B67304A5649AD
S31501025080354D474351474D4D542F535250464E527B
S315010250904F446D3377482F4D4269656875466336CD
S315010250A0464A2F4E4836526D7A773D3D005531427A
S315010250B042533055795543424C5A586B67553246DD
S315010250C07364413D3D00256400303030303030306C
S315010250D030000000000000000000000003DA0101B8
S315010250E0B3DA010169D9010191D9010115DA010187
S315010250F0B3D90101FD400101D9DA0101FFD901014B
S31501025100FFD90101ED42010101460101B14A010145
S31501025110D54A0101014B0101254B0101514B010107
S31501025120754B0101994B0101BD4B0101E14B010196
S31501025130094C01016941010115DB010175420101B8
S31501025140994C0101FD4C0101D5DC01016D450101BD
S3150102515001450101E1DC01014D4D0101654D0101EF
S315010251607D4D0101DD4D0101F94E010117DD0101FF
S31501025170D14E01018D4C0101CDDC0101FCFFFFFF86
S315010251800000000005DA0101C1DA010175DC010145
S315010251906DDC010185DC01017DDC01019DDC010182
S315010251A095DC01018DDC010165DC0101A3DA010156
S315010251B067DB0101A5DC0101ADDC0101ABDA01010D
S315010251C04FD9010153D9010157D901015BD9010116
S315010251D063D90101ED400101F4FFFFFF0000000068
S315010251E011DA0101C7DA0101BDDC0101B5DC0101F8
S315010251F0C5DC010177DB01016FDB0101D9DC0101AC
S31501025200D1DC0101F0FFFFFF000000000DDA010110
S31501025210CDDA0101EFDC0101E7DC0101FFDC01016D
S31501025220F7DC010107DD0101ECFFFFFF00000000D1
S3150102523009DA0101D3DA01011FDD01010FDD0101E5
S315010252401BDD0101040004002D002D000011223393
S31501025250445566778899AABBCCDDEEFF00000000B3
S315010252600000000051DC010153DC0101D5490101B5
S315010252705949010149DC010149DC010149DC01010C
S3150102528049DC01014DDC01014DDC0101A5490101A8
S315010252907149010125732C20616464723A307825C3
S315010252A03036782B253033752C2073697A653A2589
S315010252B07500544553545F56455253494F4E007635
S315010252C0616C7565203C3D206B4D61784469736361
S315010252D072696D696E61746F7256616C75650025CE
S315010252E0733A25642066616C73653A20256C7800F1
S315010252F047657443657274696669636174696F6E41
S315010253004465636C61726174696F6E0047657450BE
S31501025310726F647563744174746573746174696FD1
S315010253206E496E7465726D65646961746543657211
S31501025330740047657444657669636541747465737F
S31501025340746174696F6E43657274005369676E574F
S3150102535069746844657669636541747465737461D9
S3150102536074696F6E4B65792C206B69643A25752CCD
S31501025370206D73675F73697A653A25752C207369A7
S31501025380675F73697A653A25752C206572723A30C0
S315010253907825303278002D000000494E0000424C3B
S315010253A045004D4C0000534D0000454D0000544C44
S315010253B0560041534E004352000043544C00414CA7
S315010253C000005343000042445800444D4700444301
S315010253D000004444000045434800465000004E5038
S315010253E000005344000053500000535755004653E2
S315010253F00000545300004842000043534C004556F6
S315010254004C0053505400544F4F005A434C005348DA
S315010254100000444C000053504C005356520044497C
S315010254205300494D0000545354004F535300415405
S315010254304D0043534D004943440046530000504139
S31501025440460043414D004A46000041424F52543AFA
S3150102545020636869703A3A506C6174666F726D3A8C
S315010254603A257328292063616C6C6564206265663E
S315010254706F726520636869703A3A506C6174666F3F
S31501025480726D3A3A4D656D6F7279496E6974282962
S315010254900A0041424F52543A20636869703A3A50BF
S315010254A06C6174666F726D3A3A4D656D6F727949C8
S315010254B06E697428292063616C6C6564207477694E
S315010254C063652E0A004D656D6F7279416C6C6F636F
S315010254D0004D656D6F727946726565004661696C4C
S315010254E0656420746F20696D706F72742061206B20
S315010254F06579206572726F723A256C640A00000042
S315010255000000000000000000000000000000000092
S315010255100000000000000000000000000000000082
S315010255200000000000000000000000000000000072
S315010255300000000000000000000000000000000062
S315010255400000000000000000000000000000000052
S3150102555029520101CDDF0101D1DF0101D5DF0101AF
S31501025560F3DF0101D9DF0101DBDF0101DFDF010128
S31501025570E1DF0101E3DF0101E7DF0101EBDF010108
S315010255806552010179520101B1520101EFDF0101B7
S3150102559003E001011D5201014D52010113B779FACE
S315010255A0C925DDB7ADF3CFE0F1B614B801020000AB
S315010255B000000000FFFFFFFF1000000001000000D5
S315010255C000000000000000000000000000000000D2
S315010255D000000000000000000000000000000000C2
S315010255E000000000000000000000000061760101D9
S315010255F0D5E90101C576010111770101BFEA010170
S3150102560051EA01012FEA0101F7E9010183EA0101E8
S3150102561055EA0101F9E901012C0000000202020327
S31501025620000000C1059ED8367CD5073070DD17F71C
S315010256300E5939FFC00B316858151164F98FA7BE8F
S31501025640FA4FA4006A09E667BB67AE853C6EF37240
S31501025650A54FF53A510E527F9B05688C1F83D9AB34
S315010256605BE0CD1900CBBB9D5DC1059ED8629A292F
S315010256702A367CD5079159015A3070DD17152FEC60
S31501025680D8F70E593967332667FFC00B318EB44AF4
S315010256908768581511DB0C2E0D64F98FA747B5489B
S315010256A01DBEFA4FA4006A09E667F3BCC908BB67C7
S315010256B0AE8584CAA73B3C6EF372FE94F82BA54FC6
S315010256C0F53A5F1D36F1510E527FADE682D19B0549
S315010256D0688C2B3E6C1F1F83D9ABFB41BD6B5BE014
S315010256E0CD19137E217900141C2030406745230110
S315010256F0EFCDAB8998BADCFE10325476C3D2E1F013
S315010257000000000000000000000000000000000090
S31501025710000000008D9292928C928BFFFFFFFF0098
S31501025720000000FFFFFFFFFFFFFFFFBCE6FAADA788
S31501025730179E84F3B9CAC2FC632551005F000000BB
S3150102574002000000140000001A00000072747400C6
S31501025750C45B02010000000000000000000000001E
S3150102576000000000001000003700000000000000E9
S315010257700000000000000001FFFFFFFFFFFFFFFF27
S31501025780FFFFFFFFFFFFFFFFFFFFFFFFFFFFFFFF20
S31501025790FFFFFFFF00000002FFFFFFFFFFFFFFFF0A
S315010257A0FFFFFFFFFFFFFFFFFFFFFFFFFFFFFFFF00
S315010257B0FFFFFFFF000000040100000006000000D9
S315010257C0EC5702010000000025078000BD9401018B
S315010257D02000000010000000100000002000000060
S315010257E0000000000100000000000000110000009E
S315010257F0110800001128000000000000410000000D
S31501025800010000000100000001000000000000008C
S315010258104C5802013C580201D500800000000000EC
S31501025820000000000000000010000000000000005F
S31501025830010000001000000001000000000000004D
S315010258400000000000000000000000001600000039
S31501025850161000003630000000000000460000006D
S3150102586006000000C600000020060000000200003B
S31501025870000400004000000080000000400000001B
S3150102588090000000E19401011006000000020000F0
S31501025890000400003000000080000000400000000B
S315010258A090000000E19401010806000000020000D8
S315010258B0000400002000000040000000200000005B
S315010258C048000000E1940101040600000002000004
S315010258D0000400001C00000040000000200000003F
S315010258E048000000E19401010206000000020000E6
S315010258F00004000014000000400000001400000033
S3150102590048000000E1940101130000006300000059
S31501025910A30000000300000049444C4500546D7287
S315010259205100546D7220537663007365637032358C
S315010259303672310003001700000100002A590201E4
S31501025940000000000000000000000000512563FC79
S31501025950C2CAB9F3849E17A7ADFAE6BCFFFFFFFFE1
S31501025960FFFFFFFF00000000FFFFFFFFF551BF37FA
S315010259706840B6CBCE5E316B5733CE2B169E0F7C6B
S315010259804AEBE78E9B7F1AFEE242E34F96C298D814
S315010259904539A1F4A033EB2D817D0377F240A4634F
S315010259A0E5E6BCF847422CE1F2D1176B4B60D227F0
S315010259B03E3CCE3BF6B053CCB0061D65BC8698760E
S315010259C055BDEBB3E7933AAAD835C65AFFFFFFFF97
S315010259D0FFFFFFFFFFFFFFFF0000000000000000C6
S315010259E00000000001000000FFFFFFFF01000000B0
S315010259F0185A02010000000000000000155A0201B7
S31501025A00125A02010F5A02010C5A02010B40800A74
S31501025A103080092040081C400514402A864886F732
S31501025A200D020700686D61635348413100484D41DB
S31501025A30432D5348412D31002A864886F70D020827
S31501025A4000686D616353484132323400484D414327
S31501025A502D5348412D323234002A864886F70D02EB
S31501025A600900686D616353484132353600484D413C
S31501025A70432D5348412D323536002A864886F70D85
S31501025A80020A00686D616353484133383400484D58
S31501025A9041432D5348412D333834002A864886F72F
S31501025AA00D020B00686D616353484135313200487E
S31501025AB04D41432D5348412D353132002B0E030200
S31501025AC01A0069642D7368613100608648016503B5
S31501025AD00402040069642D736861323234006086FF
S31501025AE0480165030402010069642D736861323558
S31501025AF036006086480165030402020069642D735B
S31501025B006861333834006086480165030402030084
S31501025B1069642D736861353132002B0E0302070069
S31501025B20646573434243004445532D434243002A6D
S31501025B30864886F70D0307006465732D6564653330
S31501025B402D636263004445532D454445332D43423B
S31501025B5043006086480165030401020061657331F1
S31501025B6032382D636263004145533132382D434247
S31501025B7043006086480165030401160061657331BD
S31501025B8039322D636263004145533139322D434225
S31501025B90430060864801650304012A006165733288
S31501025BA035362D636263004145533235362D434204
S31501025BB043002A8648CE3D030107002A864886F716
S31501025BC00D01010100727361456E63727970746928
S31501025BD06F6E00525341002A8648CE3D020100698A
S31501025BE0642D65635075626C69634B65790047651F
S31501025BF06E65726963204543206B6579002B8104CA
S31501025C00010C0069642D65634448004543206B65B8
S31501025C107920666F722045434448002A8648CE3D64
S31501025C2004010065636473612D776974682D5348B5
S31501025C3041310045434453412077697468205348F2
S31501025C404131002A8648CE3D04030100656364732F
S31501025C50612D776974682D534841323234004543C8
S31501025C6044534120776974682053484132323400E3
S31501025C702A8648CE3D0403020065636473612D776B
S31501025C806974682D534841323536004543445341C0
S31501025C90207769746820534841323536002A86488E
S31501025CA0CE3D0403030065636473612D77697468ED
S31501025CB02D534841333834004543445341207769D3
S31501025CC0746820534841333834002A8648CE3D044D
S31501025CD003040065636473612D776974682D534803
S31501025CE04135313200454344534120776974682076
S31501025CF053484135313200616E79506F6C6963796F
S31501025D0000416E7920506F6C696379002B0601059B
S31501025D10050703010069642D6B702D736572766543
S31501025D20724175746800544C53205765622053655D
S31501025D30727665722041757468656E746963617401
S31501025D40696F6E002B060105050703020069642DC2
S31501025D506B702D636C69656E744175746800544C81
S31501025D60532057656220436C69656E7420417574D0
S31501025D7068656E7469636174696F6E002B0601054D
S31501025D80050703030069642D6B702D636F64655308
S31501025D9069676E696E6700436F6465205369676E52
S31501025DA0696E67002B060105050703040069642D68
S31501025DB06B702D656D61696C50726F746563746980
S31501025DC06F6E00452D6D61696C2050726F7465634B
S31501025DD074696F6E002B06010505070308006964E5
S31501025DE02D6B702D74696D655374616D70696E6783
S31501025DF00054696D65205374616D70696E67002B7D
S31501025E00060105050703090069642D6B702D4F43D1
S31501025E1053505369676E696E67004F43535020535F
S31501025E2069676E696E67002B0601040182E425012A
S31501025E300069642D6B702D776973756E2D66616EBF
S31501025E402D6465766963650057692D53554E204168
S31501025E506C6C69616E6365204669656C642041728A
S31501025E606561204E6574776F726B202846414E2913
S31501025E7000551D130069642D63652D6261736963A3
S31501025E80436F6E73747261696E74730042617369F2
S31501025E906320436F6E73747261696E747300551D6C
S31501025EA00F0069642D63652D6B65795573616765AD
S31501025EB000551D250069642D63652D6578744B6552
S31501025EC079557361676500457874656E646564200A
S31501025ED04B657920557361676500551D110069642B
S31501025EE02D63652D7375626A656374416C744E61C7
S31501025EF06D65005375626A65637420416C74204E48
S31501025F00616D65006086480186F842010100696497
S31501025F102D6E657473636170652D63657274747930
S31501025F207065004E657473636170652043657274B2
S31501025F3069666963617465205479706500551D202F
S31501025F400069642D63652D636572746966696361AF
S31501025F507465506F6C696369657300436572746930
S31501025F6066696361746520506F6C69636965730064
S31501025F70551D0E0069642D63652D7375626A65632D
S31501025F80744B65794964656E746966696572005315
S31501025F9075626A656374204B6579204964656E741E
S31501025FA0696669657200551D230069642D63652D55
S31501025FB0617574686F726974794B65794964656E46
S31501025FC074696669657200417574686F726974797C
S31501025FD0204B6579204964656E746966696572004C
S31501025FE05504030069642D61742D636F6D6D6F6EC7
S31501025FF04E616D6500436F6D6D6F6E204E616D650D
S3150102600000434E005504060069642D61742D636FC9
S31501026010756E7472794E616D6500436F756E747239
S3150102602079005504070069642D61742D6C6F6361F3
S315010260306C697479004C6F63616C697479005504FB
S31501026040080069642D61742D73746174650053745B
S315010260506174650053540055040A0069642D617424
S315010260602D6F7267616E697A6174696F6E4E616DC9
S3150102607065004F7267616E697A6174696F6E004F6E
S315010260800055040B0069642D61742D6F7267616E90
S31501026090697A6174696F6E616C556E69744E616D70
S315010260A065004F726720556E6974004F55002A8646
S315010260B04886F70D01090100656D61696C416464E9
S315010260C07265737300452D6D61696C20616464723A
S315010260D0657373005504050069642D61742D73653A
S315010260E07269616C4E756D626572005365726961A2
S315010260F06C206E756D626572005504100069642D1F
S3150102610061742D706F7374616C416464726573732B
S3150102611000506F7374616C206164647265737300FD
S315010261205504110069642D61742D706F7374616C6D
S31501026130436F646500506F7374616C20636F6465AD
S31501026140005504040069642D61742D7375724E61E4
S315010261506D65005375726E616D6500534E0055048F
S315010261602A0069642D61742D676976656E4E616DCB
S315010261706500476976656E206E616D6500474E0062
S3150102618055042B0069642D61742D696E6974696108
S315010261906C7300496E697469616C730055042C0055
S315010261A069642D61742D67656E65726174696F6EBE
S315010261B05175616C69666965720047656E657261E2
S315010261C074696F6E207175616C69666965720055D5
S315010261D0040C0069642D61742D7469746C65005434
S315010261E069746C650055042E0069642D61742D6411
S315010261F06E5175616C696669657200446973746989
S315010262006E67756973686564204E616D6520717587
S31501026210616C6966696572005504410069642D61A4
S31501026220742D70736575646F6E796D005073657543
S31501026230646F6E796D000992268993F22C640101CD
S315010262400069642D7569640055736572204964009D
S315010262500992268993F22C6401190069642D646FEF
S315010262606D61696E436F6D706F6E656E7400446F1A
S315010262706D61696E20636F6D706F6E656E74004439
S31501026280430055042D0069642D61742D756E697183
S3150102629075654964656E74696669657200556E69EC
S315010262A0717565204964656E746966696572000077
S315010262B0B25B0201080000002A5902012A590201B1
S315010262C003000000000000000000000000000000C2
S315010262D00000000000000000BB5B02010900000093
S315010262E0C55B0201D35B020101000000D75B02011B
S315010262F007000000DF5B0201EE5B02010200000003
S31501026300FD5B020105000000035C02010B5C020158
S315010263100300000000000000000000000000000071
S3150102632000000000000000001B5C020107000000E3
S31501026330235C0201335C020105040000435C020195
S31501026340080000004C5C02015E5C020108040000C8
S31501026350705C020108000000795C02018B5C02019B
S31501026360090400009D5C020108000000A65C02010E
S31501026370B85C02010A040000CA5C020108000000BE
S31501026380D35C0201E55C02010B040000000000007F
S3150102639000000000000000000000000000000000F4
S315010263A04F70617175650045434453410045435F32
S315010263B0444800454300000007000000A0630201B3
S315010263C06B2C02015F2C02010000000061AA01018F
S315010263D000000000000000000000000000000000B4
S315010263E0000000000000000007000000A063020197
S315010263F06B2C02014F2C0201DDAB0101992C02012A
S31501026400000000000000000059AC0101000000007C
S31501026410000000000000000000000000505341008F
S315010264204B455900000000007BFF80B079FF80B028
S3150102643078FF80B176FF00B16CFF00B36BFF00B24B
S31501026440202C3D2B3C3E233B225C0052007374619F
S3150102645074654F7250726F76696E63654E616D65D2
S31501026460000000000160020102000000E05F02017B
S315010264700C000000EA5F02010A000000E05F02016F
S315010264800C000000905B02010100000004600201A1
S31501026490130000000E6002010B00000004600201FD
S315010264A0130000007F600201010000005760020133
S315010264B00C00000061600201100000005760020139
S315010264C00C000000B7660201010000002260020111
S315010264D00C0000002C60020108000000226002018B
S315010264E00C0000004B64020101000000AE600201D3
S315010264F016000000AB600201020000008160020189
S315010265000C0000008B60020116000000816002018E
S315010265100C00000054600201020000003E6002010C
S315010265200C0000004D640201130000003E600201EE
S315010265300C000000B86002010C000000AE6002010E
S3150102654016000000DE6002010C000000D4600201A8
S3150102655013000000036102010D000000F96002014F
S31501026560130000002A6102010A00000020610201F3
S3150102657013000000EF6102010B000000E561020158
S3150102658013000000D961020105000000CF6102017A
S315010265900C0000004B61020107000000416102018B
S315010265A00C0000005B610201020000004161020170
S315010265B00C00000068610201090000005E6102012F
S315010265C00C0000007D610201020000005E61020111
S315010265D00C0000008A6102010800000080610201CC
S315010265E00C00000022620201090000001862020189
S315010265F00C000000A6610201130000009C61020169
S315010266000C0000005E6202010F00000050620201EE
S31501026610160000007F6202010200000050620201C0
S31501026620160000000000000000000000000000004B
S31501026630050000002A864886F70D01090E002D2D58
S315010266402D2D2D454E442043455254494649434139
S31501026650544520524551554553542D2D2D2D2D0A64
S31501026660002D2D2D2D2D424547494E20434552548D
S315010266704946494341544520524551554553542DA6
S315010266802D2D2D2D0A005465726D696E616C000007
S31501026690000000000054545220524547474553001A
S315010266A050726F766973696F6E205461736B002342
S315010266B02D302B2000686C4C006566674546470005
S315010266C0303132333435363738394142434445461F
S315010266D000303132333435363738396162636465B5
S315010266E0660000202020202020202020282828287B
S315010266F02820202020202020202020202020202089
S3150102670020202088101010101010101010101010D8
S3150102671010101004040404040404040404101010E8
S315010267201010101041414141414101010101010194
S315010267300101010101010101010101010101101022
S315010267401010101042424242424202020202020268
S3150102675002020202020202020202020202021010F4
S3150102676010102000000000000000000000000000E0
S315010267700000000000000000000000000000000010
S315010267800000000000000000000000000000000000
S3150102679000000000000000000000000000000000F0
S315010267A000000000000000000000000000000000E0
S315010267B000000000000000000000000000000000D0
S315010267C000000000000000000000000000000000C0
S315010267D000000000000000000000000000000000B0
S309010267E000000000AC
S30D010267E494AB7D7F0100000068
S311010267ECF8670201287B0020ED02000084
S315010267F800000000DC500201845102010000000081
S31501026808E05102010C52020130520201000000005D
S315010268180000000000000000000000000000000067
S315010268280000000000020000000000000000000055
S315010268380000000000000000000000000000000047
S315010268480000000000000000000000000000000037
S315010268580000000000000000000000000000000027
S315010268680000000000000000000000000000000017
S315010268780000000000000000000000000000000007
S3150102688800000000000000000000000000000000F7
S3150102689800000000000000000000000000000000E7
S315010268A8000000000000000064520201000000001E
S315010268B8504F02010100000080D5430280D1F00841
S315010268C880D543020080000000F04902087C0020BE
S315010268D80050750100A00000BC3F0020C80000005E
S315010268E8FE00000000000000FC550201EC55020101
S315010268F802000000A83B002000000500487C002099
S315010269084C57020101000000BD930101487C002099
S315010269180000000071030201000000005B0302018E
S315010269281100000000000000000000410000000004
S31501026938010000000040004100000000AAAAAAAA1C
S31501026948370000006916800073430201734302018E
S315010269587943020179430201347C0020987C0020A4
S3150102696800000000145800207C580020E45800203A
S315010269780000000000000000000000000000000006
S3150102698800000000000000000000000000000000F6
S3150102699800000000000000000000000000000000E6
S315010269A800000000000000000000000000000000D6
S315010269B80300000014580020040C00000000000225
S315010269C8FF000000070B02018D370101493B010156
S315010269D8C1400101F15201016537010100000000C0
S315010269E80000000000000000000000000000000096
S315010269F80000000000000000000000000000000086
S31501026A080000000000000000000000000000000075
S31501026A180000000000000000000000000000000065
S31501026A280000000000000000000000000000000055
S31501026A380000000000000000000000000000000045
S31501026A480000000000000000000000000000000035
S31501026A580000000000000000000000000000000025
S31501026A680000000000000000000000000000000015
S31501026A780000000000000000000000000000000005
S31501026A8800000000000000000000000000000000F5
S31501026A9800000000000000000000000000000000E5
S31501026AA800000000000000000000000000000000D5
S31501026AB800000000000000000000000000000000C5
S31501026AC800000000000000000000000000000000B5
S31501026AD800000000000000000000000000000000A5
S31501026AE80000000000000000000000000000000095
S31501026AF80000000000000000000000000000000085
S31501026B080000000000000000000000000000000074
S31501026B180000000000000000000000000000000064
S31501026B280000000000000000000000000000000054
S31501026B380000000000000000000000000000000044
S31501026B480000000000000000000000000000000034
S31501026B580000000000000000000000000000000024
S31501026B680000000000000000000000000000000014
S31501026B780000000000000000000000000000000004
S31501026B8800000000000000000000000000000000F4
S31501026B9800000000000000000000000000000000E4
S31501026BA800000000000000000000000000000000D4
S31501026BB800000000000000000000000000000000C4
S31501026BC800000000000000000000000000000000B4
S31501026BD800000000000000000000000000000000A4
S31501026BE80000000000000000000000000000000094
S31501026BF80000000000000000000000000000000084
S31501026C080000000000000000000000000000000073
S31501026C180000000000000000000000000000000063
S31501026C280000000000000000000000000000000053
S31501026C380000000000000000000000000000000043
S31501026C480000000000000000000000000000000033
S31501026C580000000000000000000000000000000023
S31501026C680000000000000000000000000000000013
S31501026C780000000000000000000000000000000003
S31501026C8800000000000000000000000000000000F3
S31501026C9800000000000000000000000000000000E3
S31501026CA800000000000000000000000000000000D3
S31501026CB800000000000000000000000000000000C3
S31501026CC800000000000000000000000000000000B3
S31501026CD800000000000000000000000000000000A3
S31501026CE80000000000000000000000000000000093
S31501026CF80000000000000000000000000000000083
S31501026D080000000000000000000000000000000072
S31501026D180000000000000000000000000000000062
S31501026D280000000000000000000000000000000052
S31501026D380000000000000000000000000000000042
S31501026D480000000000000000000000000000000032
S31501026D580000000000000000000000000000000022
S31501026D680000000000000000000000000000000012
S31501026D780000000000000000000000000000000002
S31501026D8800000000000000000000000000000000F2
S31501026D9800000000000000000000000000000000E2
S31501026DA800000000000000000000000000000000D2
S31501026DB800000000000000000000000000000000C2
S31501026DC800000000000000000000000000000000B2
S31501026DD800000000000000000000000000000000A2
S31501026DE80000000000000000000000000000000092
S31501026DF80000000000000000000000000000000082
S31501026E080000000000000000000000000000000071
S31501026E180000000000000000000000000000000061
S31501026E280000000000000000000000000000000051
S31501026E380000000000000000000000000000000041
S31501026E480000000000000000000000000000000031
S31501026E580000000000000000000000000000000021
S31501026E680000000000000000000000000000000011
S31501026E780000000000000000000000000000000001
S31501026E8800000000000000000000000000000000F1
S31501026E9800000000000000000000000000000000E1
S31501026EA800000000000000000000000000000000D1
S31501026EB800000000000000000000000000000000C1
S31501026EC800000000000000000000000000000000B1
S31501026ED800000000000000000000000000000000A1
S31501026EE80000000000000000000000000000000091
S31501026EF80000000000000000000000000000000081
S31501026F080000000000000000000000000000000070
S31501026F180000000000000000000000000000000060
S31501026F280000000000000000000000000000000050
S31501026F380000000000000000000000000000000040
S31501026F480000000000000000000000000000000030
S31501026F580000000000000000000000000000000020
S31501026F680000000000000000000000000000000010
S31501026F780000000000000000000000000000000000
S31501026F8800000000000000000000000000000000F0
S31501026F9800000000000000000000000000000000E0
S31501026FA800000000000000000000000000000000D0
S31501026FB800000000000000000000000000000000C0
S31501026FC800000000000000000000000000000000B0
S31501026FD800000000000000000000000000000000A0
S31501026FE80000000000000000000000000000000090
S31501026FF80000000000000000000000000000000080
S31501027008000000000000000000000000000000006F
S31501027018000000000000000000000000000000005F
S31501027028000000000000000000000000000000004F
S31501027038000000000000000000000000000000003F
S31501027048000000000000000000000000000000002F
S31501027058000000000000000000000000000000001F
S31501027068000000000000000000000000000000000F
S3150102707800000000000000000000000000000000FF
S3150102708800000000000000000000000000000000EF
S3150102709800000000000000000000000000000000DF
S315010270A800000000000000000000000000000000CF
S315010270B800000000000000000000000000000000BF
S315010270C800000000000000000000000000000000AF
S315010270D8000000000000000000000000000000009F
S315010270E8000000000000000000000000000000008F
S315010270F8000000000000000000000000000000007F
S31501027108000000000000000000000000000000006E
S31501027118000000000000000000000000000000005E
S31501027128000000000000000000000000000000004E
S31501027138000000000000000000000000000000003E
S31501027148000000000000000000000000000000002E
S31501027158000000000000000000000000000000001E
S31501027168000000000000000000000000000000000E
S3150102717800000000000000000000000000000000FE
S3150102718800000000000000000000000000000000EE
S3150102719800000000000000000000000000000000DE
S315010271A800000000000000000000000000000000CE
S315010271B800000000000000000000000000000000BE
S315010271C800000000000000000000000000000000AE
S315010271D8000000000000000000000000000000009E
S315010271E8000000000000000000000000000000008E
S315010271F8000000000000000000000000000000007E
S31501027208000000000000000000000000000000006D
S31501027218000000000000000000000000000000005D
S31501027228000000000000000000000000000000004D
S31501027238000000000000000000000000000000003D
S31501027248000000000000000000000000000000002D
S31501027258000000000000000000000000000000001D
S31501027268000000000000000000000000000000000D
S3150102727800000000000000000000000000000000FD
S3150102728800000000000000000000000000000000ED
S3150102729800000000000000000000000000000000DD
S315010272A800000000000000000000000000000000CD
S315010272B800000000000000000000000000000000BD
S315010272C800000000000000000000000000000000AD
S315010272D8000000000000000000000000000000009D
S315010272E8000000000000000000000000000000008D
S315010272F8000000000000000000000000000000007D
S31501027308000000000000000000000000000000006C
S31501027318000000000000000000000000000000005C
S31501027328000000000000000000000000000000004C
S31501027338000000000000000000000000000000003C
S31501027348000000000000000000000000000000002C
S31501027358000000000000000000000000000000001C
S31501027368000000000000000000000000000000000C
S3150102737800000000000000000000000000000000FC
S3150102738800000000000000000000000000000000EC
S3150102739800000000000000000000000000000000DC
S309010273A800000000D8
S7050101572D74
