S01C00006275696C642F64656275672F67656E657261746F722E7333379C
S31501000000203200204D0000110102001101020011F1
S315010000100102001101020011010200110102001189
S315010000200102001101020011010200110102001179
S3150100003001020011D89B0101010200110102001108
S3150100004000000011004000010040000068485C4BC0
S315010000507844D0F800C04668C3F808C0326882F315
S315010000608888584A584C96605A6A42F400225A6265
S31501000070564ADA60D3F88C2042F4406242F001021B
S31501000080C3F88C2000234FF0FF32214641F823208C
S315010000900133102BFAD14FF450424D4BFF219A6692
S315010000A001224C4B4C4CC3F89011C3F83021C4F8D3
S315010000B070118068B0F5003F7DD007D8B0F5004FCC
S315010000C00DD0B0F5803F09D0002208E0B0F5802FB1
S315010000D073D0B0F5002FF7D1052200E002224FF0D0
S315010000E0FF31C3F86422C3F8701233465C680126F7
S315010000F04FF01009394FDFF8FCE0DFF8FC803200E1
S315010001003B461A60320073461A601A6802EA060212
S31501000110002AFAD14FF41047314D2B463A461A6060
S3150100012007F1A2476FF48018DFF8D0E007F583578F
S315010001303B460A461A60734642461A60294DA7F5A0
S315010001405E6729462CF07F43B3FBF0F3202B05D9DC
S31501000150A3F120034FF0FF320A6008E04FF00102DD
S315010001609A406FEA02020A604FF0FF33FFE701F19E
S315010001700401B942EADD1C490B4632001A601B49EB
S315010001806408640002220B461A6000200021002246
S3150100019000230025002600275FF000085FF0000914
S315010001A05FF0000A5FF0000B5FF0000CBFF34F8FAA
S315010001B0BFF36F8F2447032291E704228FE700BF25
S315010001C000ED00E000ED02E080E300E00020FA052A
S315010001D0005080400090005100A00051185083400B
S315010001E0686080407492005170930051D0ED00E038
S315010001F0ECFFFFFF18D0854014C0854064A0005174
S31501000200FEE7000000000000000000000000000002
S3150100021000000000000000000000000000000000D7
S3150100022000000000000000000000000000000000C7
S3150100023000000000000000000000000000000000B7
S3150100024000000000000000000000000000000000A7
S315010002500000000000000000000000000000000097
S315010002600000000000000000000000000000000087
S315010002700000000000000000000000000000000077
S315010002800000000000000000000000000000000067
S315010002900000000000000000000000000000000057
S315010002A00000000000000000000000000000000047
S315010002B00000000000000000000000000000000037
S315010002C00000000000000000000000000000000027
S315010002D00000000000000000000000000000000017
S315010002E00000000000000000000000000000000007
S315010002F000000000000000000000000000000000F7
S3150100030000000000000000000000000000000000E6
S3150100031000000000000000000000000000000000D6
S3150100032000000000000000000000000000000000C6
S3150100033000000000000000000000000000000000B6
S3150100034000000000000000000000000000000000A6
S315010003500000000000000000000000000000000096
S315010003600000000000000000000000000000000086
S315010003700000000000000000000000000000000076
S315010003800000000000000000000000000000000066
S315010003900000000000000000000000000000000056
S315010003A00000000000000000000000000000000046
S315010003B00000000000000000000000000000000036
S315010003C00000000000000000000000000000000026
S315010003D00000000000000000000000000000000016
S315010003E00000000000000000000000000000000006
S315010003F000000000000000000000000000000000F6
S3150100040000000000000000000000000000000000E5
S3150100041000000000000000000000000000000000D5
S3150100042000000000000000000000000000000000C5
S3150100043000000000000000000000000000000000B5
S3150100044000000000000000000000000000000000A5
S315010004500000000000000000000000000000000095
S315010004600000000000000000000000000000000085
S315010004700000000000000000000000000000000075
S315010004800000000000000000000000000000000065
S315010004900000000000000000000000000000000055
S315010004A00000000000000000000000000000000045
S315010004B00000000000000000000000000000000035
S315010004C00000000000000000000000000000000025
S315010004D00000000000000000000000000000000015
S315010004E00000000000000000000000000000000005
S315010004F000000000000000000000000000000000F5
S3150100050000000000000000000000000000000000E4
S3150100051000000000000000000000000000000000D4
S3150100052000000000000000000000000000000000C4
S3150100053000000000000000000000000000000000B4
S3150100054000000000000000000000000000000000A4
S315010005500000000000000000000000000000000094
S315010005600000000000000000000000000000000084
S315010005700000000000000000000000000000000074
S315010005800000000000000000000000000000000064
S315010005900000000000000000000000000000000054
S315010005A00000000000000000000000000000000044
S315010005B00000000000000000000000000000000034
S315010005C00000000000000000000000000000000024
S315010005D00000000000000000000000000000000014
S315010005E00000000000000000000000000000000004
S315010005F000000000000000000000000000000000F4
S3150100060000000000000000000000000000000000E3
S3150100061000000000000000000000000000000000D3
S3150100062000000000000000000000000000000000C3
S3150100063000000000000000000000000000000000B3
S3150100064000000000000000000000000000000000A3
S315010006500000000000000000000000000000000093
S315010006600000000000000000000000000000000083
S315010006700000000000000000000000000000000073
S315010006800000000000000000000000000000000063
S315010006900000000000000000000000000000000053
S315010006A00000000000000000000000000000000043
S315010006B00000000000000000000000000000000033
S315010006C00000000000000000000000000000000023
S315010006D00000000000000000000000000000000013
S315010006E00000000000000000000000000000000003
S315010006F000000000000000000000000000000000F3
S3150100070000000000000000000000000000000000E2
S3150100071000000000000000000000000000000000D2
S3150100072000000000000000000000000000000000C2
S3150100073000000000000000000000000000000000B2
S3150100074000000000000000000000000000000000A2
S315010007500000000000000000000000000000000092
S315010007600000000000000000000000000000000082
S315010007700000000000000000000000000000000072
S315010007800000000000000000000000000000000062
S315010007900000000000000000000000000000000052
S315010007A00000000000000000000000000000000042
S315010007B00000000000000000000000000000000032
S315010007C00000000000000000000000000000000022
S315010007D00000000000000000000000000000000012
S315010007E00000000000000000000000000000000002
S315010007F000000000000000000000000000000000F2
S3150100080000000000000000000000000000000000E1
S3150100081000000000000000000000000000000000D1
S3150100082000000000000000000000000000000000C1
S3150100083000000000000000000000000000000000B1
S3150100084000000000000000000000000000000000A1
S315010008500000000000000000000000000000000091
S315010008600000000000000000000000000000000081
S315010008700000000000000000000000000000000071
S315010008800000000000000000000000000000000061
S315010008900000000000000000000000000000000051
S315010008A00000000000000000000000000000000041
S315010008B00000000000000000000000000000000031
S315010008C00000000000000000000000000000000021
S315010008D00000000000000000000000000000000011
S315010008E00000000000000000000000000000000001
S315010008F000000000000000000000000000000000F1
S3150100090000000000000000000000000000000000E0
S3150100091000000000000000000000000000000000D0
S3150100092000000000000000000000000000000000C0
S3150100093000000000000000000000000000000000B0
S3150100094000000000000000000000000000000000A0
S315010009500000000000000000000000000000000090
S315010009600000000000000000000000000000000080
S315010009700000000000000000000000000000000070
S315010009800000000000000000000000000000000060
S315010009900000000000000000000000000000000050
S315010009A00000000000000000000000000000000040
S315010009B00000000000000000000000000000000030
S315010009C00000000000000000000000000000000020
S315010009D00000000000000000000000000000000010
S315010009E00000000000000000000000000000000000
S315010009F000000000000000000000000000000000F0
S31501000A0000000000000000000000000000000000DF
S31501000A1000000000000000000000000000000000CF
S31501000A2000000000000000000000000000000000BF
S31501000A3000000000000000000000000000000000AF
S31501000A40000000000000000000000000000000009F
S31501000A50000000000000000000000000000000008F
S31501000A60000000000000000000000000000000007F
S31501000A70000000000000000000000000000000006F
S31501000A80000000000000000000000000000000005F
S31501000A90000000000000000000000000000000004F
S31501000AA0000000000000000000000000000000003F
S31501000AB0000000000000000000000000000000002F
S31501000AC0000000000000000000000000000000001F
S31501000AD0000000000000000000000000000000000F
S31501000AE000000000000000000000000000000000FF
S31501000AF000000000000000000000000000000000EF
S31501000B0000000000000000000000000000000000DE
S31501000B1000000000000000000000000000000000CE
S31501000B2000000000000000000000000000000000BE
S31501000B3000000000000000000000000000000000AE
S31501000B40000000000000000000000000000000009E
S31501000B50000000000000000000000000000000008E
S31501000B60000000000000000000000000000000007E
S31501000B70000000000000000000000000000000006E
S31501000B80000000000000000000000000000000005E
S31501000B90000000000000000000000000000000004E
S31501000BA0000000000000000000000000000000003E
S31501000BB0000000000000000000000000000000002E
S31501000BC0000000000000000000000000000000001E
S31501000BD0000000000000000000000000000000000E
S31501000BE000000000000000000000000000000000FE
S31501000BF000000000000000000000000000000000EE
S31501000C0000000000000000000000000000000000DD
S31501000C1000000000000000000000000000000000CD
S31501000C2000000000000000000000000000000000BD
S31501000C3000000000000000000000000000000000AD
S31501000C40000000000000000000000000000000009D
S31501000C50000000000000000000000000000000008D
S31501000C60000000000000000000000000000000007D
S31501000C70000000000000000000000000000000006D
S31501000C80000000000000000000000000000000005D
S31501000C90000000000000000000000000000000004D
S31501000CA0000000000000000000000000000000003D
S31501000CB0000000000000000000000000000000002D
S31501000CC0000000000000000000000000000000001D
S31501000CD0000000000000000000000000000000000D
S31501000CE000000000000000000000000000000000FD
S31501000CF000000000000000000000000000000000ED
S31501000D0000000000000000000000000000000000DC
S31501000D1000000000000000000000000000000000CC
S31501000D2000000000000000000000000000000000BC
S31501000D3000000000000000000000000000000000AC
S31501000D40000000000000000000000000000000009C
S31501000D50000000000000000000000000000000008C
S31501000D60000000000000000000000000000000007C
S31501000D70000000000000000000000000000000006C
S31501000D80000000000000000000000000000000005C
S31501000D90000000000000000000000000000000004C
S31501000DA0000000000000000000000000000000003C
S31501000DB0000000000000000000000000000000002C
S31501000DC0000000000000000000000000000000001C
S31501000DD0000000000000000000000000000000000C
S31501000DE000000000000000000000000000000000FC
S31501000DF000000000000000000000000000000000EC
S31501000E0000000000000000000000000000000000DB
S31501000E1000000000000000000000000000000000CB
S31501000E2000000000000000000000000000000000BB
S31501000E3000000000000000000000000000000000AB
S31501000E40000000000000000000000000000000009B
S31501000E50000000000000000000000000000000008B
S31501000E60000000000000000000000000000000007B
S31501000E70000000000000000000000000000000006B
S31501000E80000000000000000000000000000000005B
S31501000E90000000000000000000000000000000004B
S31501000EA0000000000000000000000000000000003B
S31501000EB0000000000000000000000000000000002B
S31501000EC0000000000000000000000000000000001B
S31501000ED0000000000000000000000000000000000B
S31501000EE000000000000000000000000000000000FB
S31501000EF000000000000000000000000000000000EB
S31501000F0000000000000000000000000000000000DA
S31501000F1000000000000000000000000000000000CA
S31501000F2000000000000000000000000000000000BA
S31501000F3000000000000000000000000000000000AA
S31501000F40000000000000000000000000000000009A
S31501000F50000000000000000000000000000000008A
S31501000F60000000000000000000000000000000007A
S31501000F70000000000000000000000000000000006A
S31501000F80000000000000000000000000000000005A
S31501000F90000000000000000000000000000000004A
S31501000FA0000000000000000000000000000000003A
S31501000FB0000000000000000000000000000000002A
S31501000FC0000000000000000000000000000000001A
S31501000FD0000000000000000000000000000000000A
S31501000FE000000000000000000000000000000000FA
S31501000FF000000000000000000000000000000000EA
S3150100100000000000000000000000000000000000D9
S3150100101000000000000000000000000000000000C9
S3150100102000000000000000000000000000000000B9
S3150100103000000000000000000000000000000000A9
S315010010400000000000000000000000000000000099
S315010010500000000000000000000000000000000089
S315010010600000000000000000000000000000000079
S315010010700000000000000000000000000000000069
S315010010800000000000000000000000000000000059
S315010010900000000000000000000000000000000049
S315010010A00000000000000000000000000000000039
S315010010B00000000000000000000000000000000029
S315010010C00000000000000000000000000000000019
S315010010D00000000000000000000000000000000009
S315010010E000000000000000000000000000000000F9
S315010010F000000000000000000000000000000000E9
S3150100110000000000000000000000000000000000D8
S3150100111000000000000000000000000000000000C8
S3150100112000000000000000000000000000000000B8
S3150100113000000000000000000000000000000000A8
S315010011400000000000000000000000000000000098
S315010011500000000000000000000000000000000088
S315010011600000000000000000000000000000000078
S315010011700000000000000000000000000000000068
S315010011800000000000000000000000000000000058
S315010011900000000000000000000000000000000048
S315010011A00000000000000000000000000000000038
S315010011B00000000000000000000000000000000028
S315010011C00000000000000000000000000000000018
S315010011D00000000000000000000000000000000008
S315010011E000000000000000000000000000000000F8
S315010011F000000000000000000000000000000000E8
S3150100120000000000000000000000000000000000D7
S3150100121000000000000000000000000000000000C7
S3150100122000000000000000000000000000000000B7
S3150100123000000000000000000000000000000000A7
S315010012400000000000000000000000000000000097
S315010012500000000000000000000000000000000087
S315010012600000000000000000000000000000000077
S315010012700000000000000000000000000000000067
S315010012800000000000000000000000000000000057
S315010012900000000000000000000000000000000047
S315010012A00000000000000000000000000000000037
S315010012B00000000000000000000000000000000027
S315010012C00000000000000000000000000000000017
S315010012D00000000000000000000000000000000007
S315010012E000000000000000000000000000000000F7
S315010012F000000000000000000000000000000000E7
S3150100130000000000000000000000000000000000D6
S3150100131000000000000000000000000000000000C6
S3150100132000000000000000000000000000000000B6
S3150100133000000000000000000000000000000000A6
S315010013400000000000000000000000000000000096
S315010013500000000000000000000000000000000086
S315010013600000000000000000000000000000000076
S315010013700000000000000000000000000000000066
S315010013800000000000000000000000000000000056
S315010013900000000000000000000000000000000046
S315010013A00000000000000000000000000000000036
S315010013B00000000000000000000000000000000026
S315010013C00000000000000000000000000000000016
S315010013D00000000000000000000000000000000006
S315010013E000000000000000000000000000000000F6
S315010013F000000000000000000000000000000000E6
S3150100140000000000000000000000000000000000D5
S3150100141000000000000000000000000000000000C5
S3150100142000000000000000000000000000000000B5
S3150100143000000000000000000000000000000000A5
S315010014400000000000000000000000000000000095
S315010014500000000000000000000000000000000085
S315010014600000000000000000000000000000000075
S315010014700000000000000000000000000000000065
S315010014800000000000000000000000000000000055
S315010014900000000000000000000000000000000045
S315010014A00000000000000000000000000000000035
S315010014B00000000000000000000000000000000025
S315010014C00000000000000000000000000000000015
S315010014D00000000000000000000000000000000005
S315010014E000000000000000000000000000000000F5
S315010014F000000000000000000000000000000000E5
S3150100150000000000000000000000000000000000D4
S3150100151000000000000000000000000000000000C4
S3150100152000000000000000000000000000000000B4
S3150100153000000000000000000000000000000000A4
S315010015400000000000000000000000000000000094
S315010015500000000000000000000000000000000084
S315010015600000000000000000000000000000000074
S315010015700000000000000000000000000000000064
S315010015800000000000000000000000000000000054
S315010015900000000000000000000000000000000044
S315010015A00000000000000000000000000000000034
S315010015B00000000000000000000000000000000024
S315010015C00000000000000000000000000000000014
S315010015D00000000000000000000000000000000004
S315010015E000000000000000000000000000000000F4
S315010015F000000000000000000000000000000000E4
S3150100160000000000000000000000000000000000D3
S3150100161000000000000000000000000000000000C3
S3150100162000000000000000000000000000000000B3
S3150100163000000000000000000000000000000000A3
S315010016400000000000000000000000000000000093
S315010016500000000000000000000000000000000083
S315010016600000000000000000000000000000000073
S315010016700000000000000000000000000000000063
S315010016800000000000000000000000000000000053
S315010016900000000000000000000000000000000043
S315010016A00000000000000000000000000000000033
S315010016B00000000000000000000000000000000023
S315010016C00000000000000000000000000000000013
S315010016D00000000000000000000000000000000003
S315010016E000000000000000000000000000000000F3
S315010016F000000000000000000000000000000000E3
S3150100170000000000000000000000000000000000D2
S3150100171000000000000000000000000000000000C2
S3150100172000000000000000000000000000000000B2
S3150100173000000000000000000000000000000000A2
S315010017400000000000000000000000000000000092
S315010017500000000000000000000000000000000082
S315010017600000000000000000000000000000000072
S315010017700000000000000000000000000000000062
S315010017800000000000000000000000000000000052
S315010017900000000000000000000000000000000042
S315010017A00000000000000000000000000000000032
S315010017B00000000000000000000000000000000022
S315010017C00000000000000000000000000000000012
S315010017D00000000000000000000000000000000002
S315010017E000000000000000000000000000000000F2
S315010017F000000000000000000000000000000000E2
S3150100180000000000000000000000000000000000D1
S3150100181000000000000000000000000000000000C1
S3150100182000000000000000000000000000000000B1
S3150100183000000000000000000000000000000000A1
S315010018400000000000000000000000000000000091
S315010018500000000000000000000000000000000081
S315010018600000000000000000000000000000000071
S315010018700000000000000000000000000000000061
S315010018800000000000000000000000000000000051
S315010018900000000000000000000000000000000041
S315010018A00000000000000000000000000000000031
S315010018B00000000000000000000000000000000021
S315010018C00000000000000000000000000000000011
S315010018D00000000000000000000000000000000001
S315010018E000000000000000000000000000000000F1
S315010018F000000000000000000000000000000000E1
S3150100190000000000000000000000000000000000D0
S3150100191000000000000000000000000000000000C0
S3150100192000000000000000000000000000000000B0
S3150100193000000000000000000000000000000000A0
S315010019400000000000000000000000000000000090
S315010019500000000000000000000000000000000080
S315010019600000000000000000000000000000000070
S315010019700000000000000000000000000000000060
S315010019800000000000000000000000000000000050
S315010019900000000000000000000000000000000040
S315010019A00000000000000000000000000000000030
S315010019B00000000000000000000000000000000020
S315010019C00000000000000000000000000000000010
S315010019D00000000000000000000000000000000000
S315010019E000000000000000000000000000000000F0
S315010019F000000000000000000000000000000000E0
S31501001A0000000000000000000000000000000000CF
S31501001A1000000000000000000000000000000000BF
S31501001A2000000000000000000000000000000000AF
S31501001A30000000000000000000000000000000009F
S31501001A40000000000000000000000000000000008F
S31501001A50000000000000000000000000000000007F
S31501001A60000000000000000000000000000000006F
S31501001A70000000000000000000000000000000005F
S31501001A80000000000000000000000000000000004F
S31501001A90000000000000000000000000000000003F
S31501001AA0000000000000000000000000000000002F
S31501001AB0000000000000000000000000000000001F
S31501001AC0000000000000000000000000000000000F
S31501001AD000000000000000000000000000000000FF
S31501001AE000000000000000000000000000000000EF
S31501001AF000000000000000000000000000000000DF
S31501001B0000000000000000000000000000000000CE
S31501001B1000000000000000000000000000000000BE
S31501001B2000000000000000000000000000000000AE
S31501001B30000000000000000000000000000000009E
S31501001B40000000000000000000000000000000008E
S31501001B50000000000000000000000000000000007E
S31501001B60000000000000000000000000000000006E
S31501001B70000000000000000000000000000000005E
S31501001B80000000000000000000000000000000004E
S31501001B90000000000000000000000000000000003E
S31501001BA0000000000000000000000000000000002E
S31501001BB0000000000000000000000000000000001E
S31501001BC0000000000000000000000000000000000E
S31501001BD000000000000000000000000000000000FE
S31501001BE000000000000000000000000000000000EE
S31501001BF000000000000000000000000000000000DE
S31501001C0000000000000000000000000000000000CD
S31501001C1000000000000000000000000000000000BD
S31501001C2000000000000000000000000000000000AD
S31501001C30000000000000000000000000000000009D
S31501001C40000000000000000000000000000000008D
S31501001C50000000000000000000000000000000007D
S31501001C60000000000000000000000000000000006D
S31501001C70000000000000000000000000000000005D
S31501001C80000000000000000000000000000000004D
S31501001C90000000000000000000000000000000003D
S31501001CA0000000000000000000000000000000002D
S31501001CB0000000000000000000000000000000001D
S31501001CC0000000000000000000000000000000000D
S31501001CD000000000000000000000000000000000FD
S31501001CE000000000000000000000000000000000ED
S31501001CF000000000000000000000000000000000DD
S31501001D0000000000000000000000000000000000CC
S31501001D1000000000000000000000000000000000BC
S31501001D2000000000000000000000000000000000AC
S31501001D30000000000000000000000000000000009C
S31501001D40000000000000000000000000000000008C
S31501001D50000000000000000000000000000000007C
S31501001D60000000000000000000000000000000006C
S31501001D70000000000000000000000000000000005C
S31501001D80000000000000000000000000000000004C
S31501001D90000000000000000000000000000000003C
S31501001DA0000000000000000000000000000000002C
S31501001DB0000000000000000000000000000000001C
S31501001DC0000000000000000000000000000000000C
S31501001DD000000000000000000000000000000000FC
S31501001DE000000000000000000000000000000000EC
S31501001DF000000000000000000000000000000000DC
S31501001E0000000000000000000000000000000000CB
S31501001E1000000000000000000000000000000000BB
S31501001E2000000000000000000000000000000000AB
S31501001E30000000000000000000000000000000009B
S31501001E40000000000000000000000000000000008B
S31501001E50000000000000000000000000000000007B
S31501001E60000000000000000000000000000000006B
S31501001E70000000000000000000000000000000005B
S31501001E80000000000000000000000000000000004B
S31501001E90000000000000000000000000000000003B
S31501001EA0000000000000000000000000000000002B
S31501001EB0000000000000000000000000000000001B
S31501001EC0000000000000000000000000000000000B
S31501001ED000000000000000000000000000000000FB
S31501001EE000000000000000000000000000000000EB
S31501001EF000000000000000000000000000000000DB
S31501001F0000000000000000000000000000000000CA
S31501001F1000000000000000000000000000000000BA
S31501001F2000000000000000000000000000000000AA
S31501001F30000000000000000000000000000000009A
S31501001F40000000000000000000000000000000008A
S31501001F50000000000000000000000000000000007A
S31501001F60000000000000000000000000000000006A
S31501001F70000000000000000000000000000000005A
S31501001F80000000000000000000000000000000004A
S31501001F90000000000000000000000000000000003A
S31501001FA0000000000000000000000000000000002A
S31501001FB0000000000000000000000000000000001A
S31501001FC0000000000000000000000000000000000A
S31501001FD000000000000000000000000000000000FA
S31501001FE000000000000000000000000000000000EA
S31501001FF000000000000000000000000000000000DA
S3150100200000000000000000000000000000000000C9
S3150100201000000000000000000000000000000000B9
S3150100202000000000000000000000000000000000A9
S315010020300000000000000000000000000000000099
S315010020400000000000000000000000000000000089
S315010020500000000000000000000000000000000079
S315010020600000000000000000000000000000000069
S315010020700000000000000000000000000000000059
S315010020800000000000000000000000000000000049
S315010020900000000000000000000000000000000039
S315010020A00000000000000000000000000000000029
S315010020B00000000000000000000000000000000019
S315010020C00000000000000000000000000000000009
S315010020D000000000000000000000000000000000F9
S315010020E000000000000000000000000000000000E9
S315010020F000000000000000000000000000000000D9
S3150100210000000000000000000000000000000000C8
S3150100211000000000000000000000000000000000B8
S3150100212000000000000000000000000000000000A8
S315010021300000000000000000000000000000000098
S315010021400000000000000000000000000000000088
S315010021500000000000000000000000000000000078
S315010021600000000000000000000000000000000068
S315010021700000000000000000000000000000000058
S315010021800000000000000000000000000000000048
S315010021900000000000000000000000000000000038
S315010021A00000000000000000000000000000000028
S315010021B00000000000000000000000000000000018
S315010021C00000000000000000000000000000000008
S315010021D000000000000000000000000000000000F8
S315010021E000000000000000000000000000000000E8
S315010021F000000000000000000000000000000000D8
S3150100220000000000000000000000000000000000C7
S3150100221000000000000000000000000000000000B7
S3150100222000000000000000000000000000000000A7
S315010022300000000000000000000000000000000097
S315010022400000000000000000000000000000000087
S315010022500000000000000000000000000000000077
S315010022600000000000000000000000000000000067
S315010022700000000000000000000000000000000057
S315010022800000000000000000000000000000000047
S315010022900000000000000000000000000000000037
S315010022A00000000000000000000000000000000027
S315010022B00000000000000000000000000000000017
S315010022C00000000000000000000000000000000007
S315010022D000000000000000000000000000000000F7
S315010022E000000000000000000000000000000000E7
S315010022F000000000000000000000000000000000D7
S3150100230000000000000000000000000000000000C6
S3150100231000000000000000000000000000000000B6
S3150100232000000000000000000000000000000000A6
S315010023300000000000000000000000000000000096
S315010023400000000000000000000000000000000086
S315010023500000000000000000000000000000000076
S315010023600000000000000000000000000000000066
S315010023700000000000000000000000000000000056
S315010023800000000000000000000000000000000046
S315010023900000000000000000000000000000000036
S315010023A00000000000000000000000000000000026
S315010023B00000000000000000000000000000000016
S315010023C00000000000000000000000000000000006
S315010023D000000000000000000000000000000000F6
S315010023E000000000000000000000000000000000E6
S315010023F000000000000000000000000000000000D6
S3150100240000000000000000000000000000000000C5
S3150100241000000000000000000000000000000000B5
S3150100242000000000000000000000000000000000A5
S315010024300000000000000000000000000000000095
S315010024400000000000000000000000000000000085
S315010024500000000000000000000000000000000075
S315010024600000000000000000000000000000000065
S315010024700000000000000000000000000000000055
S315010024800000000000000000000000000000000045
S315010024900000000000000000000000000000000035
S315010024A00000000000000000000000000000000025
S315010024B00000000000000000000000000000000015
S315010024C00000000000000000000000000000000005
S315010024D000000000000000000000000000000000F5
S315010024E000000000000000000000000000000000E5
S315010024F000000000000000000000000000000000D5
S3150100250000000000000000000000000000000000C4
S3150100251000000000000000000000000000000000B4
S3150100252000000000000000000000000000000000A4
S315010025300000000000000000000000000000000094
S315010025400000000000000000000000000000000084
S315010025500000000000000000000000000000000074
S315010025600000000000000000000000000000000064
S315010025700000000000000000000000000000000054
S315010025800000000000000000000000000000000044
S315010025900000000000000000000000000000000034
S315010025A00000000000000000000000000000000024
S315010025B00000000000000000000000000000000014
S315010025C00000000000000000000000000000000004
S315010025D000000000000000000000000000000000F4
S315010025E000000000000000000000000000000000E4
S315010025F000000000000000000000000000000000D4
S3150100260000000000000000000000000000000000C3
S3150100261000000000000000000000000000000000B3
S3150100262000000000000000000000000000000000A3
S315010026300000000000000000000000000000000093
S315010026400000000000000000000000000000000083
S315010026500000000000000000000000000000000073
S315010026600000000000000000000000000000000063
S315010026700000000000000000000000000000000053
S315010026800000000000000000000000000000000043
S315010026900000000000000000000000000000000033
S315010026A00000000000000000000000000000000023
S315010026B00000000000000000000000000000000013
S315010026C00000000000000000000000000000000003
S315010026D000000000000000000000000000000000F3
S315010026E000000000000000000000000000000000E3
S315010026F000000000000000000000000000000000D3
S3150100270000000000000000000000000000000000C2
S3150100271000000000000000000000000000000000B2
S3150100272000000000000000000000000000000000A2
S315010027300000000000000000000000000000000092
S315010027400000000000000000000000000000000082
S315010027500000000000000000000000000000000072
S315010027600000000000000000000000000000000062
S315010027700000000000000000000000000000000052
S315010027800000000000000000000000000000000042
S315010027900000000000000000000000000000000032
S315010027A00000000000000000000000000000000022
S315010027B00000000000000000000000000000000012
S315010027C00000000000000000000000000000000002
S315010027D000000000000000000000000000000000F2
S315010027E000000000000000000000000000000000E2
S315010027F000000000000000000000000000000000D2
S3150100280000000000000000000000000000000000C1
S3150100281000000000000000000000000000000000B1
S3150100282000000000000000000000000000000000A1
S315010028300000000000000000000000000000000091
S315010028400000000000000000000000000000000081
S315010028500000000000000000000000000000000071
S315010028600000000000000000000000000000000061
S315010028700000000000000000000000000000000051
S315010028800000000000000000000000000000000041
S315010028900000000000000000000000000000000031
S315010028A00000000000000000000000000000000021
S315010028B00000000000000000000000000000000011
S315010028C00000000000000000000000000000000001
S315010028D000000000000000000000000000000000F1
S315010028E000000000000000000000000000000000E1
S315010028F000000000000000000000000000000000D1
S3150100290000000000000000000000000000000000C0
S3150100291000000000000000000000000000000000B0
S3150100292000000000000000000000000000000000A0
S315010029300000000000000000000000000000000090
S315010029400000000000000000000000000000000080
S315010029500000000000000000000000000000000070
S315010029600000000000000000000000000000000060
S315010029700000000000000000000000000000000050
S315010029800000000000000000000000000000000040
S315010029900000000000000000000000000000000030
S315010029A00000000000000000000000000000000020
S315010029B00000000000000000000000000000000010
S315010029C00000000000000000000000000000000000
S315010029D000000000000000000000000000000000F0
S315010029E000000000000000000000000000000000E0
S315010029F000000000000000000000000000000000D0
S31501002A0000000000000000000000000000000000BF
S31501002A1000000000000000000000000000000000AF
S31501002A20000000000000000000000000000000009F
S31501002A30000000000000000000000000000000008F
S31501002A40000000000000000000000000000000007F
S31501002A50000000000000000000000000000000006F
S31501002A60000000000000000000000000000000005F
S31501002A70000000000000000000000000000000004F
S31501002A80000000000000000000000000000000003F
S31501002A90000000000000000000000000000000002F
S31501002AA0000000000000000000000000000000001F
S31501002AB0000000000000000000000000000000000F
S31501002AC000000000000000000000000000000000FF
S31501002AD000000000000000000000000000000000EF
S31501002AE000000000000000000000000000000000DF
S31501002AF000000000000000000000000000000000CF
S31501002B0000000000000000000000000000000000BE
S31501002B1000000000000000000000000000000000AE
S31501002B20000000000000000000000000000000009E
S31501002B30000000000000000000000000000000008E
S31501002B40000000000000000000000000000000007E
S31501002B50000000000000000000000000000000006E
S31501002B60000000000000000000000000000000005E
S31501002B70000000000000000000000000000000004E
S31501002B80000000000000000000000000000000003E
S31501002B90000000000000000000000000000000002E
S31501002BA0000000000000000000000000000000001E
S31501002BB0000000000000000000000000000000000E
S31501002BC000000000000000000000000000000000FE
S31501002BD000000000000000000000000000000000EE
S31501002BE000000000000000000000000000000000DE
S31501002BF000000000000000000000000000000000CE
S31501002C0000000000000000000000000000000000BD
S31501002C1000000000000000000000000000000000AD
S31501002C20000000000000000000000000000000009D
S31501002C30000000000000000000000000000000008D
S31501002C40000000000000000000000000000000007D
S31501002C50000000000000000000000000000000006D
S31501002C60000000000000000000000000000000005D
S31501002C70000000000000000000000000000000004D
S31501002C80000000000000000000000000000000003D
S31501002C90000000000000000000000000000000002D
S31501002CA0000000000000000000000000000000001D
S31501002CB0000000000000000000000000000000000D
S31501002CC000000000000000000000000000000000FD
S31501002CD000000000000000000000000000000000ED
S31501002CE000000000000000000000000000000000DD
S31501002CF000000000000000000000000000000000CD
S31501002D0000000000000000000000000000000000BC
S31501002D1000000000000000000000000000000000AC
S31501002D20000000000000000000000000000000009C
S31501002D30000000000000000000000000000000008C
S31501002D40000000000000000000000000000000007C
S31501002D50000000000000000000000000000000006C
S31501002D60000000000000000000000000000000005C
S31501002D70000000000000000000000000000000004C
S31501002D80000000000000000000000000000000003C
S31501002D90000000000000000000000000000000002C
S31501002DA0000000000000000000000000000000001C
S31501002DB0000000000000000000000000000000000C
S31501002DC000000000000000000000000000000000FC
S31501002DD000000000000000000000000000000000EC
S31501002DE000000000000000000000000000000000DC
S31501002DF000000000000000000000000000000000CC
S31501002E0000000000000000000000000000000000BB
S31501002E1000000000000000000000000000000000AB
S31501002E20000000000000000000000000000000009B
S31501002E30000000000000000000000000000000008B
S31501002E40000000000000000000000000000000007B
S31501002E50000000000000000000000000000000006B
S31501002E60000000000000000000000000000000005B
S31501002E70000000000000000000000000000000004B
S31501002E80000000000000000000000000000000003B
S31501002E90000000000000000000000000000000002B
S31501002EA0000000000000000000000000000000001B
S31501002EB0000000000000000000000000000000000B
S31501002EC000000000000000000000000000000000FB
S31501002ED000000000000000000000000000000000EB
S31501002EE000000000000000000000000000000000DB
S31501002EF000000000000000000000000000000000CB
S31501002F0000000000000000000000000000000000BA
S31501002F1000000000000000000000000000000000AA
S31501002F20000000000000000000000000000000009A
S31501002F30000000000000000000000000000000008A
S31501002F40000000000000000000000000000000007A
S31501002F50000000000000000000000000000000006A
S31501002F60000000000000000000000000000000005A
S31501002F70000000000000000000000000000000004A
S31501002F80000000000000000000000000000000003A
S31501002F90000000000000000000000000000000002A
S31501002FA0000000000000000000000000000000001A
S31501002FB0000000000000000000000000000000000A
S31501002FC000000000000000000000000000000000FA
S31501002FD000000000000000000000000000000000EA
S31501002FE000000000000000000000000000000000DA
S31501002FF000000000000000000000000000000000CA
S3150100300000000000000000000000000000000000B9
S3150100301000000000000000000000000000000000A9
S315010030200000000000000000000000000000000099
S315010030300000000000000000000000000000000089
S315010030400000000000000000000000000000000079
S315010030500000000000000000000000000000000069
S315010030600000000000000000000000000000000059
S315010030700000000000000000000000000000000049
S315010030800000000000000000000000000000000039
S315010030900000000000000000000000000000000029
S315010030A00000000000000000000000000000000019
S315010030B00000000000000000000000000000000009
S315010030C000000000000000000000000000000000F9
S315010030D000000000000000000000000000000000E9
S315010030E000000000000000000000000000000000D9
S315010030F000000000000000000000000000000000C9
S3150100310000000000000000000000000000000000B8
S3150100311000000000000000000000000000000000A8
S315010031200000000000000000000000000000000098
S315010031300000000000000000000000000000000088
S315010031400000000000000000000000000000000078
S315010031500000000000000000000000000000000068
S315010031600000000000000000000000000000000058
S315010031700000000000000000000000000000000048
S315010031800000000000000000000000000000000038
S315010031900000000000000000000000000000000028
S315010031A00000000000000000000000000000000018
S315010031B00000000000000000000000000000000008
S315010031C000000000000000000000000000000000F8
S315010031D000000000000000000000000000000000E8
S315010031E000000000000000000000000000000000D8
S315010031F000000000000000000000000000000000C8
S3150100320000000000000000000000000000000000B7
S3150100321000000000000000000000000000000000A7
S315010032200000000000000000000000000000000097
S315010032300000000000000000000000000000000087
S315010032400000000000000000000000000000000077
S315010032500000000000000000000000000000000067
S315010032600000000000000000000000000000000057
S315010032700000000000000000000000000000000047
S315010032800000000000000000000000000000000037
S315010032900000000000000000000000000000000027
S315010032A00000000000000000000000000000000017
S315010032B00000000000000000000000000000000007
S315010032C000000000000000000000000000000000F7
S315010032D000000000000000000000000000000000E7
S315010032E000000000000000000000000000000000D7
S315010032F000000000000000000000000000000000C7
S3150100330000000000000000000000000000000000B6
S3150100331000000000000000000000000000000000A6
S315010033200000000000000000000000000000000096
S315010033300000000000000000000000000000000086
S315010033400000000000000000000000000000000076
S315010033500000000000000000000000000000000066
S315010033600000000000000000000000000000000056
S315010033700000000000000000000000000000000046
S315010033800000000000000000000000000000000036
S315010033900000000000000000000000000000000026
S315010033A00000000000000000000000000000000016
S315010033B00000000000000000000000000000000006
S315010033C000000000000000000000000000000000F6
S315010033D000000000000000000000000000000000E6
S315010033E000000000000000000000000000000000D6
S315010033F000000000000000000000000000000000C6
S3150100340000000000000000000000000000000000B5
S3150100341000000000000000000000000000000000A5
S315010034200000000000000000000000000000000095
S315010034300000000000000000000000000000000085
S315010034400000000000000000000000000000000075
S315010034500000000000000000000000000000000065
S315010034600000000000000000000000000000000055
S315010034700000000000000000000000000000000045
S315010034800000000000000000000000000000000035
S315010034900000000000000000000000000000000025
S315010034A00000000000000000000000000000000015
S315010034B00000000000000000000000000000000005
S315010034C000000000000000000000000000000000F5
S315010034D000000000000000000000000000000000E5
S315010034E000000000000000000000000000000000D5
S315010034F000000000000000000000000000000000C5
S3150100350000000000000000000000000000000000B4
S3150100351000000000000000000000000000000000A4
S315010035200000000000000000000000000000000094
S315010035300000000000000000000000000000000084
S315010035400000000000000000000000000000000074
S315010035500000000000000000000000000000000064
S315010035600000000000000000000000000000000054
S315010035700000000000000000000000000000000044
S315010035800000000000000000000000000000000034
S315010035900000000000000000000000000000000024
S315010035A00000000000000000000000000000000014
S315010035B00000000000000000000000000000000004
S315010035C000000000000000000000000000000000F4
S315010035D000000000000000000000000000000000E4
S315010035E000000000000000000000000000000000D4
S315010035F000000000000000000000000000000000C4
S3150100360000000000000000000000000000000000B3
S3150100361000000000000000000000000000000000A3
S315010036200000000000000000000000000000000093
S315010036300000000000000000000000000000000083
S315010036400000000000000000000000000000000073
S315010036500000000000000000000000000000000063
S315010036600000000000000000000000000000000053
S315010036700000000000000000000000000000000043
S315010036800000000000000000000000000000000033
S315010036900000000000000000000000000000000023
S315010036A00000000000000000000000000000000013
S315010036B00000000000000000000000000000000003
S315010036C000000000000000000000000000000000F3
S315010036D000000000000000000000000000000000E3
S315010036E000000000000000000000000000000000D3
S315010036F000000000000000000000000000000000C3
S3150100370000000000000000000000000000000000B2
S3150100371000000000000000000000000000000000A2
S315010037200000000000000000000000000000000092
S315010037300000000000000000000000000000000082
S315010037400000000000000000000000000000000072
S315010037500000000000000000000000000000000062
S315010037600000000000000000000000000000000052
S315010037700000000000000000000000000000000042
S315010037800000000000000000000000000000000032
S315010037900000000000000000000000000000000022
S315010037A00000000000000000000000000000000012
S315010037B00000000000000000000000000000000002
S315010037C000000000000000000000000000000000F2
S315010037D000000000000000000000000000000000E2
S315010037E000000000000000000000000000000000D2
S315010037F000000000000000000000000000000000C2
S3150100380000000000000000000000000000000000B1
S3150100381000000000000000000000000000000000A1
S315010038200000000000000000000000000000000091
S315010038300000000000000000000000000000000081
S315010038400000000000000000000000000000000071
S315010038500000000000000000000000000000000061
S315010038600000000000000000000000000000000051
S315010038700000000000000000000000000000000041
S315010038800000000000000000000000000000000031
S315010038900000000000000000000000000000000021
S315010038A00000000000000000000000000000000011
S315010038B00000000000000000000000000000000001
S315010038C000000000000000000000000000000000F1
S315010038D000000000000000000000000000000000E1
S315010038E000000000000000000000000000000000D1
S315010038F000000000000000000000000000000000C1
S3150100390000000000000000000000000000000000B0
S3150100391000000000000000000000000000000000A0
S315010039200000000000000000000000000000000090
S315010039300000000000000000000000000000000080
S315010039400000000000000000000000000000000070
S315010039500000000000000000000000000000000060
S315010039600000000000000000000000000000000050
S315010039700000000000000000000000000000000040
S315010039800000000000000000000000000000000030
S315010039900000000000000000000000000000000020
S315010039A00000000000000000000000000000000010
S315010039B00000000000000000000000000000000000
S315010039C000000000000000000000000000000000F0
S315010039D000000000000000000000000000000000E0
S315010039E000000000000000000000000000000000D0
S315010039F000000000000000000000000000000000C0
S31501003A0000000000000000000000000000000000AF
S31501003A10000000000000000000000000000000009F
S31501003A20000000000000000000000000000000008F
S31501003A30000000000000000000000000000000007F
S31501003A40000000000000000000000000000000006F
S31501003A50000000000000000000000000000000005F
S31501003A60000000000000000000000000000000004F
S31501003A70000000000000000000000000000000003F
S31501003A80000000000000000000000000000000002F
S31501003A90000000000000000000000000000000001F
S31501003AA0000000000000000000000000000000000F
S31501003AB000000000000000000000000000000000FF
S31501003AC000000000000000000000000000000000EF
S31501003AD000000000000000000000000000000000DF
S31501003AE000000000000000000000000000000000CF
S31501003AF000000000000000000000000000000000BF
S31501003B0000000000000000000000000000000000AE
S31501003B10000000000000000000000000000000009E
S31501003B20000000000000000000000000000000008E
S31501003B30000000000000000000000000000000007E
S31501003B40000000000000000000000000000000006E
S31501003B50000000000000000000000000000000005E
S31501003B60000000000000000000000000000000004E
S31501003B70000000000000000000000000000000003E
S31501003B80000000000000000000000000000000002E
S31501003B90000000000000000000000000000000001E
S31501003BA0000000000000000000000000000000000E
S31501003BB000000000000000000000000000000000FE
S31501003BC000000000000000000000000000000000EE
S31501003BD000000000000000000000000000000000DE
S31501003BE000000000000000000000000000000000CE
S31501003BF000000000000000000000000000000000BE
S31501003C0000000000000000000000000000000000AD
S31501003C10000000000000000000000000000000009D
S31501003C20000000000000000000000000000000008D
S31501003C30000000000000000000000000000000007D
S31501003C40000000000000000000000000000000006D
S31501003C50000000000000000000000000000000005D
S31501003C60000000000000000000000000000000004D
S31501003C70000000000000000000000000000000003D
S31501003C80000000000000000000000000000000002D
S31501003C90000000000000000000000000000000001D
S31501003CA0000000000000000000000000000000000D
S31501003CB000000000000000000000000000000000FD
S31501003CC000000000000000000000000000000000ED
S31501003CD000000000000000000000000000000000DD
S31501003CE000000000000000000000000000000000CD
S31501003CF000000000000000000000000000000000BD
S31501003D0000000000000000000000000000000000AC
S31501003D10000000000000000000000000000000009C
S31501003D20000000000000000000000000000000008C
S31501003D30000000000000000000000000000000007C
S31501003D40000000000000000000000000000000006C
S31501003D50000000000000000000000000000000005C
S31501003D60000000000000000000000000000000004C
S31501003D70000000000000000000000000000000003C
S31501003D80000000000000000000000000000000002C
S31501003D90000000000000000000000000000000001C
S31501003DA0000000000000000000000000000000000C
S31501003DB000000000000000000000000000000000FC
S31501003DC000000000000000000000000000000000EC
S31501003DD000000000000000000000000000000000DC
S31501003DE000000000000000000000000000000000CC
S31501003DF000000000000000000000000000000000BC
S31501003E0000000000000000000000000000000000AB
S31501003E10000000000000000000000000000000009B
S31501003E20000000000000000000000000000000008B
S31501003E30000000000000000000000000000000007B
S31501003E40000000000000000000000000000000006B
S31501003E50000000000000000000000000000000005B
S31501003E60000000000000000000000000000000004B
S31501003E70000000000000000000000000000000003B
S31501003E80000000000000000000000000000000002B
S31501003E90000000000000000000000000000000001B
S31501003EA0000000000000000000000000000000000B
S31501003EB000000000000000000000000000000000FB
S31501003EC000000000000000000000000000000000EB
S31501003ED000000000000000000000000000000000DB
S31501003EE000000000000000000000000000000000CB
S31501003EF000000000000000000000000000000000BB
S31501003F0000000000000000000000000000000000AA
S31501003F10000000000000000000000000000000009A
S31501003F20000000000000000000000000000000008A
S31501003F30000000000000000000000000000000007A
S31501003F40000000000000000000000000000000006A
S31501003F50000000000000000000000000000000005A
S31501003F60000000000000000000000000000000004A
S31501003F70000000000000000000000000000000003A
S31501003F80000000000000000000000000000000002A
S31501003F90000000000000000000000000000000001A
S31501003FA0000000000000000000000000000000000A
S31501003FB000000000000000000000000000000000FA
S31501003FC000000000000000000000000000000000EA
S31501003FD000000000000000000000000000000000DA
S31501003FE000000000000000000000000000000000CA
S31501003FF000000000000000000000000000000000BA
S3150100400020320020194C01011D4C01011D4C0101FA
S315010040101D4C01011D4C01011D4C01011D4C0101ED
S315010040201D4C01011D4C01011D4C01017D17800034
S315010040301D4C0101D89B010121178000670F8000EB
S315010040401D4C010131C500011D4C01011D4C010131
S315010040501D4C01011D4C01011D4C01011D4C0101AD
S315010040601D4C01011D4C01011D4C01011D4C01019D
S315010040701D4C01011D4C01011D4C01011D4C01018D
S315010040801D4C01011D4C01011D4C01011D4C01017D
S315010040901D4C01011D4C01011D4C01011D4C01016D
S315010040A01D4C01011D4C01011D4C01011D4C01015D
S315010040B01D4C01011D4C01011D4C01011D4C01014D
S315010040C01D4C01011D4C01011D4C01011D4C01013D
S315010040D01D4C01011D4C01011D4C01011D4C01012D
S315010040E01D4C01011D4C0101C1A30001A1A3000149
S315010040F01D4C01011D4C01011D4C01011D4C01010D
S315010041001D4C01011D4C01011D4C01011D4C0101FC
S315010041101D4C01011D4C01011D4C01011D4C0101EC
S315010041201D4C01011D4C01011D4C01011D4C0101DC
S315010041301D4C01011D4C01011D4C01011D4C0101CC
S315010041401D4C01011D4C010149E500011D4C0101F8
S315010041501D4C01011D4C01011D4C01011D4C0101AC
S315010041601D4C01011D4C01012D0B80001D4C01014F
S315010041701D4C01011D4C01011D4C01011D4C01018C
S315010041801D4C01011D4C01011D4C01011D4C01017C
S315010041901D4C01011D4C01011D4C01011D4C01016C
S30D010041A01D4C01011D4C01013A
S315010041A8014B1868704700BF507B00200A4B1B6FF4
S315010041B803F00703013B042B04D8DFE803F00B04E3
S315010041C807030900FEE7054B18687047044BFBE730
S315010041D8044BF9E70448704700408040507B0020B3
S315010041E8587B00204C7B0020002D310108B5FFF7D4
S315010041F8DDFF054B1B6FC3F303330133B0FBF3F04C
S31501004208024B186008BD00BF00408040487B002073
S3150100421800487047002D3101014B1868704700BFEF
S31501004228587B0020002070474FF40022074B5A663E
S31501004238074B9B6813F4E04FC3F3023204D0012AFB
S31501004248044818BF00207047034870470050804053
S3150100425800001040005A6202002D3101014B186816
S31501004268704700BF547B00204FF4004070474FF45D
S315010042787A70704709B100F00DB822207047012104
S3150100428800F072B9002100F06FB909B100F092B9D6
S315010042982220704770B504460D4600F0EFFB06462E
S315010042A81D2C00F25A81DFE814F01E002700580180
S315010042B82A0034003F002E015600610058017A0099
S315010042C8DF007E009200580158019600A9005801A6
S315010042D8AD005801B10058014601F30058010A0121
S315010042E8CB0058013E01FFF761FF002428603046E4
S315010042F800F0BFFB204670BDFFF778FFF5E7994B45
S315010043081C6FFFF773FFC4F380240134B0FBF4F08C
S31501004318EBE7944B1C6FFFF769FFC4F38024013464
S31501004328B0FBF4F04008E0E78E4BD3F88000D3F8F1
S315010043388030C0F3011003F00303022B00F10104DE
S3150100434800F0D880032B00F0D880012B40F0818043
S31501004358FFF72CFFDAE7FFF729FF824BD3F89030F6
S31501004368C3F304430133B0FBF3F0BEE77D4BD3F847
S31501004378203103F00703013B052B6AD8DFE813F068
S315010043880600E7000C0009000600E700FFF708FF32
S31501004398ABE7FFF749FFA8E7FFF73AFFA5E7714B38
S315010043A8D3F82831E5E76F4BD3F8403103F003031F
S315010043B8022B06D0032B07D0012B4AD1FFF754FF56
S315010043C893E7FFF74BFF90E7FFF751FF8DE7654B43
S315010043D8D3F86031EAE7634BD3F8003203F00703F9
S315010043E8013B032B35D801A252F823F01D028000A8
S315010043F823028000290280005D028000FFF7F6FE95
S31501004408800A72E7574BD3F84032CFE7554BD3F8BA
S31501004418203203F00703013B032B1AD801A252F8F5
S3150100442823F000BF95028000F30180001D02800081
S315010044382302800029460A20FFF72CFF044656E787
S31501004448484BD3F8703203F00303012B05D0022B36
S3150100445806D0002302242B6049E729460C20EBE706
S3150100446800230F242B6042E73E4BD3F8A83203F012
S315010044780703013B032BECD801A252F823F000BF36
S31501004488ED018000AF038000F9018000F30180008F
S31501004498344BD3F8AC3203F00703013B032BD8D8CE
S315010044A801A252F823F000BF19038000F30180002E
S315010044B81D0280002302800029460B20BCE7294BF8
S315010044C8D3F8B002D3F8B03200F03F0003F4E0634A
S315010044D8B3F5407F00F1010412D008D8B3F5807F07
S315010044E80BD0B3F5007FB4D1FFF796FE0EE7B3F50F
S315010044F8806FAED1FFF798FE08E7FFF751FE05E793
S31501004508FFF786FE02E7174BD3F8803103F0030362
S31501004518022B3FF441AF032B3FF43BAF012B98D15C
S315010045282946082088E74FF0E0231B6929465B07DF
S3150100453894D5012080E70B4BD3F8003103F0030330
S31501004548022B3FF43EAF032B04D0012B81D1FFF799
S3150100455863FECAE6FFF766FEC7E6002321242B6041
S31501004568C5E600BF00408040E0B1026812F4E07F72
S31501004578C2F382130FD0012B0FD0032B12D10A4B92
S3150100458869B103F58053012102F03F0201FA02F2F3
S3150100459800201A607047054BF2E7054BF0E703F573
S315010045A80053F0E70E207047B442804064408040D3
S315010045B868408040B8B1026812F4E07FC2F3821302
S315010045C80DD0012B0DD0032B0DD1084B1B6802F022
S315010045D83F02D34003F0010300200B707047044BE0
S315010045E8F4E7044BF2E70E20704700BFB44280405F
S315010045F86440804068408040F8B5164F05463B78D0
S31501004608834218D0144B1A6840F201239A4212D9F0
S31501004618A0B10B2819D1114C6379C3B900F02EFA50
S31501004628214606460E4800F061F90446304600F078
S3150100463820FA0CB93D7000242046F8BD00F01EFA98
S315010046480646074800F036F9EFE72124F4E70E2479
S31501004658F2E700BFAC7C002018540020AD7C002096
S315010046681C5400200122437801789A40302359438B
S31501004678014B5A50704700BF40D083400346064855
S3150100468802689A4203D841680A44934202D3406AAF
S315010046980028F5D1704700BF4854002038B50546B3
S315010046A800F0E3F94FF400410D4A0E4B9B6E9166FB
S315010046B802F53C32546803F40043E443012204F052
S315010046C8010455B108494A601BB94FF40042074B2A
S315010046D89A6600F0C5F9204638BD0549F3E700BFDB
S315010046E80050804000408040006083400060804068
S315010046F800508340B0F5802F22D010D8B0F5003F86
S3150100470820D007D818B3B0F5803F08BF482018BF96
S3150100471801207047B0F5403F08BF2C20F7E7B0F5F8
S31501004728302F11D007D8B0F5E02F0FD0B0F5202FD4
S3150100473808BF1020EBE7B0F57F0F08BF0620E6E7B4
S315010047484B2070472A207047112070472120704757
S3150100475808B54FF0FF31064800F0BFF938B94FF4F4
S315010047688062044B9A66BFF34F8FBFF36F8F08BD04
S31501004778C4510020005080404FF48062024B034828
S315010047889A6600F0C8B900BF00608040C451002095
S3150100479870B50446002855D0FFF7DAFF034600280E
S315010047A84ED194F825602EB1FFF778FF012206460F
S315010047B8254B1A70204600F022F994F824304BB99B
S315010047C84FF085435A6CD202FCD55D6D1B6805F422
S315010047D8702512E04FF08545AB6D43F00203AB65DA
S315010047E800F0B4FC02281BD0AB6D23F00203AB65C5
S315010047F84FF4A022154B1D681A6094F8253033B181
S3150100480816B10120FFF74AFF00220F4B1A70FFF776
S31501004818B3FF0346A5B12846BDE87040FFF76ABF56
S315010048280B4B4FF0FF31186E00F064FEAB6D23F0B1
S315010048380203AB650028DBD02B68FFF79DFF012338
S31501004848184670BD2123FBE7FE790020887B0020EE
S315010048586051002008B528B12822002100F036FC55
S31501004868002008BD2120FCE7012310B580F825307A
S315010048780446FFF78DFF002384F8253010BD00009C
S3150100488838B51546044688B182B1094B0360002341
S3150100489843600362836000F0A9F82046294600F0C8
S315010048A8A5F82046BDE83840FFF7DEBF212038BD10
S315010048B8000062FF13B501A9044600F06BF880B940
S315010048C840F20123019A9A420DD96FF48072A3F539
S315010048D86B03134460602062A06023602046FFF7E3
S315010048E857FF02B010BD0F20FBE700002DE9F74383
S315010048F891F800800446A8F10603052B42D8B1F8C1
S315010049080150B5F5006F3DD2CF78052F3AD80E790B
S31501004918032E37D891F8059019F0FD0F32D101A968
S3150100492800F038F8E8B940F20122019B93421BD9FD
S31501004938164B606023604946A0602062204600F05D
S3150100494855F8204645EA084100F050F83946204610
S3150100495800F04CF83146204600F048F82046FFF7AB
S3150100496817FF03B0BDE8F083B3F5007F0CD3084BFE
S3150100497860604946A06020622360204600F036F850
S315010049882946E8E72120ECE70F20EAE7000215FFB0
S31501004998000015FF37B50C4610B309B300F065F8EA
S315010049A800230DF1070105460E488DF80730FFF77C
S315010049B86CFC0C48FFF763FC0B4BD3F80C362360F1
S315010049C89DF8073013B90748FFF75CFC284600F045
S315010049D847F80020236823F07F43236003B030BDE6
S315010049E82120FBE7D4AA010100408740036A042B72
S315010049F89FBF00EB83020133D16003627047036AEC
S31501004A08052B16D84FF08542116CC902FCD5002139
S31501004A1805339B00136511600168143B11604168F9
S31501004A28116050F8081F11604FF0854203449842FF
S31501004A3800D1704750F8041F1160F8E7836882B007
S31501004A4813B9816002B0704783680193019B5B6863
S31501004A58012B019B01D15960F4E75B68F5E700007A
S31501004A6810B962B6BFF36F8F7047EFF3108072B655
S31501004A78704780F31188BFF36F8F7047EFF311808A
S31501004A88302383F311887047EFF31083DB0706D4CD
S31501004A98EFF311802F2894BF0020012070470120D1
S31501004AA87047000070B50546A8B1FFF7DEFF064658
S31501004AB8286E00F0A2FC044640B100F0FEFB8442D9
S31501004AC809BF6C6D0124E44304F001043046FFF785
S31501004AD8C7FF204670BD0124FBE738B50D460446DD
S31501004AE8B8B100F033FB02280FD1FFF7CDFF20B193
S31501004AF82046BDE83840FFF7D5BF2946206E00F0AD
S31501004B0835FC003818BF012038BD0328F0D0002035
S31501004B18FAE70120F8E710B50446B0B100F016FB34
S31501004B2802280ED1FFF7B0FF20B12046BDE810409C
S31501004B38FFF7B8BF206E00F03EFC003818BF012011
S31501004B4810BD0328F1D00020FAE70120F8E700009C
S31501004B58012870B504460D463FD8224B5B68C3F35E
S31501004B680803CBB94FF0FF311F48FFF7B6FFE8B985
S31501004B7864201E4B1E4E4FF0FF3100FB043034609B
S31501004B88FFF7ABFF90B9336833B92DB14A2016F058
S31501004B98F1DA0122174B1A72124D44B91648FFF77A
S31501004BA86EFB6B68C3F30803CBB9002070BD1348CD
S31501004BB8FFF765FB6B68C3F30803002BF5D0104BB1
S31501004BC8DA6B12F0430FFBD19B6A0E4A13F02403EA
S31501004BD818BF012314201360E8E72120E6E70F2018
S31501004BE8E4E700BF00ED00E0E4540020485500204A
S31501004BF87C540020B07B0020D8AA0101DCAA01015F
S31501004C0800400041AC7B0020044B5B68C3F30803FA
S31501004C1813B90348FFF77FBF0020704700ED00E096
S31501004C28E454002070B504461348FFF73BFFD0B99A
S31501004C3826684EB9114D2B7A1BB14A2016F098DA1F
S31501004C482E720F48FFF71EFB2368012B0BD10D4B64
S31501004C585B68C3F3080333B90B4B1B68112B02D1ED
S31501004C680A48FFF70FFB64202268094BBDE870402C
S31501004C7800FB0230FFF74FBFE4540020B07B002051
S31501004C88D8AA010100ED00E0AC7B0020DCAA0101F5
S31501004C98485500200A4B1A680123934018400ED044
S31501004CA8084B5B68C3F308033BB1074AD36B13F0A0
S31501004CB8430FFBD1012000F03BB81046FBE77047D4
S31501004CC87C54002000ED00E00040004108B54FF09B
S31501004CD882439A6A12F0340F1CBF34221A63074BB7
S31501004CE81B7A53B100F032FA0238012805D8044B71
S31501004CF8186EBDE8084000F02BBC08BDB07B00204B
S31501004D088054002008B5084B1B7A5BB100F01EFAE7
S31501004D18022807D1054B4FF0FF31186EBDE8084050
S31501004D2800F0E8BB08BD00BFB07B0020805400201E
S31501004D3801280BD8074B5B68C3F3080343B90C2258
S31501004D48054B06481B6802FB0300704700207047A5
S31501004D580348704700ED00E07C540020B07B00203A
S31501004D68BC7B00204368BFF34F8F5858BFF34F8F62
S31501004D7870474368BFF34F8F5A50BFF34F8F704741
S31501004D884368BFF34F8F5A50BFF34F8F7047704731
S31501004D987047084670477047704700000122024B6A
S31501004DA8C3F8FC2F704700BF00F0FFFF53B94AB99B
S31501004DB8002908BF00281CBF4FF0FF314FF0FF3014
S31501004DC800F082B9ADF1080C6DE904CE00F006F8E1
S31501004DD8DDF804E0DDE9022304B070472DE9F04F60
S31501004DE8099D0C46002B4DD18A420F4684469646AC
S31501004DF8B2FA82F360D94BB102FA03FEC3F120027B
S31501004E089F4000FA03FC20FA02F217434FEA1E46B6
S31501004E181FFA8EF44FEA1C42B7FBF6F106FB11772F
S31501004E2801FB04F042EA0742904208D91EEB02024E
S31501004E3801F1FF3702D2904200F231813946121A46
S31501004E481FFA8CFCB2FBF6F006FB102200FB04F4F9
S31501004E584CEA024C644508D91EEB0C0C00F1FF32F2
S31501004E6802D2644500F21E81104640EA0140ACEBCD
S31501004E78040C002125B12CFA03F30022C5E90032FE
S31501004E88BDE8F08F8B4205D90DB1C5E900010021B6
S31501004E980846F5E7B3FA83F100294DD1A342C0F0DC
S31501004EA8F380904280F0F080064623460846002D9E
S31501004EB8E6D0C5E90063E3E7002B40F0A3808A1A30
S31501004EC84FEA1E471FFA8EF60121B2FBF7F407FBDC
S31501004ED814204FEA1C4242EA004206FB04F09042C3
S31501004EE80FD91EEB020204F1FF382CBF4FF001095E
S31501004EF84FF00009904203D9B9F1000F00F0CC80B8
S31501004F084446121A1FFA8CFCB2FBF7F007FB102273
S31501004F1800FB06F64CEA024C664508D91EEB0C0C5A
S31501004F2800F1FF3202D2664500F2B3801046ACEBBF
S31501004F38060C40EA04409DE7C1F120068B4004FABD
S31501004F4801FE22FA06F720FA06FCF4408A401F43BE
S31501004F584EEA0C0300FA01FE4FEA17484FEA1349D5
S31501004F681FFA87FCB4FBF8F008FB104449EA04442D
S31501004F7800FB0CF9A1450ED93C1900F1FF3A2CBFEB
S31501004F884FF0010B4FF0000BA14503D9BBF1000F00
S31501004F9800F08B805046A4EB09041FFA83F9B4FB91
S31501004FA8F8F308FB134403FB0CFC49EA0444A44543
S31501004FB806D93C1903F1FF3801D2A4457BD84346EB
S31501004FC843EA0040A4EB0C04A0FB02984445CC46F6
S31501004FD8434602D306D1CE4504D20138B9EB020CB9
S31501004FE868EB0703002D6CD0BEEB0C0264EB0304DF
S31501004FF822FA01F304FA06F6CC4000211E43C5E95C
S3150100500800643DE702FA03FEC3F1200104FA03F244
S3150100501800FA03FCCC404FEA1E4720FA01F11FFAB9
S315010050288EF6B4FBF7F00A4307FB1044110C41EA6C
S31501005038044100FB06F48C420ED91EEB010100F176
S31501005048FF382CBF4FF001094FF000098C4202D9F5
S31501005058B9F1000F2CD04046091B92B2B1FBF7F407
S3150100506807FB141142EA014204FB06F1914207D9F2
S315010050781EEB020204F1FF3801D291421ED84446C2
S31501005088521A44EA004120E7861A64EB0303012019
S315010050980DE7F44402384AE7023C724431E7023923
S315010050A87244CCE6F4440238DFE602383C4472E73F
S315010050B802387144D0E7023B3C4481E7023C724422
S315010050C8DEE72946DCE600BF704700BF0244034617
S315010050D8934200D1704703F8011BF9E710B5EFF3C6
S315010050E8058414B10124204610BD01F0D1FC012824
S315010050F8F9D0EFF31083002BF4D1EFF31184003CC0
S3150100510818BF0124EFE708B54FF0E0231B6901F04A
S31501005118BFFC012803D0BDE8084000F071BB08BDFB
S3150100512808B5FFF7DBFF48B901F0B2FC01280346D1
S3150100513807D1054A106820B9136008BD6FF005004C
S31501005148FBE74FF0FF30F8E7F83B002008B501F020
S315010051589FFC38B1022804D0034B1868431E5842F5
S31501005168584108BD0320FCE7F83B002010B5FFF7BE
S31501005178B5FF044668B901F08BFC01280CD1084B30
S315010051881A68012A08D102221A6001F0F5F92046A7
S3150100519810BD6FF00500FBE74FF0FF30F8E700BFE1
S315010051A8F83B002010B5FFF799FF044640B901F016
S315010051B86FFC40B1022808D101F022FA204610BD41
S315010051C86FF00500FBE70120F9E74FF0FF30F6E73E
S315010051D810B50446FFF782FFB0B901F059FC30F06B
S315010051E8020314D1012C03D101F00AFA204610BD9D
S315010051F86CB901F0CFFA0128F8D001F049FC841EF8
S3150100520818BF4FF0FF34F1E76FF00504EEE74FF0F2
S31501005218FF34EBE700232DE9F04186B005460E463B
S3150100522890460593FFF75AFF00BBFDB1B8F1000F91
S315010052383DD0D8F818402CB1631E372B03D906B0D8
S31501005248BDE8F0811824D8F80430DB0733D4D8F840
S3150100525814306BB19A08D8F80010D8E902704FB12A
S315010052685F2803D9D8F8100000B1B3B90598E6E765
S31501005278A022F0E70028F9D1D8F81030002BF5D193
S3150100528805AB013C019328463346009401F08BF89F
S3150100529801281CBF00230593E8E7013CCDE9010776
S315010052A833462846009401F0ACF80590DEE74146FE
S315010052B81824A022E4E70020C1E701F0DDBB38B5D8
S315010052C80546FFF70BFF044650B965B1284601F0BC
S315010052D811F904280AD0284601F0C0F8204638BD3D
S315010052E86FF00500FBE76FF00300F8E76FF00200C7
S315010052F8F5E738B50546FFF7F1FE10B1002420465B
S3150100530838BD25B9BDE83840012000F08EBE6B686E
S315010053181A07F3D4D5E9021203F0010379B14F2A2A
S31501005328ECD99BB1042000F0C1FE04460028E5D063
S31501005338296809B100F0B6FD44F00104DFE7002A47
S31501005348DCD17BB1042000F070FEEEE7012000F00D
S31501005358ADFE04460028D1D029680029CFD000F037
S31501005368A1FDCCE7012000F060FEF2E7F8B505469D
S315010053780C4620F0010600F00107FFF7AFFEA0B9C1
S31501005388012D15D92146304667B100F05FFD012888
S3150100539801D10020F8BD002C14BF6FF001006FF099
S315010053A80200F7E700F0BFFCF1E76FF00500F1E74F
S315010053B86FF00300EEE770B5044620F0010500F032
S315010053C80106FFF78BFE90B9012C13D946B1284681
S315010053D800F053FD01280CBF00206FF0020070BDDC
S315010053E8334632463146284600F049FBF2E76FF06C
S315010053F80500F4E76FF00300F1E7012810B50ED9AF
S3150100540820F00104FFF76AFE20B12046BDE81040EE
S3150100541800F016BD2046BDE8104000F004BD00208E
S3150100542810BD70B5054620F00106FFF757FE044684
S3150100543848B9012D0AD9304600F052FD304600F030
S3150100544867FD204670BD6FF00500FBE76FF00300AE
S31501005458F8E773B504460E461546FFF73FFE70BBDF
S315010054686CB3B4422BD35DB9012C3BD12046032240
S31501005478002100F0B0FD044608B396B905B32AE049
S31501005488D5E90232CBB14F2A19D9012C1BD10322F6
S31501005498014600920246204600F0E0FD044670B13E
S315010054A8CEB1002320461A46194600F0E8FA01282B
S315010054B8E4D0204600F02CFD01E0002AD4D00024D7
S315010054C8204602B070BD20461A46314600F0FCFD62
S315010054D804460028F3D029680029F1D0204600F0B7
S315010054E8E1FCEDE72046314600F0AAFD0446002816
S315010054F8C4D1E4E737B50C46054618B96FF0030081
S3150100550803B030BDFFF7EAFDB8B1002CF6D121464C
S31501005518284601AA019400F0D2FB012802D06FF0B7
S315010055280200EDE7019B0BB90020E9E74FF0E02304
S315010055384FF08052C3F8042DF6E72146284600F0BD
S31501005548F2FB0128F0D0002CE9D06FF00100D7E773
S3150100555813B5044608B3FFF7C1FD0346A8B10023F6
S31501005568204601A9019300F07CFB012803D06FF0C6
S31501005578020002B010BD019B2BB14FF0E0234FF0A2
S315010055888052C3F8042D0020F3E70246014620465F
S3150100559800F075FA0128F6D0E9E76FF00300E8E7AD
S315010055A838B50546FFF79AFD044640B955B1284670
S315010055B800F096FC284600F0ABFC204638BD6FF09B
S315010055C80500FBE76FF00300F8E70000034B0360F3
S315010055D8034B0B60A0231360704700BF983B002064
S315010055E818390020034B0360034B0B60A02313609B
S315010055F8704700BFB8380020383600204FF0FF3218
S3150100560800F10803C0E90223436003610023036034
S31501005618704700230361704730B50C68631C0AD1D3
S3150100562803695A684A6091608B605960036808612A
S315010056380133036030BD00F108021346526815684C
S31501005648A542FAD9EDE743689A684B608A605160CA
S315010056589960036808610133036070470369D0E9FB
S3150100566801128A6051605968814208BF5A60002256
S3150100567802611868013818607047000010B54FF0CC
S31501005688807440E90224184A4FF0123440F80C2C71
S315010056984FF003324FF0023C40E905244FF0013246
S315010056A840F8203C40E9072C4FF010334FF01132F7
S315010056B84FF0093440E90A324FF008334FF0073CFE
S315010056C840E90C344FF006334FF0053240E90E3C01
S315010056D84FF0043340E910326FF0430340F8443C7D
S315010056E840F8481D10BD00BFF57000014FF0E022DB
S315010056F80423136100234FF47A719361044B1B68E9
S31501005708B3FBF1F3013B536107231361704700BFF4
S31501005718487B0020002313B54FF07F4201934FF0D9
S31501005728E023C3F81C2DD3F81C3D1B0E8DF803305E
S315010057389DF803309DF803309DF8033013F0800F70
S31501005748019B29D1082B0CBF0023019B174A18BFBF
S31501005758C3F107031B0203F4E06313604FF0E02370
S315010057680024D3F8202D42F47F02C3F8202DD3F864
S31501005778202D42F07F42C3F8202DC3F81C4DFFF7B8
S31501005788B5FF0B4B1C6000F079F801F02BF905F019
S3150100579881DD204602B010BD013301939DF8033027
S315010057A85B00DBB28DF80330C6E700BFFC3B002087
S315010057B82C7B00204FF0E0234FF08052C3F8042DD4
S315010057C8BFF34F8FBFF36F8F7047000008B500F026
S315010057D865F8044A136801331360BFF34F8FBFF3AB
S315010057E86F8F08BD2C7B0020044B1A681A68013A92
S315010057F81A60186808B900F05CB870472C7B00205D
S3150100580810B500F04BF8044600F00EFF28B14FF032
S31501005818E0234FF08052C3F8042D2046BDE810401E
S3150100582800F047B8836913F8023C662B0FD14FF095
S31501005838E023D3F8882D42F47002C3F8882DD3F8F3
S31501005848342F42F04042C3F8342F00F001B87047B4
S31501005858094A1168086806C881F30B88022181F391
S315010058681488203080F30988BFF36F8F4FF000004A
S3150100587880F31188104700004C4100200648006853
S31501005888006880F3088862B661B6BFF34F8FBFF32D
S315010058986F8F66DF00BF000008ED00E0EFF31180AF
S315010058A84FF0300181F31188BFF34F8FBFF36F8F2C
S315010058B8704780F31188BFF34F8FBFF36F8F70471F
S315010058C8EFF309801EF0100F08BF20ED108AEFF3E1
S315010058D80B82734620E9FC0F0F4A116808604FF0E6
S315010058E8300080F31188BFF34F8FBFF36F8F01F03C
S315010058F879F84FF0000080F31188074A11680868A3
S31501005908B0E8FC0F13F0100F08BFB0EC108A82F351
S315010059180B8880F3098818474C4100201EF0040FB4
S315010059280CBFEFF30880EFF309800149084700002F
S315010059388516800010B5044600F062FE204615F073
S315010059485ADD044600F026FF204610BD10B5044670
S3150100595840B100F055FE204617F077DFBDE810404C
S3150100596800F018BF10BD70B50446FFF72FFF94F875
S31501005978455004F124066DB2002D14DCFF2384F88A
S315010059884530FFF731FFFFF721FF94F8445004F142
S3150100599810066DB2002D12DCFF2384F84430BDE8F1
S315010059A87040FFF721BF636A002BE7D0304600F04D
S315010059B8BFFF08B101F066F8013D6DB2DCE7236966
S315010059C8002BE9D0304600F0B3FF08B101F05AF8D0
S315010059D8013D6DB2DEE710B50446FFF7F7FEA46B8D
S315010059E8FFF702FFB4FA84F0400910BD70B51646F8
S315010059F8026C0446856B42B906689EB9806801F057
S31501005A089DF8A6600135A56370BD6EB9406817F0AB
S31501005A185BDA6368226C1344A2686360934224BF0D
S31501005A28236863600020EDE7C06817F04DDA226C41
S31501005A38E36851429B1A2268E36093423EBFA3681A
S31501005A485B18E360022EEDD10DB1013DEAE7284668
S31501005A58D8E703461A6C084610B46AB1DC68996837
S31501005A6814448C4228BF1968DC6028BFD960D968FC
S31501005A785DF8044B17F0289A5DF8044B7047F0B5AA
S31501005A88044685B01D4601920E4601F001F8FFF75E
S31501005A989DFEA26BE36B9A421FD22A4631462046E7
S31501005AA8FFF7A4FF636A1BB104F1240000F040FF6D
S31501005AB808B1FFF77FFEFFF797FE012005B0F0BD9D
S31501005AC8FFF784FEA36BE26B9A42E6D80123019A9B
S31501005AD842B9FFF789FE0020F0E7022DDDD0002349
S31501005AE81F46F4E713B902A801F0A6F8FFF77CFEF2
S31501005AF800F086FDFFF76AFE94F84430FF2B08BFD5
S31501005B0884F8447094F84530FF2B08BF84F8457033
S31501005B18FFF76AFE01A902A801F09AF820BBFFF770
S31501005B2855FEA26BE36B9A4210D1FFF75DFE019910
S31501005B3804F1100000F0CAFE2046FFF714FF00F03A
S31501005B4829FE0028BCD1FFF735FE06E0FFF74CFE1B
S31501005B582046FFF708FF00F01DFEFFF737FEA26B90
S31501005B68E36B9A42B2D298E72046FFF7FCFE00F0B3
S31501005B7811FEB0E738B100231A461946836003605F
S31501005B88C360FFF77CBF7047F0B5044685B00E4683
S31501005B98019200F07DFFFFF719FEA56B9DB1314615
S31501005BA82046FFF756FF2369013DA56333B104F18A
S31501005BB8100000F0BDFE08B1FFF7FCFDFFF714FE6B
S31501005BC8012005B0F0BD019B1BB9FFF70DFE0020B2
S31501005BD8F7E702A801F030F82F46FFF705FE00F0B7
S31501005BE80FFDFFF7F3FD94F84430FF2B08BF84F847
S31501005BF8447094F84530FF2B08BF84F84570FFF7C9
S31501005C08F3FD01A902A801F023F8F8B92046FFF728
S31501005C18E2FEA8B1019904F1240000F057FE2046DE
S31501005C28FFF7A1FE00F0B6FD08B9FFF7C3FDFFF7C0
S31501005C38CDFDA56B002DB2D1019B002BCDD1C4E7BB
S31501005C482046FFF790FE00F0A5FDF0E72046FFF796
S31501005C588AFE00F09FFD2046FFF7BDFE0028E6D02C
S31501005C68B5E7F8B504460E4605F024DBFFF716FE40
S31501005C78A36BE26B07469A421FD994F84520013374
S31501005C88FF2A55B2A3630FD1636A3BB104F124001D
S31501005C9800F04EFE10B10EB10123336001243846DF
S31501005CA8FFF707FE2046F8BD00F0B8FC8542F5D29D
S31501005CB801356DB284F84550F0E70024EFE72DE988
S31501005CC8F84304468946904605F0F4DAFFF7E6FDFF
S31501005CD8A66B0746C6B194F84450494620466DB2AC
S31501005CE8FFF7B7FE013E6B1CA66313D1236953B1B7
S31501005CF804F1100000F01CFE28B1B8F1000F02D023
S31501005D080123C8F8003001263846FFF7D2FD304690
S31501005D18BDE8F88300F082FC8542F4D201356DB204
S31501005D2884F84450EFE7F0B5002585B004460191A3
S31501005D382E4600F0ADFE2F46FFF748FDA36BA3B133
S31501005D48013BA363236813B900F06CFFA0602369C4
S31501005D5833B104F1100000F0EBFD08B1FFF72AFD9D
S31501005D68FFF742FD012005B0F0BD019B1BB9FFF706
S31501005D783BFD0020F7E716B902A800F05DFFFFF723
S31501005D8833FD00F03DFCFFF721FD94F84430FF2B6D
S31501005D9808BF84F8447094F84530FF2B08BF84F88F
S31501005DA84570FFF721FD01A902A800F051FF10BBBC
S31501005DB82046FFF710FEC0B123683BB9FFF706FD81
S31501005DC8A06800F075FE0546FFF70EFD019904F17E
S31501005DD8240000F07BFD2046FFF7C5FD00F0DAFC44
S31501005DE808B9FFF7E7FC0126A6E72046FFF7BBFD42
S31501005DF800F0D0FCF7E72046FFF7B5FD00F0CAFC36
S31501005E082046FFF7E8FD0028EDD0002DB1D0FFF7B9
S31501005E18DDFC616A19B1236B1968C1F13801A06803
S31501005E2800F0C2FEA3E710B50446FFF7CFFC2368CE
S31501005E3823B9A468FFF7D8FC204610BD0024F9E76A
S31501005E4803680BB9806870470020704770B586688B
S31501005E5804460D4600F010FE864204D10120E3688F
S31501005E680133E36070BD29462046FFF75CFF002831
S31501005E78F8D0E3680133E360F4E738B5856804468A
S31501005E8800F0FAFD85420BD1E368013BE3600BB1F3
S31501005E98012038BD1A4619462046FFF7F0FDF7E7F7
S31501005EA80020F6E770B5B9B100230C4A1C46154621
S31501005EB85668864204D105EBC403C3E900100BE01A
S31501005EC81BB91668002E08BF134601340A2C02F1C5
S31501005ED80802EDD1002BF0D170BD00BF003C0020B7
S31501005EE8002310B5084A52F83310DC00814206D166
S31501005EF80021064A42F833102244516010BD01338D
S31501005F080A2BF0D1FAE700BF043C0020003C002030
S31501005F1810B5FFF7E5FF90F846301BB9BDE810400C
S31501005F28FFF714BD10BD70B504460D461646FFF7BA
S31501005F384DFC94F84430FF2B04BF002384F8443009
S31501005F4894F84530FF2B04BF002384F84530FFF74A
S31501005F584BFCA36B2BB93246294604F1240000F009
S31501005F68C5FC2046BDE87040FFF7FDBC70B50E467E
S31501005F78044610B3C06B00B3236CA3FB0035DDB92F
S31501005F88FFF724FCD4E90F314B432268A563D018E7
S31501005F985B1A62601A44FF23A06084F84430E26009
S31501005FA884F8453056B104F11000FFF727FB04F1D8
S31501005FB82400FFF723FB0AE0002070BD236933B1F3
S31501005FC804F1100000F0B4FC08B1FFF7F3FBFFF78A
S31501005FD80BFC0120F1E72DE9F0410D46174606466F
S31501005FE818B900242046BDE8F081A1FB0038B8F1B4
S31501005FF8000FF6D1484310F1510FF2D85030FFF790
S3150100600899FC04460028ECD080F846805DB100F181
S31501006018500301212046C4E90F652360FFF7A6FF57
S3150100602884F84C70DEE70346F3E7024610B5002113
S315010060380120FFF7D0FF0446FFF79CFD204610BD5F
S3150100604810B50C4630B1884204D302220021FFF76D
S31501006058C2FF08B9002010BD8463FCE737B50D46B9
S315010060681C46E8B193B1A2B1E1B150230193019B5A
S31501006078019B0121C4E90F0584F8461020462260D8
S31501006088FFF774FF9DF8183084F84C30204603B0AA
S3150100609830BD49B950230193019B2246019BE8E78C
S315010060A80446F3E70C46F1E71446EFE7002213B579
S315010060B80B46009011460120FFF7D0FF0446FFF773
S315010060C859FD204602B010BD13B513460C4640B122
S315010060D8884206D30222009200221146FFF7BEFF2C
S315010060E810B9002002B010BD8463FBE710B590F823
S315010060F85D3004463BB9006BFFF728FC2046BDE836
S315010061081040FFF723BC012BF9D010BD00222DE961
S31501006118F84306461E4B1F4C1D681F4B0F46D3F806
S3150100612800801E4BD3F800902368206883F85E2010
S315010061380430FFF793FA731C14D19FB1184B2168E9
S315010061485A688A6090682168C8602168043141608C
S31501006158216804319160226853611A6801321A6014
S31501006168BDE8F88323682168AD195D6001F1040172
S3150100617804D34846BDE8F843FFF74EBA4046FFF751
S315010061884BFA084B1A68AA4288BF1D60E8E700BFA8
S31501006198743C00204C410020C03C0020BC3C00203F
S315010061A87C3C0020583C0020064A13681968064BB7
S315010061B819B94FF0FF321A6070471268D26812682F
S315010061C8F9E700BFC03C0020583C0020F8B50C4C4C
S315010061D80C4F0D4D236803B9F8BDFFF7F7FAFB68B5
S315010061E8DE68301DFFF73AFA2B68013B2B602368FE
S315010061F8013B2360FFF7F8FA3046FFF777FFE9E737
S31501006208903C0020943C0020783C00202DE9F04188
S315010062180446FFF7DBFA304B304E1A68304F01322D
S315010062281A603568002D4AD134601B68012B1FD1CD
S31501006238B84640460135FFF7E1F9382D08F114084B
S31501006248F7D1DFF8C480274D4046FFF7D7F928462E
S31501006258FFF7D4F92448FFF7D1F92448FFF7CEF917
S315010062682348FFF7CBF9234BC3F80080224B1D6067
S31501006278224A201D136801331360214A23641168D9
S31501006288E36A8B4288BF136014225343F9184A689C
S315010062989568A260E56068609060FA5861610132AC
S315010062A8FA50FFF7A1FA174B1B689BB13368DA6AF4
S315010062B8E36A9A420ED2BDE8F041FFF77BBA114B69
S315010062C81A68E36A002AD3D13268D26A9A4298BF19
S315010062D83460CDE7BDE8F081783C00204C410020D0
S315010062E8EC3C0020C43C0020A83C0020943C002043
S315010062F87C3C0020C03C0020BC3C00205C3C0020CB
S31501006308703C00206C3C0020D83C002008B5044CA9
S31501006318FFF75CFF2368012BFAD9FFF74BFAF7E77A
S31501006328EC3C00202DE9F8430D46DDE90994960079
S3150100633832460746A521206B9846FEF7C7FE236B12
S31501006348043E1E4426F007066DB16B1E04F13302A6
S31501006358093513F8011F02F8011F09B1AB42F8D13B
S31501006368002384F83D30089D201D372D28BF372589
S31501006378E562A564FFF74DF9C5F1380504F1180082
S31501006388FFF747F943463A463046216B2461A56132
S315010063986462FFF773F92060B9F1000F01D0C9F8FB
S315010063A80040BDE8F8832DE9F043074685B0900023
S315010063B8884616469946FFF7BDFA0546F0B16020AC
S315010063C8FFF7B8FA0446B0B160220021FEF77EFE57
S315010063D80D9B256301930C9B324641463846009333
S315010063E802944B46FFF79EFF2046FFF70FFF012059
S315010063F805B0BDE8F0832846FFF7A8FA4FF0FF304D
S31501006408F6E72DE9F043174660220E46002187B0CC
S3150100641805929846DDE90F94059B0546059B04916F
S31501006428C4B1B9F1000F15D02046FEF74FFE02237D
S3150100643884F85D3004ABC4F8309001930E9B28466E
S3150100644800933A46434631460294FFF76BFF2046CE
S31501006458FFF7DCFE049807B0BDE8F083F8B50446FB
S315010064681D4DFFF7B3F904B92C68271D3846FFF708
S31501006478F5F8A36A1BB104F11800FFF7EFF8174AFC
S31501006488174E1368013313602B68A342336800D192
S315010064985BB9144A1368013B1360FFF785FEFFF7E2
S315010064A8A3F92046FFF722FE09E039460E48FFF711
S315010064B8CAF80E4A136801331360FFF795F9336872
S315010064C843B12B68A34205D1094B1B68BDE8F840C7
S315010064D8FFF770B9F8BD00BF4C4100205C3C0020B5
S315010064E86C3C0020783C0020943C0020903C002025
S315010064F8503C00201A4B2DE9F0411B6804468342A3
S3150100650826D0FFF763F9174BD4F828801F68164B76
S3150100651865691E68FFF768F9144B98451AD0BD429C
S315010065281AD0B54218D0124B9D4209D1A36A9BB91C
S3150100653894F85C30012B14BF03200220BDE8F081DA
S315010065480C4B9D420AD0002D14BF01200420F5E70B
S315010065580020F3E70120F1E70220EFE70420EDE749
S315010065684C410020C03C0020BC3C0020A83C002037
S315010065787C3C0020943C002030B58BB007AB1D460F
S31501006588184A12F8014B03F8014B002CF9D106AA57
S3150100659805A904A8CDE90444FFF718F8049B294680
S315010065A80293059B069ACDE900430F482346FFF758
S315010065B828FF0E4B186080B100F0D8FC012805466B
S315010065C80BD1FFF76BF94FF0FF32094B1A60094BF4
S315010065D81D60094B1C60FFF79DF8084B1B680BB043
S315010065E830BD00BF289C01016D218000543C00206C
S315010065F8583C00206C3C0020743C0020307B002075
S31501006608024A136801331360704700BF503C0020EB
S31501006618014B1868704700BF743C0020014B18688D
S31501006628704700BF783C00202DE9F84F4E4B1B6898
S31501006638002B40F092804D4B1C6801341C6064B9F4
S315010066484B4B1A684B4A19681068186011604A4A18
S31501006658136801331360FFF7A7FD484D00202B6827
S31501006668474AA342DFF824B10FD91421DBF80030D9
S31501006678DB6A4B43D358022B424B28BF01201B68C8
S31501006688002B18BF0120BDE8F88F0746DFF800C1C7
S31501006698374B1B681B681BB94FF0FF332B60E4E7C8
S315010066A8334B1B68DB68DB6859688C4201D2296069
S315010066B8DBE7D3F81480D3E90219C1F80890C9F8C1
S315010066C80410D8F8041003F1040E7145D8F8001027
S315010066D808BFC8F8049001395F61C8F80010D3F8FB
S315010066E82880B8F1000F13D0D3E90719C1F808902B
S315010066F8C9F80410D8F8041003F1180A5145D8F856
S31501006708001008BFC8F8049001399F62C8F8001044
S315010067181426D96ADCF80080414506FB01F802EB2C
S31501006728080ADAF8049088BFCCF80010D9F808608E
S31501006738C3F80890DE60C6F804E0C9F808E0C3F8B3
S3150100674814A052F80830013342F80830DBF800305B
S31501006758DB6A994288BF01209AE70B4A0020136831
S31501006768013313608FE700BF503C0020743C0020C2
S31501006778C03C0020BC3C0020603C0020583C002066
S31501006788EC3C0020643C0020683C00204C41002081
S31501006798703C00202DE9F84FFFF718F8434B1A68AB
S315010067A81A68013A1A601B682BB10024FFF71CF816
S315010067B82046BDE8F88F3E4A1268002AF5D014250E
S315010067C84FF0010C3B483C4C3C4A3D4E3D4F51E095
S315010067D8C368DB68D3F828E0D3E90718C1F808804D
S315010067E8C8F80410DEF8041003F1180949454FF0FA
S315010067F8000108BFCEF804809962DEF8001001395D
S31501006808CEF80010D3F814E0D3E90218C1F80880CD
S31501006818C8F80410DEF8041003F104094945DEF846
S31501006828001008BFCEF804800139CEF80010D3F85D
S315010068382CE0216805FB0EF802EB080A8E45DAF80A
S31501006848041088BFC4F800E0D1F808B09960C3F80D
S315010068580CB0CBF80490C1F8089052F80810C3F8A8
S3150100686814A0013142F808103168C96A8E4501D968
S31501006878C7F800C001680029AAD10BB1FFF794FC3B
S31501006888114D2C6844B101270E4EFFF7CDFE00B11C
S315010068983760013CF9D12C600A4B1B68002B84D068
S315010068A8074B01241B68FEF785FF7FE7503C002054
S315010068B8783C0020A83C0020703C0020EC3C0020DD
S315010068C84C410020643C0020683C002010B50C4671
S315010068D8054B19681831FEF79FFE2046BDE81040A2
S315010068E80121FFF713BC00BF4C4100200F4B70B4C8
S315010068F844681D68A668EC611D68002A2E621D6839
S3150100690805F1180575601D681B6805F11805A56070
S315010069189862036870BC03F1010303600CBF084663
S315010069284FF0FF301146FFF7F1BB00BF4C41002085
S31501006938C368F0B5DB689A6AD3E9070181604860E4
S31501006948506803F11804A04208BF516000219962FA
S315010069581168013911601D4AD96A1268002A29D1BC
S31501006968D3E902405A69A060446054681D1DAC42CF
S3150100697808BF5060106801381060154A10688142D6
S3150100698888BF116014224A43124886187468A7689A
S315010069989C60DF607D60A5605E618358013383502A
S315010069A80D4B1B68DB6A994285BF01200B4B002002
S315010069B81860F0BD0A4A50688568D8611D626C6026
S315010069C884609A62136801331360E9E7503C00203A
S315010069D8703C0020EC3C00204C410020643C002027
S315010069E8A83C0020F8B51F4B1A681F4B12B10122AB
S315010069F81A60F8BD1D4C1A6023681B6B1A68B2F140
S31501006A08A53F0BD15A68B2F1A53F07D19A68B2F1F1
S31501006A18A53F03D1DB68B3F1A53F04D021682068FF
S31501006A2834310EF0DDDF1427114D124A296807FBB0
S31501006A3801F3D658981896B1466808337668134410
S31501006A489E4208BFC368466008BF4360142303FB20
S31501006A5801225368DB68236029602368C9E7013985
S31501006A68E5E700BF503C0020643C00204C41002073
S31501006A78703C0020EC3C0020014B1868704700BFB1
S31501006A884C4100200122014B1A607047643C0020EA
S31501006A98054B1B6833B1054B1868B0FA80F04009FD
S31501006AA840007047012070476C3C0020503C002094
S31501006AB8F8B5044600282ED01D4DC36A2A68D26A45
S31501006AC893422DD282691B4E002AA1BF2A68D26A37
S31501006AD8C2F138028261142202FB036342699A42B7
S31501006AE81AD1071D3846FEF7B9FD2B68124ADB6A2B
S31501006AF81168E3628B4288BF136014225343F1186D
S31501006B084A689068A260E06047609760F2586161E0
S31501006B180132F2500120F8BD2B68DB6AC362F9E73E
S31501006B282B68806CDB6A98422CBF00200120F2E7B3
S31501006B384C410020EC3C0020703C002070B5044616
S31501006B4808B9002070BD154BC16A1B68826CC36CFD
S31501006B58914203F1FF33C364F3D0002BF1D1051D34
S31501006B682846FEF77BFDA36CC3F13802A2610C4AE5
S31501006B78E36211688B424FF0140188BF13604B43DF
S31501006B88084AD01841688E68A160E66075608D6014
S31501006B98D158606101310120D150D3E74C41002021
S31501006BA8703C0020EC3C002070B50446002831D02A
S31501006BB8836C994238BF1946C36A8B422AD0C26C84
S31501006BC8012A27D1144A154D12688269C162002A21
S31501006BD84FF0140202FB03534269A4BFC1F1380105
S31501006BE881619A4216D1061D3046FEF737FD0C4AD9
S31501006BF8E36A11688B4288BF136014225343E9186C
S31501006C084A689068A260E06046609660EA586161E9
S31501006C180132EA5070BD00BF4C410020EC3C002017
S31501006C28703C0020034B186810B1C36C0133C36470
S31501006C38704700BF4C410020034B1B680360034BA0
S31501006C481B684360704700BF603C0020743C00200D
S31501006C5870B504460D46FEF7B9FD144B626819680E
S31501006C68134B186890F85E0040B100221B6883F840
S31501006C785E200124FEF7B8FD204670BD2B68581C1E
S31501006C8812D00C4826680068864204D08A4202D887
S31501006C9800232B60EDE7881A8342F9D95B1A13445E
S31501006CA820462B60FFF7C8FF0024E3E7743C002069
S31501006CB84C410020603C0020914208B541600061CA
S31501006CC80AD8D21A83699A420DD2084B011D18684F
S31501006CD8FEF7A2FC002008BD9A4201D2994202D2CF
S31501006CE8034B011DF3E70120F5E700BFAC41002086
S31501006CF8B041002070B504460D461646A1692B46DB
S31501006D08324620462944FFF7D7FF00B970BDA3696B
S31501006D1820461D44236A9847F0E700000E4B70B5DC
S31501006D281B680546DB680E46DC68201DFEF796FCE7
S31501006D3894F828305A0709D5324629462046FFF7DE
S31501006D48D9FF2046236ABDE87040184723F001039E
S31501006D5884F82830F5E700BFB0410020F8B50546AC
S31501006D68FFF756FC0D4E04463368834209D90C4F8A
S31501006D783B681A6852B90B4A1168136039600123D6
S31501006D8800E0002320462B603460F8BDDB684FF035
S31501006D98FF311868FFF7C2FFEAE700BF504100203C
S31501006DA8B0410020AC410020F7B5114CFEF70EFDAD
S31501006DB82568BDB90F4F104E3846FEF71FFC304601
S31501006DC8FEF71CFC0D4B10211F600D4B0A201E609F
S31501006DD80C4A0D4B0095FFF741F9206010B10B499C
S31501006DE8FFF760F803B0BDE8F040FEF7FDBC00BF51
S31501006DF8A8410020C8410020B4410020B04100202C
S31501006E08AC41002055590020544100202D9C010118
S31501006E182DE9F041524F534E86B03B68D3F80080B6
S31501006E28B8F1000F37D00024DB68D3F80080FFF7EC
S31501006E38E7FB02A8FFF792FF029B0546002B3FD10D
S31501006E485CBB40452FD3FFF7A5FC29464046FFF713
S31501006E5865FF1022002102A8FEF738F900223068E2
S31501006E6802A9FEF791FE0028D7D0029B0498002BB1
S31501006E7829DB049C63696BBB01A8FFF76FFF029BC3
S31501006E880546013B082BE9D8DFE803F028284B52D1
S31501006E986128284B52000124C9E7334B1B681C683B
S31501006EA8B4FA84F4640922463068A8EB0501FFF7B1
S31501006EB83AF8FFF76FFC0028CBD1FEF77BFCC8E751
S31501006EC8FFF768FCC5E7039B05999847029B002BCA
S31501006ED8C4DBCEE7201DFEF7C1FBCDE794F82830C9
S31501006EE8A16943F0010384F82830039B024619443B
S31501006EF82046FFF7E1FE0028B0D094F8283059075C
S31501006F080AD5A36903992A4620461944FFF7F2FED2
S31501006F182046236A9847A1E723F0010384F828301D
S31501006F28F6E794F8283023F0010384F8283095E72A
S31501006F3894F82830024643F0010384F8283003996F
S31501006F480346A16101442046FFF7B6FE86E794F899
S31501006F5828309A07E7D42046FEF7F8FC7EE700BFFB
S31501006F68B0410020A8410020AC41002010B588B0EE
S31501006F78FFF71AFF0E4B00241868B8B107AA06A92D
S31501006F8805A8CDE90544FEF72DFB059B079A029353
S31501006F98069B084901932823074800932346FFF7D0
S31501006FA830FA064B1860001B18BF012008B010BD47
S31501006FB8A8410020329C0101712C8000A4410020C7
S31501006FC80348044B834202D0034B03B11847704769
S31501006FD8C4860020C486002000000000064B07492D
S31501006FE8C91A891048BF0131491003D0044B0BB1A6
S31501006FF801481847704700BFC4860020C486002090
S315010070080000000010B5064C237843B9FFF7D8FFF6
S31501007018044B13B10448AFF300800123237010BD5C
S315010070285459002000000000A0B4010108B5054B21
S315010070381BB105490548AFF30080BDE80840FFF7D5
S31501007048CDBF00BF0000000020360020A0B401011A
S31501007058A3F5803A704700BF174B002B08BF134BA7
S315010070689D46FFF7F5FF00218B460F461348144A44
S31501007078121AF9F757DF0E4B002B00D098470D4B24
S31501007088002B00D098470020002104000D000D4870
S31501007098002802D00C48AFF3008009F06DFE2000ED
S315010070A8290010F048FB09F0D1FD00BF00000800D7
S315010070B8000000000000000020320020A835002052
S315010070C8287B0020000000000000000008B50348E6
S315010070D8F9F701D8BDE8084011F03DBCE4AA010161
S315010070E80148F8F7F89F00BFE4AA0101002307B594
S315010070F80193054B1B68FAF7FDDA019B002BFCD0BF
S3150100710803B05DF804FB00BF2C7B0020EFF3058379
S315010071180F2B84BF034A9B5C4FF0E023D3F80C3D49
S31501007128704700BFF0E300E030B5074C25682468D6
S315010071386A40D2B2891A101A090A41EA1021634033
S3150100714823EA0100C0B230BDDC410020044B1B68B4
S31501007158584043085B4240421843C017704700BF76
S31501007168DC410020054B01311B680132434022EA0C
S31501007178030208400243501E00B27047DC4100205A
S315010071882DE9F04F834699B00F4618460021164659
S3150100719804930AF0ABFF002800F08781002401253B
S315010071A8774B30461493049915ABCDE90B45CDE9D8
S315010071B80D45CDE90F45CDE9114513930AF01FFF9A
S315010071C8A04228DABBF1000F05D1E7B90024204611
S315010071D819B0BDE8F08F214658460AF085FE0446E7
S315010071E80028F2D00BA80AF0D4FD0DA80AF0D1FDAB
S315010071F80FA80AF0CEFD11A80AF0CBFD0C2115A89F
S3150100720801F0A4FAE3E7314638460AF038FE0446A7
S315010072180028E7D1DAE731460BA80AF030FE044622
S315010072280028DFD104990DA80AF029FE0446002892
S31501007238D8D1F1880FA80231ADF83850ADF83050E1
S315010072480AF0B5FD04460028CCD101460FA80AF07C
S315010072584BFE04460028C5D1F18811A802310AF06F
S31501007268A6FD04460028BDD10DA80AF07CFE00F053
S315010072781F001F2873D0C0F11F0319460BA80193DD
S315010072880AF097FE04460028ACD101990DA80AF028
S3150100729890FE04460028A5D1BDF83250BDF83A80C3
S315010072A80DA8A5EB080A4FEA4A1949460AF081FED4
S315010072B80446002896D14FEA8A0A0DA90BA80AF0B6
S315010072C8CDFE00284DDA49460DA80AF08FFE044680
S315010072D8002887D108F1FF3302939B0005F1FF3A95
S315010072E8069305F1804508F18043023B013D9B0069
S315010072F8A5EB08050993AB000393029B9A4541D870
S31501007308BBF1000F0DD058460FA90AF0B8FD0028A9
S3150100731840F0C780049AB388928813FB02F3ABF84E
S315010073280430002F3FF45EAF01990BA80AF05EFE08
S31501007338002840F0B680B3880BA93846ADF830303E
S315010073480AF09DFD0146002840F0AD8038460AF056
S31501007358CDFE00287FF446AF0123BB8042E70194A6
S315010073689AE70F9A0BA952F80A300846013342F8F0
S315010073780A300DAA0AF09FFF044600289DD031E77E
S31501007388010003000D9B069A05931344DDF82C9022
S315010073980893059B4FEA8A089A5859F82A10A8F1C2
S315010073A804030F9D0793039B91421D4474D20798CA
S315010073B8002359F80000F9F725DC002914BF4FF01E
S315010073C8FF330346BAF1010F2B600EBF002309EB09
S315010073D8080353F8083C099A1593079B59F8033093
S315010073E8169359F8083017932B6801332B60059BC0
S315010073F8134498462B680021013B2B6011A80AF01B
S3150100740873FD00284DD1029B002B48D0D8F80020E7
S31501007418119B11A91A60089A084612685A602A68C7
S315010074280AF0D1FF00283CD113A911A80AF016FECB
S315010074380028DFDC2A680DA911A80AF0C4FF80BB61
S31501007448039B11A84FEAC30841460AF0B2FD40BBA7
S315010074580BA9084611AA0AF02EFF014618BB0BA86C
S315010074680AF044FE002812DA0DA911A80AF007FD50
S31501007478B8B9414611A80AF09CFD90B90BA908466E
S3150100748811AA0AF015FF60B92B68013B2B60039B13
S315010074980AF1FF3A043B2FE74FF0FF3392E7029ACE
S315010074A8B6E704469EE60C469CE66FF00B048EE6AC
S315010074B8044B1B68584043085B4240421843C017B7
S315010074C8704700BFDC41002010B50B4C22682368C9
S315010074D84240594081EA0200C00FFFF7E9FF2368DD
S315010074E8521A434022EA030208401043C00FBDE87E
S315010074F81040FFF7DDBF00BFDC410020F8B50D469F
S31501007508014628681746FFF7DFFF0124C143074BE9
S315010075181E68BC4202D346EA0100F8BD55F82400AC
S31501007528FFF7C6FF01340643F3E700BFDC4100203D
S315010075382DE9F04707460F4B88461E6819681D68EE
S31501007548541E631C02D13046BDE8F08758F824A0C2
S3150100755857F8249050464946FFF7B6FF514605436A
S315010075684846FFF7B1FF20EA05031E430543013CE0
S31501007578E7E700BFDC4100208842F0B504D00025CA
S31501007588084F0438AA4200D1F0BD3E6850F8044FAE
S315010075985E4024EA060451F8256001351E4034434D
S315010075A80460EFE7DC4100202DE9F04F1C4685B069
S315010075B8DFF884900391064621461046D9F8003033
S315010075C8D9F800300BF04FF9C51D272D90468CBF11
S315010075D84FF01E0A4FF0FA0AEB0825F00705029349
S315010075E82D1A0F9B2146009330460E9B029A0BF0EB
S315010075F837FB0746C0B92A46214630460BF0ACF997
S31501007608BAF1010A14D0224631460398FFF776FFEC
S315010076182246834641463046FFF78AFFD9F80020BD
S315010076280BEA00039A42DCD0384605B0BDE8F08F74
S315010076386FF00D07F8E700BFDC41002070B50C4676
S315010076480646114620461A460AF051FE0546A0B9D5
S31501007658B36C33B921462046321DBDE870400AF0A5
S31501007668E3BEB4F90430002B09DB20460AF07BFCA3
S31501007678F36BB0EB430F09D9184D284670BD014687
S3150100768820460AF033FD0028EFD0F5E72046B36C13
S31501007698984705460028F0D10436B4F90430002B82
S315010076A804DA002120460AF021FD68B93146204650
S315010076B80AF0D4FC0028E0DB3246214620460AF0CF
S315010076C875FD0028F2D006E03246214620460AF02A
S315010076D8EFFD0028E1D00546CFE700BF80B0FFFFE8
S315010076E8F0B514461F46054685B002A80E460AF0AF
S315010076F84BFB2346022100972A1D02A80AF042FFE6
S31501007708044648BB06F110021146284602ABFFF7AC
S3150100771895FF044600BB06F108073A46394628464E
S3150100772802ABFFF78BFF0446B0B902AB1A461946FE
S315010077382846FFF783FF044670B932463146284684
S3150100774802ABFFF77BFF044630B93A46394628466D
S3150100775802ABFFF773FF044602A80AF01AFB0348B7
S3150100776814F10E0F18BF204605B0F0BD00B3FFFF98
S315010077782DE9F14F9A461B6904460E4691460A9D24
S315010077881BB9724801B0BDE8F08F02F1100700215C
S3150100779838460AF0ABFC30B95146304601B0BDE86F
S315010077A8F04F0BF041BD0AF11008002140460AF0DE
S315010077B89DFC08B94946F0E7012140460AF096FCC6
S315010077C80028DED13B463A4629462046FFF736FFD2
S315010077D80028D7D105F108083B462A4641462046E6
S315010077E8FFF72CFF0028CDD153462A4629462046C5
S315010077F8FFF724FF0028C5D14246414620460AF133
S315010078080803FFF71BFF0028BCD14B462A46294629
S3150100781820460BF0FCFA0028B4D109F1080B5B46A7
S315010078284246414620460BF0F2FA0028AAD1002129
S3150100783828460AF05BFC014690B940460AF056FC18
S3150100784840B92B464A463146204601B0BDE8F04FBD
S315010078580BF05ABB304601B0BDE8F04F0BF0FABC4D
S315010078682B463A46204606F11001FFF7E7FE0028A7
S3150100787888D105F110072B462A4639462046FFF7D7
S31501007888DDFE00287FF47EAF05F1180A2B463A463D
S3150100789851462046FFF7D2FE00287FF473AF4B46C8
S315010078A83A4639462046FFF7C9FE00287FF46AAFF3
S315010078B8394628460AF0E3FA00287FF463AF2946D9
S315010078C820460BF012FB00287FF45CAF4346424684
S315010078D831462046FFF7B2FE00287FF453AF2B4608
S315010078E83246314620460BF092FA00287FF44AAF19
S315010078F853463246314620460BF089FA00287FF472
S3150100790841AF33463A46394620460BF080FA0028FD
S315010079187FF438AF43463A4639462046FFF78EFE8E
S3150100792800287FF42FAF5B46524651462046FFF7A3
S3150100793885FE00287FF426AF53463A46204606F1CF
S31501007948080101B0BDE8F04F0BF061BA80B0FFFF46
S315010079582DE9F047012A8246DDE908490E46904697
S315010079681F4644D804300AF002FB054650460BF080
S31501007978D1FB012882463CD1002106F110000AF00C
S31501007988B5FB48B9B9F1000F02D11B48BDE8F0872C
S315010079982070C7F800A0F9E7B8F1000F17D16B00FE
S315010079A801334B453B60F0D8214604232A4630462D
S315010079B801F8013B0AF0F7FA0028E7D12A46691CC3
S315010079C8214406F10800BDE8F0470AF0ECBA6B1C41
S315010079D84B453B60D9D8002106F108000AF0A0FA08
S315010079E82146023001F8010B2A463046EBE70348E7
S315010079F8CCE70348CAE700BF00B1FFFF80B0FFFF2D
S31501007A0880B1FFFF2DE9F84380460C4615461F460F
S31501007A1813B91D48BDE8F88304300AF0A8FA0646EA
S31501007A2840460BF077FB012881462AD12B7833B9DA
S31501007A38012FEED12046BDE8F8430BF00BBC06F149
S31501007A480108B845E5D832462046691C0AF095FA78
S31501007A580028DFD1494604F110000AF045FA00284A
S31501007A68D8D12B78042BD4D173000133BB42D0D1A2
S31501007A78324605EB080104F10800BDE8F8430AF0AF
S31501007A887CBA0248C6E700BF80B0FFFF80B1FFFF9E
S31501007A982DE9FF410E460546012106F110000AF0BF
S31501007AA825FB044650B928460BF034FB01287AD148
S31501007AB8214630460AF01AFB002801DA3B4C6EE0F3
S31501007AC806F10808214640460AF010FB0028F5DBB6
S31501007AD82F1D394630460AF0C1FA0028EEDA394632
S31501007AE840460AF0BBFA0028E8DA68460AF04CF97B
S31501007AF802A80AF049F94346424669462846FFF76D
S31501007B089DFD0446002844D133463246284602A93B
S31501007B18FFF794FD044600283BD1EB687BBB02A91D
S31501007B28032208460AF0CBFB044690BBBDF90C308C
S31501007B38002B04DA002102A80AF0D8FAC8B902AA69
S31501007B48334611462846FFF779FD044608BB02AAC3
S31501007B581146284605F114030BF03DF90446C0B950
S31501007B68684602A90AF07AFA104B041E18BF1C4689
S31501007B780FE002A93A4608460AF09AFBD4E702AA98
S31501007B881146284605F10C030BF025F90446002891
S31501007B98D5D068460AF0FDF802A80AF0FAF8204698
S31501007BA804B0BDE8F081024CF9E700BF80B3FFFFDE
S31501007BB880B0FFFF38B505460BF0ACFA01280C4634
S31501007BC801460DD120460AF091FA002806DB204627
S31501007BD805F134010AF042FA002803DB024838BDF0
S31501007BE80248FCE70020FAE780B3FFFF80B0FFFFF9
S31501007BF82DE9F04F0F46B5B0114606469A46029250
S31501007C08FFF7D8FF0446002840F09F8151463046C9
S31501007C18FFF73EFF0446002840F0978130460BF0F7
S31501007C2879FA012840F09A81336C18210133022030
S31501007C384FEA53090FF03DFB0546002800F08C81F9
S31501007C4805F118080BF06FFA40460BF06CFA0DF1C6
S31501007C584C0B0BEB040008340AF096F8202CF8D1EB
S31501007C68514628460BF0E0FA044698BB8246D145B0
S31501007C781ED1414630460BF033F8044650BB434605
S31501007C882A4641463046CDF800B0FFF771FD044655
S31501007C9800BB414630460BF023F80446D0B905F13E
S31501007CA810000AF076F805F128000AF072F811E0DA
S31501007CB8BAFBF9F1012318228B4009FB11A1DBB2AA
S31501007CC802FB0352F9B11146304613AB0BF01CF90E
S31501007CD8044638B34FF0000A0BEB0A000AF1080A0A
S31501007CE80AF057F8BAF1200FF6D1F4B1B36D9D42F7
S31501007CF82DD028460BF054FA40460BF051FA284687
S31501007D0811F0CFFC23E003F0FE0101EB530110460D
S31501007D1805EBC10103920BF087FA039A0446002882
S31501007D28D1D0D7E70AF1010AA1E705A80AF02CF88C
S31501007D3806F1340B0BA80AF027F8214658460AF033
S31501007D48EFF8012811D0B36D9D4204D1844C384611
S31501007D580BF026FAF9E028460BF022FA40460BF01A
S31501007D681FFA284611F09DFCF0E7214602980AF011
S31501007D78D7F80299824605A80AF081F8044630B177
S31501007D880BA80AF006F805A80AF003F8AEE7594663
S31501007D98029A0BA80AF08FFA04460028F0D1BAFA1B
S31501007DA88AFA4FEA5A1A52460BA905A80AF023F885
S31501007DB804460028E4D1014609F1010213A8F9F79E
S31501007DC8B1D813AB1A46A346D94502925DD0594696
S31501007DD805A803930AF0A4F8029A09EB0B01147893
S31501007DE80BF1010B044305A80AF09AF8E4B2029ACA
S31501007DF844EA4004039B02F8014BE5E75C781A78EC
S31501007E0884EA010E6FEA0E0000F0010012FB00F28F
S31501007E180C4002EA0E0182EA0E0203F8012F13F85A
S31501007E28012C214342EAC01203F8012C0CF1010C82
S31501007E38E345E3D20BA809F0ACFF05A809F0A9FFB1
S31501007E4805A80BF070F900240BAB1819083409F0D2
S31501007E589BFF202CF8D10BF1D0036B442A463946F7
S31501007E68304613F8843C0AF0FFFF0446002831D156
S31501007E783E9B002B6DD0DDE93E2339463046FFF7A0
S31501007E882FFC002865D0044624E000214FF0010CA0
S31501007E98CEE74B463A46394630460BF1FF3B0BF0E7
S31501007EA833F80028EFD113AB2A46304613F80B30C6
S31501007EB805A90AF0D9FF0028E5D13A4639463046E0
S31501007EC8CDF8009005ABFFF753FC0028DBD1BBF1D9
S31501007ED8000FDED105A80AF0B9FF4FF000090BAB78
S31501007EE803EB090009F1080909F053FFB9F1200F5D
S31501007EF8F5D1002C7FF4FAAE5246394630460AF0DF
S31501007F0833FF044600287FF4F1AE3E9B4BB1DDE911
S31501007F183E2339463046FFF7E3FB044600287FF443
S31501007F28E5AE394630460AF0DBFEB36D04469D429E
S31501007F3808D028460BF034F940460BF031F92846AB
S31501007F4811F0AFFB002C7FF402AF204635B0BDE837
S31501007F58F08F0DF12C09BAE7024CF8E6004CF4E76C
S31501007F6880B0FFFF80B2FFFF30B4DDE9024524B1DE
S31501007F78CDE9024530BCFFF73BBE014830BC70472E
S31501007F8880B0FFFF73B505461E460BF0C3F80128FE
S31501007F980C4601460ED113462046009605F13402D9
S31501007FA80AF0F0FA044B10F10E0F18BF03461846F3
S31501007FB802B070BD014BFAE700B3FFFF80B0FFFFC7
S31501007FC82DE9F0410D46014628461746984600F028
S31501007FD847F80446B0B928460BF09CF8012805F184
S31501007FE8600612D142463946304609F0C6FF0446B4
S31501007FF828B931462846FFF7DDFD044610B130465B
S3150100800809F0C7FE2046BDE8F081014CF7E700BF3D
S3150100801880B1FFFF70B5066C0D460736B3EBD60F78
S31501008028114604464FEAD60203D200230A482B60BA
S3150100803870BDB0F866302A604BB10BF06BF80128B9
S3150100804807D104F16000BDE8704009F0ACBF0348F0
S31501008058EEE76FF06D00EBE700B1FFFF80B0FFFFC1
S3150100806838B504460D460BF09FF820460BF069F823
S31501008078032D257023D1144B144AA360A361A3636E
S315010080882362A362124B626063624FF00113114AC5
S3150100809823636261104A114B6263114AE362E2612A
S315010080A8201D09F060FFE06304F1340009F05BFF6D
S315010080B8206400200123C4E91600636438BD002347
S315010080C808482370FAE700BF01000800BC9C0101BB
S315010080D85C9C01019C9C01013C9C0101DC9C010109
S315010080E87C9C010180B1FFFF0538C0B206289ABF02
S315010080F8024B53F820000020704700BFE09C0101A5
S315010081080023F0B5044603600A276FF067000C4E9A
S315010081180B68934203D21D78303D092D00D9F0BD75
S315010081282568B54209D87D43256013F8010B284413
S315010081383038206000200B60EAE76FF06700EEE751
S315010081489999991970B5094C256815B96FF02D00DB
S3150100815809E0667C864207D1267C8E4204D100203E
S31501008168156062681A6070BD1434EDE724A6010132
S3150100817830B5084B1C6814B96FF02D0006E01D7C5C
S31501008188854204D100205B680C60136030BD14334E
S31501008198F0E700BFD4A5010130B5084B1C6814B936
S315010081A86FF02D0006E01D7C854204D100205B6836
S315010081B80C60136030BD1433F0E700BFACA50101B4
S315010081C82DE9F04F0F460021054687B00846009372
S315010081D890469B46134605AA109E09F04EFD284671
S315010081E810F027FE0446384610F023FE05990229A9
S315010081F80A4638BF02224B1C023A03EB9213234468
S315010082081844119B984207D96FF02908129B1860E8
S31501008218404607B0BDE8F08F39B101200FF049F8A3
S31501008228044618B9DFF8A080F2E70C464346204613
S315010082380599CDF800B005AA09F01FFD804618B1C9
S31501008248204611F02EFAE3E7284610F0F2FD2946FA
S315010082580246304610F064FD284610F0EAFDA146B4
S315010082684FF00A0A3518DDF814B0BBF1000F18D122
S31501008278384610F0DEFD39460246284610F050FD14
S31501008288384610F0D6FD02462B18581C129B05F8E5
S3150100829802B0821B1A60119B59469A1AF8F742DEF8
S315010082A8CEE75A46402A28BF402249462846039225
S315010082B810F036FD039AABEB020015440590914484
S315010082C805F801ABCFE700BF80EEFFFFF0B5054625
S315010082D887B00E46182200216846F8F723DE1DB935
S315010082E8114C204607B0F0BD2B68002BF8D1694622
S315010082F830460BF0FAFB04460028F1D1BDF80070B0
S3150100830868460BF0CEFE27F0FF03B3F5E24F07D020
S3150100831847F201039F4205D1044B2B60AE60E0E7AB
S31501008328034BFAE7034CDCE780C1FFFFB4A6010162
S31501008338E4A6010180C6FFFF2DE9F74F1646DDE9E0
S315010083480C89DDE90EAB04460D46109AE1B92BB945
S31501008358036803BB164803B0BDE8F08F002EF9D0B9
S3150100836801680029F6D021684F69FFB1CDE90FB23E
S31501008378294632462046BC46CDE90D9ACDF83080CD
S3150100838803B0BDE8F04F6047002EE3D0016800292D
S31501008398E0D0002BE7D128460192FFF7A5FE0AF0A7
S315010083A881FF019A03460028DDD1D3E70148D2E7C8
S315010083B880C1FFFF00C1FFFF0048704780C6FFFF6D
S315010083C82DE9F04F04468BB00E46DDE9149A0021DB
S315010083D8174604A818229846169DF8F7A3DD2046E5
S315010083E804A90BF082FB38B10722194B19490CF085
S315010083F8B8F90BB0BDE8F08F04A8BDF812B00BF0C0
S3150100840850FE46F0C06143463A462046CDE901A5ED
S31501008418CDF8009041F4E0610BF0CAFC034670B157
S315010084288533E1D143463A462046CDE901A5CDF843
S31501008438009046F006210BF0BBFC0028D4D1CDE90B
S3150100844800A54B46494658462A680CF0B0F9D0E7CC
S31501008458E19A000120A701012DE9F0431E469BB0D0
S315010084680746884614460021182204A8F8F75ADD5B
S315010084780023F51DED0802936D0024B92A4C204608
S315010084881BB0BDE8F0834FF006294FF4005144F4C0
S31501008498824404A8ADF810400AF0F1FF4246394675
S315010084A802ABCDF81C9000F033FD48B101F014FB86
S315010084B80546029800F02CFC04463DB32C46DEE73F
S315010084C8402D03D9029800F023FCD7E703AB0193AB
S315010084D84023DDE924120AAF009330463B460CF0EF
S315010084E8BAF90446029814B100F012FCC7E7039BD7
S315010084F8AB42E8D1CDE90073DDE9222349460BF009
S315010085089AFC50B9029800F003FC0446002CB6D038
S31501008518204601F0E1FA0446B1E70722034B044974
S315010085280CF01FF9C4E700BF80C1FFFFE19A000103
S3150100853820A701012DE9F04105469CB00021164608
S3150100854805A818221F46F8F7EDDCA86805A90BF05F
S31501008558CCFA38B10722144B14490CF002F91CB0B5
S31501008568BDE8F081BDF8144005A804F44F43B3F5FE
S31501008578824F18BF0024BDF816800BF092FD4122E8
S31501008588A86804AB0BA90BF009FB0028E2D1239BD1
S3150100859804990393229B0096CDE90173E2B24346FF
S315010085A80BA8FFF759FFDAE7E19A000120A70101B5
S315010085B870B5002306460846BEB0CDE9033341220D
S315010085C8806803AB05A90BF0E9FA044618B101F076
S315010085D883FA3EB070BD16ADA0223146284610F08A
S315010085E89FFB28460AF046FF0238314602284FF01B
S315010085F8A002284698BF179C10F092FB28460AF05D
S3150100860839FF0238022888BF00214FF0410398BF7D
S315010086181799CDE900530022204604AB6831FFF7CC
S3150100862897F90028D5D1DDE903239A4208D12946CD
S3150100863805A810F067FC034B002818BF1846C8E7C1
S315010086480048C6E780C1FFFF2DE9F04190460027A3
S31501008658ACB004ADA02206460C462846414603970F
S3150100866810F05EFB28460AF005FF0238022840464C
S3150100867898BF059F0AF0FEFE072811D14122294617
S31501008688D8F8080003AB0BF089FA00BB3068039AE7
S31501008698041B944214D26FF06B002CB0BDE8F08134
S315010086A841230022CDE90053384603AB07F168019F
S315010086B8FFF74EF90028F0D13068A042E7D2EAE781
S315010086C8801A2946306010F02BFB0398E5E701482C
S315010086D8E3E700BF80C1FFFF73B5054610460C46A8
S315010086E816460AF0C7FE022809D13246214628460F
S315010086F8FFF7AAFF00280DDB034618460AE03046B5
S315010087080AF0B8FE07281BD100232A680193944270
S3150100871802D90C4802B070BD2146B06801AB121BE4
S315010087280BF03CFA0028F4D12868019A2146801AF0
S31501008738286010F0F7FB019B002B1846DDDAE9E704
S315010087480148E7E780C1FFFF80C6FFFF10B50A466B
S31501008758044619B1024B00211B68984710BD00BF9A
S31501008768347B0020F8B50D4E0D4C0E4D33680E487E
S31501008778984767782B680C48984733680B48984799
S31501008788022F08D12478E31F5C425C412B68074815
S3150100879898472046F8BD0024F8E700BF3C7B002037
S315010087A8E0410020387B0020B84700201C48002003
S315010087B80E4B0340B3F1607F06D1B1F5885F14BF54
S315010087C86FF0860000207047B3F1707F0BD101F47A
S315010087D8E043B3F5005F06D111F4E06F0CBF6FF00B
S315010087E88600002070476FF0860070470000C07F42
S315010087F88A42F8B507460C4600F019818F4922F4DA
S31501008808FF7323F001038B420ED08D4B22F0FF013B
S31501008818994209D08B4822F47F7323F003038342DC
S3150100882802D0894B994228D1884B24F0FF019942FD
S315010088380FD114F0FF000BD0854B40F00070984221
S3150100884840F0F78082EA0400FF288CBF002001204F
S31501008858F8BD7B4B9942ECD0A3F588539942E8D0F1
S3150100886824F4FF7323F00103B3F1062FE1D0764810
S315010088788142DED073498B42DBD004F0FE43B3F16B
S31501008888A06F14D102F0FE43B3F1A06F40F0D1807E
S3150100889882EA040333F47E1340F0CB8014F40040DB
S315010088A8D6D0C4F30540C2F305429042CDE7B3F1F1
S315010088B8407F40F0A88002F0FE43B3F1407F40F0CC
S315010088C8B88082EA040535F47E1540F0B28039464F
S315010088D82046FFF76DFF002840F0AB805D4B12F490
S315010088E87C1603EA020319D0B3F1607FC2F3054689
S315010088F879D15949D3B243F000738B4277D003F14A
S315010089087E43043B0F2B5CD8DFE803F05A5A5B71B0
S315010089186567696B65675B5B6567696BB3F1607F03
S3150100892834D14D49D3B243F000738B4244D003F19D
S315010089387E43043B0F2BDCD801A151F823F000BF7D
S31501008948C5890001C5890001FB880001C1890001AB
S315010089583F8A0001898900018D89000191890001F9
S315010089683F8A000189890001FB880001FB88000113
S315010089783F8A0001898900018D89000191890001D9
S315010089882026B6E73026B4E74026B2E7B3F1707F72
S3150100899817D107F4E043B3F5005F03D10126C7F306
S315010089A802239E4007F4E043B3F5005F09D1012590
S315010089B8C7F302218D4004E010269AE7142698E7AA
S315010089C8142514F47C1FC4F3054312D1B54214BF10
S315010089D8002001203CE71C25F3E72025F1E7302597
S315010089E8EFE74025EDE7B3F1707FEAD1DAE7102525
S315010089F8E7E712F47C1F01D1AB4218D022047FF5B8
S31501008A0827AFB34221E7B3F1106F12D124F01F60EB
S31501008A1820F4702068B902F0FE43B3F1106F7FF4B9
S31501008A2817AF0E48104040F01060A042CFE7012072
S31501008A380EE700200CE71C265BE700BF00020006D4
S31501008A4800130006000400060009000600030006DC
S31501008A58FF0000020000C07F030000020000FFF6CD
S31501008A6810B5344B21F0FF02E8B19A4236D003F52E
S31501008A7880539A4232D0A3F588539A422ED021F4D4
S31501008A88FF7323F00103B3F1062F40D02A4882422F
S31501008A983DD02A4A934221D0294B99420CBF002046
S31501008AA86FF0860010BD9A4203D111F0FF0318D169
S31501008AB8F8E7244B9A42F8D0A3F588539A42F4D0A2
S31501008AC821F4FF7323F00103B3F1062FEDD01A4CFD
S31501008AD8A242EAD0194A9342E4D1E6E711F0FF032C
S31501008AE804D0194A43F00073934202D16FF086000D
S31501008AF8D8E7164A934208D003F17E43083B032B75
S31501008B088CBF6FF085000020CCE70020CAE711F082
S31501008B18FF03E6D1094B21F47F7121F00301994244
S31501008B28E4D003F5A0639A4214BF00206FF08600D3
S31501008B38B8E700BF000300060009000600040006A6
S31501008B480008000600130006FF00000205000002E7
S31501008B5837B505460C46FFF705FE78B100232246D0
S31501008B6801932946074801AB0DF078FC20B9019B12
S31501008B78A34218BF6FF0930003B030BD6FF08800B1
S31501008B88FAE700BFE44100202DE9F04F4468DFF819
S31501008B989CC0240A85B064458046DDE90E5689469F
S31501008BA892469B46109F38D007D894B1012C2CD0F9
S31501008BB86FF0860005B0BDE8F08FDFF874C0644534
S31501008BC81BD00CF1010C6445F2D1CDE90F670E9566
S31501008BD80EE0CDE9016700950DF043FE10F1860F11
S31501008BE8E8D15B46524649464046CDE90F670E95A0
S31501008BF805B0BDE8F04F0AF007BFCDE90F670E953E
S31501008C0805B0BDE8F04F0DF02CBECDE90F670E9506
S31501008C1805B0BDE8F04F0DF013BDCDE90F670E9510
S31501008C2805B0BDE8F04F05F019B900BF0100800095
S31501008C38020080002DE9F843884617461C4600F0D5
S31501008C4819FE054688BBD8F80060B6F8009009F405
S31501008C58E043B3F5804FB36808BF27F0010737EA49
S31501008C6803031AD10CB3254B24F0FF029A421FD1F4
S31501008C7814F0FF0304D0224A43F00073934232D022
S31501008C8822464846F168FFF7B3FD074668B922460A
S31501008C9848463169FFF7ACFD70BB6FF084050023C8
S31501008CA83046C8F8003000F061FE2846BDE8F88372
S31501008CB8144B9A42DCD0A3F588539A42D8D024F4AF
S31501008CC8FF7323F00103B3F1062FD1D00E498A426F
S31501008CD8CED00E4A9342CBD004F0FE43B3F1407F87
S31501008CE804D12304CCD56FF08605D8E7B3F1A06F7C
S31501008CF8F7D0034B9C42C2E73D46D6E70003000680
S31501008D08FF00000200130006000900060004000621
S31501008D1837B50446C0B101A900F0ACFD044698B9BF
S31501008D28224B23481B689847224D80BB0198037E36
S31501008D38032B11D10BF089FB2B6804461C48984775
S31501008D4828B10CB96FF08F04204603B030BD002C52
S31501008D5808BF6FF08704F7E7022B16D103230376C2
S31501008D684368DAB2FF2A1ED0134AB2EB132F06D094
S31501008D78019B1A795AB158690BF0A8FB03E00DF06B
S31501008D880EFD0028F4D0044601E06FF09604019820
S31501008D980BF05BFB2B68002818BF0446044898476C
S31501008DA80028D1D0CDE76FF08404F0E73C7B0020A2
S31501008DB880480020387B0020010080002DE9F3411E
S31501008DC80D46194600236E680B60304690466F695A
S31501008DD80BF050FB044668B930460BF04DFB0446D0
S31501008DE840B9F6B256B91FB9AA68204B134063B108
S31501008DF86FF08604204602B0BDE8F0810146686935
S31501008E080BF012FB0028EFD1F2E74FF6F8736A88E8
S31501008E189A4227D8164B17481B682F79984710B1DD
S31501008E286FF08F04E6E707B901A8414600F0E2FCB6
S31501008E38114B04461B680F48984710B1002CD9D12D
S31501008E48EEE7002CD6D10FCDD8F800C066460FC67E
S31501008E5895E8030086E80300002FCBD1019BCCF8E7
S31501008E681430C7E76FF08504C4E700BFFC00FF7F35
S31501008E783C7B002080480020387B0020154B70B5CC
S31501008E881B68054614481646984718B16FF08F04B3
S31501008E98204670BD2B794BB96B69002433602B7E54
S31501008EA8012B14D034606FF0960407E02846D5E903
S31501008EB808120BF026FB04460028EDD0074B06489E
S31501008EC81B6898470028E3D0002CE1D1DEE702238E
S31501008ED82B76F3E73C7B002080480020387B002076
S31501008EE810B5044660B1074B07481B6898472046EA
S31501008EF80AF0DEFDBDE81040044B03481B6818471D
S31501008F0810BD00BF3C7B002080480020387B002034
S31501008F182DE9F0410646002088B0884615461F46C9
S31501008F28CDE9040007921860002A6DD0B2F1005FFE
S31501008F386DD2314605AB04AAFFF740FF044698B93E
S31501008F48049B5B6AABB104982A464388414606935B
S31501008F5806AB029300F124030193436A0093036A63
S31501008F68FFF712FE044658B3DDE90401FFF7B8FF1F
S31501008F7840E073681B0A16D0264A934206D8023A7D
S31501008F88934218D8012B06D0934216D00023079393
S31501008F986FF08604E8E7304607A9079500F0B2F9AD
S31501008FA804460028E0D1079904980AF00AFD044608
S31501008FB80028C8D0D8E70795F5E701230793F2E714
S31501008FC80498069B4288CAB943804FF6F8729342C1
S31501008FD817D8338813B102889A42D9D1738813B145
S31501008FE842889A42D4D13A460599FFF747FF044683
S31501008FF80028B9D1204608B0BDE8F0819A42C7D108
S31501009008E3E76FF08504AFE76FF08604F2E76FF0E8
S315010090188504EFE70300800047F2010102888A42CE
S3150100902810D1104923F4FF7222F001028A4215D0A9
S315010090380D4A23F0FF03934214BF6FF086006FF0C9
S315010090488500704702F44F42B2F5824F06D123F4E8
S31501009058FF7323F00103B3F1062FEDE76FF08500E7
S31501009068704700BF00020006001300062DE9F04113
S3150100907817461C461F4A23F4FF7323F00103934244
S3150100908805460E4698B00ED01B4B24F0FF029A42B5
S3150100909809D01A4924F47F7323F003038B4202D0C3
S315010090A8174B9A4222D1DDE91E1207AB01934023E1
S315010090B814F0FF000DF1200818BF40F0007000936E
S315010090C843460AF020FB70B9229B3A460493219B3A
S315010090D831460393209B28460293079BCDE90083DB
S315010090E823460AF099FD18B0BDE8F0816FF08500B6
S315010090F8F9E700BF00020006001300060004000697
S315010091080009000644F20101028822F4405088420F
S3150100911810D1104923F4FF7222F001028A4215D0B8
S315010091280D4A23F0FF03934214BF6FF086006FF0D8
S315010091388500704702F44F42B2F5824F06D123F4F7
S31501009148FF7323F00103B3F1062FEDE76FF08500F6
S31501009158704700BF0002000600130006002307B58A
S315010091681A46009102490AF0B4FE03B05DF804FB01
S3150100917814A7010170B51C4E1C4C33681C4898474E
S315010091882378580744BF23F00403237023789907EB
S3150100919805D500F015FB237823F002032370154D3E
S315010091A813482B68984733681348984763781BB167
S315010091B80023124A63605360002308210F48637035
S315010091C8FFF7C4FA2B680C4898473368084898474C
S315010091D823780748DA0744BF23F0010323702B6875
S315010091E8BDE87040184700BF3C7B0020E0410020E5
S315010091F81C480020387B0020B8470020E4410020A5
S315010092082DE9F041FFF7AEFA18B100242046BDE872
S31501009218F081364F36483B689847044620B16FF0CF
S315010092288F04FFF7A7FFF1E7324D2B78D8070AD449
S315010092380DF009F9044610B90DF00EF904462B781C
S3150100924843F001032B702C4E29483368984710B117
S31501009258002CE4D0E5E7002CE3D13B682448984785
S3150100926804460028DBD12B78990706D400F0A0FA2A
S3150100927804462B7843F002032B7033681C48984741
S315010092880028E5D1002CCCD13B681948984700281D
S31501009298C5D13368164895F8008098470028BED18D
S315010092A83B68164898470028B9D16B783BB918F03E
S315010092B8010F04D0124B6C605C6002236B7033683B
S315010092C80E4898470028AAD13B68094898470028BC
S315010092D8A5D12B7806485A075CBF43F004032B70C7
S315010092E833689847002890D099E700BF3C7B002057
S315010092F81C480020E0410020387B0020B8470020A8
S31501009308E4410020426870B5120A012A058843889B
S3150100931859D06448824254D0002A40F0BE8005F4F0
S31501009328E042B2F5805F02D0B2F5005F05D107339E
S31501009338DB0840D16FF0850014E005F44F42B2F521
S31501009348844F03D10733DB080AD1F3E747F2010259
S31501009358954208D15B080133DB0803EBC3033B33B2
S3150100936800200B6070BD44F20102954202D1DB0870
S315010093781033F5E747F20202954204D1DB0803EB05
S3150100938843035A33ECE744F20202954204D1DB085F
S3150100939803EB43034A33E3E725F0FF05B5F5E24F4F
S315010093A8D0D0B5F5824FC5D10733DB085B00013351
S315010093B8012BD5D1BEE725F0FF05B5F5824FCFD1F3
S315010093C8F6E70123CCE705F4E046DC1DB6F5805F38
S315010093D825F0FF024FEAD40002D0B6F5005F06D1A8
S315010093E800284AD0B2F5824F07D1034640E005F47A
S315010093F84F46B6F5844F02D190B3C31C32E047F20B
S315010094080106B5420DD15B080133DB0803EBC30343
S315010094183B330333800723F0030335D1072C23D1CC
S3150100942832E044F20106B54202D1DB081033F0E717
S3150100943847F20206B54204D1DB0803EB43035A336C
S31501009448E7E744F20206B54204D1DB0803EB43031E
S315010094584A33DEE7B2F5E24FCED0B2F5824F05D0F8
S315010094680B68033323F003032C3379E743000133F5
S31501009478012B00D10B68013BCBE7B2F5824F0B6894
S3150100948806D0033323F00303B2F5824FECD102E091
S31501009498023323F003030433E6E700236FF0860063
S315010094A80B605FE7010080002DE9F74300F4E04017
S315010094B8B0F5804F0D4616461F46DDF828902CD18B
S315010094C801F16808404609F0D9FE88B94B460022E1
S315010094D841462846CDE90067FEF73AFA0AF03BF914
S315010094E80446B0B13A4600213046F7F71BDD10E0D5
S315010094F8002301930D4B4146009305F1600205F1E6
S315010095081C03284609F0C3FE0AF025F9044600287B
S31501009518DCD0204603B0BDE8F08349462846FEF76D
S3150100952879FD03B0BDE8F0430AF015B9A347010177
S31501009538F0B51D460388174603F44F42B2F5824F2C
S3150100954818BF00230E46A1B04188D8B20BF01BF90B
S315010095580446F8B1684609F015FE21466846FEF745
S315010095687FFD044670B903460C4A684618A9FEF7FA
S3150100957809FD044630B93B46324629466846FEF798
S3150100958849FD0446684609F03FFE20460AF0E3F81D
S3150100959821B0F0BD6FF08500FAE700BFA3470101CE
S315010095A80368114A10B59342044609D8023A934210
S315010095B815D88BB1023A93420BD06FF088000DE0B3
S315010095C803F17E430A3B012BF7D804300CF03AFE2F
S315010095D802E004300CF03EFE0020206010BD04308D
S315010095E80CF034FEF8E700BF0900000210B5036865
S315010095F80F4CA34208D8023CA34215D8023CA34209
S315010096080BD06FF0880010BD03F17E430A3B012B96
S31501009618F7D8043003F0CCFD02E0043003F020FE55
S31501009628BDE810400AF097B8043003F0F3FDF7E7F8
S31501009638090000022DE9F04114461D460378334A14
S3150100964843F000739342074688462C6037D003F1EE
S315010096587E43043B0F2B09D8DFE803F01C1C0831B5
S315010096682125292D212508082125292D24B1224620
S3150100967821214046F7F756DC00263B68244A9342E7
S315010096882AD8023A93423BD8023A93422ED06FF037
S31501009698880002E0F4B96FF08900BDE8F081002C7A
S315010096A8F9D01C260EE0002CF5D020260AE0002C65
S315010096B8F1D0302606E0002CEDD0402602E0002C41
S315010096C8E9D01026224621214046F7F72BDCB44281
S315010096D8D3D2E0E71426F5E703F17E430A3B012BD3
S315010096E8D5D84146381D03F06DFD03E04146381DC6
S315010096F803F0C0FD0AF02FF80028CED12E60CCE782
S315010097084146381D03F090FDF4E700BF030000024F
S315010097180900000238B5074C074B20461B689847D5
S31501009728064B204693F8C855054B1B6898472846AB
S3150100973838BD00BF1C4800203C7B0020EC410020BE
S31501009748387B002000F14043242B70B505460E46B0
S315010097580CD82822154C02FB0344237E022B02D186
S315010097686369834218D06FF08B001AE001210AF071
S315010097785BFEB8B10D4B00221C46197E022902D1A7
S315010097885969A94205D00132252A03F12803F4D1E2
S31501009798E9E7282303FB024420460AF038FE00B90C
S315010097A8346070BD6FF08700FBE700BFEC41002015
S315010097B80122024B002083F8C8257047EC4100209E
S315010097C82DE9F0410A4C002526464FF001080327EA
S315010097D82046C4F81C80277601350AF069F9252D3B
S315010097E804F12804F4D1002386F8C835BDE8F081D0
S315010097F8EC410020F8B506460F46FFF78BFF88B304
S3150100980800241B4B22461D46197ED1B13CB90229BB
S3150100981805D1D96919B91979002918BF1C46013228
S31501009828252A03F12803EFD114B96FF08C0006E05D
S3150100983820460AF0ECFD20460AF03AF910B1002458
S315010098480EE01C46237E83B9012323763EB1651BB0
S31501009858ED1003F1CC335D4305F1804535600020F9
S315010098683C60F8BD6FF08800E9E76FF09600E6E71F
S31501009878EC41002000232DE9F3410B6080460D469B
S31501009888FFF748FF002867D0354B36481B689847CD
S31501009898074628B16FF08F04204602B0BDE8F08173
S315010098A829464046FFF74EFF10F18C0F04462E4E0F
S315010098B807D033682B4898470028EDD0002CEBD108
S315010098C8E8E729463846FFF795FF044618B1336895
S315010098D824489847E0E701232F68CDE90000694647
S315010098E83846C7F814807B6001AA0AF05CFE044674
S315010098F870B1DDE900010AF054FE28680AF0D8F8CB
S3150100990814F18C0F08BF6FF0870400232B60D0E792
S31501009918DDE9001238460AF067F80446DDE9000178
S315010099280AF03FFE002CE8D128688368D90444BFB1
S3150100993843F48063836083689A0444BF43F40063F5
S315010099488360037E012B04BF022303760AF05FFDC1
S3150100995804460028ADD0D8E76FF088049CE700BF1D
S315010099683C7B002080480020387B00200B4B10B53B
S315010099781B6804460A48984718B16FF08F042046B9
S3150100998810BD20460AF061FD064B04461B680448D3
S3150100999898470028F3D0002CF1D1EEE73C7B002054
S315010099A880480020387B002037B5044630B1164B75
S315010099B816481B68984720B16FF08F04204603B0FC
S315010099C830BD204601A9FFF7BDFE114D044640B141
S315010099D810F18C0F2B680D4808BF6FF08704984764
S315010099E8ECE70198C369012B0AD10AF061F804462C
S315010099F82B68064898470028E0D0002CDED1DBE723
S31501009A080AF023FDF3E700BF3C7B002080480020D5
S31501009A18387B002030B40D4D2C681C606C685C6086
S31501009A2800249C605468DC6014881C8254885C821B
S31501009A3894685C61D4689C61126930BCDA61196208
S31501009A480A46014603F124000FF06AB918A7010175
S31501009A582DE9F843232904460F4691469846089E60
S31501009A6804D86FF098052846BDE8F88308221949F5
S31501009A780FF048FA05460028F3D1A368002BF0D168
S31501009A88216A243F8F42C8F80010EAD3B1F5005F76
S31501009A98E7D271B9C9F80000E3687360238A338095
S31501009AA8638A73806369B360A369F360E3693361A9
S31501009AB8D9E701200DF0FDFBC9F8000030B1D8F84F
S31501009AC8002004F124010FF02BF9E5E76FF08C056E
S31501009AD8C9E700BF18A7010100F19903142B1AD889
S31501009AE8DFE803F017171919191919171919191987
S31501009AF81319191B150B0F0D110009487047094851
S31501009B087047094870470948704709487047094826
S31501009B187047094870470AF007BE0848704700BFF2
S31501009B2800C3FFFF80C6FFFF80C5FFFF00C1FFFF1F
S31501009B3880C0FFFF80C1FFFF00C2FFFF80C7FFFF94
S31501009B4870B5094D04462860084801600849094866
S31501009B580A60094A1360A0472B68084898472B688A
S31501009B680748BDE870401847447B0020407B002029
S31501009B783C7B002080480020387B00201C480020C0
S31501009B88B84700202DE9F04FCBB0029008460C46A5
S31501009B9805250FF04EF90023CDE9075309930593DF
S31501009BA8029B27181E68002E40F0F2802546B24611
S31501009BB84FF0010BDFF83C92BD4206D909980028FF
S31501009BC837D148464BB0BDE8F08F2B78BBF1000F73
S31501009BD800F0F9803D2B40F0D980DFF81CA22A1B42
S31501009BE8DAF800603EB9214607A809F083FB002888
S31501009BF800F0E780F6E0DAF804309A4208D1214607
S31501009C08304603920FF0A0F8039A002800F0C680A8
S31501009C180AF1100AE4E72378232B7AD100232A1BB9
S31501009C2802F1FF3B1BF00108069305D0DFF8C4914A
S31501009C3809980FF036FDC4E7033AB2F5027F4FEAF9
S31501009C485B0BF3D2594601200DF033FB8146002800
S31501009C585CD0BBF1000F0ED14B4613F8014B05AA98
S31501009C6809EB0B0106A8069307F0E7FD90B14846F4
S31501009C780FF017FDDAE7013420460AF05CFE0028EA
S31501009C88F5DB09F8080008F10108C34504F10204E7
S31501009C98F2D1E1E7059AB2F5807FE8D81F2C06993B
S31501009CA807D8524BE340D80703D50B4650189842BC
S31501009CB826D10AA80FF034F848460FF0F2FCDDE980
S31501009CC80821059B029800930AAB07F04FFF8146CE
S31501009CD809980FF0E6FC00230993B9F1000F5AD051
S31501009CE82B46C9F80C401D460133AF421C4602D02B
S31501009CF86A78202AF7D04FF0010B4FF0000945E0AA
S31501009D0813F801CBBCF1000FD1D1B0E7DFF8EC9025
S31501009D188EE7BAF1000F62D10DF12808C346A542B4
S31501009D2804D8A8EB0B03F4680593C8E721785C29E6
S31501009D3826D1A21C954204F10109039213D948467A
S31501009D480AF0F9FD431C0ED0002848D0039A08F101
S31501009D58010CC1B2ACEB0B0CBCF5807F08F8011BFA
S31501009D683DD0541CDBE74D4539D96178204803912C
S31501009D780EF09EFE98B34A46039908F1010CE9E7ED
S31501009D88224608F1010CE5E74FF0000B013513E710
S31501009D98DFF86C9015E7DFF8649012E70390DAF8BC
S31501009DA808000FF046F80146089001200DF081FAE7
S31501009DB8089ADAF8081009900EF0B2FF039B564686
S31501009DC89B46DA466C1C2B782C2B03D115F8013CE3
S31501009DD85C2B01D1BD42D7D1A5427FF41CAF0998AE
S31501009DE80FF05FFCDFF80C90EBE600BF001058504F
S31501009DF83CA7010180DCFFFF60A7010180D7FFFFB7
S31501009E0800D8FFFF2DE9F04F0746A1B00D46012006
S31501009E184B21144609930DF04CFA8046002800F0B0
S31501009E281F8100230B933B7A29460893FA682B195D
S31501009E380CA807930C930AF040FE041EC0F2F580A5
S31501009E4800F0FA80224629460CA807F0A7FDA1468C
S31501009E58041EC0F2EA80302229460DEB020007F003
S31501009E68C1FD061EC0F2F380A1444E44324629467E
S31501009E780CA807F093FD041EC0F2D78031222946AB
S31501009E880CA807F0AFFDB0F10009C0F2DC80092388
S31501009E982946744A0CA807F00CFE0028C0F2D580A2
S31501009EA826444E4400EB06094A4629460CA807F003
S31501009EB875FD041EC0F2B980302229460DEB020059
S31501009EC807F090FD061EC0F2C280A1444E443246F8
S31501009ED829460CA807F062FDB0F1000AC0F2B1806C
S31501009EE8A02229460CA807F07DFDB0F10009C0F2B1
S31501009EF8AA800C9A29463868521B09F065FB041E8C
S31501009F08C0F293800C9B29461B1B7A680CA80C93FC
S31501009F180AF023FDA346041EC0F2878000222946C3
S31501009F280CA807F00EFE0028C0F28F8056444E4456
S31501009F385E44264400EB06094A4629460CA807F062
S31501009F482DFD041E71DB302229460DEB020007F0B8
S31501009F5849FD061E7BDB0FAB019340230898A144FC
S31501009F684E44009332466B440C9940F0007009F058
S31501009F7840FE034600286CD12A9A0492099A039254
S31501009F880EAA02924B22CDE9008210AA397A3868C4
S31501009F9809F05EFA0446002847D10121386809F01C
S31501009FA84EFA00284AD10421386809F048FA0028EF
S31501009FB852D04FF004094846397A0BAB0AAAFEF784
S31501009FC8C1F8044688BB32460C9928460EF0AAFF0A
S31501009FD8079BCDF808900D930E9BA919CDE900832F
S31501009FE8DDE90A230DA80AF01EFD041E1DDB0D98E6
S31501009FF83246801B294626440D900EF093FF3246C1
S3150100A00829460DA807F0CAFC041E0EDB3022294694
S3150100A0180DA807F0E7FC071E20DB0D9A002128464C
S3150100A028521BF6F77FDF34443C4440460FF039FBB8
S3150100A038204621B0BDE8F08F264648E74FF00109D2
S3150100A048B9E75446F1E74C46EFE70446EDE73446EF
S3150100A058EBE76FF06F04E8E7034CE6E73C46E4E715
S3150100A068024CE5E730A9010100DDFFFF80D7FFFFBC
S3150100A07870B5002686B005960A9E0C4600961546CA
S3150100A088FFF7C0FE00280ADB2A1A05ABCDE9015302
S3150100A09804490346009404482244FEF791F806B0A1
S3150100A0A870BD00BF3AA901015DA90101BFF34F8F38
S3150100A0B80549064BCA6802F4E0621343CB60BFF355
S3150100A0C84F8F00BFFDE700BF00ED00E00400FA0571
S3150100A0D80348044A0449121A92100AF09CBD00BFAB
S3150100A0E8A8410001C86F0001000000204FF0006080
S3150100A0F82DE988484249434B434AD3F89430886648
S3150100A1080221012B414B4FF0000099604FF000519D
S3150100A11846D80025002600275FF000085FF00009F1
S3150100A1285FF0000A5FF0000B5FF0000C501A4FF465
S3150100A1388073B0FBF3F404FB03F40C44A14210D280
S3150100A148A1E8E01FA1E8E01FA1E8E01FA1E8E01FE0
S3150100A158A1E8E01FA1E8E01FA1E8E01FA1E8E01FD0
S3150100A168ECE7914202D241F8045BFAE70522274B54
S3150100A1789A604FF00062A3F540539A66244B83F325
S3150100A1880A8800F04FF8FFF7A3FF224B22498B42BA
S3150100A19828D30020214B22498B422ED3FCF75CFFA2
S3150100A1A8501A4FF02003B0FBF3F404FB03F40C44FC
S3150100A1B8A14204D291E8E01FA1E8E01FF8E7914225
S3150100A1C803D20D6841F8045BF9E7CFE7186850F840
S3150100A1D82240586840F82240013298688242F5D3F5
S3150100A1E80C33D4E70022F8E71C6844F82200013250
S3150100A1F85C68A242F8D30833CEE70022F8E700BF2D
S3150100A20800508040008000A3000008200090804094
S3150100A218202E0020A8B40101B4B40101B4B401018F
S3150100A228B4B40101044B054A9A60D3F8882042F474
S3150100A2387002C3F88820704700ED00E00040000175
S3150100A248002307B529480193F5F745DF4FF4407315
S3150100A258012204216846ADF800300AF000FD01220A
S3150100A268234B0520C3F8442401A9F5F72FDF00285D
S3150100A27839D1204BD3F8F02042F00102C3F8F0207F
S3150100A288D3F8FC2042F08072C3F8FC201A4AA3F5E1
S3150100A2985D431A60019B194A03F5D52303F2FC4372
S3150100A2A8B3FBF2F3164A013B13610223C2F8F030FD
S3150100A2B84FF48073C2F804334FF06043114AC3F870
S3150100A2C8B02F114AC3F8802ED3F8002E42F48072BB
S3150100A2D8C3F8002EFF2283F82020D3F8002E22F49B
S3150100A2E88072C3F8002E03B05DF804FBE4AA0101ED
S3150100A2F800D0834000ED00E0FF030040F8590D004F
S3150100A308000004E055CEACC509000100F8B50446C5
S3150100A3180127124D04B314F001000BD0002024F0DC
S3150100A328010405EBC0021668002EF3D05168C0B2CD
S3150100A338B047EFE72246013020284FEA520201D002
S3150100A348D307F8D507FA00F20F2824EA0204E8D958
S3150100A35805EBC0021038E6E7F8BD00BFE448002067
S3150100A36808B50C48F5F7B7DE2A2004F06FF928B1CD
S3150100A3782A2004F079F92A200CF028FE2B2004F073
S3150100A38865F928B12B2004F06FF92B200CF01EFE7D
S3150100A398002008BDE4AA010108B501F0BFFF054B7D
S3150100A3A800F0553020F05020C3F82004BDE80840DD
S3150100A3B8FFF7ACBF00E0834008B501F0AFFF054BDE
S3150100A3C800F0AA3020F0A020C3F82004BDE8084018
S3150100A3D8FFF79CBF00E083402DE9F04F1446054680
S3150100A3E80E469B46036C87B001225B6902A9606829
S3150100A3F898472B6C01225B6903A93046984702A846
S3150100A4080BF0E7F9074648B10023A37563754FF0CA
S3150100A418FF33A360002007B0BDE8F08F03A80BF057
S3150100A428E5F90123A375237E04EBC303DE611F84CB
S3150100A4386368B3420ED1206003A80BF0F9F94FF017
S3150100A448FF332075A360237D043B022B26D8002306
S3150100A458A375DFE723681A1A53425341A37503A864
S3150100A4680BF0E6F9237D834218BFA77503A80BF005
S3150100A478C1F9074602A80BF0BDF9874218BF0023A8
S3150100A48803A818BFA3750BF0BDF9074602A80BF080
S3150100A498B9F987421CBF0023A375D4E703A80BF0BB
S3150100A4A8A9F980B12B6C022230465B6904A9984749
S3150100A4B804A80BF0AEF90346207D032839D8DFE856
S3150100A4C800F03838040903A8F3E7CC22237E04EB0D
S3150100A4D8C3031A8401F090FE109B187003A8277E07
S3150100A4E80BF07CF904EBC70787F82200237E03A843
S3150100A4F804EBC303B3F8209093F822700BF07AF9B2
S3150100A508804603A80BF07EF98246B8F1000F15D0F4
S3150100A5182B6C022230465B6904A9984704A80BF004
S3150100A5283DF96075637D6BB90023A3754FF000088B
S3150100A53838E0227E04EBC2021384CBE703A80BF0B2
S3150100A54818F9EEE794F81680B8F1000FEED0B9F1D4
S3150100A558000F09D1DFB10123E375637E002B4FD1CB
S3150100A568012F42D1677614E0EB6C06EB0A025942D9
S3150100A57886EA020008421CBF0021A175591E0A403D
S3150100A5889B1A9945D0D8A37D002BE3D1CEE7E37D6D
S3150100A59843B94FF000084B465246314628460AF061
S3150100A5A81DFDA060A27D12B123694B4423611A499E
S3150100A5B8237E097899422AD901332376BBF1000F04
S3150100A5C827D032B3E37D23B3B8F1000F21D1032F8E
S3150100A5D81FD0A1684B1C1CD0109B2246009328460D
S3150100A5E80123FFF7F9FEA07513E095F8383063B932
S3150100A5F82B6B0133CFD1032FCDD10123A376C8E726
S3150100A608012FCFD0032FC4D1F7E79846C3E700231C
S3150100A618A375A07DFFE600BFB4A901012DE9F04F9E
S3150100A6280E46984600238BB004464FF0FF3110467C
S3150100A63817468DF8133001F0C9FDB6F5801F3BD3D7
S3150100A648B21C53D1256B6B1C57D12046A16A0AF05F
S3150100A6580BFC0546B31C18BF0123DFF824910193AF
S3150100A668A36AE26C0293236805A902FB053A236CE7
S3150100A67805225B695046984705A80BF045F90BF08A
S3150100A68868F950460BF070F94FF0000B8246014607
S3150100A6984B1C05D0E36C81EA0A025B42134232D0B5
S3150100A6A8294620460AF0E0FB029BAB424DD0BBF19E
S3150100A6B8000F4DD10546D3E7314605AA04F1080036
S3150100A6C80AF0A0FF0146481C10D0384601F07EFD6D
S3150100A6D80122394620460DF113030AF0C8FC28B1B8
S3150100A6E89DF8133088F80030002003E0237C002B06
S3150100A6F8A8D12D200BB0BDE8F08F2368ED1AE36CC5
S3150100A708B5FBF3F5A6E7484601F060FD0DF1130325
S3150100A71849462046019A0AF0AAFC034690B1B21CA2
S3150100A72803D0D9F80020B2420CD19DF81320039327
S3150100A738124B88F8002049461A6838460EF0F0FA96
S3150100A748039B9B46D9F80810A2E7BBF1000FD0D0AE
S3150100A758B6F5801FC8D208343146204698F800302D
S3150100A7687A680AF057FE0028BED13146204698F885
S3150100A77800307A680AF0B9FEBCE700BFB0A901014A
S3150100A788C45000202DE9F3410446174698460E4663
S3150100A798194DC16A236B8B422AD04B1C18E02846F7
S3150100A7A801F014FD0122294620460DF107030AF09E
S3150100A7B85EFC30B14346294620469DF80720B84736
S3150100A7C8B0B1A9684A1C05D0012E0AD0236B99425B
S3150100A7D8E5D10DE0696820460AF0D3FB012E014652
S3150100A7E8D8D16B6881EA0302E36C5B421A42D1D085
S3150100A7F802B0BDE8F08100BF905000202DE9F0417C
S3150100A808436B9046C26B07689A4288BFC363C26CA2
S3150100A818836A90B002FB0377036C0E46052201A9F1
S3150100A8285B6904463846984701A80BF06DF801287C
S3150100A8380146307057D0E56C226C2368A06AD2F8BD
S3150100A84814C005FB0030052206A9E04706A80BF04F
S3150100A8585BF801284FF0000523D0D4E90B3201211A
S3150100A8689342CDE90B458DF834800E958DF83C1051
S3150100A8782AD1194620460AF084FB636BE26C14332D
S3150100A8889B1A206363630C9B53B99DF83C303BB11B
S3150100A898A26AE16C2368206C01FB02310AF0ECFF25
S3150100A8A80C9D236C05225B6901A93846984701A8C6
S3150100A8B80BF02AF830702846636BE26B9A4288BF20
S3150100A8C8E36310B0BDE8F081237C33B91C490BAAB8
S3150100A8D804F1080001F086FBD5E72046194A0BABBF
S3150100A8E8FFF750FFCFE7237C23BB2246164904F125
S3150100A8F8080001F077FBA16A20460AF0D6FAA16A98
S3150100A908421C20460AF04BFA054620B9636BE26CF5
S3150100A9181344143B63632046E16A0AF032FB236859
S3150100A928E062C01AE36CB0FBF3F0A06220460AF0BD
S3150100A9386BFBB6E700232046044AFFF723FFDAE755
S3150100A948ADB5000119B5000111510101AD50010163
S3150100A95873B50D46D11E4A421C461B7E4A419A4290
S3150100A96826D129682368994222D3636899421FD858
S3150100A978114E0DF107033246FFF750FEC0B9726852
S3150100A9886B689A4214D19DF80730DA1E5342534137
S3150100A998227E93420CD1636901336361D4E90323AF
S3150100A9A8934205D22968A26842F82310013323612C
S3150100A9B8012002B070BD00BFF85000202DE9F04714
S3150100A9C84FF0FF334FF6FF720025044600F10807E2
S3150100A9D8C0E90A238EB00363456245633846884653
S3150100A9E80AF001FD20460AF0BBF9002840F0C580AF
S3150100A9F8414620460AF088FA20460AF0B1F9064689
S3150100AA08236F1B6898470546002840F08F80002E63
S3150100AA1800F0278120460AF0D7F94FF6FF72A36A9C
S3150100AA28934200F02081226CE66C2068D2F814C0AB
S3150100AA3806FB030004A90522E04704A80AF03BFF28
S3150100AA48A26A2368E06C894E00FB02300AF08CFF8B
S3150100AA584FF0FF33E062236332466FF0010120466F
S3150100AA680DF10F03FFF7DAFD002840F0AE80D6F8A6
S3150100AA7808800026C4F83080236C01225B6909A985
S3150100AA8808EB06009847099B013340F0A180E36C67
S3150100AA98043606EB080288EA02025B421A42EBD048
S3150100AAA8666326B92046216B0AF06BFA2063414694
S3150100AAB820460AF066FA0646E36A9E4240F08A8014
S3150100AAC820460AF0E0F84FF0000881464646236A18
S3150100AAD89E42C0F09380C14540F2AF802046A16AEC
S3150100AAE80AF0C2F9064604F1480A454515D3E36C4E
S3150100AAF82768052203FB0677236C04A95B69384698
S3150100AB08984704A80AF0D7FE94F8743002460093D1
S3150100AB1839465346206C0AF029FF314620460AF089
S3150100AB28A3F90135A9450646DFD1642528460EB0A5
S3150100AB38BDE8F0872368226CE06C566900FB053096
S3150100AB48052209A9B04709A80AF0DEFE0AF001FFA5
S3150100AB5890B109A80AF028FF94F8743083427ED18F
S3150100AB680025236A9D420DD320460AF0F9F80646C8
S3150100AB7800283FF43DAF43E70135236A9D42D9D307
S3150100AB880020E9E72368226CE06C566900FB053072
S3150100AB98052209A9B04709A80AF0B6FE01280AD173
S3150100ABA8294620460AF081F9421C294620460AF020
S3150100ABB8F6F80135D5E70AF0D1FE0028F9D029467D
S3150100ABC820460AF072F90246EFE7D4F82C8050E7DE
S3150100ABD8002665E7314620460AF099F8636B314647
S3150100ABE803448046636320460AF0CBF90646B8F16A
S3150100ABF8000F7FF461AFC4E90C085DE7E26C2368D6
S3150100AC0809A902FB063A236C05225B695046984757
S3150100AC1809A80AF079FE0AF09CFE60B150460AF0CE
S3150100AC28A3FE014620460AF072F8E36C143B9842EB
S3150100AC3808BF08F10108013649E738460AF0D3FB8F
S3150100AC480023204619460A4AFFF79CFD6369012B32
S3150100AC587FF66CAF384601F03DF8054666E72625CE
S3150100AC6864E75E2562E7672560E700BFF8500020C4
S3150100AC789B5001012DE9F0410F46164698460446B8
S3150100AC8888B060B390F83850FDB101210AF05DF83B
S3150100AC9800210E9BCDE90511CDE902379DF83C301F
S3150100ACA8CDF804808DF81C30237C04968BB90D49A8
S3150100ACB801AA04F1080001F095F9DDE90553206CB4
S3150100ACC8002E08BF1D460AF02DFA284608B0BDE831
S3150100ACD8F0812046044A01ABFFF754FDEDE705462E
S3150100ACE8F3E700BFDB50010159A900012DE9F04F37
S3150100ACF89BB01F469DF89430DDF890B0022B0546AF
S3150100AD08DBF8108005910992089303D0B845C0F085
S3150100AD18DE80B846DBF80430704E0493704B069318
S3150100AD28B8F1000F18D1DBF810309BB1089B002B46
S3150100AD3840F0C48095F87430022B73D19BF8183013
S3150100AD486749DA00B7EBC30F28BFBF1A3A46059819
S3150100AD580DF0E6FF002066E02B6C01225B690AA96B
S3150100AD68049898470AA80AF041FDDBF800308342A7
S3150100AD7840F0AF800AA80AF045FD0428079055D18E
S3150100AD880AA80AF046FD04460A9B0D93002CE1D059
S3150100AD98049B079A12A903EB02090023CDE90F3395
S3150100ADA811932B6C01225B69484698472868D5F8A8
S3150100ADB84CE0A9EB000CBCFBFEFC99FA89F3139352
S3150100ADC82B6C05225B6915A90EFB0C00984715A883
S3150100ADD80AF071FD00BA0DF13C0A149012AB032C6E
S3150100ADE893E807008AE8070030D92B6C31465B697E
S3150100ADF84846A208984724F0030314F0030A1E44A0
S3150100AE080CD099442B6C01225B6915A948469847D1
S3150100AE183046524615A90DF083FF564495F874300D
S3150100AE28022B15D026201BB0BDE8F08F2B6C0BA981
S3150100AE3802225B69049898470BA80AF0EAFC079A6C
S3150100AE4804460BA90DA80DF06BFF9FE7A246D9E7AB
S3150100AE58012322492A6F0393231F0B440293069B5E
S3150100AE68A4F10809CDE900930FA8D2F80CA00B1D8F
S3150100AE78079A0DA9D0470028D5D1089B012B0CD1DB
S3150100AE8895F87430022BCDD1DDE905014A460EF05D
S3150100AE9839F800BB059B4B440593B8EB040807D06A
S3150100AEA895F87430022BBDD1069B361B4B4406938D
S3150100AEB8284604990AF065F8049031E7089B022BA5
S3150100AEC87FF448AF0649099B3A4619443FE7632090
S3150100AED8A9E76F20A7E73620A5E700BFF569002097
S3150100AEE8F55900202DE9F04F9FB09A469DF8A030FC
S3150100AEF8044608939DF8A4308B460993D1E9033596
S3150100AF080693099B1746022B44D1CC2D40F0E081CC
S3150100AF18089B93B10AF064F90E9001234FF00009DA
S3150100AF284FF008080793099B012B0FD194F8743049
S3150100AF38022B47D109F1080908E0069B4FF00808DA
S3150100AF481B68DDF820900E9301230793DBF8003088
S3150100AF5807993B6009983D610AF06EFC4FEA980330
S3150100AF680D93754B2E460C930023CDE90A3338759C
S3150100AF780593E16C4A1E0AEA02028B1A002E4CD08E
S3150100AF88C144994554D3636BCDF810A05B1A134499
S3150100AF986363C0E0089B13B3099B012B1FD10022F1
S3150100AFA82B46CDE900126449FFF7A0FE064650B9C3
S3150100AFB8DBF810309BB19BF8173083B194F87430E5
S3150100AFC8022B04D0262630461FB0BDE8F08F9BF829
S3150100AFD81830013BDA00B5EBC30F28BFAD1A782D3F
S3150100AFE8E36C9AD85A1E0AEA02029B1A2A1D9A4249
S3150100AFF808D975B1082B90D800234FF00409079397
S3150100B008C84690E74FF000094FF00408CDF81C90A8
S3150100B01889E74FF004090795F2E74345B3D3354667
S3150100B0280AEB08030493059B002B18BF032311E0C1
S3150100B038A3EB08039E4235460AEB080228BF1D46C4
S3150100B0489E420492EFD901233A69FB75B2426DD14A
S3150100B058C7F804A00593FB7D002B69D03A7E0599B4
S3150100B06807EBC203C3F81CA01D8483F82210531CE6
S3150100B0783B769DB1099B022B60D10A9B63B90B9B59
S3150100B0882B44032B0AD9236C01229B6904980EA928
S3150100B0989847002840F0248101230A93059B0FA8AD
S3150100B0A80193079B00933A7D2B46DBF8001001F0CC
S3150100B0B843F8236C50469B690D9A0FA99847814618
S3150100B0C8002840F001812B4642465146204609F0A8
S3150100B0D885FF636BEA1CA3EB080322F003029B1AA4
S3150100B0E8B8606363B9F1000F40F0F4800B9B761BDF
S3150100B0F82B440B93DBF810306BB1099B012B0AD15A
S3150100B108059B013BDBB2012B05D894F87430022B61
S3150100B1187FF458AF08362046049909F032FF4FF0FC
S3150100B12800098246002E7FF424AF4CE7022391E7FB
S3150100B138C7F804A09DE700BFF5590020032D40F28A
S3150100B148BE80059B0FA80193079B0DF14C0900933F
S3150100B1583A7D2B46DBF8001000F0EEFF0FA94246B8
S3150100B16811A80DF0DDFD0023CDE913331593236FE7
S3150100B17804215B6816A89847E0B9049B226C1BBAA0
S3150100B18820681793049BD4F84CC052691B1AB3FB69
S3150100B198FCF396460CFB03000522734619A998474A
S3150100B1A819A80AF088FB00BA189016AB93E80700AD
S3150100B1B889E80700089A94F87430002A40D1022BCE
S3150100B1C840F08D800122236F039219AA0292454A03
S3150100B1D80192A5F108020092D3F80890069B42460F
S3150100B1E811A913A8C84700287AD1139B3E4A1360B0
S3150100B1F894F87430022B6FD13C4B199A5A51089B1B
S3150100B20843B194F87430022B69D10C9AA5F108035D
S3150100B2181A440C92236C34499B690498AA089847E6
S3150100B2288146E8B194F87430022B7FF4CBAE069AC6
S3150100B238A5F108031A4406922A9B049A1A6042E762
S3150100B248022B4CD10122236F039219AA0292254A95
S3150100B2580192A5F108020092D3F808900C9BBEE76B
S3150100B26815F0030220D0204B25F0030903EB090151
S3150100B278049B99444FF0FF3319A819930DF050FD1B
S3150100B288236C48469B69012219A9984794F874309A
S3150100B2988146022B7FF496AE069AA5F108031A4455
S3150100B2A806920028C8D1F9E694F87430022B7FF487
S3150100B2B889AE069AA5F108031A440692EEE62A46CD
S3150100B2C8DDF810900699D5E72A9BC3F800A0FAE69F
S3150100B2D8702678E64E4676E6089B002B9AD02620FD
S3150100B2E8064670E6F9690020F5690020F169002033
S3150100B2F82DE9F04F8FB0069300230F4609920A698C
S3150100B308C16C0C931439D31DB3FBF1F3013302EB72
S3150100B318C302436B04469342C0F0F180DFF8E4B1FF
S3150100B328256B7848294600F051FF0CAB0293069B22
S3150100B33839460193099B20460093724A2B46FFF72B
S3150100B348D1FD8246B8B9DBF808300834A362DBF8C8
S3150100B35804202046069B39680AF05CF8002840F06C
S3150100B368CA802046069BDBF8042039680FB0BDE881
S3150100B378F04F0AF0BAB83D2840F0BD802368E06C6A
S3150100B388A5EB0308B8FBF0F808FB00300AF0ECFA65
S3150100B398216B0646204609F0F4FDE36A834200F074
S3150100B3A89580E26CDBF80830511E0B40616B206317
S3150100B3B8891A0B44636321680C9B5B1AB3FBF2F38E
S3150100B3C89845089368D1AD1B66D0DFF83C81DFF854
S3150100B3D83C914FF0FF314C4800F0F8FE236C0122F6
S3150100B3E85B690DA9304698470DA80AF0FFF9464A48
S3150100B3F801460DF12F032046FFF710F9002879D1F0
S3150100B40898F8173053B198F81830D8F8102008EB87
S3150100B418C3031B8BD21A083315441E44216B3B48C0
S3150100B428079100F0D3FE9DF82F30079905930CABD1
S3150100B4380293059B204601930123344A00930B4648
S3150100B4484146FFF74FFD002854D1D9E90012D9F832
S3150100B4580830236304F1080307930798059B09F04D
S3150100B468D9FF28B9D9E90012059B07980AF03DF8D2
S3150100B478D8F8103098F81720782B06D908339D424A
S3150100B48800D3ED1A002A33D004E06AB308339D428B
S3150100B49800D3ED1A002D9CD12368089AE16C206C23
S3150100B4A801FB02310AF0D5F9204609F059FC20467C
S3150100B4B809F08AFCA26A2368E06C00FB02300AF0F4
S3150100B4C853FAE062204609F09FFD60633A69E16C30
S3150100B4D8D31D1439B3FBF1F3013302EBC302636BDA
S3150100B4E89342BFF41DAF06E004339D4200D3ED1A23
S3150100B4F81E44CFE7824650460FB0BDE8F08F4FF0A5
S3150100B5081C0AF8E7C4500020905000205C50002027
S3150100B518032A2DE9F34107460E4690461C4606D1F5
S3150100B528237A012B2AD0012002B0BDE8F0811C4DF7
S3150100B53809682A460DF10703FFF770F860600028CD
S3150100B548EED19DF80730032BEAD0696872689142FB
S3150100B558E6D1356945B1012B12D1337EB5EBC30F5F
S3150100B5684FEAC30200D3A81A227AE368012A09D14D
S3150100B578BA691844904205D900232374207CD3E77D
S3150100B5882846F1E708351D44012243463146384627
S3150100B598E560FFF7ADFE60600028C1D00020C3E773
S3150100B5A8F85000202DE9F341089C032A174626681E
S3150100B5B806D1237A012B34D0012002B0BDE8F081EF
S3150100B5C8DFF8B080304642460DF10703FFF726F84B
S3150100B5D860600028EDD12568D8F80430E96AEA6C7C
S3150100B5E84B4050420340E4D1D8F8100078B19DF899
S3150100B5F807C0BCF1010F0AD198F818C0B0EBCC0FFF
S3150100B60838BF18464FEACC0E28BFA0EB0E00237AA6
S3150100B618012B08D1E3681844B369984203D900237A
S3150100B6282374207CC9E728682B6B1B1A081AB3FBFD
S3150100B638F2F3B0FBF2F083420BD1F06C336B421E8E
S3150100B6481340726B121A13442846736309F099FC66
S3150100B6582863D8F81020E36808321344E36001220E
S3150100B6683B4604492068FFF743FE60600028A0D0E6
S3150100B6780020A2E7F85000200022724B2DE9F04184
S3150100B6881F680D4604461A6018B921252846BDE8E3
S3150100B698F08190F838606EB30A6803689A4240F000
S3150100B6A8C5804A6843689A4240F0C0808A688368C0
S3150100B6B89A4240F0BB80CA68C3689A4240F0B68095
S3150100B6C80A6983699A4240F0B1808A69036C9A4291
S3150100B6D840F0AC80CA69036F9A4240F0A78091F89E
S3150100B6E8202090F874309A4240F0A0804B690025DA
S3150100B6F8C361CBE778223146D0F83C80F5F712DCF6
S3150100B708D5E902122B6804F1080023606B68C4F8B6
S3150100B7183C8063602B69A3616B69E36109F076FE7E
S3150100B728AB6904F1480023649B68984700284DD10A
S3150100B738E16C11B16368B3FBF1F194F84B30216206
S3150100B748002BA2D00023A366EB69236795F8206036
S3150100B758E56C84F87460002D70D000296ED02368DA
S3150100B768B3FBF5F205FB1233002B61D1D4F8048043
S3150100B778B8FBF5F305FB1383002B59D1204609F0D5
S3150100B788B5FAE36904330344984553D340F6347252
S3150100B798A369CC3B93424FD8B5F5805F4ED3012EB2
S3150100B7A84ED9032E4CD00321204609F0CEFAD4E90E
S3150100B7B80001236C1B6898470546236C0220DB6849
S3150100B7C898472DB1002384F838301FE03146B4E795
S3150100B7D839462046FFF7F2F86428054604D139466A
S3150100B7E82046FFF7EBF80546E36C143B002DE9D13B
S3150100B7F8626A204602FB03F609F078FAE369043324
S3150100B80803449E4206D284F838505A25206C09F022
S3150100B81889FC3BE70123D4E900010B4A84F8383057
S3150100B82813680133136009F0A3FFEFE75D252DE7E0
S3150100B83859252BE75A2529E75F2527E75B2525E7BC
S3150100B848262523E7E8490020E44900202DE9F043AD
S3150100B8580C4691461E46054685B0002847D090F805
S3150100B8683830002B45D0B1F5801F44D2DFF89080DF
S3150100B878012109F06AFA2146424628460DF10F03CD
S3150100B888FEF7CCFE0446F8B99DF80F30012B27D1F7
S3150100B898D8F810703FB195F87430022B18D198F882
S3150100B8A8183006EBC306B7421FD100223B4649466C
S3150100B8B82846CDE90082FFF719FA044620B9014660
S3150100B8C83A460E48F5F72EDB286C09F02BFC03E007
S3150100B8D8286C09F027FC2624204605B0BDE8F0832C
S3150100B8E8022B14BF2D246024EEE76324ECE7212400
S3150100B8F8F2E71124F0E72924EEE700BFF559002005
S3150100B9082C5100202DE9F04385B00C4691461E4680
S3150100B9180546DDF8308000284DD090F83830002BE8
S3150100B9284BD0B1F5801F4AD2264F012109F00DFAF5
S3150100B93821463A4628460DF10F03FEF76FFE0446E7
S3150100B948E8B99DF80F30012B2ED195F87430022BEA
S3150100B95819D13869F8B906EB0803834229D80223B5
S3150100B9683246CDE90073494643462846FFF7BEF9F4
S3150100B978044620B9014642461348F5F7D3DA286C3E
S3150100B98809F0D0FB03E0286C09F0CCFB26242046FD
S3150100B99805B0BDE8F0833B7EB0EBC30F4FEAC302A7
S3150100B9A834BF2046801AD6E7022B14BF2D24602403
S3150100B9B8E5E76324E3E72124E9E71124E7E72924F6
S3150100B9C8E5E700BF2C510020F55900202DE9F34188
S3150100B9D81E4600230C4617460546336000283AD012
S3150100B9E890F83830002B38D0B1F5801F37D2DFF800
S3150100B9F87480012109F0A9F92146424628460DF12C
S3150100BA080703FEF70BFE044618BB9DF80730286CA2
S3150100BA18032B1ED0022B07D1012304213B60316081
S3150100BA28286C09F07FFB10E0D8F810103C6000295B
S3150100BA38F5D095F87430022B04D198F81830A1EB9B
S3150100BA48C301ECE709F06EFB2624204602B0BDE8E7
S3150100BA58F0812D24E4E72124F7E71124F5E72924C9
S3150100BA68F3E700BF2C51002073B50446816909F03C
S3150100BA7821F9E26E636B024493422CBF0022012234
S3150100BA88834294BF00231B1A207C84F85820E3655F
S3150100BA9884F86000A8B100230B4E1A4619462046C1
S3150100BAA8009609F06AFC002305461A4619462046FF
S3150100BAB8009609F06BFCE3682844984294BF00207D
S3150100BAC8C01A606602B070BDFFFF0F002DE9F3478B
S3150100BAD81D4683690446AB420F4691469DF8288068
S3150100BAE862D300268DF807602046A16909F0E2F8BD
S3150100BAF8D4F834A082450AD2636AB6EB430F06D25C
S3150100BB08002220460DF10701FEF778FE80B39DF865
S3150100BB180730012B05D1002220460DF10701FEF75A
S3150100BB286DFEB8F1030F25D1224E4FF0FF31304695
S3150100BB3800F04CFB376035611E494346002220461A
S3150100BB48C1F80C90FFF7D4FBA36E054663B12046F6
S3150100BB58FFF78AFF94F8583013B994F860301BB18F
S3150100BB68A36E04F158009847284602B0BDE8F0874D
S3150100BB780136B9E72946204609F09CF8666B8642E4
S3150100BB8814D30C4E4FF0FF31304600F01FFBB8F1CD
S3150100BB98010F37603561CFD1002DCDD094F87430BF
S3150100BBA8022B05D10835C6E76225DDE71C25DBE74B
S3150100BBB82625D9E7F85000202DE9FF410F46904682
S3150100BBC81E460546002847D090F83830002B45D048
S3150100BBD8B1F5801F44D2234C022109F0B6F822465A
S3150100BBE8394628460DF10F03FEF718FD50BB2369A8
S3150100BBF833B395F87420022A1AD1227E06EBC202C3
S3150100BC089DF80F1001291DD193421BD1CDE90041A1
S3150100BC18002241462846FFF769F8044690B90146CD
S3150100BC2832461148F5F77ED9286C09F07BFA03E00C
S3150100BC38286C09F077FA2624204604B0BDE8F0817D
S3150100BC483246DDE701234246009339463346284604
S3150100BC58FFF73CFF0446E7E72124EDE71124EBE76C
S3150100BC682924E9E72C510020F559002030B50C4666
S3150100BC78054685B028B390F8383023B3B1F5801F4F
S3150100BC8823D2022109F061F80DF10F032146284656
S3150100BC980F4AFEF7C3FC034688B99DF80F20032A0D
S3150100BCA80DD003222146009202462846FFF70EFFD1
S3150100BCB80446286C09F036FA204605B030BD2D2415
S3150100BCC8F7E72124F8E71124F6E72924F4E700BF6A
S3150100BCD82C5100202DE9F04FC56889B0AC000590BC
S3150100BCE820460BF0B4FADFF83CB2DFF82CA2CBF809
S3150100BCF8000020460BF0ABFACAF8000020460BF00C
S3150100BD08A6FADFF81892DFF81882C9F8000020466B
S3150100BD180BF09DFAC8F8000020460BF098FA7C4F04
S3150100BD28386020460BF093FA7A4B06461860DBF822
S3150100BD38003000240293DAF80030D8F800E00393C3
S3150100BD4801236A1ED9F800C0D7F800800192019A2A
S3150100BD589A42C0F0C1805A0000920122013B069323
S3150100BD68009B0025013B0492079367E0069B5C193B
S3150100BD78019B9C4228BF1C46079B03EB0509019BB7
S3150100BD88994528BF9946AC42C0F0A2804C4580F03F
S3150100BD989F80029B002B00F09D80039B002B00F0E7
S3150100BDA89980BCF1000F00F09580BEF1000F00F0FC
S3150100BDB89180B8F1000F00F08D80002E00F08A8086
S3150100BDC80021049BEF0004EB030A059B1B688A45C7
S3150100BDD839D10027A9EB040B03EBC404A268039825
S3150100BDE8C2F3130240F82720E2684EF8272054F8D8
S3150100BDF8082F46F827200137BB45EFD10022A9466F
S3150100BE08144603F1040AA1422FD8274603EBC90AAF
S3150100BE18B9420AF1080A47D80F1BA14238BF0027C1
S3150100BE284F4403EBC703934503F1080346D800249F
S3150100BE38009B009A1D44049B9B1A0493019BAB42E9
S3150100BE4894D8009B83E7DA59029803EB070BC2F3F0
S3150100BE58130240F82120DBF804204CF82120DA5996
S3150100BE68083748F821200131B1E79345CDD9039820
S3150100BE7850F82270029850F82400B84295BF58F835
S3150100BE88247056F8227043F8397043F8397096BF12
S3150100BE985CF824705EF8227001344AF8397088BF5C
S3150100BEA8013209F10109AEE758F827004AF8080CEA
S3150100BEB85CF8270001374AF8040CA9E756F822105E
S3150100BEC843F8081C5EF82210013243F8041CAAE75D
S3150100BED82124ADE71924ABE702980DF0E2FB0E4BDE
S3150100BEE818680DF0DEFB0A4B18680DF0DAFB0B4BF0
S3150100BEF818680DF0D6FB074B18680DF0D2FB084BF6
S3150100BF0818680DF0CEFB204609B0BDE8F08F00BFDA
S3150100BF18F0490020EC490020FC490020F84900209E
S3150100BF28F4490020004A00202DE9F041C7689846E7
S3150100BF384368FFB19F422CD9B8F1030F25D023B32B
S3150100BF4805682E464FF0000C03E0634506F1080626
S3150100BF581BD055F83C400CF1010CC4F3075EBEF149
S3150100BF68030FF2D1C1F3130141EA0851C6E90012E0
S3150100BF78BDE8F0814BB1056855F8374005EBC706B2
S3150100BF8801341ED0B8F1030FDBD101230372BDE8DA
S3150100BF98F08105680024AC4655F834600134C6F3CF
S3150100BFA8130E013601D0714516D0A7420CF1080CC3
S3150100BFB8F2D19F42C0D255F8374005EBC706013486
S3150100BFC8E0D1C1F3130141EA085145F837100137A9
S3150100BFD87260C760BDE8F08141EA0851CCE90012F8
S3150100BFE8D5E700BF2DE9F0410646406882B0C0B1E9
S3150100BFF80F4690460024336853F8345003EBC403C4
S3150100C008C5F30752C5F31301013504F1010406D03E
S3150100C0185B683046CDF80080B84710B17068844235
S3150100C028E9D302B0BDE8F081024B1968024B1868E2
S3150100C038FFF722BB5C7B0020847B002030B5164DC0
S3150100C0489BB0297831BB4FF0007203231024CDE948
S3150100C0580223F6231C2209A8CDE9051107910493A9
S3150100C068CDE90044F4F75EDF042310A808940B9386
S3150100C078F4F71CDB694608AA10A80AF031F810B1D2
S3150100C08873201BB030BD0122044B2A70C3E900207E
S3150100C098986018750020F4E7FD79002044500020C7
S3150100C0A8F0B587B09DF83C700C46012F1546194628
S3150100C0B8DDE90C230E9E14D198B104B98DB901B9E5
S3150100C0C87AB973B16EB104270090CDE90367CDE95A
S3150100C0D8014505480AF04CFF002818BF722007B031
S3150100C0E8F0BD2120FBE700BF44500020F0B587B022
S3150100C0F89DF83C700C46012F15461946DDE90C23BF
S3150100C1080E9E14D198B104B98DB901B97AB973B132
S3150100C1186EB104270090CDE90367CDE901450548CD
S3150100C1280AF03AFF002818BF472007B0F0BD2120C2
S3150100C138FBE700BF4450002073B504462248012A94
S3150100C14800EAC1119DF8185023F07C4007D9961EC4
S3150100C158012E28D9073303F07F03194308E09DF818
S3150100C1681C300A43DB0603F0C053134343F0604116
S3150100C1780023C4E900108DF80730B5B12022214605
S3150100C1880DF1070009F017FC1A220DF10700211D10
S3150100C19809F011FC082063689DF8072043EA8263C9
S3150100C1A8636002B070BD1143E2E71B220DF107007F
S3150100C1B8214609F000FC23689DF80720042043EA7C
S3150100C1C8C2632360EDE700BF80FFFF0738B5094B5F
S3150100C1D80D461A6800210446F4F7A4DE00234FF041
S3150100C1E8FF322383C4E900252361A260E382A37693
S3150100C1F838BD00BFB0A901010138C0B205289ABFF0
S3150100C208014B185C01207047B5A901012DE9F043DE
S3150100C2180746154600240E46596889B0490A012978
S3150100C22822464FEA510104F10104F8D8DC789978DD
S3150100C23824031B88C90201F4006104F480540C43E9
S3150100C248C3F30A031C4453039BB21C444FF6FE78FE
S3150100C2584FF6FF739DF840204FF00009022A18BFD8
S3150100C2689846274B02A9039325F07843ED430DF130
S3150100C27807001B2202938DF8079009F09CFB9DF895
S3150100C2880720029B02A943EAC2630DF107001B229C
S3150100C29825F07845049302958DF8079009F08BFBF4
S3150100C2A89DF80720029B44EA084443EAC2630593C2
S3150100C2B84FF0FF330794069307A9BB69012206F1DC
S3150100C2C810009847BB6905A90446012206F1080032
S3150100C2D89847BB69484518BF044604A90122301D81
S3150100C2E898470122484518BF0446BB69304603A949
S3150100C2F89847484508BF204609B0BDE8F08300BF06
S3150100C30801009AB20122437801789A4030235943B1
S3150100C318014B5A50704700BF40E08340034BD3F8A6
S3150100C3282424D3F820041040704700BF00C083407E
S3150100C3382DE9F8431F4B0546D3F810334B1E0E2B38
S3150100C3480E461746047890F8018026D951B34FF066
S3150100C358000928461FB3F4F7B1D80F21B8F1070F22
S3150100C36804EB440488BFA8F108084FEA04141248EC
S3150100C37895BF4FEA88084FEA880804340C3409FA4D
S3150100C38808F201FA08F1204409F033FB86B9284678
S3150100C39857B1BDE8F843F4F791988946D9E7FFF70D
S3150100C3A8B1FFDAE78946D8E7BDE8F843FFF7AABF40
S3150100C3B8BDE8F88300C0834030C083404FF4803223
S3150100C3C80A4B5A6603F5DE239B69C3F303320270EF
S3150100C3D8C3F303424270C3F3461203F00F03134338
S3150100C3E843804FF6FF738380704700BF005080403B
S3150100C3F80048704700100000274B2DE9F0411B68E3
S3150100C408F4F7D0DD0128074620D9F4F7F7DD051E34
S3150100C41803DA01242046BDE8F081204B1B78002B66
S3150100C42838D14FF050081E4C04EB0800A465C4F837
S3150100C4385C80F4F78ADE206680B90124012FE9D9E8
S3150100C4482846F4F7F1DD0028E4DAE2E7134B1B7816
S3150100C45803F0FF05002BE4D00024DBE70024114E8E
S3150100C468214606F110033246012034607460B36038
S3150100C478C6F80C80F4F719DF30660028DDD00321F1
S3150100C48801200AF0A5FD01200AF0A0FD0122034BB7
S3150100C4981A70D3E70024D3E7887B0020FF790020B0
S3150100C4A8C45100206051002008B5F4F77BDD01284E
S3150100C4B805D9F4F7A3DD002821DA012008BD174BB9
S3150100C4C81B7803F0FF00002BF8D0F4F76DD800288D
S3150100C4D8F4D1012002F0C8F801200AF075FD104BCD
S3150100C4E8186EF4F789DF90B90E4B186EF4F7C5DEAE
S3150100C4F8003818BF01200022084B1A70DEE7074BE7
S3150100C5081B7833B1F4F790DD0028DEDAD5E7012090
S3150100C518F1E7F4F789DDC00FD0E700BFFF79002006
S3150100C52860510020C451002008B54FF085435B6C6B
S3150100C538DA0208D5F4F736DD0238012803D80A4BA2
S3150100C548186EF4F731DF4FF08542536CDB02FCD5E8
S3150100C558536D1268054A03F4702313600120BDE880
S3150100C568084002F081B800BF60510020887B002096
S3150100C5782DE9F0474FF000088EB00E4617460446DF
S3150100C588CDF80480002867D022B9002528460EB0C8
S3150100C598BDE8F08700295FD032F0030902F0030AEB
S3150100C5A826D04FF0E06303600123C0F80480C0F889
S3150100C5B808800891099349F000530A9308AA02AB27
S3150100C5C8C0F8208007CA83E8070019462046F4F711
S3150100C5D861D949462046F4F735D92046F4F704D8F7
S3150100C5E8054628B14A4641463046F4F79BDCCDE775
S3150100C5F8BAF1000FC9D04FF0E0634FF0000823608D
S3150100C60801ABC4F80480C4F808800B9301230C938A
S3150100C618124B0EAA0D9305AB12E90700C4F8208048
S3150100C62883E8070019462046F4F734D90421204641
S3150100C638F4F708D92046F3F7D7DF054608B13A4695
S3150100C648D1E7019A4E44EB00013522FA03F3AA45D4
S3150100C65806F8013BF7D198E7212597E70400002062
S3150100C6682DE9F0410C46154606468AB0002844D005
S3150100C678002942D05A1E072A3FD8072D3DD85F19EF
S3150100C688082F3AD81F4B0DF11808036000234360A1
S3150100C698036283600123CDF80C8004931A4B03AA25
S3150100C6A805936B4607CA83E8070030461946F4F72F
S3150100C6B8F1D83046F3F798DF10B92146AF4202D8D0
S3150100C6C80AB0BDE8F08138F815200D6002F4405330
S3150100C6D8B3F5405F13D093044CBF0223C2F3003372
S3150100C6E80B72C2F30B03DB034B60C2F38033D20B2D
S3150100C6F84B728A7201350C31E0E72120E0E702200E
S3150100C708DEE700BF000053FF10000020F0B5164613
S3150100C7180546A7B0002857D0002955D0002A53D07E
S3150100C7282A4B012703600023294C43600362836077
S3150100C73808AA089102AB09970A9407CA83E8070071
S3150100C7480B960BAA0C970D9405AC07CA84E807004B
S3150100C75819462846F4F79ED821462846F4F79AD86A
S3150100C7682846F3F741DF044640BB019001A9284654
S3150100C778F4F73CD8044608BB40F20223019A9A42D0
S3150100C7881CD8014660220EA8F4F7CCDB0823224602
S3150100C79828460EA9FFF764FFA0B908220EAB197A3D
S3150100C7A80C33022904BF53F8081C00EBD100013AE7
S3150100C7B8F5D13368834204D31B1A3360204627B068
S3150100C7C8F0BD02200446F9E72124F7E7000064FFDB
S3150100C7D80400002070B50E461C46054686B040B3D7
S3150100C7E823B332B313F0030323D143600362836097
S3150100C7F801230392049344F0005305936B460E49B3
S3150100C80806AA016012E9070083E8070019462846C7
S3150100C81809F005FD31462846F4F714D8214628467D
S3150100C828F4F710D82846F3F74BDF0446204606B03E
S3150100C83870BD2124FAE700BF000063FF2DE9F0412E
S3150100C8480F46017804460139904692B004295CD80E
S3150100C858DFE801F003474C515600402514262C49C0
S3150100C8680C3400225D437A6038463960BA6029463D
S3150100C8783A62F3F7E7DF4FF0010C45F00055CDF8C2
S3150100C8882480CDF828C00B956D4609AB46F00056B5
S3150100C89893E8070003AB85E807000C940CAACDF8CA
S3150100C8A834C00E9607CA83E807000F9412AACDF87A
S3150100C8B840C006AC119612E9070084E8070019463C
S3150100C8C8384609F0ACFC2946384609F0A8FC384632
S3150100C8D82146F3F7DFDF3846F3F786DE12B0BDE807
S3150100C8E8F081402520260B490C34BAE7402520263D
S3150100C8F809490C34B5E78025402608491434B0E7C0
S3150100C9088025402606491434ABE72120E6E700BF17
S3150100C91800020103000301030004010300050103EA
S3150100C9280006010310B591B188B10023C0E90133AE
S3150100C938084B00F10C0203F1200153F8044B8B421A
S3150100C94842F8044BF9D101230370002010BD2120C0
S3150100C958FCE700BF84AA010110B591B188B1002393
S3150100C968C0E90133084B00F10C0203F1200153F829
S3150100C978044B8B4242F8044BF9D102230370002081
S3150100C98810BD2120FCE700BFBBA9010110B591B17B
S3150100C99888B10023C0E90133084B00F10C0203F109
S3150100C9A8200153F8044B8B4242F8044BF9D1032377
S3150100C9B80370002010BD2120FCE700BFDCA901019E
S3150100C9C810B5A1B198B10023C0E90133C0E9033319
S3150100C9D8084B00F1140203F1400153F8044B8B4252
S3150100C9E842F8044BF9D104230370002010BD21201D
S3150100C9F8FCE700BFFDA9010110B5A1B198B100235B
S3150100CA08C0E90133C0E90333084B00F1140203F10D
S3150100CA18400153F8044B8B4242F8044BF9D10523E4
S3150100CA280370002010BD2120FCE700BF3EAA0101CA
S3150100CA382DE9F04F0D46174693B0002800F0A08067
S3150100CA48002900F09D80002A00F09A800278013AB8
S3150100CA58042A00F29580DFE802F0030E717B880054
S3150100CA684FF0140B484A00F10C0A00F1040900F1D1
S3150100CA782C04D8460AE04FF0200B4FF01C08434A15
S3150100CA8800F10C0A00F1040900F12C044021984533
S3150100CA9876D809F1040309EBD10653F8040B0028EB
S3150100CAA870D1B342F9D1D9F80030013901EA030648
S3150100CAB831462A6068602862A8602846F3F7C2DE14
S3150100CAC82846D9F80010F3F7BDDE4FF0010EEC4603
S3150100CAD84BF00053CDF824A046F00056CDF828E0D7
S3150100CAE80B9309AB93E807000CAB8CE807000C9491
S3150100CAF8CDF834E00E9693E8070003AE48F00053EC
S3150100CB0886E8070006AC0F97CDF840E0119312AB03
S3150100CB1813E9070084E807006146284609F07FFB08
S3150100CB283146284609F07BFB28462146F3F7B2DE53
S3150100CB382846F3F759DD13B0BDE8F08F4FF0200B07
S3150100CB48134A00F10C0A00F1040900F12C0490E7DC
S3150100CB584FF0400B4FF030080E4A00F1140A00F16D
S3150100CB68040900F15404802191E74FF0400B0A4A69
S3150100CB78D84600F1140A00F1040900F15404F2E759
S3150100CB882120D8E70F20D6E7000203030003030399
S3150100CB980004030300050303000603032DE9F0431C
S3150100CBA88DB00D4691461E460446149F002841D075
S3150100CBB8002F3FD00AB9002B3CD16B1EDBB2042BE8
S3150100CBC838D81D4A12F80380159B984532D8002398
S3150100CBD8280200F1407000F5807031460125636036
S3150100CBE82060A36020462362F3F72CDE6B4646F0ED
S3150100CBF80056CDF8189006AA0795089607CA83E83D
S3150100CC08070048F0005209970A950B9203AD0CAA42
S3150100CC1812E9070085E807001946204609F0FFFAD8
S3150100CC2820462946F3F736DE2046F3F7DDDC0DB05C
S3150100CC38BDE8F0832120FAE77FAA0101F0B50F4686
S3150100CC4816461D46044693B010B9212013B0F0BD0F
S3150100CC580029FAD0002AF8D0002BF6D00023314655
S3150100CC681A46384608F0BAFF0028EFD1304602A91D
S3150100CC7808F052FF0028E9D1EB68022B0AD039687F
S3150100CC883F48029A81426B6902D01830814270D1BD
S3150100CC989A42DAD82B68002BD7D14FF060626360CD
S3150100CCA838462260A360236201A909F003F8002827
S3150100CCB8CCD10199204621F4F0610191F3F7C2DD47
S3150100CCC86946284608F0F6FF0028BFD12046009994
S3150100CCD8F3F7B8DD384609A900F054F80028B5D1AC
S3150100CCE8204609A909F09BFA38460CA909F00CF95E
S3150100CCF80028ABD120460CA909F091FAEB684BB193
S3150100CD08284606A900F03EF800289FD1204606A924
S3150100CD1809F085FA304603A909F0F6F8002895D1F5
S3150100CD28B368DA040CD59B0427D50621F369326961
S3150100CD381B6801FB03225B0043F000530392059332
S3150100CD48204603A909F06BFA28460FA909F0DCF871
S3150100CD5800287FF47BAF20460FA9F3F79BDD032557
S3150100CD682046F3F741DC01287FF470AF013DF7D186
S3150100CD786CE7B3EB420F8DD267E7292066E700BF60
S3150100CD88200000B090B189B101234B60C368013B13
S3150100CD98012B08D88269064B1AB10A6000208B60FC
S3150100CDA87047044AF9E74FF00053F7E72120704727
S3150100CDB808000020A4AA0101F0B50F46154604464D
S3150100CDC88FB0002862D0002960D0002A5ED00123E6
S3150100CDD829461A46384608F001FF002854D1BB688F
S3150100CDE813F4C04F52D0AB6803F4C043B3F5005FE8
S3150100CDF84CD1284B0BAE60602062A06031463846A4
S3150100CE08236008F057FF00283ED120460B99F3F717
S3150100CE1819DD384602A9FFF7B5FF002834D12046A7
S3150100CE2809F0FDF9384605A909F06EF860BB2046F8
S3150100CE3805A909F0F4F9EB6843BBAB6803F4C043F1
S3150100CE48B3F5005F22D1284601A908F08FFED8B9AB
S3150100CE58019B6A699A421BD32A6943F000530B92D4
S3150100CE6801220C920D9308AB96E8070083E80700A8
S3150100CE7819462046F3F70EDD03252046F3F7B4DB02
S3150100CE88012801D1013DF8D10FB0F0BD2120FBE702
S3150100CE981D20F9E70000010230B50D46044685B0AC
S3150100CEA8E0B1D9B10E4B01A90360002343600362C7
S3150100CEB88360284608F0FEFE70B920460199F3F70B
S3150100CEC8C1DC284601A9FFF75DFF28B9204609F00C
S3150100CED8A6F92046F3F788DB05B030BD2120FBE72C
S3150100CEE8000005012DE9F04798B00D46DDE92086D9
S3150100CEF80446DDF88890002800F08880002900F0B3
S3150100CF088580B9F1000F00F08180B8F1000F01D1D9
S3150100CF18002E7BD1296815AF01F07041B1F1404F60
S3150100CF286FD0002B6FD139461046159309F05CF97D
S3150100CF38002863D1159B43F0C0632360002339465B
S3150100CF4863602846A360236208F0B4FE002855D121
S3150100CF5820461599F3F776DC31462046F3F772DC5D
S3150100CF6869462846FFF70EFF002847D1694620463D
S3150100CF7809F055F9284603A908F0C6FF00283DD14E
S3150100CF884FF0010A204603A946F0005609F047F971
S3150100CF98CDF83C8006ABCDF840A00FAA119607CA7A
S3150100CFA883E807001946204609F039F9CDF8488083
S3150100CFB809ABCDF84CA012AA149607CA83E8070054
S3150100CFC82A6802F07042B2F1404F03D11946204651
S3150100CFD809F025F90123CDF854901693239B43F0C4
S3150100CFE8005317930CAB97E8070083E80700204620
S3150100CFF81946F3F74FDC2046F3F7F6DA18B0BDE821
S3150100D008F087034B99E74FF0C06396E72120F5E7D0
S3150100D018000002062DE9F04393B00D46DDE91A97A3
S3150100D0280446DDF87080002800F08480002900F0AD
S3150100D0388180B9F1000F01D1002F7BD1B8F1000F22
S3150100D04878D0A968890475D529680FAE01F07041B1
S3150100D058B1F1404F64D0002B64D1314610460F938D
S3150100D06809F0C2F8002858D10F9B43F0C06343F476
S3150100D078803323600023314663602846A360236218
S3150100D08808F018FE002848D120460F99F3F7DADB95
S3150100D09839462046F3F7D6DB69462846FFF772FE7E
S3150100D0A800283AD16946204609F0B9F8284603A965
S3150100D0B808F02AFF88BB204603A909F0B0F84FF00B
S3150100D0C8010C47F00057CDF830900CABCDF834C0C1
S3150100D0D80E9793E807001D9B0DF1180943F00053BD
S3150100D0E889E80700CDF83C80CDF840C011932B683C
S3150100D0F809AF03F07043B3F1404F96E8070087E89C
S3150100D108070011D13946204609F089F849462046D3
S3150100D11809F085F82046F3F767DA13B0BDE8F0831E
S3150100D128054BA6E7054BA4E74946204609F077F8DB
S3150100D1383946ECE72120F0E7000003060000010666
S3150100D14810F1860F14D010F1850F07DA10F1930F3D
S3150100D15811D0873007D04FF0FF307047003818BF1D
S3150100D168012040427047054B194411F9050C7047D7
S3150100D1786FF0710070476FF06F007047ACAA01FF3E
S3150100D188012910B50CDC084C084B00290CBF2146B7
S3150100D198194609F084FD2146BDE81040FFF7D0BFC6
S3150100D1A86FF0740010BD00BF0B0000020A000002F8
S3150100D1B808B509F0B4FDBDE808400149FFF7C0BF4D
S3150100D1C80B000002002307B54022019301AB09F0C9
S3150100D1D8C2FD034903B05DF804EBFFF7B1BF00BF19
S3150100D1E80B000002012910B50CDC084C084B00297C
S3150100D1F80CBF2146194609F052FD2146BDE81040EB
S3150100D208FFF79EBF6FF0730010BD00BF0900000253
S3150100D2180800000208B509F082FDBDE80840014989
S3150100D228FFF78EBF09000002002307B520220193EC
S3150100D23801AB09F090FD034903B05DF804EBFFF774
S3150100D2487FBF00BF0900000210B5044C214609F052
S3150100D25826FD2146BDE81040FFF772BF0500000212
S3150100D26808B509F05CFDBDE808400149FFF768BF4C
S3150100D27805000002002307B51422019301AB09F04A
S3150100D2886AFD034903B05DF804EBFFF759BF00BF18
S3150100D2980500000238B5134DFFF7AEF8124B134AD5
S3150100D2A813491448FCF74CFC2B7803F0FF04BBB96F
S3150100D2B8F3F778DE012802D9F3F7A0DE04462B78C6
S3150100D2C82BB90D4B0D481B68984701232B70F3F7B3
S3150100D2D869DE012804D92046BDE83840F3F7A49E43
S3150100D2E838BD00BF007A00207F6201016162010139
S3150100D2F899620101A3620101447B00208048002054
S3150100D30800F01F02A0F50620A0F55060812810D86C
S3150100D318012309494009934051F820201A4341F84D
S3150100D3282020064951F8202022EA030241F820204C
S3150100D33870474FF0FF3070473C52002028520020BA
S3150100D34800F01F03A0F50620A0F55060812810B54E
S3150100D35819D801210D4A4009994052F820300B434A
S3150100D3680B4942F82030D1E9004323448C68234411
S3150100D378CC68096923445B1804D1C2E90033C2E9C0
S3150100D3880233136110BD4FF0FF30FBE7285200202E
S3150100D3983C5200202DE9F04FA7B003921F460446E0
S3150100D3A80822CDE90401414021FA02F34B409807CE
S3150100D3B802F1080218BF9B00202A1C44F4D18123DC
S3150100D3C8B4FBF3F303EBC313E41A7F4B04F506240A
S3150100D3D81B7804F55064002B39D1FEF725FE054666
S3150100D3E800286FD10146402206A8F3F79BDD29469E
S3150100D3F8402216A8F3F796DD744D754EA8461035EA
S3150100D408AE4228BF2E467348013E00964346102277
S3150100D418006806A907F0B1FF4FF0000B81460DF130
S3150100D428180AD94541D16B4800964346102200682F
S3150100D43816A907F0ABFF4FF00008834616AEC345A1
S3150100D44846D1654B9D42D8D101225F4B1A704FF0E8
S3150100D45881080026DFF894B1A4F50625A5F55063E1
S3150100D4685B095BF8232004F01F01CA40D20746D4A2
S3150100D4785A4A52F82330CB40DB0732D58123002E96
S3150100D48808BF2646A5F6FF44B4FBF3F303EBC31323
S3150100D498E41A04F50624B8F1010804F55064DBD151
S3150100D4A8039B03B3FEB1344625E05AF8040BFFF794
S3150100D4B827FF013009D10022434B1A70424B1B78D2
S3150100D4C8002BC4D16FF091000FE00BF1010BA8E717
S3150100D4D856F8040BFFF734FF0130EFD008F10108C5
S3150100D4E8ADE7039B23B96FF08B0027B0BDE8F08F3A
S3150100D4F8002E18BF3446329B00201C60F5E7309B8E
S3150100D50813B10023309A1360319B13B10023319A6A
S3150100D51813604FF0100ADFF8BC90CDF800A0002385
S3150100D5283A462146D9F80000FEF7ECF9002838D129
S3150100D53830993A682A4BE9B19A42C1F800A01CD041
S3150100D5482146D9F80000FEF791FB0028CBD1D7E98F
S3150100D5580223DDE90410834208BF8A422AD08123C7
S3150100D568A5F6FF45B5FBF3F303EBC313ED1A05F572
S3150100D578062490E79A42EAD0E2E7319B002BE6D0EF
S3150100D5882146D9F8000016AAFEF720FA48B9319BB8
S3150100D598309A1B681268934294D39B1A319A136086
S3150100D5A8D5E7104B9842CBD06328C9D00E4B984289
S3150100D5B8CDD087E7039B002B9DD07B68012B9AD1A1
S3150100D5C86FF0840091E700BF017A0020006D080022
S3150100D5D8816D0800847B0020906D08002852002088
S3150100D5E8105D175EFFDF00F0FEDF00F03C52002001
S3150100D5F870B5124D2B7803F0FF04CBB9F3F7D2DCE3
S3150100D608012802D9F3F7FADC04462B784BB90C4802
S3150100D618436D43F0010343650A4B1B689847012391
S3150100D6282B70F3F7BFDC012802D92046F3F7FCDC9F
S3150100D638BDE87040044B02481B681847027A00206F
S3150100D64850520020447B00203C7B0020034B1B7872
S3150100D6581BB1034B03481B6818477047027A002021
S3150100D668387B0020505200202DE9F04F87B08246C2
S3150100D678894698461646DDF840B02AB1002B55D0A2
S3150100D68840F26C739A4254D8BBF1010F54D8002466
S3150100D69806F1100739460120059409F00AFE0546E8
S3150100D6A800284CD0394608F005FEFFF7A1FF05AB67
S3150100D6B8CDE9014300942B46012250464946FFF71E
S3150100D6C869FE044688B110F18C0F08BF6FF08D040E
S3150100D6D83946284608F0EEFD28460BF0E2FFFFF72B
S3150100D6E8B5FF204607B0BDE8F08F164BC5E902A97C
S3150100D6F82B60C5F804B02EB13246414605F110003B
S3150100D7080BF00EFB059E10483B462A46314600683B
S3150100D718FEF752FA38B93046FFF7F2FD013008BF75
S3150100D7286FF08604D4E76FF09104D1E76FF08604B1
S3150100D738D7E76FF09104D4E76FF08504D1E76FF06E
S3150100D7488C04CEE7105D175E847B00202DE9F04737
S3150100D7588CB08146DDE914780C4616461D466BB138
S3150100D768B8F1000F49D0002F47D0B7F1005F44D375
S3150100D778C3F1005303F500239F423ED84FF0000A38
S3150100D7881022002108A8F3F7CDDBCDE905AAFFF79A
S3150100D7982FFF07AB029305AB019306AB2146009316
S3150100D7A85246484608ABFFF7F5FD0446D0B9059B36
S3150100D7B83DB1B3421CD853EA060504D06FF086047E
S3150100D7C810E0B342FAD3069B0D48C8F800500095FD
S3150100D7D83A46079900683344FEF794F8002818BFBB
S3150100D7E86FF09104FFF732FF20460CB0BDE8F087D1
S3150100D7F89B1B9D4228BF1D46E5E76FF08604F3E7AC
S3150100D808847B002070B500260C4605468CB0102294
S3150100D818002108A8F3F786DBCDE90566FFF7E8FEE0
S3150100D82807AB029305AB019306AB2146009332463B
S3150100D838284608ABFFF7AEFD044608BB099B012B3A
S3150100D84823D0079D144B29461868FEF70FFAF8B935
S3150100D858A5F50623A3F55063812B05F01F020DD804
S3150100D86801210E485B09914050F823204A4040F8AF
S3150100D87823202846FFF764FD013001D16FF08604A5
S3150100D888FFF7E4FE20460CB070BD6FF08404F7E79D
S3150100D8986FF09104F4E700BF847B00203C5200201E
S3150100D8A810B50024436814601B0A012B0DD0094CDE
S3150100D8B8A34208D05BB9008808F0ECFD00B101313C
S3150100D8C80020116010BD0121FAE72C31F8E76FF04D
S3150100D8D88500F7E7010080002DE9F0410D46144661
S3150100D8E81E46C4B010B96FF0860038E00029FAD098
S3150100D8F8002AF8D0002BF6D0038803F44F42B2F57C
S3150100D908824F02D06FF0850029E0DAB2122AF9D1E6
S3150100D91823F0FF03B3F5E24F29D1438833600BBBEC
S3150100D928E3003360B3F5807FECD1002318464649FE
S3150100D9382E19214411F8014D16F8012D1043121B19
S3150100D9480CBF4FF0FF340024B54203EA040343EA4F
S3150100D9580203EFD10028C6D0002BC4DA002044B058
S3150100D968BDE8F081DA1DB4EBD20FDBD0BBE7B3F526
S3150100D978824F66D10B78042BB5D12822002118A82D
S3150100D988F3F7D0DA18A8F2F791DE002856D1002766
S3150100D9988422394623A82297F3F7C4DA01232022E1
S3150100D9A8394668468DF88830F3F7BCDA20224FF0FD
S3150100D9B88808013C3946013505940DEB0200E4005F
S3150100D9C804956408F3F7AEDA22AD2022394610A889
S3150100D9D80C95CDF83480F3F7A5DAB4F5C07FCDE917
S3150100D9E8145834608ED024D8E02C03D0B4F5807F47
S3150100D9F87FF479AF154B0734009308934FF400531E
S3150100DA0802934FF48043E4080A93640010AB08A913
S3150100DA186A4618A81194FFF711F9336804460733C3
S3150100DA28DB08590013B1284608F042FD002C95D0B1
S3150100DA3859E7B4F5047F3FF465AF54E76FF09200F8
S3150100DA488DE76FF096008AE7B3AA010120000080EE
S3150100DA58F8B5134642880D460732072A4FEAD2011E
S3150100DA6804D0A94202D06FF08600F8BDD0E901675B
S3150100DA780488202218460021F3F754DA360A012EC3
S3150100DA88034617D0454A964211D0002E40F08280AF
S3150100DA98002DE8D041F20102944205D0B4F5885F21
S3150100DAA802D0B4F5905F33D15D600020DDE7042232
S3150100DAB8C260EDE7C660002DD5D041F2010294425D
S3150100DAC802D0B4F5885F0DD1B8075D6007F0010291
S3150100DAD812D4002A59D06204E7D49A6842F48072B3
S3150100DAE89A60E2E7B4F5905F12D14560B90707F08D
S3150100DAF8010246D5012E21D104F480441AB99A6847
S3150100DB0842F080729A60002CCFD1002FCDDAE4E77B
S3150100DB18B4F5105F0DD1182D03D0202D01D0102D8D
S3150100DB28A1D1C3E90055002EBFD01C4A9642DDD1CA
S3150100DB38BBE704F44F42B2F5824F02D06FF085007D
S3150100DB4893E7E2B2122AF9D1202DF7D1144A1A60C5
S3150100DB5824F0FF02B2F5E24F0CD0B2F5824F82D122
S3150100DB684FF4005217F4705F09D017F4864F04D0AA
S3150100DB789A60E3E74FF48042F4E742F480629A60E0
S3150100DB88D1E712B1012E90D1A5E79A6842F08072C9
S3150100DB989A60F7E76FF08B0067E700BF0100800026
S3150100DBA8200000802DE9F041174600221C464368F3
S3150100DBB88CB01B0A012B80460D46009238D0874A45
S3150100DBC8934200F0BC80002B40F0FF80008820F0D3
S3150100DBD8FF03B3F5824F18D1B8F802200732D208ED
S3150100DBE8009208F057FC20B96FF085000CB0BDE82B
S3150100DBF8F0810B78042B05D1013FB7EB420F05F1F4
S3150100DC08010503D06FF08600F0E70097009E2246D3
S3150100DC1831464046FFF71CFF0028E7D10337C4E920
S3150100DC28030527F003076761002E40F0AA8068E024
S3150100DC38032FE7D90B78012B40F0CA80497891B3B5
S3150100DC48F739052900F2C180DFE801F02303BF1E79
S3150100DC58BF284FF41056F825614F1C22002102A84F
S3150100DC68F3F760D903230197CDE90435039601AA91
S3150100DC7809AD134603CBAB42206061601A4604F135
S3150100DC880804F6D10020B1E710274FF08076FA256F
S3150100DC98E3E720274FF00076F725DEE74FF4105625
S3150100DCA8FC254F4FD9E72B2FACD920222046F3F775
S3150100DCB839D905F1100315F0030623610DD001AB1F
S3150100DCC805F1280C1A4628686968083503C26545AE
S3150100DCD81346F7D1286801AD10606B68103F2360C1
S3150100DCE8AB686360EB686761A3600123E3601EB1FB
S3150100DCF82C2101A808F0DCFB6946204607F00CFF39
S3150100DD0820B12021204608F0D3FB7BE7B8F8003084
S3150100DD18009E03F44F42B2F5824F0ED1DAB2122AAF
S3150100DD280BD123F0FF03B3F5824F06D17300626965
S3150100DD381C339A42BFF478AFE3E73346F7E7002F7F
S3150100DD4849D0468822460736F60831460096FFF737
S3150100DD587FFE00287FF44AAFB8F800306074B3F547
S3150100DD68885F05D0B3F5105F7FF44CAFA0745BE70D
S3150100DD78B6F5007F03D0B6F5806F7FF435AF012382
S3150100DD88A3742022002101A8F3F7CCD831464046D6
S3150100DD9801AAFFF75DFE0028B3D12168019D039B07
S3150100DDA88D42A268ADD16168029D8D42A9D15340C9
S3150100DDB833F48073A5D1A369079A9A42A1D1E3697D
S3150100DDC8089A9A423FF412AF9BE76FF08B000DE772
S3150100DDD86FF091000AE76FF08C0007E701008000F9
S3150100DDE82000008070B54568049C2D0A012D1ED0BF
S3150100DDF8194EB54206D01DBB9A422AD3C4E904126C
S3150100DE08002070BD2AB3002201886274B1F5885FCB
S3150100DE1804D0B1F5105F16D1A274F1E7B3F5007F0E
S3150100DE2802D0B3F5806F11D10123A374E8E703F19A
S3150100DE382C0090420DD810311C3321616361DFE754
S3150100DE486FF08B00DDE76FF08600DAE76FF085008B
S3150100DE58D7E76FF08C00D4E7010080002DE9F04781
S3150100DE6888B01546DDE910291F4688460646129BE5
S3150100DE7828B96FF08604204608B0BDE8F087002966
S3150100DE88F7D0002DF5D0002FF3D0002AF1D0B9F143
S3150100DE98000FEED0002BECD00022C9F80020EA00D2
S3150100DEA81A6043682B4AB2EB132FE2D1DBB2002B7F
S3150100DEB8DFD1B0F800A0BAF5105F0AD1A5F11002BA
S3150100DEC8102A03D8244BD340DB0709D46FF0850405
S3150100DED8D1E7BAF5885FF9D1402D01D0802DF5D16A
S3150100DEE8B368002BC5DB202200216846F3F71AD850
S3150100DEF86A4629463046FFF7ABFD04460028BAD1E3
S3150100DF080423BAF5105F03938DF8110011D18DF82A
S3150100DF1812002A4641466846736900F02DFA78B11F
S3150100DF281C2814D02E2814BF6FF092046FF08A04AF
S3150100DF38A1E7BAF5885F04BF01238DF81230E8E737
S3150100DF489DF810303B700123C9F8003093E76FF054
S3150100DF588D0490E701008000010101002DE9F041DF
S3150100DF680F461E46054688B028B96FF08604204636
S3150100DF7808B0BDE8F0810029F7D0002AF5D0002BBA
S3150100DF88F3D000232D4A33604368B2EB132FECD14B
S3150100DF98DBB2002BE9D14488B0F800800734B8F524
S3150100DFA8105F4FEAD4040AD1A4F11002102A03D84B
S3150100DFB8234BD340DB0709D46FF08504D7E7B8F5BF
S3150100DFC8885FF9D1402C01D0802CF5D1AB68002BA4
S3150100DFD8CBDB202200216846F2F7A4DF21466A46F8
S3150100DFE82846FFF735FD04460028C0D10423B8F5B5
S3150100DFF8105F03938DF811000FD18DF81200684652
S3150100E008696900F01DFA78B11C2813D02E2814BFAF
S3150100E0186FF092046FF08A04A9E7B8F5885F04BF28
S3150100E02801238DF81230EAE79DF810303B70012381
S3150100E03833609CE76FF08D0499E700BF010080000B
S3150100E048010101002DE9F0478946924698460546A1
S3150100E05894B078B171B16AB14288D31D072B4FEAE2
S3150100E068D30760D0038803F4E043B3F5805F04D196
S3150100E078530708D06FF0860427E0B3F5005FF7D0A1
S3150100E088B3F5804F4FD002AE202200213046F2F779
S3150100E09849DF324639462846FFF7DAFC0446A0B975
S3150100E0A83B465246494628460096FFF79BFE0446DC
S3150100E0B858B9282201460DEB0200F2F733DF0AA808
S3150100E0C8F2F7F4DA28B16FF09204204614B0BDE8ED
S3150100E0D8F08731460AA807F041FF58B1482814BF0E
S3150100E0E86FF092046FF085040AA807F092FC0028E5
S3150100E0F8EBD0E8E76B681B0A06D142463946284643
S3150100E108FFF7CEFB0446EFE7084A934208D1524689
S3150100E1184946304608F0D4F904460028EDD0E3E72D
S3150100E128012BEAD1F3E76FF08504CEE70100800001
S3150100E13830B44568044CB4EB152F02D130BCFFF757
S3150100E1480DBF30BCFFF77EBF01008000184A20F4DE
S3150100E158FF7323F0010393420ED0164B20F0FF0202
S3150100E1689A4209D0144920F47F7323F003038B42A2
S3150100E17802D0124B9A4217D110F0FF0017D040F087
S3150100E188007000F17E40053806280DD8DFE800F05A
S3150100E198040C0C0E06080A0001207047032070477C
S3150100E1A804207047052070470020704702207047F9
S3150100E1B80002000600130006000400060009000616
S3150100E1C8038830B503F44F44B4F5824F21F0FF04B8
S3150100E1D821F4FF71154D21F0010109D0A9421ED084
S3150100E1E8134B9C4214BF6FF085006FF0860030BD5B
S3150100E1F8A942DBB213D00E4DAC4210D0122B11D16D
S3150100E20852B1B4F1062F0DD14388B3F5807F0CBF07
S3150100E21800206FF08500EAE7B1F1062FF3E76FF00A
S3150100E2288600E4E76FF08500E1E700BF000200061B
S3150100E238001300064FF0FF310148F2F77A9B00BF41
S3150100E248B45200200148F2F7929B00BFB452002055
S3150100E25838B5FEF7D1F80446B0B950230C4DE81885
S3150100E268AD65EB65F2F771DF286678B10222094BD5
S3150100E27821469A8001221C600132202A996019736D
S3150100E288597303F10803F7D1204638BD0124FBE78A
S3150100E298B4520020185300202DE9F041067C0546AA
S3150100E2A81F2E8AB02AD8DFF8608008EBC6073B79AB
S3150100E2B833B3022B26D0FFF7BDFF044670B90146DA
S3150100E2C848F836002822B8806846F2F72BDE6846F9
S3150100E2D8F2F7ECD9044628B1FFF7B4FF20460AB095
S3150100E2E8BDE8F08129466846FEF7D6FD04460028B2
S3150100E2F8F2D1684607F08DFB0446EDE72124EDE7E8
S3150100E3081324EBE70824E9E71853002010B570B188
S3150100E31869B10123074A52F83340A04202D10020CD
S3150100E3280B7010BD0133202BF5D12D20F9E72120E3
S3150100E338F7E700BF1853002013B504460846ACB1E9
S3150100E348A1B10DF10701FFF7E1FF88B10123094AE0
S3150100E358916821B9107B10B9237402B010BD01333D
S3150100E368202B02F10802F3D11C20F6E72120F4E75D
S3150100E3782E20F2E7185300202DE9F0478A469046E9
S3150100E3889946054692B0002855D0002953D0002A4F
S3150100E39851D0002B4FD0FFF74DFF0446002846D138
S3150100E3A86E462F460FCF0FC697E80F0008F10308F0
S3150100E3B886E80F0028F003022146059208A82822BC
S3150100E3C8CDE9034AF2F7AEDD49462846FFF7B4FF21
S3150100E3D80446D0B908A8F2F769D90446A8B92A4665
S3150100E3E8694608A807F02FFE044670B92A7C134B24
S3150100E3F808A843F8329003EBC20301221A71AA7CDA
S3150100E4085A7107F006FB044678B12B7C6BB11F2BBA
S3150100E41809D80A4800EBC3021179012902BF002174
S3150100E42840F83310918000232B74FFF70BFF204629
S3150100E43812B0BDE8F0872124F9E700BF1853002080
S3150100E44870B50E4605468AB0002840D000293ED050
S3150100E458FFF7F0FE0446002836D101462822684611
S3150100E468F2F760DD31462846FFF766FF0446C8B96C
S3150100E4786846F2F71BD90446A0B92946684607F04B
S3150100E4886DFD044670B92A7C124B684643F8326022
S3150100E49803EBC20301221A71AA7C5A7107F0B9FA71
S3150100E4A8044678B12B7C6BB11F2B09D8094800EBC0
S3150100E4B8C3021179012902BF002140F83310918066
S3150100E4C800232B74FFF7BEFE20460AB070BD212437
S3150100E4D8FAE700BF1853002030B588B181B101238E
S3150100E4E8084A52F8335002EBC304854203D100208F
S3150100E4F863790B7030BD0133202BF2D12D20F9E75A
S3150100E5082120F7E71853002038B501250A4C0B4896
S3150100E518F1F7E1DD0B20F1F79BDF04F500535D67A9
S3150100E52842201D6700F0A0F804F58054422008F047
S3150100E5384DFD0020656738BD00401040E0AA010185
S3150100E54808B5054B1B6FDB0704D50122034B1A6778
S3150100E558AFF3008008BD00BF0040104000601040C6
S3150100E5680028ACBF00F16040064B4FEA0111C9B261
S3150100E578ABBF00F5614000F00F0080F80013195495
S3150100E588704700BF14ED00E0002807DB01234109AD
S3150100E598034A00F01F00834042F82130704700BF4C
S3150100E5A800E100E000280CDB01220649430900F0DE
S3150100E5B81F008240203341F82320BFF34F8FBFF35A
S3150100E5C86F8F704700E100E0034672B6044A90680F
S3150100E5D89360BFF34F8FBFF36F8F62B6704700BF6B
S3150100E5E800ED00E038B5F2F775D9154B1C781CBB60
S3150100E5F801221A70F2F769D9F2F763D9114B054668
S3150100E60898682346104AC1580433B3F5D47F42F8B3
S3150100E618041BF8D16A210C48FFF7D6FF2846F2F702
S3150100E6284BD96FF0040210460132052152B2FFF7A9
S3150100E63897FF5A2AF7D138BDBDE83840F2F7459910
S3150100E648037A002000ED00E000340020054B42115A
S3150100E65853F8223000F01F0023FA00F0C04300F0FF
S3150100E6680100704700E100E0002808DB01224309A8
S3150100E678034900F01F008240603341F823207047A8
S3150100E68800E100E010B50446F2F724D9024B1C60FC
S3150100E698F2F71BD9002010BD4454002013B50023FE
S3150100E6A801241A4619461846009400F0C7FA0023B1
S3150100E6B800941A461946184600F0F2FA0248FFF77E
S3150100E6C8E1FF002002B010BD9C7B002013B50A4C67
S3150100E6D823787BB900F048F8684600F03DF8DDE993
S3150100E6E800010222054B09F008F808B90123237035
S3150100E6F802B010BD1220FBE7047A0020485400201E
S3150100E70807B5009313460A460146034808F0BBFCC1
S3150100E71803B05DF804FB00BF4854002013460A46BF
S3150100E7280146014808F09FBD4854002007B50093EB
S3150100E73813460A460146034808F09FFD03B05DF8F3
S3150100E74804FB00BF4854002013460A460146014807
S3150100E75808F0B9BD48540020024AD2E90021C0E9AF
S3150100E76800217047705400200349044B044A5B1A80
S3150100E77811605360704700BFC8860020000008205A
S3150100E7887054002008B50AF019F9034B1868BDE85A
S3150100E7980840F2F7C09C00BF7854002000B58BB042
S3150100E7A82022002102A8F2F7BDDB084B4FF4805264
S3150100E7B8019337230021CDE90623054801AAF2F77B
S3150100E7C855DC044B18600BB05DF804FBBE9E0101D5
S3150100E7D88DE7000178540020036810B4596A846EE5
S3150100E7E89A68C1F5977193682144034A5DF8044B09
S3150100E7F85C300BF004B900BF0C000020B1F5067FB0
S3150100E80813B504462AD310200BF063F918B96FF033
S3150100E818020002B010BD236840F20C411A6802F0EA
S3150100E8287F020BF06FF90028F1D0F2F75FD9A061EA
S3150100E838B8B1214613220C4B04F11800636051F854
S3150100E848303B00921B6890220AF022FE074B0020FB
S3150100E85863610123C4E90300A360DAE76FF02200CC
S3150100E868D7E76FF00100D4E780AC010179E8000130
S3150100E878F8B5C36804460F4600F1180643B943685C
S3150100E888416ADB6830463A4A43F480630BF0B7F8CD
S3150100E898A36A9B052AD4224652F8C01BE368C868B6
S3150100E8A80969302834BF082010204D1E1D404D1B14
S3150100E8B80130854238BF6D182A44D90002F8011C77
S3150100E8C805F1BF025B09224404F1C10191424AD113
S3150100E8D88023616A84F8C03063682A46DB6830465B
S3150100E8E898310BF08CF823692B4423612269384649
S3150100E8F8D31C23F003039B1A226A52F8041C41EA2B
S3150100E908032142F8041C52F8081C0B4443F0005337
S3150100E91842F8083C2368D968CD1CF2F769D92368FF
S3150100E9280146DA6830460BF074F8236825F00305CA
S3150100E938DA68AA4206D0AA1A0021304642F0804275
S3150100E9480BF067F8A16A11F4806110D123685A693E
S3150100E958DB689A420BD0D21A3046BDE8F84042F03D
S3150100E96880420BF056B802F8013D1B0AAEE7F8BD26
S3150100E97804000020014B0360FFF740BF20AC0101F2
S3150100E988014B0360FFF73ABF00AC0101014B03607D
S3150100E998FFF734BFE0AB0101014B0360FFF72EBF60
S3150100E9A860AC0101014B0360FFF728BF40AC0101D0
S3150100E9B82DE9F041324F3B7883B13248F1F78BDBD1
S3150100E9C83148F1F788DB08F0F8FF2E48F1F786DBC6
S3150100E9D82D48F1F783DB0020BDE8F081F2F7E2DA92
S3150100E9E80128064614D9F2F709DB051E46DB3B78F2
S3150100E9F8002B3CD14FF05008244C04EB0800A465C9
S3150100EA08C4F85C80F2F7A1DB206638B90120E3E798
S3150100EA183B7803F0FF05002BCFD1EBE71C4C04F143
S3150100EA285000C4E91648F2F790DB20660028EDD0BD
S3150100EA3804F1640304F1B400C4E92F38F2F785DB65
S3150100EA48C4F8C4000028E1D00021124C012004F1C9
S3150100EA5810032246C4E90011C4E90238F2F725DC9D
S3150100EA6820660028D2D001239E423B70A5D92846AC
S3150100EA78F2F7DADA0028A0DA0220ADE70D20ABE7D3
S3150100EA88057A0020D8AA0101DCAA0101E454002074
S3150100EA98485500208054002008B5154B4FF4FC72E8
S3150100EAA800211846F2F73EDA0A220346026142615C
S3150100EAB81048114A98614FF48061DA61002219629F
S3150100EAC89A625A62DA62C3F808010C48C3F80C0163
S3150100EAD8C3F810110A49C3F81821C3F81421C3F859
S3150100EAE81C2111F8010D98540132102AF9D108BDDB
S3150100EAF8CC84002090AC0101CC800020CC7C002085
S3150100EB08A9AC01012DE9F84FDFF88880824698F80B
S3150100EB1800308946532B164601D0FFF7BDFF18274B
S3150100EB2807FB0A87D7F81851D7F814B15D452FD9CD
S3150100EB38D7F81041D7F80C11641BB44228BF3446E4
S3150100EB484846294422460AF0EBF8D7F810312544FD
S3150100EB58AB4208BF0025A144361BABEB050B5E454E
S3150100EB6828BF5E465EB1182303FB0A83D3F80C114E
S3150100EB783246294448460AF0D3F83444354424B188
S3150100EB88182303FB0A88C8F818512046BDE8F88FF0
S3150100EB980024E2E7CC840020F8B5182700FB0775A6
S3150100EBA8124B0E461D4407FB0033DB6A1446012B44
S3150100EBB80AD0022B14D023B9284608F01FFF844235
S3150100EBC808D900242046F8BD284608F017FF8442D4
S3150100EBD828BF044622463146284608F018FFF1E7C1
S3150100EBE82846BDE8F84008F02DBF00BFCC840020B8
S3150100EBF8F8B50B4B04461B780D46532B164601D028
S3150100EC08FFF74AFFEFF311874FF0200181F31188CF
S3150100EC18324629462046FFF7BFFF87F31188F8BD1C
S3150100EC28CC8400201822044B02FB0033D3F81401CC
S3150100EC38D3F81831C01A7047CC8400202DE9F04169
S3150100EC48164C1E4623780546532B8846174601D08F
S3150100EC58FFF722FF092D1DD8EFF3118C4FF0200184
S3150100EC6881F3118865B1182005FB000344F8038078
S3150100EC78E2180023576000FB05421662936253624D
S3150100EC88182303FB0544069BE3628CF311880020D5
S3150100EC98BDE8F0814FF0FF30FAE700BFCC840020D1
S3150100ECA82DE9F843174E1F4633780546532B8946F7
S3150100ECB8904601D0FFF7F0FE092D1FD8EFF3118218
S3150100ECC84FF0200181F311886DB11824002304FB4C
S3150100ECD80564C4F80891C4F80C81C4F81071C4F825
S3150100ECE81831C4F81431182303FB0566089BC6F8C6
S3150100ECF81C3182F311880020BDE8F8834FF0FF30FC
S3150100ED08FAE700BFCC84002010B5044686B00B464E
S3150100ED180B4A052104A802F0DBFB9DF813301021EC
S3150100ED2802939DF81230204601939DF81130054A49
S3150100ED3800939DF8103002F0CBFB002006B010BD01
S3150100ED48AAAC0101AFAC010130B589B0044608F09F
S3150100ED58BDFE01230E4A0025CDE902230D4B01A86C
S3150100ED6805934FF47053CDE90654019308F0A1FEBB
S3150100ED78019B049307F09CFA000240F001000390FE
S3150100ED88694602A80095FAF7E9F909B030BD00BF4E
S3150100ED981271000109060006F0B589B00C46154640
S3150100EDA8064608F093FE0123114A0027CDE90223FE
S3150100EDB8104B01A805934FF47053CDE906760193DC
S3150100EDC808F077FE019B049307F072FA000240F0FF
S3150100EDD8010021466B462A46039002A80097FAF7D6
S3150100EDE897F8044602A805F05CF9204609B0F0BD7B
S3150100EDF8127100010906000610B50A4B86B01446C1
S3150100EE0802930023059103901A46CDE90033214464
S3150100EE1805A802F057FD002814BFAC20002006B053
S3150100EE2810BD00BFD97A01012DE9F047DEB0669D14
S3150100EE381C462B68074689469046002B65D06B68A9
S3150100EE48B3F5007F61D302A805F0A1FE6368BBB1E3
S3150100EE5826682F4B3278002A08BF1E4600219C22BD
S3150100EE6837A80DF1180A3691F2F75CD8494650468B
S3150100EE78FFF74AFF30B1AC2420465EB0BDE8F08703
S3150100EE88234EEBE70DF1280941464846FFF73CFFBB
S3150100EE9804460028EFD1A0213346CDE900A91D4A31
S3150100EEA836A802F015FB36A902A805F089FE002846
S3150100EEB8E1D1092102A805F07FFE3868FFF744FF72
S3150100EEC80EA804F0B7FA39680EA8F9F7FFF906464D
S3150100EED80028D0D10EA902A805F070FE0096334687
S3150100EEE8D5E9001202A8FBF7C3F80028C3D12868A0
S3150100EEF809F09FFF6B680130984201D909F01DFF9F
S3150100EF08686002A805F047FEB6E72F24B4E700BFFC
S3150100EF18C5AC0101D3AC0101F0B50C46002197B08F
S3150100EF280646154607A83C220691F1F7FBDF402362
S3150100EF3805AACDE9013206AF009705930E49D4E932
S3150100EF480023306804F025FF044698B9059E6B68CE
S3150100EF589E420DD832463946286809F0E3FF6B68A8
S3150100EF689E4201D909F0E9FE20466E6017B0F0BD50
S3150100EF781920FBE7AC20F9E70906000638B504466F
S3150100EF880D46204608F0E0FD6B7C002857D0052B7E
S3150100EF9859D0032B17D0042B38D0012B4DD102227F
S3150100EFA82146284608F08EFE002833D129462846F0
S3150100EFB808F0CCFE70BB95F82430002B0CBF032358
S3150100EFC805236B74DDE795F825209AB12146284675
S3150100EFD82A7F08F077FEE8B92946284608F0F7FEA1
S3150100EFE8C0B995F8253073B90223AA691A442A6269
S3150100EFF80423E6E72B7D013BDBB2022B9CBF134AB8
S3150100F008D25CAA61F0E72B7F0233EEE795F824304C
S3150100F0180BB1232038BDAA690AB91820FAE7214697
S3150100F028284608F04FFE0028F4D12946284608F05C
S3150100F038F6FE0028EED10523C3E70320EAE7052BF0
S3150100F04801D00D20E6E70020E4E700BF0DAD010180
S3150100F05800487047C87B0020024A0349034809F063
S3150100F068B9BC00BF287B0020017F0101C87B0020B5
S3150100F0780023F0B590F8812087B00446019322B1A8
S3150100F088A0F88030174809F034FC0025164F04F122
S3150100F0987806304601ABC5F18002791908F027FDDB
S3150100F0A8C0B1DDB1114B04AA0493802302A92046FD
S3150100F0B8CDE90275059308F036FFDDE9041280F003
S3150100F0C8010084F88100304608F02BFD30B100209C
S3150100F0D807B0F0BD019B01901D44DAE794F8800062
S3150100F0E8F6E700BF88570020867A0020067A0020B6
S3150100F0F8836810B504460BB92F2010BD1A491A6B3F
S3150100F108D1E900138B4298BF002302F1040288BF9C
S3150100F1185B1A9A4204D000231348194608F0FDFFEA
S3150100F128A36812491A6BD1E900138B4298BF0023D1
S3150100F13802F1080288BF5B1A9A4204D000230B48E1
S3150100F148194608F0EAFFD4E90312A06801F082F92A
S3150100F1580028D2D1237E2BB16169A06801F002F99A
S3150100F1680028CAD10020C8E74857002018570020B0
S3150100F1782DE9F341054608460C4608F0F2FC064619
S3150100F18878B1254808F0E0FC58B186423246224952
S3150100F19828BF0246204608F079FD10B102B0BDE845
S3150100F1A8F0811E4F1C4E27E03368013AC6E9023347
S3150100F1B8D7F80031C7F8042157F82300013303F0C3
S3150100F1C83F030190C7F800312846CB69124A01A9C5
S3150100F1D898470028E2D1204608F0C3FC804630460D
S3150100F1E808F0B2FC80454246314628BF0246204611
S3150100F1F808F04CFD0028D1D1204608F0B2FC296858
S3150100F20818B1D7F80421002ACED12846CB6802B016
S3150100F218BDE8F041184700BF1857002010560020D6
S3150100F22870B504460D460E4E284608F08DFC28B9E1
S3150100F23823682046BDE870409B6818473146284632
S3150100F248FFF79CFE0D28EFD048B9236820469B6935
S3150100F2580349984718B9024808F082FFE4E770BDE8
S3150100F2684857002091F8273070B506460C464D8A56
S3150100F2782BB10A7D1948294608F095FF30BBB5F52B
S3150100F288827F0AD8B5F5807F0BD9A5F58175022D40
S3150100F29809D8DFE805F00C0A0F0040F23B139D423E
S3150100F2A811D0A62012E0E36AF36000200EE0E36ABB
S3150100F2B83361FAE794F8243083F00103337603B116
S3150100F2C8E36A7361F1E7B2680AB92F2070BDA38DAD
S3150100F2D8002B08BF4FF400731363E6E710560020AE
S3150100F2E808B503480A7D498A08F05DFF08BD00BFD5
S3150100F2F81056002070B586680C460EB92F2070BDD1
S3150100F30891F8263003B9743694F82730257D33B140
S3150100F3182A46618A174808F046FF0028EFD1032DCF
S3150100F32826D8DFE805F016020E1133689B6894F8B3
S3150100F3382420618A5AB904F12C023046BDE870408E
S3150100F348184733681B69F2E733689B69EFE70022C0
S3150100F358F3E73368618ADD6A94F8243033B9E26ADF
S3150100F3683046AC46A369BDE8704060470022F7E71E
S3150100F3782620C4E7105600200A46498A10B5B1F579
S3150100F388A27F15D008D840F2051399421AD0B1F5D3
S3150100F398A17F0DD0A6200AE040F2A1139942F9D126
S3150100F3A8806838B10368DC6A9369D26AA04710BDE0
S3150100F3B8806808B92F20FAE703682C321B69BDE873
S3150100F3C810401847127D024808F0EDFEEFE700BF2E
S3150100F3D8105600202DE9F04100251746526894B0D1
S3150100F3E8052A88461E468DF805508DF806508DF873
S3150100F3F8075040F2A78001233968023A02A808F0AB
S3150100F408A3FE0DF1050102A808F07AFC04460028BE
S3150100F41840F094800DF1060102A808F071FC04463B
S3150100F428002840F08B800DF1070102A808F068FC5E
S3150100F4380446002840F082807B683168802B7CD89E
S3150100F44873687F2B7CD903467622083107A808F012
S3150100F4587BFE9DF80630013B042B6CD8DFE803F0F0
S3150100F46803325D64550001238DF83430514BCDF8D4
S3150100F47838800C930023CDE90F3311938DF848306A
S3150100F488B8F1000F1BD0D8F8305000232A1D1946B1
S3150100F498494808F042FE484808F062FE002305F193
S3150100F4A808021946454808F038FE0022444BC3F8BD
S3150100F4B8042107AA02A90CA808F09AFE09E04FF44C
S3150100F4C80075E2E73C4808F01AFE3C4808F017FECA
S3150100F4D80020099A079B9A4288BFD41AE5B20446C6
S3150100F4E800230822316807A808F02EFE00211C22F5
S3150100F4F80DA80C91F1F716DD022107A808F03EFBCD
S3150100F50810B3002014B0BDE8F08101238DF8343022
S3150100F5182C4BCDF838800C93CBE70323CDF83880F4
S3150100F5288DF83430284BF6E70423CDF838808DF86A
S3150100F5383430264BEFE72A20CBE7C2240025CFE754
S3150100F5481924FBE71924CBE79DF8061007A841F013
S3150100F558800108F013FB0028D3D19DF8071007A8EE
S3150100F56808F00CFB0028CCD1214607A808F02BFB94
S3150100F5780028C6D1294607A808F000FB0028C0D1F3
S3150100F588726805F10A03934201D909F0D6FB0835D9
S3150100F5982946306873600CAA01F004F80028B0D136
S3150100F5A89DF80600BDF830203368023818BF0120DF
S3150100F5B85A53A7E72CAD01014857002018570020D8
S3150100F5C81056002054AD01017CAD0101A4AD010125
S3150100F5D8002208B51146064808F0D1FD0022054863
S3150100F5E8114608F0CCFD0022034BC3E9402208BDB1
S3150100F5F848570020185700201056002002490A686B
S3150100F60802604A684260704740AF010110B440F297
S3150100F6186314A142034612D0B1F5B27F07D2B1F500
S3150100F628827F20D0B1F5B17F18D0A62009E040F23B
S3150100F63897108142F9D102B11268DA6211E01AB95A
S3150100F6482F205DF8044B704711680A4BA1F57A72B1
S3150100F6589A42F5D85DF8044B00F0DCBD02B1126898
S3150100F6689A620020EDE7002AEAD011685DF8044B9A
S3150100F67800F078BEB8820100F0B5B1F5AA7F99B05D
S3150100F688154606461A461E9C3CD8B1F5A07F09D8F0
S3150100F69840F2051399426DD040F21113994262D096
S3150100F6A8A62065E06FF4A07319441329F8D801A3BD
S3150100F6B853F821F0B7F70001A9F60001D1F70001C7
S3150100F6C8A9F60001D7F70001DDF70001E3F700010C
S3150100F6D8E9F70001A9F60001A9F60001A9F600015A
S3150100F6E8A9F60001A9F60001A9F60001A9F600018B
S3150100F6F8A9F60001A9F60001EFF70001F5F70001E7
S3150100F708FFF70001B1F5C17F00F0928010D840F2F1
S3150100F7186513994200F08280B1F5B37F00F08380CA
S3150100F728B1F5B27FBCD12346294600F08FFD1EE014
S3150100F73840F29513994200F0898040F2B11399423B
S3150100F74800F0938040F293139942A9D1CDE90B5267
S3150100F75805B9EAB933683046D3F880300BA998471A
S3150100F76830B90C9B21E02346294600F00DFE48B32B
S3150100F77819B0F0BD00F134073846039209F059FB78
S3150100F788039A0130CDE906050597089215B90AB11C
S3150100F79809F0D3FA07AB00933046728B318B05AB70
S3150100F7A800F09CFD0028E3D1089B23600AE003686A
S3150100F7B81B6B2946304698470028D9D1284609F0B7
S3150100F7C838FB20600020D3E703689B6BF1E70368E9
S3150100F7D81B6CEEE703685B6CEBE703689B6CE8E779
S3150100F7E80368DB6CE5E703685B6DE2E723462946B8
S3150100F7F800F0C6FCBBE721230E9303680FAF039203
S3150100F8081B6E0D970DA99847039A0028B0D1134688
S3150100F81820212A46384609F021F8D2E72346294607
S3150100F82800F020FDA3E72346294600F0B9FD9EE72F
S3150100F838CDE909530DB9002BAAD133683046DB6FE0
S3150100F84809A99847002893D10A9BAEE7CDE90D523D
S3150100F8580DB9002A9CD133683046D3F884300DA9F6
S3150100F8689847002884D10E9B9FE7CDE90F520DB921
S3150100F878002A8DD133683046D3F88C300FA99847C2
S3150100F88800287FF475AF109B8FE700BF70B5B1F5FF
S3150100F898B27F054616461C4692B000F01D8121D856
S3150100F8A840F21113994271D06FF4A07319448BB2C7
S3150100F8B8132B30D813292ED8DFE811F06F002D004D
S3150100F8C87C002D0089009600A300B0002D002D00B4
S3150100F8D82D002D002D002D002D002D002D00BD0021
S3150100F8E8D900EA0040F29513994200F04481B1F536
S3150100F8F8CB7F22D240F28113994200F01F81B1F5E4
S3150100F908C17F0AD240F26513994200F0F080B1F541
S3150100F918B37F00F0F380A620A0E000F0228140F238
S3150100F92893139942F7D13146224609A808F0BCFD3E
S3150100F938284609A900F01EFE90E0B1F5D17F00F036
S3150100F9483B8111D8B1F5CB7F00F01F8140F2A1139D
S3150100F9589942E0D1002A40F02281402231463430D2
S3150100F968F1F7E0DA002079E040F2B1139942D2D1F9
S3150100F978002AF7D0002CF5D03146224609A808F00E
S3150100F98893FD284609A900F03BFD67E0224631466A
S3150100F99812B0BDE8704000F0F1BC02B13CB90022DA
S3150100F9A88D49284612B0BDE8704000F00DBB2246CD
S3150100F9B83146F6E702B13CB900228749284612B01A
S3150100F9C8BDE8704000F028BB22463146F6E702B191
S3150100F9D83CB900228049284612B0BDE8704000F0C3
S3150100F9E843BB22463146F6E702B13CB900227A49C1
S3150100F9F8284612B0BDE8704000F048BB22463146A1
S3150100FA08F6E702B13CB900227349284612B0BDE8AF
S3150100FA18704000F04DBB22463146F6E702B13CB9CB
S3150100FA2800226D49284612B0BDE8704000F052BB6D
S3150100FA3822463146F6E702B194B900211C220AA8EA
S3150100FA480991F1F76FDA2021644AAB8B09A801F015
S3150100FA583FFD09A90246284600F062FB12B070BDB7
S3150100FA682246314612B0BDE8704000F059BB02B1DA
S3150100FA783CB908225A49284612B0BDE8704000F040
S3150100FA8879BB102C01D92F20E8E722463146F2E747
S3150100FA9802B1C4B9102105A808F0BEFD0028DDD1C0
S3150100FAA8022310210093212309AA05A808F096FE2E
S3150100FAB80028D3D109A809F0BCF909A902462846A4
S3150100FAC800F064FBCAE7102CDDD802232146009317
S3150100FAD83046212309AAE9E7002AD4D0002BD2D03F
S3150100FAE81A46314612B0BDE8704000F0A9BB22465D
S3150100FAF8314612B0BDE8704000F0AEBB02B1B4B9F0
S3150100FB080023CDE90933CDF82B30AB6A09A8029356
S3150100FB18EB8B01936B6A00936A8B298B2B6A08F02E
S3150100FB287EFC0B22284609A900F034FC96E72246FA
S3150100FB38314612B0BDE8704000F02CBC02B154B990
S3150100FB48002305AACDE909238DF81430284609A909
S3150100FB5808F03DFD82E72246314609A808F0A4FCD3
S3150100FB68F4E73146224609A808F09EFC284609A969
S3150100FB7800F00CFD72E73146224609A808F094FC0C
S3150100FB88284609A900F0EAFC68E73146224609A891
S3150100FB9808F08AFC284609A900F08EFB5EE73F2C8F
S3150100FBA83FF671AF22463146343009F0B9F80023E1
S3150100FBB82C4484F83430D5E6002A3FF464AF002C8F
S3150100FBC83FF461AF3146224609A808F06DFC284684
S3150100FBD809A900F0FDFB41E7BE9E0101C4AD010183
S3150100FBE8C7AD01012DE9F047002405468EB08846C8
S3150100FBF8174621460D2205A80DF128091E4604942B
S3150100FC08F1F790D921460D2248460994F1F78AD988
S3150100FC181122284602AB04A9CDE9024400F0B0FA44
S3150100FC28044600285DD1029B0A2B51D19DF8143058
S3150100FC382D2B2FD00025049B0A2203A909A8099375
S3150100FC488DF8285001F086F8039BA8F800004B456B
S3150100FC5841D1BDF814300A2203A909A8ADF8243008
S3150100FC688DF8265001F076F83870039F0DF12603BA
S3150100FC789F4230D1BDF816300A2203A909A8ADF86A
S3150100FC8824308DF8265001F065F8039B3070BB428D
S3150100FC9821D125E09DF817302D2BCBD108230293CE
S3150100FCA806AB01930DF1150311210F4A009309A81B
S3150100FCB804AB01F00DFCDDF808A009A9524604A819
S3150100FCC809F02EF85246284604A900F053FA40B91D
S3150100FCD8029B072BAED8054804A901F071F82F2419
S3150100FCE820460EB0BDE8F08748AF010155AF0101C6
S3150100FCF80023F0B587B001930C46D1E9001201AB98
S3150100FD0800F04AFA40F20123984225D102AD2A466B
S3150100FD18144B03F110072E4618685968083303C6B1
S3150100FD28BB423546F7D163680F2B02D8192007B0B5
S3150100FD38F0BD256806AE134603CBB3422860696059
S3150100FD481A4605F10805F6D110230193019B62684D
S3150100FD58934204D908F0F1FF0028E8D1F6E700201C
S3150100FD686360E4E712B0010170B50025044696B058
S3150100FD782A220E460BA829460A95F1F7D3D801ABD4
S3150100FD882E2220460AA9019500F060FA40F20123C5
S3150100FD9898422BD1182301931A4B0AAC03F1180583
S3150100FDA8224618685968083303C2AB421446F7D18C
S3150100FDB800241C22214603A80294F1F7B3D801991D
S3150100FDC802AA0AA800F004FCA0F11003102B0546AC
S3150100FDD813D87368984212D8024602A9306808F007
S3150100FDE89FFF73689D4205D908F0A7FF0028DFD059
S3150100FDF816B070BD20467560FAE72F20F8E719207E
S3150100FE08F6E700BF74AF0101F0B54B680646602BF3
S3150100FE180C461546A5B02DD900278222394603A8D6
S3150100FE280297F1F77FD801AB8622304602A90197DE
S3150100FE3800F018FA40F20123984212D184220E49A1
S3150100FE4802A8019208F06CFF2268019902A800F045
S3150100FE58BFFB612828600BD16368602B05D808F0C1
S3150100FE686CFF0028F0D025B0F0BD60600020FAE7ED
S3150100FE782F20F8E71920F6E78DAF0101012903BF05
S3150100FE88034B00201B78A62008BF1370704700BFDC
S3150100FE98267B0020022938B514461D460FD120229B
S3150100FEA800210848F1F73ED83CB1202D2A462146C3
S3150100FEB828BF2022034808F033FF002038BDA620BA
S3150100FEC8FCE700BF067B0020104608B56AB163B19E
S3150100FED802290CD1202B28BF20231A46029B05494B
S3150100FEE81A6008F01DFF002008BD2F20FCE7A62098
S3150100FEF8FAE700BF067B0020012905D102B1127875
S3150100FF08024B00201A707047A6207047267B0020F6
S3150100FF182DE9F0431D46002389B0074608460E46DB
S3150100FF281446CDE9053300F0B9FC18B9D82009B053
S3150100FF38BDE8F083304605A900F01AFD0028F6D180
S3150100FF48204600F0ABFC0028F0D0204606A900F0B8
S3150100FF580FFD0028EBD1DDE90596079007A918489A
S3150100FF6800F006FD044600BB079919EB01081ED1EE
S3150100FF780EB108F0E2FE022008F084FCA0B1079B4E
S3150100FF88022100931F203B46CDE901960D4A08F050
S3150100FF986CFC6B689E4210D832464146286808F0C8
S3150100FFA8C1FF6B689E42E4D86E602046BFE7022017
S3150100FFB808F068FC0028ECD0E1E71924F5E700BF52
S3150100FFC8217208005CB00101014800F0DFBD00BFE5
S3150100FFD800720800002307B50348019301AB00F03E
S3150100FFE8EFFC03B05DF804FB00720800014800F05D
S3150100FFF89FBD00BF0C72080010B506480C4600F0FC
S315010100088BFC40F20123984202BF4FF6F17300209F
S31501010018238010BD0C720800014800F0B7BD00BF6E
S315010100280D720800002307B50348019301AB00F0DF
S31501010038C7FC03B05DF804FB0D720800014800F026
S3150101004877BD00BF0B72080010B506480C4600F0D3
S3150101005863FC40F20123984202BF48F201030020E2
S31501010068238010BD0B720800014800F08FBD00BF47
S315010100780E720800002307B50348019301AB00F08E
S315010100889FFC03B05DF804FB0E720800014800F0FD
S315010100987DBD00BF10720800002307B5034801930F
S315010100A801AB00F08DFC03B05DF804FB107208008A
S315010100B8014800F06BBD00BF11720800002307B5A6
S315010100C80348019301AB00F07BFC03B05DF804FB27
S315010100D811720800014800F059BD00BF12720800EB
S315010100E8002307B50348019301AB00F069FC03B08E
S315010100F85DF804FB12720800014800F019BD00BF42
S315010101081872080010B505480C4600F005FC40F2C6
S315010101180123984204BF0020208010BD18720800EF
S31501010128014800F033BD00BF0F72080073B5002600
S3150101013801AB0E480C461546019600F041FC40F20A
S31501010148012398420BD164B10C2D0CD920462A46BC
S31501010158074908F00BFE30462C4404F8016C02B03D
S3150101016870BD0B20FBE71920F9E700BF0F720800E4
S315010101787AB00101014800F009BD00BF0472080007
S31501010188014800F01DBC00BF04720800014800F0D7
S3150101019817BD00BF1F72080007B50020009003486C
S315010101A800F064FC03B05DF804FB00BF1F72080090
S315010101B8014800F0BDBC00BF0772080037B51248F7
S315010101C80D4600F0A9FB40F201239842044604D1E9
S315010101D84FF470632B80002014E098B92B88B3F58E
S315010101E8805FF8D3012008F04DFB50B140F28B1323
S315010101F82F220121CDE900322046044B044A08F099
S3150101020834FB2F2003B030BD0772080087B0010106
S31501010218A7B00101014800F0A3BC00BF087208009C
S3150101022810B506480C4600F0A3FB40F2012398429B
S3150101023802BF4FF47A730020236010BD08720800CB
S31501010248014800F0A3BC00BF09720800014800F08B
S31501010258B7BB00BF09720800014800F097BC00BF8F
S315010102680A720800014800F0ABBB00BF0A72080018
S315010102780B46024A02490348FFF74ABE277208009C
S3150101028826720800B8B001010B46024A0249034821
S31501010298FFF73EBE2572080024720800D4B0010199
S315010102A80B46024A02490348FFF732BE2372080088
S315010102B822720800FAB00101022307B5D1E9001239
S315010102C801A80193FEF798FD18B90199024800F0B2
S315010102D847FC03B05DF804FB207208001FB5022034
S315010102E803900698009003A8FEF79EFD18B9039995
S315010102F8024800F035FC05B05DF804FB20720800E0
S31501010308002370B5154886B00D461646049300F0CC
S31501010318C5FA08B3114804A900F02AFBD0B9049B10
S315010103283246002B08BF0223294605A80593FEF785
S31501010338F3FD0446022008F0A5FA50B10294736848
S31501010348022101936B681F200093054A049B08F05B
S315010103588CFA204606B070BDD824EBE72072080056
S3150101036813B10101014800F0FBBB00BF217208006E
S31501010378014800F0FDBA00BF21720800014800F0EA
S3150101038805BC00BF29720800014800F019BB00BF6E
S3150101039829720800014800F013BC00BF0572080064
S315010103A807B500200090034800F060FB03B05DF833
S315010103B804FB00BF05720800014800F0A1BB00BF9C
S315010103C828720800014800F07BBA00BF28720800AC
S315010103D8032307B5D1E9001201A8019300F086F9B3
S315010103E818B90199024800F0BBFB03B05DF804FB9B
S315010103F830720800014800F0BBBA00BF307208002C
S315010104084A6808B5102A01D02F2008BD0968024893
S3150101041800F0D6FBF9E700BF177208001FB50023E4
S315010104284A680C460F2A03930FD90093102203AB8E
S315010104380968074800F01AFB63680F2B01D808F011
S315010104487CFC1023636004B010BD1920FBE700BFD3
S31501010458177208000021094B10B5196032B9084C09
S315010104682146BDE81040074800F07ABB064C07480B
S3150101047800F08AF9204608F06AFAF1E77857002070
S3150101048800201B012172080000301B01885700203A
S3150101049800232DE9F04F85B080460F462C4803A964
S315010104A81546039300F064FA002838D1294E0399B9
S315010104B833681BB9284800F071F980BBD5E90014E6
S315010104C83368039A02EB030B14F003031BD10A46A3
S315010104D823465946204800F07DF900BB404631685C
S315010104E800F03EFBD8B93846696800F039FBB0B966
S315010104F832686B680020134413F03F021CBF403376
S315010105089B1A33600BE004F1040AAAEB030A50466D
S31501010518019100F0CBF80199814618B9AC2005B0D3
S31501010528BDE8F08F224608F0FBFBAAEB0402FF2186
S3150101053809EB0400F0F7F6DC53464A4659460648E4
S3150101054800F048F90446484600F0C0F82046C4E7D9
S3150101055821720800785700208857002008B50A46F5
S3150101056802480349FFF794FF08BD00BF227208003C
S315010105782372080008B50A4602480349FFF788FFAE
S3150101058808BD00BF247208002572080008B50A468D
S3150101059802480349FFF77CFF08BD00BF2672080020
S315010105A8277208001FB513460022039203AA019276
S315010105B8202200920A460146044803F01AFB002844
S315010105C814BFAC20002005B05DF804FB0900000248
S315010105D8014B08F09BB800BF3986010138B5094BB3
S315010105E8D3E8EF2F541CC3E8E54F002DF8D1002AB3
S315010105F804DC00F03FF808B108F09FFB4FF000005A
S3150101060838BD00BF7C5700202D2828BF002010B413
S31501010618074C04EB8000074CD4E8AF4F1CB1A44644
S315010106285DF8044B60475DF8044B08F036B900BF25
S315010106385EB1010180570020024BD3E88F0FC0B28A
S31501010648704700BFB37C0020024608B5064BD3E8C4
S31501010658AF3F3BB9054B06491B68D86800F01EFF39
S3150101066808F06BFB08BD00BF84570020507C0020B1
S3150101067812B2010108B50A4BD3E8EF2F511CC3E8A1
S31501010688E01F0028F8D1002A07DD064B06481B683A
S31501010698D96800F015FF08F050FB002008BD00BF1E
S315010106A884570020507C00205AB2010138B504460E
S315010106B80548FFF7C9FF204600F02EFE05462146EB
S315010106C808F0E9F8284638BD8DB2010110B504468E
S315010106D80548FFF7B9FF2046002108F0DDF8204655
S315010106E8BDE8104000F020BE99B2010170B504467B
S315010106F888B000680D46164608F0D0F823684FF40D
S315010107080071079301230B4A02A8CDE902230A4B7B
S315010107183246CDE9041300232946069301ABF8F7BE
S31501010728F7FB014618B1054800F04AFBAC2008B0B1
S3150101073870BD00BF002480000010C004A4B20101ED
S31501010748014B0360704700BF14B3010110B504469C
S3150101075808F0FEF8054B0020D3F8942003F58053E1
S3150101076862604FF400321A6710BD00BF008000A312
S3150101077810B50446034B0821036006F00BFF20461A
S3150101078810BD00BF14B3010108B5FBF735FE10B959
S315010107980148EFF78BDF08BD90570020002313B5F9
S315010107A80C460B48694601AA0093FBF7AFFF58B9F6
S315010107B8009B24F07F4223F07F439A4206D9012206
S315010107C821460348EFF788DF02B010BD2E20FBE76B
S315010107D89057002073B51E4600230C4615466946F7
S315010107E80B4801AA0093FBF791FF60B9009B24F01E
S315010107F87F4223F07F439A4207D933462A46214647
S315010108080348FBF7E7FF02B070BD2E20FBE700BFE7
S31501010818905700200448054B054A03600023054902
S31501010828436008F0D7B800BF8857002014B3010107
S31501010838287B00204907010137B50E4D2C686CB993
S31501010848032322462146009301200B4BF1F732DBA4
S315010108582346224621462860F1F73DD8286808B97A
S3150101086808F06BFA4FF0FF3103B0BDE83040F1F7FC
S31501010878869900BF08580020B8570020064B10B5C5
S31501010888186808B908F059FA0023BDE810401A4654
S315010108981946F1F7209800BF0858002007B5014607
S315010108A806486A4601AB0068FBF790F808F02AF892
S315010108B8B0FA80F0400903B05DF804FB847B00209F
S315010108C87FB5002304460D468DF8073008F026F852
S315010108D8D0B1104E2146306803AB02AAFBF776F870
S315010108E808F010F870B9039B012B10D12146306825
S315010108F80DF10702FAF7AAFF08F004F810B99DF8F5
S3150101090807302B7004B070BD40F20120FAE72F20A1
S31501010918F8E700BF847B00207FB5002304460D4616
S31501010928ADF8063007F0FAFFD0B1104E214630680E
S3150101093803AB02AAFBF74AF807F0E4FF70B9039B78
S31501010948022B10D1214630680DF10602FAF77EFF16
S3150101095807F0D8FF10B9BDF806302B8004B070BD79
S3150101096840F20120FAE72F20F8E700BF847B002037
S315010109787FB5002304460D46039307F0CFFFC0B1A7
S315010109880E4E2146306802AB01AAFBF71FF807F0A4
S31501010998B9FF60B9029B042B0ED12146306803AA1F
S315010109A8FAF754FF07F0AEFF08B9039B2B6004B0B1
S315010109B870BD40F20120FAE72F20F8E7847B002079
S315010109C82DE9F0431D46002385B02B6007460E46E7
S315010109D8914607F0A3FF00283ED0DFF88C803946FF
S315010109E8D8F8000003AB02AAFAF7F0FF07F08AFF6D
S315010109F80446B8B9039B93B3C6B14B4531D23246C6
S31501010A083946D8F80000FAF721FF07F07BFFD8B974
S31501010A18039B012B03D13378003B18BF0123002225
S31501010A282B60F254204605B0BDE8F083012B01D0B5
S31501010A382B60F7E73946D8F800000DF10702FAF7F6
S31501010A4805FF07F05FFF08B10446EBE79DF807309C
S31501010A5803B103982860E5E740F20124E2E71E2481
S31501010A68E0E71924DEE700BF847B00202DE9F04F7A
S31501010A781D46002385B02B60074688461646DDF8D4
S31501010A8838A007F04BFFA0B3DFF870B03946DBF8A1
S31501010A98000003AB02AAFAF799FF07F033FF0446F0
S31501010AA8A8B9B8F1000F12D0039BDBF80000A3EB3C
S31501010AB80A09B1450FD8534642463946CDF8009041
S31501010AC8FAF720FF07F01EFFB0B9C5F800902046D6
S31501010AD805B0BDE8F08F5346424639460096FAF706
S31501010AE811FF07F00FFF04460028F0D119242E60E3
S31501010AF8EDE740F20124EAE70446E8E7847B0020B2
S31501010B0813B504468DF8071007F008FF58B10748D1
S31501010B180123214600680DF10702FBF74DF807F09D
S31501010B28F1FE02B010BD2F20FBE700BF847B002038
S31501010B3813B50446ADF8061007F0F0FE58B107489B
S31501010B480223214600680DF10602FBF735F807F085
S31501010B58D9FE02B010BD2F20FBE700BF847B002020
S31501010B6813B50446019107F0D9FE58B10423064885
S31501010B78214600680DEB0302FBF71EF807F0C2FEDA
S31501010B8802B010BD2F20FBE7847B002010B5044677
S31501010B9807F0C4FE68B179B10848012A134600680D
S31501010BA838BF01230A462146FBF706F807F0AAFED4
S31501010BB810BD40F20120FBE72F20F9E7847B0020D5
S31501010BC810B5044607F0AAFE58B101B962B907483A
S31501010BD8134600680A462146FAF7EEFF07F092FE28
S31501010BE810BD40F20120FBE72F20F9E7847B0020A5
S31501010BF807B507F0AFFE00210846FFF7EFFC074BE3
S31501010C084FF4806201933723054900930548002370
S31501010C18F1F7F5DA03B05DF804FB00BF0C580020C3
S31501010C285CB3010143890101064B1B681A7A022A41
S31501010C3804D812B11B68044A13607047032AF9D014
S31501010C48704700BF4C7C00201058002008B5064BA0
S31501010C58044613B10021AFF30080044B1B6803B1AD
S31501010C689847204603F0C4FF000000004C590020B4
S31501010C782DE9F04386460D46354E284615F8014BB2
S31501010C88375D17F00807F8D12D2C26D12C780127C5
S31501010C98851C3BBB302C32D00A234FF0FF38002686
S31501010CA8B8FBF3F803FB08F930466FEA0909A4F121
S31501010CB8300CBCF1090F29D86446A34237DDB6F1D8
S31501010CC8FF3F07D080452FD301D1A1452CDB00FB7E
S31501010CD80340012615F8014BE9E72B2C04BF2C78B3
S31501010CE8851CD6E7102BD8D1302CD6D1287800F01F
S31501010CF8DF005828D1D16C7810230235CDE72B783E
S31501010D0803F0DF03582BF6D00823C6E7A4F1410CFB
S31501010D18BCF1190F01D8373CCFE7A4F1610CBCF13D
S31501010D28190F04D8573CC8E74FF0FF36D2E7731CB1
S31501010D3806D122233046CEF8003032B9BDE8F08318
S31501010D4807B14042002AF9D006B1691E1160F5E7DB
S31501010D589FB3010113460A46014602480068FFF797
S31501010D6887BF00BF507C0020024B0344587800F02E
S31501010D78170070479EB3010170B50D4D00260D4C44
S31501010D88641BA410A64209D10B4D00260B4C08F091
S31501010D9813FF641BA410A64205D170BD55F8043B87
S31501010DA801369847EEE755F8043B01369847F2E7CD
S31501010DB8B47C0020B87C0020B87C0020C87C0020C7
S31501010DC80FB407B5064904AB086853F8042B8168C3
S31501010DD8019300F007F803B05DF804EB04B070471E
S31501010DE8507C00202DE9F04F0D469DB014469846DA
S31501010DF8064618B1036A0BB900F038FB6B6ED907C1
S31501010E0805D4AB899A0502D4A86D08F0A6F8AB8971
S31501010E181B0701D52B699BB92946304600F0FAF81B
S31501010E2870B16B6EDC0704D54FF0FF301DB0BDE81C
S31501010E38F08FAB899805F7D4A86D08F08FF8F3E719
S31501010E480023CDF80C804FF00109DFF8B48109932D
S31501010E5820238DF8293030238DF82A3023469A46E6
S31501010E6813F8012B0AB1252AF9D1BAEB040B0BD0D8
S31501010E785B4622462946304607F0CAFD013000F095
S31501010E88A780099A5A4409929AF80030002B00F072
S31501010E989F8000234FF0FF320AF1010A0493079359
S31501010EA88DF853301A93CDE9052354460522544842
S31501010EB814F8011B07F026FF049AD8B9D10644BFD5
S31501010EC820238DF85330130744BF2B238DF8533054
S31501010ED89AF800302A2B15D0079A544600204FF06C
S31501010EE80A0C214611F8013B303B092B4BD9B0B10C
S31501010EF8079214E0A0EB0803A24609FA03F3134388
S31501010F080493D2E7039B191D1B68002B0391BBBFF1
S31501010F185B4242F0020207930793B8BF0492237812
S31501010F282E2B0AD163782A2B32D1039B02341A1D3F
S31501010F381B6843EAE37303920593DFF8D4A00322FE
S31501010F482178504607F0DEFE38B1A0EB0A004022AF
S31501010F58049B013482401343049314F8011B0622AE
S31501010F6828488DF8281007F0CDFE00283FD0264BDA
S31501010F781BBB039B073323F0070308330393099B21
S31501010F883B4409936AE70CFB02320C460120A8E7A8
S31501010F98002301344FF00A0C19460593204610F82F
S31501010FA8012B303A092A03D9002BC6D00591C4E78A
S31501010FB80CFB012104460123F0E703AB2A4604A9E8
S31501010FC830460093114BAFF300800746781CD6D102
S31501010FD86B6ED90705D4AB899A0502D4A86D07F0BA
S31501010FE8BDFFAB895B063FF51FAF09981EE703AB4A
S31501010FF82A4604A930460093044B00F061F8E4E758
S315010110086BB3010175B3010100000000198A0101E1
S3150101101871B3010138B5294B05460C46186818B153
S31501011028036A0BB900F022FAB4F90C30190722D474
S31501011038DA0607D409222A6043F040034FF0FF304C
S31501011048A38133E0580712D5616B41B104F1440319
S31501011058994202D0284606F0A2FA00236363A389BE
S3150101106823F02403A3810023636023692360A389F1
S3150101107843F00803A38123694BB9A38903F42073B8
S31501011088B3F5007F03D02146284607F08DFFB4F951
S315010110980C3013F001020AD00022A26062695242A1
S315010110A8A261226942B913F08000C5D138BD9907F9
S315010110B858BF6269A260F4E70020F7E7507C002077
S315010110C82DE9FF470F7E914680460C46782F9A46B1
S315010110D80C9E01F1430207D8622F0AD8002F00F0AE
S315010110E8DD80582F00F0C38004F1420684F842706E
S315010110F83AE0A7F16303152BF6D801A151F823F0BC
S315010111086111010175110101F1100101F1100101CD
S31501011118F1100101F110010175110101F11001012E
S31501011128F1100101F1100101F11001018B12010107
S315010111380312010143120101F1100101F11001012B
S31501011148AD120101F110010103120101F1100101B1
S31501011158F11001014B12010133681A1D1B68326036
S3150101116804F1420684F842300123A8E03168236874
S31501011178081D30601E0601D50D6803E05D06FBD525
S31501011188B1F90050002D616878DA2D200029A16096
S3150101119884F843002DDA6D425D480A231646B5FBEC
S315010111A8F3F103FB1157C75D06F8017D2F460D467D
S315010111B8BB42F4D9082B0BD12368DF0708D523696C
S315010111C861689942DEBF302306F8013C06F1FF3614
S315010111D8921B22614B4603AA21464046CDF800A03F
S315010111E807F073FC01306FD14FF0FF3004B0BDE851
S315010111F8F08723F004032360CDE7216833680806E5
S3150101120853F8045B02D4490648BFADB26F2F336068
S315010112183F4814BF0A230823002184F8431066684E
S31501011228002EA660BADB216821F004012160002D98
S31501011238B4D1002EB2D11646BCE7236843F0200388
S31501011248236078273348236884F845701F06316877
S3150101125851F8045B02D45F0648BFADB23160D907C4
S3150101126844BF43F0200323601DB11023D4E7284866
S31501011278E9E7236823F020032360F6E724480A23D4
S31501011288CDE733682568181D616930602E061B682C
S3150101129801D5196002E06806FBD5198000231646B7
S315010112A8236197E7336800211A1D32601E68626857
S315010112B8304607F027FD08B1801B6060636823612A
S315010112C8002384F8433085E7236932464946404677
S315010112D8D047013088D023689B0714D4E068039B63
S315010112E89842B8BF184681E7012332464946404626
S315010112F8D04701303FF478AF0135E36803995B1AAA
S31501011308AB42F1DCEAE7002504F11906F5E700BF6E
S315010113187CB301018DB30101024B0146186806F040
S315010113283BB900BF507C0020024B0146186806F004
S3150101133836B900BF507C002010B50446044813464F
S3150101134820B10A4602202146AFF3008010BD00BF35
S3150101135800000000002310B5044683608181194607
S315010113684366C28108228361C0E90033C0E90433B7
S315010113785C30EFF7D7DD0D4B246263620C4BA36238
S315010113880C4BE3620C4B23630C4B9C4206D003F1D5
S315010113986802944202D0D0339C4205D104F1580027
S315010113A8BDE8104007F0D8BD10BD00BF4B8E010145
S315010113B86D8E0101A58E0101C98E01011458002006
S315010113C8024A0349034807F07FBD00BFA07C0020FC
S315010113D8BD8C0101547C002041680C4B994210B522
S315010113E8044601D007F066FCA168094B994202D06F
S315010113F8204607F05FFCE168064B994204D0204676
S31501011408BDE8104007F056BC10BD00BF14580020B6
S315010114187C580020E458002010B50B4B04210B4CD5
S315010114280B4A20461A600022FFF794FF04F168006F
S3150101143801220921FFF78EFF04F1D00002221221B0
S31501011448BDE81040FFF786BF4C590020145800200B
S31501011458C9130101014807F080BD00BF277B0020A0
S31501011468014807F07BBD00BF277B002010B5044664
S31501011478FFF7F0FF236A1BB1BDE81040FFF7F0BF84
S31501011488044B2362044B1B68002BF5D1FFF7C4FFFC
S31501011498F2E700BFE11301014C5900200EB403B56F
S315010114A803AB0146054853F8042B00680193FFF77E
S315010114B899FC02B05DF804EB03B07047507C00203B
S315010114C8024B0A460146186807F063BC507C0020A6
S315010114D80CB4184B30B50C1E9DB01D6808DA8B2368
S315010114E84FF0FF302B601DB0BDE8304002B07047A8
S315010114F84FF402730290069002A9ADF8143014BF95
S3150101150804F1FF332346209A2846049307934FF69D
S31501011518FF73ADF8163021AB019300F01FF8431C98
S31501011528BCBF8B232B60002CDDD0029B00221A70D5
S31501011538D9E700BF507C002038B50446064D084658
S31501011548114600222A601A4603F060FB431C02D1A8
S315010115582B6803B1236038BD505900202DE9F04F9E
S3150101156898468B899DB007461B060D46144610D52C
S315010115780B6973B9402106F00FF82860286130B963
S315010115880C233B604FF0FF301DB0BDE8F08F4023BF
S315010115986B610023CDF80C804FF00109DFF8A081BA
S315010115A8099320238DF8293030238DF82A302346D3
S315010115B89A4613F8012B0AB1252AF9D1BAEB040B7C
S315010115C80BD05B4622462946384607F029FD0130EC
S315010115D800F0A780099A5A4409929AF80030002B1B
S315010115E800F09F8000234FF0FF320AF1010A0493AC
S315010115F807938DF853301A93CDE9052354460522ED
S315010116084F4814F8011B07F07DFB049AD8B9D00697
S3150101161844BF20238DF85330110744BF2B238DF87E
S3150101162853309AF800302A2B15D0079A54460020D0
S315010116384FF00A0C214611F8013B303B092B4BD9D6
S31501011648B0B1079214E0A0EB0803A24609FA03F325
S3150101165813430493D2E7039B191D1B68002B0391BE
S31501011668BBBF5B4242F0020207930793B8BF0492DC
S3150101167823782E2B0AD163782A2B32D1039B023484
S315010116881A1D1B6843EAE37303920593DFF8C0A0A9
S3150101169803222178504607F035FB38B1A0EB0A0041
S315010116A84022049B013482401343049314F8011B1D
S315010116B8062224488DF8281007F024FB002836D085
S315010116C8214B1BBB039B073323F007030833039302
S315010116D8099B334409936AE70CFB02320C46012044
S315010116E8A8E7002301344FF00A0C19460593204651
S315010116F810F8012B303A092A03D9002BC6D00591D6
S31501011708C4E70CFB012104460123F0E703AB2A4692
S3150101171804A9384600930D4BAFF30080421C0646D7
S31501011728D6D1AB895B063FF52DAF09982CE703ABFB
S315010117382A4604A938460093044BFFF7C1FCEDE795
S315010117486BB3010175B30101000000002990010184
S3150101175871B3010138B50023054D044608462B60CE
S3150101176803F043FA431C02D12B6803B1236038BD48
S3150101177850590020024B0146186807F0ACBC00BF5E
S31501011788507C002038B50023064D0446084611460B
S315010117982B6003F02EFA431C02D12B6803B1236097
S315010117A838BD00BF5059002038B50023054D044600
S315010117B808462B6003F021FA431C02D12B6803B1B9
S315010117C8236038BD5059002038B50446064D0846F0
S315010117D8114600222A601A4603F014FA431C02D163
S315010117E82B6803B1236038BD5059002038B504462A
S315010117F8064D0846114600222A601A4603F004FAE4
S31501011808431C02D12B6803B1236038BD505900200E
S3150101181838B50023064D0446084611462B6003F0E8
S31501011828EEF9431C02D12B6803B1236038BD00BF11
S31501011838505900200F207047704770B504680D1B79
S31501011848002D02DC6FF05F0070BD94F9006023780A
S31501011858002E0ADB631C0360237813600368C91A27
S3150101186813688B42EED80020EEE703F07F035E1E74
S31501011878032E10D89D42E5DD00250134156004606B
S315010118880468166814F8015B013B45EA06251560EB
S315010118980460F5D1E2E76FF06300D5E770B4046837
S315010118A80E1B002E07DD26789E4208D101340460FD
S315010118B870BCFFF7C2BF6FF05F0070BC70476FF075
S315010118C86100FAE72DE9F04F85B00092984603AA1F
S315010118D8302304460E469DF838A09DF83CB0FFF723
S315010118E8DDFF054610BB2368039A13449E421AD0AD
S315010118F86FF065051AE05A1C226093F80090009B67
S3150101190809EA0303434522D13146204603AAFFF7D3
S3150101191894FFD0B909EA0A0159452268039B09D0FE
S3150101192822681A4422602368B342E4D3284605B0E3
S31501011938BDE8F08F10990029F2D0DDE9107049460A
S315010119480193B847019B0028EAD00546EEE76FF0F7
S315010119586105EBE738B505462C6804B938BDA369B5
S31501011968A0682B6007F09DFE606907F09AFE204684
S3150101197807F097FEF0E770B50E46154604460CB911
S31501011988204670BD6368AB4206D12A463146A06836
S3150101199807F0B8FA0028F3D0A469F0E77F2A0346CD
S315010119A810B51AD914460120240A00F10100FBD108
S315010119B81C68641A844212DB19684C1E1C6001F802
S315010119C8012C120AF8D1012806D01A68511E19608C
S315010119D800F17F0302F8013C10BD0120E8E76FF031
S315010119E86B00F9E70368591A0029C1BF03F1FF31F1
S315010119F80160012003F8012CD8BF6FF06B00704715
S31501011A082DE9F04106460F4615469846FFF7C6FFEA
S31501011A18041E09DB424639463046FFF7E3FF002833
S31501011A28B2BF0446641924182046BDE8F081F0B412
S31501011A38144600250668721A002A1CDD771E0760FE
S31501011A4806F8014C2412002C05F1010211DC046887
S31501011A5894F90060002E08DA621A002A0BDD621E6B
S31501011A680260002204F8012CAA1CDBB2F0BCFFF7C4
S31501011A78C7BF1546DEE76FF06B00F0BC704770B55E
S31501011A880D46064600681146A8421C460AD3451B5F
S31501011A989D4207D3C01A306013B11A4607F040F9BF
S31501011AA8204670BD6FF06B00FBE705230022FFF7A7
S31501011AB8A7BF70B504460D46FFF7E1FF021E06DB17
S31501011AC829462046BDE870400623FFF799BF70BD38
S31501011AD82DE9F0419846DDE9066304460D461746A8
S31501011AE8ABB126B9FFF7E1FF002812DB06464346EB
S31501011AF83A4629462046FFF7DCFF002809DB821909
S31501011B0829462046BDE8F0413023FFF779BF1E4635
S31501011B18EDE7BDE8F08130B40468651A002D0CDDE6
S31501011B28003A18BF01220123651E5242056004F8D5
S31501011B38012C30BC1A46FFF763BF6FF06B0030BC4E
S31501011B4870470223FFF773BF70B516461A46049B01
S31501011B5804460D46FFF793FF021E06DB294620467A
S31501011B68F3B2BDE87040FFF74BBF70BD2DE9F843ED
S31501011B7806460068894690461F46089DFFF7FBFE03
S31501011B880446002833D12021012005F092FB0446A1
S31501011B9850B1C0F804804146012005F08AFBA060D6
S31501011BA830B9204607F07DFD00242046BDE8F883BB
S31501011BB84246494607F0B4F825614DB12946012047
S31501011BC805F077FB606138B9A06807F06AFDE8E7B7
S31501011BD83368A3613460E8E73368A3613460002F91
S31501011BE8E3D02A463946606907F09AF8DDE72DB947
S31501011BF8406907F056FDC4E90455D6E70369AB42C6
S31501011C08EDD02946012005F054FB06460028CBD024
S31501011C18606907F046FDC4E90456E0E738B500F105
S31501011C284103054602461921DBB20020F5F77CFA84
S31501011C3805F147032A4604463321DBB21A20F5F793
S31501011C4873FA2B1F2A463D210443DBB23420F5F7EB
S31501011C586BFA3E21E4B22A462B2304430846F5F7DB
S31501011C6863FA3F21E4B22F232A4604430846F5F7CE
S31501011C785BFAE4B22043C0B238BD2DE9F74F0C9F98
S31501011C880546164617B91760002012E00324B7FB6B
S31501011C98F4F404EB4408474518BF0134B4F1804F05
S31501011CA80AD2A40001348C4200D840B96FF0290048
S31501011CB8346003B0BDE8F08F4FF0FF34F6E7814693
S31501011CC80024444503F1030209F1040A2ED3BC4257
S31501011CD84A4626D293F800800134BC424FEA98005D
S31501011CE82CBF4FF0000B93F801B0FFF797FF89F866
S31501011CF800004FEA081000F0300000EB1B10FFF757
S31501011D088DFFBC4289F801003CD24FEA8B0000F0F5
S31501011D183C00FFF783FF3D23524689F8020089F803
S31501011D2803300023551B35601370ADE712F8033CE8
S31501011D3812F8029C980812F801BC01920093FFF768
S31501011D486DFF009B0AF8040C180100F0300000EB46
S31501011D581910FFF763FF0AF8030C4FEA890000F02F
S31501011D683C0000EB9B10FFF759FF0AF8020C0BF038
S31501011D783F00FFF753FF019AD14613460AF8010CB2
S31501011D8803349EE73D20C6E700220123C0E900236B
S31501011D98704710B5044648B1006818B1E188890051
S31501011DA801F091FC00220123C4E9002310BD42F28E
S31501011DB81073994270B504460D4602D96FF00F00AA
S31501011DC870BDC3888B4201D30020F9E70421284657
S31501011DD805F06FFA06460028F0D0216841B1E2887C
S31501011DE8920006F09DFFE1882068890001F06BFCED
S31501011DF8E5802660E8E7F8B50D46C9880446164622
S31501011E08FFF7D5FF0746A8B93046F5F79FF9064604
S31501011E18B4F90420B5F90410F5F7A4F93346F643E4
S31501011E28A080EA8820682968F5F7A6FBEB88E0888F
S31501011E38984201D83846F8BD216851F82320324025
S31501011E4841F823200133F3E738B504460D4619B99C
S31501011E58FFF79FFF002038BDC2888A4207D10021BA
S31501011E6800689200EFF75ED80123A380F2E7FFF736
S31501011E7890FF29462046BDE83840FFF798BF8842BA
S31501011E8870B505460E4609D0C988C28841B92AB135
S31501011E980123920083800068EFF744D8002070BDC2
S31501011EA84C1E8CB9B6F904300134A242AB8012D268
S31501011EB821462846FFF77BFF0028F0D131682868BB
S31501011EC8A20006F02DFFE9E7336853F82430002B09
S31501011ED8E8D1013CE5E72868121B0021920000EBD5
S31501011EE88400EFF71FD8E9E770B50C4601210546CD
S31501011EF8FFF75DFF064688B9EA8801469200286818
S31501011F08EFF710D884EAE472A2EBE472E40FC4EBAA
S31501011F18C4342B68640001341A60AC80304670BD44
S31501011F28C388B1EB431F3FBF03684A0953F822002F
S31501011F3801F01F013ABFC84000F0010000207047B7
S31501011F480022C188914201D800207047036853F8DD
S31501011F58223033B193FAA3F0B0FA80F000EB4210C4
S31501011F6870470132EEE7C188006800F07CBC08B50C
S31501011F78FFF7F9FF0730C00808BD70B50E4612F024
S31501011F88030118BF012101EB920105461446FFF72A
S31501011F985BFF38B923463246E9882868BDE87040AF
S31501011FA800F083BC70BD13460A46C188006800F07B
S31501011FB8A1BC38B504460D46FFF7D5FFE388284489
S31501011FC8B0EB431F06D820682A46E18800F002FDD6
S31501011FD8002038BD10F01F0118BF012101EB501176
S31501011FE82046FFF7E4FE0028EDD0F2E70A46C1884C
S31501011FF808B511B1006800F0AFFC002008BD10B5A5
S31501012008C38823B9CA885AB9ABB1012017E0026856
S3150101201802EB830252F8042C002AF3D1013BF0E7C3
S315010120280C6804EB820454F8044C0CB9013AEAE74A
S315010120389342EAD80FD3013B5A1C01D1002010BDA6
S31501012048026852F823400A6852F823209442DCD8E0
S3150101205803F1FF33F0D24FF0FF30F0E730B5C38813
S3150101206823B9CA885AB9002B3DD136E0026802EB79
S31501012078830252F8042C002AF3D1013BF0E70C68DC
S3150101208804EB820555F8045C4DBB013AEAE7B1F95F
S31501012098045003D2B1F90400404226E0B0F9042004
S315010120A8002A03DD002D0CDA01201EE0002D08DDD2
S315010120B83AB14FF0FF3018E003F1FF330BD250422A
S315010120C813E0013B016851F8235054F823108D425E
S315010120D8F2D9104609E0591CF4D1002005E0002B7C
S315010120E8D8D09342D3D9B0F9040030BD1FB581EADE
S315010120F8E173A3EBE17301930123C90FC1EBC1316C
S3150101210849000131ADF80C10ADF80E3002A901AB49
S315010121180293FFF7A3FF05B05DF804FB90422DE991
S31501012128F04105460F46144602D0884206D1274694
S315010121380123FC88AB803CB9002003E0FFF79FFE31
S315010121480028F4D0BDE8F0813B684FEA840803EB27
S31501012158840353F8043C0BB9013CECE721462846B4
S31501012168FFF725FE0028EDD12E6823463A68314648
S31501012178304600F065FC074606EB0803002FDBD065
S31501012188EA88661CA24208D831462846FFF70FFE9F
S315010121980028D7D12B6803EB84031A683446D21970
S315010121A82CBF0127002743F8042BE7E72DE9F04166
S315010121B805460E469046D4883CB9F188A1420ED20D
S315010121C86FF009073846BDE8F081D8F8003003EB0E
S315010121D8840353F8043C002BEFD1013CECE7284674
S315010121E8FFF7E5FD07460028ECD1F28894420BD2A8
S315010121F8AE4209D028683168121B920001EB8401AD
S3150101220800EB840006F08CFDEA88F088824207D942
S315010122182B68121A0021920003EB8000EEF782DE89
S31501012228D8F8002023463168286800F01FFC0246C9
S3150101223810B90123AB80C5E72968EB8801EB840155
S3150101224808461B1B00F03BFD0028F2D0B8E72DE933
S31501012258F843B2F804C0B1F9044081461CFB04FCF9
S31501012268664673430D4617461CD511462846FFF7A0
S31501012278C6FEB0F100080DDB3A4629464846FFF786
S3150101228895FF98B9B8F1000F08BF01240020A9F8F4
S3150101229804400BE02A464846FFF788FF30B96442F5
S315010122A824B2F3E7FFF73AFF0028EFD0BDE8F88338
S315010122B80123FFF7CCBF4FF0FF33FFF7C8BF1FB5A7
S315010122C882EAE273A3EBE27301930123D20FC2EB14
S315010122D8C23252000132ADF80C20ADF80E3002AA15
S315010122E801AB0293FFF7E7FF05B05DF804FB2DE9A2
S315010122F8F04701231646002286B0884207460D4655
S31501012308CDE90223CDE9042306D102A8FFF7B7FDDA
S315010123180446002833D102ADB74206D1394604A88D
S31501012328FFF7ADFD044650BB04AEB5F80680B8F11A
S31501012338000F2ED1B6F80690B9F1000F33D14FF03F
S31501012348010A384609EB0801FFF731FD0446B0B920
S3150101235801463846FFF7C8FD044680B9CDF8009015
S31501012368424633682968386800F059FCBAF1000F0A
S3150101237822D1AB88B28813FB02F31BB2BB8004A836
S31501012388FFF707FD02A8FFF704FD204606B0BDE8E1
S31501012398F0872B6803EB880353F8043C002BC9D15A
S315010123A808F1FF38C3E7336803EB890353F8043CA3
S315010123B823B909F1FF39BFE70123DFE7B8FA88FA3B
S315010123C84FEA5A1ABDE72DE9F341054688461646ED
S315010123D8CF883FB1D8F8003003EB870353F8043CA3
S315010123E83BB146B90021284602B0BDE8F041FFF7E5
S315010123F87BBD013FEDE72846791CFFF7D8FC04466A
S3150101240870B941462846FFF73AFD044640B9013EEF
S3150101241800963B46D8F80020E988286800F043FB76
S31501012428204602B0BDE8F08170B504460D46104656
S3150101243800211646FFF75AFE002824DB2A463346B1
S3150101244821460020F4F79CFE054638B1284670BDA1
S31501012458324621462046FFF72BFF90B90021204637
S31501012468FFF744FE0028F3DB31462046FFF7F6FD68
S315010124780028EBDB324621462046FFF71CFF0028E0
S31501012488F2D00546E2E76FF00905DFE72DE9FF41DD
S31501012498012316460022054668468846CDE90023EA
S315010124A8CDE90223FFF7EBFC0446002855D1314655
S315010124B802A8FFF7E4FC044600284ED16846FFF757
S315010124C83FFD074602A8FFF73BFD064650B92146DF
S315010124D802A8FFF725FD28B941462846FFF7CFFC93
S315010124E804463AE00123ADF80C30ADF80430002179
S315010124F86846FFF7FBFD50B9B742394602A828BF1E
S315010125083146FFF756FD044638BB02A9E5E7684699
S31501012518FFF716FD01466846FFF768FD0446E0B96F
S3150101252802A8FFF70DFD014602A8FFF75FFD044664
S3150101253898B9684602A9FFF791FD002817DB694694
S31501012548684602AAFFF732FE044630B901216846F8
S31501012558FFF74CFD04460028C9D06846FFF719FC68
S3150101256802A8FFF716FC204604B0BDE8F08102A9CE
S315010125786A460846FFF71AFE04460028EDD10121ED
S3150101258802A8E5E7F7B50E1E044615461F4614DBF4
S315010125981046FFF7ABFD00280FDD2046E988FFF756
S315010125A853FC40B9089B3146CDE90073E3882A6893
S315010125B82068F4F7F9FF03B0F0BD6FF00300FAE7FD
S315010125C82DE9F041064688461046012192B0154685
S315010125D8FFF78CFD002840F34381002301272A4692
S315010125E841466846CDE90237CDE90437CDE90637D3
S315010125F8CDE90837CDE90037CDE90A37CDE90C37F9
S31501012608CDE90E37CDE91037FFF740FF044600281B
S3150101261840F0978039466846FFF768FD002840F083
S315010126281C812A46414602A8FFF7FEFE04460028F8
S3150101263840F0878002A904A8FFF721FC0446002877
S315010126487FD129460AA8FFF71AFC0446002878D142
S3150101265829460CA8FFF713FC0446002871D139460F
S3150101266806A8FFF741FC044600286AD1014608A8D5
S31501012678FFF73AFC0446002863D101460EA8FFF785
S3150101268833FC044600285CD1394610A8FFF72CFC17
S315010126980446002855D1049B1B68D8073CD50C9BD9
S315010126A81B68DB0740F182800CA904A8FFF7D6FC59
S315010126B80028C0F2AB8004A908460CAAFFF7FBFD66
S315010126C8044600283DD106A908460EAAFFF7F3FDDF
S315010126D80446002835D110AA08A90846FFF7EBFDDB
S315010126E8044670BB002104A8FFF700FD0028D2D1DA
S315010126F800210EA8FFF7FAFC0028C0F29A802946A4
S315010127080EA8FFF7ABFC002880F29D8030460EA982
S31501012718FFF7B5FB044614E0012104A8FFF766FC9F
S31501012728044670B9069B1B68DF0729D4089B1B68F9
S31501012738DC0725D4012106A8FFF758FC0446002821
S315010127482FD002A8FFF725FB04A8FFF722FB06A84D
S31501012758FFF71FFB08A8FFF71CFB6846FFF719FBE4
S315010127680AA8FFF716FB0CA8FFF713FB0EA8FFF73C
S3150101277810FB10A8FFF70DFB204612B0BDE8F0814A
S3150101278806A908460AAAFFF793FD04460028D8D1E7
S3150101279808A9084602AAFFF78EFD04460028C9D0F2
S315010127A8CFE7012108A8FFF721FC71E701210CA850
S315010127B8FFF71CFC04460028C3D10E9B1B68D907E9
S315010127C813D4109B1B68DA070FD401210EA8FFF752
S315010127D80DFC04460028B4D1012110A8FFF706FC17
S315010127E8044600283FF45BAFABE70EA908460AAADF
S315010127F8FFF75EFD04460028A3D110A9084602AADF
S31501012808FFF759FD04460028DFD09AE70CA90846C7
S3150101281804AAFFF750FD0446002892D10EA90846DD
S3150101282806AAFFF748FD044600288AD108AA10A975
S3150101283853E70EA92A460846FFF73AFD044600283A
S315010128483FF456AF7DE70EA92A460846FFF733FD41
S31501012858044600283FF453AF73E76FF00D0470E7A0
S315010128686FF0030488E70139002901DA002070476E
S3150101287850F82130002BF6D0B3FA83F00131C0EBC1
S315010128884110704739B101F18041013900EB8101EC
S315010128988142034600D270471B680A681BBA12BAFD
S315010128A840F8042B41F80439F2E72DE9F0411C46B9
S315010128B813F0030318BF012303EB94038B42064666
S315010128C80D46904613D879B18F003A460021EEF7A5
S315010128D829DB2CB1381B22464146304406F020FA41
S315010128E829463046FFF7CEFF0020BDE8F0816FF09B
S315010128F80700FAE7B3EB810F70B504464FEA810584
S31501012908104619D95A1B86180021EEF70BDB3046FA
S315010129182B460021C2188B4210D1002070BD22F02E
S315010129280301615802F00306F600F140C9B281B903
S315010129380132AA42F3D1ECE71A46FAE721F003007C
S31501012948205801F00305ED00E84002F8010D0131B7
S31501012958E1E76FF00700E1E7F8B505465009884256
S315010129680C4602F01F0601D80AD136B12846A20043
S315010129780021BDE8F840EEF7D59A1F2A02D8F8BD1D
S315010129881F2A0FD9820005EB8003291F05EB84074E
S31501012998BB421AD1201A38BF0022002105EB80005B
S315010129A8EEF7C0DA002EEAD0002205EB8404C6F15F
S315010129B82000AC42E3D054F8041C21FA06F3134370
S315010129C844F8043D01FA00F2F3E753F804CB41F860
S315010129D804CFDDE71F2AF8B503460D464FEA52141F
S315010129E802F01F0613D96FF003000A4600FB0430F3
S315010129F8944202F1FF3113D3621BAC4288BF002214
S31501012A082A44184600219200EEF78CDA034636B1BC
S31501012A18002103EB8403C6F12007AC4206D3F8BDB6
S31501012A2850F8212043F821200A46E1E718680134C4
S31501012A3800FA06F20A4343F8042B20FA07F1ECE7F8
S31501012A48F0B50024844620469C4200D1F0BD51F8D8
S31501012A58245052F824702E182CBF01250025BF19C0
S31501012A684CF8247045F100000134EDE7F0B5002476
S31501012A78064620469C4200D1F0BD51F824C052F8C1
S31501012A882470ACEB0005AF4294BF4FF0000E4FF036
S31501012A98010EED1B46F8245084452CBF70460EF1F4
S31501012AA801000134E6E78B4228BF0B462DE9F047C1
S31501012AB89646DE080446C91A03F007087546034611
S31501012AC8B4460020089A0CF1FF3CBCF1FF3F03F123
S31501012AD8200305F1200511D104EB461425460EEB19
S31501012AE846164FEA880C06EB880E764540F081803A
S31501012AF86444013980F08B80BDE8F08755F8207C64
S31501012B08A2FB079710EB090953F8200C47F10007B7
S31501012B1810EB090043F8200C55F81C0C47F1000786
S31501012B28A2FB00093F1853F81C0C49F10009C01909
S31501012B3843F81C0C55F8180C49F10009A2FB0007CA
S31501012B4819EB000953F8180C47F1000710EB0900B6
S31501012B5843F8180C55F8140C47F10007A2FB0009B4
S31501012B683F1853F8140C49F10009C01943F8140C1C
S31501012B7855F8100C49F10009A2FB000719EB0009E8
S31501012B8853F8100C47F1000710EB090043F8100C34
S31501012B9855F80C0C47F10007A2FB00093F1853F839
S31501012BA80C0C49F10009C01943F80C0C55F8080C2D
S31501012BB849F10009A2FB000719EB000953F8080CB2
S31501012BC847F1000710EB090043F8080C55F8040C06
S31501012BD847F10007A2FB000A17EB000953F8047C29
S31501012BE84AF1000017EB090740F1000043F8047C9C
S31501012BF869E756F8043BA2FB0337C318286847F16E
S31501012C080007C31847F1000045F8043B6DE723683F
S31501012C181B182CBF0120002044F8043B69E72DE964
S31501012C28F347DDF8289015464A440F4692000021DC
S31501012C38064698460024EEF775D905F1010A4C4571
S31501012C4802D102B0BDE8F08758F8243006EB8400BA
S31501012C5800933A462B465146FFF725FF0134EEE725
S31501012C682DE9F04712F0030418BF012404EB92047D
S31501012C788C420646884617461D464FEA840AC2EB28
S31501012C88840919D84A460021EEF74CD9A8EB040262
S31501012C980021920006EB0A00EEF744D93A46089854
S31501012CA806EB0901A847054618B921463046FFF73B
S31501012CB8E9FD2846BDE8F0876FF00305F9E730B568
S31501012CC80546104600229A4200D130BD51F82240EC
S31501012CD8241A45F8224034BF012000200132F2E7C7
S31501012CE82DE9F34101F1100506460F462846002153
S31501012CF8FFF7FCF9044698B36846FFF745F82946F4
S31501012D086846321DFFF75CFC044630BB07F108082B
S31501012D186B46424641463046F4F790FC0446E0B913
S31501012D286B466A4669463046F4F788FC0446A0B9FB
S31501012D386B463A4639463046F4F780FC044660B993
S31501012D486B46424641463046F4F778FC044620B9BB
S31501012D5801212846FFF7C8F804466846FFF719F81E
S31501012D68204602B0BDE8F081F7B50D46044608359F
S31501012D7868461646FFF708F800212846FFF7B6F90F
S31501012D88211D07462A466846FFF795FA044648B9BA
S31501012D98002F0CBF002206F0010269462846FFF7FB
S31501012DA82AF804466846FEF7F4FF204603B0F0BD4B
S31501012DB838B50C46051D29462046FFF74FF9002867
S31501012DC801DA002006E02A4621462046FFF7EEF9F8
S31501012DD80028F0D038BD70B50C4605461146204687
S31501012DE81A46FFF765FA064630B9043529462046DB
S31501012DF8FFF734F9002801DA304670BD2A46214623
S31501012E082046FFF7D3F90028F0D00646F4E770B556
S31501012E180C460646114620461A46FFF74CFA054660
S31501012E2848B90436B4F90430002B04DA00212046E6
S31501012E38FFF75CF908B9284670BD32462146204696
S31501012E48FFF736FA0028EDD00546F4E710B5044632
S31501012E58FEF79FFF04F10800FEF79BFF04F110003E
S31501012E68BDE81040FEF795BF13F07E0F2DE9F04737
S31501012E780C4615460CBF4FF0010A4FF0000A0746EA
S31501012E885246294620461E46C3F34508FEF7B3FFB7
S31501012E9848BB04F108095246484605F10801FEF7FF
S31501012EA8AAFF00BB08F1FF33D3F1000848EB030879
S31501012EB84246204605F11801FEF79DFF98B942469B
S31501012EC8484605F12001FEF796FF60B921463846C5
S31501012ED8F209FFF749FF30B904F110000121BDE8F4
S31501012EE8F047FFF701B8BDE8F08738B50C46054646
S31501012EF801212046FFF75DF828B921462846BDE894
S31501012F083840FFF755BF38BD2DE9F84F1E4603F185
S31501012F180805C36804468A469046002B40F0C080DE
S31501012F2802F110031A462946F4F788FB002840F0F6
S31501012F38EF8006F110072B46424639462046FFF730
S31501012F484AFF002840F0E48006F118092B4642465B
S31501012F5849462046FFF75BFF002840F0D9804B46DA
S31501012F683A4629462046F4F769FB002840F0D08005
S31501012F78032229463046FFF726FA002840F0C88081
S31501012F8831462046FFF714FF002840F0C18008F1B9
S31501012F98080B06F110075B465A4639462046F4F7EF
S31501012FA84DFB002840F0B48039462046FFF79DFFC6
S31501012FB8002840F0AD803B46424629462046F4F7B3
S31501012FC83DFB002840F0A48029462046FFF78DFFE6
S31501012FD8002840F09D8006F118093B463A464946C4
S31501012FE82046F4F72BFB002840F0928049462046FB
S31501012FF8FFF77BFF002840F08B803346324639467E
S315010130082046F4F71BFB002840F082802B463A46FE
S3150101301839462046FFF7FBFE002879D12B463A4669
S3150101302839462046FFF7F3FE002871D13B462A4669
S3150101303829462046FFF7EBFE002869D133462A4681
S3150101304829462046F4F7FAFA002861D14B462A4661
S3150101305829462046FFF7DBFE002859D15A4649463B
S31501013068204608F11003F4F7E9FA002850D1494638
S315010130782046FFF73AFF00284AD139465046FEF75E
S31501013088FEFE002844D129460AF10800FEF7F7FE9B
S31501013098F0BB49460AF11000BDE8F84FFEF7EFBE4D
S315010130A813462946F4F7CAFA90BB03222946304644
S315010130B8FFF789F960BB31462046FFF779FE38BB30
S315010130C804F10C0701463846FFF710F800283FF4CA
S315010130D85EAF08F110031A4629462046F4F7AEFAFF
S315010130E8B0B906F110092B462A4649462046F4F796
S315010130F8A5FA68B93B464A4629462046F4F79EFA97
S3150101310830B92B46324631462046FFF764FE3BE786
S31501013118BDE8F88F0346C06920B15B6A002B14BF6D
S3150101312801200220704710B50446FEF72DFE04F171
S315010131380800FEF729FE04F11000BDE81040FEF76C
S3150101314823BE38B50025044600F8045BFEF71CFECC
S3150101315804F10C00FEF718FE04F11400FEF714FE43
S3150101316804F11C00FFF7DFFF04F13400FEF70CFE42
S31501013178C4E90F55C4E91155C4E91355C4E91555EF
S31501013188E56538BD10B50446FFF7DBFF04F16000BC
S31501013198FEF7FAFD04F16800BDE81040FFF7C3BF69
S315010131A808B1FFF753BE704770B5044658B3436C6F
S315010131B8012B11D00C30FEF7ECFD04F11400FEF7DA
S315010131C8E8FD04F11C00FFF7EBFF04F13400FEF7FB
S315010131D8E0FD201DFEF7DDFDA36D8BB92046BDE897
S315010131E870406021F5F7B2BA06FB0500FFF7D8FF73
S315010131F80135D4E91603AB42F6D806F052FAEDE7E2
S3150101320800251826F5E770BD10B5044658B1FFF734
S31501013218CBFF04F16000FEF7BCFD04F16800BDE8CF
S315010132281040FFF7BDBF10BD38B504460D46FEF780
S3150101323826FE70B905F1080104F10800FEF71FFE23
S3150101324838B905F1100104F11000BDE83840FEF75F
S3150101325816BE38BD10B501210446FEF745FE60B913
S31501013268012104F10800FEF73FFE30B9014604F1D8
S315010132781000BDE81040FEF737BE10BD002108B5A4
S315010132881030FEF733FFB0FA80F0400908BD1FB5CB
S3150101329800240294079C0194069C0094F4F764FEA9
S315010132A804B010BD00B14078704770B500231446CB
S315010132B8E4091D4603F10103FAD10468091B994280
S315010132C812D302F07F0161550224D2099C42016899
S315010132D803D919440160002070BD1D1B62F07F06E8
S315010132E84E55D2090134F1E76FF00A00F4E76FF0A0
S315010132F82D0070472DE9F0430026054687B0019157
S315010133088F180296B94225D1731E7E2B00F28C8045
S3150101331806EB86060121304603F0CBFF8046A860FD
S31501013328002800F0848005903A4601A903A8F4F71C
S31501013338E7FE044630B9DDF80C90B9F1020F0FD951
S315010133486FF06704A86806F0ACF900232646C5E9BB
S31501013358013347E011F8013B2E2B08BF0136D1E7AE
S31501013368019BBB42ECD218782E28E9D1013304A876
S315010133780193F4F7C5FE04460028E3D1B9F1020F1A
S3150101338802D0049B272BDBD8019BBB4204D21A78B6
S315010133982E2AD5D101330193282303FB09F9049B6D
S315010133A819EB0302CCD2B044414605A8FFF77DFFCC
S315010133B80646002833D1019BBB4217D3AB68059C4E
S315010133C80121E41A204603F074FF074648B3224651
S315010133D8A96805F0A5FCA86806F063F90623C5E9FD
S315010133E801472B60304607B0BDE8F0833A4601A98B
S315010133F802A8F4F785FE04460028A3D1019BBB4226
S3150101340804D21A782E2A9BD1013301934146029A95
S3150101341805A8FFF74AFF04460028CCD092E70446DF
S3150101342890E76FF069048DE76FF06706DAE76FF0E9
S315010134386906D7E70023C0E900338360704703466D
S3150101344808461BB11B680BB1DB681847002070479A
S3150101345810B5002486B005940C9C04940B9C039426
S315010134680A9C0294099C0194089C0094F4F764FF50
S3150101347806B010BD10B1006800B100787047CA04E2
S3150101348848BF41F480618B0448BF41F40061816002
S315010134987047022803D0031F58425841704701203B
S315010134A87047012802D0831F58425841704710B509
S315010134B8044686B0002118226846EDF733DD6946D0
S315010134C8A06800F012FB38B96846BDF8024000F061
S315010134D8E8FD204606B010BD0024FAE78068F4F736
S315010134E86FBF37B504460D461046694601AAF4F77A
S315010134F853FE28B9DDE9002329462046FEF7D9FA04
S3150101350803B030BD10B5A8B00446FFF7B3FF0728CD
S3150101351820D1A468002118226846EDF703DD694622
S31501013528204600F0E2FA18B10024204628B010BD61
S31501013538BDF80000BDF8021000F44F43B3F5824F00
S3150101354818BF0020C0B201F01EF90446684600F012
S31501013558A8FDEAE7A0222146684605F0E1FB68468F
S31501013568FFF788FF0238022802D8019B1C78DCE79D
S3150101357800231B78FFDE10B586B00446FFF77AFFF4
S3150101358807281BD1A468002118226846EDF7CADC71
S315010135986946204600F0A9FA90B9BDF80040684687
S315010135A800F07FFD04F44F43B3F5824F0AD044F28C
S315010135B8010324F44050C31A5842584106B010BDBC
S315010135C80020FBE70220F9E72DE9F04F002787B034
S315010135D880460E46CDE904772AB96FF06B04204679
S315010135E807B0BDE8F08F0A440392024603A8F5F72E
S315010135F873F8041EF3DB039B9A1B002AEDDD5A1EA1
S31501013608651C039231462A4603F8017C03A8FEF795
S31501013618C5F9B0F1000A52DB0322314603A8FEF7C8
S31501013628E1F9B0F100094CDB4046FFF7A4FF8346F7
S315010136384046FFF7A0FF022836D14046FFF762FF51
S3150101364800F0FB03092B024627D104AA05A9FFF7B6
S315010136584EFE04460028C2D10746049B33B3DDE971
S315010136680432CDE90074314603A8FEF731FA041E86
S31501013678B5DB55444D4425442A46314603A8FEF790
S315010136888DF9041EABDB3022314603A8FEF7AAF9F0
S31501013698002812DB25444419A1E7314603A8FFF79F
S315010136A820FF041E9BDB27460124D6E7584604AAB8
S315010136B805A9F4F75DFD0028D1D004468FE75446E4
S315010136C88DE74C468BE710B5044608B1F5F73EF888
S315010136D82046BDE8104005F0E4BF00F4E040B0F52E
S315010136E8805F04D0A0F50053584258417047012024
S315010136F870473AB1002918BF00232121D21A18446B
S31501013708EDF7109C70472DE9F743DDE90A89CDE903
S31501013718008904460D4616461F4602F0FFFD10F1C3
S31501013728860F15D13B46324629462046CDE9008901
S3150101373803F065FA10F1860F0AD13B46324629464E
S315010137482046CDE90A8903B0BDE8F04300F02CBE55
S3150101375803B0BDE8F083434213F07F0314D05F2B16
S31501013768C3F1000000F3AC8010F10E0F29DA10F154
S315010137783B0F80F2D38010F13D0F7BDA10F1400F38
S3150101378808BF6FF093002BE010F56E5F00F0E18042
S3150101379800F3938010F59C4F76D05DDC10F5C44F8C
S315010137A800F0CB8031DC10F5C74F00F0C9803FDB53
S315010137B810F5C64F68D010F5C54F39D16FF086009F
S315010137C87047012300F10E02934040F2155213424C
S315010137D8F4D100283FD010F1080F08BF6FF0890016
S315010137E818BF6FF083007047012300F16C02934003
S315010137F841F250521342E1D1DB0700F1B08010F1D9
S315010138086A0F08BF6FF08C00EAE710F5A24FD5D011
S3150101381811DC10F5C14F1CD006DC10F5C34F00F0C1
S31501013828958010F5C24FC8E710F5A34F00F08E80B9
S315010138386FF08300704710F59E4F00F0908005DC0C
S3150101384810F5A14F05D010F59F4FB6E710F59D4F1D
S31501013858EED16FF08500704710F5785F73D01EDCE5
S3150101386810F5994FAAD008DC10F59B4F6ED010F5CB
S315010138789A4FDDD16FF09300704710F57E5F65D0E1
S3150101388805DC10F5984FD3D16FF09400704720F0FD
S31501013898800010F57C5F08BF6FF08600A0E710F580
S315010138A8705F56D0C4DC10F5725FD2D0C0DC10F55A
S315010138B8765F83D010F5745F7FE710F15F0F29DA20
S315010138C810F16C0F90DA10F1700F45D010F16F0FEE
S315010138D81ADA10F5645FD7D00DDC10F5685FB8D038
S315010138E806DC10F56C5F3FF469AF10F56A5FAFE767
S315010138F810F5665FACE710F5625F30D010F1720F13
S3150101390808BF6FF085006BE710F16E0F08BF6FF006
S31501013918960065E700287FF727AF89E710F1200FA1
S3150101392897D010F11F0F05DA10F1220F91D010F17E
S31501013938210FB0E710F1100F63E76FF0950070479B
S315010139486FF0960070476FF0910070476FF08C0029
S3150101395870476FF0840070476FF0920070476FF0FF
S315010139688900704741F2052398421AD8B0F5905F4C
S3150101397809D241F2010398420CD0B0F5885F09D00A
S315010139886FF0850070472923A0F5905080B2C34096
S31501013998DB07F5D511F0070F0CBF00206FF0860084
S315010139A87047B0F5105FEBD121F04003802B06D0AB
S315010139B8B1F5807F0CBF00206FF0860070470020AB
S315010139C8704770B5046A05460E463CB9012003F0F5
S315010139D870FC286228B120466E6270BD6FF08A00BC
S315010139E8FBE76FF08C00F8E7F8B50F461146064676
S315010139F81546FFF7E6FF044620B92A463946306AD5
S31501013A0805F08EF92046F8BD2DE9F14F0C9E834646
S31501013A18DDE90A9A88461F4615460488002A39D0DF
S31501013A282046FFF75AFEE8B133680BB9D300336074
S31501013A3820463168FFF796FF044678B90731B5EB99
S31501013A48D10F21D14D4522D82A464146384605F09E
S31501013A5867F933680733DB08CAF80030204601B035
S31501013A68BDE8F08F630415D504F44F44B4F5824FCC
S31501013A7810D13B465846CDE90BA6CDF8289001B0A1
S31501013A88BDE8F04F00F0E6BB6FF08604E6E76FF09C
S31501013A988904E3E76FF08504E0E710B50446006A97
S31501013AA810B1616AFFF70FFE0020C4E9080010BDD5
S31501013AB838B50546FFF7F1FF2B7E0446012B0ED0DB
S31501013AC8023B012B0ED8EB69012B18BF6FF0960447
S31501013AD8282200212846EDF725DA204638BDEB696B
S31501013AE8002BF2E76FF09604F2E773B5054608462F
S31501013AF80C4600F0D6FA002328461A4601A9F5F71D
S31501013B0899F850B9019E35460FCD0FC495E80300C2
S31501013B1884E803003046F5F729FF02B070BD2DE9A7
S31501013B28F04704888C46DDE9087804F4E04EBEF5D1
S31501013B38804F15461E4644F2010E24F440591AD106
S31501013B48F14507D004F44F44B4F5824F02D0B4F5D8
S31501013B58844F20D1BD421BD861462A46304605F01D
S31501013B68DFF800217A1B7019EDF7DCD90020C8F8B6
S31501013B780050BDE8F087F1450DD004F44F44B4F582
S31501013B88824F08D1CDE90878BDE8F04700F090BB2E
S31501013B986FF08900EDE76FF08500EAE7F0B50F46AA
S31501013BA81E46154685B00AB3002303A91A46336092
S31501013BB8F5F740F8044638B9039803885B0406D437
S31501013BC8F5F7D4FE6FF08604204605B0F0BDCDE9C0
S31501013BD800563B46D0E9081200F067FA04460398F5
S31501013BE8F5F7C4FE002C08BF0446EDE76FF089041A
S31501013BF8EAE770B40024DDE903652C6000F0FE44B0
S31501013C08B4F1007F04D1CDE9036570BCFFF77BBD33
S31501013C186FF0860070BC70472DE9F04F456889B091
S31501013C282D0A0446DDE91267DDE914899B46CDE9CA
S31501013C380612DDF858A006D0012D1CD06FF08600BA
S31501013C4809B0BDE8F08FCDE9039ACDE9017800966F
S31501013C5802F0D1FF10F1860FF2D1DDE906125B46BA
S31501013C682046CDE9159ACDE91378129609B0BDE832
S31501013C78F04FF5F7D1B9CDE9159ACDE91378129631
S31501013C8809B0BDE8F04F02F0B0BF2DE9F04F8B4600
S31501013C98994600238BB0DDF85C800446DDE915A75A
S31501013CA811465846C8F800301646F4F7D9FE0028D9
S31501013CB85AD1002F6AD0BBF1000F2046334614BFF3
S31501013CC84FF480624FF4805209A9F4F7B3FF044611
S31501013CD800283CD1099D2B8803F4E043B3F5E04F55
S31501013CE851D1D5E90812BBF1000F40D06B681B0A07
S31501013CF80DD0012B1FD0149B2846CDE90093CDE9A0
S31501013D0803783346CDF808A0F5F7B0F91EE0149B00
S31501013D182846CDE90093CDE903783346CDF808A0C5
S31501013D28CDE9061202F065FF10F1860F04460ED1A0
S31501013D38DDE90612DFE7149B2846CDE90093CDE9B3
S31501013D4803783346CDF808A002F04DFF04463A46FA
S31501013D5821465046D8F80030FFF7CBFC0998F5F70C
S31501013D6805FE002C18BF20460BB0BDE8F08F149B49
S31501013D782846CDE90093CDE903783346CDF808A065
S31501013D88FFF74AFFE2E76FF08604E0E76FF0890083
S31501013D98EAE71FB5089C0394079C0294069CCDE9A2
S31501013DA8003413460A460121FFF76FFF04B010BD1F
S31501013DB81FB5089C0394079C0294069CCDE900341F
S31501013DC813460A460021FFF760FF04B010BD2DE92D
S31501013DD8F04F456887B02D0A0446DDE91067DDE92C
S31501013DE8128992469B46059106D0012D1AD06FF08C
S31501013DF8860007B0BDE8F08FCDE90289CDE90067F4
S31501013E0802F0FBFE10F1860FF3D15B4652462046BE
S31501013E180599CDE91289CDE9106707B0BDE8F04FDB
S31501013E28F5F770B9CDE91289CDE9106707B0BDE893
S31501013E38F04F02F0DCBEF0B5074687B000200C460C
S31501013E4815461E46F4F70CFED0B923464FF4005227
S31501013E58384605A9F4F7EEFE90B90D9B059803932B
S31501013E680C9B0095CDE901632346D0E90812FFF7BA
S31501013E78AEFF04460598F5F779FD002C18BF2046D3
S31501013E8807B0F0BD036819430CBF01200020704734
S31501013E98F4F75EBE70B505880446DDE90462284675
S31501013EA80699FFF71AFC28B13046BDE8704011465C
S31501013EB8F4F74EBE25F0FF05B5F5E24F06D10B46DF
S31501013EC820463146BDE87040F5F732BB6FF08500F3
S31501013ED870BD2DE9F04F1E46002389B01746129A87
S31501013EE8CDE905331360438881460D46002B00F061
S31501013EF8D580038803F4E043B3F5804F00F0CE8003
S31501013F0831462846FFF7BEFF002800F0C78049461B
S31501013F18012006AB05AAF4F751FF0446002840F033
S31501013F288880059B5B6AB3B1DDF81490CA46D9F856
S31501013F380430D9F820B0190AC3F31623012B5AF80C
S31501013F48248F00F0A480002978D06FF086040598A3
S31501013F58FFF7A3FD6DE0D9F804301A0A62D1B9F861
S31501013F6800A0B9F802105046FFF7B7FB80B15046D9
S31501013F78FFF7F8FC044600285BD10AF4E043B3F5E0
S31501013F88805F02D0B3F5005F0AD10731CA0817E08D
S31501013F982AF0FF03B3F5E24F37D06FF0850448E005
S31501013FA80AF44F43B3F5844FEFD047F201039A451B
S31501013FB80FD149080131C90801EBC10101F13B02E0
S31501013FC8079207990598FFF7FCFC04460028ABD030
S31501013FD82FE044F201039A4503D1C90801F1100200
S31501013FE8EEE747F202039A4505D1C90801EB4101FA
S31501013FF801F15A02E4E744F202039A4505D1C908D7
S3150101400801EB410101F14A02DAE72AF0FF00B0F5B5
S31501014018E24FBAD0B0F5824F01BFCC1DE408640066
S31501014028621CCDE7484607A9F5F76CF9044600284D
S31501014038C7D0DDE90501F4F753FF24E0B9F80030EB
S315010140485B040BD433463A4629464846CDE9018AEB
S31501014058CDF800B0FFF71EFF044609E05346424674
S315010140685946484602F0D8FB10F1860F0446E9D0B5
S315010140780598002C7FF46BAF129A0699F4F7FEFEA8
S3150101408804460028D5D1204609B0BDE8F08F53462C
S31501014098424659464846FAF74BF8DDE76FF086047A
S315010140A8F1E718220021ECF73D9F2DE9F347456811
S315010140B80446DDE90A672D0A884691469A4606D0DD
S315010140C8012D16D06FF0860002B0BDE8F087CDE963
S315010140D8006702F0B4FB10F1860FF5D153464A4643
S315010140E841462046CDE90A6702B0BDE8F047FFF728
S315010140F816BDCDE90A6702B0BDE8F04702F09EBADE
S315010141082DE9F84300F4E049B9F5804F05460C4617
S3150101411890461F4612D100F44F43B3F5824F02D19F
S31501014128C3B2412B0AD0FB0705D57B0844B1E21D71
S31501014138B3EBD20F05D06FF0860562E03B46F5E792
S31501014148DC008021012003F0B4F8064600287ED060
S31501014158FFF718F805F44F43B3F5824F07D1E8B2D3
S31501014168302859D00DD8122815D017285CD06FF0F0
S3150101417886043046FFF748F8304605F092FA254697
S315010141883FE04128F3D1B4F5807F52D0B4F5E07F01
S315010141980ED0FF2C0BE040F209239C4208D036D8F9
S315010141A8B4F5807F04D02FD824F02003C02BDED1AB
S315010141B8214600F0E8FA0146002843D03046F3F7D4
S315010141C84FFFFFF7C8FA054600283ED1B9F5804FDA
S315010141D831D106F168093B46424649463046F3F76D
S315010141E811FCFFF7B8FA04460028C2D14946304600
S315010141F8F3F74EFCFFF7AFFA04460028B9D1089B3D
S315010142081E602846BDE8F883B4F5C07FCFE7B4F54B
S31501014218047FACD11C46CBE724F08003B3F5807F3C
S31501014228C6D0B4F5007FC2E7C02CC1D0B4F5807FF2
S31501014238BDE7FF24BCE73B46424631463078F3F7F2
S31501014248BFFED7E76FF0850493E7044691E76FF060
S315010142588C05D6E77FB51E460023039303AB00936E
S31501014268054613460A4641880088FFF749FF044671
S31501014278A0B92888039900F44F42B2F5824F0B6C15
S3150101428803D1C2B2412A08BF01330A9A1360099BB5
S3150101429832460093089BF5F707F90446039D28461C
S315010142A8FEF7B2FF284605F0FCF9204604B070BDB9
S315010142B87FB51E460023039303AB009305461346B8
S315010142C80A4641880088FFF71BFF0446D0B92888AA
S315010142D8039D00F44F43B3F5824F099B0CBFC0B24E
S315010142E84FF482403246294608BF40F48240009382
S315010142F8089BF5F7D9F804462846FEF785FF2846AF
S3150101430805F0CFF9204604B070BD036870B50546BE
S315010143180E46002B45D101F17E43053B062B32D8CA
S31501014328DFE803F0043131131C222B00041D20465A
S3150101433801F08EFF2046F8F787FF044668BB2E6019
S315010143482046BDE87040FFF706BA041D204601F074
S315010143587BFF01212046F8F745FFEEE7041D2046BC
S3150101436801F072FF0021F5E7041D204601F068FFFF
S3150101437801212046F8F704FFDFE7041D204601F075
S315010143885FFF0021F5E701F0FE46B6F1007F14BF94
S315010143986FF086006FF0850070BD2846F5F700F9C4
S315010143A8CEE76FF08800F7E72DE9F0430446B9B087
S315010143B80E46DDE940890021174601A8DC221D4682
S315010143C8ECF7B0DD2146C9F8008001A8FFF79DFF8A
S315010143D8044630B101A8F5F7E3F8204639B0BDE83E
S315010143E8F0833A46314601A8F5F700F90446002853
S315010143F8F0D14B464246294601A8F5F71BF9044671
S3150101440801A8F5F7CDF8002C08BF0446E5E7037EB8
S31501014418022B06D1C3695A1C03D00133C36100209B
S3150101442870476FF09600704703466FF040420846A1
S31501014438591E914207D338B103F1404393428CBFC8
S3150101444800200120704701207047034668B1017EAB
S315010144588A1E012A0BD80329C26903D1012A01D16E
S31501014468FFF726BB1AB1013ADA61002070476FF0EE
S315010144789600704700207047C0B2FF280CBF6FF045
S3150101448886000020704737B50C4601A90546F5F7A0
S31501014498F1F930B90198256003B0BDE83040F5F767
S315010144A865BA10F1880F4FF0000308BF6FF08B0052
S315010144B8236003B030BD07B500216A4601F003FF49
S315010144C88C3018BF012003B05DF804FB13B5002138
S315010144D86A46044601F0F7FE8C3002D1002002B08B
S315010144E810BD00212046F9F78DF9014610B16FF08B
S315010144F89800F4E76A46204601F0E5FE8C30EDD0D6
S31501014508F5E72DE9FF4107461446884600293FD0BC
S31501014518002A3DD0B2F5005F3DD202F124063146AB
S31501014528012002F0C6FE0546C0B303463A462146B6
S315010145384046F5F76FFA7F6900243846FFF7BBFF56
S3150101454801281FD021462B46324638460094F9F7F1
S315010145588BF80146C8B9384602AA01F0B4FE0446E9
S3150101456820B9029B9E4205D06FF098043846002176
S31501014578F9F748F931462846FFF7A5F8204604B068
S31501014588BDE8F0816FF08A04F4E76FF09804F1E76A
S315010145986FF08604F2E76FF08D04EFE76FF08C0494
S315010145A8ECE7FFF790B82DE9F047D0F814A086B0EB
S315010145B88146884617465046002104AA01F083FE22
S315010145C8044610BB049E0120314602F072FE0546DF
S315010145D8002837D02146504604AA039401F073FEF8
S315010145E8044670B903AB02462146CDE9005350464C
S315010145F83346F9F7ABF8039B04469E4209D06FF09F
S31501014608980431462846FFF75EF8204606B0BDE80C
S31501014618F0870028F5D13B46424631462846CDF872
S315010146280090F5F715FA04460028EAD1D8F80030C2
S315010146382BB13B68002B08BF6FF09104E1E76FF0DE
S315010146489104DEE76FF08C04DFE773B50C46164675
S3150101465802783AB19A1BA2420BDA6FF06B0528462A
S3150101466802B070BD013C00F10100F1D16FF067059F
S31501014678F5E71B1B224601461846019304F050FB38
S3150101468890F90020002A08DA821B002AE5DD421E7C
S3150101469801920022013400F8012C2246314601A873
S315010146A8FDF77CF9051EDADB0222314601A8FDF781
S315010146B899F9002802DB25440544D0E70546CEE7EA
S315010146C82DE9F341064617461D460090014402238A
S315010146D8684601AAFDF7E2F818B9019B23B96FF0FB
S315010146E8670002B0BDE8F081009A92F900001178DD
S315010146F80028F4DB71B1DDF80480A845EFD8009CE8
S31501014708A5EB0800214642463844444404F008FB17
S31501014718A01BE6E7511C013B00910193002BEAD04E
S315010147285378002BE7D1DAE710F1860F13D010F190
S31501014738850F0BDA20F0020393330FD010F1970F8F
S315010147480CBF6FF06D004FF0FF307047003818BF8E
S315010147580120404270476FF0710070476FF06F009A
S31501014768704730B40024944201D130BC184731F95D
S315010147782450854201D00134F5E701EB8401B1F9F1
S31501014788020030BC7047122805D1B1F5807F0CBFF4
S3150101479803200020704700207047084608B51146D6
S315010147A8FFF776FB002818BF6FF03B0008BDF0B58F
S315010147B81D4693B0189CC31D2C440F46DE0801946F
S315010147C8002840D0B2EB460F3DD1B3F5847F3DD2E7
S315010147D8324602A804F0A4FA3246B9190AA804F025
S315010147E89FFA23462A4631460AA8FFF72EFF041ED9
S315010147F826DB019B2A461B1B314602A80193FFF7BB
S3150101480824FF2746041E1BDB019B27441B1B3A4633
S31501014818294601A80193FDF7C1F8041E10DB3022D0
S31501014828294601A8FDF7DEF8002812DB3C440444B9
S3150101483822462846019904F075FB199B1C60002440
S31501014848204613B0F0BD6FF06704F9E76FF06B040A
S31501014858F6E70446F4E72DE9F04700F1070A92B0B5
S315010148680E469046994600914FEADA0A00283DD04C
S315010148781A9B4FEA4A07B3EB4A0F3AD3402F38D866
S315010148883023684601AA4144FDF708F8044648BBA6
S3150101489801463A4602A8ECF745DBDDE90001534634
S315010148A802AAFFF70DFF051E26DB0098019902AA48
S315010148B82844491B5346524400900191FFF700FFD2
S315010148C8051E19DB009B019A2B4400939B1B521B66
S315010148D84345019212D13A46484602A904F020FA03
S315010148E81B9B1F60204612B0BDE8F0876FF0670475
S315010148F8F8E76FF06B04F5E72C46F3E76FF065040B
S31501014908F0E76FF01B007047704703463038C2B2B3
S31501014918092A0FD9A3F16102052A02D8A3F1570081
S315010149287047A3F14102052A02D8A3F1370070475E
S315010149384FF0FF30704710B504460078FFF7E5FFE1
S3150101494801466078FFF7E1FF4A1C04D0431C0CBFFE
S31501014958014640EA0111084610BD2DE9F34706460D
S315010149680F4690464FF00009B8F1000F14D14A4697
S3150101497839463046FDF712F8041E09DB302239465D
S315010149883046FDF72FF800284BDBA14400EB09045B
S31501014998204602B0BDE8F087D8F81030D8E901A55C
S315010149A8009339463046D8F81430D8F80C20FDF76B
S315010149B8CBF8041EECDB2A46534639463046FDF749
S315010149C878F8051E2BDB25442A4639463046FCF77D
S315010149D8E5FFB0F1000A20DB302239463046FDF702
S315010149E801F8041ED4DBAA44A2445246394630468C
S315010149F8FCF7D4FF051E12DB312239463046FCF796
S31501014A08F1FF041EC4DB05EB0A032344002B1C46F4
S31501014A18BEDBD8F818809944A6E75446B8E72C4670
S31501014A28B6E70446B4E72DE9F74F064600680F468F
S31501014A388842904699460D9C05D26FF06B0528462A
S31501014A4803B0BDE8F08F431AA342F6D3001B2246F1
S31501014A580C99306004F064F93368DA1B002AECDD3D
S31501014A684FF0000B5A1E0134326039462246304650
S31501014A7803F801BCFCF792FF051EE0DB0322394668
S31501014A883046FCF7AFFFB0F1000A12DB9DF838306A
S31501014A984246043B18BF01233946CDE900B33046E6
S31501014AA84B46FDF715F8002805DB2C445444051936
S31501014AB8C5E75546C3E70546C1E72DE9F84F074658
S31501014AC8884616464FF000091EB94C462046BDE8F0
S31501014AD8F88FD6E9043241463846013B0132FCF7E3
S31501014AE8CEFF041EF2DB326941463846013AFCF72C
S31501014AF855FFB0F1000A48DB042241463846FCF766
S31501014B0871FF051E3DDB7369A2441B7855443BB110
S31501014B18012241463846FCF7FEFF041ED6DB254431
S31501014B284146D6E901323846FCF7A9FFB0F1000B37
S31501014B3829DB414638467268FCF730FFB0F1000AB5
S31501014B4823DB062241463846FCF74CFF041EBDDB32
S31501014B585D44554425442A4641463846FCF71EFF1D
S31501014B68B0F1000A11DB302241463846FCF73AFF1B
S31501014B78041EABDBAA4414EB0A04A7D4B669A14403
S31501014B88A2E72C46A2E75C46A0E754469EE7102217
S31501014B980021ECF7C79910B5044660B10430FCF75A
S31501014BA8D9FE04F10C00FCF7D5FE2046BDE81040FC
S31501014BB81021F3F7CBBD10BD017270470160704733
S31501014BC838B50D46041D2046FCF7C4FE2946204684
S31501014BD8BDE83840F4F7D6BF08B5082000F028F833
S31501014BE8BDE80840082000F02EB84FF0FF307047A5
S31501014BF8FEE70020704701207047012070474FF0FA
S31501014C08FF30704700207047002070470020704729
S31501014C18F5F76CBAFEE700239A4200D1704710B541
S31501014C2850F8234041F8234001339A42F8D110BD87
S31501014C384FF060420123D2F8001E83400B43002046
S31501014C48C2F8003E70474FF060410122D1F8003E9B
S31501014C58824023EA02030020C1F8003E7047F8B5F5
S31501014C680E461746044660B1EBF734DE05463A4669
S31501014C7831462046F7F75CFB2846EBF726DE00208E
S31501014C88F8BD2220FCE7C16C836910B5DA1CA1F1D4
S31501014C981404B2FBF4F203EBC2000330B0FBF4F0E7
S31501014CA8B1F5805F00F1010002D1012828BF012079
S31501014CB8013010BD38B505460C46FFF7E4FFE96C2E
S31501014CC8A1F11402B1F5805F02FB00F304D1A969D0
S31501014CD8B1F57E6F88BFCC3304B10834E01DB0FB52
S31501014CE8F2F01C44013004EBC00038BD38B5054665
S31501014CF884692146FFF7DEFFEA6C04F10F03143AD2
S31501014D08B3FBF2F304EBC3041034204438BDF7B501
S31501014D1806460D460C4601F10807336C01225B690B
S31501014D28204601A99847019B01330CD1A742F36C8F
S31501014D3803D1A3F1140003B0F0BD043485EA0402DA
S31501014D485B421A42E9D00020F5E770B505460C46E3
S31501014D58FBF772FD2B6C2046BDE87040DB681847EE
S31501014D6870B50025044686B04562236AAB4202D86E
S31501014D78606A06B070BDE66C2068236C05225B6922
S31501014D8801A906FB0500984701A800F0BDFD00F041
S31501014D98E0FD10B1636A013363620135E5E737B5B1
S31501014DA8044694F87430C56C0068009305FB01014B
S31501014DB804F14803206C00F0D9FD05462046FFF7AA
S31501014DC8CFFF284603B030BD2DE9F04700254FF046
S31501014DD8FF384FF6FF730446C1462F46C0E909530A
S31501014DE886B0236ABB420DD8A5EB0805012D06D964
S31501014DF84FF6FF730025A362236AAB4226D806B094
S31501014E08BDE8F0872368226CE06C566900FB073020
S31501014E18052201A9B04701A800F076FD824601A83D
S31501014E2800F049FD0646504600F093FD60B1B145D3
S31501014E3888BFA762B04528BFB046B54238BF3546D7
S31501014E48B146636A013363620137CAE7E66C2068D2
S31501014E58236C052206FB05005B6901A9984701A890
S31501014E6800F029FD0135C7E7F0B50546002687B0EB
S31501014E782C6A013CB44203D80C46204607B0F0BD62
S31501014E8801B14C1EEF6C28682B6C05225B6901A9DF
S31501014E9807FB0400984701A800F036FD00F059FD0B
S31501014EA80028EAD121460136E2E7F0B504460D4666
S31501014EB8C66C236C006887B005225B6901A906FBEC
S31501014EC80500984701A800F01FFD00F042FD20B139
S31501014ED801A800F0F0FC07B0F0BD29462046FFF70E
S31501014EE8C3FF0646E76C2068236C05225B6901A9A5
S31501014EF807FB0600984701A800F0DDFC431CEAD030
S31501014F08B54238BF0130E6E72DE9F0434FF6FF799F
S31501014F18D0F8288004460E46C84514BF45460025E3
S31501014F28002787B0236ABB4202D807B0BDE8F083E0
S31501014F38226C2368E06CD2F814C000FB0530052207
S31501014F4801A9E04701A800F0DFFC022806D0C845FF
S31501014F580CD1721C29462046FFF721FF236A013528
S31501014F68B5FBF3F2013703FB1255DBE72946204668
S31501014F78FFF79BFFB0F1FF3F14BF024632460132EC
S31501014F88E8E70368F0B5CC1AC36C0646B4FBF3F43B
S31501014F98002587B0336A37685A1E9542F06C08D3E3
S31501014FA8F06C336800FB043007B0BDE8F04000F04F
S31501014FB8DBBC0134B4FBF3F203FB1244336C052267
S31501014FC85B6901A900FB0470984701A800F09CFCE4
S31501014FD800F0BFFC0028E3D10135DBE710B423F06B
S31501014FE8030422449B070A44C36C18BF04325B427B
S31501014FF882EA0104234203D05DF8044BFFF7C1BFDE
S3150101500810465DF8044B70472DE9F041D0E90B369E
S315010150189E42044686B028D11422036A456802FBDA
S315010150281355284606B0BDE8F0812068E76C331AA6
S31501015038B3FBF7F3226C07FB0300D2F8148001A92D
S315010150480522C04701A800F05FFC012804D0E36CE2
S315010150581D44013B3340ED1A31462046FFF791FFC6
S315010150680646E36AB342E0D1DBE70025F9E713B562
S315010150780C46002121760093616813462246F5F70D
S31501015088ABF918B1E37D03B1A07EA075A07D02B08D
S3150101509810BD08B508301346D1E90012F6F744FFE9
S315010150A8012008BD73B5164600F108050C462846C8
S315010150B809680DF1070200F0A5FA032E06D1636806
S315010150C8834203D12846216800F06BFA012002B018
S315010150D870BDD01E009B42424241187E824211D1C7
S315010150E81A688A420ED85A688A420BD35A6901321A
S315010150F85A61D3E9030282423FBF986840F82210F8
S3150101510801321A610120704710B5032A029C07D1A1
S31501015118E26A5340E26C5242134201D100F041FA6C
S31501015128012010BD08B5C36800209847BDE80840AD
S31501015138FBF7A4BB012814BF0420022070B5002483
S3150101514842431C70CC7D101D02F002024CB91AB102
S31501015158012220F003001A7000F108034868184477
S3150101516870BD1AB1012220F003001A7000230C7ECA
S3150101517801F12005DAB2944201D80020F0E735F8A9
S3150101518833205E1C824206D901EBC30300F10802F2
S31501015198D8691044E4E73346801AEBE773B5054647
S315010151A890F84A601C4630460DF10303FFF7C2FF2A
S315010151B82B6C012E5B690DD1324601A998479DF8E1
S315010151C8033013B1BDF806300193BDF804302360ED
S315010151D802B070BD0122214602B0BDE870401847F0
S315010151E8F0B50546002448682B6C87B00E460122A6
S315010151F85B69029402A908309847274695F84A300F
S31501015208012B40F08480632C02D9029807B0F0BDC6
S31501015218612C08D805AB224631462846FFF7BEFF61
S315010152289DF814301BB305AB2246314628468DF845
S315010152381070FFF7B3FF95F84A30012B059B55D13D
S315010152484FF6FF72934200F09680082205A904A839
S3150101525800F0B1FB059B9DF81010C3F3072291429B
S3150101526840F08980DBB2029A1A44029283E095F8EA
S315010152784A30012B30D122463146284603ABFFF786
S315010152888DFF3146284604AB621CFFF787FF31467D
S31501015298284605ABA21CFFF781FF102208230DEB57
S315010152A802010DF107008DF8073000F084FB102289
S315010152B805A90DF1070000F07EFB039BDAB2002A6E
S315010152C852D19DF80720B2EB132F4DD1DDE90432F6
S315010152D803EB0243029347E0302C2BD944E09DF8B6
S315010152E80720B2EB134F3FD1049BF3E7013342D0B9
S315010152F8102205A90DEB020000F05DFB059B9DF847
S315010153081010C3F30742914235D19BB2ABE7312C59
S315010153183FF67BAF87D005AB224631462846FFF7D4
S315010153283DFFBDF81430002B7FF47DAF95F84A3067
S31501015338012BA0D022463146284603ABFFF72EFFA3
S315010153483146284604AB621CFFF728FF10232022A9
S315010153580DEB03010DF107008DF8073000F02BFB6A
S31501015368039B9AB2002ABAD095F84A30012B14BF89
S31501015378012302231C44013440E713B50024019497
S31501015388049C0094F5F776FC02B010BD13B501240F
S315010153980194049C0094F5F76DFC02B010BD50F818
S315010153A83130C3F3130343EA025340F831307047EE
S315010153B8C368F0B58BB100240768013B1E19700853
S315010153C857F83050C5F31305A94202D110600020E0
S315010153D8F0BD04D9441C9C42F0D92D20F8E7012ED1
S315010153E8FBD9431EF7E700234FF0FF3230B5446876
S315010153F89C4203D100230372C36030BD016801EBEE
S31501015408C30541F833206A600133F1E7C0E90012A7
S31501015418FFF7E9BF73B51E4600230193C368044626
S31501015428154613B9002002B070BD42689342F9D8F6
S3150101543801AAFFF7BDFF0028F4D12068019950F8A8
S31501015448313000EBC1040133ECD03246FFF7A7FF37
S3150101545801206560E7E770B5046893420AD854F8F4
S315010154683230C3F31303994200D901320020049B58
S315010154781A6070BD54F83300C0F31300814201D993
S315010154885A1CF3E754F83200C0F313008142EDD3F5
S315010154989E18700854F83050C5F31305A94201D175
S315010154A8421CE3E701D9421CD7E7012E01D9431E64
S315010154B8D3E72D20DDE7F0B5C368013B8B4200D365
S315010154C83BB90B4304D103681A689A605A68DA60D2
S315010154D8F0BD0468DA0054F83370083204EBC306E8
S315010154E8A518A75072686A60E7E72DE9FF471F46C5
S315010154F8C668436804469E428846914604D3032FEB
S315010155084DD10123237227E0002203924EB103AB49
S315010155180093731EFFF79FFF18B920460399FFF7FA
S31501015528CAFF4FF0FF3303992268013602EBC10026
S3150101553842F83130436020683A4650F8313000EB81
S31501015548C1051B0D1B0548EA030340F83130FFF776
S3150101555826FFC5F80490E660002004B0BDE8F0878F
S3150101556801318B42CDD0206850F8315000EBC10A88
S31501015578C5F30752032AF3D12D0D2D0548EA050571
S315010155883A4640F83150FFF70AFF012ECAF804904E
S31501015598E2D9204604B0BDE8F047F6F79BBB0021E6
S315010155A8DFE70023F7B5C56804460F460193FDB148
S315010155B843689D421CD801AAFFF7FAFEC0B9019AB0
S315010155C826684FEAC20C56F8320006EBC203411CA3
S315010155D80ED0C0F3130087420AD14FF0FF3146F8C6
S315010155E80C100D445960954203F1080302D8E56090
S315010155F803B0F0BD1968013243F8081C596843F82C
S31501015608041CF0E7002337B50193C3680446154620
S315010156181BB94FF0FF3003B030BD42689342F8D849
S3150101562801AAFFF7C5FE0028F3D1019B2168DA001B
S3150101563851F83330591CECD01B0D2B7023681344D8
S315010156485868E8E730B50D4604468BB06846EBF76E
S315010156582DD82A4621466846F6F78AFF002818BF3B
S3150101566874200BB030BD7047F0B50E468BB097006C
S3150101567840F0C0456846EBF719D83B4632462946FC
S315010156886846F7F7A7F8044638B93A46314628462F
S3150101569803F038FC002818BF3D2420460BB0F0BDA5
S315010156A808B50346084643F0C04103439B070AD19F
S315010156B8091A03E01B68013A40F8043B4318002A1A
S315010156C8F8D1002008BD920003F02AFBF9E730B5AD
S315010156D88BB040F0C0446846EAF7E8DF012221466B
S315010156E86846EAF7F9DF054630B9F6F781FE20F093
S315010156F803002044844202D128460BB030BD2368F9
S31501015708013301D10434F5E73E25F5E713B504461E
S315010157186846F6F753FEBDF8023023804FF48073CD
S315010157286380F6F765FE6060002002B010BDF6F7EA
S31501015738BBBE30B58DB005460C46F6F75DFEA8B978
S3150101574802A8EAF7B3DF694601AA02A8F6F7DEFF5E
S3150101575840B9009B9D4207D3019A2C4413449C42AC
S3150101576888BF6E200DB030BD6E20FBE71020F9E72A
S31501015778704713B50023044601461B220DF10700A4
S315010157888DF8073000F017F922689DF80730B3EB59
S31501015798D26F0CBF0120002002B010BD13B5002342
S315010157A80446014620220DF107008DF8073000F065
S315010157B802F90DF107001A22211D00F0FCF86268B1
S315010157C89DF80730B3EB926F0CBF0120002002B0A0
S315010157D810BD0068431C584258417047006810F0D3
S315010157E87E0F0CBFC0F3C160002070470068C0F38B
S315010157F8D3107047006800F07F0001288CBF002094
S3150101580801207047036813F07E0F14BF0420082096
S315010158187047036813F07E0F03D1406820F07C407E
S31501015828704713F078001CBF03F07F03D81F704738
S31501015838006800F07F007047032809D0022803D1C8
S31501015848C1F10201C8B2704700290CBF0720002027
S31501015858704737B5054601F10C04436969460122CA
S3150101586820469847BDF80030012201932046AB69CD
S3150101587801A9984703B030BD37B501F10C04436955
S31501015888012269460546204698474FF6FF72009B55
S3150101589899B291420DD11B0C1B0443F4254343F0E4
S315010158A8A503019301222046AB6901A9984703B0D3
S315010158B830BD0020FBE737B5044600251B22011D33
S315010158C80DF107008DF8075000F075F860689DF82D
S315010158D80720B2EBD06F03D120F0784003B030BD79
S315010158E80DF107001B2204F108018DF8075000F09C
S315010158F862F8A0689DF80730B3EBD06F01D1C043B8
S31501015908EAE74FF0FF30E9E74BF29A22036810B54F
S31501015918B2EB134F044613D19BB2012B13D1FFF7F7
S31501015928CAFF01300CD04FF6FF72E068B2EB104F97
S315010159384FEA104309D180B2C01A18BF012010BD20
S315010159482368013303D00420F9E70220F7E703208E
S31501015958F5E701288CBF002001207047033801288B
S315010159688CBF002001207047143070472DE9F3419F
S3150101597805469846036908460E461746984704465A
S3150101598850B99DF820303A46009331464346284698
S31501015998F6F73CFC044618B131462846FFF759FF8C
S315010159A8204602B0BDE8F081408A80F0010000F08E
S315010159B80100400070471F2A0B689EBF4FF0FF3157
S315010159C891408B43590801F055315B1A03F0333184
S315010159D89B0803F033330B44017803EB13130A4491
S315010159E84FF0013103F00F334B43A2EB13620270FF
S315010159F8704770B5054614460E46EAF762DF2B680D
S31501015A085C4034405C402C60BDE87040EAF7549F25
S31501015A18704708B1EAF74A9E212070472DE9F84FE8
S31501015A280646894617461C46002B70D028B121B176
S31501015A381AB10378032B02D853B9212068E0043B34
S31501015A48012BFAD880254168021D00F1540A04E0A8
S31501015A5840254168021D00F12C0A1346081943F82D
S31501015A68040B4FEAD50E1FD2724453F8040B0028D2
S31501015A7850D19A42F9D105F1FF3808EA0108A5EB97
S31501015A88080BB8F1000F22D15C4524D3B4FBF5FB11
S31501015A983A465B4649463046F6F7D0FEC0BB0BFB94
S31501015AA805F52F44641B30E09C465068A2F10408B1
S31501015AB801305060F044C445D6D05CF8040B002887
S31501015AC8F9D1DCF800000130CCF80000F3E75C45B8
S31501015AD808D2A542DAD9224639460AEB080003F06B
S31501015AE81FF914E05A4639460AEB080003F018F97A
S31501015AF80123524649463046F6F7A0FE40B9641BD2
S31501015B084444A54280465F44C0D9002CE3D1002014
S31501015B18BDE8F88F0F20FBE708B921207047002956
S31501015B28FBD0036813F0704209D1C3F309030B6073
S31501015B381BB94368002BF0D00B6000207047B2F106
S31501015B48004F07D18268D2040ED5C369002BE4D070
S31501015B581B68ECE7B2F1204FF4D0B2F1304FF1D026
S31501015B68B2F1404FEED0D8E7DBB2E0E737B50C46E4
S31501015B780546E0B1D9B1002301A90193FFF7CCFF8D
S31501015B8828B9296811F0704103D1019B236003B03B
S31501015B9830BDAA68B1F1204FC2F38033C2F3403553
S31501015BA8C2F3003215D004D8B1F1004F09D0212032
S31501015BB8EDE7B1F1304F02D0B1F1404FF7D12B44A6
S31501015BC804E0062103EB450301FB0233019A534322
S31501015BD8DCE72B4402EB82021344F7E72DE9F3478D
S31501015BE80C46904699460546E8B1E1B106680F6843
S31501015BF806F0704ABE4229D0BAF1004F10D186EAA1
S31501015C080703B3F1805F12D3B9F1000F49D1B8F196
S31501015C18000F21D0AB68A268534013F4E04F3EE070
S31501015C28BAF1404FEBD0212002B0BDE8F08700233D
S31501015C38284601A90193FFF76FFF0028F3D1019BBC
S31501015C48C3F30E031E431F43BE42ECD1BAF1000F43
S31501015C58DADBBAF1805F13D000236946284600933F
S31501015C68FFF75AFF0028DFD1019001A92046FFF766
S31501015C7853FF0028D8D1DDE900239A42D4D0D2E7CF
S31501015C88B9F1000F03D0A3689A04E5D4CBE7B8F1BB
S31501015C98000FE1D0A368AA68534013F4C04FDBD0C3
S31501015CA8C1E7B8F1000FEED0AB68A2685340DB0437
S31501015CB8E9D5B8E7F7B50C460546002832D00029DB
S31501015CC830D000230B60036803F070430B60C26890
S31501015CD8042A27D8DFE802F0060329292C0043F014
S31501015CE800632360EB68042B25D16A7C032A19D842
S31501015CF8236823F0407343EA026323602A7C1F2A3F
S31501015D0810D823F47C0343EA82432360AA7C072A39
S31501015D1808D823F4603343EAC2332360AB6813F02E
S31501015D28407F32D0212003B0F0BD43F08063D8E72C
S31501015D3843F04063D5E7AA68970102F040714AD555
S31501015D48B1F1407F4AD0002BECD04FF000722368A5
S31501015D5823F0407313432360EA68022A07D12A69AB
S31501015D68032ADFD823F47F0343EA02432360EB685E
S31501015D78032B03D12B69F52BD4D9A370AB681E0468
S31501015D8842BF236843F400432360EB68032B09D020
S31501015D9823682A6823F4FF4323F07F03C2F30E0223
S31501015DA8134323602A68AB6802F07042B2F1805F3F
S31501015DB803F4805703F480661CD213F4F84FB1D16A
S31501015DC803F480729B0564D4002A3BD0236843F40B
S31501015DD80063236036E0B1F1407F04D1002BA1D0E5
S31501015DE84FF04072B3E702F08072002BAFD1002A5F
S31501015DF8ADD097E7580403F4005143D4002991D053
S31501015E08226842F4005222601A0542BF236843F40C
S31501015E18006323601FB1236843F4805323602B6811
S31501015E2803F07043B3F1404F04D01EB1236843F424
S31501015E3880632360AB6803F4007203F480731A4329
S31501015E487FF470AF0023284601A90193FFF764FE89
S31501015E5800287FF468AF2B6813F070411ED12368BF
S31501015E68019A23F47F7323F00303C2F3090213434F
S31501015E782360002F3FF457AFEB69002B3FF452AF74
S31501015E880F2050E7226842F4804222600029BBD0E4
S31501015E98B6E7236843F48063236095E703F050432B
S31501015EA8B3F1004F06D0B1F1304F03D0B1F1404FF4
S31501015EB87FF438AF019B2268013BDBB222F0FF0276
S31501015EC813432360002F3FF42EAFEA69002A3FF4FA
S31501015ED829AFB1F1004FD3D1117F71B1002E3FF432
S31501015EE822AF43F400732360537F002B3FF41BAFAA
S31501015EF8236843F48073236015E7537F002B3FF42E
S31501015F0812AF002EF4D10EE773B50C46054608B952
S31501015F1821201AE00029FBD00123C6684B609E4265
S31501015F2817D8002301A90193FFF720FE68B9019B40
S31501015F3806B11C336A699A4209D32A69002AE7D04C
S31501015F48226043F000530020A36002B070BD1D20FA
S31501015F58FBE7023E022EDBD80023F4E72DE9F041E7
S31501015F680D46044698B0002869D0002967D04FF03C
S31501015F7800730360002315A9436003628360284601
S31501015F88FFF798FE002857D120461599EAF75ADCFA
S31501015F98AB68DB043CD52B68002B52DA4FF00108BC
S31501015FA8EE696946376873682046CDF8048000931F
S31501015FB8029700F034F9B368204603A9CDF8108099
S31501015FC80393059700F02BF9F368204606A9CDF846
S31501015FD81C800693089700F022F93369204609A91E
S31501015FE8CDF8288009930B9700F019F973692046B2
S31501015FF80CA9CDF834800C930E9700F010F9B3690A
S3150101600820460FA9CDF840800F93119700F007F9A3
S31501016018284612A9F6F7B6FE70B9204600F0FFF830
S31501016028284615A9FFF770FF30B9204615A9EAF7E1
S3150101603831DC2046EAF7D8DA18B0BDE8F08121202B
S31501016048FAE70F20F8E770B50E46154604468AB0F9
S31501016058002843D0002941D0002A3FD0002301223C
S3150101606829463046FFF7BAFD002835D1F368002BDA
S3150101607834D1EB685A1E012A01D9042B2ED14FF0CE
S31501016088807323600023284663602362A36007A9FE
S31501016098FFF710FE00BB20460799EAF7D3DB304626
S315010160A801A9FFF731FFB8B9204601A900F0B7F8F0
S315010160B8284604A9F6F766FE70B9204600F0AFF83E
S315010160C8284607A9FFF720FF30B9204607A9EAF7AD
S315010160D8E1DB2046EAF788DA0AB070BD2120FBE741
S315010160E870B50E46154604468EB000287AD00029A9
S315010160F878D0002A76D00023012229463046FFF7B7
S315010161086DFD002866D1F368002B6BD0032B63D193
S31501016118EB68042B66D14FF0837323600023304665
S3150101612863602362A3600BA9FFF7C4FD002851D15F
S3150101613820460B99EAF786DB284601A9FFF7BAFD3E
S31501016148002847D1E968019B042904BFC3F38540A7
S3150101615823F440614FEA936201BFDB0803F4E0438C
S315010161680B430193019918BFC3F3074021F47F71CA
S31501016178130221F00301014303F440731943C1F3E7
S31501016188140120460191EAF75DDB304605A9F6F7C8
S31501016198F9FDF8B9204600F042F8304608A9FFF79B
S315010161A8B3FEB8B9204608A900F039F8284602A96C
S315010161B8F6F7E8FD70B9204600F031F828460BA933
S315010161C8FFF7A2FE30B920460BA9EAF763DB2046A1
S315010161D8EAF70ADA0EB070BD042B03D0EB680BB1EE
S315010161E8032B98D12120F5E70138042815D8DFE8D2
S315010161F800F003080B0E11004FF4007300200B6029
S3150101620870474FF44073F9E74FF48063F6E74FF4AB
S31501016218A063F3E74FF4C063F0E7212070474368B1
S3150101622882B013B9416002B0704743680193019B7B
S315010162385B68012B019B01D15960F4E75B68F5E7BE
S3150101624800F0CCBD00F0CABD00F0C8BD00F0C6BD66
S3150101625800F0C4BD00F0C2BD08B548B14FF0FF3129
S31501016268EAF767DB002814BF6FF01D00002008BD9F
S315010162786FF01B00FBE708B538B1EAF778DB0028B0
S3150101628814BF6FF01D00002008BD6FF01B00FBE76E
S3150101629810B1006EEAF7F19F704710B5044630B1A7
S315010162A850238065C3651844EAF74FDF206610BDA0
S315010162B80120704738B505460C4619B10A46002131
S315010162C8EAF730DE38BDF0B506460C4615468DB0FF
S315010162D80AB300271022002108A8EAF723DECDE92F
S315010162E80577F7F785F907AB029305AB019306AB7A
S315010162F8214600933A46304608ABF7F74BF8044670
S3150101630820B1F7F7A3F920460DB0F0BD099B6B60E3
S31501016318059B2B60F5E76FF08604F4E72DE9F0415B
S31501016328ADF5067D1D46DDE98C3690460F4611B958
S31501016338002A40F082800DB9002B7ED1002E7CD037
S31501016348002200F17E4005383260062878D8DFE858
S3150101635800F00477771318263400132B0ED9002180
S315010163680846EAF721DB002841D06FF08F04204661
S315010163780DF5067DBDE8F0811B2B2CD86FF089043C
S31501016388F5E71F2BFAD900210846EAF70DDB0028A4
S31501016398EBD14FF406716846F8F7ECFA2CE02F2B8E
S315010163A8ECD900210846EAF7FFDA0028DDD14FF4D6
S315010163B806716846F8F7E4FA1EE03F2BDED900219B
S315010163C80846EAF7F1DA0028CFD14FF40671684693
S315010163D8F8F7DCFA10E000210846EAF7E5DA0028C1
S315010163E8C3D14FF406716846F8F7DCFA04E04FF4B5
S315010163F806716846F8F7D0FA0446EAF731DB002850
S31501016408B3D114B16FF09204B1E7424639466846F1
S3150101641801F050FA0028F5D12946684601F082FAB9
S315010164280028EFD1684601F0BAFA04460028E9D1F5
S31501016438684601F0BFFA306099E76FF0860496E77E
S315010164486FF0850493E708B5F5F7D6FF002814BF61
S315010164586FF09200002008BDFFF7F5BFF0B51C46A5
S3150101646800238BB023600F461646F5F7C5FF70B9B1
S315010164786846EAF71BD9054648B932463946684698
S31501016488F6F776F810B926600BB0F0BD25606FF006
S315010164989200F9E720F0FF03B3F5824F06D141389F
S315010164A8C0B2012894BF002001207047002070471F
S315010164B838B50A460C4600210546EAF733DD38BDEB
S315010164C8F0B50B46C168044601298DB033D12B2A93
S315010164D837D913F003071A460DD001AD03F1280C7C
S315010164E82E4610685168083203C662453546F7D10A
S315010164F8106801AA306001211180002151802168AB
S31501016508516061689160A168D1608FB101AA154690
S315010165180BAE144603CCB44218605960224603F106
S315010165280803F6D120682C2118602846FFF7C0FF19
S3150101653800200DB0F0BD0429FAD112B1027C1A70FE
S31501016548F6E76FF08900F4E72DE9F0439DB00D46B2
S31501016558DDE9248916461F460446002868D0002924
S3150101656866D0002A64D0002B62D0B8F1000F5FD043
S31501016578B9F1000F5CD02022002102A8EAF7D2DC8A
S3150101658820463246294602ABF7F70CFB0446F8B911
S315010165980AAD02AE0FCE0FC596E80F0085E80F00CA
S315010165A80C9A7B1C22F080720E9322F4804208F128
S315010165B8020323F0030342F4005201A90AA80D9428
S315010165C80F930C920194FFF7D1FA28B16FF0920457
S315010165D820461DB0BDE8F083019B01334345019374
S315010165E829D82822214612A8EAF79CDC12A8EAF73B
S315010165F85DD80028EAD10AAA02A912A8F6F7DCFB96
S31501016608012812D058B1482814BF6FF092046FF0CF
S31501016618850412A8FFF7FDF90028D9D0D6E7042386
S315010166283B70019BC9F80030F3E76FF08B04F0E783
S315010166386FF08604CCE76FF08904C9E7FFF784BFD9
S315010166482DE9F04F9FB01546DDE928AB0F4699466E
S3150101665806462A9A002800F09F80002B00F09C80AC
S31501016668BAF1000F00F09880002900F09580002DFD
S3150101667800F09280BBF1000F00F08E80002A00F035
S315010166888B800023B0F80080CBF8003008F44F4125
S31501016698EB00B1F5824F13605FD15FFA88F11229D8
S315010166A80ED128F0FF01B1F5824F02BF083B5B0805
S315010166B813601368B3F5047F04BF40F2092313601D
S315010166C800232A4603933946304603ABF7F704F903
S315010166D8044600283DD1039C40460734E408FFF7E8
S315010166E8D9FE08B1013D01370DF11008202200211B
S315010166F840460394EAF716DC214642463046F7F747
S31501016708A7F9044628BBC6460DF1300CBEE80F00B1
S31501016718ACE80F009EE80F008CE80F00EB1C214640
S3150101672823F00303282214A8CDE90F471193EAF7A9
S31501016738F9DB2B46524649463046CDF80080F7F734
S3150101674851FB044628B914A8E9F7B0DF38B16FF04F
S31501016758920420461FB0BDE8F08F2C46C4E7424695
S315010167680CA914A8FFF76FFC98B952464946404649
S31501016778FFF7A6FE04460028EBD15A4629463046BC
S31501016788F7F78EF8044614A8FFF743F90028E0D075
S31501016798DDE76FF09204F6E76FF08604D9E730B5C5
S315010167A805468BB048B300214488202202A88DF8FA
S315010167B80710EAF7B7DB68690DF10701E408F7F78E
S315010167C8A5FDD0B92146284602AAF7F741F904469B
S315010167D8A8B99DF8073068690DF11A018DF81830C5
S315010167E8F7F77AFE48B902A88DF81940F7F754FD6B
S315010167F828B113280DD0212804D16FF0860420462B
S315010168080BB030BD08280CBF6FF084046FF09204F9
S31501016818F5E76FF08B04F2E710B4048804F4E04459
S31501016828B4F5805F06D0B4F5005F03D05DF8044B7B
S31501016838F7F708BC6FF085005DF8044B704770B433
S315010168480488DDE9035604F4E044B4F5804F04D025
S31501016858CDE9035670BCFFF777BE6FF0850070BCB2
S315010168687047F8B51E4603880F4603F44F43B3F53F
S31501016878824F154610D1089BF7F72EF8044648B9F9
S31501016888069B9D420BD82A463946304602F048FAFC
S31501016898079B1D602046F8BD6FF08504FAE76FF086
S315010168A88904F7E72DE9F04FC1B00C46DDE94A89BC
S315010168B8DDE94CA793461E460546002800F09A8055
S315010168C8002900F09780002A00F09480B8F1000FA2
S315010168D800F09080B9F1000F00F08C80BAF1000F39
S315010168E808D1002F40F086806FF09404204641B00C
S315010168F8BDE8F08F002FF7D02822002114A8EAF766
S3150101690811DB2022002104A8EAF70CDB21465A46AD
S31501016918284604ABF7F746F904460028E6D16A8802
S315010169280732D208B7EB420FDED102463146284675
S31501016938F7F746FC04460028D8D14FF0000B84220C
S3150101694859461FA8CDF878B0EAF7ECDA2B8823F077
S31501016958FF03B3F5E24F2BD10CAD04AE0FCE0FC534
S3150101696896E80F0085E80F000E9B14A823F04073E3
S3150101697823F4804343F40053CDE90E3B1EAB109338
S3150101698888231193E9F792DE70BB0CAA04A914A80E
S31501016998F6F712FA054614A8FFF73BF8284323D15F
S315010169A804AE0CAD0FCD0FC695E80F0086E80F00B2
S315010169B814A8E9F77BDE0246B0B90123CDE902A79E
S315010169C8CDE9008904A914A8F6F724FB38B12C28C6
S315010169D80DD0012814BF6FF092046FF08B0414A82F
S315010169E8FFF717F8002881D06FF092047EE76FF060
S315010169F89404F4E76FF0860478E72DE9F04F97B030
S31501016A080D46DDE9219ADDE923B816461F460446F6
S31501016A1828B96FF08605284617B0BDE8F08F002919
S31501016A28F7D0002AF5D0209B002BF2D0B9F1000F3F
S31501016A38EFD0BAF1000FECD0BBF1000FE9D0B8F1F4
S31501016A48000FE6D0282200210CA8EAF76BDA2022EA
S31501016A58002104A8EAF766DA29463246204604AB3C
S31501016A68F7F7A0F805460028D5D1238823F0FF03B7
S31501016A78B3F5E24FCDD1012239462046F7F7A0FBFE
S31501016A8805460028C7D163880733DB08BBEB430FEB
S31501016A9803FA02F421D30CA8E9F708DE98B9209B79
S31501016AA82A460093CDE902A40123CDF8049004A94D
S31501016AB80CA8F6F717FA48B9C8F800400CA8FEF76A
S31501016AC8A8FF0028A7D06FF09205A4E7012814BFF3
S31501016AD86FF092056FF08B05F0E76FF089059AE77C
S31501016AE82DE9F04F97B00E46DDE922AB17461D4653
S31501016AF80446DDF8909000286CD000296AD0002A56
S31501016B0868D0209B13B9219B002B63D1BAF1000FE1
S31501016B1860D0BBF1000F5DD0B9F1000F5AD02388BF
S31501016B2823F0FF03B3F5E24F54D10122294620464A
S31501016B38F7F746FB804600283CD12846F7F706FBBE
S31501016B480546002849D0414628220CA8EAF7EAD980
S31501016B584146202204A8EAF7E5D93A4631462046B4
S31501016B6804ABF7F71FF8804620BB62880732D208C3
S31501016B78BBEB420F4FEA420632D30CA8E9F796DD81
S31501016B88B0B9219B2A460193209BCDE902A6009320
S31501016B9804A943460CA8F6F7A5F978B9628807321C
S31501016BA8D2085200C9F800200CA8FEF732FF08B135
S31501016BB86FF09208404617B0BDE8F08F012806D05C
S31501016BC8482814BF6FF092086FF08508ECE76FF05B
S31501016BD88B08E9E76FF08608ECE76FF08508E9E7C6
S31501016BE86FF08908E6E7FFF77BBFFFF706BFFFF7F7
S31501016BF859BEFFF775BFFFF700BFFFF753BE2DE972
S31501016C08F0478CB09046DDE914A599460F4609B9B6
S31501016C18002A3ED1B9F1000F02D1BAF1000F38D1DC
S31501016C28002D36D000F17E400538062834D8DFE834
S31501016C3800F019333304101316001C20022482456F
S31501016C48286012D200236FF089002B600CB0BDE8D1
S31501016C58F08720200324F2E730200424EFE74020BF
S31501016C680524ECE714200124E9E702A8E9F71EDD6A
S31501016C78064610B16FF09200E8E743463A462146C7
S31501016C88CDE9009A02A8F5F789FF0028DED02E6022
S31501016C98F0E76FF08600D9E76FF08500D6E730B5E2
S31501016CA80D4604468BB0A0B3031D0021D422184614
S31501016CB8EAF738D905F17E41053906292CD8DFE8E5
S31501016CC801F0042B2B10161C2200012269462270A1
S31501016CD8F5F728FE002814BF6FF0920000200BB0CB
S31501016CE830BD022269462270F5F736FEF2E7032224
S31501016CF869462270F5F74AFEECE7042269462270D5
S31501016D08F5F75EFEE6E7052269462270F5F774FE98
S31501016D18E0E76FF08600E2E76FF08500DFE770B51F
S31501016D280D46164604468AB090B101B982B968463C
S31501016D38E9F7BCDC18B16FF092000AB070BD3346B1
S31501016D482A466946201DFEF769FE0028F5D0F2E7B5
S31501016D586FF08600F1E72DE9F0430D4691461E468F
S31501016D6804468BB0A0B301B992BB8EB36846E9F765
S31501016D789DDC804620B16FF092000BB0BDE8F0832F
S31501016D88271D2A4669464B463846F5F751FE0546FB
S31501016D98D42241463846EAF7C5D8A5B92378013B35
S31501016DA8042B18D8DFE803F00309070B0D00142299
S31501016DB800203260E1E72022FAE71C22F8E73022B7
S31501016DC8F6E74022F4E7212DD5D16FF08900D4E702
S31501016DD86FF08600D1E76FF08800CEE708B518B1E4
S31501016DE8D8220021EAF79ED8002008BDF0B501286E
S31501016DF806460D4693B022D8482200216846EAF78D
S31501016E0891D82F1F0C3500213046E9F7CDDD04460F
S31501016E1840B9684657F8041F00F021FD28B1E9F782
S31501016E281FDE0124204613B0F0BD684600F0EDFCD3
S31501016E380028F4D1E9F714DEAF42E4D1F2E72124BF
S31501016E48F0E710B592B02822002108A8EAF76AD816
S31501016E58202200216846EAF765D808A8E9F726DC61
S31501016E68044650B9202269460DEB0200F5F780FB6D
S31501016E78044608A824B1FEF7CCFD204612B010BD80
S31501016E88FEF7C7FD04460028F7D16946FFF7AEFFAD
S31501016E9804460028F1D1012004A9FFF7A7FF0446FA
S31501016EA8EBE72DE9F04F98460368F1B004460E4623
S31501016EB81746DDF8ECA1DDF8F89113BB6D4682683A
S31501016EC8016928460DF1140B02F05CFE95E80700ED
S31501016ED88BE80700217D6068E9F766DD044660B93C
S31501016EE8524605A908A8B6B102F071FD0546E9F7AA
S31501016EF8B7DD044608B98DB10124204671B0BDE854
S31501016F08F08F012B32D16D46816828460DF1140B9C
S31501016F1802F03DFEDAE702F063FDE7E708A8DDE9DD
S31501016F287C1202F025FC0028E6D1424639467A9BB5
S31501016F3808A802F08FFC0028DED17F9908A802F083
S31501016F482EFD0028D8D1494608A866B102F0C4F930
S31501016F580028D1D108A802F017FD0028CDD0002EAE
S31501016F68CAD12C24C9E702F009FAF1E72124C4E7B9
S31501016F7810B586B00C9C05940B9C04940A9C039449
S31501016F88099C0294089CCDE9003413460A4601215D
S31501016F98FFF787FF06B010BD10B586B00C9C0594A6
S31501016FA80B9C04940A9C0394099C0294089CCDE9C0
S31501016FB8003413460A460021FFF773FF06B010BDD8
S31501016FC8F7F7A2BAF3F772B8F7F7ECBAF7F7DCBA3B
S31501016FD840B2F7F7C5BA10B500201C4600F05BFDB3
S31501016FE8002820600CBF1B20002010BD08B5002019
S31501016FF8F7F7FEFD002008BDF8B50C468D180735D3
S3150101700852421540A5F108070646384600F0CEFA60
S31501017018A0883B1B618800EBE30080B2A1EBE30189
S3150101702825F8040C25F8061CA188DA10D1B1A4EBC0
S31501017038C101B1F802C0C88002EB0C004880E188A1
S31501017048B9B18A1A92B204EBC10125F8022C8A80D8
S31501017058A2888AB9B2681344F268B360934288BFB9
S31501017068F3600EE015F8081C41F0020105F8081C49
S31501017078E5E725F8021CEBE7A4EBC2042278D2075F
S31501017088E8D43846F8BD2DE9F04F17464FF0000808
S3150101709887B07A1C109A054614BF3C460824CDF8D8
S315010170A81480002A00F0CB80C2F80080002900F084
S315010170B8C88042688A4240F2C480073103F0010A56
S315010170C821F00706E9F706DC05AACDE90082814622
S315010170D83A4653463146284600F06CFA059F8346DF
S315010170E807B130B94846E9F7F0DB192007B0BDE821
S315010170F8F08FB7F8028029694FEAC802C0EBC808C0
S315010171080139B8F1270F29617ED9BAF1000F55D195
S31501017118864206F108084CD0224639462846FFF729
S315010171286BFF04460590059B9844404600F03EFADC
S31501017138059906F10F004A88C308A2EBD002A8F8FF
S315010171480220CA88A8F80430002A34D0D31A9BB27F
S3150101715801EBC202A8F8063093808B88F608A38052
S31501017168B8F804303A46E38041460023284666804A
S3150101717800F08DFAAB68EA6808339342AB6088BFC1
S31501017188EB60237843F0010323702B6901332B61EB
S315010171986288AB68083403EBC203EA68AB609342C1
S315010171A888BFEB60109B48461C60E9F78EDB00201F
S315010171B89CE73C46B7E7A8F80620CEE707EB0804A3
S315010171C82046039200F0F2F90BF10703DB08059952
S315010171D8638008F10703DB08A380CB8893B1DB0041
S315010171E8039AD81D821A5A44C2F3CF020B44E2808C
S315010171F89A80A38808F1FF384FEAD808A1F80280D6
S31501017208CB80B7E7E380F4E7BAF1000F1BD007F1AA
S315010172180803B3FBF4F204FB1233B3B12246394630
S315010172282846FFF7E9FE044623783A4643F0010367
S31501017238237021460123284600F029FAA8E72220CE
S3150101724854E7212052E78642E8D13C46ECE707B5E7
S3150101725800224FF0FF3101AB0192F7F751FA01987C
S3150101726803B05DF804FB07B5009313464FF0FF32EF
S31501017278FFF709FF03B05DF804FB70B5049E1546D7
S315010172881A4696B1002333608DB181B14D43334618
S315010172982946FFF7E8FF044628B9306818B12A4696
S315010172A82146E9F73FDE204670BD2224FBE721246A
S315010172B8F9E707B5002201AB0192F7F737FA019809
S315010172C803B05DF804FB2DE9F74F06460D46144652
S315010172D89B46002B00F0408100221A604268A242B7
S315010172E840F23C8149B9002C00F038810A46214611
S315010172F803B0BDE8F04FFFF7B6BF2CB9084603B096
S31501017308BDE8F04F02F0C9B9E9F7E4DA35F8067CC8
S3150101731807344FEAC70924F00704A1458046A5F1B8
S31501017328080180F0978035F8023C002B70D0DA1BF2
S31501017338012A6DD101EBC30A11F83330D80767D495
S31501017348BAF80220A9EB040313EBC20360D41F2B7D
S315010173583CDD2F19C4F3CF0425F8064C0134384610
S3150101736825F8024C009300F021F935F8022C009B0F
S31501017378BA80BAF80620DB087B802AB3BAF802106C
S31501017388511A11FA83F39BB20AEBC202FB8093806D
S31501017398524600233946304600F079F9504600F045
S315010173A805F9002235F8061CB368CBF8005003EB42
S315010173B8C103F168A3EB09038B42B36048D8002ADC
S315010173C841D0083BB3603EE0FA80E1E73369013712
S315010173D8013B3361BAF80630174425F8067CA3B197
S315010173E8BAF802209A1A12FA87F7BFB20AEBC3034F
S315010173F825F8027C9F8052460123304600F047F961
S31501017408504600F0D3F80122CCE725F8023CF2E711
S3150101741821465B4600223046FFF725FF044630B177
S315010174284046E9F752DA204603B0BDE8F08F4A46ED
S315010174382946DBF8000001F073FC284602F02DF914
S3150101744804460028ECD14046E9F73FDA0024EAE789
S31501017458F360B4E77DD935F8022CA9EB040A531E6A
S31501017468DB1B002A37D001EBC20711F83220D207FC
S3150101747832D48BBBC4F3CF03291925F8063C013352
S31501017488084625F8023C009100F090F8009935F874
S31501017498022C7B888A80FA8803EBDA034B80BAB11E
S315010174A87888101A10FA83F39BB207EBC202CB80D4
S315010174B8938000233A46304600F0E9F8384600F051
S315010174C875F8B368CBF800502344A3EB090379E7B0
S315010174D80023CB80EDE71746BAF1270F39D9C4F353
S315010174E8CF02291925F8062C0132084625F8022C5E
S315010174F8009101930AF1FF3A00F058F8009935F81D
S31501017508022C4FEADA0AA1F802A08A80FFB1019B8F
S31501017518013313FA8AFA1FFA8AFAA1F806A0A7F81B
S3150101752804A0336930460133336100231A4600F05A
S31501017538AEF8B368CBF80050E2180832F368A2EB4B
S3150101754809029A42B2607FF67EAFF2607BE7CF808D
S31501017558E7E7CBF8005076E7222464E7212462E7BE
S31501017568002307B501AA0193F7F7EEF8019803B0CD
S315010175785DF804FBF7F7AAB813B5002401AA214659
S315010175880194F7F7CBF800B10194019802B010BD47
S3150101759802F083B802F081B80846FFF758BE0846DB
S315010175A802F07FB808461146FFF7DABF00230360E8
S315010175B843607047F0B5D0E90540551C08BF08225C
S315010175C8002B4FF0000518BF0446DDF818C0CCF8AA
S315010175D80050002C37D09DF814706588FF0007EB21
S315010175E8C505C2F1000E2078C00708D51BBBE08886
S315010175F8A0B104EBC004658807EBC505F3E78D4225
S31501017608F4D363B904F10806B6FBF2F002FB10667E
S3150101761870180EB1A842EAD8CCF80040F0BD082A84
S315010176280FD06088013004EBC000461A06EA0E063F
S31501017638801B8542F0D2A0880028EFD0A4EBC004B4
S31501017648D9E70846E8E72046E8E7034610461A69F6
S31501017658DAB108B921B918680378DB0702D470478A
S315010176689869F9E739B9C3887BB100EBC300037897
S31501017678DA07F8D47047012907D183882BB1A0EB22
S31501017688C3000378DB07F8D47047002070472DE95A
S31501017698F041D0E90545074688461646F3B19442B5
S315010176A80FD042B1954215D1424601213846FFF71D
S315010176B8CCFF05460EE00A463146FFF7C6FF0446EA
S315010176C8F2E70A460021FFF7C0FFB5420446EBD0AF
S315010176D8002EE9D0C7E90545BDE8F081944208D0F5
S315010176E88C4228BF0C46B54205D0454538BF4546AB
S315010176F8F0E70C46F7E74546ECE738B51C46C3E91A
S3150101770800010023C4E90500C4E902332361227794
S315010177186362FFF74BFF23690139C90801334180C8
S315010177282361A368E268083393424FF00000A3601E
S3150101773888BFE36038BD08B500F016F800F034F8E3
S31501017748FEE7704770477047704708B501F008F9B9
S3150101775801F014F901F01BF9FFF7F5FF01F02CF916
S31501017768BDE8084001F029B908B5FEF751F9FFF757
S31501017778E8FFF6F737FFFFF7E5FFE9F7FDDB00F06D
S3150101778807F801F0F8F8BDE80840F7F707B87047B8
S3150101779808B501F0E1F801F0E0F801F0DFF801F0D0
S315010177A8DEF8FFF7F4FF08BD01F0E6B800207047DF
S315010177B838B50368054693B1816800F1180291420B
S315010177C84FF0000406D11846E9F758D96FF0400081
S315010177D82C6038BD302102F02FF92046F9E76FF008
S315010177E82000F6E738B5036805465BB102F0A6F94C
S315010177F8431C044604D02868E9F740D900232B60C5
S31501017808204638BD6FF02004FAE710B50446206812
S31501017818E9F7A4D92046FFF7E5FF431CF7D010BDC8
S3150101782838B51C210446E9F7C9D910223421054680
S315010178382046E9F7D1D9002234212046E9F7CCD9E6
S315010178483C212046E9F7BAD94306F9D435B12A4686
S315010178582046BDE838401C21E9F7BE9938BD37B540
S31501017868044601200D4602F034F9E0B1E9F73ED9A3
S315010178782060E0B146F6110330222046009304F157
S3150101788818012B4601F004FE00210846E9F7B0D993
S3150101789800220146204602F0BCF8204603B0BDE8A5
S315010178A83040FFF785BF6FF0020003B030BD6FF0BE
S315010178B80100FAE738B5044680690B46154670B3E7
S315010178C85AB3A268E1690232B1EB021F06D2E9F79E
S315010178D8D5D800236FF04400A36138BDB5F1807F87
S315010178E806D3E9F7CBD800236FF03F00A361F4E78C
S315010178F829461846E9F77BD963680146DB682A46B2
S3150101790804F1180002F07BF823692B442361E3682B
S315010179182B44E360A3680133A3600020DDE76FF020
S315010179282000DAE7836910B50446ABB1D0E9032330
S315010179389A4204D00268836A526853408362204698
S315010179486369984704F118004FF4F47104F13002A0
S3150101795802F072F8002010BD6FF02000FBE738B580
S3150101796883690446C3B1183002F0E8F8431C054699
S3150101797810D0214651F8C03B5B69C3F5AC70C3F51C
S31501017988F8720144A069E9F72FD9A069E9F776D810
S315010179980023A361284638BD6FF02005FAE710B523
S315010179A80446A069E9F7DAD82046FFF7D8FF431C50
S315010179B8F7D010BD0368D868704738B50025284641
S315010179C8E9F7E2D80446B8B14FF48061E9F7F6D888
S315010179D890B100221C212046E9F7FED84FF0FF326B
S315010179E830212046E9F7F8D8013534221C212046F1
S315010179F8E9F7F2D8402DE2D1002038BD0369C26802
S31501017A0893429CBF81685B18013B981A70472DE91F
S31501017A18F041D0E902840546A8EB0406406896427E
S31501017A2820440F46144404D901F07AF9EC60BDE803
S31501017A38F0813246A4EB080401F072F9224668681E
S31501017A48B919F1E72DE9F8430646894617464FF074
S31501017A580008C5683369B4689D4228BF1B19641BB0
S31501017A68BC4228BF3C46013B5B1B9C4228BF1C46C6
S31501017A78706849462844224601F052F9B3682544FB
S31501017A88AB4208BF00253F1BA044A144F560E1D1E3
S31501017A984046BDE8F88310B50B46EFF311844FF064
S31501017AA8200181F311881946F7F72CF884F3118817
S31501017AB810BD0368D90444BF43F4806303600368B6
S31501017AC89A0444BF43F4006303607047F1F720B990
S31501017AD810B40C46042C11461A4604D100685DF807
S31501017AE8044BF7F759B900205DF8044B7047F8B50F
S31501017AF817461D460E4681B1002420461C60F7F73C
S31501017B0891F860B1B8420246314628BF3A46204645
S31501017B18FFF7C1FF28602046F8BD2F20FCE7AE20FC
S31501017B28FAE770B515460E4661B10024AC4205D295
S31501017B3800202A1B3119F7F75BF808B9002070BD37
S31501017B480444F3E72F20FAE701688268C3688A4289
S31501017B5894BF0022521A8B4294BF00235B1AD01A92
S31501017B6870478368D0E900128A4294BF0022521AEB
S31501017B788B4294BF00235B1AD01A704770B585688A
S31501017B8804460E463DB1FFF7ECFF30B100206B1CF0
S31501017B98A3602E7070BD2F20FCE71920FAE770B596
S31501017BA8866804460D4656B1FFF7DBFF012808D959
S31501017BB800206DBA3580A3680233A36070BD2F20FA
S31501017BC8FCE71920FAE770B5866804460D4656B1F1
S31501017BD8FFF7C7FF032808D900202DBA3560A36826
S31501017BE80433A36070BD2F20FCE71920FAE72DE9BC
S31501017BF8F0410E4698461546F2B1FE2A1ED94FF6B0
S31501017C08FE77BA428CBF03270227C0F3080444EA68
S31501017C18063444EA872424B24046A1B2FFF7BFFFDE
S31501017C28A0B996B98FB1012F0AD0022F10D02946D2
S31501017C384046FFF7C8FF07E01746E6E70127E4E7ED
S31501017C484046E9B2FFF79AFF00B90020BDE8F08185
S31501017C584046A9B2FFF7A3FFF6E7F8B5044615466C
S31501017C680E4679B187686FB1FFF77BFFA8420BD33F
S31501017C782A463146384601F053F80020A3682B44B9
S31501017C88A360F8BD2F20FCE71920FAE770B5144661
S31501017C9806460D46FFF765FFA04211D32846FFF7B1
S31501017CA853FFA0420CD32246E968B06801F038F8BF
S31501017CB80020B3682344B360EB682344EB6070BDCD
S31501017CC81920FCE7F8B5154606460F46FFF73CFFAE
S31501017CD8A842044612D23846FFF736FF2A1B8242CA
S31501017CE828BF024639463046FFF7D0FF28B9304644
S31501017CF8FFF72AFFA84201D20D20F8BD0020FCE7B3
S31501017D0870B5C46805460E4644B1FFF71DFF38B183
S31501017D18002014F8012BEC60327070BD2F20FCE7AE
S31501017D281920FAE770B5C46805460E4654B1FFF73E
S31501017D380BFF012808D9002034F8022B53BAEC604D
S31501017D48338070BD2F20FCE71920FAE7002313B50C
S31501017D58044608460DF10601ADF80630FFF7E2FFC4
S31501017D68F8B9BDF80620A061C2F308036382C2F31C
S31501017D78402384F82730C2F38123032B08BF042348
S31501017D882377B3FA83F3110B5B0984F82430B1FA2B
S31501017D9881F3C2F300225B09217584F8253084F841
S31501017DA8262002B010BD70B5C46805460E4654B109
S31501017DB8FFF7CAFE032808D9002054F8042B12BA82
S31501017DC8EC60326070BD2F20FCE71920FAE713B584
S31501017DD80446227F0846012A4FF000030BD101A967
S31501017DE88DF80430FFF78CFF18B99DF8043000208F
S31501017DF8A36102B010BD022A09D101A9ADF8043067
S31501017E08FFF790FF0028F4D1BDF80430EFE701A987
S31501017E180193FFF7C8FF0028EBD1019BE7E703466A
S31501017E280022DA621A7D084610B503F12C01032AEC
S31501017E3811D8DFE802F00C020609FFF761FF40B12C
S31501017E4810BDFFF76FFFFAE7FFF7ADFFF7E7C26866
S31501017E58DA620020F4E72620F2E738B5154613461B
S31501017E680A1E0C4618BF01220121FFF7C0FE30B9CF
S31501017E7824B128462178FFF781FE00B9002038BDD3
S31501017E8838B515460A1E18BF01220C462B46022192
S31501017E985200FFF7ACFE30B924B128462188FFF715
S31501017EA87EFE00B9002038BD38B515460A1E18BF31
S31501017EB801220C462B4603219200FFF798FE30B9A1
S31501017EC824B128462168FFF77EFE00B9002038BD96
S31501017ED870B50C1E15464FF0000108BF00221E465B
S31501017EE8FFF785FE38B92CB12A4621463046FFF7F8
S31501017EF8B4FE00B9002070BD704710B500F18001CC
S31501017F080446F8F75FFA40B1012384F8803000216D
S31501017F182046F8F751FA20B110BD94F88030002BAC
S31501017F28F5D10020F8E713464A68012A0AD90A68F1
S31501017F381278022A04D10A4601467C30F7F74ABA71
S31501017F4800225A60002070470020704700207047C0
S31501017F587047704770477047704737B503460C46F7
S31501017F68088840F203118842154604D0B0F5827F8C
S31501017F780AD0A6200DE04FF4805301A90193FFF71A
S31501017F8893FF30B9002004E000229868019210B9E4
S31501017F982F2003B030BD01A9F8F7EAF90028F8D175
S31501017FA82A46208801A9EAE72DE9F04383680D46A7
S31501017FB8164685B01BB92F2005B0BDE8F083CA78EE
S31501017FC842B903F17404AA78032A6DD8DFE802F0ED
S31501017FD848041D331C46F6E700278DF80C70236803
S31501017FE82046DB68298803AA9847D828044602D07F
S31501017FF848B12046E0E7394632462888FFF72DFF82
S315010180080028F6D0D8E703A9F6E700272368204612
S315010180185B692988ADF80C7003AA9847D8280446E4
S3150101802803D00028E5D103A900E03946324628885C
S31501018038FFF726FFE4E7002723682046DB6929883D
S31501018048039703AA9847D828044603D00028D0D114
S3150101805803A900E0394632462888FFF725FFCFE70D
S31501018068186BF9F759F94FF00008236803AA00922A
S31501018078D3F82890024607464FF40073204629880B
S31501018088CDF80C80C847D82804460BD030B93946F3
S315010180983346039A2888FFF71BFF04463846F9F742
S315010180A843F9A6E74146F3E7262085E7806808B143
S315010180B800F04FBA2F20704710B504461C21FFF76F
S315010180C869FA204610BD10B504460C21FFF762FA7C
S315010180D8204610BD10B504460C21FFF75BFA204670
S315010180E810BD10B504460C21FFF754FA204610BD00
S315010180F810B504460421FFF74DFA204610BD10B507
S315010181080446006818B1237C0BB1FFF741FA002335
S31501018118C4E90233C4E9003310BDF8B50C46064675
S3150101812815461F46FFF7EBFF2CB9284600F057FC09
S3150101813801230446337425447560002F08BF25467B
S315010181483460C6E90254F8BD38B500250446C0E9CC
S315010181580055C0E902550574FFF7DFFF204638BD12
S315010181680368C0E90233012343740023C0E90833D4
S3150101817843820375836103778362C362704710B5CE
S3150101818800230446FFF7E0FF012363740023204619
S31501018198C4E9083363822375A3612377A362FFF7D1
S315010181A8DFFF204610BD30B5D0F804413F2C1DD85C
S315010181B80025AC42D0F800310FD1234403F03F0327
S315010181C820F8231000EB8305C1F300210134AA70BD
S315010181D8E970C0F80441002030BD2B4403F03F0388
S315010181E830F823308B42F6D00135E2E71920F3E75F
S315010181F873B50D46002304460DF1070128461646B7
S315010182088DF80730FFF77CFD38B92846FFF79CFC46
S315010182189DF80730834202D0182002B070BD236849
S31501018228294620461B6998470028F6D12368314615
S3150101823820465B699847F0E72D2070472D20704746
S315010182482D207047037900200B70704701710020BA
S31501018258704740F26713994204D0B1F5B47F06D04D
S31501018268A620704702B1127802620020704712B146
S3150101827813784362F9E70623FBE740F2671399424C
S3150101828804D0B1F5B47F06D0A620704790F8203006
S3150101829800201370704790F82430F9E70B46114610
S315010182A840F25112934210B41BD0B3F5A97F09D2FA
S315010182B8B3F5A17F0DD0B3F5A27F0FD0A6205DF846
S315010182C8044B704740F261129342F7D103685B6E22
S315010182D801E003685B6B5DF8044B18470368DB6BC8
S315010182E8F9E703681B6DF6E7A6207047704704385E
S315010182F8704714387047103870470C38704740F288
S315010183085113994270B5044633D0B1F5A97F07D205
S31501018318B1F5A17F1CD0B1F5A27F22D0A62019E023
S3150101832840F261139942F9D16ABB00F11E05022196
S31501018338284600F071F968B9E38BB3F5805FF6D287
S3150101834823682046E18BD3F89830BDE87040184779
S315010183580AB92F2070BD1188BDE870400183F7F76E
S3150101836845BE002AF5D0BDE8704011884183F7F76B
S3150101837865BE32B111882046A183BDE87040F7F781
S31501018388BBBE1146F7E71388C383D9E710B504467F
S315010183987821FFF7FFF8204610BDA0F10400F5E7A3
S315010183A8A0F10C00F2E7A0F11000EFE7A0F114002B
S315010183B8ECE70B46B3F5B17F114610B40FD040F285
S315010183C86312934206D0B3F5827F0ED15DF8044B51
S315010183D8F7F7CEBF03685DF8044B9B6E1847836AAE
S315010183E8002013605DF8044B7047A620FAE7F0B543
S315010183F80446C818059B98420FD8012602B9F0BD53
S31501018408D30707D5CD08675D01F0070306FA03F31C
S315010184183B43635501315208F0E70020EFE72DE9A7
S31501018428F74F5825DDE90CBA1746002288461E463C
S315010184381146032300950446DDF83890FFF7D7FF67
S3150101844842460146102320460095FFF7D0FF3A46DA
S315010184580146102320460095FFF7C9FF324601461A
S31501018468022320460095FFF7C2FF5A460146082313
S3150101847820460095FFF7BBFF524601460C232046CD
S315010184880095FFF7B4FF4A4601461B23204600958E
S31501018498FFF7ADFF04230146002220460C9503B0E0
S315010184A8BDE8F04FFFF7A3BF08B5C0E9001211B93E
S315010184B80AB100F042FC08BDA0F10400F7F792BB2E
S315010184C870B50026044686B00D220D4602A831462E
S315010184D80196E8F727DD20466B46112201A9009688
S315010184E8F7F74EFE044638B9009E082E13D96B6874
S315010184F8083EB34203D21924204606B070BD32465E
S31501018508286803A900F00CFC6B689E4201D900F0AA
S3150101851814FC6E60F0E76860EEE7A0F10400FFF76E
S31501018528CFBFA0F10400F7F7E3BBA0F10C00F7F701
S315010185381BBCA0F10C00F7F767BC2D207047A620DC
S315010185487047704710B504460421FFF723F8204602
S3150101855810BD00207047A0F10400F7F73BBDA0F15B
S315010185680400F7F749BDA0F10400F7F75BBDA0F1D7
S315010185780400F7F769BDA0F10400F7F77BBDA0F187
S315010185880400F7F789BDA0F10400F7F797BDA0F13B
S315010185980400F7F7A5BDA0F10400F7F7B3BDA0F1F3
S315010185A80400F7F7C3BDA0F10C00F7F701BEA0F16E
S315010185B80C00F7F703BEA0F10C00F7F731BE2D2029
S315010185C870472D2070472D2070472D2070470020B8
S315010185D87047002048607047A0F11000FFF7F9BF06
S315010185E8A0F11000F7F744BEA0F11000F7F74CBE51
S315010185F8A0F11000F7F754BEA0F11000F7F780BEFD
S31501018608A0F11400F7F7F6BE6C2070476C2070478D
S31501018618A0F11400F7F702BF08B538B131B1FBF77C
S3150101862837FC00280CBF0020AC2008BD2F20FCE731
S315010186382B28034612D02F2812D0A0F13002092A7D
S3150101864802D80433D8B270474138C0B219280AD9B9
S31501018658A3F16102192A05D8473BF3E73E20704782
S315010186683F207047FF2070472DE9F84F0C46924687
S315010186789946071D961CB51E2CB117F8048C404660
S31501018688F8F772FB18B9A5EB0A0080B203E0012CD1
S3150101869803D14FF6FF70BDE8F88F4046C8478046BB
S315010186A817F8030CC847B8F1FF0F8346F1D0FF2825
S315010186B8EFD04FEA880848EA1018022C06F1FF356F
S315010186C806F8028CDFD017F8020C3D28DBD0C84723
S315010186D8FF280546DDD0830843EA0B13032C06F868
S315010186E8013C11D017F8010C3D280DD0C847043CAF
S315010186F8FF28A4B207F1040706F10306C9D040EA27
S31501018708851006F8030CB6E73546BCE72DE9F84F9F
S3150101871806460C4615469B4600274FF6FC794FF649
S31501018728FF7A4C45A04628BFC8465B462A463046CD
S315010187381FFA88F1FFF798FF504506D0B4EB0804F4
S31501018748074404D046440544EBE74FF0FF37384662
S31501018758BDE8F88F2DE9F047054610B90020BDE8B7
S31501018768F087002AFAD011F00100F7D1B1EB430FD6
S31501018778F4D80446089E05F1020C06F001068C425E
S31501018788EDD200234FEA540E67190CEB040817F8CA
S31501018798019B1B01A9F1300ABAF1090FDBB20AD80B
S315010187A8303B4B4403F0FF034745F0D102F80E3045
S315010187B801300234E3E7A9F1410ABAF1050F04D8F8
S315010187C8373B59FA83F3DBB2EEE7002EC6D1A9F19D
S315010187D8610ABAF1050FC1D8573BF2E7F0B5059C15
S315010187E8D8B9F1B902B9E3B9C4F3400505EB4105B5
S315010187F8AB4204F002062FD314F0010F14BF412531
S315010188086125002401380A3D571C8C420BD116B14A
S31501018818002302F814300020F0BD02B90BB9002972
S31501018828E2DA2F20F8E790F801C04FEA1C13BCF1F0
S315010188389F0F86BF5B19DBB2303302F8143010F88B
S31501018848013F03F00F03092B86BF5B19DBB23033F6
S3150101885807F814300134D8E71920DDE713B50024E8
S315010188680094FFF777FF02B010BD0CB407B504AB4E
S3150101887853F8042B0193F7F7C7FE03B05DF804EB30
S3150101888802B0704708B50246F7F7D6FE904234BFE3
S315010188980020012008BD70477047704737B501A907
S315010188A80546FBF7F0FD0446284624B1F1F77CF8A5
S315010188B8204603B030BDF0F72BFA0446F8E72D2020
S315010188C870472D2070470020704770470020704778
S315010188D870472D207047002070472D2070470020D2
S315010188E8704740687047036853F81C3C1844406850
S315010188F87047FEF767BB0A680260496852F84C2C53
S315010189088150704748B12D2805D0C0B200F5300015
S3150101891840F00040704740F201207047A0F5072357
S31501018928A3F50073B3F5A06F05D3B0F5803F2CBF4E
S315010189380020012070470120704710B5F6F788FB22
S315010189480446FFF7DAFA2046F6F792FBFBE770478A
S3150101895800207047704770477047704770477047E6
S3150101896808B5EEF7BDFBFEF72BFBEEF7AFFBBDE84E
S315010189780840F3F759BB7047E8F7249B08B5F1F7A7
S315010189885FFCF1F7EDFCBDE80840FCF725B908B530
S31501018998F8F750FFF4F77EFCF0F732FCF3F72CFDFC
S315010189A8F6F706F8FEF74DFAF5F752FCF5F776FEF6
S315010189B8BDE80840F8F738B97047704708B5FEF7BA
S315010189C8C4FEF8F715F9FEF7F1FE00B908BDFEF781
S315010189D8BBFEF8E70B4601461846F8F7ADBCFEF7AC
S315010189E8CBBD9368013B002B936010B408DA9469F7
S315010189F8A34201DB0A2903D15DF8044B00F01AB839
S31501018A081368581C1060084619705DF8044B7047C5
S31501018A18F8B506460F461446D518AC4201D10020D1
S31501018A2807E03A4614F8011B3046FFF7DAFF431C03
S31501018A38F3D1F8BDF8B50E461446054618B1036AD1
S31501018A480BB9F8F713FDA369A360A3891A0701D521
S31501018A58236943B921462846F8F7DCFA18B14FF0DC
S31501018A68FF373846F8BD2368F6B222693746981AA0
S31501018A786369834205DC2146284600F01BF9002873
S31501018A88EDD1A368013BA36023685A1C22601E70BD
S31501018A98431C62699A4204D0A389DB07E1D50A2EF0
S31501018AA8DFD12146284600F005F90028D9D0D6E7B5
S31501018AB8C9B20346184613F8012B12B18A42F9D1F4
S31501018AC87047002918BF002070472DE9F04716465F
S31501018AD898468A6807460B690C46DDF82090934249
S31501018AE8B8BF1346336091F843200AB101333360A5
S31501018AF82368990642BF336802333360256815F046
S31501018B08060506D104F1190AE36832689B1AAB42D4
S31501018B182BDC94F843302268003B18BF01239206E7
S31501018B2830D404F1430241463846C847013023D0BF
S31501018B3823681A3454F80A2C03F00603042B0ABFD6
S31501018B4854F80E5C002533684FF0000608BFED1A8C
S31501018B5854F8123C08BF25EAE5759342C4BF9B1A2E
S31501018B68ED18B5421AD1002008E0012352464146C3
S31501018B783846C847013003D14FF0FF30BDE8F087C9
S31501018B880135C1E7E1185A1C30200233224481F824
S31501018B98430094F8451082F84310C2E7012322469F
S31501018BA841463846C8470130E6D00136D9E7B1F919
S31501018BB80C202DE9F041170705460C4656D44B689A
S31501018BC8002B02DC0B6C002B3DDDE66A002E3AD048
S31501018BD8002312F480522F68216A2B6025D0626D19
S31501018BE8A389580705D56368D21A636B0BB1236C40
S31501018BF8D21A216A0023E66A2846B047411C24D0C5
S31501018C080023636023692360A389DA0400D56065BB
S31501018C18616B2F60B9B104F14403994202D0284628
S31501018C28FEF7BDFC002363630DE001232846B04727
S31501018C38461C0246D4D12B68002BD1D01D2B01D05D
S31501018C48162B2AD12F6000202EE02A68B4F90C30A0
S31501018C5842B11D2A01D0162A21D100236360236955
S31501018C682360D5E7626022692260CEE70F69002F8A
S31501018C78E9D093070E680F600CBF4B690023A6EB79
S31501018C8807088B60B8F1000FDDDD43463A46216AD4
S31501018C982846A66AB047002808DCB4F90C3043F027
S31501018CA840034FF0FF30A381BDE8F0810744A8EBEB
S31501018CB80008E7E738B50B6905460C4613B90025DF
S31501018CC8284638BD18B1036A0BB9F8F7CFFBB4F9D1
S31501018CD80C30002BF3D0626ED00704D4990502D467
S31501018CE8A06D00F03AF928462146FFF760FF636E49
S31501018CF80546DA07E4D4A3899B05E1D4A06D00F002
S31501018D082DF9DDE7C9B20346024410B59342184667
S31501018D1801D1002003E0047801338C42F6D110BD5C
S31501018D280A44431E914200D1704710B511F8014B0F
S31501018D38914203F8014FF9D110BD062008B5F8F79C
S31501018D4819FD0120FBF754FF10B56AB101398418E1
S31501018D5810F8012B11F8013F9A4203D1A04201D023
S31501018D68002AF5D1D01A10BD1046FCE70139034690
S31501018D7810B532B111F8014F013A03F8014B002C34
S31501018D88F7D11A440021934200D110BD03F8011B02
S31501018D98F9E770B50D461446064618B1036A0BB9CB
S31501018DA8F8F764FB636ED90705D4A3899A0502D43A
S31501018DB8A06D00F0D2F8A3891B0701D5236973BBFE
S31501018DC821463046F8F726F948B3636EDA0702D425
S31501018DD8A3899B0529D54FF0FF3013E0A368013B11
S31501018DE8002BA3600FDB23685A1C2260197015F842
S31501018DF8011F0029F2D1636ED80702D4A389990507
S31501018E080FD5002070BDA269934201DB0A29EAD177
S31501018E1822463046FFF70EFE0130E8D1D5E7013D7E
S31501018E28E5E7A06D00F09AF8EBE7A06D00F096F87A
S31501018E38D1E7034613F8012B002AFBD1181A013889
S31501018E48704710B50C46B1F90E10F8F7CFFC00289A
S31501018E58ABBF636DA3891B1823F48053ACBF63654C
S31501018E68A38110BD2DE9F0411F468B8905460C46A4
S31501018E78DB05164605D502230022B1F90E10F8F7CE
S31501018E88A3FCA3893246B4F90E10284623F480536C
S31501018E98A3813B46BDE8F041F8F74EBB10B50C4638
S31501018EA8B1F90E10F8F790FC431CA38915BF60654B
S31501018EB823F4805343F48053A38118BFA38110BDC2
S31501018EC8B1F90E10F8F746BC2DE9F843074688466D
S31501018ED814460026D4E90195B9F1010905D5246895
S31501018EE8002CF7D13046BDE8F883AB89012B07D9A8
S31501018EF8B5F90E30013303D029463846C047064332
S31501018F086835E9E70139024410B5904201D10020DB
S31501018F1805E0037811F8014FA34201D0181B10BDD2
S31501018F280130F2E7884210B501EB020402D9844205
S31501018F38234607D8431EA14208D011F8012B03F88D
S31501018F48012FF8E7024401468A4200D110BD13F800
S31501018F58014D02F8014DF7E770477047704770B543
S31501018F680C46B1F90E1096B0154600291E460CDAC3
S31501018F78A389002113F0800F14BF40234FF48063A6
S31501018F88002031602B6016B070BD6A46F8F7FAFB0E
S31501018F980028EDDB019901F47041A1F5005359420D
S31501018FA859414FF48063EBE78B89F7B59D0706466F
S31501018FB80C4607D504F14703236023610123636145
S31501018FC803B0F0BD01AB6A46FFF7C9FF009F05462D
S31501018FD830463946FEF7E0FA48B9B4F90C309A0534
S31501018FE8EED423F0030343F00203A381E2E7A38945
S31501018FF8206043F08003A381019BC4E904075BB1A7
S31501019008B4F90E103046F8F7CFFB28B1A38923F03E
S31501019018030343F00103A381A3891D43A581CFE777
S315010190282DE9F0471F468E6882460C46BE42904698
S315010190380B682DD8B1F90C2012F4906F26D0656909
S31501019048096905EB4505A3EB01097B1C05EBD575FB
S315010190584B446D109D4238BF1D46530527D52946F8
S31501019068FEF79AFA064660B34A462169FFF758FEA2
S31501019078A38923F4906343F08003A38126614E44B7
S315010190886561A5EB090526603E46A560BE4200D984
S315010190983E46324641462068FFF744FFA368002051
S315010190A89B1BA360236833442360BDE8F0872A46E6
S315010190B8FEF778FA06460028E0D121695046FEF7FF
S315010190C86EFA0C234FF0FF30CAF80030A38943F03A
S315010190D84003A381E9E71F2938B505460C4604D99A
S315010190E8162303604FF0FF3038BDC26B12B152F837
S315010190F821304BB9284600F016F822460146284682
S31501019108BDE83840F8F784BB012B0AD0591C03D1B5
S31501019118162303600120E7E70021204642F82410BF
S3150101912898470020E0E7FBF766BD00002DE9F34704
S3150101913817460022044699460D46C265426500292D
S3150101914800F0B6800B688E682BB9002E00F0B0804E
S31501019158984646460EE0002E51D14B68102B49D050
S31501019168182B49D0202B40F0A68010220426564BF5
S3150101917853F822806B68182B43D0D9F80030DB07E6
S315010191883FD4022000F0A5FC8246E7F7AFDC4F4B3E
S31501019198E0652360E36DBBBB012000F09AFC40F258
S315010191A8044148F0400200F0ADFCD9F8003006460A
S315010191B813F0010908D04FF080524FF4816100F094
S315010191C8A1FC4FF0020906463046E7F78FDC404B12
S315010191D8E0650C2239462360666504F5BD7000F029
S315010191E879FABAF1000F01D0E36D0BB9002E65D0FA
S315010191F800260BE03246BAE708221646B7E790463B
S31501019208A7E74FF0FF3AC5E74FF00009E36D002BD9
S3150101921857D02146AA6851F8740B9301DBB292081B
S3150101922843EA0273426804F15C0802F1080C01225F
S3150101923802FA0CF2134382683343126843EA0903BB
S3150101924800924046E02200F023F9AB686BB9D5E9F3
S315010192580001E7F7CCDC23686A689B6801465B680D
S31501019268404642F0005200F0CAFB0C213846E7F7A6
S31501019278BEDC236801469B6840469B68154A00F097
S31501019288BEFB002300220020C4E90823C4E9062302
S3150101929804F13403C4E90B03102323722368C4E9D7
S315010192A80300DB68A0626360A56502B0BDE8F087CB
S315010192B86FF02100F9E76FF04100F6E76FF0020060
S315010192C8F3E76FF00100F0E7ECAA010180AB0101B8
S315010192D830AB01010C000020F8B5C36D04460F46F9
S315010192E8002B46D000F011FAD4E90805D4E9061392
S315010192F822680E1843EB0503956AAE4273F1000322
S3150101930805D2204600F02CFA6FF00200F8BD136968
S3150101931804F5AA72984704F15C0640B12368A16E67
S315010193289B6830465B69144AE83100F068FB217A8B
S31501019338384601F10F05E7F75BDC227A014630462B
S3150101934800F067FB237A25F00F05AB4206D0EA1A2E
S315010193580021304642F0804200F05BFB0025304691
S315010193684FF49371656004F1740200F065FB2846B8
S31501019378CCE76FF02000C9E710000020F8B5C36DEE
S3150101938804460E46002B7DD003685A68052A0AD180
S31501019398C26EDB691A4206D0036923B900F0E0F906
S315010193A86FF04000F8BD204600F0AFF9D4E9080591
S315010193B8D4E9061322680F1843EB0503956AAF42F0
S315010193C873F1000305D2204600F0CAF96FF00200D5
S315010193D8E8E7136904F5AA729847254655F85C3BEF
S315010193E828B39B68A16E28465B69284AE83100F0D3
S315010193F806FB6660A16E227A2846E83102F10F065C
S3150101940800F007FB237A26F00F06B34206D0F21ABB
S315010194180021284642F0804200F0FBFA28464FF423
S31501019428937104F1740200F007FB0020BAE71A6B85
S31501019438002ADED09B689B6903F0C003C02B09D1C2
S31501019448636E53F80C2C103B002AFAD1DA6842F004
S315010194582002DA60217A0029CCD0304601F10F07C2
S31501019468E7F7C5DB236827F00F079A68237A92691C
S31501019478FB1A014642EA0323284647F0005200F047
S31501019488BEFAB7E76FF020008CE700BF1000002095
S3150101949870B504461D46049E00F0C3FA33462046BC
S315010194A8E1682561024ABDE8704000F0A8BA00BF2B
S315010194B8040000202DE9F04F0C4685B0002900F083
S315010194C8EA800846E7F706D80546D0E90568E7F7C9
S315010194D801DA14F808EC34F806CC1EF0010F0190F4
S315010194E802D0BCF1000F06D10198E7F7EED90120A8
S315010194F805B0BDE8F08FA968D5F810B034F8049C19
S31501019508A1EBCC010BF10103A4F108070CF101024E
S31501019518A9602B61B9F1000F43D04FEAC903029340
S31501019528A7EBC903D888B3F802A0039018780EF0FF
S31501019538020EC00725D4BEF1000F25D10398A0EB71
S315010195480A0EBEF1010F2CD10CF10202083952445F
S31501019558C5F810B0A96034F802ECBEF1000F22D1AA
S3150101956814F8081C24F806EC6EF3000104F8081C2B
S31501019578013A5A801A786EF300021A700022DA80CB
S3150101958845E0BEF1000F0CD002984A44091AA960B8
S3150101959814F8081C6FF3410104F8081C002199808D
S315010195A8D9E73B46D7E707EBCE0AD5E9001001EB28
S315010195B80009CA450ED314F8081C013A6FF30001D4
S315010195C804F8081C002124F8061C5A801A7861F34C
S315010195D80002D2E717F83E70514617F001072FD05E
S315010195E814F8087C013A6FF3000704F8087C002790
S315010195F892B224F8067C5A801A7867F300021A7027
S31501019608C3F107020A44C2F3CF02DA808A80002E27
S315010196183FD0B3423DD37288002A08BF1E46B8F12E
S31501019628000F06D0434504D8B8F80220002A18BF0E
S3150101963843460198C5E90563E7F747D9002057E786
S31501019648AEEB0C0EBEF1010FCAD1BAF802C0AAF8E7
S3150101965802709444BAF80620CAB10AEBC20100277E
S315010196682A69013A2A61AA68083AAA6014F8082CF3
S3150101967824F8067C6FF3000204F8082C1A78A3F87B
S3150101968802C067F300021A700029B9D176E71146BB
S31501019698E5E71E46C3E722202AE701460020FFF730
S315010196A809BFFFF7FABFC000C90002F1080303F8B1
S315010196B8010D93424FEA1020F9D103F11002083343
S315010196C802F8011D9A424FEA1121F9D10120704789
S315010196D800207047002310B5934200D110BDCC5C20
S315010196E8C4540133F8E7C26810B5044662B10F32B2
S315010196F822F0804222F00F02002142F080425C30C2
S3150101970800F087F90023E36010BD816A38B5044684
S3150101971809B3006B01F10F05E7F769DA236825F04B
S315010197280F059A68A36A1269EB1A014642EA0323ED
S3150101973804F15C0045F0005200F061F9A16AE368A1
S315010197480B44E360D4E908325B1842F10002C4E92B
S3150101975808320023A3622046BDE83840FFF7C3BF9C
S3150101976810B50446C06DE7F789D90023E36510BD35
S31501019778C36D2DE9F04704460F461646002B66D000
S31501019788B2F1807F05D3FFF7EBFF6FF03F00BDE82C
S31501019798F087D0E906352B4304D0FFF7E1FF6FF0D7
S315010197A84800F4E7836A98180F2808D8206B1844EB
S315010197B8FFF790FFA36A1344A3620020E7E704F1C8
S315010197C85C0AC3B11946206BE7F711DA236801462A
S315010197D89B68A26A1B69504600F011F9A16AE36800
S315010197E80B44E360D4E908325B1842F10002C4E98B
S315010197F808320023A362E568384605EB060828F016
S315010198080F09A9EB05052946E7F7F1D923680146A9
S315010198189B682A461B69504600F0F1F8E3682B4418
S31501019828E360D4E908325B1942F10002AE42C4E9A8
S315010198380832C2D0206BA8EB0902231A3C3300EB8C
S31501019848430020637919FFF745FFA262B5E76FF077
S3150101985820009CE72DE9F0479846C36D05468A46DF
S315010198681446002B48D0B2F1807F05D3FFF778FF64
S315010198786FF03F00BDE8F087D0F81090B9F1000FFD
S3150101988804D0FFF76DFF6FF04A00F3E7FFF73DFFDD
S315010198980CB90020EEE72E4621465046E7F7A7D92F
S315010198A856F85C3B04F10F079B6827F00F075B69C4
S315010198B8A7EB040A014643EA0A23304647F0005258
S315010198C800F09DF8D5E90623121943F10003C5E90C
S315010198D80623214640462C61E7F78AD922460146E5
S315010198E8304600F096F8BC42D3D0494630464AF094
S315010198F8804200F08EF8CCE76FF02000BAE7F8B5A0
S31501019908C36D0446002B3CD05C3000F017F9431CAB
S31501019918054603D020B12046FFF722FF2846F8BDA8
S31501019928E36A002BF7D12368E66E9A69E06D164062
S3150101993804F5AA7708D05B6AC3F14601C3F59772A4
S315010199483944E7F751D9E6E76368B3B1462339469E
S31501019958E822E7F749D933466068217AB14204D842
S31501019968002B18BF6FF00F05D5E7825D17F801CBFC
S31501019978013682EA0C021343F0E72B46E8223946FF
S31501019988DFE76FF02005C9E710B50446E06DE7F793
S31501019998E5D82046FFF7B3FF431CF7D010BD08B53C
S315010199A8C36D8BB103685A68052A07D1027A8A42BF
S315010199B804D0FFF7D5FE6FF0420008BDDB6A8B4282
S315010199C8F7D801720020F8E76FF02000F5E70023C8
S315010199D807B5019301ABFFF7A9FB03B05DF804FBDA
S315010199E8002313B5019301AB0446FFF79FFB20B989
S315010199F82268E36E12681343E36602B010BD10B51F
S31501019A08846821600021E360C4E90112103484608D
S31501019A1810BD836819600121C3E9011210338360FE
S31501019A28704710B5C0E90121044600F1100100682B
S31501019A38E7F7DBD8E06010BD2DE9F0431546C668A6
S31501019A48836885B00446884610220021684608368F
S31501019A58A3F110093746E7F765DA28466B468145CA
S31501019A682DD20121EA68696042F02002EA60AA68FA
S31501019A78206842F00052AA609A68596042F0005281
S31501019A889A60019D08F1080204F11001E7F7ABD8C4
S31501019A98324620680021E7F798D82A46206810211E
S31501019AA8E7F793D8206803223421E7F795D80322EB
S31501019AB83821206805B0BDE8F043E7F78D9842687B
S31501019AC822B15F60034610371030C8E76F6005465B
S31501019AD8F9E7F8B5002506462C4601272046E7F79A
S31501019AE853D868B14FF48061E7F768D8304218BF97
S31501019AF807FA04F304F1010418BF1D43202CEDD123
S31501019B082846F8BD2DE9F041002504460F46904641
S31501019B182E4614B92846BDE8F081E3070BD5304630
S31501019B28E7F732D83946E7F749D838EA000002BFDC
S31501019B380123B3401D4301366408EAE770B52821BC
S31501019B4805460068E7F73AD83C2106462868E7F74B
S31501019B5835D816F0240F00F0230407D0E7F74AD8C1
S31501019B682868FDF75DFE6FF01F0070BD3CB92868D6
S31501019B784FF0FF323021E7F72FD82046F5E74FF0AE
S31501019B88FF30F2E7C0E90021002282607047002315
S31501019B9820298CBF19460131C0E90033816070471C
S31501019BA800000000000000000000000000000000A5
S31501019BB80000000000000000F8B500BFF8BC08BCB1
S31501019BC89E467047F8B500BFF8BC08BC9E4670476B
S31501019BD813B779FAC925DDB7ADF3CFE0F1B614B8F4
S31501019BE80102000000000000FFFFFFFF1000000056
S31501019BF80100000000000000000000000000000054
S31501019C080000000000000000000000000000000044
S31501019C180000000000000000000000000000000034
S31501019C2849444C4500546D725100546D7220537666
S31501019C3863000000512563FCC2CAB9F3849E17A7C4
S31501019C48ADFAE6BCFFFFFFFFFFFFFFFF00000000C3
S31501019C58FFFFFFFFF551BF376840B6CBCE5E316BCB
S31501019C685733CE2B169E0F7C4AEBE78E9B7F1AFE46
S31501019C78E242E34F96C298D84539A1F4A033EB2DB8
S31501019C88817D0377F240A463E5E6BCF847422CE1FE
S31501019C98F2D1176B4B60D2273E3CCE3BF6B053CC83
S31501019CA8B0061D65BC86987655BDEBB3E7933AAA0E
S31501019CB8D835C65AFFFFFFFFFFFFFFFFFFFFFFFF73
S31501019CC80000000000000000000000000100000083
S31501019CD8FFFFFFFF01000000089D010100000000D0
S31501019CE800000000059D0101029D0101FF9C010182
S31501019CF8FC9C01010B40800A3080092040081C4068
S31501019D080514402A864886F70D020700686D6163C6
S31501019D185348413100484D41432D5348412D3100A6
S31501019D282A864886F70D020800686D616353484122
S31501019D3832323400484D41432D5348412D32323494
S31501019D48002A864886F70D020900686D6163534842
S31501019D584132353600484D41432D5348412D32355F
S31501019D6836002A864886F70D020A00686D61635333
S31501019D78484133383400484D41432D5348412D3329
S31501019D883834002A864886F70D020B00686D61632F
S31501019D9853484135313200484D41432D5348412DF0
S31501019DA8353132002B0E03021A0069642D7368617D
S31501019DB831006086480165030402040069642D7354
S31501019DC86861323234006086480165030402010084
S31501019DD869642D7368613235360060864801650309
S31501019DE80402020069642D736861333834006086A0
S31501019DF8480165030402030069642D7368613531FD
S31501019E0832002B0E03020700646573434243004483
S31501019E1845532D434243002A864886F70D03070019
S31501019E286465732D656465332D6362630044455327
S31501019E382D454445332D4342430060864801650358
S31501019E48040102006165733132382D636263004191
S31501019E5845533132382D4342430060864801650333
S31501019E68040116006165733139322D63626300415C
S31501019E7845533139322D4342430060864801650312
S31501019E8804012A006165733235362D636263004127
S31501019E9845533235362D434243002A8648CE3D0382
S31501019EA8010700736563703235367231002A8648B7
S31501019EB886F70D01010100727361456E637279704E
S31501019EC874696F6E00525341002A8648CE3D0201DC
S31501019ED80069642D65635075626C69634B65790028
S31501019EE847656E65726963204543206B6579002B69
S31501019EF88104010C0069642D6563444800454320CA
S31501019F086B657920666F722045434448002A864865
S31501019F18CE3D04010065636473612D776974682D0B
S31501019F2853484131004543445341207769746820B8
S31501019F3853484131002A8648CE3D04030100656331
S31501019F486473612D776974682D534841323234003F
S31501019F584543445341207769746820534841323255
S31501019F6834002A8648CE3D040302006563647361A1
S31501019F782D776974682D5348413235360045434476
S31501019F885341207769746820534841323536002A8E
S31501019F988648CE3D0403030065636473612D7769C1
S31501019FA874682D534841333834004543445341209D
S31501019FB87769746820534841333834002A8648CE74
S31501019FC83D0403040065636473612D776974682D23
S31501019FD85348413531320045434453412077697429
S31501019FE8682053484135313200616E79506F6C6989
S31501019FF8637900416E7920506F6C696379002B068C
S3150101A0080105050703010069642D6B702D736572DE
S3150101A0187665724175746800544C53205765622000
S3150101A0285365727665722041757468656E746963E4
S3150101A0386174696F6E002B06010505070302006944
S3150101A048642D6B702D636C69656E74417574680056
S3150101A058544C532057656220436C69656E742041DF
S3150101A068757468656E7469636174696F6E002B0630
S3150101A0780105050703030069642D6B702D636F6480
S3150101A088655369676E696E6700436F646520536935
S3150101A098676E696E67002B060105050703040069EA
S3150101A0A8642D6B702D656D61696C50726F74656392
S3150101A0B874696F6E00452D6D61696C2050726F74FC
S3150101A0C8656374696F6E002B0601050507030800B0
S3150101A0D869642D6B702D74696D655374616D706951
S3150101A0E86E670054696D65205374616D70696E6799
S3150101A0F8002B060105050703090069642D6B702DFF
S3150101A1084F4353505369676E696E67004F43535006
S3150101A118205369676E696E67002B0601040182E4A3
S3150101A12825010069642D6B702D776973756E2D662E
S3150101A138616E2D6465766963650057692D53554EC0
S3150101A14820416C6C69616E6365204669656C6420A2
S3150101A15841726561204E6574776F726B202846419D
S3150101A1684E2900551D130069642D63652D626173BE
S3150101A1786963436F6E73747261696E7473004261C8
S3150101A18873696320436F6E73747261696E747300C8
S3150101A198551D0F0069642D63652D6B6579557361CD
S3150101A1A8676500551D250069642D63652D657874FC
S3150101A1B84B6579557361676500457874656E6465A4
S3150101A1C864204B657920557361676500551D11003A
S3150101A1D869642D63652D7375626A656374416C746F
S3150101A1E84E616D65005375626A65637420416C74CD
S3150101A1F8204E616D65006086480186F842010100BD
S3150101A20869642D6E657473636170652D6365727416
S3150101A21874797065004E6574736361706520436571
S3150101A228727469666963617465205479706500554C
S3150101A2381D200069642D63652D63657274696669FC
S3150101A24863617465506F6C6963696573004365720F
S3150101A258746966696361746520506F6C69636965C0
S3150101A2687300551D0E0069642D63652D7375626A48
S3150101A2786563744B65794964656E74696669657266
S3150101A288005375626A656374204B65792049646573
S3150101A2986E74696669657200551D230069642D63CB
S3150101A2A8652D617574686F726974794B657949644D
S3150101A2B8656E74696669657200417574686F72695C
S3150101A2C87479204B6579204964656E746966696597
S3150101A2D872005504030069642D61742D636F6D6DF8
S3150101A2E86F6E4E616D6500436F6D6D6F6E204E61C8
S3150101A2F86D6500434E005504060069642D61742D90
S3150101A308636F756E7472794E616D6500436F756E13
S3150101A318747279005504070069642D61742D6C6F97
S3150101A32863616C697479004C6F63616C6974790056
S3150101A3385504080069642D61742D7374617465008F
S3150101A34853746174650053540055040A0069642DF8
S3150101A35861742D6F7267616E697A6174696F6E4E88
S3150101A368616D65004F7267616E697A6174696F6EB5
S3150101A378004F0055040B0069642D61742D6F7267D6
S3150101A388616E697A6174696F6E616C556E69744E35
S3150101A398616D65004F726720556E6974004F5500EE
S3150101A3A82A864886F70D01090100656D61696C41C7
S3150101A3B864647265737300452D6D61696C2061640E
S3150101A3C86472657373005504050069642D61742D02
S3150101A3D873657269616C4E756D626572005365725A
S3150101A3E869616C206E756D626572005504100069AC
S3150101A3F8642D61742D706F7374616C416464726547
S3150101A408737300506F7374616C2061646472657350
S3150101A41873005504110069642D61742D706F73748D
S3150101A428616C436F646500506F7374616C20636F6F
S3150101A4386465005504040069642D61742D73757290
S3150101A4484E616D65005375726E616D6500534E00FF
S3150101A45855042A0069642D61742D676976656E4E06
S3150101A468616D6500476976656E206E616D650047A8
S3150101A4784E0055042B0069642D61742D696E69744A
S3150101A48869616C7300496E697469616C730055047D
S3150101A4982C0069642D61742D67656E657261746935
S3150101A4A86F6E5175616C69666965720047656E659E
S3150101A4B8726174696F6E207175616C69666965721D
S3150101A4C80055040C0069642D61742D7469746C65F9
S3150101A4D8005469746C650055042E0069642D617414
S3150101A4E82D646E5175616C6966696572004469739B
S3150101A4F874696E67756973686564204E616D652057
S3150101A5087175616C69666965720055044100696412
S3150101A5182D61742D70736575646F6E796D00507355
S3150101A5286575646F6E796D000992268993F22C64BB
S3150101A53801010069642D75696400557365722049C5
S3150101A54864000992268993F22C6401190069642D24
S3150101A558646F6D61696E436F6D706F6E656E7400C0
S3150101A568446F6D61696E20636F6D706F6E656E7490
S3150101A5780044430055042D0069642D61742D756EDF
S3150101A588697175654964656E7469666965720055AF
S3150101A5986E69717565204964656E74696669657266
S3150101A5A800000000A29E010108000000AB9E010106
S3150101A5B8AB9E01010300000000000000000000003D
S3150101A5C8000000000000000000000000B59E010126
S3150101A5D809000000BF9E0101CD9E01010100000095
S3150101A5E8D19E010107000000D99E0101E89E0101E2
S3150101A5F802000000F79E010105000000FD9E010110
S3150101A608059F010103000000000000000000000091
S3150101A618000000000000000000000000159F010174
S3150101A628070000001D9F01012D9F0101050400007E
S3150101A6383D9F010108000000469F0101589F010144
S3150101A648080400006A9F010108000000739F0101C7
S3150101A658859F010109040000979F01010800000077
S3150101A668A09F0101B29F01010A040000C49F0101D3
S3150101A67808000000CD9F0101DF9F01010B040000C5
S3150101A68800000000000000000000000000000000BA
S3150101A698000000004F7061717565004543445341DF
S3150101A6A80045435F44480045430000000700000098
S3150101A6B89CA60101B7340101AB3401010000000078
S3150101A6C8C183000100000000000000000000000035
S3150101A6D80000000000000000000000000700000063
S3150101A6E89CA60101B73401019B3401013D85000195
S3150101A6F8E53401010000000000000000B9850001F0
S3150101A7080000000000000000000000000000000039
S3150101A718505341004B455900000000007BFF80B0B2
S3150101A72879FF80B078FF80B176FF00B16CFF00B385
S3150101A7386BFF00B2202C3D2B3C3E233B225C005291
S3150101A7480073746174654F7250726F76696E6365D1
S3150101A7584E616D6500000000FBA2010102000000C7
S3150101A768DAA201010C000000E4A201010A000000BD
S3150101A778DAA201010C000000809E0101010000001E
S3150101A788FEA201011300000008A301010B0000004C
S3150101A798FEA201011300000079A3010101000000D5
S3150101A7A851A301010C0000005BA301011000000087
S3150101A7B851A301010C00000073B30101010000005E
S3150101A7C81CA301010C00000026A3010108000000D9
S3150101A7D81CA301010C00000047A7010101000000AB
S3150101A7E8A8A3010116000000A5A3010102000000AA
S3150101A7F87BA301010C00000085A3010116000000DD
S3150101A8087BA301010C0000004EA301010200000017
S3150101A81838A301010C00000049A70101130000003A
S3150101A82838A301010C000000B2A301010C000000CC
S3150101A838A8A3010116000000D8A301010C0000001C
S3150101A848CEA3010113000000FDA301010D000000C3
S3150101A858F3A301011300000024A401010A00000069
S3150101A8681AA4010113000000E9A401010B0000006B
S3150101A878DFA4010113000000D3A4010105000000B2
S3150101A888C9A401010C00000045A40101070000004B
S3150101A8983BA401010C00000055A4010102000000BE
S3150101A8A83BA401010C00000062A40101090000009A
S3150101A8B858A401010C00000077A40101020000005F
S3150101A8C858A401010C00000084A40101080000003C
S3150101A8D87AA401010C0000001CA501010900000070
S3150101A8E812A501010C000000A0A40101130000003A
S3150101A8F896A401010C00000058A501010F000000F2
S3150101A9084AA501011600000079A50101020000000E
S3150101A9184AA5010116000000000000000000000020
S3150101A92800000000050000002A864886F70D010986
S3150101A9380E002D2D2D2D2D454E44204345525449AA
S3150101A94846494341544520524551554553542D2DA8
S3150101A9582D2D2D0A002D2D2D2D2D424547494E20F0
S3150101A9684345525449464943415445205245515557
S3150101A9784553542D2D2D2D2D0A00000045C00001EA
S3150101A9884D560101A9C00001F5C000013B5701015E
S3150101A99837570101155701016F560101D7560101B3
S3150101A9A8A95601017156010134000000030202038F
S3150101A9B8000000C1059ED8367CD5073070DD17F732
S3150101A9C80E5939FFC00B316858151164F98FA7BEA5
S3150101A9D8FA4FA4006A09E667BB67AE853C6EF37256
S3150101A9E8A54FF53A510E527F9B05688C1F83D9AB4A
S3150101A9F85BE0CD1900CBBB9D5DC1059ED8629A2945
S3150101AA082A367CD5079159015A3070DD17152FEC75
S3150101AA18D8F70E593967332667FFC00B318EB44A09
S3150101AA288768581511DB0C2E0D64F98FA747B548B0
S3150101AA381DBEFA4FA4006A09E667F3BCC908BB67DC
S3150101AA48AE8584CAA73B3C6EF372FE94F82BA54FDB
S3150101AA58F53A5F1D36F1510E527FADE682D19B055E
S3150101AA68688C2B3E6C1F1F83D9ABFB41BD6B5BE029
S3150101AA78CD19137E217900141C2030406745230125
S3150101AA88EFCDAB8998BADCFE10325476C3D2E1F028
S3150101AA9800000000000000000000000000000000A6
S3150101AAA8000000008D92928C8C8B8BFFFFFFFF00BB
S3150101AAB8000000FFFFFFFFFFFFFFFFBCE6FAADA79E
S3150101AAC8179E84F3B9CAC2FC632551001000000020
S3150101AAD85F00000002000000140000001A000000D7
S3150101AAE87274740000000001FFFFFFFFFFFFFFFF03
S3150101AAF8FFFFFFFFFFFFFFFFFFFFFFFFFFFFFFFF56
S3150101AB08FFFFFFFF00000002FFFFFFFFFFFFFFFF3F
S3150101AB18FFFFFFFFFFFFFFFFFFFFFFFFFFFFFFFF35
S3150101AB28FFFFFFFF0000000401000000060000000E
S3150101AB3864AB010100000000AF960101E1E70001E4
S3150101AB482000000010000000100000002000000095
S3150101AB5800000000010000000000000011000000D3
S3150101AB681108000011280000000000004100000042
S3150101AB7801000000010000000100000000000000C2
S3150101AB88C4AB0101B4AB0101D99601010000000072
S3150101AB980000000000000000100000000000000095
S3150101ABA80100000010000000010000000000000083
S3150101ABB8000000000000000000000000160000006F
S3150101ABC816100000363000000000000046000000A3
S3150101ABD806000000C6000000200600000002000071
S3150101ABE80004000040000000800000004000000051
S3150101ABF89000000005E800011006000000020000AF
S3150101AC080004000030000000800000004000000040
S3150101AC189000000005E80001080600000002000096
S3150101AC280004000020000000400000002000000090
S3150101AC384800000005E800010406000000020000C2
S3150101AC48000400001C000000400000002000000074
S3150101AC584800000005E800010206000000020000A4
S3150101AC680004000014000000400000001400000068
S3150101AC784800000005E80001130000006300000018
S3150101AC88A3000000030000005465726D696E616CD2
S3150101AC980000000000000054545220524547474520
S3150101ACA85300253034580023304330342530325887
S3150101ACB8253032582530325825303258004D6174C5
S3150101ACC87465722044657669636500434E3D257353
S3150101ACD82C20312E332E362E312E342E312E33376A
S3150101ACE83234342E322E313D25732C20312E332E1A
S3150101ACF8362E312E342E312E33373234342E322E2E
S3150101AD08323D257300010204000000000000000025
S3150101AD18617F0101F9800101DDF3000100000000F5
S3150101AD28000000005F7F0101C1800101F9F0000106
S3150101AD38557F010129F2000179F100016DF2000146
S3150101AD48637F010100000000000000005D7F010131
S3150101AD58CF800101517F0101557F010129F20001CE
S3150101AD6879F1000181F30001B17F010100000000C1
S3150101AD78000000005B7F0101DD800101B580010151
S3150101AD88557F010129F2000179F10001FDF2000166
S3150101AD98B17F01010000000000000000597F010197
S3150101ADA8EB800101517F0101557F010129F2000162
S3150101ADB879F10001E9F20001B17F01012564003051
S3150101ADC83030303030303000000000000000000023
S3150101ADD8F5820101958301015B82010183820101EA
S3150101ADE807830101A582010115F60001BB83010152
S3150101ADF8F1820101F182010181F6000195F8000153
S3150101AE08DDFF0001010001012D00010151000101D0
S3150101AE187D000101A1000101C5000101E90001014E
S3150101AE280D01010135010101EDFB0001C984010192
S3150101AE38F9FC0001C501010129020101CF850101C1
S3150101AE4871FD000111FE0001DB8501017902010194
S3150101AE5891020101A9020101090301012504010167
S3150101AE6811860101FD030101B9010101C78501012D
S3150101AE78FCFFFFFF00000000F7820101A383010126
S3150101AE886F850101678501017F85010177850101CA
S3150101AE98978501018F850101878501015F8501017A
S3150101AEA8C1840101238501019F850101A78501014D
S3150101AEB82B85010141820101458201014982010175
S3150101AEC84D8201015582010105F60001F4FFFFFFDB
S3150101AED80000000003830101A9830101B78501016E
S3150101AEE8AF850101BF850101338501013B8501015A
S3150101AEF8D3850101CB850101F0FFFFFF00000000A9
S3150101AF08FF820101AF830101E9850101E1850101A2
S3150101AF18F9850101F185010101860101ECFFFFFFB7
S3150101AF2800000000FB820101B583010119860101B7
S3150101AF380986010115860101040004002D002D0071
S3150101AF48252E3473252E3273252E327300496E76DA
S3150101AF58616C6964206D616E756661637475726988
S3150101AF686E6720646174653A202573005531424242
S3150101AF78533055795543424C5A586B675532467386
S3150101AF8864413D3D0075574677717567444E47697A
S3150101AF9845636B2F706F374B4877774D7777715AC2
S3150101AFA8674E313058757942616A504775797A55D4
S3150101AFB845562F69726565346C4F72616F354775F0
S3150101AFC8776E6C513635434A7A626555423439731F
S3150101AFD8333145482B4E456B67304A5649354D47FE
S3150101AFE84351474D4D542F535250464E524F446D7E
S3150101AFF83377482F4D4269656875466336464A2F48
S3150101B0084E4836526D7A773D3D000011223344553B
S3150101B01866778899AABBCCDDEEFF00000000000027
S3150101B028000000004B8501014D85010101FF000169
S3150101B03885FE00014385010143850101438501011E
S3150101B048438501014785010147850101D1FE0001BA
S3150101B0589DFE000125732C20616464723A307825BE
S3150101B0683036782B253033752C2073697A653A2564
S3150101B0787500544553545F56455253494F4E007610
S3150101B088616C7565203C3D206B4D6178446973633C
S3150101B09872696D696E61746F7256616C75650025A9
S3150101B0A8733A25642066616C73653A20256C7800CC
S3150101B0B847657443657274696669636174696F6E1C
S3150101B0C84465636C61726174696F6E00476574509A
S3150101B0D8726F647563744174746573746174696FAD
S3150101B0E86E496E7465726D656469617465436572ED
S3150101B0F8740047657444657669636541747465735B
S3150101B108746174696F6E43657274005369676E572A
S3150101B11869746844657669636541747465737461B4
S3150101B12874696F6E4B65792C206B69643A25752CA8
S3150101B138206D73675F73697A653A25752C20736982
S3150101B148675F73697A653A25752C206572723A309B
S3150101B1587825303278002D000000494E0000424C16
S3150101B16845004D4C0000534D0000454D0000544C1F
S3150101B178560041534E004352000043544C00414C82
S3150101B18800005343000042445800444D47004443DC
S3150101B19800004444000045434800465000004E5013
S3150101B1A800005344000053500000535755004653BD
S3150101B1B80000545300004842000043534C004556D1
S3150101B1C84C0053505400544F4F005A434C005348B6
S3150101B1D80000444C000053504C0053565200444958
S3150101B1E85300494D0000545354004F5353004154E1
S3150101B1F84D0043534D004943440046530000504115
S3150101B208460043414D004A46000041424F52543AD5
S3150101B21820636869703A3A506C6174666F726D3A67
S3150101B2283A257328292063616C6C65642062656619
S3150101B2386F726520636869703A3A506C6174666F1A
S3150101B248726D3A3A4D656D6F7279496E697428293D
S3150101B2580A0041424F52543A20636869703A3A509A
S3150101B2686C6174666F726D3A3A4D656D6F727949A3
S3150101B2786E697428292063616C6C65642074776929
S3150101B28863652E0A004D656D6F7279416C6C6F634A
S3150101B298004D656D6F727946726565004661696C27
S3150101B2A8656420746F20696D706F72742061206BFB
S3150101B2B86579206572726F723A256C640A0000001D
S3150101B2C8000000000000000000000000000000006E
S3150101B2D8000000000000000000000000000000005E
S3150101B2E8000000000000000000000000000000004E
S3150101B2F8000000000000000000000000000000003E
S3150101B30800000000000000000000000055070101CF
S3150101B318C7880101CB880101CF880101EB880101A9
S3150101B328D3880101D5880101D9880101DB88010189
S3150101B338DF880101E388010191070101A5070101DF
S3150101B348DD070101E7880101FB88010149070101BF
S3150101B3587907010150726F766973696F6E205461BD
S3150101B368736B00232D302B2000686C4C00656667D2
S3150101B378454647003031323334353637383941425B
S3150101B388434445460030313233343536373839612D
S3150101B3986263646566000020202020202020202089
S3150101B3A82828282828202020202020202020202065
S3150101B3B82020202020202088101010101010101095
S3150101B3C810101010101010040404040404040404D9
S3150101B3D80410101010101010414141414141010161
S3150101B3E8010101010101010101010101010101013D
S3150101B3F8010110101010101042424242424202024B
S3150101B408020202020202020202020202020202020C
S3150101B41802021010101020000000000000000000B8
S3150101B428000000000000000000000000000000000C
S3150101B43800000000000000000000000000000000FC
S3150101B44800000000000000000000000000000000EC
S3150101B45800000000000000000000000000000000DC
S3150101B46800000000000000000000000000000000CC
S3150101B47800000000000000000000000000000000BC
S3150101B48800000000000000000000000000000000AC
S30D0101B4980000000000000000A4
S30D0101B4A09C577E7F01000000AB
S3110101B4A8B4B40101287B0020E70200007A
S3150101B4B400000000AAAAAAAA370000002D0F8000E5
S3150101B4C40B4901010B49010111490101114901010C
S3150101B4D480D5430280D1F00880D543020080000063
S3150101B4E400F04902607B002000801A0100A00000DF
S3150101B4F4044A0020C8000000FE000000000000000C
S3150101B50494A9010184A9010102000000A8350020C2
S3150101B514000005009C7B0020E8AA0101010000004E
S3150101B524A5E6000100000000F56F0101000000001D
S3150101B534DF6F01011100000000000000000000415D
S3150101B544000000000100000000400041000000006D
S3150101B554D8AD010180AE010100000000DCAE01019C
S3150101B56408AF01012CAF0101000000000000000039
S3150101B57400000000000000000000000000000000BF
S3150101B58400020000000000000000000000000000AD
S3150101B594000000000000000000000000000000009F
S3150101B5A4000000000000000000000000000000008F
S3150101B5B4000000000000000000000000000000007F
S3150101B5C4000000002CB001010000000018AD0101CA
S3150101B5D4010000008C7B0020547C00200000000047
S3150101B5E4145800207C580020E45800200000000073
S3150101B5F4000000000000000000000000000000003F
S3150101B604000000000000000000000000000000002E
S3150101B614000000000000000000000000000000001E
S3150101B624000000000000000000000000030000000B
S3150101B634145800200C000000000002047D7501016C
S3150101B6443570000161F00001D9F500011D08010100
S3150101B6540D70000100000000000000000000000060
S3150101B66400000000000000000000000000000000CE
S3150101B67400000000000000000000000000000000BE
S3150101B68400000000000000000000000000000000AE
S3150101B694000000000000000000000000000000009E
S3150101B6A4000000000000000000000000000000008E
S3150101B6B4000000000000000000000000000000007E
S3150101B6C4000000000000000000000000000000006E
S3150101B6D4000000000000000000000000000000005E
S3150101B6E4000000000000000000000000000000004E
S3150101B6F4000000000000000000000000000000003E
S3150101B704000000000000000000000000000000002D
S3150101B714000000000000000000000000000000001D
S3150101B724000000000000000000000000000000000D
S3150101B73400000000000000000000000000000000FD
S3150101B74400000000000000000000000000000000ED
S3150101B75400000000000000000000000000000000DD
S3150101B76400000000000000000000000000000000CD
S3150101B77400000000000000000000000000000000BD
S3150101B78400000000000000000000000000000000AD
S3150101B794000000000000000000000000000000009D
S3150101B7A4000000000000000000000000000000008D
S3150101B7B4000000000000000000000000000000007D
S3150101B7C4000000000000000000000000000000006D
S3150101B7D4000000000000000000000000000000005D
S3150101B7E4000000000000000000000000000000004D
S3150101B7F4000000000000000000000000000000003D
S3150101B804000000000000000000000000000000002C
S3150101B814000000000000000000000000000000001C
S3150101B824000000000000000000000000000000000C
S3150101B83400000000000000000000000000000000FC
S3150101B84400000000000000000000000000000000EC
S3150101B85400000000000000000000000000000000DC
S3150101B86400000000000000000000000000000000CC
S3150101B87400000000000000000000000000000000BC
S3150101B88400000000000000000000000000000000AC
S3150101B894000000000000000000000000000000009C
S3150101B8A4000000000000000000000000000000008C
S3150101B8B4000000000000000000000000000000007C
S3150101B8C4000000000000000000000000000000006C
S3150101B8D4000000000000000000000000000000005C
S3150101B8E4000000000000000000000000000000004C
S3150101B8F4000000000000000000000000000000003C
S3150101B904000000000000000000000000000000002B
S3150101B914000000000000000000000000000000001B
S3150101B924000000000000000000000000000000000B
S3150101B93400000000000000000000000000000000FB
S3150101B94400000000000000000000000000000000EB
S3150101B95400000000000000000000000000000000DB
S3150101B96400000000000000000000000000000000CB
S3150101B97400000000000000000000000000000000BB
S3150101B98400000000000000000000000000000000AB
S3150101B994000000000000000000000000000000009B
S3150101B9A4000000000000000000000000000000008B
S3150101B9B4000000000000000000000000000000007B
S3150101B9C4000000000000000000000000000000006B
S3150101B9D4000000000000000000000000000000005B
S3150101B9E4000000000000000000000000000000004B
S3150101B9F4000000000000000000000000000000003B
S3150101BA04000000000000000000000000000000002A
S3150101BA14000000000000000000000000000000001A
S3150101BA24000000000000000000000000000000000A
S3150101BA3400000000000000000000000000000000FA
S3150101BA4400000000000000000000000000000000EA
S3150101BA5400000000000000000000000000000000DA
S3150101BA6400000000000000000000000000000000CA
S3150101BA7400000000000000000000000000000000BA
S3150101BA8400000000000000000000000000000000AA
S3150101BA94000000000000000000000000000000009A
S3150101BAA4000000000000000000000000000000008A
S3150101BAB4000000000000000000000000000000007A
S3150101BAC4000000000000000000000000000000006A
S3150101BAD4000000000000000000000000000000005A
S3150101BAE4000000000000000000000000000000004A
S3150101BAF4000000000000000000000000000000003A
S3150101BB040000000000000000000000000000000029
S3150101BB140000000000000000000000000000000019
S3150101BB240000000000000000000000000000000009
S3150101BB3400000000000000000000000000000000F9
S3150101BB4400000000000000000000000000000000E9
S3150101BB5400000000000000000000000000000000D9
S3150101BB6400000000000000000000000000000000C9
S3150101BB7400000000000000000000000000000000B9
S3150101BB8400000000000000000000000000000000A9
S3150101BB940000000000000000000000000000000099
S3150101BBA40000000000000000000000000000000089
S3150101BBB40000000000000000000000000000000079
S3150101BBC40000000000000000000000000000000069
S3150101BBD40000000000000000000000000000000059
S3150101BBE40000000000000000000000000000000049
S3150101BBF40000000000000000000000000000000039
S3150101BC040000000000000000000000000000000028
S3150101BC140000000000000000000000000000000018
S3150101BC240000000000000000000000000000000008
S3150101BC3400000000000000000000000000000000F8
S3150101BC4400000000000000000000000000000000E8
S3150101BC5400000000000000000000000000000000D8
S3150101BC6400000000000000000000000000000000C8
S3150101BC7400000000000000000000000000000000B8
S3150101BC8400000000000000000000000000000000A8
S3150101BC940000000000000000000000000000000098
S3150101BCA40000000000000000000000000000000088
S3150101BCB40000000000000000000000000000000078
S3150101BCC40000000000000000000000000000000068
S3150101BCD40000000000000000000000000000000058
S3150101BCE40000000000000000000000000000000048
S3150101BCF40000000000000000000000000000000038
S3150101BD040000000000000000000000000000000027
S3150101BD140000000000000000000000000000000017
S3150101BD240000000000000000000000000000000007
S3150101BD3400000000000000000000000000000000F7
S3150101BD4400000000000000000000000000000000E7
S3150101BD5400000000000000000000000000000000D7
S3150101BD6400000000000000000000000000000000C7
S3150101BD7400000000000000000000000000000000B7
S3150101BD8400000000000000000000000000000000A7
S3150101BD940000000000000000000000000000000097
S3150101BDA40000000000000000000000000000000087
S3150101BDB40000000000000000000000000000000077
S3150101BDC40000000000000000000000000000000067
S3150101BDD40000000000000000000000000000000057
S3150101BDE40000000000000000000000000000000047
S3150101BDF40000000000000000000000000000000037
S3150101BE040000000000000000000000000000000026
S3150101BE140000000000000000000000000000000016
S3150101BE240000000000000000000000000000000006
S3150101BE3400000000000000000000000000000000F6
S3150101BE4400000000000000000000000000000000E6
S3150101BE5400000000000000000000000000000000D6
S3150101BE6400000000000000000000000000000000C6
S3150101BE7400000000000000000000000000000000B6
S3150101BE8400000000000000000000000000000000A6
S3150101BE940000000000000000000000000000000096
S3150101BEA40000000000000000000000000000000086
S3150101BEB40000000000000000000000000000000076
S3150101BEC40000000000000000000000000000000066
S3150101BED40000000000000000000000000000000056
S3150101BEE40000000000000000000000000000000046
S3150101BEF40000000000000000000000000000000036
S3150101BF040000000000000000000000000000000025
S3150101BF140000000000000000000000000000000015
S3150101BF240000000000000000000000000000000005
S3150101BF3400000000000000000000000000000000F5
S3150101BF4400000000000000000000000000000000E5
S3150101BF5400000000000000000000000000000000D5
S3150101BF6400000000000000000000000000000000C5
S3150101BF7400000000000000000000000000000000B5
S3150101BF8400000000000000000000000000000000A5
S3150101BF940000000000000000000000000000000095
S3150101BFA40000000000000000000000000000000085
S3150101BFB40000000000000000000000000000000075
S3150101BFC40000000000000000000000000000000065
S3150101BFD40000000000000000000000000000000055
S3150101BFE40000000000000000000000000000000045
S3150101BFF40000000000000000000000000000000035
S3150101C0040000000000000000000000000000000024
S3150101C0140000000000000000000000000000000014
S3150101C0240000000000000000000000000000000004
S3150101C03400000000000000000000000000000000F4
S3110101C044000000000000000000000000E8
S70501014C1993
