:020000040800F2
:1000000020A300206D510008157401085951000803
:100010005951000859510008595100085951000818
:10002000000000000000000000000000D5510008A2
:1000300059510008000000004554000859510008BB
:10004000191F00081555000815550008155500081A
:1000500015550008155500081555000815550008D8
:1000600015550008155500081555000815550008C8
:1000700015550008155500081555000815550008B8
:1000800015550008155500081555000815550008A8
:100090001555000815550008155500081555000898
:1000A0001555000815550008155500081555000888
:1000B0001555000815550008155500081555000878
:1000C0001555000815550008155500081555000868
:1000D0001555000815550008155500081555000858
:1000E0001555000815550008155500081555000848
:1000F0001555000815550008155500081555000838
:100100001555000815550008155500081555000827
:100110001555000815550008155500081555000817
:100120001555000815550008155500081555000807
:1001300015550008155500081555000815550008F7
:1001400015550008155500081555000815550008E7
:1001500015550008155500081555000815550008D7
:0C0160001555000815550008155500083D
:1001700053B94AB9002908BF00281CBF4FF0FF310E
:100180004FF0FF3000F00CB8ADF1080C6DE904CE73
:1001900000F01AF8DDF804E0DDE9022304B070474E
:1001A000704700BF10F8012B11F8013B012A28BF4E
:1001B0009A42F7D0D01A7047034613F8012B002A51
:1001C000FBD1181A013870472DE9F0478C468E464E
:1001D000089E154604461946002B40F0D080724513
:1001E00047D9B2FA82F74FB1C7F120030EFA07FCE4
:1001F000BD40BC4020FA03F343EA0C0C4FEA154E15
:10020000A8B2230CBCFBFEF80EFB18CC08FB00F9CF
:1002100043EA0C43994528D9EB1808F1FF3204D280
:10022000994502D9A8F102022B44A3EB0903A4B219
:10023000B3FBFEFC0EFB1C330CFB00F044EA034452
:10024000A04214D92C190CF1FF3304D2A04202D9D8
:10025000ACF102032C44241A43EA02401EB1FC40D4
:10026000002334607360BDE8F0874246DDE76346F3
:10027000F1E7002A79D0B2FA82F3002B3FD0194679
:10028000C1F1200302FA01F500FA01F42EFA03F29B
:100290000EFA01FE20FA03F3AFB243EA0E034FEA6F
:1002A000154EB2FBFEFC0EFB1C201A0C0CFB07F8D3
:1002B00042EA004290455AD9AA180CF1FF3004D204
:1002C000904502D9ACF102002A44A2EB08029BB28D
:1002D000B2FBFEFC0EFB1C220CFB07F743EA0243B9
:1002E0009F4246D9EB180CF1FF3204D29F4202D94B
:1002F000ACF102022B44DB1B42EA004202E0AEEB0F
:10030000020301224FEA154EAFB2200CB3FBFEFCF4
:100310000EFB1C330CFB07F840EA034398452AD92F
:10032000EB180CF1FF3004D2984502D9ACF1020071
:100330002B44A3EB0803A4B2B3FBFEFC0EFB1C335F
:100340000CFB07F744EA0344A74216D92C190CF119
:10035000FF3304D2A74202D9ACF102032C44E41BC0
:1003600043EA00400F46114678E71F2188E76046C0
:10037000ABE76246BFE76046DBE76346EFE77345FE
:1003800006D916B9002108466DE7C6E9000EF9E75F
:10039000B3FA83F787B9734501D3824207D8841A29
:1003A0006EEB030301209C461EB900215BE7384633
:1003B000FAE7C6E9004CF8E7C7F1200CBB4000FAA9
:1003C00007F422FA0CF520FA0CF1BA401D432EFA7C
:1003D0000CF30EFA07FE4FEA154941EA0E011FFA27
:1003E00085FEB3FBF9F809FB18300B0C08FB0EFA7D
:1003F00043EA00439A4540D9EB1808F1FF3004D294
:100400009A4502D9A8F102002B44A3EB0A0389B252
:10041000B3FBF9F809FB183308FB0EFE41EA034170
:100420008E452CD9691808F1FF3304D28E4502D9C4
:10043000A8F10203294443EA0040A1EB0E01A0FB0E
:1004400002984145CE46434602D306D14C4504D2DC
:100450000138B9EB020E68EB0503002EA5D0B4EB12
:100460000E0261EB030101FA0CFC22FA07F3F940DA
:100470004CEA0303C6E9003197E74046C5E7434627
:10048000D9E70000002110B5084612F0DDFA01217D
:100490001F200C4A1CF026FC00F0BEF9044615F0A3
:1004A000F1FD48B11F200121074A1CF01BFC4FF051
:1004B000FF3010BD10F01EFC204600F06BF9002844
:1004C000F8D1F6E7744002089140020810B50446DE
:1004D00086B00B460B4A052104A814F057FA9DF884
:1004E0001330102102939DF81230204601939DF89D
:1004F0001130054A00939DF8103014F047FA00209F
:1005000006B010BDBB400208C040020810B504464A
:1005100088B015F0A0FB01234FF47051079400241C
:10052000094A0694CDE90223084BCDE9041316F0DD
:10053000A3F9000240F00100039001A902A8019470
:1005400013F042FF08B010BD127100010906000649
:1005500070B5064688B00C46154615F07CFB0123A5
:100560004FF47051079600260D4A0696CDE90223F6
:100570000C4BCDE9041316F07FF9000240F00100A6
:1005800021462A46039001AB02A8019620F0E8FA22
:10059000044602A820F067FD204608B070BD00BFE9
:1005A000127100010906000610B50A4B86B0144608
:1005B00002930023059103901A46CDE900332144AC
:1005C00005A81FF015FE002814BFAC20002006B0BF
:1005D00010BD00BF5B5C01082DE9F047CEB0569D11
:1005E0001C462B68074689469046002B61D06B68F5
:1005F000B3F5007F5DD303A81CF01FFD6368B3B1A2
:1006000026682D4B3278002A08BF1E460021A02202
:1006100026A80DF11C0A21F02BFA49465046FFF797
:1006200055FF30B1AC2420464EB0BDE8F087224ED5
:10063000ECE70DF12C0941464846FFF747FF044619
:100640000028EFD1A0213346CDE900A91B4A26A8F6
:1006500014F09CF926A903A81CF008FD0028E1D19C
:10066000092103A81CF0FEFC3868FFF74FFF0FA814
:100670001FF00FFC39680FA813F074F80028D1D1CF
:100680000FA903A81CF0F0FCD5E9001203A812F092
:1006900097FB0028C6D12868FFF78EFD6B680130F4
:1006A000984201D905F0E2F9686003A81CF0C9FC82
:1006B000B9E72F24B7E700BFD6400208E44002089C
:1006C00038B504460D46204615F003FB6B7C002828
:1006D00057D0052B59D0032B19D0042B3AD0012B1E
:1006E00001D003203AE002222146284615F0AFFB54
:1006F000002833D12946284615F0EDFB70BB95F84C
:100700002430002B0CBF032305236B74DBE795F823
:1007100025209AB1214628462A7F15F098FBE8B992
:100720002946284615F018FCC0B995F8253073B94C
:100730000223AA691A442A620423E6E72B7D013BBF
:10074000DBB2022B9CBF124AD25CAA61F0E72B7F7E
:100750000233EEE795F824300BB1232038BDAA69A7
:100760000AB91820FAE72146284615F070FB002840
:10077000F4D12946284615F017FC0028EED10523B0
:10078000C3E7052B01D00D20E8E70020E6E700BF16
:100790002461020800232DE9F04190F8816086B0C1
:1007A000044601936EB3A0F88030012001F09EFB57
:1007B000019B01901D44384601ABC5F1800208EB56
:1007C000050115F059FA0028F2D0A5B1104B04AA82
:1007D0000493802302A92046CDE90285059315F0F4
:1007E00067FCDDE9041280F0010084F881003846DE
:1007F00015F05CFA08B994F88060304606B0BDE8A0
:10080000F0813546DFF80C8000F17807D3E700BFB0
:1008100064320020E432002000487047E00A0020E3
:10082000024A0349034816F0FCBD00BF80200020A7
:1008300083600108E00A002010B5836804460BB904
:100840002F2010BD1A491A6BD1E900138B4298BFB3
:10085000002302F1040288BF5B1A9A4204D00023ED
:100860001348194615F01EFDA36812491A6BD1E909
:1008700000138B4298BF002302F1080288BF5B1A65
:100880009A4204D000230B48194615F00BFDD4E919
:100890000312A06800F068FE0028D2D1237E2BB19D
:1008A0006169A06815F0CBFF0028CAD10020C8E715
:1008B00050200020202000202DE9F3410546084665
:1008C0000C4615F013FA074698B1254815F001FAC1
:1008D000234E48B187423A46314628BF0246204659
:1008E00015F099FA002837D11E4F204615F0FEF971
:1008F00030B928462B68DB6802B0BDE8F0411847E4
:10090000D7F80421002AF4D03368013AC6E902334B
:10091000D7F80031C7F8042157F82310013303F04A
:100920003F03C7F800312B6801912846DB690C4A68
:1009300001A9984780B9204615F0D8F980460848A3
:1009400015F0C7F980454246054928BF02462046B2
:1009500015F061FA0028C8D002B0BDE8F08100BFF0
:1009600020200020181F002070B504460D462846A0
:1009700015F0AFF928B923682046BDE870409B68A0
:10098000184728460849FFF79BFE0D28EFD048B9C5
:10099000236820469B690449984718B9024815F016
:1009A00098FCE4E770BD00BF5020002038B591F8F6
:1009B000273005460C462BB10A7D1A48498A15F0A6
:1009C000B0FC38BB638AB3F5827F0AD8B3F5807F69
:1009D0000BD9A3F58173022B09D8DFE803F00C0AC9
:1009E0000F0040F23B12934211D0A62012E0E36ABE
:1009F000EB6000200EE0E36A2B61FAE794F8243004
:100A000083F001032B7603B1E36A6B61F1E7AA6817
:100A10000AB92F2038BDA38D002B08BF4FF40073F7
:100A20001363E6E7181F002008B503480A7D498ACA
:100A300015F077FC08BD00BF181F002070B5856851
:100A40000C460DB92F2070BD91F8263003B97435CE
:100A500094F8273033B1227D618A184815F061FC83
:100A60000028F0D1237D032B26D8DFE803F01602FF
:100A70000E112B689B6894F82420618A5AB904F1FE
:100A80002C022846BDE8704018472B681B69F2E726
:100A90002B689B69EFE70022F3E72B68618ADE6A27
:100AA00094F8243033B9E26A2846B446A369BDE815
:100AB000704060470022F7E72620C4E7181F002097
:100AC00010B50A46498AB1F5A27F15D008D840F280
:100AD000051399421AD0B1F5A17F0DD0A6200AE0E6
:100AE00040F2A1139942F9D1806838B10368DC6AF9
:100AF0009369D26AA04710BD806808B92F20FAE731
:100B000003682C321B69BDE810401847127D02486B
:100B100015F007FCEFE700BF181F00200020F0B51C
:100B20001646526895B0052A0D461F468DF80500F9
:100B30008DF806008DF8070040F2B3800123CDE95F
:100B40000200CDE9040031688DF81800023A02A8CD
:100B500015F0A8FB0DF1050102A815F096F9044661
:100B6000002840F09A800DF1060102A815F08DF9D9
:100B70000446002840F091800DF1070102A815F00D
:100B800084F90446002840F088807368802B00F2C6
:100B900083807B687F2B40F2828039680346CDE9F1
:100BA0000700CDE909008DF82C007622083107A84E
:100BB00015F078FB9DF80630013B042B6AD8DFE87E
:100BC00003F0032F5D63560001238DF83430514B41
:100BD0000E950C930023CDE90F3311938DF8483017
:100BE000DDB12C6B0023221D19464B4815F05AFB32
:100BF000494815F06EFB002304F1080219464748E6
:100C000015F050FB0022464BC3F8042107AA02A9A5
:100C10000CA815F0ABFB044608E04FF40074E1E7C4
:100C20003D4815F031FB3D4815F02EFB0998079B18
:100C3000984294BF0020C01AC5B20026082233464D
:100C4000396807A8CDE90766CDE909668DF82C60FB
:100C500015F028FB314620220CA820F009FF0221C4
:100C600007A815F050F8F8B1002015B0F0BD012329
:100C70008DF834302B4B0E950C93C7E703230E955C
:100C80008DF83430284BF7E704230E958DF8343077
:100C9000264BF1E72A24C9E7C2240025CDE7192411
:100CA000FBE719240546C8E79DF8061007A841F0A0
:100CB000800115F028F80028D6D19DF8071007A864
:100CC00015F021F80028CFD1214607A815F040F8EB
:100CD0000028C9D1294607A815F015F80028C3D166
:100CE0007A6805F10A03934201D904F0BFFE083582
:100CF000294638687B600CAA11F0C2FE0028B3D1E7
:100D00009DF80600BDF830203B68023818BF01206E
:100D10005A53AAE704310208502000202020002066
:100D2000181F00202C310208543102087C310208BF
:100D3000002208B51146064815F0DAFA00220548E7
:100D4000114615F0D5FA0022034BC3E9402208BD35
:100D50005020002020200020181F002002490A688F
:100D600002604A68426070472C2E020810B440F2BC
:100D70006314A142034612D0B1F5B27F07D2B1F598
:100D8000827F20D0B1F5B17F18D0A62009E040F2D3
:100D900097108142F9D102B11268DA6211E01AB9F2
:100DA0002F205DF8044B704711680A4BA1F57A7249
:100DB0009A42F5D85DF8044B00F014BD02B11268F8
:100DC0009A620020EDE7002AEAD011685DF8044B32
:100DD00015F035BDB8820100F0B5B1F5AA7F97B026
:100DE000154606461A461C9C3CD8B1F5A07F09D88A
:100DF00040F20513994266D040F2111399425BD03C
:100E0000A6205EE06FF4A07319441329F8D801A35B
:100E100053F821F0010F0008010E00081B0F000815
:100E2000010E0008210F0008270F00082D0F0008F1
:100E3000330F0008010E0008010E0008010E000823
:100E4000010E0008010E0008010E0008010E000846
:100E5000010E0008010E0008390F00083F0F0008BE
:100E6000490F0008B1F5C17F00F08B800ED840F229
:100E7000651399427BD0B1F5B37F7DD0B1F5B27FD8
:100E8000BED12346294600F0C1FC19E040F293137D
:100E9000994200F0848040F295139942B0D1CDE997
:100EA0000D5205B9EAB933683046D3F884300DA93C
:100EB000984730B90E9B21E02346294600F046FDB5
:100EC00048B317B0F0BD00F1340738460392FFF77E
:100ED00073F9039A0130CDE906050597089215B913
:100EE0000AB104F0C3FD07AB00933046728B318B1F
:100EF00005AB15F095FC0028E3D1089B23600AE0C0
:100F000003681B6B2946304698470028D9D12846EC
:100F1000FFF752F920600020D3E703689B6BF1E7ED
:100F200003681B6CEEE703685B6CEBE703689B6C84
:100F3000E8E70368DB6CE5E703685B6DE2E72346FF
:100F4000294600F015FCBBE721230DAF0C93036885
:100F50000B9703921B6E0BA99847039A0028B0D1F8
:100F6000134620212A4638461BF0E3FFD2E72346EA
:100F7000294600F05BFCA3E72346294600F0F6FC77
:100F80009EE7CDE909530DB9002BAAD1336830464D
:100F9000DB6F09A99847002893D10A9BAEE7CDE9FA
:100FA0000B520DB9002A9CD133683046D3F88030FB
:100FB0000BA99847002884D10C9B9FE770B5B1F529
:100FC000B27F054616461C4696B000F00E8117D833
:100FD00040F21113994263D06FF4A07319448BB29D
:100FE000132B26D8132924D8DFE801F061236E23C0
:100FF0007B8895A2232323232323232323AFCADB28
:1010000040F29313994200F03881B1F5CA7F1DD2A6
:1010100040F28113994200F01A81B1F5C17F0AD2E2
:1010200040F26513994200F0EB80B1F5B37F00F018
:10103000EE80A6209BE0FCD1CDE90524002A40F0FB
:101040001781002C00F0148104F010FD40F2A11370
:10105000994200F02881B1F5D17F11D240F2951369
:10106000994200F01581B1F5CB7FE2D1CDE90D2495
:101070000AB9002CE8D128460DA915F0C6FB76E088
:1010800040F2B1139942D4D1002A00F01281002C11
:1010900000F00F810DA9CDE90D2415F0DDFB66E010
:1010A0002246314616B0BDE8704000F047BC02B1A0
:1010B0003CB900228649284616B0BDE8704000F0D1
:1010C00065BA22463146F6E702B13CB900228049B2
:1010D000284616B0BDE8704000F086BA2246314678
:1010E000F6E702B13CB900227949284616B0BDE8BE
:1010F000704000F0A7BA22463146F6E702B13CB98B
:1011000000227349284616B0BDE8704000F0B2BA1C
:1011100022463146F6E702B13CB900226C49284626
:1011200016B0BDE8704000F0BDBA22463146F6E781
:1011300002B13CB900226649284616B0BDE87040AD
:1011400000F0C8BA22463146F6E702B18CB9202237
:1011500000210DA820F08CFC20215E4AAB8B0DA84D
:1011600013F014FC0DA90246284600F0E1FA16B06F
:1011700070BD2246314616B0BDE8704000F0D8BAC6
:1011800002B13CB908225449284616B0BDE8704067
:1011900000F0E6BA102C01D92F20E8E722463146AC
:1011A000F2E702B1C4B9102109A81BF0C9FE00285A
:1011B000DDD102231021009321230DAA09A81BF0E1
:1011C00077FE0028D3D10DA8FEF7F6FF0DA9024641
:1011D000284600F0D5FACAE7102CDDD802232146B4
:1011E0000093304621230DAAE9E7002AD4D0002B32
:1011F000D2D01A46314616B0BDE8704000F0FEBAB3
:101200002246314616B0BDE8704000F007BB02B17F
:10121000B4B90023CDE90D33CDF83B30AB6A0DA84E
:101220000293EB8B01936B6A00936A8B298B2B6A79
:1012300015F0B2F90B2228460DA900F08FFB96E7B6
:101240002246314616B0BDE8704000F087BB02B1BF
:1012500054B90023284609AACDE90D238DF824307E
:101260000DA915F0BDFA82E7CDE90D240DA9F8E727
:10127000284605A900F0E2FA79E7CDE9072412B97A
:10128000002C7FF4E1AE284607A900F0E5FA6EE7EE
:10129000CDE9092412B9002C7FF4D6AE284609A95D
:1012A00000F0E8FA63E732B940223146343020F0EA
:1012B000DFFB00205BE73F2C3FF66EAF2246314656
:1012C000343020F0AFFB0023254485F83430F0E7BC
:1012D00006610208444202081E4102082DE9F0435B
:1012E0008FB080460F4616460021112204A81D46E5
:1012F00020F0BEFB1122002109A820F0B9FB002339
:101300001122CDE90233404602AB04A900F030FAC5
:10131000044600285ED1029B0A2B52D19DF814305E
:101320002D2B30D04FF00008049B0A2203A909A8F6
:1013300009938DF8288013F053FB039A0AAB9A4265
:10134000388041D1BDF814300A2203A909A8ADF8AC
:1013500024308DF8268013F043FB3070039E0DF18E
:1013600026039E4230D1BDF816300A2203A909A8EF
:10137000ADF824308DF8268013F032FB039B2870E3
:10138000B34221D125E09DF817302D2BCAD1082377
:10139000029306AB01930DF1150311210F4A00933F
:1013A00009A804AB13F0F2FADDF8089009A94A463F
:1013B00004A820F037FB4A46404604A900F0D0F9C3
:1013C00040B9029B072BADD8054804A913F0ACFA2D
:1013D0002F2420460FB0BDE8F08300BF274102084C
:1013E000344102080023F0B587B001930C46D1E9DF
:1013F000001201AB00F0CCF940F20123984225D154
:1014000002AD2A46144B03F110072E46186859689E
:10141000083303C6BB423546F7D163680F2B02D8A9
:10142000192007B0F0BD2568134603CB696006A9F3
:101430008B4228601A4605F10805F5D11023019367
:10144000019B6268934204D904F010FB0028E8D1A4
:10145000F6E700206360E4E7342E020870B596B02A
:1014600004462E220D460AA8002120F001FB00238D
:101470002E220193204601AB0AA900F0C7F940F2E1
:101480000123984229D118230193194B0AAC03F187
:101490001806224618685968083303C2B342144636
:1014A000F7D12022002102A820F0E2FA019902AA35
:1014B0000AA811F0DFFAA0F11003102B044613D88C
:1014C0006B68984212D8024602A9286820F0AAFA4E
:1014D0006B689C4205D904F0C9FA0028E1D016B027
:1014E00070BD00206C60FAE72F20F8E71920F6E7BE
:1014F0005341020870B54B680646602B0C461546F2
:10150000A4B02CD98622002102A820F0B1FA002331
:1015100086220193304601AB02A900F087F940F220
:101520000123984212D184220E4902A8019220F090
:1015300079FA2268019902A811F09CFA61282860C2
:101540000BD16368602B05D804F090FA0028F0D026
:1015500024B070BD60600020FAE72F20F8E7192062
:10156000F6E700BF6C410208084608B5114601F0D5
:10157000CDFA08B19F2008BD1BF027FD0028FAD145
:101580000122014B1A70F6E76433002011B10248C2
:1015900011F0A2BA2F207047EB63020807B519B902
:1015A0002F2003B05DF804FB00230348019301AB37
:1015B0001BF015FDF5E700BFEB63020801481BF0C7
:1015C00022BD00BF10620208002313B50C46054877
:1015D00001A901931BF001FD08B9019B238002B012
:1015E00010BD00BF1062020811B1024811F074BAB8
:1015F0002F207047E561020807B519B92F2003B005
:101600005DF804FB00230348019301AB1BF0E7FCEA
:10161000F5E700BFE561020801481BF0F4BC00BF1C
:10162000FB610208002313B50C46054801A901938C
:101630001BF0D3FC08B9019B238002B010BD00BF92
:10164000FB61020811B1024811F046BA2F20704721
:10165000CE61020807B519B92F2003B05DF804FB6D
:1016600000230348019301AB1BF0B9FCF5E700BF71
:10167000CE61020811B1024811F02EBA2F20704736
:10168000B661020807B519B92F2003B05DF804FB55
:1016900000230348019301AB1BF0A1FCF5E700BF59
:1016A000B661020811B1024811F016BA2F20704736
:1016B000A061020807B519B92F2003B05DF804FB3B
:1016C00000230348019301AB1BF089FCF5E700BF41
:1016D000A061020811B1024811F0FEB92F20704735
:1016E0008A61020807B519B92F2003B05DF804FB21
:1016F00000230348019301AB1BF071FCF5E700BF29
:101700008A61020801481BF07EBC00BFAD6302087D
:10171000002313B50C46054801A901931BF05DFC9D
:1017200008B9019B238002B010BD00BFAD63020861
:1017300011B1024811F0D0B92F2070476F61020833
:1017400007B519B92F2003B05DF804FB0023034847
:10175000019301AB1BF043FCF5E700BF6F6102088A
:1017600011B1024811F0B8B92F2070479D630208EB
:1017700011B102481BF033BC2F2070479D63020853
:1017800011B102481BF049BC2F2070472C6302089E
:1017900011B102481BF035BC2F2070472C630208A2
:1017A00001481BF030BC00BF88630208002313B55A
:1017B0000C460A4801A901931BF00FFC60B9BDF863
:1017C0000430B3F5805F238006D305482F2240F212
:1017D0001B1111F02BF92F2002B010BD88630208F5
:1017E000F141020801481BF00EBC00BF7163020802
:1017F00001481BF0F2BB00BF7163020811B102483F
:1018000011F06AB92F2070476563020811B10248D0
:101810001BF0E5BB2F2070476563020811B1024839
:1018200011F05AB92F2070475563020811B10248D0
:101830001BF0D5BB2F207047556302080248D1E941
:1018400000121BF0EABB00BF3D630208014814F020
:1018500076BF00BF3D6302080248D1E900121BF0C9
:10186000DCBB00BFC1630208014814F068BF00BFC1
:10187000C16302080248D1E900121BF0CEBB00BFD1
:10188000D8630208014814F05ABF00BFD8630208A9
:10189000F0B597B005AE0F46154600211822304628
:1018A00020F0E6F8314602201FF0DBF8044630460F
:1018B0001FF0D9FB4CB1022301211F201C4A1BF051
:1018C00011FAD824204617B0F0BD6B6815943F2B51
:1018D0002CD904AB02934023CDE900630220D7E961
:1018E0000023144904941FF078FA044658B10346C3
:1018F00001211F20104A1BF0F5F9AC24402130468D
:101900001BF02AFBDEE7049F402FF6D16B6815978A
:101910003F2B0BD93A463146286820F090F86B6887
:101920003F2B01D804F0A2F86F60E7E71924E5E740
:1019300011420208090600062B42020811B10248B2
:1019400011F0CAB82F2070472761020811B1024870
:101950001BF045BB2F2070472761020811B10248D8
:101960001BF05BBB2F2070475761020811B1024882
:101970001BF047BB2F20704757610208034B1878B4
:1019800010B103481BF03FBB704700BF6433002019
:101990003F61020813B50A4B0C46187818B90123A9
:1019A000237002B010BD0023064801A901931BF06B
:1019B00014FB0028F5D1019B003B18BF0123EFE782
:1019C000643300203F610208012903BF034B00205C
:1019D0001B78A62008BF1370704700BF8533002016
:1019E000022938B514461D460FD12022002108488F
:1019F00020F03EF83CB1202D2A46214628BF202267
:101A0000034820F00FF8002038BDA620FCE700BFF7
:101A100065330020104608B56AB163B102290CD1C4
:101A2000202B28BF20231A46029B05491A601FF06D
:101A3000F9FF002008BD2F20FCE7A620FAE700BF31
:101A400065330020012905D102B11278024B002034
:101A50001A707047A6207047853300202DE9F8439F
:101A600000EBC103DF880446B94202F104080BD140
:101A7000012303FA02F2C36823EA0203C3600023CE
:101A800040F82830BDE8F883B3F80490FD004FEA31
:101A9000C9060636835B04358B4202D1425B9A420B
:101AA0000BD04521084815F0D1FA002383F31188A3
:101AB000BFF36F8F0423184602DF44F82870A75342
:101AC00024F80590DEE700BF474202082DE9F84FF1
:101AD000044614F0D5FEB0FA80F0C0F11F0004EB0C
:101AE0008006D6F81090CD0005F1040A0B460635A5
:101AF0008FB2B9F1000F0AD10121E26881400A4397
:101B0000E260336124F80A706753BDE8F88F4FEA4A
:101B1000C906043634F806B04FEACB0808F10608C7
:101B200034F8083099450BD04521094815F08EFA54
:101B3000002383F31188BFF36F8F0423184602DF5D
:101B400024F80AB024F8059024F80870A753DCE7BD
:101B50004742020810B500EBC1035B880446DB076F
:101B60000A460ED414F091FE34F83030C01A814287
:101B700007D134F831102046511A14F086FE824203
:101B80000BD04521054815F061FA002383F3118835
:101B9000BFF36F8F0423184602DF10BD70420208A6
:101BA0002DE9F8430F4600297AD004680E1F361B32
:101BB000F50826F0070604EB0608B8F8023013F023
:101BC00001090BD10A463748452115F03FFA89F340
:101BD0001188BFF36F8F0423184602DF2946204681
:101BE00014F053FE34F83030C01AA8420CD03A46F4
:101BF00045212D4815F02AFA002383F31188BFF3FD
:101C00006F8F0423184602DFA15B2046691A14F087
:101C10003CFEA8420CD03A464521244815F016FA5D
:101C2000002383F31188BFF36F8F0423184602DF6C
:101C3000B8F80230294623F00103A8F80230204604
:101C400014F023FE04EBC0035B880746DA070CD4CC
:101C500001462046FFF77EFF3946204614F01AFE63
:101C60003A462946204614F061FEA65BAE1B04EB03
:101C7000C6035B88DB070DD431462046FFF76AFFB9
:101C80003146204614F006FE2A463146204614F01E
:101C90004DFE354629462046BDE8F843FFF716BFFE
:101CA000BDE8F8831D430208C3420208F14202085E
:101CB0002DE9F04714464A4202EA010931EA0202DC
:101CC000034616D04A46042A28BF04224F46A1EBF9
:101CD000090909F1FF3A1AEA090F14D033493448C7
:101CE0004FF4FB7214F0A0FE4FF4FB712F4814F078
:101CF00092FE042904D82146BDE8F04714F047BEFF
:101D000000270422E5E71CB900252846BDE8F08736
:101D10001E68A9EB020204F0070302F007010B336F
:101D20000B44E10801EBD20101EBD301B36830466B
:101D3000994228BF194614F0BAFD80460028E3D026
:101D40003D1D05EBC00535445544B5FBF9F509FBD0
:101D500005F5ED1B2C442B1F07349B1B24F00704B7
:101D6000A41BB0EBD30F4FEAD3074FEAE40408D229
:101D700001463A46304614F0EFFD41463046FFF743
:101D8000A5FE3946304614F080FDA04207D9304602
:101D9000224614F0E1FD21463046FFF797FE06EBA0
:101DA000C706738843F001037380AEE74743020818
:101DB0006A430208B2F5802F2DE9F8430AD3364969
:101DC00040F20A32354814F02FFE40F20A31324810
:101DD00014F021FE042A08D82F4940F211322F486E
:101DE00014F022FE40F21131F1E7043ACD1D114406
:101DF00025F0070521F00706A6EB0508B8F1170F37
:101E00004FEAD80708D8244940F21D32234814F07D
:101E10000BFE40F21D31DAE7B7FA87F44FF0000904
:101E2000C4F12002C4F12404A4000734E408631CB4
:101E3000BB420560AF60C5F80C9008D9164940F266
:101E40003332164814F0F0FD40F23331BFE7494613
:101E5000920005F110001FF00BFEA2B2530043F0F8
:101E600001036B803B1B9BB205EBC4015800A5F836
:101E70000090488025F83420A6F8029025F8083014
:101E800005EBC7035A88214642F001025A802846D2
:101E9000BDE8F843FFF71ABE474302086A43020849
:101EA00008B5024814F0AAFD002008BD8A430208C4
:101EB000014B1B68184700BF640B002030B585B08C
:101EC00004460D461022002168461FF0D1FD022372
:101ED0008DF80230044B2A4621466846019312F0E1
:101EE00073FE05B030BD00BFB11E000808B5EFF3AA
:101EF0001183302383F31288BFF36F8FEFF31083C6
:101F000072B603F055F9034814F078FD15F09FFA06
:101F1000FCE700BFD743020810B5134C4521134816
:101F200015F094F8E3689A0309D54521104815F097
:101F30008DF84521D4F850220E4815F087F80A4C48
:101F4000E368DB0309D545210B4815F07FF84521EF
:101F5000D4F84021094815F079F8BDE81040002177
:101F600008460DF02FB800BF00800044004402086E
:101F70001B44020832440208454402086244020835
:101F800007B501A800F09CFE9DF80530012B14D187
:101F90009DF804308BB94FF480120C4B0C49586EED
:101FA00003F580535A664B6B23F0E05343F04063D4
:101FB0004B63C3025CBF074B5A6602F069F915F028
:101FC000A5F903B05DF804EB00F02CBF00800050D1
:101FD0000040005A00A000504FF4804238B5114B29
:101FE000114D9A664FF0FF33022205F50054236627
:101FF0000E4B63660E4BC3F8D020BFF34F8FBFF379
:102000006F8F002003F006F94FF440330022E360A5
:1020100010462B61114603F019F9BDE83840002045
:1020200003F0EAB80090004000800044F7FF37005A
:1020300000ED00E070B5C66804680D0C06FB0544B1
:10204000806A14FA81F150B90B490C484FF4AC7214
:1020500014F0EAFC4FF4AC71074814F0DCFC84681F
:10206000074DAC42F0D2074DAC42EDD32468A446F4
:10207000BDE87040604700BF784402086A43020828
:10208000982202088022020870B550B90B490C480A
:102090004FF4BA7214F0C8FC4FF4BA71074814F048
:1020A000BAFC8468074DAC42F0D2074DAC42EDD388
:1020B0006468A446BDE87040604700BF78440208E9
:1020C0006A430208982202088022020837B50446B3
:1020D0000821C06A14F0AFFD00234FF6FF72104DC7
:1020E000ADF804306368ADF800208DF80620E26892
:1020F00019182B401344181A60606846ADF8021096
:1021000014F0F1FC6946204614F0B4FD2046211D70
:1021100014F098FC63682B40A36003B030BD00BF8F
:102120000000FFFF2DE9F7430F4681460821C06AF2
:1021300014F081FD80463C68124D241A3C6004EA8C
:102140000506B4421CD3A0B210B903B0BDE8F083B9
:1021500008236A4621464846FFF76CFF0028F4D161
:102160006946A0B214F053FD38B1BDF80230BDF895
:1021700004202E4013441E443C60A4EB0804E0E716
:102180000020E2E70000FFFF2DE9F047044688B099
:1021900000F1140738461AF0FFFBA06A50B99F49B6
:1021A0004FF42A729E4814F03FFC4FF42A719B486A
:1021B00014F031FC83689B4EB342F0D29A4DAB428F
:1021C000EDD3DB689847E06248B94521974814F0A1
:1021D0003DFF6FF01505284608B0BDE8F087A06AFE
:1021E00040B98E4940F295228D4814F01DFC40F212
:1021F0009521DCE78368B342F3D2AB42F1D3DB68CD
:1022000098470368013B1F2B02D945218848DEE728
:10221000E268B2F5803F06D94FF480334521854806
:1022200014F014FFD5E7A06A216805AA19F04AFA4C
:1022300010B145218048CAE7E5682DB1069BB5FB82
:10224000F3F203FB125515B145217C48BFE7238A01
:10225000012B02D845217A48B9E7E36A009593F843
:1022600005804FF0FF334FF0FF3238460DF00AFA89
:102270000821E06A14F0DFFCA9460646238A1FFA0B
:1022800085FA534544D8238A4B4500F026815345AF
:102290000BD10099082342462046891B14F0DFFB2E
:1022A00018B96946204614F0CDFB69462046FFF771
:1022B00039FF0546002840F0CA8000994FEA1149CD
:1022C0004FEA09496160C4F80890A36899420DD3A8
:1022D0000823204601AAFFF7ADFEB8B901AB13F8F9
:1022E000012B904532D101300828F8D16368694646
:1022F0006FF30F032046009314F0A4FB42462046E0
:10230000E368009914F0ABFB00283CDA05469EE038
:10231000E1682B04891B13FA81F142460823204609
:10232000009114F09CFB78B16946204614F08AFBBA
:1023300009F1010908234246204600991FFA89F94C
:1023400014F08DFB00289ED0013597E7A08801A9E5
:1023500014F05DFC626810B9911B6160B5E7BDF8CF
:1023600008A0BDF80610E06AC4F80890514414F0C3
:1023700062FC48448242A060EED1BAF1000FEBD07B
:102380006FF01C0563E000F084804FF6FF7963680E
:1023900006EB0308E3681FFA88F29B1B9A42CDF80C
:1023A000008023D34921274814F050FE616820465D
:1023B00014F080FB0146002848D16368224AE06897
:1023C00013400344A3EB4603636013402046A3601D
:1023D00014F0F1FC002899D1E368A288A3EB46032E
:1023E0009A4234D1204614F062FC8FE7082341461C
:1023F000204603AAFFF71EFE002887D103A91FFA73
:1024000088F014F004FC38B1BDF80C304B4503D112
:10241000BDF81030002B63D0B044BBE7784402080D
:102420006A4302089822020880220208C344020874
:10243000EA4402080C4502083A45020857450208DA
:1024400070450208E14502080000FFFF0D463846CE
:102450000DF020FA002D7FF4BEAE0123228AA37472
:102460004921E368274814F0F1FD6268492193B2DD
:102470002548120C14F0EAFDA268492193B22348C2
:10248000120C14F0E3FDA6E6E26AA3681268134496
:10249000A360D4E901318B4208D9424620465B1A39
:1024A00014F0DDFA0028FFF631AFEDD16168E36882
:1024B00001EB46029A428FD1154BA06801EA030254
:1024C000904289D0204614F0F5FA00287FF41EAF20
:1024D00062680F4B1A40A2607EE76FF02C05B6E7EA
:1024E00049210C4814F0B2FD6368694620466FF339
:1024F0000F03009314F0A6FA2046009914F0DAFABC
:1025000068E700BF98450208B4450208CB450208B9
:102510000000FFFF0D4602082DE9F04F1E46837CA8
:1025200004468946904695B04BB94521694814F058
:102530008DFD6FF00C05284615B0BDE8F08FC26A1E
:102540000821104614F077FBB1B20190104614F048
:1025500072FBE368019A0746A3EB8203984200F2FC
:10256000B6801EB1B8F1000F00F0B180D4F804A01D
:10257000CDF810A0204605AA04A914F0D2FB054608
:102580000028D8D1BDF814304B4507D0DDF810A095
:1025900063685345EED1002E39D1CCE705A91FFA67
:1025A0008AF014F034FB0028F0D0BDF8183066B380
:1025B0009E422CD1B3464FEA1A43BDF816A01B0425
:1025C0009A44E36ACDF800801B685B4203F0200365
:1025D0000293029B51465B4528BF5B4620460CAAEE
:1025E0000393FFF727FD00284DD1039B00981A465F
:1025F0000CA91FF052FA50B9039B009ABBEB030BD6
:102600001A449A440092E4D195E7002B93D0002F0E
:102610003CD1BA4604F1140B4FF0FF324FF0FF33B8
:1026200058460DF02FF8238A9D424DD0D4E901324F
:102630000AEB02018B422ED39BB263B3FF2300212E
:10264000ADF81E200CA818228DF82230ADF81C9091
:10265000ADF820601FF00CFA20460CA9CDE90E86DB
:1026600014F0F3FA074648B907A814F03CFA2046DC
:1026700007A914F0FFFA074600B9374658460DF08F
:1026800009F93D4657E7C2DC054654E7019B1F4464
:102690001FFA87FABEE72046FFF718FD3DB9ADF8EF
:1026A0002490CDF82880ADF82C608DF82E5020466F
:1026B00009A914F080FB07460028DFD19DF82E30D1
:1026C0000135002BAFD0D8E76FF01B07D6E76FF0CE
:1026D000150530E7AA4402082DE9FF471E46837C12
:1026E00004460F469046BDF8309043B9274845212F
:1026F00014F0ACFC6FF00C0004B0BDE8F0870821CA
:10270000C06A14F098FAE368A3EB40039E423AD8FB
:102710004FF0000A65680195204602AA01A914F04D
:1027200000FB0028E8D1BDF80830BB4206D102A961
:10273000A8B214F06CFA50441FFA80FA019B626848
:102740009A4219D0D14515D2BDF80C30C3B1D1454C
:1027500016D8BDF80A10B3426FF30F0528BF3346F1
:10276000424620462944FFF765FC0028C4D1BDF845
:102770000C00C1E71D46CFE7BDF80830BB42E3D0EF
:102780006FF00100B8E76FF01500B5E7AA44020842
:10279000014B0360002070476C33020870B5104B8A
:1027A0000D461C68B4B10F4B196800238B4202DB45
:1027B0006FF0010070BD224612F8106B864202D005
:1027C00014460133F2E7E0681AF09EF828B10020C1
:1027D0002C60EFE76FF00C00ECE76FF01200E9E718
:1027E000680B00206C33020810B5436888B0029370
:1027F00083680C46CDE9033200230A68C068CDE93E
:102800000623054901AA059318F060FF079808B947
:10281000059B236008B010BD677001082DE9F041E9
:102820000C4B05461C680E4617467CB100F0EAF8D2
:1028300063682046D3F8108032463B462946C0479D
:10284000044600F0E9F82046BDE8F0816FF001048D
:10285000F9E700BF8420002000230360044B5A687E
:1028600012B9C3E90000704710605860704700BF9C
:1028700088200020014B1860704700BF8420002092
:102880001FB5CDE90101039200F0BCF8074B1C68AD
:1028900024B900F0C1F8204604B010BD636820469A
:1028A0001B6801A998472468F2E700BF8820002030
:1028B0000022024BC3E90022704700BF882000209D
:1028C0000022024BC3E90022FFF7F2BF9020002054
:1028D0002DE9F74307460C4609B100230B6000269B
:1028E000234DDFF89C904D4520D9224922489D2256
:1028F00014F09AF89D211F4814F08DF8D5F8008047
:102900003846414601AA14F0E8FB50B116B954B953
:102910002E4606E000224046316814F0DEFB002817
:10292000F5D11835DFE7019B2360F1E7E6D3134BC0
:102930001D68C5B155F8188C3846414601AA183DA6
:1029400014F0CBFB50B116B954B92E4606E0002264
:102950004046316814F0C1FB0028F5D1AD69E8E7C5
:10296000019B2360F1E7304603B0BDE8F08300BF70
:10297000D02302083B4602086A4302089020002048
:10298000D02302082DE9F341DDF8208004460D46EE
:1029900016461F460190B8F1000F07D0D8F8001076
:1029A000C1B9D8F804E0BEF1000F1CD1204601A93E
:1029B000FFF78EFF98B13B46D0F80C80324629468F
:1029C0000198C047034650B1224645210C4814F0F7
:1029D0003DFB04E001AA14F080FB0028E1D10020B7
:1029E00002B0BDE8F081D8F8083032460893294695
:1029F0003B46F446019802B0BDE8F041604700BF95
:102A00006D4602084FF0FF324FF0FF3301480CF0E3
:102A100039BE00BF8412002001480CF03BBF00BF4C
:102A20008412002038B5094DFFF7ECFF2B785BB915
:102A3000FFF746FF00F086F8044608B901232B7023
:102A4000FFF7EAFF204638BD0024F9E7863300206F
:102A50002DE9F04306460F46048F99B00134A4B225
:102A600000F10808651EADB2B5F5004F4AD04A2303
:102A7000294605AA404614F0E2FA04F57F543F3493
:102A8000A4B281462146012340460DF10B0214F009
:102A9000D6FAB9F1000F014610DC002810DC338FA4
:102AA000AB4209D132466B1E22F8383F4FF4004149
:102AB00002234046FFF730FD2C46D3E7002808DC10
:102AC0002946404614F0B7FA2146404614F0B3FABE
:102AD000E5E7B9F1490FEFD809F160030DEB030900
:102AE0000023094A09F84C3C05A8009703ABCDF830
:102AF0000C80ADF81040FFF745FF0028DCD019B07E
:102B0000BDE8F0830020FAE727710108002810DBF8
:102B100079B10B4B1A783AB15A6882420CD19B6852
:102B20008B4209D1002070470122C3E901011A70CC
:102B3000F8E76FF0150070476FF07700704700BF3F
:102B4000D820002070B5012688B06946304601962D
:102B5000FFF724FE044600282DD1474D2B78002B8B
:102B600069D0009BD86850B94449454840F2B51235
:102B700013F05AFF40F2B511404813F04CFF836840
:102B8000404A9342F0D2404A9342EDD31B69002B56
:102B90004ED002A99847044668B9D5E901130298B6
:102BA0005B184FEAE17242F100029842039B9341A5
:102BB00004D26FF01504204608B070BD009BD868A1
:102BC00005AA18F07FFD04460028F4D16A68059B29
:102BD0009A42EED14FF6FE73069A511E9942E8D8FA
:102BE000A968B1FBF2F302FB13110029E1D1B3F59F
:102BF000803FDED29BB2012BDBD9244E72612A7852
:102C00003383009B002A31D06A68DB681F48B260BA
:102C1000F36314F020FB04460028CCD11C4D1B4864
:102C20007560FFF719FE19487560FFF723FEC2E7CC
:102C30006FF05704BFE7304605AA01A914F035FA32
:102C4000044610B110F10C0FB5D1069AB2F5803FD1
:102C50000ED2009B9868002319461144884203D382
:102C60000133082BF9D1C8E79BB2C6E75A68CCE715
:102C70006FF020049FE700BFD820002078440208AE
:102C80006A43020898220208802202089820002045
:102C900090330208014B1860704700BF700B002092
:102CA000054B1860054B1B6F03F00703032B01D185
:102CB0001FF0B4BB704700BF780B002000800050AD
:102CC0004FF48032064B5A6603F5E6239B69C3F343
:102CD0008512827003F03F021B0B42700370704735
:102CE00000900050014B986CD96C70470080E00F49
:102CF000054B9A689107FCD45A689207F9D4DA69AF
:102D0000002AF6D1704700BF00800A5010B5034C6E
:102D100063681FF001FC0223236110BD00800A508C
:102D200008B5FFF7E5FF0122024B03F580514A6029
:102D30001A6108BD00800A5010B5044B5C68012C74
:102D400003D1FFF7E3FF024B5C6010BD00800A5027
:102D500000A00A5038B5074DFFF7CAFF6B6804465C
:102D6000012B03D1FFF7E8FFFFF7C2FF2378EB60E9
:102D700038BD00BF00800A5010B51FF0D7FBB8B9AE
:102D80004A680B7812B1127843EAC2034A7843EAE0
:102D900042038A6812B1127843EA8213CA7843EA7E
:102DA00082030A6912B1127843EA4223014A93640A
:102DB00010BD00BF00800A5010B5002486B0142258
:102DC000214601A88DF800401EF052FE0123134851
:102DD0008DF804301FF01CFFBFF34F8F6846FFF7DC
:102DE000B9FF204601A98DF80440FFF7C5FF204632
:102DF0000F211FF0ADFB0F2120461FF0AFFBFFF7A7
:102E00008FFF1FF089FB064B43209C6101F044FDBE
:102E1000432014F0F5FA06B010BD00BFB833020825
:102E200000800A5070B51FF069FF144E05463478D3
:102E3000FCB9134B1C60134B1C60134B1C60FFF759
:102E4000BBFF01201FF06AFE1FF0C0FB0F4B0246C4
:102E5000186020B928461FF04CFF232070BD234680
:102E600040F2E7310A48FDF783F90A4B1860012365
:102E7000337028461FF03DFF0020EFE78933002024
:102E8000EC200020E8200020F4200020F02000208A
:102E900018FCFFFFE4200020044BD3F88420D20666
:102EA000FBD4D3F88400C0F3811070470040005079
:102EB00038B5174B0546D3F828310C4603F0070305
:102EC000013B052B20D8DFE803F003131B0F0B1782
:102ED0001FF07EFA052305B1286004B1236038BDD8
:102EE0001FF076FA0623F6E71FF0BCFA0723F2E795
:102EF0001FF0AEFA0323EEE71FF0AAFA0423EAE775
:102F00001FF0A2FA0223E6E700231846E3E700BF1A
:102F100000800050002337B50193164B0546D3F8C7
:102F200020320C4603F00703042B21D8DFE803F01E
:102F3000030B11161B0001230DB1019A2A6004B185
:102F4000236003B030BD002101A8FFF7B1FF1223B9
:102F5000F2E71FF087FA07230190EDE71FF0D4FD99
:102F60000A230190E8E71FF0D1FA09230190E3E773
:102F70000023E1E70080005038B5104B0546D3F838
:102F800080300C4603F00303022B0BD0032B0DD033
:102F9000012B0FD11FF022FA0E2305B1286004B1D6
:102FA000236038BD1FF05EFA0723F6E71FF010FA22
:102FB0000623F2E700231846EFE700BF0080005029
:102FC00038B5104B0546D3F800310C4603F0030327
:102FD000022B0BD0032B0DD0012B0FD11FF038FA91
:102FE000032305B1286004B1236038BD1FF08EFAB9
:102FF0000923F6E71FF032FA0823F2E70123002045
:10300000EFE700BF0080005038B5184B0546D3F8F5
:1030100020010C4600F00700062823D8DFE800F066
:10302000040A0E16121A1E00012305B1286004B10D
:10303000236038BD1FF0CCF90523F6E71FF008FA2E
:103040000323F2E71FF00EFA0723EEE71FF0FCF967
:103050000223EAE71FF0BCF90623E6E71FF0F8F9C0
:103060000423E2E700231846DFE700BF008000509A
:1030700038B5104B0546D3F840310C4603F0030336
:10308000022B0BD0032B0DD0012B0FD11FF03CFDD9
:103090000A2305B1286004B1236038BD1FF036FA59
:1030A0000923F6E71FF033FD0C23F2E7012300208C
:1030B000EFE700BF00800050002337B50193164BA7
:1030C0000546D3F860320C4603F00703013B032B9F
:1030D0001FD8DFE803F0020E1914002101A8FFF742
:1030E00093FF10230DB1019A2A6004B1236003B04D
:1030F00030BD002101A8FFF7BBFF1123F2E71FF04D
:10310000B1F907230190EDE71FF09EF9022301902A
:10311000E8E70023E6E700BF00800050002337B552
:103120000193164B0546D3F894320C4603F007037F
:10313000013B032B1FD8DFE803F0020E1914002116
:1031400001A8FFF761FF10230DB1019A2A6004B1B5
:10315000236003B030BD002101A8FFF789FF1123D0
:10316000F2E71FF07FF907230190EDE71FF06CF9FC
:1031700002230190E8E70023E6E700BF008000504B
:1031800038B5104B0546D3F860310C4603F0030305
:10319000022B0BD0032B0DD0012B0FD11FF0B4FC51
:1031A0000A2305B1286004B1236038BD1FF0AEF9D1
:1031B0000923F6E71FF0ABFC0C23F2E70123002004
:1031C000EFE700BF008000502E4B98424AD022D833
:1031D0002D4B984240D014D82C4B984239D00AD865
:1031E0002B4B984232D02B4B98422FD02A4B9842EF
:1031F0002CD000207047294B9842FAD1284B186FE9
:103200007047284B98422AD0274B9842F1D1244B43
:10321000D3F880007047254B98422BD009D8244B17
:10322000984223D0234B9842E3D11D4BD3F88C0016
:103230007047214B984221D003F5740303F51053D6
:103240009842D6D1164BD3F898007047144B986D1E
:103250007047134B586E7047114B586F7047104BA7
:10326000986F70470E4BD3F8840070470C4BD3F81F
:10327000880070470A4BD3F890007047084BD3F88A
:10328000940070470048E8010024F400C0CF6A00B1
:1032900080841E0000093D0040420F00405DC600D2
:1032A0000080E00FC0EA210180BA8C01007E560345
:1032B00080D54302006CDC020090D00373B50D464C
:1032C0000021114B0191D3F88041064604F003041C
:1032D000022C13D0032C0CD0012C13D101A8FFF722
:1032E00093FE10240EB1019B336005B12C6002B037
:1032F00070BD1FF0B7F807240190F3E71FF0A4F8A2
:103300000190EFE70C46EDE70080005038B5104B18
:103310000546D3F840320C4603F00303022B0BD0D2
:10332000032B0DD0012B0FD11FF0EEFB0A2305B1AB
:10333000286004B1236038BD1FF0E8F80923F6E7E0
:103340001FF0E5FB0C23F2E701230020EFE700BFAD
:103350000080005038B5144B0546D3F800020C46E7
:1033600000F0070004281BD8DFE800F003090D1166
:103370001500012305B1286004B1236038BD1FF09A
:10338000C3FB0A23F6E71FF0C1F80923F2E71FF099
:10339000BEFB0C23EEE71FF041F80F23800AE9E79C
:1033A00000231846E6E700BF0080005038B5144BF4
:1033B0000546D3F808020C4600F0070004281BD885
:1033C000DFE800F003090D111500012305B12860A5
:1033D00004B1236038BD1FF097FB0A23F6E71FF006
:1033E00095F80923F2E71FF092FB0C23EEE71FF09C
:1033F00015F80F23800AE9E700231846E6E700BF27
:1034000000800050B0F5207F1FD009D8B0F5007FB4
:1034100015D003D868B1B0F5C07F0AD000200CE009
:10342000B0F5607FFAD10B4BD3F88000C0F30110E8
:1034300003E0084B186FC0F3033001307047054BB1
:10344000D3F89000C0F30460F7E7024B186FC0F3A5
:103450008020F2E70080005002464FF48030104B8D
:1034600010B598660020FFF7CDFF504341F671324A
:103470000C4BDC69DA635A6804F4803422F440129D
:1034800059B90949884294BF002001200005024330
:103490005A600CB10022DA6310BD0449F2E700BFA4
:1034A0000090005000000350005A6202002D3101CC
:1034B0001FB50021B0F5807F0446CDE9001100F072
:1034C000D2803AD85E2833D85E2833D8DFE800F0BF
:1034D00045323232323232323232323232323232B9
:1034E00032323232323232323232323232323232BC
:1034F00045AC45ACBCBCBCBCBCACC64E6BDC4EAC3D
:10350000ACAC3232323232323232ACACAC7EE6ACBF
:1035100032323232323232323232323232BC4545DB
:1035200045E14E4EEB8D63C132323232329E450060
:10353000802870D0009804B010BDB0F5D06F00F0B6
:10354000A38035D8B0F5607F79D01AD8B0F5007F68
:1035500065D005D8B0F5C07FECD11EF05FFF5CE010
:10356000B0F5207F60D0B0F5407FE3D11EF056FF6C
:1035700002464FF42070FFF745FFB2FBF0F252080D
:103580005BE0B0F5B06F69D00AD8B0F5806F5BD062
:10359000B0F5A06FCED100216846FFF7BBFCC9E7AC
:1035A000B0F5C06FC6D100216846FFF761FDC1E7E5
:1035B000B0F5106F6DD00ED8B0F5086F78D0B9D8CF
:1035C000B0F5E06F6AD0B0F5F06FB3D10021684676
:1035D000FFF7D6FDAEE7B0F5406F3AD013D8B0F59F
:1035E000206F60D0B0F5286FA4D10021324B039139
:1035F000D3F8703203F00303012B02D103A8FFF7C5
:1036000037FD039B39E0B0F5486F93D10021684640
:10361000FFF784FD8EE71EF0E1FE00908AE71EF0C2
:10362000DDFE0246204604E01EF0F8FE02464FF49E
:103630002070FFF7E7FEB2FBF0F200927AE701A8F4
:10364000FFF79AFC019AEDE700216846FFF7DCFCE2
:1036500070E700216846FFF72BFC6BE70021684606
:10366000FFF72CFE66E74FF0E02302911B695B0732
:1036700005D51EF0D3FE0290029B00935AE703A9E2
:1036800002A8FFF7F5FCF7E700216846FFF762FEA6
:1036900050E700216846FFF789FE4BE700216846A6
:1036A000FFF734FE46E700216846FFF705FD41E7D6
:1036B0006846FFF785FC3DE70080005008B5802094
:1036C000FFF7F6FE034B98429EBF4FF48032024B49
:1036D0001A6708BD005A620200A000501FB50346D9
:1036E0000020B3F5807F019000F0C58065D85D2B88
:1036F00056D84C2B07D82D2B48D8232B2CD80198E3
:1037000005B05DF804FB4D3B102BF8D801A252F830
:1037100023F000BF6D380008FF360008FF360008B0
:10372000FF3600081B380008FF360008FF36000887
:10373000C738000839380008DF370008BD380008EE
:10374000FF360008FF360008FF360008FF36000885
:10375000FF360008D1380008243B092BCFD801A23E
:1037600052F823F06D3800086D3800086D380008F5
:103770006D3800086D380008FF360008633800080F
:10378000FF360008FB370008A33800083D2B00F087
:1037900083803E2BB3D1002001A9FFF7B7FDAEE730
:1037A000802BACD1504B1B6F03F00703013B032B65
:1037B000A5D8DFE803F0544D5052B3F5F06F6BD04D
:1037C00020D8B3F5B06F4CD00ED8B3F5607F71D070
:1037D00095D3B3F5806F49D0B3F5A06F8FD100209A
:1037E00001A9FFF797FB8AE7B3F5D06F59D0B3F57E
:1037F000E06FD0D0B3F5C06F81D1002001A9FFF7F1
:1038000037FC7CE7B3F5206F5DD00BD8B3F5086FBC
:103810004CD0B3F5106F7FF472AF002001A9FFF711
:10382000C5FD6CE7B3F5406F48D0B3F5486F4FD096
:10383000B3F5286F7FF463AF2B4BD3F8703203F0EE
:103840000303012B49D0022B0CBF1523002300E0FA
:103850000523019353E70323FBE70823F9E702233A
:10386000F7E7002001A9FFF729FD48E7002001A99B
:10387000FFF7CAFB43E74FF0E02302901B695B07A9
:1038800005D51EF0CBFD0D230393039BE1E703A9B0
:1038900002A8FFF7EDFBF8E7002001A9FFF770FC95
:1038A0002DE7002001A9FFF755FD28E701A9FFF743
:1038B00087FB24E701A9FFF75FFB20E7002001A9B0
:1038C000FFF7F6FA1BE7002001A9FFF7F5FB16E763
:1038D000002001A9FFF722FC11E7002103A8FFF750
:1038E000C7FB1123B5E700BF008000504FF48032C2
:1038F000074B0849586E03F580535A664B6A23F00C
:1039000001034B62C3035CBF034B5A66704700BFA1
:103910000080005000C0075000A0005038B5044699
:103920008020FFF7DBFE032800F08A804FF480122E
:10393000544B4FF0A0615A6645F60E03524AC2F846
:103940008030524B99624FF4803103F58053996275
:10395000936DD903FCD4916D11F08041FBD1D4E972
:1039600000031B0543EA0063E07B0343207B43EA3B
:103970000043607B43EA0033A07B43EA801313617A
:103980009069D4E904531B0643EA856300F00040C4
:103990000343A07E0343207E43EA0043607E43EA64
:1039A00000239361136AE06923F00F030343003897
:1039B00018BF0120E57E43EA850343EAC003136292
:1039C000E369334D002B3CD194F82430916A94F88C
:1039D0002000DB00294043EA40130B4394F82110F8
:1039E00043EA011343F4803393622A49264A936DD4
:1039F00031EA0303FBD14FF08071244881621369DF
:103A0000A56823F4700343EA055313614FF00043A4
:103A1000836194F822300BB91F4B996294F82330DC
:103A20003BB94FF480321C4B9A62174A936D5B008E
:103A3000FCD494F825301BB1134B184AC3F88020EE
:103A400038BD022B08D11161154891614FF408521D
:103A50004FF47F4113F034FC0B4994F822308A6A0A
:103A600094F820001B062A4043EA4013134394F8BD
:103A7000242043EAC20394F8232043EA02438B62E2
:103A8000D7E700BF009000500040005A0050005A95
:103A9000C7FFFEFE030001000060005AF1A7FFFF10
:103AA0003440005A014B93F9000070475D1100202B
:103AB0004FF400011B4A437810B551664FF4D151C1
:103AC000022402F5B832516217494F2B4C604FF077
:103AD000010428BF4F2301F580514C601169C903CF
:103AE000FCD4017843EA01235361D0E901131B019F
:103AF00043EA0123417B0B43017B43EA410393608B
:103B0000C37B817B1B0143EA4113417C0B43017C56
:103B100043EA41035360837C13B16FF4D153536282
:103B200010BD00BF0090005000100250014B1880E3
:103B3000704700BF5A110020014B1880704700BF2A
:103B4000581100204FF4800208B5184B5A66022322
:103B5000174A5360936813F48033FBD1012822D1B4
:103B60001EF076FC134B984215D003F5122303F593
:103B7000F863984213D0104B00EB8002400AB3FB6D
:103B8000F0F3520A0A49CA620B6301234B62002216
:103B9000074B5A6008BD45F67A13084AF2E745F626
:103BA0001A03074AEEE75362F1E700BF00900050A6
:103BB0000040025000F0490264666666D8B805000D
:103BC000BBCF0500B0F5207F10B50C4657D008D804
:103BD000B0F5007F48D003D830B3B0F5C07F23D014
:103BE00010BDB0F5607FFBD12949013CD1F8FC2024
:103BF00012F080721EBFD1F8FC3023F08073C1F840
:103C0000FC302449D1F8803023F0300343EA041417
:103C1000C1F88040002AE3D01D4AD2F8FC3043F0BE
:103C20008073C2F8FC30DBE713F059FB13F065FB3F
:103C30004FF48031184B174A1967136F013C23F476
:103C4000704343EA043414671EF0E8FB0446FFF7B0
:103C500023F9C0F10201204613F049FB00F036F8C9
:103C6000BDE81040FFF72ABD0A4A4C1ED2F890303A
:103C700023F0F85343EA0464C2F89040B0E7054AE1
:103C80004C1E136F23F4806343EA84231367A7E772
:103C900000ED00E0008000500090005008B50121C8
:103CA000022000F011FB4FF42070FFF7ABFB054B37
:103CB000187013F014FB13F020FB4FF48032024B0A
:103CC0001A6708BD8A3300200090005008B54FF4F1
:103CD000C070FFF7EDFBBDE808400449884294BF7F
:103CE000012102214FF42070FFF76CBF80F0FA022F
:103CF00038B504461EF092FB0546FFF7CDF8C0F13B
:103D00000201284613F0F3FA0121002000F01CFB09
:103D10002CB1FFF7DBFFBDE83840FFF7CFBC034B0A
:103D20004FF420701978FFF74DFFF4E78A33002035
:103D30004FF4C02201212DE9F0410546664B5A6639
:103D4000664A03F598335E6851605C6814F00204BB
:103D5000FBD1FFF7A1F801282F6803D1604B9F42E8
:103D600000F2B7805F4A002311461068B84202D8BB
:103D70005068B84205D20133192B02F11002F4D178
:103D8000002301EB0313D3E9028028B1FFF71CFAEB
:103D900000F07F0048EA00088020FFF79FFC05281C
:103DA00057D113F09CFA13F0A8FA4FF480324A4B23
:103DB0004FF4C0701A67FFF725FB0128044644D171
:103DC00002214FF4C070FFF7FDFE0127464BDA6871
:103DD00012F0060FFBD19968C3F808809A6882EA4E
:103DE000080212F4F81F48D1AA88EB8843EA02437C
:103DF0003E4AD360AB68032B2DD1A2F5A032D2F896
:103E0000003123F0030343F00103C2F800312B7D9E
:103E10006A7D9B0043EA82132A69002613432A7BAA
:103E200043EA4203314A93602868FEF733FF0722D2
:103E30002A4B1A610122A3F580535A60A3F58053DF
:103E40001D6915F00705FBD01DE0022801D10421F2
:103E5000B7E70027BAE7092B07D1254AD2F8003186
:103E600023F0030343F00203CFE7082BCFD1204A0E
:103E7000D2F8003143F00303C7E716F0010599605B
:103E80004FF00106D3D18020FFF728FC052817D179
:103E900027B121464FF4C070FFF794FE1EF0BEFA22
:103EA00004461EF095FA1EF093FAFEF7F5FFC0F1F6
:103EB0000201204613F01BFAFFF708FFFFF7FEFB95
:103EC00086F00100012D14BF002000F00100BDE8C4
:103ED000F0812046FBE700BF0090005000E0015059
:103EE000005A6202C43302080000015000C00150B1
:103EF00000800050364B98424FD01CD8354B98422A
:103F000057D00ED8344B98424FD008D8334B9842F4
:103F10002CD0334B984229D0324B984226D00023E4
:103F200027E0314B984234D0304B9842F7D1304B98
:103F3000D3F8BC301DE02F4B984232D00FD8A3F5F8
:103F40003703A3F5D853984237D003F5B70303F5E9
:103F500058639842E3D1264BD3F8C83009E0264B8A
:103F60009842DCD1224BD3F8D03002E0204BD3F87A
:103F7000A0304FF40021214A23F040735166194AC2
:103F800090421ED0154A90421ED04FF0B44293602A
:103F90007047174BD3F8B830EBE7154BD3F8C03068
:103FA000E7E7134BD3F8CC30E3E7114BD3F8A43059
:103FB000DFE70F4BD3F8B030DBE70D4BD3F8C4305D
:103FC000D7E743F00073E0E743F08073DDE700BF1D
:103FD000C0EA210180969800404B4C0080841E006E
:103FE00000093D0040420F00405DC6000024F4007F
:103FF0000080E00F0048E801005A62020090005083
:1040000030B58BB06C46944D94481EF001FE0FCD38
:104010000FC42B68924A2360FF238DF80130D2F839
:104020004C3113F4802340F00A81D2F850218DF8EE
:1040300001309DF801306C46FF2B08BF3F236846D6
:10404000884D8DF80130FFF733FD3220FFF76EFD0C
:104050000FCD0FC40FCD0FC495E8030084E8030013
:104060007F4BD3F84C21100300F1E380D3F850418B
:10407000E4B28DF81940FFF715FD044484F30804F9
:1040800079488DF81840FEF70BFE6846FFF746FCAE
:104090003220FFF751FD754A754B0321CDE900230E
:1040A0000023CDE9021301238020CDE90433FFF77B
:1040B00015FB0528044606D16E4A136F23F007034B
:1040C00043F0010313676C481EF0A2FD6846FFF73A
:1040D0002FFE052C06D1674A136F23F0070343F028
:1040E000020313676548FFF705FF624C64481EF042
:1040F0008FFD0020FFF726FDFFF7D0FD236F002086
:1041000023F0070343F002032367FFF7F1FD236F5A
:104110005C4923F4744343F480632367D1F8FC20A3
:1041200012F080721EBFD1F8FC3023F08073C1F80A
:10413000FC300021D4F8803023F0030343F0010366
:10414000C4F88030504BC3F8801032B14D4AD2F8D9
:10415000FC3043F08073C2F8FC30464CD4F8203178
:1041600023F0070343F00103C4F82031D4F82831C9
:1041700023F0070343F00103C4F82831D4F8803159
:1041800023F0030343F00103C4F88031D4F8403135
:1041900023F0030343F00203C4F84031D4F8603144
:1041A00023F0030343F00203C4F86031D4F8403233
:1041B00023F0030343F00203C4F84032D4F8003282
:1041C00023F0070343F00203C4F80032D4F80832A6
:1041D00023F0070343F00203C4F80832D4F8703226
:1041E00023F0030343F00103C4F87032D4F8203203
:1041F00023F0070343F00103C4F82032FFF776FBF6
:104200004FF0E0220020136943F004031361D4F857
:10421000603223F0070343F00103C4F86032D4F89E
:10422000943223F0070343F00103C4F894320BB037
:1042300030BD164B1C88FF2C88BF8C2419E74FF02B
:104240007E6393F89C2093F99C30002BFFF6F1AE2F
:104250008DF80120EDE600BFF02D0208B83302080A
:104260000080E00F042E0208C0175302802FA6041E
:10427000FF0E7F0700800050C0330208C0EA210112
:10428000BC33020800ED00E0009000500001E00F98
:1042900007B5084B186899889B7900906846ADF877
:1042A00004108DF8063000F0BDF8002003B05DF872
:1042B00004FB00BF442E0208024A536B0342FCD1A8
:1042C000704700BF00400950F8B504461C4BD3F8B6
:1042D0008420D106FBD4D3F88430C3F381139C42ED
:1042E0002CD01EF07BF8012C064602D1214612F09C
:1042F000FEFF1EF0FAFC4FF00072124B07465A66A2
:10430000204613F005F84FF480630D4D621E934074
:104310002B676B6E9A0103D4D5F884309B060AD5BF
:1043200038461EF0DDFC022C08D13046BDE8F840CE
:10433000002112F0DCBFD5F88430EAE7F8BD00BFF9
:10434000004000500060005010B50C4608B91EF047
:1043500045F8074B21461B783BB1064B984204D8E1
:104360000120BDE81040FFF7AFBF0220F9E700BF12
:104370008B330020005A62024FF0004238B5244BC4
:10438000244C5A664AF6CD33656C014605F00105AA
:10439000236430BB0120FFF78FFF6368DB0708D47D
:1043A000002415B11B4B1C4A1A6412F0B2FF2046C0
:1043B00038BD1A4B58600846194B226BD20705D4FA
:1043C000984201D10724ECE70130F6E79842E7D1A3
:1043D000F8E70132236B13F0080305D08A42F8D1C5
:1043E000F0E700220E49F5E78A42EBD020210B4A84
:1043F00091620121A2F5805251600649084A886AFB
:10440000800603D49342DDD00133F8E79342DEE720
:1044100000900050004009503254FFFF00600950E6
:1044200040420F004FF0004238B5164B01465A6625
:104430004AF6CD33144C154A656C236443780B203F
:104440005B0043F00103D363FFF736FF63688A78AC
:1044500023F4F87343EA02136360CA784B7943EAA2
:104460000223A3600A798B7943EA02232361087847
:10447000FFF782FFEB0744BF054B236412F049FFAF
:10448000012038BD0090005000400950004000500D
:104490003254FFFF0122437801789A403023594378
:1044A000014B5A50704700BF40E00350034BD3F814
:1044B0002424D3F820041040704700BF00C00350EC
:1044C000064BDA6E02F03002202A06D0DA6E22F0B5
:1044D000300208B142F01002DA6670470040005026
:1044E0002DE9F0411B4B0446D3F810334B1E0E2B25
:1044F0000E46174621D929B34FF000082046F7B1E0
:104500001EF086FA30220F21207863785043072B63
:1045100088BF083B104D95BF9B009B0004300C30BA
:1045200008FA03F29940284412F0F4FE86B92046B6
:1045300057B1BDE8F0411EF06BBA8846DEE7FFF7E1
:10454000A9FFDFE78846DDE7BDE8F041FFF7A2BF3E
:10455000BDE8F08100C0035030C003502DE9F041A8
:104560002B4B1746D3F810234A1C06460C4605D1A0
:10457000D3F82414407812F0E8FE0446002C2FDB18
:10458000072C4FF0030532782DDC4FEA840805FA3A
:1045900008F529461F4802FA08F212F0BBFE294628
:1045A00072781D4802F0030202FA08F212F0B2FE1D
:1045B000012317F0050F194A18BF194903FA04F32C
:1045C0000CBFC2F81034C1F8103417F0060F18BF32
:1045D000134AC2F814340123104AA340C2F820340D
:1045E0002046BDE8F081A4F108084FEA880805FAE2
:1045F00008F529460B4802FA08F212F08BFE727891
:10460000294602F00302084802FA08F2CEE700BF8A
:1046100000C0035000C4035008C4035000E003501E
:1046200000D0035004C403500CC4035038B50546F1
:104630000C4C0140D4F8303423EA0003C4F8303481
:10464000D4F830341943C4F83014D4F82C3403436C
:10465000C4F82C34012004F50054FFF731FFC4F8EE
:10466000205438BD00C0035070B5124B0646D3F835
:10467000103312F07DFE0446481C154616D0621C0D
:104680000FD08C420FD10321304685F00102FFF795
:1046900027FF012004F1100305FA03F19840FFF70A
:1046A000C5FF204670BD4FF0FF34FAE7631CEAD126
:1046B000F7E700BF00C003504A680F4B30B59A427D
:1046C00016D0102492B292FAA2F2120C0B78CD7886
:1046D0009B0243EA45334D7843EA45238D7843EA0C
:1046E00005232343836004B142618B68036130BDBD
:1046F00000221446EAE700BFB71DC1044FF4803220
:10470000054B9A6641F6713203F51C33DA630122D8
:1047100003F50053DA60704700900050024B1878A0
:1047200080F00100704700BFFB73002070B5194B8B
:104730001B68FFF7F3FFD0B9EFF31184302383F345
:104740001288BFF36F8F144D2B7803F0FF06FBB96F
:10475000124818F021F900280BDA0122FFF7DEFFDA
:1047600018B984F31188BFF36F8F104670BD002411
:10477000E9E7012231460A4818F02FF90028ECDB5E
:104780005022084B83F8412302229A6001232B70A8
:104790000022E3E77C0B00208C3300201021002056
:1047A000F820002000E100E000232DE9F0478EB062
:1047B0000E46174604460193002869D00AB1002925
:1047C00066D037F0030807F0030A28D04FF0E06303
:1047D0004FF0000923600123C4F80490C4F8089046
:1047E0000896099348F000530A9308AA02AB07CA37
:1047F000C4F8209083E80700194620461EF0E7FA27
:10480000414620461EF0BAFA20461EF035F905460C
:1048100028B14246494630461DF02AF903E0BAF174
:10482000000F04D1002528460EB0BDE8F0874FF0F8
:10483000E0634FF00009236001ABC4F80490C4F8B2
:1048400008900B9301230C93124B0EAA0D9305AB0A
:1048500012E90700C4F8209083E8070019462046B3
:104860001EF0B5FA042120461EF088FA20461EF0FC
:1048700003F9054608B13A46CCE7019A4644EB00F5
:10488000013522FA03F3AA4506F8013BF7D1C9E73F
:104890002125C8E70400002040B2002808DB0122DF
:1048A0004309044900F01F008240603341F823208F
:1048B000704700BF00E100E080B505460E46174690
:1048C00098460DF073F8034600F036FEDFF840908E
:1048D000044649F80030424639463046A847094B5D
:1048E0001B7853B90849094840F25D3212F09CF830
:1048F00040F25D31044812F08EF854F8090000F0DF
:104900008BFD00BFFB730020A64602086A43020825
:104910000800000008B50348034A0021121A12F0EB
:1049200071FD08BD1813002000740020074808B569
:10493000074A0849121A12F067FDBDE80840064808
:10494000064A0749121A12F05FBD00BF800A002014
:1049500018130020EC650208A8080020800A002037
:1049600014640208F0B507460C4687B0002949D008
:1049700012F03FF8A36845210093D4E900232B48A7
:1049800012F064FB12F035F8636945210093D4E915
:104990000323274812F05AFB12F02BF84521E26955
:1049A000244812F053FB12F024F84521224812F05B
:1049B0004DFB2646002512F01CF8F36A2A460593A3
:1049C000EB1C0493B36A45210393AB1C0293736AF7
:1049D0001A4801936B1C0093336A043512F036FBBE
:1049E000102D06F11006E6D112F003F84521226ED3
:1049F000134812F02BFB11F0FCFF4521A26911486E
:104A000012F024FB012F09D1EFF3058511F0F1FF1E
:104A100045210D48A5F1100212F018FB2146384639
:104A200007B0BDE8F0400AF0CDBA00BFD146020899
:104A300005470208394702084D4702088C4702081B
:104A4000D4470208E84702081B48020830BFFFF7B6
:104A5000FDBF00BF2DE9F04105460B4EDFF8308069
:104A6000324606EB0807CC1B204608491CF0DAFF4B
:104A7000A01942460021083C1CF0FAFFC5F884400A
:104A800007F10800BDE8F08100000000F02D0208E9
:104A90000800000038B5044611F0ABFF452143483B
:104AA00012F0D4FABCB111F0A4FF4521404812F035
:104AB000CDFA11F09EFF45213E4812F0C7FA11F0E1
:104AC00098FF45213C4812F0C1FA11F092FF4521B0
:104AD0003A4812F0BBFA3A4CD4F8E850D4F8E43033
:104AE000590606D511F085FF2A464521354812F0B2
:104AF000ADFAD4F8E430DA070ED511F07AFF324877
:104B0000452112F0A3FA26202D4AD2F8E43043F0D2
:104B1000FF03C2F8E43038BDD4F8E4309B0707D572
:104B200011F067FF2948452112F090FA2720EBE7A2
:104B3000D4F8E4305D0707D511F05BFF2448452128
:104B400012F084FA2820DFE7D4F8E430180707D5FC
:104B500011F04FFF1F48452112F078FA2920D3E7C2
:104B6000D4F8E430D90607D511F043FF1A4845219F
:104B700012F06CFA2A20C7E7D4F8E4309A0607D579
:104B800011F037FF1548452112F060FA2B20BBE7E2
:104B9000D4F8E4301B0607D511F02BFF104845214F
:104BA00012F054FA2C20AFE72520ADE73348020875
:104BB0005148020882480208B8480208EB48020837
:104BC00000ED00E0284902083D4902085849020862
:104BD0007B4902089B490208BD490208D7490208DF
:104BE000F649020810B52C4C11F003FF45212B4863
:104BF00012F02CFAA36A99014CD511F0FAFE28485C
:104C0000452112F023FA1E20A36ADA0106D511F01D
:104C1000F0FE2448452112F019FA1F201E4CA36A09
:104C2000DB0206D511F0E5FE1F48452112F00EFA11
:104C30000220A36A1C0306D511F0DBFE1B484521A8
:104C400012F004FA2120144CA36A590306D511F07E
:104C5000D0FE1748452112F0F9F92220A36A9A03E1
:104C600006D511F0C6FE1348452112F0EFF92320B6
:104C7000094CA36ADB0306D511F0BBFE0E484521A3
:104C800012F0E4F92420A36A6FEA03436FEA1343A6
:104C9000A36210BD1D20B7E700ED00E00E4A020838
:104CA0002B4A0208434A0208624A0208914A020853
:104CB000B44A0208DE4A0208FD4A0208F8B5304C40
:104CC00006460D4611F095FE45212E4812F0BEF91C
:104CD000A36ADA0447D511F08CFE2B48452112F067
:104CE000B5F91720A36A1B0506D511F082FE2748E7
:104CF000452112F0ABF91820214CA36A9F0515D568
:104D000011F077FE2248452112F0A0F9A76BA36AA3
:104D100018040AD511F06DFE3A4645211D4812F0DF
:104D200095F916B14FF40043A3621920144CA36AFD
:104D3000590506D511F05DFE1748452112F086F998
:104D40001A20A36ADA0510D511F053FE1348452145
:104D500012F07CF91B200A4A936A43F47F43936262
:104D600000232B70F8BD1620BCE7A36A9B04F2D584
:104D700011F03FFE0A48452112F068F91C20EAE7CD
:104D800000ED00E02D4B0208484B02085E4B020884
:104D9000764B0208944B0208AE4B0208CE4B020839
:104DA000EB4B0208F8B5384C06460D4611F021FED3
:104DB0004521364812F04AF9A36ADF0653D511F0AF
:104DC00018FE3348452112F041F91120A36A1C074F
:104DD00006D511F00EFE2F48452112F037F91220AA
:104DE000294CA36A990714D511F003FE45212A48DE
:104DF00012F02CF9676BA36A1A0609D511F0F9FDB8
:104E00003A464521254812F021F90EB18023A362CC
:104E100013201D4CA36ADB0706D511F0EAFD2048DC
:104E2000452112F013F91420A36A9F0606D511F04C
:104E3000E0FD1C48452112F009F91520124B9A6A31
:104E4000D60602D49A6A94070FD59B6AD9060CD568
:104E5000154916484FF49B7211F0E6FD4FF49B7113
:104E6000114811F0D8FD1020B0E7074B9A6A92065E
:104E700042BF5A6A22F400525A629A6A42F0FF0212
:104E80009A6200232B70F8BD00ED00E01F4C020871
:104E90003A4C02085E4B0208724C02088F4C020822
:104EA000AA4C0208EB4B0208CE4C02086A430208E7
:104EB0002DE9F043904B0546D3F8048000269DB0C1
:104EC000C8F3080786F31188BFF36F8F02F07F43A2
:104ED000B3F17F4F38D1D40736D512F0400302F03A
:104EE000080904D0B9F1000F1FD101261EE05007B8
:104EF00044BF0D461E462C68804B58BF01262344F4
:104F0000012B98BF2C6C11F074FD224645217C4882
:104F100012F09CF8B9F1000F04D0EFF38985012459
:104F200005BB11E0EFF38885F9E70D4612F0200488
:104F300026D12A68714B1344012B12D911F059FD67
:104F40004521704812F082F811F053FD45216E485A
:104F500012F07CF8002108461DB0BDE8F043FFF7D1
:104F600001BD283500238DF80730FB1E092B00F208
:104F7000B080DFE803F007A1A58389AEAEAEAEA98D
:104F80000024CDE711F035FD4521604812F05EF8B0
:104F90000023594F8DF80730FB6A9A0707D511F0A7
:104FA00028FD45215A4812F051F8002433E0FB6AED
:104FB000002B04DA11F01DFD45215648F3E7FB6A8A
:104FC0005B0070D511F015FD4521534812F03EF8F5
:104FD0007B69AA6943F480737B61BFF34F8FBFF392
:104FE0006F8F32F8023C7A6922F480727A61BFF3E3
:104FF0004F8FBFF36F8F03F47F42B2F55F4F24D121
:10500000DBB2022B21D111F0F4FC45212A68434880
:1050100012F01CF82C689DF807309BB968222946CD
:1050200002A81CF0FFFC099B002E61D0C3F308020C
:1050300022B96FEA53236FEA43230993204602A95A
:10504000FFF790FC1DB0BDE8F0832B4B9A6AD2B2FB
:1050500032B101200DF10701FFF7A4FE0446DAE7A3
:105060009A6A12F47F4F05D001200DF10701FFF776
:1050700025FEF3E79A6AB2F5803F02D3FFF7B2FD4F
:10508000ECE7D3F8E4301BB12046FFF703FDE5E77A
:10509000234940F20332234811F0C6FC40F20331A9
:1050A0001F4811F0B8FC1E4940F206321D4811F0AD
:1050B000BBFC40F20631F3E700200DF10701CBE71E
:1050C00000200DF10701D2E711F093FC45211648AD
:1050D00069E711F08EFC154918F4F87F144A154859
:1050E00018BF0A46A7F11003452111F0AFFF5CE796
:1050F0006FF30803A1E700BF00ED00E0A6ED050196
:105100002E4D0208524D02088F4D0208D04D020864
:10511000EC4D0208124E0208254E0208494E0208C4
:10512000CE4C02086A4302086A4E0208154D020876
:10513000004D0208934E0208064B5A6942F01002D5
:105140005A615A6942F480625A615A6922F008022F
:105150005A61704700ED00E0EFF30880EFF309813A
:1051600001B57246FFF7A4FE01BD00BF0E4880F3F3
:105170000888302080F311880C484FF0AA014FF4C2
:10518000006212F03FF909484FF40061401880F3C3
:105190000988EFF314800221084380F31488BFF3D9
:1051A0006F8F00F089F8000020A30020E079002034
:1051B000BFF34F8F0549064BCA6802F4E062134300
:1051C000CB60BFF34F8F00BFFDE700BF00ED00E0F5
:1051D0000400FA051EF0040F0CBFEFF30880EFF394
:1051E0000980816911F8021C0229FFD001B57246BD
:1051F00012F00CF901BD00BF40B2002807DB01230B
:105200004109034A00F01F00834042F821307047F3
:1052100000E100E04A2808B508D9094909484A22AE
:1052200011F002FC4A21064811F0F5FB0122430966
:10523000054900F01F008240603341F8232008BD7B
:10524000AB4E02086A43020800E100E008B5D3074C
:1052500058BF03310F2908D90D490E48822211F099
:10526000E3FB82210A4811F0D6FB40B20028ACBF14
:1052700000F16040084B4FEA0111C9B2ABBF00F525
:10528000614000F00F0080F80013195408BD00BF02
:10529000AB4E02086A43020814ED00E0044B054AD5
:1052A00023F07F039360BFF34F8FBFF36F8F70477F
:1052B0000000000800ED00E008B5FCF78DFEFFF7E8
:1052C000EDFF104BD3F8882022F47002C3F8882039
:1052D000D3F8882042F4A002C3F888204FF040425F
:1052E000C3F83422BFF34F8FBFF36F8F0023E1EE7B
:1052F000103AFFF70FFBFFF719FB00F0FFF809F07A
:10530000CDFF00BF00ED00E08189203A41F00201AD
:1053100081814FF47D41C0F8E0101360009B084983
:105320005360019B21F001019360029B9161D36066
:105330004FF08073D36100230266C0F89830704745
:10534000B9480008104B9B6883421AD1EFF30580DF
:10535000B8B9EFF31181302282F31288BFF36F8F57
:105360009A8922F002029A81EFF3148323F0040356
:1053700083F31488BFF36F8F81F31188BFF36F8FAE
:1053800070476FF015007047C81C002008B5044630
:105390000E4615460023E1EE103AEFF3148323F096
:1053A000040383F31488BFF36F8FBFF36F8F0D4B2C
:1053B000D0F8842098600C4B1A600BF0BBFB636F35
:1053C00083F30B882C4686F309880020034B98470B
:1053D0002046002100220023014C2047417401088F
:1053E000B9480008C81C0020242100201022014BCD
:1053F0001A61704700ED00E0054B1A6A9B689A42FB
:105400001FBF044A536843F080535360704700BF86
:10541000C81C002000ED00E0084B9B6883420BD1C4
:10542000EFF3058343B1064B5A6842F080525A604D
:105430005A6A22F400425A620BF014BCC81C0020C5
:1054400000ED00E001B517F03DFBBDE80140284943
:105450008A6882F8E1E04FF040001044EFF3098CD5
:1054600080E8F01F1EF0100F03D102F1A00080ECC5
:10547000108A302080F31288BFF36F8F1D4F4FF0DA
:1054800000660A6A8A603E60D2F884001A4C206086
:1054900092F9E1E0D2F898000023C2F8983080F346
:1054A00011881EF0100F03D00023E1EE103A03E044
:1054B00002F1A00090EC108AEFF3148323F00403B0
:1054C00083F31488BFF36F8F02F1400090E8F01F60
:1054D0008CF3098802F1000004B511F0ABFFBDE8C0
:1054E000044001B50BF026FBBDE801407047000009
:1054F000C81C002004ED00E02421002000233021FE
:105500000348C21801334B2B82F80013F9D17047BE
:1055100000E100E008B5EFF30583064A103B02EB1B
:10552000C30152F8330049688847BDE80840FFF7D7
:1055300063BF00BF0C2002080148006870470000EC
:10554000242100201FB50121094B0A4A0A4800F016
:105550000BF90023064A0393084B0121019301A88C
:10556000D31A029300F01AF905B05DF804FB00BFEE
:105570000000042000000020543502081813002009
:105580000A7A0B6810B562F304031C46CB68520913
:1055900023F01F0343EA4203044A43F00103C2F825
:1055A0009800C2F89C40C2F8A03010BD00ED00E0A9
:1055B00010B50A4B0446D3F89030C3F30723013BE0
:1055C000984208D902464521054811F03FFD6FF089
:1055D0001504204610BDFFF7D3FFFAE700ED00E009
:1055E000E64E02082DE9F04F8946144606464FF074
:1055F00000084F4D85B0C84527DAD6F804A0BAF1A7
:10560000000F44D0BAF11F0F18D91AF01F0F15D18F
:10561000D6F800B01BF01F0F10D1584611F024FF30
:1056200007460AEB0B00013811F01EFF874210D02D
:105630006FF015073A4645213E4802E042464521B3
:105640003D4811F003FD6FF01504204605B0BDE89C
:10565000F08F17F1160FEDD0BC42EBDDC5F8987056
:10566000D5F89C10C5F89870D5F8A03021F01F012E
:1056700043F01F0BD6E900321A44994202F1FF3A77
:105680001AD1D34507D13146F8B211F0F6FE08F130
:1056900001080C36AFE73146C5F89870D5F89C3054
:1056A000E0B263F30402C5F89C2011F0E6FE10F1AD
:1056B000160FC8D0441CEAE7C5F89870D5F8A020AA
:1056C000013B23F01F0302F01F021343D345314671
:1056D000E0B2C5F8A030E8D011F0CFFE10F1160FFF
:1056E000B1D0C5F89870D5F89C209DF808300BF122
:1056F000FF3B62F304038DF80830D5F8A0309DF825
:1057000008205B0863F347128DF80820D6E90032C1
:105710001344009323F01F035B44A3EB0A030130FF
:1057200023F01F036946C0B20393FFF741FFBEE7B2
:1057300000ED00E03C4F0208114F02080522044B27
:10574000C3F89420BFF34F8FBFF36F8F704700BF34
:1057500000ED00E0BFF35F8F0022024BC3F89420FE
:10576000704700BF00ED00E010B5094C2278FFF74C
:1057700039FF207016300AD10649074840F25F12FF
:1057800011F052F940F25F11024811F044F910BDD6
:105790008D330020644F02086A4302082DE9F74F59
:1057A0002E4D8A4606464FF00008AB462C4FD0459A
:1057B00002DB03B0BDE8F08FD6F80490B9F1000F1A
:1057C00047D031680846019111F04EFE0199044618
:1057D00009EB0100013811F047FE84424FF014023A
:1057E000204B10D002FB08F36FF015024BF803209A
:1057F0001D491E4840F26F1211F016F940F26F1168
:10580000194811F008F914F1160F2C60F0D019782E
:10581000A142EDDD02FB08B0C7F89840C7F89840F8
:10582000D7F89C4000F10801007B64F30400087184
:10583000D7F8A0000C79400860F347140C71D7F832
:105840009C1021F01F016960D7F8A01021F01F0102
:10585000296108F1010814350C36A8E72821002039
:1058600000ED00E08D330020644F02086A43020817
:105870002DE9F0416249634DD1F890302C68C3F3B3
:1058800007239C4286B00AD95F494FF4EC725F4807
:1058900011F0CAF84FF4EC715B4811F0BCF800202D
:1058A000FFF758FF5A4BC1F8C03084421BD1594D05
:1058B00001A82C70FCF76CFF002607464FF061082A
:1058C000554CB74216D100202B784D49D1F8902085
:1058D000C2F307229342C0F28D800020FFF72EFF13
:1058E00006B0BDE8F081696801EB0011FFF748FEE2
:1058F0000130DAE7019A300102EB0613D3F80CC04D
:105900000CEA0401B1F1807F53D00AD8B1F5001F31
:1059100029D0B1F5800F3FD0B1F5801F14D00136EA
:10592000CFE7B1F1006F44D0B1F1805FF7D1596892
:105930009B681258013B21F01F000344CDE902127D
:1059400023F01F0301220BE0596812589B68CDE930
:1059500002122122013B21F01F00034423F01F0308
:105960008DF8102032E0596812589B68CDE9021278
:105970004122013B21F01F00034423F01F031CF0D0
:10598000010F8DF81020059321D01F4983221F4855
:1059900011F04AF883217FE759689B681258013B50
:1059A00021F01F000344CDE9021223F01F0302225D
:1059B000D6E7596812589B6821F01F00013BCDE9DA
:1059C0000212034423F01F038DF8108005932878FA
:1059D00002A9FFF7EDFD002808DA0B4940F21B226F
:1059E0000A4811F021F840F21B2155E72B780133CA
:1059F0002B7094E7C1F89830C1F8A000013365E737
:105A000000ED00E060350208644F02086A430208B6
:105A1000AAFF44008D3300200000F0FF08B50248C3
:105A20000EF094FFFEE700BFA24F020808B5024B3C
:105A30001B689847002008BD3C210020F8B50D46A2
:105A4000094F461EC0F10104A3199D4201DC2846FE
:105A5000F8BD73780A2B02D10D203B6898473B684C
:105A600016F8010F9847EFE73C21002008B50548DC
:105A700010F0C4FF002383F31188BFF36F8F04235A
:105A8000184602DFA74F020808B50649064821F06C
:105A90000701C1F1005202F58022FCF78BF90020CA
:105AA00008BD00BF372301204021002008B54FF07A
:105AB000FF324FF0FF33074809F0E4FD40B10649DB
:105AC0000648842210F0B0FF8421034810F0A3FFA1
:105AD00008BD00BF900B0020B04F02086A430208C7
:105AE000014809F0D7BE00BF900B002038B505462D
:105AF000FFF7DCFF2A4608210748FCF7D9F80446DF
:105B000028B925B1FFF718FD0C22044B1A50FFF7F6
:105B1000E7FF204638BD00BF402100200C000000F8
:105B200010B50446FFF7C2FF21460348FCF738F8DA
:105B3000BDE81040FFF7D4BF4021002070B5A0FBA6
:105B4000015434B92846FFF7D1FF064640B9304624
:105B500070BDFFF7F1FC0C22044B00261A50F6E74B
:105B60002A4621461BF084FFF1E700BF0C0000002D
:105B700070B541690446867A0A4D59B1437ADB070C
:105B800006D4342303FB0653DB6A1B689B689847E3
:105B9000002363613420214600FB0650BDE87040BD
:105BA0000AF086B8B01200203422024B02FB00300B
:105BB000704700BFB01200203421827A064B01FBEF
:105BC00002331A6B93F82430801A1B3323F003033B
:105BD000B0FBF3F0704700BFB012002038B534249A
:105BE000827A064B04FB0233DB6AD3E901240C60A2
:105BF0001568FFF7E1FF04FB005038BDB01200202C
:105C000008B5436843B106490648642210F00CFF0A
:105C10006421034810F0FFFE03824369C36008BD9E
:105C2000EA4F02086A4302082DE9FF470546684625
:105C300091461C46039116F092FFDDE900674DB9CD
:105C4000574940F20B12574810F0EEFE40F20B118C
:105C5000534813E005F11C08EFF3118A302383F356
:105C60001288BFF36F8F40460BF07AFF40B94E4960
:105C70008F224C4810F0D8FE8F214B4810F0CBFEFD
:105C800040460BF0C1FF6B8C002B56D02A8C9A42F9
:105C900033D90022002328460AF034F8044660B3C2
:105CA00040460BF06BFF40B93F4940F23D123D4882
:105CB00010F0BAFE40F23D11DFE78AF31188BFF31E
:105CC0006F8F039D002D5AD032463B46684616F032
:105CD0006BFF3421A27A354B204601FB0233DB6A8D
:105CE00003A91B681E68DDE90023B0476061002836
:105CF00039D12046FFF73CFF30E06C8C4046631EF4
:105D00006B840BF03BFF0028CED08AF31188BFF3E1
:105D10006F8F95F824302A8C1B33121B2C6B23F0C9
:105D2000030302FB0344214B214AEB1A9B1053430C
:105D3000A37295F82430E372C3E740460BF01EFFD0
:105D40000028B1D08AF31188BFF36F8F23464A46EB
:105D5000284609F0D7FF04460028B2D10024204687
:105D600004B0BDE8F087039B9D420AD90C494FF46B
:105D7000B0720C4810F058FE4FF4B07168E72B4633
:105D8000656100210122616022816382E27A04F16F
:105D900018001BF06DFE2046FFF732FFDFE700BF63
:105DA000EA4F02086A4302080F500208B0120020AE
:105DB000C54EECC408B5034650B90849084840F23E
:105DC0004A2210F031FE40F24A21044810F023FE2E
:105DD00018465B68002BFBD108BD00BFEA4F0208E4
:105DE0006A43020870B50D46044650B90E4940F2A8
:105DF00055220E4810F018FE40F255210A4810F0C6
:105E00000AFE41B9084940F25622084810F00CFE3B
:105E100040F25621F2E746681EB10846FFF7CAFF76
:105E20004660656070BD00BFEA4F02086A43020821
:105E300008B540B90A4960220A4810F0F5FD602112
:105E4000074810F0E8FD838833B105496122054811
:105E500010F0EAFD6121F3E783680B44036008BD9D
:105E6000445002086A43020838B505688288C3882E
:105E700084689B1A2C1B1B1B994208D906490748AA
:105E8000732210F0D1FD7321034810F0C4FD1144BA
:105E90008180A81838BD00BF445002086A43020838
:105EA00008B503469A8800688A420AD2074908481A
:105EB00040F2492210F0B8FD40F24921034810F0A9
:105EC000AAFD521A01449A80196008BD4450020884
:105ED0006A43020800B51622FFF72EFB024B1A5048
:105EE0004FF0FF305DF804FB0C000000302343430B
:105EF00030B50D4908330B44D3E8AF2F92B1541E8F
:105F0000D3E8EF5F954204D1C3E8EC4FBCF1000F3A
:105F1000F6D1F1D1012A05D13023584300230A18C4
:105F20000B50536030BD00BFA40B002070B500259E
:105F30004FF0FF334FF0FF32184811F0D6FA184BEC
:105F4000D3E8AF2F82B101350B2D03F13003F7D128
:105F5000FFF7F2FA17224FF0FF35124B1A500F4895
:105F600011F0C5FA284670BD30246C43D3E8EF0F1A
:105F70000130C3E8E10F0029F8D10B4E331932513B
:105F80005A609A6204F10C00304416F005FD04F1E9
:105F90002000304416F087FDE1E700BF201200200A
:105FA000AC0B00200C000000A40B00202DE9F041F8
:105FB0003024164644430F4A101911514660C362FB
:105FC000B6B1F368A3B1FFF7B7FA0B4F0C3450F832
:105FD00007801319054640F20512304611F076FA93
:105FE000B8F15F0F04D0EB595F2B08BF45F807806D
:105FF000BDE8F081A40B00200C00000070B596B045
:1060000006460C461822002110A81BF031FD002383
:10601000079309930DAD0821284615F014FC0728B5
:10602000024607D845212C4811F010F86FF0920075
:1060300016B070BD294A119B1592DAB20F9622B99B
:1060400023F0FF0343F00103119324480AAA06A991
:1060500008F082FA0028EBD1DDE90A01069B10AABC
:10606000119313F0FF0308BF159307AB01930423AB
:10607000009308AB1BF0A8FA0028D9D1119B079A0E
:106080001B0A012B1AD016498B4200D083B909ABE9
:1060900004931023CDE902430C2308A9CDE9005352
:1060A00010A8104B16F078FB10B9099B102BBFD02D
:1060B0001022002120461BF0DBFCB7E709AB04935C
:1060C0001023CDE902430C2308A9CDE9005310A801
:1060D000044B16F038FBE7E77F5002080600FF7F0D
:1060E000020080000002C00338B500250F4C204696
:1060F00016F052FC40B10E49CF220E4810F094FC2D
:10610000CF210B4810F087FC04F1140016F0CBFCF3
:1061100030B10749D122074810F086FCD121F0E7C1
:106120000135052D04F12404E1D138BD4C210020B6
:10613000A65002086A43020838B50024094D2846D3
:1061400016F0B1FC40B108490848F12210F06CFC8F
:10615000F121054810F05FFC0134052C05F10C0518
:10616000EDD138BD00220020095102086A4302081F
:1061700038B500240A4D284616F00EFC50B10949E6
:1061800009484FF4F07210F04FFC4FF4F0710548DD
:1061900010F041FC0134052C05F11405EBD138BD9C
:1061A0003C2200205D5102086A4302080B4B30B5C7
:1061B0001C4600250A4A191BB1F58C6F01D9002035
:1061C00030BD506803F1F001C3E93C20016003F5E4
:1061D0008C7303F8045C5160EDE700BF18130020D6
:1061E000B40D0020F7B506460D4614461E4F38463E
:1061F00016F08AFB002833D0AAB21C49BB688B4238
:106200000BD21B498B4208D31B687BB919498122E9
:10621000194810F009FC812105E016497F22164833
:1062200010F002FC7F21134810F0F5FB3146384690
:106230009847002802DB002003B0F0BD002CFBD102
:10624000AC42F8D22F1B042F28BF042706F07CFF96
:106250003A46019001A930191BF0E4FB3C44EFE7FA
:106260006FF01200E8E700BFB81F020880220208A2
:1062700078220208EE5102086A43020810B5094C60
:106280000A44914200D110BD11F8013B5840030966
:10629000E35C0001C0B243401809205C1B01DBB283
:1062A0005840EEE724620208034A044B11689288C2
:1062B00019609A80704700BF225202085E110020C8
:1062C00008B550B90749084840F2472210F0ACFB26
:1062D00040F24721034810F09EFBB0F8B400C0F331
:1062E000410008BD295202086A43020808B550B9A6
:1062F0000749084840F2972210F096FB40F2972198
:10630000034810F088FBB0F8B400C0F3811008BD5A
:10631000295202086A43020808B550B907490848DB
:106320004FF41B7210F080FB4FF41B71034810F008
:1063300072FBB0F8B400C0F3C20008BD29520208D5
:106340006A430208F7B507460E461446FFF7EEFD0E
:10635000051E18DB3CB97B1E012B04D8022E17D07A
:10636000012E08BF0624F1B201ABA2B2B8B203F00D
:106370002BF8061E0EDA284611F0BBF8FFF7DCF802
:10638000104B76421E504FF0FF35284603B0F0BD4B
:106390001124E8E70023019843608367803016F0FA
:1063A0000FFB01989C3016F07EFB062C02D1019861
:1063B00012F042FC4FF440432846034A0199FFF78C
:1063C000F5FDE2E70C000000A83502082DE9F743CF
:1063D0000D46DDE90A9858EA090107464C460C9E2D
:1063E00013D015F1690F02D015F10B0F0DD16846CE
:1063F00016F0DAFBDDE9002313430ED115F1690F26
:1064000014BF6FF068056FF00B05FFF795F8234B8D
:106410006D421D504FF0FF3036E0B8F1FF3F08BF2E
:10642000B9F1FF3F12D04FF47A71A4FB013201FBA6
:10643000082247F6FF715B1842F10002DB0B43EACA
:10644000424332689A4294BF32603360D7F8A40066
:1064500008B109F01FFA4FF4004C40F2E730002178
:1064600034684FF47A720023E4FB0C01F9F780FEE4
:106470000BF080F933685B00642B28BF6423336022
:10648000D7F8A40018B9002003B0BDE8F0834FF09E
:10649000FF324FF0FF3309F0F5F8F4E70C0000008D
:1064A00070B506461D460C4609B1142A07D0FFF701
:1064B00043F816221A4B1A504FF0FF3070BD02F00D
:1064C00015FD1022014620461BF0E7FA0028EED009
:1064D000206901F0CDFA70B996F9B600002807DC02
:1064E00001F038FB38B9FFF727F802220C4BE2E73E
:1064F00001F0BEFAF6E721466DB114F04CFA10F146
:10650000730F03460AD0002808DAFFF715F8044A8B
:106510005B421350D0E714F06EFAF0E70020CDE7AD
:106520000C00000038B540F20514A142034600F00B
:106530009980B1F5837F3BD2B1F5817F69D009D8CD
:10654000032955D0042959D0FEF7F6FF5F22534B9B
:106550001A504AE040F203108142F5D11168888850
:10656000C5070FD552681068C06810F4EE1F02D13D
:10657000986FC40703D5C88840F00100C880106830
:10658000143010608A88500742BFCA8842F0040263
:10659000CA809A6F520742BFCA8842F00802CA8076
:1065A0009B6FDB0733D5CB8843F01003CB802EE005
:1065B00045F21B44A1425ED045F22142914255D0A2
:1065C00045F211429142BFD1B0F8B230062B5FD1F3
:1065D000FFF776FE032814BF6FF07A036FF0150300
:1065E000FEF7AAFF2D4A5B4213504FF0FF3004E044
:1065F00090F87800C0F34000800338BD1268816FC6
:1066000050044CBF41F0020121F0020199670020C3
:10661000F3E710688188C9071AD5516892680C6839
:10662000A24238D0042503F1800222610A68547B1B
:1066300065F3050454730C68A27B22F02002A27358
:106640000C68E26822F4FE12E2600A6814320A6002
:106650008288520703D49B6F13F0050FD7D06FF0D9
:106660007700CAE71268C0F8A420D0E7826F42F032
:1066700002028267CBE70023146819461A4610F01D
:1066800084FF6FF00043984294BF20602360BEE710
:106690006FF05E03A4E76FF00B00AEE70C000000A4
:1066A00037B5002B0546069C1CD100930022002321
:1066B000134903F041FB05F1800016F081F905F163
:1066C0009C0016F0F0F904F18000294609F0C4FAA4
:1066D000284612F0B1FA04F19C0003B0BDE8304046
:1066E00010F02FBF0ADA5B42E367A36F43F00403A5
:1066F000A36704F1800009F055FAECE703B030BD60
:10670000C376010813B50446FFF7DAFD002103281C
:106710004FF000024FF000032046009119D103F022
:10672000C7FA0423E367A36F204643F00403A3677B
:1067300010F009FF204602F009FF031E06DAFEF7FB
:10674000FBFE054A5B4213504FF0FF33184602B080
:1067500010BD03F0F1FAE4E70C00000037B5054680
:106760000C4619BBFFF7ACFD03284FF000024FF0B9
:1067700000032146284600940DD103F099FA031E28
:106780000CDAFEF7D9FE0E4A5B4213504FF0FF348D
:10679000204603B030BD03F0CFFAF0E7AB6F2846D8
:1067A00043F00103AB6710F0CEFEF1E74C1EFEF79D
:1067B000C3FE012C94BF86221622014B1A50E5E736
:1067C0000C00000013B5044602F0F4FE031E07DAC5
:1067D000FEF7B2FE0D4A5B4213504FF0FF3007E068
:1067E0002046FFF783FD0238C0B2012802D90020FD
:1067F00002B010BD636800220093204600230449C4
:1068000003F09AFA031EF2DAE2E700BF0C00000080
:10681000C37601082DE9FF4D04460E461746FFF7E3
:1068200065FD0328804607D1FEF786FE5F22324BC6
:106830001A504FF0FF303EE02046FFF741FD02289E
:1068400038D00128A56F09D1FEF776FE15F0040FA8
:10685000294B01D0E26FEBE77822E9E715F002055A
:1068600019BF4FF0000A4FF0000B4FF4C03A4FF041
:10687000000B18BF214DB8F1010F63681ED10093C2
:106880000022002320461E4903F056FA002805DAAC
:106890004342FEF751FE184A1350CAE763683A466E
:1068A000029331462B462046CDE900AB03F048F970
:1068B0000028EDDB002004B0BDE8F08D02933A46DD
:1068C0002B4631462046CDE900AB03F039F9031ED3
:1068D00003DAFEF731FE5B42DDE7A36FDB07E9D4A5
:1068E00063680022009320460023054903F024FA40
:1068F000031EDFDAEDE700BF0C000000557701084A
:10690000C376010837B504460D46FFF7EFFC0328B0
:1069100008D1FEF711FE5F220E4B1A504FF0FF30E8
:1069200003B030BD2946204603F0DAF8031E05DA2D
:10693000FEF702FE074A5B421350EFE700230022F6
:1069400020460549009403F0B3F9031EF0DB002054
:10695000E6E700BF0C000000A16600082DE9F04F3B
:1069600016460A224FF0FF384FF0FF398FB00B92D6
:106970005A0604460D46CDE90C89189F03D4836F4F
:1069800013F002032ED000220023CDE90C2308A827
:1069900016F0E5F8DDE90C23DDE9088908A816F012
:1069A000DEF8DDE90823CDE90623A36FDB0721D458
:1069B000626D2D4B9A4201D1236DDBB963680022D1
:1069C000009320460023284903F0B6F9031E11DA8C
:1069D000FEF7B2FD254A5B4213504FF0FF300FB077
:1069E000BDE8F08F0CAA052103F06CFB4FF4A02248
:1069F0000023CCE74FF0000A0DF12C0B6168DDE9B4
:106A00000C2337B3CDE90223199B0491009332463E
:106A10003B4629462046CDF804A012F0DFF90028B5
:106A2000DDDADDE90C230146CDE9002320464246AC
:106A30004B46CDF808B0FFF7C9FC0130CDD0DDE9F9
:106A4000062308A816F0B0F8DDE90823CDE90C23E9
:106A5000D4E7CDE9002302913B4632462946204641
:106A600012F05EF9DBE700BFC37601080C000000FE
:106A7000F7B504460E461746FFF738FC032809D140
:106A8000FEF75AFD5F22294B1A504FF0FF3528467A
:106A900003B0F0BDA36F5A0704D5FEF74DFDE26FBA
:106AA000224BF1E79B0711D44FF0FF334FF0FF3239
:106AB00069462046CDE9002310F0D0FE031E05DA1A
:106AC000FEF73AFD194A5B421350DEE7002204F15B
:106AD0008000002309F016F9044620B9FEF72CFDCA
:106AE0000B22124BD0E7FFF721FA051E06DA2046EB
:106AF00010F029FD204602F029FDC6E73A4631464E
:106B0000204610F001FD40B1284610F0F2FCFEF7DF
:106B100013FD8622054B1A50E9E74FF44043214606
:106B20002846034AFFF742FAB1E700BF0C00000015
:106B3000A83502082DE9F04F8FB01F46DDE919ABEB
:106B40004FF0FF3303924FF0FF32CDE90423189B3F
:106B500006465C060D4603D4836F13F0020330D063
:106B600000220023CDE90423189B06F1800413F0D2
:106B70000203009339D0DDE904891022002109A81D
:106B80001AF076FF04230D948DF8313001214B4625
:106B9000424609A80BF00CFD00F10B010B2903463E
:106BA00019D840F68102CA40D10714D5204609F011
:106BB0004DF90446F8B9FEF7BFFC0B22884B1A507A
:106BC0000EE0042104AA03F07DFA304604A910F077
:106BD00045FE031EC8DAFEF7AFFC814A5B42135044
:106BE0004FF0FF300FB0BDE8F08FDDE90423204601
:106BF00009F088F8DDE7D0E903930193BAF1000FBB
:106C000072D0BBF1000F6FD0B6F8B23030460293AD
:106C1000FFF76CFB2046DBF8008012F072FB94F863
:106C20003730C3F3C203AAF8003094F83730C3F307
:106C3000C203022B13D06FF08506019BC4F80C90A1
:106C40002361002E49D07642FEF776FC644B1E503D
:106C5000009B002BC4D1204612F091FAC0E700221D
:106C60002823B8F1170FCDE9092333D9204609A904
:106C700012F0FEFC804610B96FF06806DDE7204692
:106C80000A9912F09FFB0028F6D12046618F12F07E
:106C900099FB06460028EFD108F108020AF1040129
:106CA00008F1180352F8040B9A4241F8040BF9D189
:106CB0009DF80830112BBED107AB0993082320465D
:106CC00009A90A9312F0D4FC0028D5D00388AAF8A9
:106CD0000230B2E76FF01506AFE7BAF80030012BCB
:106CE0000DD10823CBF80030002D44D0EB680BB158
:106CF000AB6843B9FEF720FC0C22394B5FE7022B4F
:106D00006BD11823EEE7204612F0DFFBB842824633
:106D100028BFBA460646D3460023BBF1000F0FD169
:106D2000BE4203D9AB6943F02003AB612A69002A54
:106D30004CD0696971B30F2946D8C5F814B029E061
:106D4000AA68D158D01821B9FEF7F6FB1622244BB9
:106D500035E7426820465A4528BF5A4603930292B7
:106D600012F046FB039B029A083308B169266BE7D1
:106D7000ABEB020BD1E7204612F0A7FB874228BFFE
:106D8000074606463A4620460399BA4612F030FBBB
:106D90000028EBD1009BDBB9204612F0F0F9189BDC
:106DA00013F0200F0CBF504630461BE7073323F08B
:106DB00007000346103313448B428344BDD802447A
:106DC0001368002BF2D1B8E71144F9E76A61E1E7F3
:106DD000019BC4F80C902361E1E7862634E700BFED
:106DE0000C0000002DE9F04F90461C464FF0FF329A
:106DF0004FF0FF338DB00E460546CDE90823DDF890
:106E000058A050B96749684840F212220FF00CFEB2
:106E100040F2122163480FF0FEFDB0F8B430DF07F6
:106E20000ED5FFF74DFA02280ED08023FEF784FB23
:106E30004FF0FF345D4A135020460DB0BDE8F08F8F
:106E40000923F3E78623F1E71AF0400F02D1AB6F75
:106E5000990715D500220023CDE90823002CEBD09B
:106E6000DDE90879CDE905840AF4807BB6B1B8F193
:106E7000000F13D1F36863B96FF015004342D5E7F3
:106E800013F00503EAD10421284608AA03F01AF9F1
:106E9000E4E7B3681A685B68059207934FF000084F
:106EA000CDE90A7902A8DDE90A2315F058FEDDE9EB
:106EB0000234CDE900344446069B9BB3D5F88030BC
:106EC000E3B9AB6F5A0707D564BBE86F40420028AF
:106ED00020EAE07403DAD1E7DB070FD514BBDDE964
:106EE0001712284610F010FB0028ABD11AF0020F41
:106EF000A2D12146284611F09BFF9DE757EA0903DE
:106F000012D1D6B95346284606AA05A910F03DFB72
:106F1000231850EA030443D157EA09071AD0BBF1FA
:106F2000000F35D12046D2E728460AA9CDE90A79D3
:106F300010F094FC0028E4DAC9E75346284607AA73
:106F400005A910F022FB044450EA040305D157EAD6
:106F5000090302D16FF00A0090E7B2684FEAC80354
:106F600052F83810014405910699091A06910799BB
:106F70000029D4D1F16808F101088845D2D008333E
:106F8000D118D2584B68059207930AB1002BD4D17F
:106F9000DDE900230AA815F007FEDDE90A798BE791
:106FA0001C46BCE7295202086A4302080C00000094
:106FB0002DE9F043144685B00546DDE90C890E46FF
:106FC0001F46FFF793F934B3831EDBB2012B0BD8B6
:106FD0002346324600212846CDE901890097FFF774
:106FE000A9FD05B0BDE8F083012809D1234632464A
:106FF00000212846CDE901890097FFF7F3FEF0E76D
:107000000649074840F2C2620FF00EFD40F2C2612D
:1070100002480FF000FD2046E3E700BF5D52020882
:107020006A430208F0B50C4685B005461646FFF7E0
:107030005DF9002C36D0A16800293BD000231A4608
:10704000D4F80CC00431944510D1821ED2B2012A6A
:1070500004F104020FD8029222682146CDE90062B1
:1070600028460022FFF766FD05B0F0BD51F83270EA
:1070700001323B44E7E7012809D102922268214608
:10708000CDE9006228460022FFF7ACFEECE70A4992
:107090000A4840F2E5620FF0C7FC40F2E56106489D
:1070A0000FF0B9FC1623FEF747FA054A13504FF0CC
:1070B000FF30D9E70C23F6E75D5202086A43020865
:1070C0000C00000070B506291D460646049B6AD0D8
:1070D00008DC00296ED0012924D0FEF72DFA6D229C
:1070E000504B45E02929F8D1182A72DC0F2AF4DD2B
:1070F000A2F11004082CF0D801A252F824F000BF2D
:10710000F5710008FB710008177200081D72000875
:10711000DB700008DB700008DB700008DB70000823
:10712000E77100080F2A3BD011DC032A28D0042A7B
:1071300017D0022AD1D12A46092102F0C3FF031E2B
:107140001CDAFEF7F9F9374A5B42135011E0262AA0
:107150001FD0272AC1D11B68042B05D1FFF7DCF80B
:1071600015E01B68042B07D0FEF7E6F916222D4B1D
:107170001A504FF0FF3002E0C36F2B60002070BD4B
:107180000493FFF7B3F8049B1B68042BECD1286031
:10719000F4E71B68B0F8B220042BE5D12A60EDE7D4
:1071A0002A460A21C9E7012A97D1FEF7C5F97B22B1
:1071B0001C4BDDE7022A06D0212A07D0012A8CD1F8
:1071C0002A460821B9E72A461021B6E72A460D21AA
:1071D000B3E7432AF4D0482A09D03E2A7FF47DAF92
:1071E0002A461921A9E72A4614213046A5E72A464E
:1071F0001121A2E72A460F21F7E70493FFF78CF845
:107200000228049B04D0FEF797F96A22054BAFE7EA
:107210002A461321E9E72A460E21E6E72A461621E7
:10722000E3E700BF0C0000002DE9F0410629074606
:107230001C46069E00F0918009DC002900F0958034
:10724000012929D0FEF778F96D22684B3AE0292907
:10725000F8D11A2A00F39C800F2AF3DDA2F1100561
:107260000A2DEFD801A353F825F000BFB973000829
:10727000C1730008C9730008E5730008D1730008E2
:10728000E17300084572000845720008A773000802
:1072900045720008A77200080F2A24D006DC022AD3
:1072A00012D00D2ACED10020BDE8F081192AC9D113
:1072B000FFF732F8013880B2012818D9FEF73CF9FF
:1072C0006A224A4B1A500BE033462246092102F04B
:1072D00003FE031EE7DAFEF72FF9444A5B42135020
:1072E0004FF0FF30E0E7334622460A21EFE716B1C0
:1072F00054B1237833B9B7F8B43023F40073A7F846
:10730000B430D0E7082E04D0FEF716F91622374B1A
:10731000D8E7204601F096FC031EDCDB00F0A8FB5A
:1073200020B9FEF709F91322304BCBE757B93049A2
:10733000304840F233320FF077FB40F233312C48C3
:107340000FF069FBB7F8B43043F40073A7F8B4301A
:1073500001F074FA87F8B600A5E7012A7FF472AF4E
:10736000FEF7EAF87B22214BACE7022A0CD0212A57
:1073700006D0012A7FF466AF334622460821A6E7ED
:10738000334622460D21A2E73346224610219EE7CE
:10739000432AF1D0482A0BD03E2A7FF453AF33461C
:1073A0002246192193E733462246142138468EE7B8
:1073B0003346224611218AE7334622460F21F5E75C
:1073C000334622461321F1E7334622460E21EDE7EC
:1073D0000123324621463846BDE8F041FFF760B848
:1073E0000023F6E7334622461621DFE70C000000B3
:1073F000295202086A430208F0B587B004460E46D7
:107400001546FEF773FF032808D1FEF795F85F22B3
:107410001F4B1A504FF0FF3007B0F0BD06B125B931
:10742000FEF78AF816221A4BF3E7B4F8B430DB05FE
:1074300004D4FEF781F88022154BEAE7012804D135
:107440002046FEF73DFF0228F3D1238F022BE7D120
:107450000022ADF80030638F0592ADF8023001AF25
:1074600004F13C034C343A4618685968083303C2A7
:10747000A3421746F7D12A686946182A28BF18225E
:1074800030461AF0CFFA182300202B60C4E700BF63
:107490000C000000F0B5038C0446022B0E46154686
:1074A00089B028D1182700213A4602A81AF0E0FA3C
:1074B000B4F8B4305B051CD5204601AA02A9019797
:1074C00011F0C6FC031E07DA5B42FEF735F80D4AE1
:1074D00013504FF0FF300AE0019C2A683046A24268
:1074E00028BF224602A91AF09DFA00202C6009B09C
:1074F000F0BD1623E9E7FEF71FF81622014B1A50DC
:10750000E7E700BF0C0000000549064840F21A52A8
:1075100008B50FF089FA40F21A5101480FF07BFAD2
:10752000965202086A43020808B590B1036853B93D
:107530000849094840F2B5320FF076FA40F2B53109
:1075400004480FF068FA0C33D3E8AF0F084100F09D
:10755000010008BD965202086A430208F0B51746BA
:107560001E46044685B0002800F0F8808368002B92
:1075700000F0F4808569002D00F0F380002128469A
:10758000FFF7D2FF18B96FF0720005B0F0BD082107
:107590002846FFF7C9FF0028F5D0204611F097FED6
:1075A000204611F0AEFE94F83730C3F3C203022B2D
:1075B00077D148F2DD63A28E9A4272D1A368DD686A
:1075C000EB7923B9204611F0DAFD0020DDE701F068
:1075D0008DFC1022014605F118001AF05EFA10B970
:1075E0006FF07C00D1E7A368DB689A6903F11800AB
:1075F000002A3DD1DA69002A3AD11A6A002A37D125
:107600005B6AB3F1807F33D194F837305B0734D4B1
:10761000A3686F46DA6802F108052B4602F1180CE0
:107620003E4618685968083303C663453746F7D1A4
:10763000283253F8041B934245F8041BF9D16A46DB
:10764000A368DB681833154603CD596004A98D4241
:1076500018602A4603F10803F5D148F2DD63A386DA
:10766000A369002B6FD01B68002B58D1FFF74CFF8C
:10767000002100F0D7FB0028C6D1A368D9680B7E93
:10768000FF2B04D14B7E03F00F03012B4FD08B68EF
:107690003BB9CB682BB90B691BB94B69B3F1807F40
:1076A0009ED062697AB394F83730C3F3C203022BD9
:1076B00029D1A368DB681B7EFF2B24D192F8AF3061
:1076C0000BB300220023204611F097FF0546D0B1EE
:1076D000A069002840D00368002BC7D0A8611B7C9C
:1076E00085F8243085F82C3095F8381021F00A01FF
:1076F00041F00A0185F83810294610F039F910B127
:10770000284611F03CFD3A4633462146A06910F068
:10771000D8FE02287FF459AF6FF0040035E71A69EC
:1077200062625A69A2621A69E2625A69226394F833
:107730003830204623F00A0343F00A0384F8383037
:1077400010F0D5F841E708490848B4220FF06CF969
:10775000B42105480FF05FF9A861C5E76FF03C0060
:1077600013E76FF0150010E7C55202086A430208DC
:1077700008B568B1036853B90649074840F2324278
:107780000FF052F940F2324102480FF044F95868C4
:1077900008BD00BF965202086A43020808B568B1E6
:1077A000006850B90649074840F21A520FF03CF9F8
:1077B00040F21A5102480FF02EF9103008BD00BFF8
:1077C000965202086A43020808B568B1036853B9C3
:1077D000064907484FF48C620FF026F94FF48C618C
:1077E00002480FF018F9186808BD00BF9652020849
:1077F0006A43020808B590B1036853B908490948BB
:1078000040F2B5320FF010F940F2B53104480FF0F4
:1078100002F90C33D3E8AF0F084100F0010008BDB6
:10782000965202086A43020808B5B8B1036853B912
:107830000B490C4840F267320FF0F6F840F267311E
:1078400007480FF0E8F801220C3302FA01F1D3E8FF
:10785000EF0F0843C3E8E20F002AF8D108BD00BFCC
:10786000965202086A43020808B5C0B1036853B9CA
:107870000B490C4840F28D320FF0D6F840F28D31B2
:1078800007480FF0C8F8012202FA01F1C9430C338E
:10789000D3E8EF0F0840C3E8E20F002AF8D108BD93
:1078A000965202086A43020810B550B909490A48BD
:1078B00040F233320FF0B8F840F2333105480FF0A0
:1078C000AAF84FF0FF32BDE810404FF0FF331430FC
:1078D00010F0F5B8965202086A43020838B54FF026
:1078E000FF324FF0FF3305461D4810F0E8F81D4BFE
:1078F0001B687BB11A684FF0FF344FF47A705BB9A4
:10790000631C1BD1184808F0ADFFBDE8384014488F
:1079100010F0D7B81A46EEE7D9691B8C491B00FB5B
:107920000313002B09DD9C4228BF1C461AB11168C5
:1079300013460A46E3E71146FAE700244FF40045F0
:1079400040F2E73000214FF47A720023E4FB050196
:10795000F8F70EFC02460B46034808F07DFFD4E71B
:1079600034120020882600205019002008B550B994
:107970000749084840F23A320FF056F840F23A31DF
:1079800003480FF048F81430BDE8084010F099B8EB
:10799000965202086A43020838B505464FF0FF3296
:1079A0004FF0FF330E4810F08AF895F8224014F09B
:1079B00001040FD029460B4810F015F818B110F04B
:1079C0004FF9FFF78BFF012495F8223023F00103D4
:1079D00085F82230024810F074F8204638BD00BF08
:1079E0003412002088260020F8B510F039F94FF045
:1079F000FF324FF0FF3306461B4810F060F81B4A79
:107A000013682BB100244FF47A7C274619683BB9E0
:107A10003046FFF763FFBDE8F840134810F051B857
:107A2000DD69188CAD1B0CFB0055002D05DD1C46D7
:107A3000C1B108680B460146E9E7186864B95568A2
:107A40001060AB4200D1506093F822001F6067F3D2
:107A5000000083F82200EBE720605068834208BFF3
:107A60005460F1E70846E5E734120020882600203C
:107A7000002808DD431E054800EB8310044B9842A4
:107A800028BF002070470020704700BF1813002057
:107A900018130020F7B510F0E3F800232A4F0193E4
:107AA00006464FF0FF324FF0FF33284810F007F83A
:107AB0003C68ECB1234653F82C2902B12C3A00243F
:107AC000C6F16406A3B15D6B3544002D23DD40F2A1
:107AD000E73000214FF400464FF47A720023E5FBB3
:107AE0000601F8F745FB02460B46194808F0B4FEBC
:107AF00016480FF0E6FF24B301252C3C94F83C0017
:107B000084F82950FFF7B4FF211D12F060FAE46AEF
:107B1000BCB12C3CF2E7786803F12C01DB6A8142AE
:107B2000684600943B6008BF7B600FF052FF009CEA
:107B30002AB1D16A01B12C3913460A46C2E711466F
:107B4000FAE703B0F0BD00BF702600203412002019
:107B5000C0180020054B064A934205D0054A10681C
:107B6000002808BF184670470020704718130020EF
:107B700018130020B4260020F8B54FF0FF33054657
:107B8000174610484FF0FF320E460FF098FF0E4B8D
:107B90001B680BB11C6823B90A48BDE8F8400FF018
:107BA00090BF5A68AA4200D022B93A4631462846C8
:107BB0009B6898471CB1226823461446EBE722468F
:107BC000FAE700BF34120020AC22002038B504468A
:107BD0000D46FFF769FE07212046FFF70BFE18B39D
:107BE00063683BB105B12B6000252046FFF7BEFE60
:107BF000284638BD4FF0FF324FF0FF330C480FF0EE
:107C00005EFF0C4BD3F8A82342B96360C3F8A843C6
:107C100005B12B6006480FF054FFE5E704480FF06C
:107C200050FF6FF00205E0E76FF08505DDE700BF6C
:107C300034120020BC22002070B50446FFF734FE49
:107C40000B212046FFF7D6FD58BB65684DB3204693
:107C5000FFF78CFE204612F09CFD38BB10F000F8B8
:107C60004FF0FF334FF0FF32C5F8A00310480FF07C
:107C700026FF05F567710F480FF0B5FE0D480FF0B0
:107C8000A8FE0B480FF01DFF0B480AF0C7F9084388
:107C90000CD1BDE870404FF400420023074808F0C3
:107CA000DBBD2046BDE87040FFF760BE70BD00BF81
:107CB0003412002068260020A01800209018002010
:107CC0002DE9F3410FF0CCFF0023404F019306460E
:107CD0004FF0FF324FF0FF333D480FF0F0FE3C68AD
:107CE0004CB12268A4F567730AB1A2F5677200244B
:107CF000C6F57A78DBB936480FF0E3FE002C61D088
:107D0000344DA4F5677494F8A43333480133DBB2DF
:107D100084F8A433A84249D93049314840F2DC62A2
:107D20000EF082FE40F2DC612C480EF074FED3F8B7
:107D3000A05308EB0501002909DDAD1B15F57A7F7D
:107D40001ED100221346274808F086FDD3E7786845
:107D500003F56771D3F89C338142684600943B6019
:107D600008BF7B600FF035FE009C3AB1D2F89C133F
:107D700009B1A1F5677113460A46BBE71146FAE758
:107D800040F2E73000214FF4004605F57A754FF4D4
:107D90007A720023E5FB0601F8F7EAF902460B4682
:107DA000D1E74268A24208D04030B3E7F9D3D4F813
:107DB0009C433CB1A4F56774A5E7022BF7D8FFF705
:107DC0003BFFF4E702B0BDE8F08100BF6826002069
:107DD000341200201813002018130020F15202085A
:107DE0006A4302089018002038B50446FFF75CFD8E
:107DF000656875B14FF0FF324FF0FF3307480FF061
:107E00005EFE074805F567710FF0EDFD03480FF0C2
:107E100058FE2046BDE83840FFF7A8BD34120020C8
:107E2000682600202DE9F84F80460E464FF0000AE4
:107E3000224CDFF894B05C4531D92149214840F605
:107E400008020EF0F1FD40F608011D480EF0E3FDBA
:107E5000002709F1040509EB871393F83D309B07D0
:107E600017D535F8043C022B13D180222946404611
:107E70000FF0DFFD68B106B134602046A5F1040AB9
:107E80000FF00EFE28B12046FFF770FD5046BDE80A
:107E9000F88F0137062F05F14005DCD108E0F5D257
:107EA0002046FFF701FDD4F80490B9F1000FCFD1BF
:107EB0002046FFF75BFD4034BDE700BF18130020EC
:107EC000F15202086A4302081813002038B54FF037
:107ED000FF3204464FF0FF330F480D460FF0EFFD21
:107EE0000123183463740D4821460FF07CFD0B48C4
:107EF0000FF06FFD0FF0B4FE29460246204610F049
:107F0000AEFC00230022064808F0A6FCBDE838407D
:107F100001480FF0D6BD00BF34120020802600209B
:107F2000201900202DE9F04781468846254CDFF8CE
:107F3000A0A0544543D92449244840F653220EF0CA
:107F400073FD40F6532120480EF065FDB8F1000F97
:107F500004D0D8F800300BB1A34207D12046FFF778
:107F6000A3FC656825B92046FFF700FD4034E0E733
:107F7000002605F5C27705EB461393F89C31DB0725
:107F800017D537F8043C022B13D1802239464846D6
:107F90000FF04FFD68B1B8F1000F01D0C8F80040F4
:107FA0000C36204605EB4615FFF7E0FC2846BDE8F9
:107FB000F08701360E2E07F12007DCD1D3E7C5D3B9
:107FC0000025F3E718130020F15202086A43020863
:107FD000181300202DE9F84F0026804689463446C4
:107FE000294DDFF8B0B05D4541D92849284840F611
:107FF00097420EF019FD40F6974124480EF00BFD14
:10800000B8F1000F04D0D8F800300BB1AB4207D163
:108010002846FFF749FC6F6827B92846FFF7A6FCFA
:108020004035E0E797F865339A070DD597F864A3D4
:10803000564509D25246494607F554700FF0F9FCEF
:1080400000281CBF56462C4697F88D339B07E4D575
:1080500097F88CA3B245E0D95246494607F55E70C1
:108060000FF0E7FC00281CBF56462C46D5E7C7D3C7
:108070003CB1B8F1000F01D0C8F800400120BDE8C4
:10808000F88F2046FBE700BF18130020F1520208CA
:108090006A4302081813002038B54B1C04460D46ED
:1080A0001ED04FF0FF334FF0FF320E480FF007FDA8
:1080B00021460D480FF097FC0B480FF08AFC0FF09B
:1080C000CFFD29460246204610F0C9FB00230022BE
:1080D000064808F0C1FBBDE8384002480FF0F1BC8B
:1080E00038BD00BF3412002078260020F018002090
:1080F00010B590F8253004469B0714D54FF0FF3299
:108100004FF0FF3308480FF0DAFC214607480FF024
:108110006AFC00222046114610F0A1FBBDE8104089
:1081200001480FF0CEBC10BD34120020782600208C
:1081300070B5104C4FF0FF324FF0FF3306460E483B
:108140000D460FF0BCFC94F82230A18813F0010317
:10815000A26909D0022907D1964205D1294604F126
:1081600008000FF088FC00B9002403480FF0A9FCB8
:10817000204670BD902600203412002038B5104CE7
:108180004FF0FF324FF0FF3305460E480FF097FCDB
:1081900094F82230A088C3F3400213F00103A169D0
:1081A00005D052B1022802D115B18D4200D0002471
:1081B00004480FF086FC204638BD1446F8E700BF9F
:1081C00090260020341200202DE9F041234F8046F4
:1081D00014461E464FF0FF324FF0FF3320480D4645
:1081E0000FF06DFC97F8223013F0010133D1022219
:1081F000BA80620042F0010202F0030223F003039E
:10820000C7F818801A4306B361F3820287F8222068
:108210003E840FF025FD3946F86112480FF0D9FB76
:10822000F869FFF75BFB104A05F110041346286854
:108230006968083503C3A5421A46F7D1074C0848B8
:108240000FF03FFC2046BDE8F08142F0040287F8C1
:1082500022203E84E7E70024F1E700BF90260020BB
:1082600034120020882600209826002000232DE9C3
:10827000F04385B0044617460D468DF80F300029AF
:1082800000F0818080B948F2FE030A889A420BD040
:108290000B78FF2B04D14B7803F00F03022B03D094
:1082A00028460FF08EFF044648F2FE032A889A42C1
:1082B0003FD02B78FF2B04D16B7803F00F03022BF8
:1082C00037D0294620460FF00FFF60B190F8248088
:1082D0002CB342462946204600970DF10F030FF0BC
:1082E000F2FB044620E04FF08008F1E730464246BA
:1082F000294600970DF10F030FF0E5FB002818BF8A
:10830000044640364E450ED9204940F6E7622048E3
:108310000EF08AFB40F6E7611C480EF07CFB1D4E18
:10832000DFF87490EEE7E1D344B3204605B0BDE832
:10833000F08324B1012120460FF021FED1E7FFF7A1
:1083400009FC01210FF01BFE04460028EDD1114D60
:10835000114EB54211D90D494FF470620C480EF020
:1083600063FB4FF47061D7E7012128460FF007FE49
:1083700004460028D9D14035EBE7F5D305B0BDE878
:10838000F04300F0B3BD0C46CFE700BFF152020846
:108390006A43020818130020181300202DE9F04149
:1083A0001E46002386B0019301AB0546884617465A
:1083B0000FF063FC0446A0B100F11402D2E8AF3F15
:1083C0007BB1581ED2E8EF1F994204D1C2E8EC0FEE
:1083D000BCF1000FF6D1F1D1012B07DD1EB13460E5
:1083E00001E06FF0150006B0BDE8F08194F83D3073
:1083F000B8F1020F23F0020384F83D305DD1002F65
:108400005BD02846019FFFF74FFA6B68002B51D0D5
:1084100094F83D30DB0714D4294E4FF0FF334FF072
:10842000FF3228480FF04BFB304604F118010FF0E3
:10843000DAFA336813B9244808F014FA21480FF027
:1084400040FB0B212846FFF7D5F998B91D484FF09E
:10845000FF324FF0FF330FF032FB1C4804F12C01C8
:108460000FF0C1FA18B12846211D11F0B0FD1548D2
:108470000FF027FB012F1DD140F2FF2302930023B1
:10848000ADF80C30ADF80E30ADF810304FF480730D
:10849000ADF81230FF238DF81430637CE27C8DF848
:1084A0001530A37C43EA0223ADF81630284602A912
:1084B0000FF07EFC2846FFF759FA002093E700BF33
:1084C0008026002034120020201900207026002071
:1084D0002DE9FF410FF0C4FB0023804603934FF0CA
:1084E000FF324FF0FF332E480FF0E9FA2D4B1D6895
:1084F000BDB12E6800244FF0FF37CDB1414628466C
:1085000010F0E5F978B9294626480FF06CFA02A870
:1085100002940FF05EFA029C26B3336835461E467D
:10852000EBE72E46E6E7874228BF0746B542F3D180
:108530007B1C10D040F2E73000214FF400454FF48F
:108540007A720023E7FB0501F7F712FE02460B469D
:10855000154808F081F912480FF0B3FA24B904B0B5
:10856000BDE8F0813346D9E7206AFFF79DF994F81A
:108570002530206A23F0020384F8253001A9FFF793
:1085800025FB50B9206A94F82430019904F11002B7
:108590000FF015FF206AFFF7E9F92468DEE700BF56
:1085A0003412002078260020F01800202DE9F04732
:1085B0000FF056FB4FF0FF3307464FF0FF323348C2
:1085C0000FF07DFA324B1C6825461CB155F818494E
:1085D00004B1183C4FF0FF36DFF8C880002D3AD0C8
:1085E00005F1180A3946504610F071F9814668BB0A
:1085F000514627480FF0F7F950464A46494610F0D1
:108600002EF92448404510D92349244840F2B67237
:108610000EF00AFA40F2B6711F480EF0FCF9403332
:10862000B3F5C07F04D14030ECE708D200234168A5
:10863000CA189542F3D1043319440FF089FE14B3DC
:10864000A36903B1183B25461C46C7E7864228BFED
:108650000646AC42F3D1731C10D040F2E730002143
:108660004FF400444FF47A720023E6FB0401F7F75D
:108670007FFD02460B460A4808F0EEF8BDE8F047D9
:1086800002480FF01EBA2346DDE700BF3412002077
:108690008026002018130020F15202086A430208C5
:1086A000201900201813002070B504460D46FFF76E
:1086B0005FF850B90849094841F68E020EF0B4F946
:1086C00041F68E0104480EF0A6F9294603682046BB
:1086D000BDE87040184700BFF15202086A43020823
:1086E000F8B54FF0FF33054617460E484FF0FF32FE
:1086F0000E460FF0E4F90C4B1B680BB11C6823B954
:108700000848BDE8F8400FF0DCB93A463146284643
:108710005B6898471CB1226823461446EFE722465F
:10872000FAE700BF34120020B42200200023F7B57E
:10873000CDE900333C4B04461B680D4653B195F818
:108740002D202E31062A65D80DF102008DF801206A
:1087500019F068F9092120466F69FFF74BF80028E6
:108760005ED054B9314932484FF451720EF05CF981
:108770004FF451712D480EF04EF90D212046FFF7B0
:1087800039F838B94FF0FF324FF0FF3304F12800C9
:108790000FF095F92046FEF7EBFF29464368204687
:1087A00098470D2106462046FFF724F818B904F132
:1087B00028000FF086F9002E1FDA0FF051FA1D4B3A
:1087C000D3E8AF2F41F28731A0EB020C8C4523D9BF
:1087D000D3E8EF1F914204D1C3E8EC0FBCF1000FC6
:1087E000F6D119D10022144BD3E8EF1FC3E8E02FD4
:1087F0000028F9D1284610F0C2FC1FB13146384696
:108800000FF00CF99DF8013023B13246694620463D
:10881000FFF766FF03B0F0BD07480FF019FAE9E76C
:108820006FF07206E6E700BFB422002096520208FD
:108830006A430208A8220020A4220020064B984286
:1088400006D3064A904203D2C01A80110130704705
:108850004FF0FF30704700BF18130020181300209E
:10886000002370B581F8293005460C460FF018F941
:1088700068B30123214684F83830284611F00CFFF4
:108880000FF0EEF960632846FFF7D8FF4FF0FF3393
:108890004FF0FF3284F83C000D480FF010F904F15E
:1088A0002C010C480FF09FF80A480FF092F8084886
:1088B0000FF007F9084809F0B1FB084307D1BDE8FC
:1088C000704040F6CD420023044807F0C5BF70BD9C
:1088D0003412002070260020D0180020C01800207C
:1088E000F7B50368002104469E7EFEF783FF68B952
:1088F00002252368C3B98F498F4840F2C9320EF070
:1089000093F840F2C9318B480EF085F809212046D2
:10891000FEF770FF0028EBD00A212046FEF76AFF21
:10892000C0F10605EDB2E4E720469D76FEF7BCFFF8
:10893000276814F012F94FF47A72A0FB020302FBCD
:108940000131C00B40EA4140C90BC7E9080120468C
:10895000FFF70CF823689B7EAB4240F0E880062DC1
:108960007BD1062E00F0E3802046FEF717FF08B10A
:1089700043784BB97149704841F629120EF054F80A
:1089800041F629116D48BFE708212046FEF74CFF4C
:108990002046FEF7EBFF20460FF075F8030756D48C
:1089A0002046FEF781FF07212046FEF723FFA0B3F4
:1089B000204601A9FFF70AF978BB0C212046FEF7F3
:1089C00019FF50BB00210D460A46019800F5CC73F3
:1089D00000EB421696F89C61F70704D5B60702D45F
:1089E0001D60C1B11D4601320E2A03F12003EFD1F3
:1089F0002046FEF7BBFF95B1294651F8185905B13D
:108A0000183D204611F0AAFF4DB1AB6903B1183BE8
:108A100029461D46F5E71946E4E70025E8E7204624
:108A20000FF031F8C50702D520460FF00FFA0721E5
:108A30002046FEF7DFFE50B10B212046FEF7DAFE9E
:108A400028B920460FF090FE2046FFF7F5F82046A3
:108A500003B0BDE8F040FEF727BF062E67D108211E
:108A60002046FEF701FF2046FEF780FF20460FF06C
:108A70000AF80007EBD407212046FEF7BBFE68B1D9
:108A80000B212046FEF7B6FE054638B92046FEF714
:108A90000BFF676820464FBBFEF768FF2046FEF7D6
:108AA00003FF07212046FEF7A5FED8B10C21204682
:108AB000FEF7A0FEB0B9204601A9FFF787F80546EA
:108AC00080B901996B0101EB451292F89C21D20704
:108AD00005D503F5C073204619440FF02EFA013571
:108AE0000E2DEED12046FEF741FFB0E7FFF77CF9EF
:108AF0003E1D07EB851393F83D3099070BD536F8EB
:108B0000043C022B07D196F82430012B03D13146C7
:108B100020460FF01DFC0135062D06F14006E8D178
:108B20002046FEF723FF204602F01EFDB6E703B005
:108B3000F0BD00BF965202086A430208F1520208D3
:108B400038B50546FEF7B0FE00212846FEF752FE76
:108B500048BB2846FEF738FE50B91649164841F67C
:108B6000D2120DF061FF41F6D21112480DF053FF01
:108B700013F0CAFED0B12846FEF7FAFD044630B124
:108B8000846824B101212846A047041E06DB28463C
:108B90000021FEF749FE2846FFF7A2FE2846FEF711
:108BA000E5FE204638BD6FF07704F7E76FF0050467
:108BB000F4E700BFF15202086A4302082DE9F843C6
:108BC0000C46054668B361B30846F7F7F5FA08287E
:108BD000064629D8174FDFF8688000F1010947459C
:108BE00015D91549154841F6BB320DF01DFF41F668
:108BF000BB3111480DF00FFFAF4206D04A46214667
:108C000007F1080018F049FF88B14037E7E7F3D3D0
:108C10002146721C05F1080018F004FF0020BDE891
:108C2000F8836FF01500FAE76FF05A00F7E76FF07E
:108C30007700F4E718130020F15202086A43020893
:108C40001813002070B5054618B3134C134EB442E8
:108C50001BD91349134841F6D7320DF0E5FE41F612
:108C6000D7310F480DF0D7FE2846F7F7A5FA294669
:108C7000024604F1080018F02DFF20B92046BDE897
:108C80007040FFF7DBBD4034E1E7EDD36FF001004A
:108C900070BD6FF01500FBE71813002018130020BB
:108CA000F15202086A4302082DE9F043524C4FF09A
:108CB000FF324FF0FF33514885B00EF000FF002522
:108CC00010F009FDA1464E4EDFF87C81B44247D931
:108CD0004C4941F62A424C480DF0A6FE41F62A4185
:108CE0000CE02046FEF770FD074650B945494FF4A9
:108CF000E27245480DF098FE4FF4E27141480DF0E4
:108D00008AFE13F001FEC0B1BF68B7B13B68A3B1E2
:108D100007212046FEF788FD04F1140013F03CFE05
:108D200004F1280013F038FE3B682046984794F879
:108D30003C3023F0030384F83C30237A6BB9D8F835
:108D4000003009215A1CC8F8002001A82F4A0BF056
:108D50001DFE204601A9FFF731FF01354034B5E77C
:108D6000BFD3002D41D0A6EB0906B5EB961F08D066
:108D7000244941F6484224480DF056FE41F6484148
:108D8000BCE700242249234807F0D2FC224B2349A8
:108D90002348C3E9004407F0CBFC224B2249234877
:108DA000C3E9004407F0C4FC2149224807F0C0FC95
:108DB0004023214D85F8A533012385F8A63347F2DA
:108DC00030532846C5F89033C5F898430FF09EFA03
:108DD0001A49C5F894031A48C5F8A04385F8A44376
:108DE00007F0A6FC174BC3E90044044805B0BDE8F2
:108DF000F0430EF066BE00BF1813002034120020AE
:108E000018130020F15202086A4302081B5302089B
:108E1000957A0008C018002070260020C17C000848
:108E20009018002068260020AD8500082019002039
:108E3000D1840008F0180020BC220020E979000845
:108E40005019002088260020A022002038B50D4CA3
:108E50000D4DAC4214D90D490D484FF4E3520DF0BD
:108E6000E3FD4FF4E35109480DF0D5FD0321204601
:108E7000FEF7C0FC10B92046FFF762FE4034E8E779
:108E8000F4D338BD1813002018130020F152020843
:108E90006A4302082DE9F04117460546F8B1022958
:108EA00002D0082918BF062138464FF03A08DCB234
:108EB0006E185CB115F8011B012341220FF035FD3E
:108EC000033CB54200F8018BE4B2F2D187424FF087
:108ED000000306D000F8013C3846BDE8F0810248A6
:108EE000FBE71846F9E700BF3E5302080048704709
:108EF000EC3502082DE9F34107468846164602255F
:108F00004FF0FF334FF0FF32164806F0BBFB164B15
:108F10001C6834B9134806F0BDFC284602B0BDE811
:108F2000F081B8F80420237C9A4218D1627C33780F
:108F30009A4214D1A37C72789A4200D07BB9A3687C
:108F400013B1BA6993420AD1E36842460093656857
:108F5000334639462046A84701280546DAD1246819
:108F6000D7E700BF48120020B82600202DE9F041C5
:108F7000DDF818800D4617461E46044610B3B8F1BA
:108F8000000F1FD04B1E012B1CD81422002118F0FB
:108F90006FFDC4F8048025746774A6744FF0FF3227
:108FA0004FF0FF33094806F06DFB094B1A68226049
:108FB0005A681C6002B95C60044806F06BFC002033
:108FC000BDE8F0816FF01500FAE700BF48120020FD
:108FD000B826002008B550B90749084840F21222C7
:108FE0000DF022FD40F2122103480DF014FDB0F8FF
:108FF000B40000F0010008BD295202086A430208CB
:1090000008B550B9074908484FF408720DF00CFD37
:109010004FF4087103480DF0FEFC90F8B500C0F362
:10902000400008BD295202086A43020808B550B939
:109030000749084840F22F220DF0F6FC40F22F219C
:1090400003480DF0E8FC90F8B500C0F3800008BDBF
:10905000295202086A430208F8B50C4605461E4626
:1090600011469DF818707AB9FFF7E0FF50B91D4915
:109070001D4840F25F520DF0D7FC40F25F51194895
:109080000DF0C9FC05F1240108460FF096FD10B95A
:109090000B78FF2B06D13146B5F8AC20A069FFF75D
:1090A000E5F8014695F8A83094F840009B0863F372
:1090B000050084F8400095F8A830324663F3871025
:1090C00084F8400095F8A83020465B0984F84130C8
:1090D00094F8423067F3000384F84230BDE8F8406A
:1090E00010F0D0BD485302086A43020808B550B9D1
:1090F0000749084840F297220DF096FC40F297216C
:1091000003480DF088FCB0F8B400C0F3811008BD2E
:10911000295202086A43020808B550B907490848AD
:1091200040F247220DF080FC40F2472103480DF049
:1091300072FCB0F8B400C0F3410008BD2952020827
:109140006A43020808B550B9074908484FF41B7232
:109150000DF06AFC4FF41B7103480DF05CFCB0F895
:10916000B400C0F3C20008BD295202086A430208D5
:1091700008B568B1036853B90649074840F2C652BA
:109180000DF052FC40F2C65102480DF044FC188B21
:1091900008BD00BF965202086A43020808B550B9DC
:1091A0000849094840F212320DF03EFC40F21231FB
:1091B00004480DF030FC90F9B600BDE808400FF00F
:1091C0000CBD00BF295202086A43020810B50446CC
:1091D000084654B90C4940F222320C480DF024FCE8
:1091E00040F2223108480DF016FC41B9064940F220
:1091F000233206480DF018FC40F22331F2E7FFF766
:109200001DFB84F8B60010BD295202086A4302080B
:1092100008B590B1036853B90849094840F2B5321E
:109220000DF002FC40F2B53104480DF0F4FB0C33B4
:10923000D3E8AF0F084100F0010008BD96520208C4
:109240006A4302082DE9F743846B0D46174698469A
:109250008CB1B4F8B430DB070DD5236D98420AD138
:109260008B699BB91F4940F656721F480DF0DCFB15
:1092700040F6567107E01B4940F655721A480DF04A
:10928000D3FB40F6557117480DF0C5FB04F10C06F1
:109290004FF0FF334FF0FF3230460FF0A0FC204676
:1092A000A969FFF793FF6C61636D33B930460FF026
:1092B00098FC022003B0BDE8F08304F1600006F0E2
:1092C00053FE304600260FF08CFC0A9B009601935B
:1092D000204643463A462946D4F85490C84730467B
:1092E000E8E700BF485302086A4302082DE9F74F38
:1092F00004460D4693461F46324E9DF834309DF885
:109300003890009306F58D68B6F8B420D30706D4DC
:10931000BC364645F8D1002003B0BDE8F08F0CB153
:10932000B442F5D0B6F8B2205A45F1D1728CBA42A7
:10933000EED13046FFF764FE70BB0C9B1A88022A00
:10934000E6D13046FFF772FE0028E1D0328C022AC7
:10935000DED106F1240A50460FF02FFC024638B940
:109360000C9B0190191D08460FF027FC019AD8B1FB
:10937000B9F1000F03D096F8AA100029C8D1009BBC
:109380003BB1002AC4D00C9B181D0FF016FC00281E
:10939000BED06FF01000BFE7002DCED03046FFF7F3
:1093A000FDFE8542B4D1C8E71022504618F075FB87
:1093B0000028ADD1B9F1000FEBD096F8AA20002A11
:1093C000A6D1E6E7C026002002282DE9F84F9846EE
:1093D00005D860B96FF069042046BDE8F88F0338FE
:1093E000012894BF6FF05F046FF06904F4E701286F
:1093F00000F09680012900F09680062A00F0968001
:10940000022906D0032914BF6FF06A046FF07A04B2
:10941000E2E7112A40F08A80002B00F08A804FF0AA
:10942000FF334FF0FF32464806F0F4FD454B00266F
:109430001F46B3F8B44014F0010411D00136062ED3
:1094400003F1BC03F5D16FF001043D4806F08CFD3B
:10945000002CC1D014F1700F6ED1FEF77BFBBBE77F
:10946000BC225643BD192146284618F001FBFEF7E1
:1094700071FBFF234FF0010985F8B630324BA5F898
:10948000B4403344D3E8EF2FC3E8E19F0029F9D17A
:10949000B5F8B43006F1200B43F09003A5F8B430D2
:1094A0001123A5F8B2304FF4807306F1380007EBB2
:1094B0000B0A182221463844A5F8AC3018F0D8FA27
:1094C000162221460AF1020018F0D2FA0223514670
:1094D000284627F80B300FF086FBAAF80200E0B10F
:1094E000402385F8B89085F8B73085F8AF9006F13D
:1094F00060004FF0FF324946384413F06EFA06F12F
:109500000C00384413F048FAB5F8B43043EA0903C4
:10951000A5F8B430C8F8005097E76FF06F0494E7EF
:109520006FF05F0458E76FF06A0455E76FF07A0454
:1095300052E76FF015044FE76FF001044CE700BFEE
:1095400098120020C0260020C826002070B50446CE
:1095500050B91549154840F2E1220DF065FA40F284
:10956000E12111480DF057FA114B984218D303F539
:109570008D63984214D2002500F10C064FF0FF32A3
:109580004FF0FF3330460FF02AFB3046C4E9155543
:10959000E5650FF026FB20460FF058FB284670BD0E
:1095A0006FF01500FBE700BF485302086A4302084A
:1095B000C0260020F0B5054614460E468BB051B9C2
:1095C000674940F2923267480DF02EFA40F292312C
:1095D00063480DF020FA00283AD0634B984237D305
:1095E00003F58D63984233D2FFF780FD012803D144
:1095F0002B6D002B40F0AD803388022B40F0AC8007
:109600000023172C059340F2A7802846FFF7F8FCAB
:1096100018B12846FFF7C2FD0590344614F8043F00
:10962000FF2B1ED12846FFF761FD022805D195F8D2
:10963000AE0010B10FF0D1FA0590204605A90EF04A
:109640007AFC00287AD16FF0010420460BB0F0BDFF
:10965000434940F2933243480DF0E6F940F293312A
:10966000B6E720460FF0A9FA059B002851D023B990
:1096700005F13C000EF047FE0590FFF737FC04466D
:10968000059B002B62D005F10C074FF0FF324FF025
:10969000FF3338460FF0A3FA28460599FFF796FDE9
:1096A00002232B84234606AC224603F1100EA44667
:1096B000186859680833ACE8030073456446F6D16E
:1096C00005F12404134603CB61600AA98B42206094
:1096D0001A4604F10804F5D1B5F8B43043F48063B8
:1096E000A5F8B43073885BB395F8AA202846029297
:1096F00095F8A9200599CDE9006295F8B220FFF709
:10970000F5FD00BB73886B84002438460FF069FABE
:109710009BE748F2FE02B188914204D11BB9307D2B
:109720000FF05BFA0590059818B121460EF03EFB4C
:1097300087E7204605A90EF00FFB82E7041D9FE78F
:109740006B8C7380E0E76FF06F04DEE76FF07C04F2
:109750007BE76FF07E0478E76FF0150475E700BFD4
:10976000485302086A430208C02600202DE9F04F42
:109770001F46834B85B0984204468B4690460E9D0B
:109780009DF84C600CD303F58D63984208D2FFF727
:1097900021FC80B96FF00808404605B0BDE8F08FA5
:1097A0007849794840F643320DF03EF940F64331AE
:1097B00074480DF030F93EB135B93FB9BBF1000F37
:1097C00013D16FF07808E7E7002FFAD00026204683
:1097D000FFF7B8FC022805D116B137683FB17568AC
:1097E000172D06D86FF01508D6E75E46EFE704F1AF
:1097F00038073B1D184603930FF0DFF90546002894
:10980000DFD12046FFF772FC022894F8B0A00DD0FB
:1098100004F13C000FF0D1F938B32046FFF7F0FB1C
:1098200018BB381D0EF06FFD014618E03B79FF2B89
:1098300005D194F8AE0008B10FF0CFF9054648F213
:10984000FE03BA889A420ED12046FFF7D9FB50B9E1
:10985000387D40B10FF0C1F901460028D8D020462C
:10986000FFF7B4FC01E0002DD2D036B1B8F1000F03
:1098700003D14346F1688B421ED12046FFF78EFC90
:10988000054600BB0F9B2046A365129B6360B4F89E
:10989000B2300293FFF782FC4FF400420023CDE97F
:1098A00000234146022294F8B23000F023FE054620
:1098B000B8B96FF068086FE7B26802EBC30252688C
:1098C00001339044D7E70021FFF7A2FC10B96FF0F5
:1098D000720861E708212846FFF79AFC0028D1D1D9
:1098E000F5E79DF8081044610FF0CDFC4045814636
:1098F00014D3C146002E5ED03369002B5BD0726951
:10990000002A58D00F2A39D870690F2803D9336933
:109910001844002B3AD194F8B0A046E02046FFF757
:10992000E5FB0238C0B20128E4D86FF00B086FE005
:10993000012906D1142804D1596811B9996802295E
:10994000E2D0073020F00701103119449142DBD8F2
:1099500020F00700034495F837101868C1F3C201DE
:109960000229E5D11428ECD159682929E9D199684F
:109970003429E6D11B7C85F83930C5E71A44EAE77B
:10998000C0260020485302086A4302081A68142AB5
:1099900042D1596829293FD199683E293CD11B6998
:1099A000B3F1000A18BF4FF0010A95F842306AF38C
:1099B000000385F84230029B112B40F089807F889C
:1099C000002229462046039BCDF800A0FFF744FB68
:1099D000B0F100081CDB20460FF067F98046B8B9EB
:1099E00095F842303A466AF3000385F8423028463B
:1099F000618C11F02FF8804638B94F4666BB4A4655
:109A0000594628460FF019FE8046B8F1000F26DAB5
:109A100028460FF0B4FBBFE6073222F007011031F1
:109A2000194481423FF677AF22F00702134470E7F2
:109A3000B368284603EBC802526853F83810BA429C
:109A400028BF3A4692460FF0F8FD002843DBB7EBFB
:109A50000A0704D008F10108F3689845E8D32846BE
:109A60000FF04FFC284694F8B21010F070F995F8FA
:109A70004230DB0713D595F83730C3F3C203012B0F
:109A800017D1A869FFF774FBB0F5107F38BF4FF40A
:109A900010700022AB6880B2B3B990421DD3DDE9EB
:109AA00010232846FDF75AFDB0F10008B0DBC84688
:109AB00072E6022BF3D1A869FFF75AFBB0F5A06F4D
:109AC00038BF4FF4A060E4E7198A5B680A44E3E713
:109AD0006FF07A089CE780469AE76FF0790897E77D
:109AE00010B5044660B1134B984209D303F58D635A
:109AF000984205D2FFF76EFA68B96FF0080010BD02
:109B00000D490E4840F20A520CF08EFF40F20A5105
:109B100009480CF080FF0C344FF0FF324FF0FF3358
:109B200020460FF05CF820460FF05BF86FF05E0007
:109B3000E5E700BFC0260020485302086A43020838
:109B40002DE9F047044692461E460D4651B9554947
:109B500040F29F5254480CF067FF40F29F51514829
:109B60000CF059FFC0B1514B984215D303F58D63EA
:109B7000984211D200F10C074FF0FF324FF0FF3343
:109B800038460FF02CF82046FFF7C6FA0128814628
:109B90000BD16FF0770524E042494FF4B46242489C
:109BA0000CF042FF4FF4B461D9E72046FFF712FAF8
:109BB000002868D0B5F80080B8F1000F17D1204612
:109BC000FFF794FA022812D1B4F8B430182223F423
:109BD00080734146A4F8B43004F1380017F048FF10
:109BE000002538460EF0FDFF2846BDE8F0872046E8
:109BF000FFF7A8FA80454CD1B9F1030F46D0B8F170
:109C0000020F46D1BAF1170F43D9B4F8B230062B80
:109C100003D194F83C30FF2B3ED004F13C000246C7
:109C20002B1D05F1140153F804CB8B4242F804CBF1
:109C3000F9D16B886387022323870EF0BEFFB4F847
:109C4000B420E0B942F480722046A4F8B4200FF0AA
:109C50002CF805460028C4D1022320462384FFF7B0
:109C6000E5F90028FFD02046FFF740FA022816D178
:109C7000002EB5D0002120460A9AB047B0E722F462
:109C8000807292B2E0E76FF00805AAE76FF05E0518
:109C9000A7E76FF01505A4E76FF07C05A1E76FF06B
:109CA00085059EE7485302086A430208C026002043
:109CB00038B5044668B11D4B98420AD303F58D634D
:109CC000984206D2FFF786F970B96FF00804204673
:109CD00038BD174917484FF4CC620CF0A5FE4FF47D
:109CE000CC6113480CF097FE04F10C054FF0FF32E5
:109CF0004FF0FF3328460EF072FF2046FFF70CFAB4
:109D0000032804D02046FFF7F1F901280AD1B4F85E
:109D1000B230062B0CBF6FF07A04002428460EF0F8
:109D200060FFD4E76FF01504F8E700BFC0260020FD
:109D3000485302086A4302082DE9F04F89469046CD
:109D40001F46044695B050B96049614841F22E0261
:109D50000CF06AFE41F22E015C480CF05CFEB0F89B
:109D6000B430DB0740F1AF8000F10C064FF0FF3359
:109D70004FF0FF3230460EF032FF2046FFF7E2F997
:109D8000B4F8B230112B40F09B80182200210EA8AD
:109D900017F06EFE2046FFF7D5F9ADF838002046E3
:109DA0000EF083FF0546002858D12046FFF7CAF978
:109DB00002285AD12046FFF739F9024698B10AAD78
:109DC0002A4604F1240304F1340EAC46186859689D
:109DD0000833ACE8030073456546F6D10FCA0FADF2
:109DE00085E80F000EAA658CADF83A50C4F854907F
:109DF000D4F850906DBAB9F1000F38D0618FB4F833
:109E0000B43049BA89B213F48073ADB2CDE90125FB
:109E1000009148461E9A2F4918BF04F1380300F0FC
:109E200037FD0028054619DB58EA070316D06034D1
:109E3000204606F04FF930460EF0D3FE42463B4630
:109E4000204606F0E7F84FF0FF320B304FF0FF33BB
:109E5000304608BF6FF073050EF0C1FE30460EF0BD
:109E6000C0FE284615B0BDE8F08F2A46BEE7204662
:109E70000992FFF73BF982462046FFF763F9B4F8F1
:109E8000B43004F15001B4F8B2B013F4807F638FA2
:109E900006911E99099A05915BBA0E49C0B218BF86
:109EA00004F138099BB2ADB2CDE90341CDE90135EA
:109EB00000924B4602465146584600F0A9FBB0E7D7
:109EC0006FF06A05CAE76FF00805CAE74853020851
:109ED0006A430208459200082DE9F041884615467C
:109EE0001E46044650B97349734841F239420CF09A
:109EF0009BFD41F239416F480CF08DFD6F4B98424C
:109F0000C0F0D48003F58D63984280F0CF8000F1DB
:109F10000C074FF0FF324FF0FF3338460EF05FFE74
:109F200008F1FF31192900F2B880DFE801F0B3B37E
:109F3000B3B3B3B3B30D3843B3B3B31A34B34EB3FF
:109F40007D59B39DB3B3A8B305B3012E1ED82B78AA
:109F500084F8A830002438460EF043FE2046BDE8C1
:109F6000F081042E286811D1431C0DD194F9B6005C
:109F70000EF033FE68B194F9B6000EF02EFE0EF02E
:109F800059F984F8B800E5E7FF28FAD96FF015040D
:109F9000E1E70120F5E72B6884F8B730DAE7002D18
:109FA000F4D0042EF2D12B68003B18BF012384F8B3
:109FB000A930CFE7002DE9D0042EE7D12B68003B74
:109FC00018BF012384F8AA30C4E7002DDED0042E88
:109FD000DCD12B68B3F5803FD8D2A4F8AC30B9E718
:109FE0002046FFF7AFF80228B4D1042ECED1204688
:109FF0002D68FFF705F880B12046FFF7CFF800285D
:10A00000A8D0036873B92E492B484FF4BB620CF0FB
:10A010000BFD4FF4BB612A486EE704F13C000EF0E3
:10A0200072F9ECE71D8395E72046FFF78BF80228CD
:10A030002D6835D1042EA9D12046FFF757F8022804
:10A04000A4D115B984F8AE5084E76B1EFE2B9DD8C1
:10A0500028460EF0C2FD30B30721FFF7D9F80028DB
:10A06000F0D16FF06A0476E7002D8FD0042E8DD1E9
:10A070002B68003B18BF012384F8AF306AE7002D3E
:10A0800084D0042E82D12B68003B18BF012384F8B2
:10A09000B0305FE76FF085045DE76FF06C045AE75E
:10A0A0006FF0690457E76FF0010454E76FF015048F
:10A0B00054E700BF485302086A430208C026002044
:10A0C000965202082DE9F041884615461E46044680
:10A0D00050B9534953484FF4A6520CF0A5FC4FF425
:10A0E000A6514F480CF097FC4F4B9842C0F095801A
:10A0F00003F58D63984280F0908000F10C074FF0DB
:10A10000FF324FF0FF3338460EF069FD08F1FF31A2
:10A11000192979D8DFE801F0757575757575750DB4
:10A12000252E7575751B227531754F38756F7575D0
:10A13000727594F8A83025B32B700EB101233360EB
:10A14000002438460EF04DFD2046BDE8F08194F81D
:10A15000B8302B60002EF3D00423F0E794F8B7302A
:10A16000F7E794F8A93065B116B13268042A08D12E
:10A170002B60E5E794F8AA30F5E7B4F8AC30002D91
:10A18000E7D16FF01504DCE72046FEF7DBFF8046E1
:10A190002046FEF735FF30B12046FEF7FFFFFEF701
:10A1A000E7FF2860D6E7B8F1020F30D104F13C0098
:10A1B0000EF0A9F8F3E72046FEF7C4FF022826D1E7
:10A1C00094F8AE000028ECD12046FEF719FF78B1D4
:10A1D0002046FEF7E3FF07210446FFF719F8C8B150
:10A1E0002046FEF72BFB0028DBDC6FF00104A8E71C
:10A1F000FDF7B0FCEFE794F8AF30B4E794F8B03077
:10A20000B1E76FF085049CE76FF06C0499E76FF09D
:10A21000690496E76FF06A0493E76FF0150493E71B
:10A22000485302086A430208C026002008B509B94D
:10A23000816108BD0B6853B90849094840F21A52B8
:10A240000CF0F2FB40F21A5104480CF0E4FB81617F
:10A250001B7C80F8243080F82C30EAE79652020804
:10A260006A43020808B5036853B90649064840F234
:10A2700032420CF0D9FB40F2324102480CF0CBFBE9
:10A28000586808BD965202086A430208F8B50546A8
:10A2900030B300272C46A07A6D68FBF785FC04F1EB
:10A2A0000802D2E8EF3F591EC2E8E61F002EF8D19F
:10A2B00013F0FF030AD11549154840F2D5220CF0DE
:10A2C000B3FB40F2D52111480CF0A5FB012B07D1BF
:10A2D000E7606760836A23B120469847002DD9D193
:10A2E000F8BDA07AFBF760FC6169064649B1637A64
:10A2F000DB0704D4C36A20461B689B689847002389
:10A3000063612146304605F0D3FCE7E77753020846
:10A310006A43020873B5044616461D4612F0C7FB91
:10A3200008B1002635462B463246204601A905F0E5
:10A3300097F80546D0B944220146019817F098FBDA
:10A34000FF220123019880F83F20094A03629442CA
:10A35000446005D180F841300EF0D3FF02B070BDEB
:10A36000044B9C4208BF80F84150F5E70020F5E718
:10A37000D4110020B41100202DE9F34DDDE90AAB22
:10A380000446174698460D4629B923B990F8373048
:10A3900013F0380F5AD012F08AFB18B14FF0000AB0
:10A3A0004FF0000B20460EF05CFF94F83720C2F30C
:10A3B000C20200BB0AB3022A0CBF28260026B8F14D
:10A3C000110F10D10836A369A919CBB11B68B3B915
:10A3D0002349244840F2C6520CF026FB40F2C651F5
:10A3E0001F480CF018FBB8F1010F02D0B8F13A0F7A
:10A3F000E9D10436E7E70026E5E71646E3E71B8BDD
:10A40000022A27D1B3F5A06F38BF4FF4A0631B1AFF
:10A41000994228BF19466068134B144D144E3A46B2
:10A42000B04208BF1D46CDE900AB28460EF0C7FE7E
:10A43000014688B120460EF075FF3FB1A06839464D
:10A440000C30FBF7F5FC20460EF05BFF002002B05D
:10A45000BDE8F08D0B46DAE76FF00B00F7E700BFC1
:10A46000965202086A430208E4120020B01200204B
:10A47000D41100202DE9F347DDE90A890446164688
:10A480000D4639B932B990F8373013F0380FC3F3AD
:10A49000C20029D012F00BFB18B14FF000084FF0AA
:10A4A0000009A76957B93346002229462046CDE95D
:10A4B0000A8902B0BDE8F047FFF75EBF62680C4B47
:10A4C0009A42F0D13846FFF7CDFED0F810A0BAF18D
:10A4D000000FE8D033462A4621463846CDE90089A8
:10A4E000D04710F1860FDED002B0BDE8F08700BF84
:10A4F000D411002030B585B00093DDE9084513463E
:10A50000CDE902450A46014602480EF01CFF05B09F
:10A5100030BD00BFD41100204FF4887208B5034B42
:10A5200002FB003005F098FB002008BD80190020D8
:10A53000082828BF0020014B185C704734620208CD
:10A5400010B588B00F4C204612F03AFA4FF0FF32A7
:10A550004FF0FF33CDE9062300230B49CDE9032358
:10A56000CDE901334FF4BC62084B009404F12000A4
:10A5700006F040FB20B108B0BDE8104006F0F6BA86
:10A5800008B010BD8019002000740020B7960108A3
:10A5900008B550B90849094840F212320CF044FAA3
:10A5A00040F2123104480CF036FA90F9B600BDE8DA
:10A5B0000840FDF75DBA00BF295202086A4302084D
:10A5C00002460B46014805F05DB800BF0C120020A2
:10A5D000014805F05FB900BF0C12002010B5044619
:10A5E0004822002117F044FA4FF0FF304FF0FF31BE
:10A5F000FFF7E6FF054B1A6822605A681C6002B933
:10A600005C60BDE81040FFF7E3BF00BF302B0020C7
:10A610002DE9F04F89B01C46BDF84C30159D0293D2
:10A62000BDF8503081469246129E049103937DB34B
:10A630002846FFF7ADFF074628460EF0F8FA0190CE
:10A640004FF0FF304FF0FF31FFF7BAFF704BD3F8F8
:10A6500000B0BBF1000F0AD0039BDBF800805ABAB0
:10A6600093B20593331D0693BBF1000F13D1FFF78F
:10A67000AFFF4FF0FF304FF0FF31FFF7A1FF654B09
:10A680001F68002F73D1FFF7A3FF6FF001044FE0A5
:10A690002F460195D4E7BBF840204A4518D19BF8D6
:10A6A0004320524514D19BF8442002F00401BEB16E
:10A6B000079269B1318802290AD1BBF81C1002291E
:10A6C00006D106980BF120010FF016F8079A48B949
:10A6D000B8F1000F49D0D8F80020C3469046C3E730
:10A6E0000029F5D1BBF81E10059B9942F0D102F06C
:10A6F00002020CB3002AEBD02288022AE8D1BBF870
:10A700000420022AE4D10BF10801201D0EF0F4FF11
:10A710000028DDD0029BBBF806105ABA92B29142D3
:10A72000D6D1DBF83800A8B9FFF752FF6FF06F04FD
:10A73000204609B0BDE8F08F002AC9D1019B002B4B
:10A74000E8D0DBF838000028E4D00EF070FA0028DA
:10A75000E0D0BDE7002FE7D0B0F8B4309B05E3D5DB
:10A76000FFF716FF8742B3D1DEE74246B5E75968E7
:10A770003A688F4208BF5A601A6000233B60FFF7B7
:10A7800027FF24B11EB1228833889A423AD1169B02
:10A7900031467B63179B3846FB63049B039AA7F8FB
:10A7A000409087F8423087F843A0BD630EF0ACFFBD
:10A7B00040BB21463846029A0EF0DCFF044608BB37
:10A7C000189B03B11F6097F844304FF0FF3043F0FF
:10A7D000010387F844304FF0FF31FFF7F1FE0C4BD7
:10A7E0001A683A605A681F6002B95F60FFF7F0FEAE
:10A7F00028460EF01FFA97F8453060F3000387F8FB
:10A80000453095E73846FFF7E9FE6FF015048FE70E
:10A81000282B0020302B00201B4B10B598420446FB
:10A820002CD303F59073984228D890F84430DB0776
:10A8300027D54FF0FF314FF0FF30FFF7C1FE002169
:10A84000124B1A6852B1944215D1226869B95968FD
:10A850001A608C4200D15A6000232360FFF7B8FED3
:10A860002046FFF7BBFE002010BD0A605A689442E4
:10A8700008BF5960F0E711461268E3E76FF0150072
:10A88000F2E76FF00100EFE7382B0020282B0020C3
:10A890002DE9F041144D8C46A842174604461E4649
:10A8A000BDF818800799BDF8202003D26FF015007D
:10A8B000BDE8F08105F59075A842F7D890F84430CE
:10A8C000DB070DD5C0F834C0C7630EF01DFF0028AC
:10A8D000ECD1424631462046BDE8F0410EF04ABF79
:10A8E0006FF00100E4E700BF382B00202DE9F04FA6
:10A8F0009A4690F8373089B0C3F3C2030393013B03
:10A90000012B05460E46069200F2C6801346112A18
:10A9100015BF4FF0000BDAF80030CDF810B01A88F0
:10A9200004BF0492B3F802B0039B022B41D1086824
:10A9300000210830FDF776FA3468074604F1180163
:10A9400004F108000EF0D8FE00B91FB1049B9B452E
:10A9500000F0A28094F81890A9F1FF00D0F100094E
:10A9600049EB00094FF0FF304FF0FF31FFF728FEB1
:10A97000624B4FF000081C68002302934FF0FF3336
:10A980000593CCB9B8F1000F00F09A80D8F83440A4
:10A99000D8F83C70FFF71CFEB9F1000F00F093806F
:10A9A000029B002B00F09D8028460EF0E8FB002063
:10A9B00073E04FF00009D5E7B4F84030069A9342AF
:10A9C0005AD1A06B00284ED194F84330002B55D1BA
:10A9D00094F844703B0703D5E388049A93424BD123
:10A9E000F80602D5E38B5B4546D1B90716D595F835
:10A9F0003730A288C3F3C2039A423DD1022A0DD157
:10AA000004F10803184607930EF066FE30B931686A
:10AA1000079B083118460EF06FFE68B37A0716D50B
:10AA200095F83730A28BC3F3C2039A4224D1022A8D
:10AA30000DD104F12003184607930EF04DFE30B9F6
:10AA40003168079B183118460EF056FEA0B1059BE1
:10AA500007F07807BB420FDAB9F1000F12D13BB211
:10AA6000A046059308E0B0F8B4309A05ACD5AF69BC
:10AA7000FFF78EFD8742A7D0246882E7039A9342AE
:10AA8000A6D0F9E740F6CD42002328460EF0B5FDEA
:10AA9000029028B9FFF79CFD022009B0BDE8F08FB5
:10AAA000E36B32460093204653460299676BB847E2
:10AAB000022802D102980EF062FBCDF80890DBE785
:10AAC0004746444666E774B995F83730C3F3C20386
:10AAD000022BE1D123460422012128460EF05BFF20
:10AAE000DAE7002CD8D05346324629464046009734
:10AAF000A047831E584258414000CEE7282B002033
:10AB000000230A4A10B5C2E90033094A1846114623
:10AB100014460133042B086003D04832084611461E
:10AB2000F7E7044B044AC3E9002410BD282B00209A
:10AB3000382B0020302B0020102C002007B5054BAF
:10AB400080220093022100230348FEF70FFA03B08E
:10AB50005DF804FB63980108582C0020072908B50C
:10AB600008DD074907483F220BF05EFF3F210448FC
:10AB70000BF051FF4388103301FB030008BD00BFF9
:10AB8000A25302086A4302082DE9F74F43780746AB
:10AB9000FF2B8A46144648D1DFF89C904FF0FF35D2
:10ABA0000026C84602F1020B6A1C99F8083016D13B
:10ABB000002B38D05846627809F10201019316F053
:10ABC0006CFF019B68B906EBC60242440133137265
:10ABD0007E700020C7F804A003B0BDE8F08F002B02
:10ABE000E8D10136082E09F10909DDD16B1C1FD00F
:10ABF00005EBC50008EB00031A7AEE0001321A7269
:10AC00007D706278A11C062A04D8023040445A7034
:10AC100016F008FF6178731908EB0302517022786F
:10AC200008F80320D5E73546DBE76FF07700D3E778
:10AC30006FF00100D0E700BF8E33002010B54378DD
:10AC40000246FF2B28D0072B08D915499122154819
:10AC50000BF0EAFE912112480BF0DDFE124903EBE6
:10AC6000C3030B44187A30B90D4992220D480BF0FA
:10AC7000DBFE9221EFE701381872537803EBC30330
:10AC8000C818007A18B902335C18C850A080FF2396
:10AC900000205370506010BD6FF07700FBE700BFDD
:10ACA000A25302086A4302088E330020072808B521
:10ACB00008D907490748B7220BF0B6FEB721044868
:10ACC0000BF0A9FE044B00EBC000184408BD00BF08
:10ACD000A25302086A4302088E3300202DE9F04F88
:10ACE0002823002591B0CDE9065308AB0A93082329
:10ACF00004460B93836902938368002B40F0AA807B
:10AD0000204606A90EF0B4FC8246002800F0F2802E
:10AD1000B0F8048098FA98F81FFA88F808F1280328
:10AD2000AB42009300F3E68003DA194620460EF0AA
:10AD3000DDFBDAF8086006BBDAF80C20EAB9DAF8CD
:10AD40001020D2B9DAF81420BAB940F2FF22DAF8AA
:10AD50001810914240F0CE80DAF81C20002A40F012
:10AD6000C980DAF82020B2F1807F40F0C380DAF8A1
:10AD70002420D2B2FF2A40F0BD809AF80820FF2A92
:10AD800000F0B8800AF11805002128460EF06EFF89
:10AD9000002840F0AF8094F8382017075ED59AF865
:10ADA00000209AF80110120142EA1112D1B2C2F346
:10ADB000850242EA811284F840209AF80620022196
:10ADC00084F83F2000226287282284F83620A26877
:10ADD000D268D27984F8392094F8372061F3C5021B
:10ADE00084F837209AF81820FF2A00F08580294639
:10ADF00002980CF0B3FF002840F0C5800CAA0AF1BD
:10AE00002803164628686968083503C69D423246FD
:10AE1000F7D1A06904AB03AA0CA910F0B0F900287F
:10AE200000F0A580A369E361039B002B00F08D80F7
:10AE30005B68002B00F099801A68002A7FD1834953
:10AE4000834840F21A520BF0EFFD40F21A517F484E
:10AE50000BF0E1FD1A8A5B6815444EE7DAF818201A
:10AE600052B9DAF81C203AB9DAF8202022B9DAF817
:10AE70002420B2F1807F3DD056B9DAF80C203AB9DF
:10AE8000DAF8102022B9DAF81420B2F1807F31D03C
:10AE9000012128460EF0EAFE60BBFEF727F8BAF85B
:10AEA0001A104288914218D1DAF81C104268914277
:10AEB00013D1DAF82010826891420ED1DAF824100A
:10AEC000C268914209D1052128460EF0CFFE88B90B
:10AED000082128460EF0CAFE60B900210AF10800D8
:10AEE000FCF7A0FF00283FF45AAF90F92920002A70
:10AEF0003FF455AF022035E0012128460EF0B6FEA2
:10AF0000002844D1022128460EF0B0FE68B1BAF8FC
:10AF10001A2052B9DAF81C203AB9DAF8202022B9FE
:10AF2000DAF82420B2F1807F31D0284602A9FCF75C
:10AF3000F9FF0028DED0027F900728D4DAE7A3616A
:10AF4000137C84F8243084F82C3094F83730204671
:10AF500023F00403049984F8373010F038F90028FE
:10AF6000C8DB002011B0BDE8F08FA361EDE70590CC
:10AF70000CA905A8FDF72EF80028BBD0204605999E
:10AF800001F05AF9EBE79AF81820FF2AB4D02046CE
:10AF900007990EF017FA0028ACDB9AF806702C2FF0
:10AFA00036D02FD8B7B3A7F12B014E424E41B60091
:10AFB0004FF006094FF000083A2FA4F83C9000F03B
:10AFC000CD80112F00F0CA80062F00F0C7803B2FE4
:10AFD00090D020460EF09AFA0122814604A920461C
:10AFE0000EF006FA0546002884D19DF810202C2A80
:10AFF00026D011D832B32B2A26D0112A00F0D380C4
:10B00000002515E0A7F13C02564256417600CFE7F5
:10B010000826CDE70126CBE73C2A40F0BC80B307E9
:10B0200018D540252E4205D12C2A14D013D80AB1A8
:10B03000062A10D020460EF069FA0122431E88E04D
:10B040000825EFE70125EDE70425EBE79652020816
:10B050006A43020802250FB13C2FEBD100222046A3
:10B060008DF830200CA90122BDF800B00EF0C0F917
:10B0700000287FF43FAF20469DF830700EF046FA6E
:10B080000238013780B2FF00ABEB000B5F453FF7A2
:10B0900031AF4FF0020B20460EF038FA012201903A
:10B0A00005A920460EF0A4F900287FF423AF9DF8EF
:10B0B000142012BB9DF814203AB3012A9DF83010D9
:10B0C000A7EB0B0030D0023881423FF613AF02F0FD
:10B0D000C002802A3BD0C02A34D0002A7FF40AAFB5
:10B0E00020460EF06FF900287FF404AF9DF8302061
:10B0F00002325A441FFA82FB0BE0012220460CA9BF
:10B100000EF076F90028D5D0F4E60BF1010B1FFA0A
:10B110008BFB5F45BFD847441FFA87F82E439DF845
:10B1200010705FFA89F947E7023881423FF6E2AED4
:10B130008A1C5A4420461FFA82FB0EF043F900286D
:10B14000E7D0D7E69AF81830FF2B3FF4D3AE0222AF
:10B15000019B042120460EF01EFCCBE6112FA4F823
:10B160003A80CDF830A007D03A2F7FF4C3AE5146D5
:10B1700020460EF02DFDF5E620460AA90FF0C4FC8E
:10B18000059000283FF4B6AE3A46204605AB0CA920
:10B19000FFF7ACFBE6E6A2F13B0101297FF65BAFCE
:10B1A0003A2A7FF447AF002555E700BF2DE9F0416B
:10B1B00014461D46064630B187680EF08CFEC7E97E
:10B1C0000C01B3689C63174806F028FF4FF47A72AD
:10B1D000A0FB020302FB013147F6FF73C01841F1E7
:10B1E0000001C00B50EA414003D0844275F10003D6
:10B1F00015DA40F2E733E90341EA5441E403E01889
:10B200004FF47A724FF0000341F10001F4F7B0FF00
:10B21000BDE8F04102460B46034805F01DBBBDE802
:10B22000F08100BFC00A0020B00A0020F0B583689A
:10B2300093F848208A420FD0052A0DD083F8481091
:10B24000816891F84830022B06D1114A13689C1C82
:10B2500003D0581C10600B65F0BD0023682619460A
:10B260001C460C4F136006FB04F57D5D4DB18568EF
:10B270003DB195F848C0BCF1020F02BF012329651A
:10B2800001310134082CEED1002BE5D01160E3E749
:10B29000A82C0020D80D00202DE9FF4106462848A3
:10B2A0000D46174698460EF0CBFC0446002842D0C7
:10B2B000FF236A4643706B464660866805F1100EB0
:10B2C0009446286869680835ACE80300754562460D
:10B2D000F6D106F11C051E4604AA03CE964228604C
:10B2E0006960334605F10805F5D141462046FFF770
:10B2F0009DFF00200021A36893F84D2067F3000212
:10B3000083F84D20A368C3E91001A06890F84D3080
:10B310009B0708D411F054FBA26892F84D3043F01B
:10B32000020382F84D30002000210022A368C3E907
:10B330000C01A3689A63204604B0BDE8F08100BF09
:10B34000CC0D002008B568B1006850B9064907481F
:10B3500040F21A520BF068FB40F21A5102480BF00F
:10B360005AFB103008BD00BF965202086A4302081B
:10B3700008B5FFF7E7FF50B90749084840F27E4299
:10B380000BF052FB40F27E4103480BF044FB407847
:10B39000093000F0F80008BDC95302086A430208EA
:10B3A00008B590B1036853B90849094840F2B5326D
:10B3B0000BF03AFB40F2B53104480BF02CFB0C3398
:10B3C000D3E8AF0F084100F0010008BD9652020813
:10B3D0006A43020873B58DF80430D3080646144654
:10B3E0000D468DF8053051B91249134840F28E428E
:10B3F0000BF01AFB40F28E410E480BF00CFB0222C0
:10B4000001A90EF01AF910B1002002B070BDA91CFC
:10B4100030466A780EF011F901460028F4D16B78B5
:10B420003046E21A023A0DF0D8FFB0FA80F0400937
:10B43000EBE700BFC95302086A4302082DE9F04157
:10B440000E4C0746884600262546237853B117B18F
:10B4500063689F4206D1A068102241461C3016F056
:10B460001CFB38B10136082E04F16804EDD1002030
:10B47000BDE8F081682303FB0650F9E7D80D0020F2
:10B480007FB518234178064A0230FDF703FD1821E5
:10B490000346044A684609F079FA07B05DF804FBF0
:10B4A000D6330020504102084FF0FF324FF0FF33F7
:10B4B000014804F0E7B800BF5C120020014804F026
:10B4C000E9B900BF5C1200202DE9F04104460D46A9
:10B4D00016461F46FFF7B2FF002840D13B463246D2
:10B4E00029462046FFF7D8FEC8BB4FF0FF3C1D4A57
:10B4F0006346114692F800E0BEF1000F18D0D2F872
:10B5000008E0BEF1000F13D09EF84D8018F0010F37
:10B510000ED19EF84880B8F1020F09D1B3F1FF3F78
:10B52000DEF850E002D1F446034601E0E645FAD3E6
:10B530000130082802F16802DCD15A1C07D06822C9
:10B5400002FB0313996858681C310EF040FD3B461E
:10B55000324629462046BDE8F041FFF79DBEBDE8D2
:10B56000F08100BFD80D00202DE9F04188B00646DB
:10B570004FF00008FFF798FF164C2378EBB1636893
:10B58000B3421AD1A36893F84820052A15D004AD18
:10B590002F4603F11C022C33AC4610685168083268
:10B5A000ACE803009A426546F6D197E80F008DE8B3
:10B5B0000F00694630460EF00AFD08F10108B8F1A7
:10B5C000080F04F16804D8D108B0BDE8F041FFF7D6
:10B5D00075BF00BFD80D0020034610B5084623B143
:10B5E0005B6813B1D3F8942352B90849084840F274
:10B5F000BE620BF019FA40F2BE6104480BF00BFA80
:10B600000023BDE81040FFF7D1BD00BFC9530208B9
:10B610006A4302082DE9F04F0D4616460021142218
:10B6200089B007469B46CDE90212DDF848809DF8B7
:10B630004CA0EBB940F2FF230493ADF814B0ADF881
:10B6400016B0ADF818B04FF48073ADF81A30FF2380
:10B650008DF81C3098F80D3098F80F208DF81D30BB
:10B6600098F80E3043EA0223ADF81E300DF1100BAE
:10B670003846FFF77DFE8146BAF1000F50D0FDF746
:10B6800035FC4FF00009064640F6CD42002338460F
:10B69000CDE9002309F114013A230222FEF72AFF23
:10B6A0000446002800F09E80FF235A46314680F869
:10B6B00039300EF0E7FA024600284DD187212046A6
:10B6C0000EF0B6F80646002846D1204602A90DF035
:10B6D000CFFF002840D0067046708670C670414685
:10B6E00004300EF0EFFB204602A90DF0DFFF064606
:10B6F00090BBBAF1000F24D020460DF002FE3A2193
:10B7000020460EF024FBFFF7CFFE002338461A46F2
:10B710004146FFF7D9FE074630BBFFF7CFFE1BE0DF
:10B7200026B9414638460CF0C2FD064630460EF0BA
:10B73000B8FB0028A8D06FF01506002D4ED00024CD
:10B740000DE03846FFF7FEFD012301464A4620463C
:10B75000FFF740FE0028CFD15DB36FF068062846A2
:10B760000DF00DFD84BB39E0DDB183681B6829460F
:10B7700080680BBB04F070FA28460DF0EBFCD7F89C
:10B78000088005460EF0A7FBC8E91001174806F02F
:10B7900045FC084305D14FF400420023144805F04E
:10B7A0005BF820460EF0A5FB002815DA85B9FFF7F7
:10B7B00085FE6FF0680607E004F0FEFA10B1284637
:10B7C0000DF0C8FCFFF77AFE20460DF0D8FC05E02E
:10B7D000B8680EF0D3FBEAE7FFF770FE304609B019
:10B7E000BDE8F08F6FF00B06A7E700BF900A0020BE
:10B7F000800A00202DE9F04F984600270C23A5B0C1
:10B80000CDE90A7308AB0C9302230C46D2F80090E2
:10B810008D680D9345B90B21A069FFF7C1FD38B1C3
:10B82000022025B0BDE8F08F2B8A6D681F44F1E738
:10B83000E3682046059323690AA906930DF018FFD3
:10B8400006460028ECD009F1080110A8BFB20EF09E
:10B8500039FB392FE4D999F80730FF2BE0D148F2B2
:10B86000FE03BDF840209A42DAD198F80130002B4F
:10B87000D6D120460B990DF0A5FD0028D0DB7788A6
:10B88000D6F804A03178D6F808801FFA87F99AFA1A
:10B890008AFA11B1A0690CF0F7FCA04B0AF1FF3253
:10B8A0009A4214D2A3693BB15B682BB1D3F89023C1
:10B8B00092450CD0C3F890A3A369D3F804A0BAF1C1
:10B8C000000F04D050460CF021FDCAF89403B8F1E3
:10B8D000000F06D0A36923B15B6813B1B268C3F847
:10B8E00098230C2384F83E3020460CA90DF0C0FEAE
:10B8F000064640BB3DB900952A460123A06910A920
:10B900000EF05EFD0546A06910A9FCF711FC7FBA98
:10B910000346BFB2002800F08F81B9F1000F40F05C
:10B920007E810CF085FCFFF7BFFD002D40F09C816F
:10B93000FFF7C4FDA069FCF757FA059B0120E360FF
:10B94000069B23616DE720460D990DF03BFD002815
:10B95000FFF666AF96F80080B8F1050F66D07178F3
:10B960000ED8B8F1010F4DD0B8F1030F00F086806A
:10B97000C900204602390DF025FD0028B4D04FE75C
:10B98000B8F1180FF4D10139CEB2022E3FF648AF0C
:10B9900014AB18930623102200211CA8199316F04B
:10B9A00067F8204618A90DF063FE079000283FF4C1
:10B9B00037AF204619990DF005FD0028FFF630AF8E
:10B9C000079BF20093F800B0D3F802805B78204622
:10B9D000C3F3C10302F0F8021CA907930DF008FDA0
:10B9E0000028FFF61DAFE069079BB8F1000F40F09B
:10B9F0000C811CA900F074FC00283FF475AF00F026
:10BA0000D3FC71E720461CAA0EF07FFA00283FF411
:10BA100007AF02230093A06943461CAA10A90EF0A9
:10BA2000CFFC054600287FF45FAFF9E602212046EF
:10BA30000DF0C8FC00287FF4F3AE204609A90DF0F4
:10BA4000E0FC00287FF4ECAE099AA2F5A063B3F500
:10BA50007B4FBFF4E5AEA369002B3FF445AF1B68F5
:10BA600053B92F492F484FF4BB620AF0DDFF4FF462
:10BA7000BB612B480AF0CFFF1A8335E704297FF416
:10BA8000CFAE1CAB0E931E2320460EA90F930DF0D4
:10BA9000EFFD064600283FF4C3AE20460F990DF097
:10BAA00091FC0028FFF6BCAED6F80280D6F806302E
:10BAB00098FA88F21BBA9A42FFF416AF48F2FE03D6
:10BAC000F2899A423FF410AF96F90130002B32DA36
:10BAD00006F10E0B594618A80EF0F4F93278A06959
:10BAE00018A90CF03CFB40B9D6F802301BB35946FC
:10BAF0003278A0690CF06EFAE8B1D6F802309BB14A
:10BB0000013390F8253057D023F0010380F8253019
:10BB1000D6F80210FCF7C0FA0DE000BF80EE360048
:10BB2000965202086A43020890F8242000F110019E
:10BB3000A0690CF06BFC737858067FF5D5AEB8F1B0
:10BB4000000F3FF4D1AE3378402B7FF4CDAE0DF132
:10BB500060081022D4F818B00021404615F088FF84
:10BB600006F10E0114A80EF0ADF95846FFF7EAFBF6
:10BB70004FF0000ACDE90180534652465846CDF8B1
:10BB800000A014A90EF02CF95045FFF6ADAE5146B9
:10BB900040460CF0E1F8D6F80230824660B390F8E7
:10BBA0002810012928D1591C0BD190F83D3043F0C1
:10BBB00001038AF83D3097E643F0010380F8253011
:10BBC000B9E7B3F5E15F09D9D6F802105046FCF7A2
:10BBD0007DF99AF83D3023F00103EAE707930EF070
:10BBE0007AF901460AF118000CF058FE079B8342CF
:10BBF000EAD84FF4E151E9E75A1C08BF00230122BB
:10BC0000414658460CF0BDFC6EE698FA88F2CDE944
:10BC100000231CA95A4610AB00F072FB64E635B154
:10BC2000A96891F84D2042F0010281F84D20394673
:10BC300018460CF0F2FA76E6B9F100023B4618BF5E
:10BC40000122A06910A9FCF7BFFA6CE64FF0FF32A1
:10BC50004FF0FF3304F056F806460EF04AF900287C
:10BC600002DA30460DF08BFAAB681B68A868002B2F
:10BC7000ECD10EF083F95BE600232822F0B58FB0FB
:10BC80000546CDE90432039348B183683BB104A96A
:10BC90000DF0EEFC074668B902200FB0F0BD514927
:10BCA000514840F26F320AF0BFFE40F26F314D480A
:10BCB0000AF0B1FE00F1180106A80EF003F995F89C
:10BCC0002D30002B4BD19DF81830FF2B47D0012190
:10BCD000A869FFF765FB002841D10B21A869FFF790
:10BCE0005FFB00283BD106A903A8FCF773F90028E5
:10BCF00037D0284603990EF02AF906AC039B4BB9BE
:10BD0000214603A8FCF766F9002846D00399284687
:10BD10000EF01DF9FFF7C8FB21460398FFF78EFBD5
:10BD20000646002845D04078FF2842D0FEF7BEFFE7
:10BD30004278811C05F12C000EF017F9B36893F8D6
:10BD40004830022B09D130460321FFF76FFA41F248
:10BD5000883200233046FFF729FAFFF7AFFB0020B7
:10BD60009BE748F2FE03BDF818209A42C5D006A909
:10BD700000F0B6FA064640B100F02CFB044600285D
:10BD8000BCD1304600F010FB86E7002006A9FCF786
:10BD9000F5F960B100F10804B0E721460EF031F981
:10BDA00010B141680391B2E7AB690393B2E706AC07
:10BDB000B0E70AAEFFF782FB304607F108010EF04C
:10BDC00081F8002395F83720CDE9004312F0040FE5
:10BDD0000CBF32461A462946A869FFF71BFC012012
:10BDE0005BE700BFC95302086A4302082DE9F84F18
:10BDF0000EF071F80827064688464FF0000AFFF754
:10BE000053FB4FF0000B344D2B785BB3AA684AB359
:10BE1000D2E9103153EA010024D013F57A7341F1CD
:10BE200000019C1B61EB0809012C79F1000321DB67
:10BE30002A4806F0F3F8084314D140F2E732E3034E
:10BE40004FEAC931981841EA54414FF47A724FF0E1
:10BE5000000341F10001F4F78BF902460B4620483C
:10BE600004F0FAFC013F05F16805CDD1BDE8F84FBB
:10BE7000FFF724BBC2E910ABAB681B68002BF1D005
:10BE8000AB681B68002BEDD0A8684FF0FF324FF075
:10BE9000FF3303F037FF04460DF071F920460DF033
:10BEA0006EF9AB681B681BB928460DF0C0FED9E7D8
:10BEB000A8684FF0FF324FF0FF3303F023FF044632
:10BEC000FFF7DAFE0228CDD120460DF058F92046C2
:10BED0000DF055F9D4E700BFD80D0020900A0020DE
:10BEE000800A00202DE9F34D0DF0F5FF00270646EE
:10BEF00088464FF0000AFFF7D7FA4FF0000B3A4D93
:10BF00002B78002B41D0AC68002C3ED0D4E90C2318
:10BF100052EA030139D0A16B8A1843EBE173921BFB
:10BF200063EB0803012A73F1000103DB0020FFF734
:10BF30003DF92AE094F84830C4E90CAB052B24D82D
:10BF4000DFE803F00E2D31343A032849284840F247
:10BF50006C620AF069FD40F26C6124480AF05BFDF6
:10BF600094F84C3004F11C01022B03D968680EF0E0
:10BF70002EF80AE0013384F84C300023CDE9001399
:10BF80001A4619466868FFF745FB0137082F05F187
:10BF90006805B5D102B0BDE8F04DFFF78FBA0223B6
:10BFA00084F84830F1E704F11C01DFE7042384F84A
:10BFB0004830002384F84C3094F84C2004F11C03E2
:10BFC000022A01D91946D1E7013284F84C20002217
:10BFD000CDE9003211466868FFF71CFB4FF47A7216
:10BFE00000232846A3E700BFD80D0020C95302084C
:10BFF0006A43020807B50D4B8722009302210023F4
:10C000000B48FCF7B3FF0B4B88220093022100235F
:10C010000948FCF7ABFF094B86220093022100235D
:10C020000748FCF7A3FF03B05DF804FB59A401081F
:10C03000942C0020FBA00108802C0020F5B70008FC
:10C040006C2C002008B588B1036853B90849094829
:10C0500040F2B5320AF0E8FC40F2B53104480AF08B
:10C06000DAFC0C33D3E8AF0FC0F3003008BD00BFDB
:10C07000965202086A4302082DE9FF471E46002532
:10C0800018230C46CDE90253D2F800908B68002BA0
:10C0900046D1D4E9038720460DF017FA172874D942
:10C0A000204602A90DF0E4FA824600287BD0204603
:10C0B00003990DF087F9002875DBBAF81630ADB298
:10C0C0005BBAAAF81630628F443202EB031292B2C6
:10C0D000AA425AD8B2F5A06F57D899F80730012B69
:10C0E00053D17378002B50D1FCF700FF102201468A
:10C0F0000AF1040015F0D1FC0546002845D1A069DD
:10C10000D0F80490B9F1000F0ED12A492A484FF413
:10C11000B5720AF089FC4FF4B57126480AF07BFC31
:10C120001A8A5B681544B2E7002309EB431292F8C0
:10C130009C210133D10744BFC2F34002AD180E2B3E
:10C14000F3D1142140F2676200236943CDE9002353
:10C150000C313A230222FEF7CDF9064618B3A9B2F4
:10C160000EF066FB0546D8B909F5C27A09EB45130E
:10C1700093F89C31DA070AD401350E2D0AF1200A12
:10C18000F4D130460EF03AFB50B901200CE09B0789
:10C19000F2D50222514630460EF009FB0028EBD0C2
:10C1A00030460CF0ECFF0220C4E9038704B0BDE880
:10C1B000F08700BFF55302086A43020807B5054B34
:10C1C00082220093022100230348FCF7CFFE03B034
:10C1D0005DF804FB79C00008AC2C00200549064836
:10C1E00040F21A5208B50AF01FFC40F21A510148F9
:10C1F0000AF011FC965202086A430208F8B50E468E
:10C200001546442204466A43002130461F4615F075
:10C210002FFC68220021204615F02AFC204610F051
:10C22000BBFB044904F1280004F082FAC4E9166556
:10C230002766F8BD45AC010870B583690446C36143
:10C2400089B990F83730816161F3820380F8373023
:10C2500019491A4840F26B220AF0E6FB40F26B21C2
:10C2600015480AF0D8FB0B680BB9FFF7B7FF8161DF
:10C270001B7C80F8243080F82C3090F8373023F085
:10C28000040380F837300D68002DEED06A7C05F18C
:10C290001201263015F0C6FB2B7C84F824306B7C11
:10C2A00084F8253010F003FC421E63EB03032046A4
:10C2B000BDE87040FBF752B9215402086A430208F6
:10C2C0000549064840F21A5208B50AF0ADFB40F2A3
:10C2D0001A5101480AF09FFB965202086A4302086D
:10C2E00010B5044686B001A80EF01DFF214601AA34
:10C2F00002480EF074FD06B010BD00BF901A002079
:10C300002DE9F041074690461E460C4694B041B9CF
:10C310002249652222480AF087FB65211F480AF05E
:10C320007AFB30B91D4966221D480AF07DFB662163
:10C33000F4E733B91949672219480AF075FB6721F8
:10C34000ECE7FCF7D3FD10220146204615F0A5FBD3
:10C3500000B3214604A80AAC04AD0EF0E4FE0FCDF4
:10C360000FC42B683146236004A80FAE04AC0EF056
:10C37000DAFE0FCC0FC62B68394633609DF86C305F
:10C38000084802931A9B0AAA01930FAB00934346F5
:10C390000EF094FD14B0BDE8F08100BF4A540208CD
:10C3A0006A430208901A0020014601480EF06FBE51
:10C3B000901A002010B5044686B001A80EF0B3FE16
:10C3C000214601AA02480EF075FE06B010BD00BF5E
:10C3D000901A002010B50146044605480EF0E2FC14
:10C3E00028B1A38D022B14BF002004F1300010BD32
:10C3F000901A002008B550B90E490F484FF4E77263
:10C400000AF012FB4FF4E7710A480AF004FB836854
:10C41000DA684AB1D379012B09D9013BDBB2D37178
:10C4200080F83930002008BD6FF01500FBE76FF091
:10C430007300F8E74A5402086A4302080822024BD4
:10C4400002490348FFF7DABE24360208C02C002058
:10C45000901A002007B50B4600924521024603487A
:10C460000AF0F4FD03B05DF804FB00BF8754020836
:10C47000134610B50A4640F21D1100F011FA0446A9
:10C4800038B110F18C0F04D0024603490348FFF77E
:10C49000E1FF204610BD00BFAF540208B4540208AB
:10C4A00070B5CCB003AD04AE01950096DBB2044686
:10C4B0000EF085FF024640B10B490C48FFF7CAFF5A
:10C4C0006FF0830420464CB070BD20463246296888
:10C4D0000EF0D2FF04460028F4D002460449054875
:10C4E000FFF7B8FFEEE700BFBD540208C1540208D1
:10C4F000CB540208CE5402082DE9F041CEB00DF124
:10C5000014080D46164606A9424604461F46FFF784
:10C51000AFFF88B94FF480732046CDE901670599D4
:10C52000009506AA0EF076FF30B102460449054890
:10C53000FFF790FF6FF083004EB0BDE8F08100BFC1
:10C54000AF540208C15402082DE9F04798466FF035
:10C55000404315464A1EADF5107D9A42DDE99876B6
:10C5600005D36FF086000DF5107DBDE8F087B8F1BA
:10C57000000F03D1C6F800800020F4E700F00309A3
:10C58000002021F0404464F31D000DF1140A5246CE
:10C5900069F39F7048A9FFF76BFF0028E3D1059965
:10C5A00006ABC5B9A1F11D02424514D864F31D00C4
:10C5B000CDE9016369F39F704346009748AA0EF0E6
:10C5C00029FF0028CFD0024613481449FFF742FF45
:10C5D0006FF08300C7E7002064F31D0069F39F70CC
:10C5E00008AC0DF11C09029348AA4FF48073CDF8F2
:10C5F000049000940EF00EFF02460028E4D1079A42
:10C60000AA42AED3521B424528BF4246384632604A
:10C61000611915F007FAAFE7C1540208AF540208D8
:10C620006FF0404330B54A1E9A42C3B022D219403F
:10C6300041EA80746B46204601AA02A9FFF75CFF1D
:10C6400028B9009BDB0708D56FF0840010E010F1DB
:10C65000920F02D010F1840F0AD120460EF028FF6D
:10C6600030B1024605490648FFF7F4FE6FF091002D
:10C6700043B030BD6FF08600FAE700BFAF54020848
:10C68000D45402082DE9F04F85B0109C0546DDE931
:10C690000E67DDE912E8DDE9149A0294119C9C46CC
:10C6A00003944468CDE90012240A012CDDF858B047
:10C6B00018D0114B9C4200D0CCB9DDE90012039B8D
:10C6C00028461193029BCDE915ABCDE90F73634664
:10C6D000CDE91389CDF848E00E9605B0BDE8F04FDE
:10C6E00010F058B805B0BDE8F04F10F02AB86FF060
:10C6F000860005B0BDE8F08F020080002DE9F04F04
:10C7000085B0109C0546DDE90E67DDE912E8DDE93C
:10C71000149A0294119C9C4603944468CDE900123B
:10C72000240A012CDDF858B018D0114B9C4200D0DF
:10C73000CCB9DDE90012039B28461193029BCDE999
:10C7400015ABCDE90F736346CDE91389CDF848E009
:10C750000E9605B0BDE8F04F10F01AB805B0BDE870
:10C76000F04F0FF0ECBF6FF0860005B0BDE8F08F22
:10C7700002008000F0B597B004460F46164600212F
:10C78000182210A815F074F90BA90DF12A0000F079
:10C790003BF8002311931593BDF82A30184DADF8DE
:10C7A00040300B9B384613938023ADF84230154B35
:10C7B0000CA9B4F5807F08BF1D461294F9F71EFC42
:10C7C0000446D0B9219B0CA908931F9B1022079304
:10C7D000209B10A806931D9B05931E9B0493052385
:10C7E00003931C9B02930C23CDE900630B9BA8478A
:10C7F000102104460CA807F01FFB204617B0F0BD1F
:10C8000085C60008FDC600084FF410530380014B95
:10C810000B6070470002500570B50546154E4FF08D
:10C82000FF334FF0FF32144802F02CFF3378A3B9E6
:10C830000C21124814F051FB044648B9012333700F
:10C8400000240E4A13682B6053686B609368AB60DA
:10C85000094803F01FF8204670BD0C2207490B78E9
:10C860000133DBB201F8013B002BE9D1013AF6D1EB
:10C87000E6E700BFFA33002070120020EE330020FC
:10C88000034607B5C3F31D0200920846034A0F2171
:10C890009B0F08F07BF803B05DF804FBDB54020843
:10C8A00010B51C466FF0010388B0CDE9011204A950
:10C8B0000393FFF7E5FF01AA0A4904A8F5F7E0FF93
:10C8C000039A002A03DD0020226008B010BD06D0C4
:10C8D00002320CBF6FF08B006FF09100F5E76FF044
:10C8E0008B00F2E75FB4010808B50B684268591C79
:10C8F0001BD013F4E07FC3F382110AD0012911D0B9
:10C900000B490C4860220AF08FF8602108480AF0B1
:10C9100082F81268506E03F03F03D84000F0010027
:10C92000013008BD1268906EF5E70320F9E700BFFB
:10C93000E65402086A43020838B54468056920686D
:10C940000FF0E2FF10B3214651F8040B40B9124931
:10C950001248B6220AF068F8B6210F480AF05BF8D0
:10C9600083680F4A9342F2D20E4A9342EFD31B6878
:10C970007BB1984710B110F1780F06D1012205F173
:10C980000800114610F029F8002038BD6FF01200A1
:10C99000FBE76FF05700F8E73C5502086A430208CE
:10C9A000D8220208BC220208F0B505460C464668AB
:10C9B00085B000297DD04B78002B7AD100690830F2
:10C9C0004FF0FF334FF0FF3203F024FB23786F6802
:10C9D000063B2869062B63D8DFE803F0045256565D
:10C9E00062625A0048F20503A2689A425ED1A389A6
:10C9F000E36000231A460270436063680022DB4351
:10CA000003F001038DF80530A3688DF8042002932C
:10CA1000ADF806200278E368DAB945F255522649A6
:10CA200002EA530201EA4303134343F2333219B2D9
:10CA300002EA9302214B03EA81031A4340F60F7383
:10CA400011B203EA12131E4A02EA011213435BBA3F
:10CA50009BB200250393FB6801A99D605D611D6188
:10CA6000F868F7F729FEF36803F580520123536055
:10CA7000F26802F58052D3606370284605B0F0BDBD
:10CA80004AF20103A268B0E741F22103A268ACE7D1
:10CA9000A2680C4B9A4209D14FF0FF330122AAE75A
:10CAA0006FF08505083003F05FFAE6E76FF01505D3
:10CAB000F8E76FF01505E0E7AAAAFFFFCCCCFFFF6F
:10CAC000F0F0FFFFB71DC10438B545680446F7F71D
:10CAD00015FE2B7C13B10822054BDA600025054BAF
:10CAE0004921DD63226804480AF0B0FA284638BDBF
:10CAF0000010035000000350A5550208B1F5C01FF7
:10CB00002DE9F8430D4617461C462AD2C1F5C0133D
:10CB10009C4226D841EA040616F0030621D1ECB166
:10CB2000D0F810804FF0FF324FF0FF33404603F053
:10CB300071FA41F67133DFF8309022463946C9F870
:10CB40003C3005F1006015F087F9041EB8BF6FF0A6
:10CB50000404C9F83C60404603F006FA2046BDE8EC
:10CB6000F8836FF01504F9E700000350B1F5C01F1A
:10CB7000F8B50C4616460BD2C1F5C0139A4207D839
:10CB8000C1F30C0545B10A46452118480AF05EFA82
:10CB90006FF015052846F8BDC2F30C0313B145210B
:10CBA0001348F3E7002AF5D007694FF0FF324FF042
:10CBB000FF33384603F02EFA41F671320D4B26440E
:10CBC000DA63B44206D300220A4BDA63384603F034
:10CBD000CBF9DFE704F1006015F042F9051E02DB36
:10CBE00004F50054EDE76FF00405ECE7C0550208CA
:10CBF000EA55020800000350436800201A793023E8
:10CC00005A43014B9950704740D00350436800206D
:10CC10001A7930235A43014B9950704740E0035032
:10CC2000436800201A7930235A43014B99507047CA
:10CC300040F00350094B0728D4BFD3F80024D3F8A1
:10CC400004244FF00F03C8BF083800B280008340AF
:10CC500058421A401840B2FBF0F0704700C0035031
:10CC60000728D8BF02464FF00F01C8BFA0F1080245
:10CC7000094B12B24FEA820201FA02F2D4BFD3F892
:10CC80000834D3F80C34514213400A40B3FBF2F39A
:10CC900020F003001844704700C0035038B541B974
:10CCA0001D4964221D4809F0BFFE64211A4809F09D
:10CCB000B2FE4B6833B918496522184809F0B4FE32
:10CCC0006521F3E70369586800B30024884219D14D
:10CCD00008688CB99C685860A14200D19860002017
:10CCE00008602AB15A680A609A68596002B9996066
:10CCF00000200FE02846E9E720609868814208BFDD
:10CD00009C60ECE705680446002DF3D1002AE9D1C8
:10CD10006FF0150038BD00BF3C5602086A43020898
:10CD200038B545680446686805F1080140B91049FE
:10CD30001048B62209F078FEB6210D4809F06BFEC6
:10CD400083680D4A9342F2D20C4A9342EFD31B6898
:10CD50005BB19847002802DA10F1780F04D12B68F4
:10CD60000BB120469847002038BD6FF05700FBE715
:10CD70003C5502086A430208D8220208BC22020875
:10CD80002DE9F3470C46D0F80480B2F5800F98F8EF
:10CD9000041017468DF804108DF8054003F0400587
:10CDA00023F0400609D1224645214E480AF04EF9AB
:10CDB0006FF0850002B0BDE8F087002D53D071B947
:10CDC000052C25D11025B7F5001F38D10123464A7F
:10CDD000AB40C2F82434C2F82C340020EAE7012921
:10CDE00006D1012C1CD0032C12D104211425EAE712
:10CDF000022907D1BCB1052C18D0072C08D1082175
:10CE00001825E0E7032903D1022C12D0052C13D0FA
:10CE10002246452135480AF019F96FF01500C9E797
:10CE200003211325CFE706211625CCE70721172577
:10CE3000C9E709211925C6E70A211A25C3E7B6F172
:10CE4000C06F03D1224645212948AFE706F17C4057
:10CE50004242424101A8F7F707FC0123AB40254AB3
:10CE6000C2F82434B9E74FF0FF3A234BD3F82494A7
:10CE700029FA05F3D90713D52846FFF7DBFE98F802
:10CE8000043098420CD12846FFF7EAFEA04207D1B1
:10CE9000B7F5001F1CD10123134AAB40C2F824345C
:10CEA0000135102DE4D1B7F5001F96D0B6F1007F03
:10CEB00013D0B6F1806F14BF04220122514601A89D
:10CEC000F7F74CFB431C0AD1224645210B48A2E749
:10CED000BAF1FF3F08BFAA46E2E70222EEE70123CC
:10CEE0008340BCE77856020800E00350A5560208CC
:10CEF000CB56020800D0035000C003500C57020864
:10CF00002DE9FF470669F7F7D1FA10220446002100
:10CF100068466F4614F0ACFDDFF8EC9054B956F853
:10CF20002480B8F1000F45D10134042CF7D104B0AE
:10CF3000BDE8F08794FAA4F8B8FA88F8B8F10F0FB2
:10CF400030DD311F06F10C00A8F11005002251F868
:10CF5000043F5B68D3F80CC003F1100E624505DB9B
:10CF60008842F3D14FF0FF30054607E01EF812A0CB
:10CF7000AA4515D11D7903EB4203587C04AB03EBA2
:10CF80008505012355F8102C03FA00F0024303FA3B
:10CF900008F345F8102C24EA0304C9F82034BDE74F
:10CFA0000132DBE74046FFF745FE05464046FFF706
:10CFB00057FEE3E757F82490B9F1000FB4D0D8F842
:10CFC000103059680029AFD00D680029ACD08A68AC
:10CFD00019EA02020CD04B6843B909490948892271
:10CFE00009F022FD8921064809F015FD40469847C1
:10CFF0001DB12B6829461D46E7E72B46FAE700BF1F
:10D000003C5602086A43020800E0035013B50022B0
:10D0100002214320F8F71AF9F5F704FF15F03AFC5E
:10D02000154B164C18606FF00043C00BB3FBF0F3C8
:10D03000636001232060237415F0D9FD234653F863
:10D04000082BB0FBF2F05043D3E8EF2FC3E8E10F19
:10D050000029F9D100232046CDE90033084A2346B0
:10D0600050F8141B15F09BFD002814BF6FF0120040
:10D07000002002B010BD00BF40110020402F002052
:10D080006FB80108F7B5234C6368984228BF18466B
:10D090000646EFF31187302383F31288BFF36F8FB7
:10D0A00004F10C0004F05CFD40B91B498F221B48C1
:10D0B00009F0BAFC8F21184809F0ADFC04F10C000E
:10D0C00004F0A2FD15F093FD2568154AB0FBF5F3B9
:10D0D0006E4303FB150118BF35460023691ACDE9DD
:10D0E000003304F11400234615F03BFD04F10C005D
:10D0F00004F044FD40B9084940F23D12074809F0E8
:10D1000093FC40F23D11D6E787F31188BFF36F8F90
:10D1100003B0F0BD402F00200F5002086A43020800
:10D120006FB8010810B5074C207C48B115F05FFDC1
:10D1300004F10803D3E8AF3FC01A2368B0FBF3F053
:10D1400010BD00BF402F0020024B187C08B115F025
:10D150004EBD7047402F00202DE9F04FA5B0884606
:10D1600015469B4604462E9FDDF8C4A0349E002839
:10D1700000F0C780002900F0C4801EB1339B002B53
:10D1800000F0BF80BBF1000F00F0BB80309B1BB1F3
:10D190002F9B002B00F0B5803DB1BAF1000F00F0DD
:10D1A000B080329B002B00F0AC80C7F10F03DBB2E4
:10D1B000032B06D80122DB0002FA03F3AB4240F254
:10D1C000A080022E00F09D80102E00F29A8016F0B2
:10D1D000010340F09680FA1F062A00F29280329AEC
:10D1E0005119494A914200F28C80484A0DF1840954
:10D1F0006360494640462260A36023620EF034FC1F
:10D2000000287BD12046219915F0B8FD204646EA3A
:10D21000074115F0B3FD2046309915F0AFFD2946C2
:10D22000204615F0ABFD6946404600F079FD002828
:10D2300064D1694620460AF0D2F8404603A90EF0B0
:10D24000DCFC00285AD14FF0010845F0005520467B
:10D2500003A90AF0C4F8CDF854A015ABCDF8588056
:10D26000179593E807002F9B0DF1180A8AE807002D
:10D270001893309BCDF8648043F000531A9347F025
:10D28000005709AB18AA07CA83E80700CDF86CB0AD
:10D290001BAACDF870801D970CAF07CA87E807005E
:10D2A000394620460AF09BF809AB194620460AF099
:10D2B00096F8514620460AF092F8329B1EAA1E9319
:10D2C000CDF87C800FAB209507CA83E80700339A1E
:10D2D00046F00056219212ADCDF88880239699E849
:10D2E000070085E807001946204615F070FD204626
:10D2F000294615F06CFD204615F0BEFB25B0BDE8B3
:10D30000F08F2120FAE700BF000004200000050490
:10D310002DE9F04FA7B00F4615460446DDF8C0B022
:10D32000DDF8C8A0369E0093002800F0CE800029CA
:10D3300000F0CB80359B002B00F0C780009B002BBA
:10D3400000F0C380BAF1000F03D0319B002B00F036
:10D35000BC803DB1339B002B00F0B780349B002B89
:10D3600000F0B380CBF10F03DBB2032B06D8012210
:10D37000DB0002FA03F3AB4240F2A780022E00F07A
:10D38000A480731E0F2B00F2A08016F0010340F062
:10D390009C80ABF10702062A00F29780349A51195B
:10D3A0004B4A914200F291804A4A0DF18C08636029
:10D3B000414638462260A36023620EF055FB814649
:10D3C00000287ED12046239915F0D8FC204646EA55
:10D3D0000B4115F0D3FC5146204615F0CFFC2946F1
:10D3E000204615F0CBFC384602A900F099FC814696
:10D3F000002866D1204602A909F0F1FF384605A9A8
:10D400000EF0FBFB814600285BD10127204605A9D1
:10D4100009F0E5FF339B0DF12009179345F0005308
:10D4200018970193199317AA319B07CA89E8070037
:10D430004AF000521A930DF12C0A1B97009B1C9284
:10D440001AAA07CA8AE807004BF000521D930DF193
:10D45000380C1E971F921DAA07CA8CE80700614668
:10D46000204609F0BCFF5146204609F0B8FF494666
:10D47000204609F0B4FF349B20AA2093019B2197FA
:10D48000229311AB07CA83E807001946204615F01E
:10D490009EFC359B46F000562393249714AB2596AB
:10D4A00098E8070083E807001946204609F097FF2F
:10D4B000204615F0E1FA814618B1294634980EF05D
:10D4C00005FA484627B0BDE8F08F4FF02109F8E78C
:10D4D00000000420000006042DE9F04393B08946C3
:10D4E00017461D460446DDF86880002859D00029FB
:10D4F00057D0002A55D0B8F1000F52D00B68103B1E
:10D50000102B4ED8284A22FA03F3DB0749D5274BC4
:10D510000FAE0360002331464360036283604846D8
:10D520000EF0A2FA002839D120460F9915F026FCFA
:10D530002946204615F022FC6946484600F0F0FBDB
:10D5400060BB6946204609F04AFF484603A90EF031
:10D5500054FB18BB204603A909F041FF0C97012793
:10D5600045F000550D9706AB0E950CAA07CA83E847
:10D5700007001946204609F032FF0D4BCDF83C80DC
:10D580001097119309AB96E8070083E8070020463F
:10D59000194615F01CFC204615F06EFA13B0BDE8D4
:10D5A000F0832120FAE700BF01010100000004041C
:10D5B000100000202DE9F04792B08A46DDE91A59A3
:10D5C00098460446002861D000295FD0B9F1000FC9
:10D5D0005CD00BB9002D59D1531EDBB2042B55D8AA
:10D5E0002B49CF5C1C9BBB4250D32A4B0FAE03EBA5
:10D5F000022323600023314663605046A360236208
:10D600000EF032FA00283ED120460F9915F0B6FBF5
:10D610002946204615F0B2FB6946504600F080FBD3
:10D6200088BB6946204609F0DAFE504603A90EF091
:10D63000E4FA40BB204603A909F0D1FECDF83080C2
:10D640004FF0010845F00055CDF8348006AB0E953B
:10D650000CAA07CA47F0005783E80700194620467E
:10D6600009F0BDFECDF83C9009ABCDF84080119794
:10D6700096E8070083E807002046194615F0A7FB47
:10D68000204615F0F9F912B0BDE8F0872120FAE73D
:10D690003C620208000102032DE9F04FCDB00D46B7
:10D6A000DDE9599B17461E460446DDF86C810028CB
:10D6B00000F05D81002900F05A81569B002B00F09C
:10D6C00056815D9B002B00F05281B9F1000F03D011
:10D6D000589B002B00F04B813EB1BBF1000F00F0D6
:10D6E0004681B8F1000F00F042815C9B043B0C2B9B
:10D6F00000F23D81579B0C2B40F039812B68103B89
:10D70000102B00F234819B4A22FA03F3DB0740F12D
:10D710002E81012F40F096805C9A974B284643EA71
:10D7200002232360002348A963602362A3600EF0F4
:10D730009BF98246002840F011812046489915F057
:10D740001DFB4946204615F019FB3146204615F0D1
:10D7500015FB6946284600F0E3FA8246002840F0AF
:10D76000FD806946204609F03AFE284603A90EF0DE
:10D7700044FA8246002840F0F180204603A909F0CF
:10D780002EFE569B2AAA2A937C4B2B972C9306ABF2
:10D7900007CA83E807001946204609F020FE589B77
:10D7A0002DAA2D9349F000532E972F9309AB07CA4A
:10D7B00083E807001946204609F011FECDF8C0B0F5
:10D7C00046F0005B31970CABCDF8C8B030AA07CA61
:10D7D00083E807001946204609F001FE5D9B33AA45
:10D7E00033935C9B349743F0005335930FAB07CAD8
:10D7F00083E807001946204609F0F1FDCDF8D880EE
:10D8000012AB379736AACDF8E0B007CA83E8070015
:10D81000B8F1000F03D1149A42F0804214921946D5
:10D82000204615F0D4FA204615F026F98246002845
:10D8300000F098802C2800F09580314640460EF08C
:10D8400045F88BE04746D8464D4B0DF5907B23605D
:10D850000023594663602846A36023620EF004F952
:10D86000824600287AD12046489915F087FA494621
:10D87000204615F083FA3146204615F07FFA2846F7
:10D8800015A900F04DFA8246002867D1204615A957
:10D8900009F0A5FD284618A90EF0AFF98246002828
:10D8A0005CD10125204618A909F099FD569B39AA9B
:10D8B0003993324B3A953B931BAB07CA83E8070079
:10D8C0001946204609F08BFD589B3CAA3C9349F031
:10D8D00000533D953E931EAB07CA83E807001946E7
:10D8E000204609F07CFDCDF8FC8046F000584095BC
:10D8F00021ABCDF804813FAA07CA83E80700194687
:10D90000204609F06CFD429724AB439542AACDF81E
:10D91000108107CA83E807001FB9269A42F08042A7
:10D9200026921946204615F052FA0123CDF814B17B
:10D930004693144B45AA479327AB07CA83E80700D1
:10D940001946204615F043FA204615F095F8824610
:10D9500050B959465C9A5D9814F064F850464DB041
:10D96000BDE8F08F00276FE73146384667E74FF094
:10D97000210AF3E701010100000003040C0000206C
:10D9800000000204100000202DE9F04FA7B00D4662
:10D99000DDE9349716469B460446DDF8C88000282A
:10D9A00000F0C180002900F0BE80002B00F0BB8099
:10D9B000369B002B00F0B780B8F1000F03D0319BED
:10D9C000002B00F0B0803EB1339B002B00F0AB8009
:10D9D000B9F1000F00F0A7803B1F0C2B00F2A380D1
:10D9E000309B0C2B40F09F802B68103B102B00F2DB
:10D9F0009A804E4A22FA03F3DB0740F194804C4BA5
:10DA00000DF18C0A43EA072323600023514663602B
:10DA10002362A36028460EF027F8034600287ED133
:10DA20002046239915F0AAF94146204615F0A6F99B
:10DA30003146204615F0A2F9284602A900F070F9F7
:10DA4000034600286BD1204602A909F0C8FC2846ED
:10DA500005A90EF0D2F80346002860D10125204622
:10DA600005A909F0BCFC334BCDF85CB017AA18959A
:10DA7000199308AB07CA83E807001946204609F046
:10DA8000AEFC319B1AAA1A9348F000531B951C93C5
:10DA90000BAB07CA83E807001946204609F09FFC34
:10DAA000339B46F000581D931DAA1E950EABCDF872
:10DAB0007C8007CA83E807001946204609F08FFCDE
:10DAC000369B47F00057209320AA219511AB22974F
:10DAD00007CA83E807001946204609F080FCCDF804
:10DAE0008C9014AB2495CDF894809AE8070083E8D5
:10DAF0000700B9F1000F03D1169A42F08042169246
:10DB00001946204615F063F9204614F0B5FF034688
:10DB100028B10190314648460DF0D8FE019B1846C9
:10DB200027B0BDE8F08F2123F9E700BF0101010014
:10DB3000000003040C0000202DE9F0438DB00D46D9
:10DB400091461E460446149F002840D0002F3ED028
:10DB50000AB9002B3BD16B1EDBB2042B37D81D4A10
:10DB600012F80380159B984531D80023280201251F
:10DB700000F1407000F5807063603146A36023625D
:10DB8000206046F00056204615F0F8F8CDF81890C1
:10DB900006AA0795089607CA8DE8070048F00052C4
:10DBA00009970A950B9203AD0CAA12E9070085E8C4
:10DBB00007006946204609F012FC2046294615F068
:10DBC00006F9204614F058FF0DB0BDE8F08321207F
:10DBD000FAE700BF41620208F0B50F4616461D463F
:10DBE000044693B010B9212013B0F0BD0029FAD03B
:10DBF000002AF8D0002BF6D0002331461A463846CA
:10DC00000DF0D1FE0028EFD1304602A90DF062FEE2
:10DC10000028E9D1EB68022B0AD039683F48029A04
:10DC200081426B6902D01830814270D19A42DAD8B1
:10DC30002B68002BD7D14FF06062636038462260BA
:10DC4000A360236201A90DF00FFF0028CCD1019938
:10DC5000204621F4F061019115F090F869462846BC
:10DC60000DF002FF0028BFD12046009915F086F87C
:10DC7000384609A900F054F80028B5D1204609A972
:10DC800009F0ADFB38460CA90DF0B7FF0028ABD169
:10DC900020460CA909F0A3FBEB684BB1284606A966
:10DCA00000F03EF800289FD1204606A909F097FB16
:10DCB000304603A90DF0A1FF002895D1B368DA041E
:10DCC0000CD59B0427D50621F36932691B6801FB3B
:10DCD00003225B0043F0005303920593204603A9FF
:10DCE00009F07DFB28460FA90DF087FF00287FF47F
:10DCF0007BAF20460FA915F06AF80325204614F0E3
:10DD0000BBFE01287FF470AF013DF7D16CE7B3EBA8
:10DD1000420F8DD267E7292066E700BF200000B0E0
:10DD200090B189B101234B60C368013B012B08D836
:10DD30008269064B1AB10A6000208B607047044A62
:10DD4000F9E74FF00053F7E7212070470800002063
:10DD5000C4360208F0B50E46154604468FB00028BA
:10DD600062D0002960D0002A5ED0012329461A46DD
:10DD700030460DF018FE002856D1B36813F4C04F9A
:10DD800052D0AB6803F4C043B3F5005F4CD1284BCD
:10DD90000BAF60602062A0603946304623600DF012
:10DDA00063FE00283ED120460B9914F0E7FF304671
:10DDB00002A9FFF7B5FF002836D1204609F00FFB76
:10DDC000304605A90DF019FF60BB204605A909F0F2
:10DDD00006FBEB6843BBAB6803F4C043B3F5005FDD
:10DDE00022D1284601A90DF09FFDE8B9019B6A697F
:10DDF0009A421BD32A6943F000530B9201220C92E2
:10DE00000D9308AB97E8070083E807001946204602
:10DE100014F0DDFF0325204614F02EFE012801D169
:10DE2000013DF8D10FB0F0BD2120FBE71D20F9E73F
:10DE3000000001022DE9F04798B00D46DDE920868B
:10DE40000446DDF88890002800F09780002900F053
:10DE50009480B9F1000F00F09080B8F1000F02D16A
:10DE6000002E40F08A80296801F07041B1F1404FE6
:10DE70007ED0002B7ED1013A042A7ED8DFE802F062
:10DE80006F7203756C004FF4806343F0C0632360CE
:10DE9000002315AF636039462846A36023620DF066
:10DEA000E3FD002855D12046159914F067FF31464F
:10DEB000204614F063FF69462846FFF731FF00282B
:10DEC00047D16946204609F08AFA284603A90DF091
:10DED00094FE00283DD14FF0010A204603A946F0E8
:10DEE000005609F07CFACDF83C8006ABCDF840A096
:10DEF0000FAA119607CA83E807001946204609F0C1
:10DF00006EFACDF8488009ABCDF84CA012AA149651
:10DF100007CA83E807002A6802F07042B2F1404F56
:10DF200003D11946204609F05AFA0123CDF854903E
:10DF30001693239B43F0005317930CAB97E807000D
:10DF400083E807002046194614F041FF204614F0EC
:10DF500093FD18B0BDE8F0874FF4C06395E74FF428
:10DF6000007392E74FF440738FE74FF4A0638CE7A0
:10DF7000034B8CE74FF0C06389E72120E9E700BF3E
:10DF8000000002062DE9F04393B00D46DDE91A9634
:10DF90000446DDF87080002800F09580002900F02C
:10DFA0009280B9F1000F02D1002E40F08C80B8F1C0
:10DFB000000F00F08880A968890440F184802968F6
:10DFC00001F07041B1F1404F73D0002B73D1013A91
:10DFD000042A78D8DFE802F06467036A61004FF42E
:10DFE000806343F0C06343F48033236000230FAFAA
:10DFF000636039462846A36023620DF035FD002892
:10E0000048D120460F9914F0B9FE3146204614F04D
:10E01000B5FE69462846FFF783FE00283AD16946D7
:10E02000204609F0DCF9284603A90DF0E6FD88BB7F
:10E03000204603A909F0D3F94FF0010C46F0005631
:10E04000CDF830900CABCDF834C00E9693E80700B5
:10E050001D9B0DF1180943F0005389E80700CDF826
:10E060003C80CDF840C011932B6809AE03F070439B
:10E07000B3F1404F97E8070086E807001DD131460D
:10E08000204609F0ACF94946204609F0A8F9204697
:10E0900014F0F2FC13B0BDE8F0834FF4C063A0E7C6
:10E0A0004FF400739DE74FF440739AE74FF4A06379
:10E0B00097E7064B99E7064B97E74946204609F054
:10E0C0008EF93146E0E72120E4E700BF00000306B7
:10E0D0000000010630B5048804F4E043B3F5005FA6
:10E0E00020D104F4E063B3F5806F1BD181F0AA6303
:10E0F00083F4807333F47E1306D081F0AA6383F433
:10E10000007333F47E1316D1C1F30543224D21F47D
:10E110007E11A94211D005F58075A94224D06FF077
:10E12000850030BD42F204039C4204D181F00523F6
:10E1300083F48013E5E70023E8E7B4F5105F28D106
:10E14000418821F04000802802D0B1F5807F20D1A5
:10E15000191F0C291DD8DB071BD4073A062A8CBFD0
:10E160006FF086000020DCE7B4F5105F11D1418824
:10E1700021F04000802802D0B1F5807F09D1043B16
:10E180000C2B06D82AB10C2A14BF6FF08500002092
:10E19000C7E76FF08600C4E7000140052DE9F04FA6
:10E1A0009DB08246DDE92A761D468B46DDF8B080BB
:10E1B000DDF8C490099241B138B1269B2BB1289B60
:10E1C0000BB9299B0BB91FB94EB16FF086049DE0C6
:10E1D0002EB1B8F1000FF8D02D9B002BF5D02E9B5F
:10E1E000002BF2D0B9F1000FEFD0309B002BECD018
:10E1F0002F9B002BE9D0BAF8003003F4E042B2F5CF
:10E20000005F5AD103F4E062B2F5806F55D185F01A
:10E21000AA6383F4807333F47E1306D085F0AA6377
:10E2200083F4007333F47E1350D1C5F305432946BC
:10E230005046279AC9F80030FFF74CFF04460028E3
:10E2400064D10146282212A813F012FC2022214694
:10E250000AA813F00DFC12A814F086FD002875D151
:10E2600059465046099A0AAB00F0BAFA044600280B
:10E270004CD12D9B9E426CD8D9F80030309A9342F5
:10E2800067D8474508D2BB19984505D2394632466A
:10E29000404613F0D4FB47462F4B25F47E159D4294
:10E2A00016D003F580739D4234D06FF088040023AC
:10E2B0002E9A1360C9F8003028E042F2040293421B
:10E2C00004D185F0052383F48013ABE70023AEE788
:10E2D000D9F80030324606932F9B0397CDE904838B
:10E2E000299B0AA90293289B12A80193279B0093BC
:10E2F000269BFEF731FF212802D16FF08604D6E776
:10E3000010B16FF09204D2E72E9B1E6020461DB024
:10E31000BDE8F08F279B0C2B15D12F9B0022079374
:10E32000D9F800300AA9CDE90583299B0497039306
:10E33000289B12A80293279B0193269B00933346A8
:10E34000FFF7AAF9D7E76FF08504B0E76FF0920402
:10E35000DCE76FF08904D9E7000140052DE9F04FB3
:10E360009DB08B46DDE92A6598468146DDF89CA084
:10E370002E9F099228B96FF0860420461DB0BDE893
:10E38000F08F0029F7D0269B002BF4D0289B13B9DF
:10E39000299B002BEFD10EB9002DECD117B92F9B83
:10E3A000002BE8D1309B002BE5D02C9B002BE2D03A
:10E3B000524641464846FFF78DFE04460028DCD110
:10E3C0000146282212A813F053FB202221460AA856
:10E3D00013F04EFB12A814F0C7FC10B16FF09204BA
:10E3E000CBE759464846099A0AAB00F0F9F90446CA
:10E3F0000028C2D12F9B9D4248D8BE4208D2731933
:10E400009F4205D231462A46384613F018FB3E4655
:10E41000214B28F47E18984506D003F58073984563
:10E420001FD06FF08804A8E72D9B2A4606932C9BEB
:10E430000396CDE90473299B0AA90293289B12A88D
:10E44000CDE900A3269BFEF763FF212893D02C285B
:10E4500002D16FF0940490E70028BFD1309B1D607B
:10E460008BE7BAF10C0F14D12C9B2A4606932D9BF7
:10E470000396CDE90473299B0AA90293289B12A84D
:10E48000CDE900A3269BFFF77FFADEE76FF0890452
:10E4900073E76FF0850470E70001400537B5044667
:10E4A0001D4600230193B4F1F70361F10001092B2C
:10E4B00071F1000110463AD2082B38D8DFE803F09A
:10E4C0002F2537273725370520004FF440511B4BA8
:10E4D00003600DF010FD1A4BC36040F2FF13436060
:10E4E000069B032B26D90123042200208DF804303B
:10E4F0008DF80540019B2B60079B1A6003B030BD6F
:10E500000E4B4FF400510360E3E70E4BF9E70E4B5F
:10E510004FF4407103600DF0EEFC0C4BDCE70C4B4C
:10E520004FF4407103600DF0E6FC0A4BD4E76FF046
:10E530008B00E3E76FF08900E0E700BF1271000194
:10E54000FF06000612410001002480000010C004F4
:10E55000002400010002C003104B10B503440C4618
:10E56000052B17D8DFE803F00C0E10031412FF2060
:10E57000002140F2FF13C2E900010020236010BD1A
:10E58000FC20F5E7F820F3E7FA20F1E7F720EFE7C2
:10E59000FE20EDE76FF08B00F1E700BFFFFF00808A
:10E5A0002DE9F047884614461D46C4B000283ED0E9
:10E5B00000293CD0002A3AD0002B38D0038803F43D
:10E5C0004F42B2F5824F07D0B2F5884F04D06FF0BA
:10E5D000850044B0BDE8F087DAB2122AF7D123F003
:10E5E000FF03B3F5E24F25D143882B60DBB9E3008D
:10E5F0002B60B3F5807FEAD1002318463F4908EB32
:10E600000405214415F8012D11F8014D1043121B8A
:10E6100018BF0023A84543EA0203F3D138B1002B09
:10E6200005DA0020D5E7DA1DB4EBD20FE1D06FF0A8
:10E630008600CEE7B3F5824F5DD198F80030042B09
:10E64000F5D12822002118A813F012FA18A814F006
:10E650008BFB814600284BD14FF0880A22AF014640
:10E660005246384613F004FA0123202249466846F0
:10E670008DF8883013F0FCF92022013C08F10103E9
:10E68000494605940DEB0200E4000493640813F07E
:10E69000EFF92022494610A8CDE90C7A13F0E8F9E9
:10E6A000E02C6E46CDE9147A2C6002D0B4F5807F60
:10E6B000BDD1134B0734336008934FF40053B3605C
:10E6C0004FF48043E4080A93640010AB08A9324673
:10E6D00018A81194FFF780FA2B6804460733DB086B
:10E6E000590013B138460DF033FC002C99D09EE749
:10E6F0006FF092006DE76FF096006AE746620208DD
:10E7000020000080F8B5134642880C460732072ADD
:10E710004FEAD20101D0A1425AD1D0E90167058860
:10E7200020221846002113F0A3F9360A034616B139
:10E73000012E50D1C660002C4AD041F20102954210
:10E7400005D0B5F5885F02D0B5F5905F08D15C6063
:10E7500026B1B90707F0010212D4A2B3002011E0DC
:10E76000B5F5105F07D1182C03D0202C01D0102C48
:10E770002ED11C60EBE705F44F42B2F5824F02D078
:10E780006FF08500F8BDEAB2122AF9D1202CF7D13A
:10E79000124A25F0FF05B5F5E24F1A600CD0B5F529
:10E7A000824F15D14FF4005217F4705F09D017F45F
:10E7B000864F04D09A60E3E74FF48042F4E742F4D6
:10E7C00080629A60C4E79A6842F080729A60C5E7F6
:10E7D0006FF08600D6E76FF08B00D3E72000008053
:10E7E0002DE9F041164600221C4643688CB01B0AF6
:10E7F00080460D46009204D0012B56D06FF08B005E
:10E800008EE0008820F0FF03B3F5824F15D1B8F8F1
:10E8100002700737FF0800970DF077FB002800F023
:10E82000E9800B78042B05D1013EB6EB470F05F1CB
:10E83000010504D06FF0860072E03746009622464C
:10E8400039464046FFF75EFF002869D1F21CC4E953
:10E85000030522F003026261002F00F0AA8020224B
:10E86000002101A813F004F9394601AA4046FFF738
:10E8700049FFDDE90176DDE9072C0399002840F026
:10E8800098802368A568BB4240F093806768B742D0
:10E8900040F08F808D4240F08C80A169914240F021
:10E8A0008880E26962453BD083E0032EC2D90B78B1
:10E8B000012B40F0A280497800294BD0F739082974
:10E8C0009CD801A353F821F031E90008EDE80008D5
:10E8D000FDE7000827E90008FDE700084BE900080C
:10E8E000FDE700083BE9000843E900084FF4105633
:10E8F000F825434F1C22002102A813F0B9F8032386
:10E900000197CDE90435039601AA09AD134603CB5F
:10E91000AB42206061601A4604F10804F6D1002081
:10E920000CB0BDE8F08110274FF08076FA25E1E7C2
:10E9300020274FF00076F725DCE7FE25304F314EDB
:10E94000D8E7FF252E4F304ED4E74FF41056FC2564
:10E950002B4FCFE72B2E7FF66DAF2022204613F0F2
:10E9600087F805F1100315F0030723610DD001AB03
:10E9700005F1280C1A4628686968083503C2654500
:10E980001346F7D1286801AD10606B68103E236014
:10E99000AB686360EB686661A3600123E3601FB14D
:10E9A0002C2101A80DF0D4FA694620460CF092FF04
:10E9B00020B1202120460DF0CBFA3BE7B8F800301B
:10E9C000009F03F44F42B2F5824F02D0B2F5884F58
:10E9D0000ED1DAB2122A0BD123F0FF03B3F5824F26
:10E9E00006D17B0062691C339A42BFF435AFE0E781
:10E9F0003B46F7E76FF0850092E76FF091008FE7F5
:10EA0000200000800044000200440003144B034037
:10EA1000B3F1607F21D1C3B243F0007303F17E43B1
:10EA2000053B062B19D8DFE803F0041818080C1072
:10EA30001400142301200B6070471C2302200B607C
:10EA40007047202303200B607047302304200B60A5
:10EA50007047402305200B6070470020704700BFBF
:10EA60000000C07F2DE9F04F99B0DDF888B0064670
:10EA70000C4690469946DDF890A0BBF1000F02D1FC
:10EA80006FF0860410E0BAF1000FF9D00028F7D03B
:10EA9000282200210EA812F0EBFF0EA814F064F952
:10EAA000054628B16FF09204204619B0BDE8F08FFA
:10EAB0003B4B2340B3F1607F34D1059005A920463C
:10EAC000FFF7A4FF0246002867D0059FC4F3054363
:10EAD000BB42D5D814F47C1F1CBF1F460593239B53
:10EAE000BB4257D3202306AC31460293CDE90094B4
:10EAF00043460EA8FEF75EFD064628B93A46214673
:10EB0000584612F08FFF3D46202200212046CAF8C9
:10EB1000005012F0ADFF2023212E38D076B36FF0D5
:10EB200092042CE014F47C1FC4F305452DD0102D65
:10EB3000A6D8239B9D422DD81A4B24F47E149C42C8
:10EB40002BD106AC10220021204612F091FF314655
:10EB50004B46424600940EA8FEF7BEFC064600282F
:10EB6000DAD12A462146584612F05CFF102231467F
:10EB7000204612F07DFF1023CAF8005000240EA892
:10EB800008F028FC00288FD08CE71025D1E76FF023
:10EB90008604F4E76FF0890486E76FF0850483E765
:10EBA0000000C07F0002C003144B20F4FF7222F06B
:10EBB00001029A4210D0124A20F0FF0393420BD078
:10EBC00020F47F7121F00301A2F57062914203D01D
:10EBD00002F5A06293420DD110F0FF000DD0094B59
:10EBE00040F00070984207D0013398420CBF0320D8
:10EBF0000020704700207047022070470002000686
:10EC0000001300060800000230B5038803F44F44E7
:10EC1000B4F5824F02D0B4F5884F19D1DBB2124D52
:10EC200021F0FF046FF30801A94216D005F58855BD
:10EC3000AC4212D0122B13D162B1B4F1062F0FD116
:10EC40004388B3F5807F14BF6FF08500002030BD8E
:10EC50000023E4E7B1F1062FF1E76FF08600F6E755
:10EC60006FF08500F3E700BF000200062DE9F047D2
:10EC70008CB01746DDE9149498460E4601B98ABB5C
:10EC8000B8F1000F02D1B9F1000F2BD154B3184BDA
:10EC900098420FD00133984227D120234FF0030A26
:10ECA000994523600AD200236FF0890023600CB0DD
:10ECB000BDE8F0871C234FF0020AF1E702A814F028
:10ECC00053F8054610B16FF09200F0E73B4632462C
:10ECD0005146CDE9008902A8FEF72EFF0028E6D0B4
:10ECE0002560F0E76FF08600E1E76FF08500DEE772
:10ECF00008000002F8B504460D461646164F384681
:10ED00000DF002FE28B3AAB21449BB688B420BD2A5
:10ED100013498B4208D31B687BB9124981221248E0
:10ED200007F082FE812105E00E497F220E4807F0A0
:10ED30007BFE7F210B4807F06EFE21463846984740
:10ED4000002805DA26B12046294608F0D4FB002029
:10ED5000F8BD6FF01200FBE7B81F0208802202081E
:10ED600078220208EE5102086A4302084FF48041FB
:10ED700008B5054805F016F805F05AFB002818BF3D
:10ED80006FF0040008BD00BFFB33002008B5144B32
:10ED9000A8220021184612F06BFE032203460261EE
:10EDA00042611048104A98614FF48061DA61002294
:10EDB00019629A625A62DA6218660C485866996655
:10EDC0001A67DA665A67BFF35F8F094911F8010DB8
:10EDD00098540132102AF9D1BFF35F8F08BD00BFEC
:10EDE000000800209D5702080004002000000020B9
:10EDF000766202082DE9F84FDFF88080824698F8A5
:10EE000000308946532B164601D0FFF7BFFF182765
:10EE100007FB0A873D6FD7F86CB05D452BD9BC6EF8
:10EE2000796E641BB44228BF3446484629442246C2
:10EE300012F0F8FDBB6E2544AB4208BF0025A1448B
:10EE4000361BABEB050B5E4528BF5E4656B118235B
:10EE500003FB0A83596E32462944484612F0E2FD0C
:10EE60003444354424B1182303FB0A88C8F8705091
:10EE70002046BDE8F88F0024E3E700BF000800202B
:10EE8000F8B5182700FB0775124B0E461D4407FB0B
:10EE90000033DB6A1446012B0AD0022B14D023B9AD
:10EEA00028460DF0CCFC844208D900242046F8BD49
:10EEB00028460DF0C4FC844228BF04462246314651
:10EEC00028460DF0C5FCF1E72846BDE8F8400DF0F6
:10EED000DCBC00BF00080020F8B50B4B04461B78D3
:10EEE0000D46532B164601D0FFF750FFEFF3118765
:10EEF0004FF0200181F31188324629462046FFF762
:10EF0000BFFF87F31188F8BD000800201822034BCB
:10EF100002FB0033D86E1B6FC01A70470008002038
:10EF200010B4BFF35F8F00230B4A0C49C85C12F882
:10EF3000014D84420AD10133102BF7D10023BFF3D6
:10EF40005F8F2BB15DF8044BFFF720BF0123F6E77D
:10EF50005DF8044B704700BF76620208000800208D
:10EF600010B5436904463BB90020E268404253783B
:10EF700043F00103537010BD98470028F4D000F10E
:10EF8000FF03FE2B08D906490648212207F04CFD55
:10EF90002121034807F03FFDE36840421870E4E791
:10EFA000A65702086A43020810B5044607F021FD7F
:10EFB0000348452108F04AF820460DF0B0FC00BF98
:10EFC000C95702082DE9F34104460D46EFF31187B6
:10EFD000302383F31288BFF36F8FDFF8B480D8F843
:10EFE000086007F006FD07F004FD042C98BF204BD5
:10EFF00098F8102094BF53F824301E4B00924521FE
:10F0000022461D4808F022F84DB1EB69C3F308030E
:10F010002BB107F0EEFC4521184808F017F807F06F
:10F02000E8FC36B130460DF04BFD034608B10278DE
:10F0300002B9134B32464521124808F007F8294619
:10F040002046FFF7B1FF042C08D10F490F48A22238
:10F0500007F0EAFCA2210C4807F0DDFC87F31188D9
:10F06000BFF36F8F304602B0BDE8F041F6F7D4B978
:10F07000CC360208DD570208F35702082058020870
:10F08000EB57020845580208625802086A43020812
:10F09000C81C002038B50A4B53F82040013053F803
:10F0A0002050A54200D838BD606830B1037EDB0730
:10F0B00001D4FFF755FF0834F3E723689847FAE7D0
:10F0C000E03602080122F0B5494B4A4C4A4D87B060
:10F0D0001A70AC420ED9494940F22512484807F04F
:10F0E000A3FC40F22511454807F095FC54F8043B79
:10F0F0009847EEE7FAD30320FFF7CCFF414C424D8F
:10F10000AC420ED10420FFF7C5FF404C404DAC424D
:10F11000264628D939494322394807F085FC43213E
:10F12000E1E754F8043B002BECD09847E8E754F8AB
:10F13000083C059354F80C3C049354F8103C03939A
:10F1400054F8143C029354F8183C019354F81C3CB6
:10F15000009354E9092354E90B0101F075FC54F8BC
:10F160002C3C5E66D3E7AE4204F12C04DFD302F000
:10F170008FFB4FF40046254CAC422CD91F4964222A
:10F180001F4807F051FC6421ADE7A36A27685A1CA9
:10F190001DD040F2E730002123EAE373E3FB0601D0
:10F1A000B0F57A7F71F100030CD34FF47A7200232B
:10F1B000F0F7DEFF02460B4607F11800154902F092
:10F1C000C5FD02E0384601F0D1FC2C34D4E74FF005
:10F1D000FF321346F0E7D8D302F0A8FBF1F752F95B
:10F1E0000D4A938923F00103938107B0F0BD00BF5E
:10F1F000FB730020682202086C220208CE58020825
:10F200006A430208D8220208E02202086C2202089F
:10F210006C22020809140108E01B0020E8232DE9F4
:10F22000F041194D0F2203FB0055002386B04FF02B
:10F230000108CDE902324FF4A0720446134E14497E
:10F2400006EB401702FB0011CDE904830193284629
:10F25000104B009701F0F8FB2B7C04EB080223F025
:10F2600004032B740C4BFD6003EBC2237B60E31C97
:10F2700006EB031306EB04163C74FB6186F838803A
:10F2800006B0BDE8F08100BFF81A0020C81C0020BD
:10F29000E081002045F60008E07900207FB50020DD
:10F2A000FFF7F8FE414B03F5006282F3088883F311
:10F2B0000A88F0233E4C84F822302023E377002391
:10F2C00023766376A37684F82030E376626A42F48C
:10F2D000E0226262626A42F400226262A363E26830
:10F2E00092B242F0BF6242F40832E26084F8233006
:10F2F000F5F722FFF6F77AF84FF0FF33A362E362E7
:10F30000F6F7B6FAF6F71EF92A4801F019FC2A4B6F
:10F310002A4A93420AD92A49C1222A4807F084FB83
:10F32000C121274807F077FB1C33F2E7FCD3F2F743
:10F3300027FE254C254DAC420CD9214940F23522FF
:10F34000204807F071FB40F23521EAE754F8043B0E
:10F350009847F0E7FAD30120FFF79CFE02201C4CEF
:10F36000FFF798FE02F08CFA1A4B00251C621A4B2C
:10F370004FF40052059301231849CDE90353204669
:10F38000174BCDE90155009501F05EFB0646237C45
:10F39000204623F00403237401F0AEFD2846FFF756
:10F3A0003DFF314620460E4AF5F7F0FFE079002098
:10F3B00000ED00E0081D0020101F02080C200208CC
:10F3C000CE5802086A430208642202086822020832
:10F3D000E01B0020C81C0020EF58020820830020FA
:10F3E000C5F0000838B50B4C0B4DAC420FD90B499A
:10F3F0000B48252207F018FB2521084807F00BFBD6
:10F400002046D4E901120DF092FA1834EDE7F7D353
:10F41000002038BDF41100200C120020F75802081B
:10F420006A43020838B50A4C0A4DAC420ED90A4963
:10F430000A48A02207F0F8FAA021074807F0EBFAE3
:10F4400020460DF07FFA10B92034EEE7F8D338BD2E
:10F45000B4110020F4110020195902086A4302086F
:10F460002DE9F74305460E4691461C4600F1080774
:10F47000EFF31188302383F31288BFF36F8F384680
:10F4800002F06EFB38B92B498F222B4807F0CCFADB
:10F490008F21284822E0384602F0B6FB2B69FBB1E9
:10F4A00033601C68EB692C610133EB6114B96A6944
:10F4B00093421BD0EB68E41A09D4D5E905235A43DB
:10F4C000A24204D9B4FBF3F203FB124474B11B490A
:10F4D0001948E82207F0A8FAE821184807F09BFA33
:10F4E00059EA04020FD16FF00B043360384602F082
:10F4F00045FBC8B90F4940F23D120F4807F094FA96
:10F5000040F23D11C5E7CDE900942A464146384610
:10F5100001F0B4FF044618B9094B9B685B6933607E
:10F52000204603B0BDE8F08388F31188BFF36F8FE6
:10F53000F6E700BF0F5002086A4302081959020893
:10F54000C81C00202DE9F843C3680546CB1A0E46B7
:10F550001ED4D0E905125143994219D9B3FBF2F1F7
:10F5600002FB1133A3B900F10808EFF3118930232E
:10F5700083F31288BFF36F8F404602F0F1FA90B91F
:10F580002C498F222C4807F04FFA8F21294808E098
:10F590002A4929484FF4887207F046FA4FF48871D7
:10F5A000264807F038FA404602F02EFB2F6947BB89
:10F5B0002C68A54225D024B3A3683BB920491E4836
:10F5C000DD2207F031FADD211D48EAE7D4E90032F7
:10F5D00013605A60237CC4E9007723F0020323748C
:10F5E000A76004F1180002F077FC2046C4F89C7074
:10F5F000666101F023FC49464046BDE8F84301F04E
:10F6000005BE3760EB694046013B2E61EB6102F0BD
:10F61000B5FA40B9074940F23D12074807F004FA2D
:10F6200040F23D11B2E789F31188BFF36F8FBDE857
:10F63000F88300BF0F5002086A43020819590208F4
:10F640003E59020810B50C4B9B6893F90E30002B05
:10F6500009DB3024EFF3118384F31288BFF36F8F3B
:10F6600007F0F5FEF6E7054905481C2207F0DCF92E
:10F670001C21024807F0CFF9C81C00206959020874
:10F680006A4302082DE9F04F04469146984685B03A
:10F69000EFF305863EB17A49B3227A4807F0C4F900
:10F6A000B321774811E0EFF3118A302383F31288F6
:10F6B000BFF36F8F744802F053FA40B973498F2239
:10F6C000704807F0B1F98F21704807F0A4F96E482F
:10F6D00002F09AFA6E4FE368BA6893B1A16891425A
:10F6E0000FD059EA080338D1674802F047FA08B347
:10F6F0008AF31188BFF36F8F6FF00F0005B0BDE87C
:10F70000F08F0133012BC4E902230FD1BB68D3F87A
:10F71000882012B99A7B83F8942000212161D3F8C4
:10F720008C1004F1100271B9C3E92222564802F08C
:10F7300025FA60B9554940F23D12524807F074F974
:10F7400040F23D11C0E70A60C3F88C20EEE78AF36F
:10F750001188BFF36F8F0020D0E7C2F89040A568F2
:10F7600092F90E2095F90E304FF0100B9A42A8BF77
:10F770001A46B8F1FF3F08BFB9F1FF3F02920CBF34
:10F78000012300232246ABB1A96991B9D5F89010A5
:10F7900081B1287C80070DD58868B968884209D175
:10F7A000374940F20B12374807F03EF940F20B118F
:10F7B00077E7002395F90E100298814207DD014694
:10F7C000906803930DF0E0F8039B3043C6B2D5F880
:10F7D000902052B1297C890707D5A24205D0BBF100
:10F7E000010B02D09568002DCDD122465146CDE9BE
:10F7F0000098254801F042FE18B9BB68C3F8900094
:10F80000A9E7EFF31185302383F31288BFF36F8FDD
:10F810001D4802F0A5F900283FF450AF1A4802F045
:10F82000F3F90022BB68C3F89020A068D8B190F922
:10F830009410D0F888304BB90DF0A6F898B129464D
:10F84000114801F0E3FC6FF00A0057E71C4654F83A
:10F85000102DA24205D022B192F90E209142A8BFEC
:10F8600011461B68E7E7002EE9D1074802F086F948
:10F8700000283FF45FAF85F31188BFF36F8FE2E795
:10F880008A5902086A430208742F00200F500208A8
:10F89000C81C00202DE9F0410546EFF3058454B162
:10F8A0006A4940F281126A4807F0BEF840F28111BD
:10F8B000664807F0B0F88368002B00F0C080DFF8DE
:10F8C000A081D8F80820934240F0BC80C36843B9B7
:10F8D0005E4940F299125E4807F0A6F840F299118D
:10F8E000E6E7012B04D0013BC3600020BDE8F081B6
:10F8F000EFF31187302383F31288BFF36F8F5548DE
:10F9000002F02EF938B954498F22514807F08CF88B
:10F910008F215148CDE74F4802F076F9D8F80820FA
:10F9200005F11006D2F8881069B18E4235D12969E7
:10F930005CBBD2F88C30C2F888109E4201D1C2F86C
:10F940008C1000232B61D8F8083093F9941093F9A8
:10F950000E208A4205D0D3F888300BBBA8680DF082
:10F9600013F82C68A54228D100233A48C5E9023390
:10F9700002F004F900285DD1374940F23D123448C5
:10F9800007F052F840F23D11C3E72160D2F88C1025
:10F990008E4208BFC2F88C40D3E70C460968C3E723
:10F9A000184650F8102D824205D022B192F90E204F
:10F9B0009142A8BF11461B68CFE7002CD4D0A368A2
:10F9C0003BB926492248DD2207F02EF8DD212348E5
:10F9D0006FE74FF00008D4E9003213605A60237CCF
:10F9E000C4E9008823F002032374C4F8088004F1FA
:10F9F000180002F071FAAC60D4F8883013B9A37B18
:10FA000084F89430C5F81080D4F88C3073B9C4E908
:10FA1000226600232046C4F89030C4F89C3001F0E0
:10FA20000DFA39460B4801F0F1FB5EE71E60C4F8A1
:10FA30008C60EEE787F31188BFF36F8F55E76FF0A7
:10FA4000150053E74FF0FF3050E700BF8A59020816
:10FA50006A430208742F00200F5002083E59020822
:10FA6000C81C002008B5836843B90B490B48DD2248
:10FA700006F0DAFFDD21084806F0CDFFD0E90032BC
:10FA800013605A600023027CC0E9003322F00202B6
:10FA90000274836008BD00BF3E5902086A43020831
:10FAA0002DE9F84391469DF8202004460F46099D14
:10FAB00002B14768224652F80C8F04F108069045BF
:10FAC00019D0B8F1000F16D04046FFF7CBFF08F170
:10FAD000180002F001FA00234046C8F89C30C8F82C
:10FAE000149001F0ABF92946304601F08FFB002459
:10FAF0002046BDE8F883A3B1082002F063FF002888
:10FB000043D00122C0F804900260016801F00301B3
:10FB10005FB922680A430260626820606AB9606067
:10FB20000BE04846C9F80030EFE73A68032A21D8CD
:10FB300001606168C1B9C4E9000004F11400042146
:10FB400002F0ECFD04460028CDD1304602F016F854
:10FB5000F0B91249124840F23D1206F065FF40F23A
:10FB60003D110E4806F057FF0A6802F003020243F7
:10FB70000A60D4E722F003020A4302603A6802F006
:10FB8000030240EA02033B60D7E76FF00B04DCE7B7
:10FB900085F31188BFF36F8FAAE700BF0F500208EB
:10FBA0006A4302082DE9F041064600F10807EFF329
:10FBB0001188302383F31288BFF36F8F384601F02A
:10FBC000CFFF054640B922498F22224806F02CFF7C
:10FBD0008F211F4806F01FFF384602F015F8334604
:10FBE00053F80C4F9C4222D01CB32046FFF73AFF3B
:10FBF00004F1180002F070F900232046C4F89C308C
:10FC0000636101F01BF9082106F1140002F086FD82
:10FC100088B985B9384601F0B1FF90B90C4940F276
:10FC20003D120C4806F000FF40F23D11D1E70025DF
:10FC3000E9E72546E7E741463846BDE8F04101F0EF
:10FC4000E5BA88F31188BFF36F8FBDE8F08100BF7C
:10FC50000F5002086A430208F7B504460D4600F14A
:10FC60000806EFF31187302383F31288BFF36F8FF9
:10FC7000304601F075FF40B90B490C488F2206F061
:10FC8000D3FE8F21084806F0C6FE304601F0BCFFC7
:10FC90000123009300232A46194620460197FFF7C7
:10FCA000FFFE03B0F0BD00BF0F5002086A43020818
:10FCB000F7B504460D4600F10806EFF3118730232F
:10FCC00083F31288BFF36F8F304601F049FF40B9CC
:10FCD0000A490B488F2206F0A7FE8F21074806F03D
:10FCE0009AFE304601F090FF00232A46194620462E
:10FCF00001970093FFF7D4FE03B0F0BD0F50020848
:10FD00006A4302082DE9F743054690461F4600F175
:10FD10000806EFF31189302383F31288BFF36F8F46
:10FD2000304601F01DFF40B920498F22204806F0DF
:10FD30007BFE8F211D4806F06EFE304601F064FF09
:10FD40002C68D4B123686A6823F0030394422046E8
:10FD50004FF001012B6008BF6B600CF025FE0446DC
:10FD6000304601F00BFFC0B9104940F23D12104877
:10FD700006F05AFE40F23D11DCE758EA0703EFD0E7
:10FD800049463046CDE9008705F10C0201F076FBCB
:10FD900038B9084B9B685C6903E089F31188BFF3AD
:10FDA0006F8F204603B0BDE8F08300BF0F500208FC
:10FDB0006A430208C81C00202DE9F34105460E469F
:10FDC00000F10807EFF31188302383F31288BFF3A3
:10FDD0006F8F384601F0C4FE044640B919498F229E
:10FDE000194806F021FE8F21164806F014FE384609
:10FDF00001F00AFF2B684BB90122194600922846F0
:10FE00003246CDF80480FFF74BFE13E0B34215D124
:10FE1000384601F0B3FE40B90A4940F23D120A48A3
:10FE200006F002FE40F23D11DEE788F31188BFF3D1
:10FE30006F8F0024204602B0BDE8F0811B6823F0DC
:10FE40000303D8E70F5002086A43020870B504465E
:10FE500000F10805EFF31186302383F31288BFF316
:10FE60006F8F284601F07CFE40B912498F2212485C
:10FE700006F0DAFD8F210F4806F0CDFD284601F08F
:10FE8000C3FE206800210CF08FFD0446284601F0D7
:10FE900075FE40B9074940F23D12074806F0C4FD1F
:10FEA00040F23D11E7E786F31188BFF36F8F2046DC
:10FEB00070BD00BF0F5002086A43020870B50446C7
:10FEC00000F10805EFF31186302383F31288BFF3A6
:10FED0006F8F284601F044FE40B912498F22124824
:10FEE00006F0A2FD8F210F4806F095FD284601F08F
:10FEF0008BFE606800210CF057FD0446284601F097
:10FF00003DFE40B9074940F23D12074806F08CFD1E
:10FF100040F23D11E7E786F31188BFF36F8F20466B
:10FF200070BD00BF0F5002086A43020808B583681D
:10FF300043B90B490B48DD2206F076FDDD21084868
:10FF400006F069FDD0E9003213605A600023027C9C
:10FF5000C0E9003322F002020274836008BD00BFD2
:10FF60003E5902086A43020870B50446EFF3118651
:10FF7000302383F31288BFF36F8F234801F0F0FD25
:10FF800040B922498F22224806F04EFD8F211F489A
:10FF900006F041FD1C4801F037FE2568AC4214D044
:10FFA0009DB12846FFF7C2FF05F1180001F094FF4C
:10FFB00000232846C5F89C306B6100F03FFF3146B6
:10FFC000BDE87040104801F021B9D4E902329A42EC
:10FFD00018BF01330221A36004F1100002F09EFB60
:10FFE0000028ECD1084801F0C9FD40B9074940F2AA
:10FFF0003D12074806F018FD40F23D11C7E786F3B1
:020000040801F1
:100000001188BFF36F8F70BD782F00200F5002084A
:100010006A430208F7B5044616461D46EFF305830A
:100020005BB152EA050308D0264927489A2206F018
:10003000FBFC9A21234806F0EEFCEFF311873023F6
:1000400083F31288BFF36F8F204801F089FD38B920
:100050001F498F221C4806F0E7FC8F211C48EAE765
:100060001A4801F0D1FDA368ABB1013B1748A3606A
:1000700001F084FD40B9164940F23D12124806F0E5
:10008000D3FC40F23D11E9E787F31188BFF36F8F8E
:10009000002003B0F0BD56EA05030BD10B4801F078
:1000A0006DFD0028E7D087F31188BFF36F8F6FF0E5
:1000B0000F00EEE722463946CDE90065034801F01E
:1000C000DDF9E6E7AC5902086A430208782F002000
:1000D0000F5002082DE9F0410546EFF31187302358
:1000E00083F31288BFF36F8F264801F039FD06466F
:1000F00040B925498F22254806F096FC8F212248D9
:1001000006F089FC1F4801F07FFD4FF000082C68C5
:10011000A54212D08CB12046FFF708FF04F1180069
:1001200001F0DAFE6FF00A03C4F89C300023204689
:10013000636100F083FEB046E9E700230221AB6073
:1001400005F1100002F0EAFA78B9B8F1000F0CD10D
:100150000C4801F013FD70B90B4940F23D120B48F9
:1001600006F062FC40F23D11C9E73946BDE8F041B6
:10017000044801F04BB887F31188BFF36F8FBDE8D7
:10018000F08100BF782F00200F5002086A43020858
:1001900008B5836843B90B490B48DD2206F044FCDF
:1001A000DD21084806F037FCD0E9003213605A60C0
:1001B0000023027CC0E9003322F002020274836053
:1001C00008BD00BF3E5902086A4302082DE9F0410C
:1001D00004460E460C3003210CF00FFC054630B1EE
:1001E00030271034204601F077FE0B3002D028462D
:1001F000BDE8F0811548D6F8008001F0BFFC50B989
:10020000134940F23D12134806F00EFC40F23D1136
:100210000F4806F000FC88F31188BFF36F8FEFF3EF
:10022000118887F31288BFF36F8F084801F098FC9C
:1002300030B907498F22074806F0F6FB8F21E7E720
:10024000024801F0E1FCC6F80080CBE7842F0020D3
:100250000F5002086A4302082DE9FF4D044630267C
:100260004FF0FF3A4FF0FF3BEFF3118786F3128810
:10027000BFF36F8F784801F073FC40B977498F2244
:10028000774806F0D1FB8F21744806F0C4FB724812
:1002900001F0BAFCD4F8EC50F5B9022104F58270F3
:1002A0000CF0ABFB00283BD004F1FC08D4F8FC5068
:1002B000454547D0002D45D02846FFF769FF05F199
:1002C000180001F009FE0123C5F89C3000232846E0
:1002D0006B6100F0B3FDE9E7D4F8F0202B6895429C
:1002E00008BFC4F8F030C4F8EC30D4F804315A48F0
:1002F00043F00203C4F80431EB68D5F8048023F01E
:10030000040343F00103EB6001F038FC28BB5349C0
:1003100040F23D12524806F087FB40F23D11B3E730
:10032000D4F80431DD060DD5C4F804014A4801F0C3
:1003300025FC0028EBD087F31188BFF36F8F04B042
:10034000BDE8F08D00233946CDE900AB029304F1FE
:10035000F402414801F030FB86E787F31188BFF3D0
:100360006F8FB8F1000F09D13E493D484FF43C7200
:1003700006F05AFB4FF43C713A4886E72846C047DE
:10038000EFF3118786F31288BFF36F8F324801F0C5
:10039000E7FB00283FF472AF2F4801F035FCEB6813
:1003A000D90623F001023DD4EA60EB689A071CD518
:1003B000DFF8B4C023F00203DCF80000EB60A0B16A
:1003C0000022036888B141688D423BD103688ABB33
:1003D000DCF80420CCF80030904201D1CCF8043095
:1003E000002340F8083BFFF7BFFDD4F8043123F0A9
:1003F0000203C4F80431DB052CD4D4F8EC50003DE2
:1004000018BF0125144801F0B9FB00283FF47FAF65
:1004100087F31188BFF36F8F002D3FF425AF00F0F5
:1004200069FC21E723F01103EB6005F11000FFF7F1
:100430009BFDBAE71360DCF80430984208BFCCF8A3
:100440000420CDE702461BB1196818460B46B9E7F0
:100450001946FAE70025D5E7842F00200F5002083F
:100460006A430208CC5902087C2F0020F8B5C36803
:1004700004469A070E46C3F340054ED45F074ED498
:100480000B680BB983680B60E368D80735D5A368A0
:1004900053B92449244840F2571206F0C5FA40F2F5
:1004A0005711204806F0B7FA02253360376867B362
:1004B0001E4B9A68D7F8E8309A4220D10CF0F7FA30
:1004C00080F00100C0B2D7F80431D907C3F380022D
:1004D0001ED502B308B300232360D7F8F03083B9E8
:1004E000C7E93B4438460CF093FAE36843F0040351
:1004F000E3603368A3602846F8BD0125D6E70020F5
:10050000E1E71C60C7F8F040ECE76FF0150506E086
:100510006FF0120503E01B07DDD56FF00F05002318
:100520003360E8E7CC5902086A430208C81C00207F
:1005300073B50446EFF31185302383F31288BFF3BC
:100540006F8F194801F00CFB40B918498F221848E9
:1005500006F06AFA8F21154806F05DFA124801F09C
:1005600053FB00230321201F0193A4F110060CF07C
:1005700044FA28B1A369304601A90193FFF776FF39
:10058000094801F0FBFA40B9084940F23D12084819
:1005900006F04AFA40F23D11DDE785F31188BFF31A
:1005A0006F8F02B070BD00BF842F00200F50020873
:1005B0006A43020837B50C46019051B9254940F20B
:1005C0007D12254806F030FA40F27D11214806F0F0
:1005D00022FA4B6843B91F494FF4BF721E4806F018
:1005E00023FA4FF4BF71F1E7EFF31185302383F362
:1005F0001288BFF36F8F194801F0B2FA38B9184961
:100600008F22154806F010FA8F211548DFE71348AE
:1006100001F0FAFA204601A9FFF728FF041E06DDC3
:1006200029460E4800F0F2FD204603B030BD0B48CD
:1006300001F0A4FA40B90A4940F23D12064806F01A
:10064000F3F940F23D11E0E785F31188BFF36F8FB6
:10065000EAE700BFCC5902086A430208842F002051
:100660000F500208F0B589B004460E9D50B92D49CF
:100670004FF454722C4806F0D7F94FF454712948BE
:1006800006F0C9F941B9274940F25132264806F02F
:10069000CBF940F25131F2E7D0F8040110F001003B
:1006A00008D0204940F252321F4806F0BDF940F20E
:1006B0005231E4E7C4E93B0004F1F400C4E93D0031
:1006C00004F1FC00C4E93F0055B32879002840F24A
:1006D000011008BF0120C4F8040100204FF0FF36CC
:1006E0004FF0FF37CDE90330CDE90100CDE90667D2
:1006F00020460E4B009400F07DFA55B1296811B1E7
:1007000020460CF0DAF96B791BB1A38943F00103A1
:10071000A381204600F02AFAC4F8E84009B0F0BDF1
:100720000120D8E7CC5902086A430208590201089F
:1007300038B50D46044650B90E4940F205420E4800
:1007400006F072F940F205410A4806F064F941B931
:10075000084940F20642084806F066F940F20641B0
:10076000F2E73022002111F083F94FF480736560C5
:10077000E36038BDCC5902086A430208F0B585B081
:100780000C4616461D46019050B92E4940F2AC4227
:100790002D4806F049F940F2AC412A4806F03BF9F1
:1007A00041B9284940F2AD42274806F03DF940F2F0
:1007B000AD41F2E7EFF31187302383F31288BFF3E3
:1007C0006F8F224801F0CCF938B921498F221E4899
:1007D00006F02AF98F211E48E0E71C4801F014FAC0
:1007E000204603A90397FFF7F1FC55EA0603039F90
:1007F00011D1204601A9FFF739FE0446134801F044
:10080000BDF9B8B9124940F23D120F4806F00CF993
:1008100040F23D11DFE7E36804F1100043F0080304
:10082000E360019B3246A3620A492B4601F08EFA2F
:100830000124E3E787F31188BFF36F8F204605B0EB
:10084000F0BD00BFCC5902086A430208842F002083
:100850000F5002083105010801460148FFF78EBF1D
:10086000101E002037B5044650B91F491F4840F2FA
:10087000CE4206F0D9F840F2CE411B4806F0CBF844
:10088000EFF31185302383F31288BFF36F8F18487D
:1008900001F066F938B917498F22144806F0C4F8F8
:1008A0008F211448EAE7124801F0AEF9204601A969
:1008B0000195FFF78BFC2046019D0CF0C1F8044622
:1008C0000B4801F05BF940B90A4940F23D12074874
:1008D00006F0AAF840F23D11E3E785F31188BFF373
:1008E0006F8F204603B030BDCC5902086A4302081E
:1008F000842F00200F50020808B5836843B90B49C4
:100900000B48DD2206F090F8DD21084806F083F858
:10091000D0E9003213605A600023027CC0E9003342
:1009200022F002020274836008BD00BF3E59020833
:100930006A43020870B50546EFF31186302383F34E
:100940001288BFF36F8F1D4801F00AF940B91C49A6
:100950008F221C4806F068F88F21194806F05BF8D2
:10096000164801F051F92C68A54214D09CB12046DC
:10097000FFF7C2FF04F1180001F0AEFA0023204691
:10098000C4F89C30636100F059FA31460B4800F01E
:100990003DFC002070BD094801F0F0F840B908495D
:1009A00040F23D12074806F03FF840F23D11D4E70F
:1009B00086F31188BFF36F8FEBE700BF882F00200D
:1009C0000F5002086A4302082DE9F3411C4652EA1F
:1009D000040307460D4616462CD0EFF3118830234A
:1009E00083F31288BFF36F8F144801F0B9F840B950
:1009F000134914488F2206F017F88F21104806F08B
:100A00000AF80E4801F000F92846FEF743FFCDE949
:100A100000643A464146094800F030FD04464FF074
:100A2000FF324FF0FF332846FEF72CFE204602B07F
:100A3000BDE8F0816FF00A04F8E700BF882F0020BE
:100A40000F5002086A4302082DE9FF4799460F9BA1
:100A500004460F2B88460DD1324989450ED03249C4
:100A6000324840F2793205F0DFFF40F279312E480A
:100A700005F0D1FF03F110011E29F0D804F168013F
:100A8000C4E91A1110990025A181042100202174C4
:100A90000021073222F007073A46C4E90801A37390
:100AA000AA2108EB070A4046C4E90555A560E5738D
:100AB000E56110F0DDFF51462046F3F7CBFFA37B45
:100AC000C61D84F894300E9B26F00706E667C4E93D
:100AD0001D87C4E92255C4F8905002930D9BAAEBE0
:100AE000060601930C9B3246009341464B46204636
:100AF000F4F70AFC0E4B65669B682BB9C4F880308E
:100B0000304604B0BDE8F087D3F880301022C4F836
:100B10008030294604F1300010F0AAFF012384F848
:100B20003830EDE745F60008ED5902086A4302083F
:100B3000C81C0020014B986801F036BEC81C00207C
:100B4000012310B50374838100230446827BC0E92E
:100B50002233C0E91D33C0F8903080F8942001F0B2
:100B60002BFF014B9C6010BDC81C002038B504460B
:100B7000EFF31185302383F31288BFF36F8F1A4888
:100B800000F0EEFF40B919498F22194805F04CFFDB
:100B90008F21164805F03FFF134801F035F8237CFC
:100BA0005B070FD504F1180001F096F9237C20466D
:100BB00023F00403237400F041F92846BDE83840CF
:100BC00000F05CBB084800F0D9FF40B9074940F28B
:100BD0003D12074805F028FF40F23D11D9E785F3A3
:100BE0001188BFF36F8F38BD8C2F00200F50020883
:100BF0006A430208F0B587B00446DDE91276EFF3E8
:100C0000058555B1144915484FF47C7205F00CFF69
:100C10004FF47C71104805F0FEFE0595109D04957B
:100C20000F9D03950E9D02950D9D01950C9D0095C0
:100C3000FFF70AFF56EA070305D12046FFF796FFA4
:100C4000204607B0F0BD3A46334604F11800044987
:100C500001F07CF8F4E700BFED5902086A4302088E
:100C60000914010870B504468689EFF31185302315
:100C700083F31288BFF36F8F1A4800F071FF40B9F9
:100C800019498F22194805F0CFFE8F21164805F02B
:100C9000C2FE144800F0B8FF237C1A0711D5114892
:100CA00000F06CFF40B9104940F23D120F4805F0CA
:100CB000BBFE40F23D11E9E785F31188BFF36F8F6A
:100CC00070BD01222946204600F09AF9F307F7D5B6
:100CD0000749064840F2C96205F0A6FE40F2C96124
:100CE0000348D4E78C2F00200F5002086A43020803
:100CF000ED59020808B5EFF3058353B107490848D9
:100D000040F23F7205F090FE40F23F71034805F05B
:100D100082FEBDE8084000F0E7BA00BFED590208C6
:100D20006A43020810B50021044600F095FF6FF0F9
:100D30000A010A4A9368C3F89C100949C3F898400D
:100D40004B6843F080534B60002383F31188BFF35B
:100D50006F8F9368D3F89C0010BD00BFC81C0020A3
:100D600000ED00E008B5836843B909490948DD2270
:100D700005F05AFEDD21064805F04DFE0BF0A4FEFD
:100D8000037C23F0020303740023836008BD00BFCB
:100D90003E5902086A43020810B50446094800F0AB
:100DA000EDFE50B9084909484FF4BF7205F03CFE0A
:100DB0004FF4BF71044805F02EFE2046BDE81040F8
:100DC000FFF7B0BF8C2F00200F5002086A430208C3
:100DD00038B5184CA168A06A0B68814214BF1A4646
:100DE000002249680B605960A368A16A2AB9124AB7
:100DF000C3E900210B60A3620AE092F90E5093F957
:100E00000E00854212DD5168C3E900210B6053607A
:100E1000656A094B9D4200D005B9E568A3689D420B
:100E200002D028460BF06CFE256238BD8A42DED027
:100E30001268DBE7C81C0020EC1C002070B590F99C
:100E40001020037C002A44DBD90642D163F07F03E3
:100E50000374244B984208D123492448352205F0D5
:100E6000E3FD3521204805F0D6FD214C224652F8FD
:100E7000243FA16A934207D1C0E900210860A06223
:100E80000FE09942F8D01B68002BF5D093F90E6063
:100E900090F90E50AE42F4DD5968C0E900310860A7
:100EA0005860656A954200D005B9E568A3683BB90A
:100EB00010490E48EB2205F0B7FDEB210D48D2E7B3
:100EC0001A7CD20606D1DA897F2A03D9AA690AB91F
:100ED000236270BDAB4202D028460BF011FE2562A2
:100EE000F7E700BFF81A0020105A02086A43020808
:100EF000C81C00203A5A020838B50446EFF31185A1
:100F0000302383F31288BFF36F8F124800F028FE5E
:100F100040B911498F22114805F086FD8F210E48F6
:100F200005F079FD0B4800F06FFE2046FFF786FFC5
:100F3000084800F023FE40B9074940F23D12074837
:100F400005F072FD40F23D11E9E785F31188BFF32A
:100F50006F8F38BD8C2F00200F5002086A430208A3
:100F600038B590F910200146002A037C19DA1F4A8F
:100F700003F07F039042037408D11D493D221D48B0
:100F800005F052FD3D211A4805F045FDDC0706D568
:100F900017493E22174805F047FD3E21F3E70BF0C5
:100FA00093FD154D2A4652F8244FAB68944200D069
:100FB00004B9EC688B4210D03BB910490D48EB22C4
:100FC00005F032FDEB210D48DEE71A7CD20604D194
:100FD000DA897F2A01D9A2692AB1A34202D0204628
:100FE0000BF08EFD23462B6238BD00BFF81A00209F
:100FF000105A02086A430208C81C00203A5A020824
:101000002DE9F047B2F100080CBF4FF010094FF086
:101010000809027C044619EA020F0D4640F09C8044
:1010200049EA0203D2090DD10374B9F1080F40F067
:10103000CD80A36813B12046FFF794FE302704F15A
:10104000180640E0684A03F07F039042037408D119
:1010500066493D22664805F0E7FC3D21634805F0FE
:10106000DAFCDA0706D561493E22614805F0DCFC6E
:101070003E21F3E70BF028FDD7E75E4800F07EFD48
:1010800048B95D4940F23D12594805F0CDFC40F2A7
:101090003D115948E3E785F31188BFF36F8FEFF3F4
:1010A000118587F31288BFF36F8F524800F058FD07
:1010B00030B951498F224E4805F0B6FC8F21E8E740
:1010C0004C4800F0A1FD304600F006FF0B30D4D0B4
:1010D000A66E04F16807B74211D04FF0000A76B14E
:1010E0003046FFF73FFEC6F89CA006F1180000F05E
:1010F000F3FE3046FFF7A2FEA66EB742EFD13F4B9C
:101100009B689C4262D1EFF30587003F18BF01271F
:10111000DFF8E8A0534653F8246F9E4200D00EB982
:10112000DAF80C60DAF80830B34202D030460BF03F
:10113000E7FCB9F1100FCAF820600DD0204606F088
:101140007DF94FB162692E4B9A4202D1012000F025
:1011500073FD2C48FFF7F4FC284B9B68A34237D162
:10116000EFF30586002E33D1A389DB071ED5214876
:1011700000F004FD002884D085F31188BFF36F8F41
:1011800086F31188BFF36F8F0423184602DFEFF355
:101190001185302383F31288BFF36F8F154800F059
:1011A000DFFC002885D0134800F02EFD2846FFF70D
:1011B000F3FDB8F1000F15D013490D4840F26D1240
:1011C00005F032FC40F26D110F4848E700279FE719
:1011D000084800F0D3FC00283FF453AF85F3118892
:1011E000BFF36F8FBDE8F087F81A0020105A02088D
:1011F0006A4302088C2F00200F500208C81C0020F0
:1012000077620208081D0020665A020838B50346B6
:101210000C46D1B9EFF30585BDB9154A116A92683C
:10122000914212D000F0AAFC50B912494FF4BF729B
:10123000114805F0F9FB4FF4BF710E4805F0EBFBC8
:101240002846BDE83840FFF76DBD184600F096FC13
:1012500040B9084940F23D12074805F0E5FB40F26D
:101260003D11EAE784F31188BFF36F8F38BD00BFEB
:10127000C81C00200F5002086A43020801460148BA
:10128000FFF7C4BF8C2F002070B5144D06462B46C7
:1012900053F8244F9C4200D004B9EC68AB6843B9C2
:1012A0000F491048EB2205F0BFFBEB210C4805F07D
:1012B000B2FB1A7CD20604D1DA897F2A01D9A2694D
:1012C0002AB1A34202D020460BF01AFC23462B621F
:1012D0003046BDE87040FFF7D1BF00BFC81C0020FA
:1012E0003A5A02086A43020870B5EFF311863023B8
:1012F00083F31288BFF36F8F224800F031FC40B9AE
:10130000214922488F2205F08FFB8F211E4805F0CE
:1013100082FB1F4C1B4800F077FCA168A06A0B6899
:10132000814214BF1A46002249680B605960A368C5
:10133000A16A2AB9174AC3E900210B60A3620AE037
:1013400092F90E5093F90E00854216DD5168C3E9FB
:1013500000210B605360656A0E4B9D4200D005B9B9
:10136000E568A3689D4202D028460BF0C9FB2562C0
:101370003046BDE87040FFF70FBD8A42DAD01268F0
:10138000D7E700BF8C2F00200F5002086A430208E5
:10139000C81C0020EC1C002038B5836804460D46AC
:1013A00053B1174917484FF4DC7205F03DFB4FF479
:1013B000DC71134805F02FFBFFF7D2FD237C43F0CF
:1013C00002032374D5B1A5602B689D4209D16B68D7
:1013D000C4E900531C606C6010E06A689A42F6D061
:1013E0001B68002BF3D093F90E1094F90E20914254
:1013F000F3DD5A68C4E9003214605C6038BD00BF98
:10140000665A02086A43020838B50446EFF31185AC
:10141000302383F31288BFF36F8F154800F0A0FBD1
:1014200040B914498F22144805F0FEFA8F21114863
:1014300005F0F1FA0E4800F0E7FB204600F0B2FD9F
:1014400018B9A4F118000BF047FB094800F096FB0F
:1014500040B9084940F23D12074805F0E5FA40F26C
:101460003D11E4E785F31188BFF36F8F38BD00BFEE
:101470008C2F00200F5002086A4302082DE9F04724
:10148000DDE9088904460D461646EFF3058353B19E
:1014900028494FF40572284805F0C6FA4FF4057143
:1014A000244805F0B8FADFF8A4A0244FDAF80820A1
:1014B000234BB8421A6008D11E4940F21B221E4835
:1014C00005F0B2FA40F21B21EAE7EFF31183302373
:1014D00083F31288BFF36F8F384600F041FB38B9B1
:1014E00018498F22144805F09FFA8F211548D8E734
:1014F000384600F089FBDAF8087031463846FFF7C5
:101500004BFF42464B46104907F1180000F01EFC05
:10151000204600F033FB40B90A494FF4BF72064839
:1015200005F082FA4FF4BF71E0E72846BDE8F047C6
:10153000FFF732BC665A02086A4302088C2F00206B
:10154000902F00200F50020809140108C81C002029
:1015500070B50546EFF31184302383F31288BFF38F
:101560006F8F224800F0FCFA40B921498F222148B0
:1015700005F05AFA8F211E4805F04DFA1B4800F07D
:1015800043FBAB6813B12846FFF7ECFB3026183558
:10159000284600F0A1FC0B30144807D000F0EEFA0A
:1015A00038B184F31188BFF36F8F70BD00F0E6FA95
:1015B00040B90F4940F23D120E4805F035FA40F2AD
:1015C0003D11D8E784F31188BFF36F8FEFF31184D7
:1015D00086F31288BFF36F8F044800F0C1FA002829
:1015E000C3D0024800F010FBD2E700BF8C2F0020D0
:1015F0000F5002086A4302082DE9F04104460D46E7
:10160000EFF31187302383F31288BFF36F8F5248B3
:1016100000F0A6FA38B951498F22514805F004FA72
:101620008F214E4813E04C4800F0EEFA237C13F073
:101630001F065BD103F07F0323744A4B9C4208D101
:1016400049493D22464805F0EFF93D21464805F05D
:10165000E2F920460BF038FA237C6DB243F08003A8
:10166000DA07A573237406D53F4936223C4805F0B6
:10167000DBF93621EAE7DFF8F880424652F8243FEA
:10168000D8F82810934208D1C4E900210C60C8F8AA
:1016900028400DE08B42F7D01B68002BF4D093F963
:1016A0000E00A842F6DD5968C4E900310C605C60A8
:1016B000D8F82440944200D00CB9D8F80C40D8F89F
:1016C00008309C4202D020460BF01AFAC8F820409D
:1016D000214800F053FA002834D1204940F23D124D
:1016E0001F4805F0A1F940F23D119AE79B0727D565
:1016F000A16839B91D491A48DD2205F095F9DD21A7
:101700001A48A4E720466DB20BF0DEF9A5730B680A
:10171000994209D14B68C4E900131C604C60D7E7BB
:101720004A689342F6D01B68002BF3D093F90E2041
:10173000AA42F5DD5A68C4E9003214605C60C7E76C
:10174000A573C5E787F31188BFF36F8FB6FA86F0EC
:101750004009BDE8F08100BF8C2F00200F50020827
:101760006A430208F81A0020105A02083E5902087B
:10177000C81C00202DE9F84F06460D4680468A46D3
:10178000EFF30589B9F1000F08D035493548362205
:1017900005F04AF93621324805F03DF951EA0003D7
:1017A00005D1FFF7A7FA40465146BDE8F88FEFF3A1
:1017B000118B302383F31288BFF36F8F2A4800F018
:1017C000CFF938B929498F22264805F02DF98F2104
:1017D0002648E1E7264F244800F016FAB868254B62
:1017E0001860FFF7BDFBB86832462B462249183017
:1017F00000F0ACFABA680446137C1B4843F00403BB
:10180000137400F0BBF940B918494FF4BF72154882
:1018100005F00AF94FF4BF71DAE74946584600F07F
:101820001BFA6FF00A02BB68C3F89C20134AC3F886
:1018300098B0536843F08053536089F31188BFF325
:101840006F8FB5F1FF3F08BFB6F1FF3FABD00BF094
:1018500080F9201A20EAE07080464FEAE07AA2E799
:10186000885A02086A4302088C2F00200F50020891
:10187000C81C0020902F00200914010800ED00E092
:10188000024B03F12402C3E909227047C81C00205F
:1018900010B5EFF31184302383F31288BFF36F8FF9
:1018A0001D4800F05DF938B91C498F221C4805F02D
:1018B000BBF88F2119480CE0174800F0A5F9EFF3A9
:1018C000058343B117492022154805F0ADF82021C2
:1018D000144805F0A0F8144B9A68D37B012B06D16D
:1018E000104921220E4805F09FF82121F0E7013B25
:1018F000D373094800F042F940B9084940F23D125B
:10190000074805F091F840F23D11D3E784F31188C0
:10191000BFF36F8F10BD00BF8C2F00200F50020847
:101920006A430208AA5A0208C81C002038B5EFF31F
:101930001185302484F31288BFF36F8F164800F0AE
:101940000FF940B9154916488F2205F06DF88F211F
:10195000124805F060F8104800F056F9114B9A68EB
:10196000D37B3BB910492F220D4805F05DF82F219C
:101970000D48EEE7EFF3058131B10B4922460848E7
:1019800005F052F82146F3E70133D3732846BDE84A
:101990003840FFF779BC00BF8C2F00200F500208A1
:1019A0006A430208C81C0020AA5A0208014B986822
:1019B000704700BFC81C0020D3B5DDE90667089C4E
:1019C000CDE90067FFF75AFD1CB1034B9B685B69CB
:1019D000236002B0D0BD00BFC81C0020027C0346BB
:1019E00012F01F0210D10A4988420DD00949086837
:1019F00068B1D9897F2909D893F90E20064B1B6855
:101A00009A42B8BF002070470020704710467047C8
:101A1000F81A002030110020942F0020F8B50B4B4D
:101A200004461E7C18230A4D0A4F03FB0655284620
:101A300000F052FA34B1BB5D2846E21A0649D317CA
:101A400000F084F90023BB55F8BD00BFC81C00207E
:101A5000F01D0020FC7300205D1A010808B5A8B134
:101A60000F4B984212D303F1180290420ED2182263
:101A7000C01AB0FBF2F302FB13033BB90122A3F13E
:101A80005533C0105843074B1A5408BD0649074840
:101A9000412204F0C9FF4121034804F0BCFF00BF0C
:101AA000F01D0020FC730020D05A02086A4302088F
:101AB000F8B5EFF31187302383F31288BFF36F8FEC
:101AC000214800F04DF840B920498F22204804F009
:101AD000ABFF8F211D4804F09EFF1B4800F094F8D7
:101AE0001C4E1D4BB5681868A8420ED10BF008F8C3
:101AF000154800F043F808BB144940F23D12144861
:101B000004F092FF40F23D11E4E700221A60337CBA
:101B1000124AD35C002BEBD02846FFF75FFF044648
:101B20000028E5D02B7CDB06E2D1FFF751F9336AC0
:101B3000AB42DDD12046FFF771FFD9E787F311886B
:101B4000BFF36F8FF8BD00BF8C2F00200F5002082D
:101B50006A430208C81C0020902F0020FC7300205C
:101B6000006838B1044B00F003001B7CC01A18BF9A
:101B70000120704701207047C81C002070B5002468
:101B80001C4A1D49137C056851F823600460864295
:101B900008BF41F82340EFF30581926899B1117CA9
:101BA000C90710D5154951F82320013A002A41F8F8
:101BB00023201ADA12493622124804F035FF362162
:101BC0000F4804F028FF1A43AA4210D10B4951F8DC
:101BD0002320013A002A41F8232006DA08493E2250
:101BE000084804F021FF3E21EAE7012070BD0020F3
:101BF000FCE700BFC81C00209C2F0020982F00206D
:101C0000F85A02086A430208084A137C92681A4389
:101C10000260074A52F8231009B942F82300054927
:101C200051F82320013241F823207047C81C0020BE
:101C30009C2F0020982F00200021044B044A1B7C7D
:101C400042F82310034A42F823007047C81C0020C2
:101C50009C2F0020982F002070B5224C0546237C35
:101C6000214A224852F8232050F8233001B1013B89
:101C7000A068067C360715D546691D48864211D1F5
:101C8000081E18BF0120FFF7D7FF4DB3A3681B7CC8
:101C900013F0090F24D11749A922174804F0C4FEF4
:101CA000A92107E0002B08DA12499522124804F016
:101CB000BBFE95210F4804F0AEFE42B1914206D022
:101CC0000C4998220C4804F0AFFE9821F2E7002B53
:101CD000DBD008499E22084804F0A6FE9E21E9E7D1
:101CE00070BD00BFC81C00209C2F0020982F002032
:101CF00077620208F85A02086A430208024B186821
:101D0000984208BF0020704734110020024B186829
:101D100008B1FBF707BA70473C11002070B50246C6
:101D2000FFF7ECFF0346002007494D68014603B961
:101D300070BDD3E90246001941EB06019342F7D08A
:101D4000AB42F5D01B68F2E734110020B3F1FF3F3E
:101D500008BFB2F1FF3F2DE9F84F04469B461546F8
:101D60001F4600F0A780D0F80090B9F1000F08D00E
:101D700052495348BC2204F057FEBC214F4804F09E
:101D80004AFE0161EFF3118A302383F31288BFF317
:101D90006F8F4C48FFF7E4FE804638B94A498F22DE
:101DA000474804F041FE8F214748E8E74548FFF7E0
:101DB0002BFFBBF1000F454923DBFFF7A7FF444B87
:101DC00006461A684149003A18BF012245194BF1ED
:101DD0000003521943F10003D1E90057551943EBB1
:101DE0000707C4E90223FFF789FFDFF8E8E0DEF820
:101DF0000490D8B9C4E900E9C9F80040CEF804401D
:101E000026E06FF00102D1E900034FF0FF31121A12
:101E100061EB0303521B63EB0B03012A73F1000117
:101E2000BCBF01224B464FF00008DAE7D0E9022C94
:101E3000D4E90231934271EB0C0B2ADAD21A4368CF
:101E40006CEB0101C0E90221C4E900031C6044609D
:101E5000FFF754FF84420FD11D4B1B6801330BD198
:101E6000B8F1000F02D1FFF751FF064630460AF0E5
:101E70004EFE0021FBF706F91248FFF77FFE88B9F6
:101E8000114940F23D120E4804F0CEFD40F23D11E2
:101E90008AE79B1A61EB0C014845C4E90231A9D0DD
:101EA0000068A6E78AF31188BFF36F8F284639468A
:101EB000BDE8F88F00252F46F8E700BF265B020833
:101EC0006A430208A82F00200F500208081E0020B5
:101ED0003C11002034110020F8B50446EFF31186C0
:101EE000302383F31288BFF36F8F2948FFF738FE42
:101EF00040B928498F22284804F096FD8F212548B3
:101F000004F089FD2248FFF77FFE2268002A36D0C0
:101F1000FFF7F4FE214B5B689C4208D0D2E9023106
:101F2000D4E90275DB1941EB0501C2E90231D4E9BC
:101F300000320025844213605A60C4E9005516D06F
:101F40000025174A1248136823F001018C4204BF90
:101F500043F001031360FFF711FE98B90D4940F2F9
:101F60003D120D4804F060FD40F23D11C7E7FFF758
:101F7000CDFE0AF0CCFD2946FBF784F8E0E76FF0D0
:101F80001505DEE786F31188BFF36F8F2846F8BD8D
:101F9000A82F00200F5002086A43020834110020C5
:101FA000A02F002038B50446EFF31185302383F3CA
:101FB0001288BFF36F8F1548FFF7D2FD40B914495F
:101FC0008F22144804F030FD8F21114804F023FDC6
:101FD0000E48FFF719FE104B44F001041B680B4834
:101FE0001B1B5C425C41FFF7C9FD40B9084940F248
:101FF0003D12084804F018FD40F23D11E5E785F375
:102000001188BFF36F8F204638BD00BFA82F002076
:102010000F5002086A430208A02F002070B5054641
:10202000EFF31186302383F31288BFF36F8F1948C3
:10203000FFF796FD40B918498F22184804F0F4FCC8
:102040008F21154804F0E7FC1248FFF7DDFD2C68EE
:10205000B4B12846FFF762FE04460D46FFF756FE70
:10206000241A65F100050B48FFF788FD50B90A49AD
:1020700040F23D12094804F0D7FC40F23D11E0E780
:102080002546F0E786F31188BFF36F8F2046294677
:1020900070BD00BFA82F00200F5002086A4302083D
:1020A0002DE9F84F00230E46DFF82881444D454FB7
:1020B000DFF82491C8F800002B60D8F800A0BAF12E
:1020C000000F15D14FF0FF3350462B600AF01FFD73
:1020D0005146FAF7D7FF3C48FFF750FD002846D09D
:1020E00086F31188BFF36F8FBDE8F84FFFF7E0BCB0
:1020F000FFF704FE6FF0004330B1D0E902129942BD
:1021000072F10002B8BF0B4653459C4684BF53464C
:10211000D4464FEAE37E30B1D0E90224D21A64EB10
:102120000E04C0E90224D7E90021D218AAEB0C035F
:102130004FF0000A41EB0E01C7E90021C8F800305A
:10214000FFF7DCFD04460028B7D0D0E90232134384
:10215000B3D1D0E9003213605A60D0F810B0C0E9B2
:1021600000AAC9F800001848FFF708FD50B9174940
:1021700040F23D12164804F057FC40F23D1113485E
:1021800004F049FC86F31188BFF36F8F2046D847CF
:10219000EFF31186302383F31288BFF36F8F0A4861
:1021A000FFF7DEFC30B909498F22094804F03CFCF6
:1021B0008F21E4E70448FFF727FDC9F800A0BFE737
:1021C0003C110020081E0020A82F00200F500208FC
:1021D0006A430208A42F0020A02F002010B5EFF3BF
:1021E0001184302383F31288BFF36F8F0848FFF701
:1021F000B7FC40B9074908488F2204F015FC8F212D
:10220000044804F008FC0248FFF7FEFC204610BD1D
:10221000A82F00200F5002086A43020870B5EFF3A0
:102220001186302383F31288BFF36F8F1548FFF7B1
:1022300097FC40B914498F22144804F0F5FB8F2114
:10224000114804F0E8FB0F48FFF7DEFCFFF75EFDE6
:102250000F4AD2E9004504190A4845F10005FFF785
:102260008DFC40B9084940F23D12084804F0DCFBFF
:1022700040F23D11E4E786F31188BFF36F8F2046EB
:10228000294670BDA82F00200F5002086A4302089B
:10229000081E00202DE9F74F00250F461446804602
:1022A0002E464FF0300AA9460193BD4203DB30466B
:1022B00003B0BDE8F08FEFF3118B8AF31288BFF300
:1022C0006F8F6B48FFF74CFC38B96A498F226A4818
:1022D00004F0AAFB8F2167486FE06548FFF794FC84
:1022E00098F80D3003F03F03102B5FD8DFE803F0C0
:1022F0003148095E2C5E5E5E4F5E5E5E5E5E5E5ED7
:102300005600D8F810309B681BB30223D8F80C2075
:10231000C8F80890C2F38630034363F39432C8F8D8
:102320000C2084F800905248FFF728FC08F11408AC
:10233000002840F097804F4940F23D124E4804F08B
:1023400073FB40F23D11C6E7D8F810301B68002B34
:1023500035D1019B002BE6D12378002BE3D098F8F0
:102360000D3003F03F03102B75D8DFE803F0394B35
:102370002A743D747474587474747474747466003C
:10238000D8F810309B68002BE3D00123BEE7D8F8C3
:1023900010305B6A002BDCD01023B7E7D8F8103080
:1023A000DA895B899A42D4D02023AFE7334962228D
:1023B000314804F039FB6221304804F02CFB04233F
:1023C000A4E7D8F8100030B92C498C222A4804F030
:1023D0002BFB8C21F0E72246414610300AF005FC29
:1023E000C8F8084001369EE7D8F8100030B92349F4
:1023F0009022214804F018FB9021DDE72246414657
:102400001430EBE7D8F8100030B91C4994221A4870
:1024100004F00AFB9421CFE722464146DEE7D8F8D4
:10242000100030B915499822134804F0FDFA98219C
:10243000C2E7224641462830D0E7D8F8100030B92C
:102440000E499C220C4804F0EFFA9C21B4E7224686
:1024500041463030C2E70949A322074804F0E4FAB4
:10246000A321A9E78BF31188BFF36F8F01351CE718
:10247000AC2F00200F5002086A4302085E5B02087E
:1024800014232DE9F04115460C460026302703FBA6
:1024900001000CB9BDE8F08110F8073CA0F1140868
:1024A00003F03F0340F80C6C102B3FD8DFE803F03B
:1024B0004E20093E163E3E3E2A3E3E3E3E3E3E3EBB
:1024C000340050F8043C002B37D13549B32235484D
:1024D00004F0AAFAB321324804F09DFA50F8043C03
:1024E0005BBB2F49B7222F4804F09EFAB721F2E7D1
:1024F00050F8043C0BBB2A49BB222A4804F094FA4A
:10250000BB21E8E750F8043CBBB92549BF22254868
:1025100004F08AFABF21DEE750F8043C6BB9204989
:10252000C322204804F080FAC321D4E71C49CA2200
:102530001C4804F079FACA21CDE750F8143C2BB1BD
:1025400050F8102C13605A6040E905661648FFF7F2
:1025500015FB48B9154940F23D12124804F064FADF
:1025600040F23D111148B7E785F31188BFF36F8F33
:10257000EFF3118587F31288BFF36F8F0A48FFF7D7
:10258000EFFA013C30B909498F22064804F04CFAB1
:102590008F21E7E70448FFF737FB404679E700BFA4
:1025A0005E5B02086A430208AC2F00200F5002084D
:1025B0002DE9F04F1E46534B85B09C68012305461C
:1025C000174684F8703084F87130EFF3058BBBF157
:1025D000000F0AD04C494FF492724C4804F024FA90
:1025E0004FF49271484804F016FA40B9464940F257
:1025F0002512464804F018FA40F22511F2E70029A6
:1026000008DA41494FF49372404804F00DFA4FF450
:102610009371E7E752EA06030CBF0123002304F19C
:102620007002FFF737FE8046EFF311894FF0300A52
:102630008AF31288BFF36F8F3548FFF791FA38B9E4
:1026400034498F22314804F0EFF98F213148CAE72D
:102650002F48FFF7D9FA94F87030E3B94A4641465B
:1026600028460393FFF70CFF2948FFF787FA039BDF
:1026700040B9284940F23D12244804F0D5F940F20F
:102680003D11E3E789F31188BFF36F8F1C462046A5
:1026900005B0BDE8F08F57EA060384F870B00BD19F
:1026A0001B48FFF76BFA0028E3D089F31188BFF3CA
:1026B0006F8F6FF00A04EAE74946CDE90076164AC3
:1026C0001348FEF7DBFE0446EFF311868AF3128807
:1026D000BFF36F8F0E48FFF743FA0028B0D00C48C5
:1026E000FFF792FA284632464146FFF7C9FE0848EE
:1026F000FFF744FA0028BCD086F31188BFF36F8F30
:10270000C5E700BFC81C00205E5B02086A430208E0
:10271000AC2F00200F50020844110020F8B50546E8
:102720000E46EFF31187302383F31288BFF36F8FC8
:102730001A48FFF715FA40B919498F22194804F0D1
:1027400073F98F21164804F066F91448FFF75CFA14
:102750002C68A54217D0D4E9003213605A600023D8
:1027600031462046C4E900330AF066FA0B48FFF709
:1027700005FA50B90A4940F23D120A4804F054F9EA
:1027800040F23D11DEE70024F0E787F31188BFF344
:102790006F8F201E18BF0120F8BD00BFAC2F002096
:1027A0000F5002086A43020808B5FAF7CDFC012869
:1027B00038BF0120014B986108BD00BFC81C002034
:1027C00070B5EFF31186302383F31288BFF36F8F58
:1027D0001E48FFF7C5F940B91D498F221D4804F076
:1027E00023F98F211A4804F016F91B4D1748FFF7FB
:1027F0000BFAAC69ACB1FAF7A7FCAB6801282CBFA7
:10280000C4EB0001C4F1010193F8382032B1D3E9DF
:102810000C20521840F10000C3E90C200E480AF0C9
:1028200051FA00230948AB61FFF7A8F940B90849FC
:1028300040F23D12074804F0F7F840F23D11D1E7AD
:1028400086F31188BFF36F8F70BD00BFB02F0020DB
:102850000F5002086A430208C81C00202DE9F84FF7
:102860004F1E0F4206460D469A4607D025491722AD
:10287000254804F0D9F81721224817E0141D3ED24C
:1028800041F0040B00F11408EFF31189302383F3B6
:102890001288BFF36F8F4046FFF762F940B91B49BA
:1028A0008F22194804F0C0F88F21184804F0B3F8BB
:1028B0004046FFF7A9F9224659463046D04704461C
:1028C0004046FFF75BF940B9104940F23D120E480F
:1028D00004F0AAF840F23D11E7E789F31188BFF34D
:1028E0006F8F64B1204640F8046B4DB1384207D079
:1028F00004493422044804F097F83421BCE700204E
:10290000BDE8F88F7F5B02086A4302080F50020897
:102910002DE9F04105460E4617460AF0C8F830B9D1
:10292000074B9B68D3F8804014B9BDE8F081054C93
:102930003B46324629462046BDE8F041FFF78EBFB0
:10294000C81C0020F4110020F8B580B350F8045CD6
:10295000071F05F11404EFF31186302383F3128867
:10296000BFF36F8F2046FFF7FBF840B910498F2265
:10297000104804F059F88F210D4804F04CF8204617
:10298000FFF742F928463946EFF70AF92046FFF7E4
:10299000F5F840B9064940F23D12064804F044F803
:1029A00040F23D11E8E786F31188BFF36F8FF8BD61
:1029B0000F5002086A430208014BC0F8803070478C
:1029C000F41100200146024A0020FFF7A1BF00BF1A
:1029D000E969010807B5064B4FF400620093054909
:1029E0004FF0FF330448FDF73DFE03B05DF804FBF4
:1029F000F836020870030120101E00202D2828BF81
:102A0000002010B4074C04EB8000074CD4E8AF4F13
:102A10001CB1A4465DF8044B60475DF8044B00F020
:102A200063B800BF78620208B42F002007B50346E0
:102A3000CDE9001200200121024A0AF053F903B047
:102A40005DF804FBAC5B020838B5094BD3E8EF2F07
:102A5000541CC3E8E54F002DF8D1002A04DC0AF02D
:102A60004EF908B1F3F702F84FF0000038BD00BF8F
:102A7000B82F0020014B0AF0B3B900BF03CD010805
:102A80001FB513460022039203AA0192202200924E
:102A90000A46014604480EF0D6F8002814BFAC20C0
:102AA000002005B05DF804FB090000021FB54FF0DF
:102AB000000C1C4640F20123CDE900126A4605498C
:102AC000CDE9023CEFF7DCFE039B0298236004B0E3
:102AD00010BD00BF5DCF010811B10AB90122014943
:102AE0000AF06BBA4B2E0208F0B5C1B00D4616467F
:102AF0004FF48071154A1F460346684601F046FFB1
:102B00006846EDF759FB3B46C0F580713246684494
:102B100002F0FEFC012D07D0032D11D00AF07FFA40
:102B20006B460246492104E00AF079FA6B460246F8
:102B30004521074804F08AFA0AF07EFA41B0F0BD58
:102B40000AF06DFA6B4602464421F2E7BC5B0208CC
:102B5000C15B02082DE9F04F07460D4601204B21CD
:102B600097B0144601F052F98046002800F0208109
:102B7000002309933B7A386807930DF0B4F92B19B9
:102B800005902946FA680AA806930A930AF007FCFA
:102B9000041EC0F2F480264641D0224629460AA8E7
:102BA0000DF091FB041EC0F2EA80302229460AA8EB
:102BB0000DF0ADFB0028C0F2F08034440619324617
:102BC00029460AA80DF07FFB041EC0F2D8803122EE
:102BD00029460AA80DF09BFBB0F10009C0F2DB808A
:102BE00009232946744A0AA80DF0FAFB0028C0F20E
:102BF000D48026444E4400EB06094A4629460AA8DA
:102C00000DF061FB041EC0F2BA80302229460AA8EA
:102C10000DF07DFB061EC0F2C280A1444E44324638
:102C200029460AA80DF04FFBB0F1000AC0F2B180AE
:102C3000A02229460AA80DF06AFBB0F10009C0F2F3
:102C4000AA800A9A29463868521B0DF005FA041E1C
:102C5000C0F295800A9B29461B1B7A680AA80A9332
:102C60000AF0EDFAA346041EC0F28980002229462C
:102C70000AA80DF0FFFB0028C0F28F8056444E4496
:102C80005E44264400EB06094A4629460AA80DF090
:102C90001AFB041E73DB302229460AA80DF037FB0D
:102CA000061E7CDB0DAB019320230798A1444E4404
:102CB000009332460A990EAB40F000700DF0C3FF4E
:102CC00000286ED1059B23F4405244F201039A423E
:102CD0005CD0059B23F4435323F03F03B3F5824FAD
:102CE00062D14FF0030A0CAB03934B234FF0000962
:102CF000CDE90183CDF8009050463A7A39680EABA1
:102D000000F0A0FD0446002839D15046397A09ABBD
:102D100008AA00F0D7F9044688BB32460A9928462B
:102D20000EF08DFE069BCDF808A00B930C9BA91905
:102D3000CDE90083DDE908230BA80AF0E6FA041EBA
:102D40001DDB0B983246801B294626440B900EF063
:102D500076FE324629460BA80DF0B5FA041E0EDBAE
:102D6000302229460BA80DF0D2FA071E1EDB0B9A63
:102D700049462846521B0EF07BFE34443C444046F4
:102D800001F04AF8204617B0BDE8F08F4FF0010A75
:102D9000A9E75446F3E74C46F1E70446EFE734462B
:102DA000EDE76FF09204EAE7044CE8E73C46E6E71B
:102DB0006FF08C04E6E700BFD15B020800DDFFFF87
:102DC000002330B587B00C4615460593FFF7C2FEC9
:102DD00000280ADB2A1A05ABCDE901530449034652
:102DE0000094044822440DF0D6FB07B030BD00BF6C
:102DF000DB5B0208FE5B02080346002070B518602A
:102E00000A266FF067000D4D0C68944203D22478B7
:102E1000303C092C00D970BD1C68AC420BD87443FF
:102E20001C60086800782044303818600868013059
:102E300008600020E8E76FF06700ECE799999919BE
:102E40002DE9F04FCFB0069008460C46EDF7B4F9E7
:102E50002318049305230B9300230993069B0DF17C
:102E60002C091D68002D40F021812646AA464FF00E
:102E7000010B8F4F03950595049B9E4202D9002DAF
:102E800065D134E0BBF1000F41D032783D2A40F0EB
:102E90000B81DFF82C82321BD8F80030039353B932
:102EA00021464846C9E901A50AF036F9D9E901A544
:102EB00050B37F4F1BE0D8F804108A4207D1214657
:102EC000039807920EF006FE079A059010B108F1DC
:102ED0001008E1E7D8F80800EDF76EF901468246E0
:102EE000012000F093FF054628B96FF08C073846A3
:102EF0004FB0BDE8F08F5246D8F808100EF092FDA2
:102F0000DDF814B0CDF80C80741CCDF814B0337813
:102F10002C2B03D116F8013C5C2B03D1049B9E4261
:102F200040F0C080A64203D1284600F075FFC0E7FC
:102F30002378232B71D1331B591E11F0010805D1C1
:102F4000033BB3F5027F4FEA510B04D3584F284699
:102F500000F062FFCBE75946012000F057FF07461B
:102F6000002857D0013420460AF0C4F8431C4DD045
:102F700007F8080008F10108C34504F10204F2D87B
:102F80003B460DF1280813F8014B404609AA07EB10
:102F90000B010A930DF0E9F8002837D1099AB2F530
:102FA000807F33D81F2C0A9907D8424BE340D807BB
:102FB00003D50B465018984223D10EA80EF032FDCF
:102FC000384600F029FF099B52460093294606988F
:102FD0000EAB0DF066FA0746284600F01DFF002FE5
:102FE00083D03346FC601E46049A0133B2421C462D
:102FF00002D07278202AF6D000254FF0010B2F4620
:1030000052E013F801CBBCF1000FD4D1384600F0E8
:1030100003FF9BE76FF08C0799E7059B002B83D19B
:103020000DF13808A64206D80EABA8EB03030993AE
:10303000039BDC68C7E794F800B0BBF15C0F2DD1AF
:10304000A21C964204F10107079217D938460AF0EC
:1030500051F8431C12D000283FF466AF079A08F1DC
:10306000010C5FFA80FB0EABACEB030CBCF5807F70
:1030700008F801BB3FF458AF541CD3E7BE427FF6BB
:1030800053AF94F801B00C4859460EF016FD0028D5
:103090003FF44AAF3A4608F1010CE4E7224608F152
:1030A000010CE0E74FF0000B0136E5E6034F1EE7A9
:1030B00080DCFFFF00105850235C020800D8FFFF9F
:1030C0000437020870B5094C25680DB9084809E0B5
:1030D000667C864207D1267C8E4204D10020156092
:1030E00062681A6070BD1434EEE700BFD43802087D
:1030F00000DFFFFF2DE9F04F99B0CDE9021000216C
:103100001846019205930AF093FB002800F0E7812E
:103110004FF001098E4B05991493019815ABADF84A
:103120003090ADF83890CDF84090CDF8489013939A
:103130000AF007FB01301ED1039B33B9029B9BB9F8
:103140000023184619B0BDE8F08F002103980AF05B
:103150007CFA0028F2D00024A046A2462746264644
:1031600000946FF08C03D5E0DDE901100AF036FA27
:103170000028F0D1E4E7002501990BA80B95ADF8E4
:1031800032500AF02BFA0B9E0446BDF8327000282C
:1031900040F09E810D90ADF83A0005990DA80AF017
:1031A0001DFADDF834A00546BDF83A80002840F04D
:1031B0009481019B0F90D9880FA80231ADF8389007
:1031C000ADF830900AF071F9044618B10F9B2C4607
:1031D0000093C6E701460FA80AF037FA0F9B009349
:1031E0000028BED1019B1190D98811A802310AF0A4
:1031F0005CF9119C83460028B3D10DA80AF051FA5E
:1032000000F01F001F2870D0C0F11F0319460BA843
:1032100004930AF06EFA0B9EBDF832700028A0D11C
:1032200004990DA80AF065FADDF834A0BDF83A80DB
:10323000002896D1C1463D46A7EB080B4FEA4B1339
:1032400019460DA8CDF834A0ADF83A8007930AF0DE
:1032500050FADDF834A0BDF83A80002881D1009BF7
:1032600003EB8B0B0DA90BA80B96ADF83270CDF8C4
:1032700034A0ADF83A800AF093FA00283ADA09F15E
:10328000FF3307990DA806930AF052FA09F1FF33AC
:103290000AEB8303079309F18043023B0AEB8303A4
:1032A00005F1FF3B05F180450993013D009BA5EB2E
:1032B000090503EB8505069B9B454BD8039B73B122
:1032C00018460FA90AF08AF900287FF44AAF019B3B
:1032D000059A9B88928813FB02F3039A9380029BC2
:1032E000002B40F0D880002314E0C1463D46CDF8C5
:1032F00010B0A1E7DBF800300BA90133CBF80030A8
:1033000008460DAA0AF083FB0B9E0346BDF83270F7
:103310000028A7D00BA801930B96ADF832700AF0E5
:10332000B6F80DA8CDF834A0ADF83A800AF0AFF8A1
:10333000009B0FA80F930AF0AAF811A811940AF0A5
:10334000A6F80C2115A800F077FD019BF9E600BF57
:1033500001000300079B56F82B101A684FEA8B09EF
:10336000A9F104003318914208934AD2002330583F
:10337000ECF7FEFE002914BF4FF0FF330346BBF10C
:10338000010F2B600EBF0023B14459F8083C159380
:10339000089B1B68169306EB8B031B6817932B681F
:1033A00001332B602B680021013B2B6011A8119485
:1033B0000AF04BF9119C00287FF4D3AE069B1BB397
:1033C000099B1B682360079B11A91B680846636063
:1033D0002A680AF0BDFB119C00287FF4C2AE13A935
:1033E00011A80AF0DDF90028DCDC2A680DA911A873
:1033F000CDF834A0ADF83A800AF0AAFB30B1119CA8
:10340000AFE64FF0FF33BAE7069BDBE76FF0070349
:10341000009A4FEAC50902FB039911A849460AF030
:1034200068F9119C00287FF49CAE0BA9084611AAEC
:103430000B96ADF832700AF0EAFA0B9E0346BDF81F
:10344000327000287FF466AF01460BA80AF0F0F94D
:1034500000281CDA0DA911A80AF0C0F80028CED166
:10346000494611A80AF045F9119C00287FF479AE6D
:103470000BA9084611AA0AF0C7FA0B9E0346BDF82D
:10348000327000287FF446AF2B68013B2B600BF1B4
:10349000FF3B043D0FE704990BA80B96ADF8327083
:1034A0000AF046F9019B0BA99B880298ADF83030D1
:1034B0000AF094F8014600287FF453AE02980AF00F
:1034C000B7F900287FF40FAF0123029A93800AE72F
:1034D0002C46A846AA46009543E6009441E66FF0C4
:1034E0000B032EE68B4228BF0B462DE9F041CD1A87
:1034F00004460021069EDF0803F00703013F08D2BF
:10350000013B49D200220126002D50D10846BDE8DA
:10351000F081204652F8084B50F808CB52F804ECE2
:1035200050F8048CE6FB64C1E6FB6E8140F808CCE1
:1035300040F8048C52F8084B50F808CB52F804ECD1
:1035400050F8048CE6FB64C1E6FB6E8140F808CCC1
:1035500040F8048C52F8084B50F808CB52F804ECB1
:1035600050F8048CE6FB64C1E6FB6E8140F808CCA1
:1035700040F8048C52F8084B50F808CB52F804EC91
:1035800050F8048CE6FB64C1E6FB6E8140F808CC81
:1035900040F8048C0446B1E7204600BF52F8044BC3
:1035A0000768E6FB647140F8047B0446A8E72068DE
:1035B000084444F8040B0AF0D7FC334601460B409C
:1035C000C94311401943013D9EE700BFF0B50D46C8
:1035D0000646012185B005F110000AF029F90446DC
:1035E00050B930460BF01AFD012842D12146284639
:1035F0000AF01EF9002801DA1F4C37E005F1080730
:10360000214638460AF014F90028F5DB341D21461E
:1036100028460AF0C5F80028EEDA214638460AF0B6
:10362000BFF80028E8DA684609F02CFF02A809F084
:1036300029FF3B463A46694630460BF08BF9044673
:1036400070B92A46304602A90BF0A4FB044638B9EB
:10365000684602A90AF0A4F8074B041E18BF1C46CE
:10366000684609F014FF02A809F011FF204605B0D2
:10367000F0BD6FF08604F9E780B3FFFF38B505466B
:103680000BF0CCFC01280C4601460DD120460AF077
:10369000CFF8002806DB204605F134010AF080F857
:1036A000002804DB034838BD6FF08600FBE70020EC
:1036B000F9E700BF80B3FFFF38B504460D460BF0B5
:1036C000F7FC20460BF0C1FC012D257025D1154BD0
:1036D000154AA364154B6260A360A361A3632362D0
:1036E000A362134B134A63624FF001136261124AE3
:1036F00023636263114B124AE362E261201D09F009
:10370000D0FFE06304F1340009F0CBFFC4E91005F9
:1037100000200C4BE065A36538BD00236FF08500E9
:103720002370F9E7BFFA0108103F02080100080002
:10373000B03E0208F03E0208903E0208303F020808
:10374000D03E020810390208082804D0092803488E
:1037500018BF002070470248704700BFFD63020891
:10376000FF6302082DE9F041044686B00D46182299
:10377000002168460EF07CF924B96FF0860006B08F
:10378000BDE8F0812368002BF7D1694628460DF08B
:1037900068F90028F1D1BDF800606846BDF80280E4
:1037A0000DF061FC26F0FF03B3F5E24F0CD047F2B9
:1037B00001039E420FD1094F2046A5600CF079FB12
:1037C00020B10023A360DAE7054FF5E72760A68064
:1037D000C4F85480D3E70348D1E700BF343F020860
:1037E000483F020880C6FFFF2DE9F047DDF828A01A
:1037F0000446DDE9088916460D4601B923B11EB914
:103800006FF08600BDE8F0872268002AF8D03BB947
:103810002846FFF799FF0CF039FB03460028EFD04C
:103820002268176957B1324629462046BC46CDE981
:10383000099ACDF82080BDE8F04760470048E1E7ED
:1038400000C1FFFF2DE9F14F1F46DDE90A89DDE9DF
:103850000CAB0B6805460C4616469BB1014620464C
:103860000CF038FB98B1022D13D043463A4631464E
:103870002046CDE90BABCDF8289001B0BDE8F04F64
:103880000CF033BB6FF0860001B0BDE8F08F02484A
:10389000FAE70248F8E700BF00C1FFFF80C6FFFF5C
:1038A0000048704780C6FFFF2DE9F04F8BB0D0F87D
:1038B00008A00D46DDE914890021164604A8182247
:1038C0001F46169C0EF0D4F8504604A90DF0C9F816
:1038D00038B10722194B1A490DF0B0FF0BB0BDE803
:1038E000F08F04A8BDF812B00DF0BDFB45F0C0612B
:1038F0003B4632465046CDE90194CDF8008041F474
:10390000E0610DF079FA034670B18533E1D13B46B1
:1039100032465046CDE90194CDF8008045F00621AD
:103920000DF06AFA0028D4D1CDE90094434641460F
:10393000584622680DF008FDD0E700BFC5480108D1
:10394000584002082DE9F0431E469BB007468846C2
:1039500014460021182204A80EF08AF80023F51D51
:10396000ED0802936D00002C47D04FF420534FF028
:10397000062944F48244CDE906394246394602AB71
:1039800004A8ADF810400DF0EBF818B100F09AFF64
:10399000044603E0402D0ED96FF0860402980DF026
:1039A0003BF8034664BB10B100F08CFF0346184699
:1039B0001BB0BDE8F08303AB01934023DDE9241283
:1039C0000AAF009330463B460DF012FD0446002836
:1039D000E4D1039BAB42DFD1CDE90073DDE92223C3
:1039E000494602980DF047FA04460028D6D007222F
:1039F000044B05490DF022FFCAE76FF08603D6E7B6
:103A00002346D4E7C5480108584002082DE9F04193
:103A100005469CB00021164605A818221F460EF048
:103A200027F8A86805A90DF01CF8044638B107224C
:103A3000154B16490DF002FF1CB0BDE8F081BDF832
:103A4000143003F44F42B2F5824F02D0B2F5884FE2
:103A500000D1DCB205A8BDF816800DF004FB4122B0
:103A6000A86804AB0BA90DF052F80028DFD1239B06
:103A700022460393229B0499CDE9017300964346A5
:103A80000BA8FFF75FFFD7E7C548010858400208B9
:103A900073B5054610460C4616460CF033FA04285A
:103AA00006D13246214628460CF03DFA02B070BDE0
:103AB00030460CF027FA062818D100232A68019313
:103AC000944202D96FF08600F0E72146B06801AB5E
:103AD000121B0DF01CF80028F4D12868019A214629
:103AE000801A28600DF0ABFF0198DFE70048DDE7A2
:103AF00080C6FFFF01680E4A0346914215D1C16995
:103B0000A2F11022A2F1EF1291420ED18268012A95
:103B10000BD8C26812B101698A4206D0586928B12F
:103B20009B691B1A5842584170470120704700BFDB
:103B300055AA00FF70B50E4B9E68B6B13046FFF730
:103B4000D9FF044618B9F3687BB935690DB9204629
:103B500070BD2846FFF7CEFF28B9EB68B34204D109
:103B60002E462D69F2E70446F1E70124EFE700BF96
:103B7000BC2F00202DE9F8433F4E3468D4B1B4681F
:103B8000C4B1002875D0002973D001FB00F5B5FB46
:103B9000F0F088426DD1281D6BD8A9070DD025F013
:103BA00003070437F46803E06368BB4207D2A469E3
:103BB000002CF9D12046BDE8F8832F46F2E7A36830
:103BC0001BB12E4B01201B689847626804F1200846
:103BD000D21B232A1FD80123A360D4E90523C2B135
:103BE0009361A3690BB162695A610023C4E905338B
:103BF0003369DA0706D5FFF79DFF18B101201F4B87
:103C00001B6898472A460021404644460DF030FF85
:103C1000D0E7F360E5E707F120016318203A5A6026
:103C20000022C3E90224164822691A61605015492E
:103C3000D96102B1D36062695A61A1699961B2B177
:103C400093619A6902B153614FF001092361002326
:103C5000C4E90179C4E905333369DB07D2D5FFF73D
:103C600069FF0028CED0054B48461B68C9E7F360C2
:103C7000E7E700249EE700BFBC2F00204C11002086
:103C800055AA00FF669911EE70B50546002800F0B0
:103C90008480424E3368002B7FD0B268002A7CD0EB
:103CA000834203D872681344984203D33C4B0120EB
:103CB0001B689847A5F120042046FFF71BFF18B1A9
:103CC000374B01201B68984755F8183C012B03D04F
:103CD000334B01201B689847002255F8143C45F8E7
:103CE000182CC3B19968002942D155F81C2C02F157
:103CF00020015A680A445A6055E905321A6155F89C
:103D0000145C2B6903B1DD602046202200210DF0F8
:103D1000AFFE23462C462069002836D08268002A50
:103D200033D16368426820331344636003692361BD
:103D3000D4E90523F2B923BB436963618269A261B7
:103D40000BB39C61A36903B15C61236903B1DC60BF
:103D5000202200210DF08CFE33699B071DD5FFF753
:103D6000E9FED0B1BDE870400D4B01201B6818473B
:103D70001346D0E79361A369002BDDD062695A61D5
:103D8000DAE7F360F7E7F460DCE7002BE4D1F368EF
:103D9000A36103B15C61F460DEE770BDBC2F00205D
:103DA0004C11002038B50C4614220021054613485A
:103DB0000DF05EFE1249134800F034F8232C1CD994
:103DC00015F003031FBF043CE418C3F10403ED180E
:103DD0002246002128460DF04BFE084B0A49C3E954
:103DE0000054203C9D606C609A6811609A68A1F153
:103DF0001021A1F1EF11D161DA6038BDBC2F002094
:103E0000893C0108753B010855AA00FF014B1B685E
:103E1000184700BF54110020014B1B68184700BF12
:103E200050110020024B1860024B002019607047AF
:103E3000541100205011002010B50A46044619B153
:103E4000024B00211B68984710BD00BF5C3F020871
:103E500030B5084B1C6814B96FF0850006E01D7A78
:103E6000854204D100200C605B68136030BD0C33C8
:103E7000F0E700BF783F020830B5084B1C6814B962
:103E80006FF0850006E01D7A854204D100200C60A9
:103E90005B68136030BD0C33F0E700BF603F020881
:103EA000054B5A78022A04D11878C31F584258414A
:103EB00070470020704700BFD02F00200E4B0340FA
:103EC000B3F1607F06D1B1F5885F0CBF00206FF0C1
:103ED00086007047B3F1707F0BD101F4E043B3F576
:103EE000005F06D111F4E06F14BF00206FF0860070
:103EF00070476FF0860070470000C07F8A42F8B5B7
:103F000006460D4600F0D2806C4B22F4FF7121F082
:103F10000101994222F0FF070FD003F588539F4219
:103F20000BD022F47F7121F00301A3F57063994255
:103F300003D003F5A0639F4227D1604B25F4FF71A6
:103F400021F00101994210D05D4925F0FF038B4219
:103F50000BD025F47F7020F00300A1F5706188423A
:103F600003D001F5A0618B420FD115F0FF000BD0FB
:103F7000544B40F00070984240F09A8082EA05006D
:103F8000FF288CBF00200120F8BD05F0FE43B3F1EF
:103F9000A06F11D102F0FE43B3F1A06F71D182EA9C
:103FA000050333F47E136CD12C046AD5C5F30540A8
:103FB000C2F305429042E4E7B3F1407F61D102F0E1
:103FC000FE43B3F1407F5CD182EA050030F47E14F9
:103FD00057D131462846FFF771FF002868D13A498A
:103FE00012F47C1001EA020116D0B1F1607FC2F335
:103FF000054335D1D1B241F0007101F17E41033961
:10400000102901D8314C645C15F47C1F2ED19C42E0
:1040100014BF00200120B7E7B1F1607F0AD1D3B20D
:1040200043F0007303F17E43033B102B44D828492F
:10403000CB5CDFE7B1F1707F16D106F4E043B3F556
:10404000005F37D10123C6F302218B4006F4E04123
:10405000B1F5005FD8D10124C6F30226B440D3E7FE
:10406000B1F1707FD0D1F1E70346CDE718B9C5F3C0
:104070000541A1421AD0290403D5C5F30540984251
:104080007FE725F47F03B3F1106F0AD102F0FE43FE
:10409000B3F1106F0CD10F48104040F01060A842EF
:1040A000B6E70D4B9D4203D1AF42B1E701206BE76C
:1040B000002069E70346C9E703469BE700020006C4
:1040C00000130006FF0000020000C07F0164020828
:1040D000016402080000FFF60001000A10B521F09B
:1040E000FF0310B3244C21F4875222F01F02A24296
:1040F00010D0224A93420DD021F4FF7222F0010227
:10410000B2F1062F06D004F5C064A34202D01C4BC6
:104110009A4207D111F0FF011ED01A4B41F00071F5
:1041200099421FD16FF086001BE0144A21F4FF74FE
:1041300024F001049442EDD002F588529342E9D074
:1041400021F47F7424F00304A2F570629442E1D05C
:104150000D4A934205D1DDE7002814BF6FF08600B9
:10416000002010BD01F17E41083901298CBF6FF09C
:1041700085000020F5E700BF0003000600020006EE
:1041800000040006FF0000020009000637B50546DE
:104190000C46FFF785FE78B100230A4601932946B5
:1041A000074801AB08F03DFB20B9019BA34218BFB3
:1041B0006FF0930003B030BD6FF08800FAE700BFE6
:1041C000D42F00202DE9F843884617461C4600F0FE
:1041D00009FA0546002844D1D8F80060B6F80090E6
:1041E00009F4E043B3F5804FB36808BF27F0010737
:1041F00037EA03032DD1A4B3244B24F4FF7222F039
:1042000001029A4210D0224A24F0FF0393420BD0BD
:1042100024F47F7121F00301A2F57062914203D072
:1042200002F5A06293421FD114F0FF0304D0194A93
:1042300043F0007393421ED022464846F168FFF7D0
:104240005DFE074668B9224648463169FFF756FECB
:10425000D0B96FF0840500233046C8F800300CF068
:1042600028FF2846BDE8F88304F0FE43B3F1407F01
:1042700004D12304E0D56FF08605ECE7B3F1A06F1D
:10428000F7D0044B9C42D6E73D46EAE70002000621
:1042900000130006FF00000247F2010102888A4273
:1042A00011D10F4A23F4FF7121F00101914214D082
:1042B00023F0FF0302F5885293420CBF6FF0850094
:1042C0006FF08600704702F44F42B2F5824F04D17E
:1042D0006FF30803B3F1062FEFE76FF08500704727
:1042E000000200062DE9F04117461C4623F4FF7238
:1042F0001F4B22F001029A4205460E4690B010D0A4
:104300001C4A24F0FF0393420BD024F47F7121F068
:104310000301A2F57062914203D002F5A0629342BC
:1043200022D1DDE9161207AB0193202314F0FF0020
:104330000DF1200818BF40F0007000934346FAF7D3
:1043400095FC70B91A9B3A460493199B3146039326
:10435000189B28460293079BCDE9008323460CF067
:1043600082FC10B0BDE8F0816FF08500F9E700BF76
:10437000000200060013000644F20101028822F444
:104380004050884211D10F4A23F4FF7121F00101FE
:10439000914214D023F0FF0302F5885293420CBFE0
:1043A0006FF085006FF08600704702F44F42B2F55F
:1043B000824F04D16FF30803B3F1062FEFE76FF0DC
:1043C0008500704700020006002307B51A460091D9
:1043D00002490CF093FD03B05DF804FBA83F02080E
:1043E00010B5114C2378580744BF03F0FB0323702A
:1043F000990705D500F09CF8237823F00203237079
:1044000063781BB10023094A6360536000230821CD
:1044100006486370FFF710FD2378DA0744BF23F0E6
:104420000103237010BD00BFD02F0020D42F002027
:1044300038B5FFF735FDF8B9174D2B78DC070BD4ED
:1044400007F031FA044610B907F036FA04462B7823
:1044500043F001032B70E4B9980707D400F060F82B
:104460002B78044643F002032B7090B96A780AB99E
:10447000D90704D45A0708D50024204638BD074977
:104480006A604A6002226A70F4E743F004032B700A
:10449000F2E7FFF7A5FFF0E7D02F0020D42F002090
:1044A00038B500F140430F2B0CD828221B4C02FBDF
:1044B0000344237E022B02D16369834226D06FF02E
:1044C0008B001CE06FF04043421E9A420ED2134B09
:1044D00000221C461D7E022D02D15D69854212D04C
:1044E0000132102A03F12803F4D1E8E700F1004378
:1044F00003F58033B3F5704FE9D36FF0870038BD13
:104500006FF09600FBE7282303FB024420460CF0E3
:10451000AEFD0028F4D10C60F1E700BFDC2F0020D5
:104520000122024B002083F880227047DC2F0020FC
:104530002DE9F0410A4C002526464FF001080327DB
:104540002046C4F81C80277601350CF044FA102D63
:1045500004F12804F4D1002386F88032BDE8F0810C
:10456000DC2F0020F8B51E4D064695F880320F4628
:1045700083B300242B462246197ED1B13CB90229CF
:1045800005D1D96919B91979002918BF1C4601321A
:10459000102A03F12803EFD114B96FF08C0006E064
:1045A00020460CF064FD20460CF015FA10B10024F2
:1045B0000EE01C46237E83B9012323763EB1651BA2
:1045C000ED1003F1CC335D4305F1804535600020EB
:1045D0003C60F8BD6FF08800E9E76FF09600E6E711
:1045E000DC2F0020F0B50027624B8FB00F6093F8EE
:1045F000803205460E46002B00F0B980FFF750FFD1
:1046000010F18C0F044640F09B803846FFF7AAFF5C
:104610000446002840F094800122336801465D6121
:10462000336808A85A60182235680DF021FA002373
:104630000022CDE906236869CDE9044400F1004376
:1046400003F58033B3F5704F03941ED206AA03A975
:10465000F9F782FF0446A8B9039B6A690993DBB2A4
:10466000BB4208BF3A460346CDE90000DDE906013A
:104670000D9208AA0CF0A8FF10F18A0F044611D081
:10468000002851D014F18C0F50D100236FF040421C
:104690003568069308936B69013B934253D36FF0DF
:1046A0008B0443E004A908A80CF0F9FE0446002896
:1046B000E8D1284604990CF001F904460028E1D11C
:1046C000DDE9060105AB01936B6A08AA00932B6A2A
:1046D0000CF07AFF044618B128460CF071F9D1E7C6
:1046E0002C46059B6B6208AD0FCD0FC495E8030007
:1046F00084E8030032689368D80444BF43F48063BD
:104700009360990444BF43F40063936033681A7E56
:10471000012A04BF02221A7630680CF0A8FC044675
:1047200070B16FF0960409E06FF0960430680CF0F9
:1047300052F914F18C0F08BF6FF087040023336027
:1047400020460FB0F0BD284608AA06A90CF035FD9A
:10475000044628B92846089A06990CF0C2F804467F
:10476000089906980CF027FD002CC3D0DEE76FF007
:104770008804E5E7DC2F002030B40D4D2C681C6068
:104780006C685C6000249C605468DC6014881C8247
:1047900054885C8294685C61D4689C61126930BC06
:1047A000DA6119620A46014603F124000DF03AB9B4
:1047B0004D2E02082DE9F843232904460F46914661
:1047C0009846089E04D86FF098052846BDE8F883FF
:1047D000082219490DF061F905460028F3D1A368B4
:1047E000002BF0D1216A243F8F42C8F80010EAD391
:1047F000B1F5005FE7D271B9C9F80000E3687360F2
:10480000238A3380638A73806369B360A369F3602A
:10481000E3693361D9E70120FFF7F8FAC9F800002E
:1048200030B1D8F8002004F124010DF0FBF8E5E7E1
:104830006FF08C05C9E700BF4D2E02082DE9F74344
:1048400000F4E040B0F5804F0D4616461F46DDF8F7
:1048500028902CD101F1680840460AF083FD88B900
:104860004B46002241462846CDE900670AF083FD09
:104870000BF083FF0446B0B13A46002130460DF0FC
:10488000F7F810E0002301930D4B4146009305F12A
:10489000600205F11C0328460BF0BAF80BF06DFF1F
:1048A00004460028DCD0204603B0BDE8F08349462A
:1048B00028460BF0E0F803B0BDE8F0430BF05DBF15
:1048C0003513020800F19903142B19D8DFE803F01F
:1048D0001616181818181816181818181A18181A5A
:1048E000130B0F0D1100084870470848704708481F
:1048F0007047084870476FF0860070470648704759
:104900000CF087BF704700BF00C3FFFF80C6FFFFEA
:1049100080C5FFFF00C1FFFF00C2FFFF014BD3E8CE
:10492000AF0F7047603200200FB407B504AA064BE2
:1049300052F8041B1868019200F046F903B05DF8C4
:1049400004EB04B0704700BF88350208F8B50E4B81
:1049500006461D68AB789B0712D56F6816F8014BA9
:1049600029462CB90A20B847002805DB204609E073
:104970002046B8470028F1DAAB7843F00403AB7067
:104980004FF0FF30F8BD00BF883502080CB430B5D9
:104990008BB004460D462022002102A80DF068F8D5
:1049A0000223002D06948DF80A300C4B039312DB82
:1049B00001D06B1E1C440FAA0E9902A80794019205
:1049C00000F002F915B1069B00221A700BB0BDE889
:1049D000304002B070470024EDE700BF451E0208DA
:1049E000242AF0B5044601D8012A40D12E4B1622C4
:1049F000F0F7A2FD1A5001B10C600020F0BD2F4667
:104A00003D4615F8010B2028F9D0A0F10906034610
:104A1000042EF4D92B282CD02D282CD101262B782C
:104A2000BD1C302B2DD1287840F02000782824D1CF
:104A300032F0100021D16B782C4610220235002074
:104A4000392B82BF03F1FF3343F02003263B303B79
:104A50009A421AD9A0FB02040CB9C01801D346F03F
:104A600002062F462C4617F8013B3D46E8E707466D
:104A7000C6E70026D3E70026D3E7002A08BF0822AE
:104A8000DDE7002A08BF0A22D9E701B10C60F2076E
:104A900048BF4042B307B1D5034B2222F0F74CFD8B
:104AA0001A504FF0FF30A9E70C0000002DE9F0414B
:104AB0000126B24201DCBDE8F08107463B461F46B5
:104AC00013F8014B002CF6D0252CF8D11D780237B5
:104AD000252DF3D00023DFF8EC809C461C461F2CCC
:104AE00027D8A5F1200EBEF1100F06D828FA0EFE29
:104AF0001EF0010F53D12E2D3CD02E2D27D8242D62
:104B000033D02A2D36D0BCF1000FD4D0B445D5D146
:104B100045F020070B68A7F1650CBCF1020F01D925
:104B2000612F42D1073323F00703083301360B60AE
:104B3000BFE77F2CDFD96C2D23D01DD8682D27D05F
:104B40006A2D01D04C2DDED144F4207408E0A5F18B
:104B5000300EBEF1090FEED80A2404FB03E3202433
:104B600017F8015B002DBAD1CDE7BCF1000F18D0CA
:104B7000B34218D00023F3E7742DF1D07A2DEFD093
:104B8000C1E7250648BF44F4007444F08004E7E719
:104B9000E50548BF44F4007444F48074E0E7002461
:104BA000DEE79C46E6E76325B2E7692D02D007D829
:104BB000632D03D0250601D5A405B3D40433B5E78E
:104BC000732DF6E7892801002DE9F04F837893B023
:104BD0008046D0F804909C07CDE9081214D50B4606
:104BE00000250B92187888B1252813D0013306933D
:104BF00041460135C847002880F2F48398F8023016
:104C000043F0040388F802304FF0FF35284613B014
:104C1000BDE8F08F93F801A09A1CBAF1250F069217
:104C2000E6D04FF0000B5E465F465C461F2C23D853
:104C3000AAF12003102B22D8DFE803F01521211B55
:104C40002121210B2121211321182121090044F0C8
:104C50000104069B13F801AB0693BAF1000FE5D1EE
:104C60001BE044F0020444F00404F2E744F00804BA
:104C7000EFE744F01004ECE77F2C00F2F880BAF183
:104C80002E0F00F0D58000F2AE80BAF1240F00F0B4
:104C9000D580BAF12A0F00F0B680BBF1000F06D024
:104CA000099B5A460BA908980B93FFF7FFFE002EAD
:104CB0004AF02003B8BF24F040040493A3F1650335
:104CC000BCBF0026A4B2022B04D94AF02003612BFA
:104CD00040F088826FEA0A0A0AF0200307930B9BD0
:104CE000073323F0070303F108020B92049A612AA9
:104CF000D3E900AB04F0400340F0E680002B079BB3
:104D000050460CAA08BF4FF0FF360093594644F4B2
:104D1000C05433460DF00FF801304FF0010CDDF8B0
:104D200030A0C3B2B3420393A8BF03F1FF36702390
:104D3000CDE9043C0AF10903122B0DD90AF16303F2
:104D4000C62B40F2F4800AF2E73340F2CE7293426F
:104D50008CBF0423032305939DF83430D80700F15A
:104D6000E880A20700F1E880C4F3800B4FEA4B1BF8
:104D70005FFA8BFB13F00C0F00F0EA80BBF1000F21
:104D80000CBF03230423BB420EDA2007A7EB030763
:104D90000BD42F4441462020C847002805F10105C7
:104DA000FFF62CAFBD42F5D10027BBF1000F07D0B5
:104DB00041465846C847002805F10105FFF61EAFD9
:104DC0009DF83430AD4C13F0080FAD4B08BF1C46B6
:104DD0002646324616F8010B002840F0B0802C1B06
:104DE00002EB040B7AE1AAF13003092B3FD814F04F
:104DF000400F4FF00A020ABF44F0200402FB0636BF
:104E000002FB073725E7BBF1000F7FF422AF0B9AB7
:104E1000600652F8043B0B9201D51E4619E7002BA1
:104E2000A7BF44F020041F465F4244F0280410E767
:104E300063063FF5EBAE44F040040AE7BBF1000F18
:104E40003DD014F0400A099B0BA908980CBF3A46C4
:104E500032460B93FFF72AFE0B9B53F8042B0B9360
:104E6000BAF1000F01D01646F3E61746F1E6BAF1A3
:104E70006C0F16D00CD8BAF1680F19D0BAF16A0FBE
:104E800003D0BAF14C0F7FF408AF44F42074E0E68D
:104E9000BAF1740F3FF4DDAEBAF17A0F3FF4D9AE38
:104EA000FBE6200648BF44F4007444F08004D0E6DA
:104EB000E30548BF44F4007444F48074C9E65E46D8
:104EC000BB4634463746C4E6002B049B08BF062683
:104ED000652B0ED1721C44F48054D2B21346112AB1
:104EE0004FF065014FF0000228BF11239446049152
:104EF00007E0049B662B12D144F40054B44601220F
:104F0000112350465946CDE9002C0CAA00F03AFB7B
:104F1000DDF830A0C3B20393022305930AE716F02D
:104F2000FF02DBD16523944604930123E9E70223C2
:104F300011E74FF02D0B1DE74FF02B0B1AE7079BE6
:104F40004146C01AC0B2C8470028BFF642AF55E676
:104F500014F4405F40F09680039B002E03F1480359
:104F600008BF01266B44133B039A1AB113F8012DB5
:104F7000302A75D014F0100F039B18BF33461AF176
:104F8000040F72DBB24570DA534544F400547CDD03
:104F90000AF101069E1B2AEAEA730133BBF1000FF6
:104FA00000D00133002E72D0721C13449F42CCBF3C
:104FB000FF1A002714F0090F03D12F44BD426AD114
:104FC0000027BBF1000F07D041465846C8470028CC
:104FD00005F10105FFF612AE230510D5414630203C
:104FE000C8470028FFF60AAE079B41460235C3F1C9
:104FF000780000F0F800C8470028FFF6FFAD200752
:1050000004D4AB467D195D454DD10027A10468D578
:105010002AEAEA737642AAEB030A039A013B05F1F6
:10502000010B524589BF0CAA3020524450799E4250
:1050300041DC41460493C84700280AF1010A049B59
:10504000FFF6DCAD5A1C09D141462E200493C84717
:105050000028FFF6D3AD05F1020B049B5D46DCE7AB
:10506000039A013AD2B203927EE75E1E14F4006FF7
:10507000059A14BF0523032313448FE7196102081F
:1050800015610208A10486D4F0E7002683E7E20652
:1050900048BF01338AE741462020C847002805F170
:1050A00001058BDAAAE541463020C84700280BF1FC
:1050B000010BA8DAA2E541460393C8470028FFF692
:1050C0009DADE6060AD5039B013307D105F1020B1E
:1050D00041462E20C8470028FFF690AD5D465F444C
:1050E00012E241469DF83500C8470028FFF686AD1C
:1050F000002E5DDD41462E20C8470028FFF67EAD1C
:1051000001240CAB039A4146A346A242CABFE2184F
:1051100030205079C8470028FFF670AD01340CAB41
:10512000A642EFDAAC1C5C44049B4146079A981AED
:10513000C0B2C8470028FFF661ADBAF1000F414682
:10514000B6BF2D202B20CAF1000AC8470028FFF661
:1051500055AD059B042B37D14FF47A764146033485
:10516000BAFBF6F505F13000C0B2C8470028FFF6DB
:1051700045AD06FB15AA642641460134BAFBF6F597
:1051800005F13000C0B2C8470028FFF637AD06FB76
:1051900015AA0A2641460134BAFBF6F505F130009E
:1051A000C0B2C8470028FFF629AD06FB15AA12E0D9
:1051B000E40601D46C1CB7E741462E20C8470028FE
:1051C00005F10204B0DA19E5059B0234032BD2D0B5
:1051D000059B012BDDD10AF1300004F1010B4146A2
:1051E000C0B277E7AAF16303122B00F2E580DFE893
:1051F00013F013005400E300E300E300E300540065
:10520000E300E300E300E300E300FC00DD00E30073
:10521000E3002900E300AB000B9B01260DF1300AEF
:105220001A1D1B680B928DF8303020072CD50AEB25
:10523000060B54465C4529D1A5EB0A0ABF1B04EBBB
:105240000A0B4BE70B9B1A1D0B92D3F800A0A94B3E
:10525000BAF1000F08BF9A4614F0400F504614BF31
:1052600031464FF0FF310CF047FC0646DDE7414682
:105270002020C8470028FFF6C1AC013CA642F6D367
:105280002F443D1B2746D2E73C46F7E7414614F83A
:10529000010BC8470028CDDAB0E421060B9B32D5BC
:1052A000A2052BD5073323F0070303F10802D3E946
:1052B00000010B9224F0100B00291FFA8BFB32DA4D
:1052C00040424BF4806B61EB41010CAC0A23224657
:1052D0000CF01EFC1BF0400FA0EB040200F09C80C1
:1052E0002BF0010396429BB240F39F80BAF1000F6E
:1052F00040F09D802BF011039BB21FE01A1D18682F
:105300000B92C117D6E71A1DE00519680B9201D45C
:105310000846F6E7A20547BF48B241F3C01108B2FC
:1053200041F3C031C6E750EA0103CED16306CCD5C4
:10533000002ECAD124F011043246A3B2344640F202
:1053400006410B426FD126E024F010040A23A4B2D8
:1053500014F0800C0B9A4CD014F4007115BF073276
:10536000101D22F007020B900FBF106802F1080118
:105370000B91D2E9000150EA010247D124F0160B4B
:1053800062061FFA8BFB45D5002E43D124F017048B
:105390003246A3B2344619075FD4D90704D5A742D1
:1053A00072DD3C1BA6183C46A34650E044F01004B6
:1053B00010234FF0780ACBE74AF02003782B04D172
:1053C000CAF1780343F01003C2E741462520C847DD
:1053D0000028FFF613AC41465046C8470028FFF6A8
:1053E0000DAC0235069BFFF7FDBB08234FF0000A0A
:1053F000AEE7111D10680B9114F48071BBD014F44A
:1054000000711ABFC0B2614680B2B4E724F006044E
:105410001FFA84FB0CAC5AE714465B46D9068ED5BE
:10542000BAF1000F05D10134B5E71446F6E734466A
:10543000F4E70234AFE741462020CDE90332C84704
:105440000028FFF6DBAB0BF1010BDDE903325F4512
:10545000F1DC2C1B04EB0B055C46D90616D5414646
:1054600030200392C8470028FFF6C8AB039ABAF170
:10547000000F32D0023541465046C8470028039AF3
:10548000FFF6BCAB2E441DE016468DE740F2064108
:105490000B42F7D013F0020F05F1010541460392CC
:1054A00014BF2B20202013F4806F18BF2D20E4E7B9
:1054B000414630200392C847002805F10105039AB0
:1054C000FFF69CAB731B9A42F2DB16460DF1300AD5
:1054D0002EB902EB050B3F1B00E60135D2E7013E7A
:1054E000414603921AF80600C8470028039AEFDAEB
:1054F000FFF784BB1D61020841462020C8470028F1
:1055000005F10105FFF67AAB7B1B002BF4DC69E7A4
:10551000F0B589B004460D461646002120226846A3
:105520001F460CF0A5FA0223002D04948DF80230DA
:10553000094B01930EDB01D06B1E1C443A463146E9
:1055400068460594FFF740FB15B1049B00221A70D2
:1055500009B0F0BD0024F1E7451E02081FB502ABFB
:10556000074A00934FF0CC330CF0AFFBDDE90201AA
:10557000C00840EA4170C90805B05DF804FB00BFEF
:10558000CDCCCCCC2DE9F04F9BB00F0D04460A9347
:105590009DF890300592C1F30A520C93C1F31303A6
:1055A000C90F07917AB950EA03017ED105993023DA
:1055B00001274B71079B0A6043F002030B713846C9
:1055C0001BB0BDE8F08F40F2FF718A420BD103435C
:1055D000079B059A4FF0000714BF43F0080343F000
:1055E00004031371EBE7A2F2354A43F48015234319
:1055F00004F001024FEA85080CBF27F001070127DC
:1056000048EA9478089208BF7F054FEA840602BFF3
:105610007F0DB7FA87F77F09BAF1000FC0F2B680A5
:10562000504600F0EFF9BAF1030FC8BF01380490FB
:1056300000F0F4F9049B7C3016A9A3EB0A0A82441B
:10564000184600F07DFA12AB20462946019310ABB4
:1056500016AA0297009353460CF080FA049B044666
:105660000D46152B00F28E8014ABA94A30464146F8
:1056700000934FF0CC33DDE9109A0CF026FB149B1D
:10568000159A9B0843EA827303EB8303B34210D15C
:105690004146304600F0CAF9049B83428CBF4FF06C
:1056A00000084FF00108002715E01D46DFF864A24E
:1056B0009DE7089B002B55D1013E48F1FF31F01BBF
:1056C00061F1000100F0B2F9049BDDF82080834213
:1056D0008CBF002701270C9B002B40F0C880DDF811
:1056E000289000264FF00A0B06960996DDE9100176
:1056F000FFF734FFDDE912A3CDE90D01194650464D
:105700000F93FFF72BFF0A4603460D990B908B4230
:105710000E9B72EB03010F9B80F0C480204629464C
:105720000F92FFF71BFF0B9B002E14BF4FF00008DA
:1057300008F001080F9A0BFB10460BFB03F50D9BBD
:10574000F6B204461093554514BF002707F0010731
:105750000E9B0D46139211930B9B1293069B0133E4
:105760000693C3E7B01C48F1000100F05FF9049B09
:1057700083428CBF00200120B9EB00006AF10002D7
:10578000CDE910024FF000084746A4E7CAF1000B2C
:10579000584600F03DF9BAF1FF3F0CBF8146A0F139
:1057A0000109ABEB090B0AEB09035846049300F01F
:1057B00035F916A9A0F17D0A584600F04FF912AB51
:1057C000A9EB0A0A2046019310AB294616AA0093BA
:1057D000534602970CF0C2F9B9F1010F04460D4689
:1057E0000ED8089B13B94FF0010874E7109B4FF0D7
:1057F0000108119A013B42F1FF32CDE9103252E724
:10580000B9F13E0FBED84FF0FF33A9F12000C9F126
:10581000200103FA09F203FA00F023FA01F103FA76
:1058200009F3024326EA03060A4328EA020856EA75
:1058300008060CBF4FF001084FF0000833E700FBEB
:1058400002F60133A1FB001232448C4275EB0206D2
:10585000F5D2049A1344259A1344D20F9342B8BF49
:1058600013460A9A9A42A8BF1A46914639E70A2176
:10587000002201230846E8E70BFB01FE0CF1010CB6
:10588000A0FB0B017144844275EB010EF4D2CC45B0
:105890000DDDB9F1000F02D154EA050107D0012353
:1058A00009933BE70A2000214FF0010CEBE7002FA2
:1058B00032D04FF00A0B50461946FFF74FFE0BFB54
:1058C00000F20B9152450E9026D1002E14BF4FF0DE
:1058D000000808F00108DDE91001FFF73FFE8A46E5
:1058E0000D9029462046FFF739FE0D9A0E9B0BFBC3
:1058F00010460D4604461293F6B2CDE9102A0B9AD3
:105900009A460B9B1392069A01320692D3E700BF88
:10591000CDCCCCCCCCFBFFFFB8F1000F05D0052ED1
:1059200003D104F001060436F6B2049B069A134430
:105930009846099B53B9DDE912239D4208BF944262
:1059400004D1089B002B49D1002F47D0042E94BFCF
:105950000026012630194FF00A024FF000034FF0E5
:10596000010745F100011446904271EB030537D25F
:10597000F6B1B9451CDA0C9B6BB1259A08EB07030D
:1059800013440A9A012BB8BF01239A42A8BF1A46B2
:10599000974291460CDD053008F1010807F1FF3709
:1059A0004FF00A024FF0000341F10001EAF7E0FB7B
:1059B0004F450FFA88F8059BA8BF4F464FF00009E6
:1059C0003FB2B84408F1FF3607F105089844B945DD
:1059D0000DDB059B079A1E601A71F0E50126B9E7F9
:1059E00004FB03F50137A2FB04232B44BCE70A2286
:1059F0000023EAF7BDFB303209F1010908F8012D57
:105A0000E5E700BF014B5843800C7047413401006B
:105A1000014B5843000D7047FB2E0B00024B5843BF
:105A2000C00C0130704700BF4F93120070B50346A1
:105A3000094A00204FF0CC364FF0333506FB03F413
:105A400002FB0144A3FB023121449D4275EB01049A
:105A500001D30130F2E770BDCDCCCCCC1A232DE9B7
:105A6000F04FB0FBF3FA334E03FB1A0389B0044640
:105A70000D4606EB0A1653B9D6E90023C1E9002307
:105A8000D6E90201C5E9020109B0BDE8F08F2A4A52
:105A900002EBC303D3E9008904AB404649460093B7
:105AA000D6E902230CF011F906AB83460F464046B7
:105AB00049460093D6E900230CF007F900238146FC
:105AC000DDE9066216EB0B0652EB070828BF01233F
:105AD00033B1049B059A013342F10002CDE904324F
:105AE00020460391FFF79AFF07461A2000FB0AF0B1
:105AF000FFF794FF3F1A3246434648460399009702
:105B00000CF0FAF80D4A4FEA141C640004F01E036E
:105B100052F82C40DC4004F003042418304641F1D4
:105B20000001DDE90423C5E90041414600970CF07E
:105B3000E3F8A7E7282F0208582E0208AC3F020816
:105B40002DE9F04F1A2700F11905DFF8E8A089B018
:105B500004460E46B5FBF7F56F434FEA051B0AEB0B
:105B600005153A1A0AD1D5E90023C1E90023D5E980
:105B70000201C6E9020109B0BDE8F08F2B4B03EB2F
:105B8000C203D3E9008904AB404649460093D5E9F6
:105B900002230CF09AF85AF80B206B68013ACDE911
:105BA000020106A963F100034046009149460CF04A
:105BB0008CF88A46029900238146DDE906526D1869
:105BC000039952EB010828BF012333B1049B059AC6
:105BD000013342F10002CDE904323846FFF71EFFDF
:105BE00007462046FFF71AFF3F1A2A464346484613
:105BF000514600970CF080F80D4A4FEA141C6400DF
:105C000004F01E0352F82C40DC4004F0030401347D
:105C10002418284641F10001DDE90423C6E90041CA
:105C2000414600970CF068F8A3E700BF582E020821
:105C300000400208F82F020838B5044C044DAC426D
:105C400000D138BD54F8043D9847F8E70000000043
:105C50000000000070470AF0DFBE10B40C46042CB0
:105C600011461A4604D100685DF8044BEAF770BC8F
:105C700000205DF8044B7047F8B517461D460E46E8
:105C800081B1002420461C60F9F740F960B1B842A8
:105C90000246314628BF3A46204606F022FE2860DA
:105CA0002046F8BD2F20FCE7AE20FAE770B5154678
:105CB0000E4661B10024AC4205D200202A1B3119E6
:105CC000F9F70AF908B9002070BD0444F3E72F2062
:105CD000FAE701688268C3688A4294BF0022521AB8
:105CE0008B4294BF00235B1AD01A70478368D0E9B7
:105CF00000128A4294BF0022521A8B4294BF0023A2
:105D00005B1AD01A704770B5856804460E463DB1DF
:105D1000FFF7ECFF30B100206B1CA3602E7070BD4C
:105D20002F20FCE71920FAE770B5866804460D4677
:105D300056B1FFF7DBFF012808D900206DBA358086
:105D4000A3680233A36070BD2F20FCE71920FAE797
:105D500070B5866804460D4656B1FFF7C7FF0328A5
:105D600008D900202DBA3560A3680433A36070BD44
:105D70002F20FCE71920FAE72DE9F0410E4698465E
:105D80001546F2B1FE2A1ED94FF6FE77BA4294BFED
:105D900002270327C0F3080444EA063444EA8724B0
:105DA00024B24046A1B2FFF7BFFFA0B996B98FB1A8
:105DB000012F0AD0022F10D029464046FFF7C8FF16
:105DC00007E01746E6E70127E4E74046E9B2FFF7B8
:105DD0009AFF00B90020BDE8F0814046A9B2FFF764
:105DE000A3FFF6E7F8B5044615460E4679B1876875
:105DF0006FB1FFF77BFFA8420BD32A4631463846E6
:105E00000BF010FE0020A3682B44A360F8BD2F20E8
:105E1000FCE71920FAE770B5144606460D46FFF771
:105E200065FFA04211D32846FFF753FFA0420CD3D1
:105E30002246E968B0680BF0F5FD0020B368234402
:105E4000B360EB682344EB6070BD1920FCE7F8B544
:105E5000154606460F46FFF73CFFA842044612D2FD
:105E60003846FFF736FF2A1B824228BF02463946D2
:105E70003046FFF7D0FF28B93046FFF72AFFA84287
:105E800001D20D20F8BD0020FCE770B5C4680546BE
:105E90000E4644B1FFF71DFF38B1002014F8012B66
:105EA000EC60327070BD2F20FCE71920FAE770B566
:105EB000C46805460E4654B1FFF70BFF012808D908
:105EC000002034F8022B53BAEC60338070BD2F20D1
:105ED000FCE71920FAE7002313B5044608460DF144
:105EE0000601ADF80630FFF7E2FFF8B9BDF806206D
:105EF000A061C2F308036382C2F3402384F8273011
:105F0000C2F38123032B08BF04232377B3FA83F35F
:105F1000110B5B0984F82430B1FA81F3C2F300223B
:105F20005B09217584F8253084F8262002B010BD65
:105F300070B5C46805460E4654B1FFF7CAFE032883
:105F400008D9002054F8042B12BAEC60326070BDFE
:105F50002F20FCE71920FAE713B50446227F0846F4
:105F6000012A4FF000030BD101A98DF80430FFF78F
:105F70008CFF18B99DF804300020A36102B010BD59
:105F8000022A09D101A9ADF80430FFF790FF0028DB
:105F9000F4D1BDF80430EFE701A90193FFF7C8FF82
:105FA0000028EBD1019BE7E70346002210B5DA6237
:105FB0001A7D084603F12C01032A11D8DFE802F00C
:105FC0000C020609FFF761FF40B110BDFFF76FFF3C
:105FD000FAE7FFF7ADFFF7E7C268DA620020F4E7FF
:105FE0002620F2E738B5154613460A1E0C4618BFA0
:105FF00001220121FFF7C0FE30B924B128462178E3
:10600000FFF781FE00B9002038BD38B515460A1EDD
:1060100018BF01220C462B4602215200FFF7ACFEAE
:1060200030B924B128462188FFF77EFE00B9002050
:1060300038BD38B515460A1E18BF01220C462B463E
:1060400003219200FFF798FE30B924B12846216859
:10605000FFF77EFE00B9002038BD70B50C1E154656
:106060004FF0000108BF00221E46FFF785FE38B939
:106070002CB12A4621463046FFF7B4FE00B9002075
:1060800070BD704710B500F180010446EBF782FC4B
:1060900040B1012384F8803000212046EBF76EFCEC
:1060A00020B110BD94F88030002BF5D10020F8E726
:1060B00013464A68012A0AD90A681278022A04D1CA
:1060C0000A4601467C30EAF729BD00225A600020CA
:1060D0007047002070470020704770477047704736
:1060E0007047704737B503460C46088840F20311E5
:1060F0008842154604D0B0F5827F0AD0A6200DE074
:106100004FF4005301A90193FFF793FF30B900202A
:1061100004E000229868019210B92F2003B030BD2E
:1061200001A900F08EFB0028F8D12A46208801A999
:10613000EAE72DE9F04383680D46164685B01BB9A2
:106140002F2005B0BDE8F083CA7842B903F174048A
:10615000AA78032A6DD8DFE802F048041D331C46F4
:10616000F6E700278DF80C7023682046DB68298845
:1061700003AA9847D828044602D048B12046E0E751
:10618000394632462888FFF72DFF0028F6D0D8E799
:1061900003A9F6E70027ADF80C70236820465B6979
:1061A000298803AA9847D828044603D00028E5D1B7
:1061B00003A900E0394632462888FFF726FFE4E7C6
:1061C0000027039723682046DB69298803AA98479C
:1061D000D828044603D00028D0D103A900E03946CE
:1061E00032462888FFF725FFCFE74FF00008186BED
:1061F000EFF77CFCCDF80C80236803AA0092D3F85B
:106200002890024607464FF4007320462988C84765
:10621000D82804460BD030B939463346039A28882B
:10622000FFF71BFF04463846EFF77AFCA6E7414626
:10623000F3E7262085E7806808B100F093BA2F20A5
:10624000704710B504461C210BF0D3FB204610BD4F
:1062500010B504460C210BF0CCFB204610BD10B548
:1062600004460C210BF0C5FB204610BD10B50446BA
:106270000C210BF0BEFB204610BD10B504460421D6
:106280000BF0B7FB204610BD10B50446006818B1EE
:10629000237C0BB10BF0AFFB0023C4E90233C4E94C
:1062A000003310BDF8B50C46064615461F46FFF7ED
:1062B000EBFF2CB928460BF0B1FB012304463374E5
:1062C00025447560002F08BF2546C6E90254346096
:1062D000F8BD0368C0E90233012343740023C0E919
:1062E000083343820375836103778362C362704717
:1062F00038B500252B46C0E90055C0E902550574A4
:106300000446FFF7CFFF01232046C4E90855637414
:1063100065822575A5612577A562FFF7DAFF20461E
:1063200038BD30B5D0F804413F2C1DD80025AC4213
:10633000D0F800310FD1234403F03F0320F823109D
:1063400000EB8305C1F300210134AA70E970C0F8A5
:106350000441002030BD2B4403F03F0330F82330CC
:106360008B42F6D00135E2E71920F3E773B50D460D
:10637000002304460DF10701284616468DF8073024
:10638000FFF783FD38B92846FFF7A3FC9DF80730D7
:10639000834202D0182002B070BD236829462046EF
:1063A0001B6998470028F6D12368314620465B696F
:1063B0009847F0E72D2070472D2070472D2070471B
:1063C000037900200B70704701710020704740F284
:1063D0006713994204D0B1F5B47F06D0A620704768
:1063E00002B1127802620020704712B11378436242
:1063F000F9E70623FBE740F26713994204D0B1F5B1
:10640000B47F06D0A620704790F82030002013708B
:10641000704790F82430F9E70B46114640F25112CC
:10642000934210B41BD0B3F5A97F09D2B3F5A17F75
:106430000DD0B3F5A27F0FD0A6205DF8044B7047B6
:1064400040F261129342F7D103685B6E01E003688A
:106450005B6B5DF8044B18470368DB6BF9E7036877
:106460001B6DF6E7A6207047704714387047103848
:1064700070470C3870470438704740F25113994206
:1064800070B5044632D0B1F5A97F07D2B1F5A17F2E
:106490001BD0B1F5A27F21D0A62018E040F26113F5
:1064A0009942F9D162BB00F11E050221284606F08F
:1064B00047FD60B9E18BB1F5805FF6D223682046D5
:1064C000BDE87040D3F8AC3018470AB92F2070BD32
:1064D00011880183BDE87040EBF770B8002AF5D051
:1064E00011884183BDE87040EBF796B832B111884E
:1064F000A1832046BDE87040EBF704B91146F7E7E9
:106500001188C183DAE710B5044678210BF071FADF
:10651000204610BDA0F10400F5E7A0F10C00F2E761
:10652000A0F11000EFE7A0F11400ECE70B46B3F583
:10653000B17F114610B40DD040F26312934204D0E3
:10654000B3F5827F0CD0A62007E003685DF8044B0A
:106550009B6E1847836A002013605DF8044B7047F8
:106560005DF8044B00F06DB9F0B50446C818059B02
:1065700098420FD8012602B9F0BDD30707D5CD0840
:10658000675D01F0070306FA03F33B4363550131EE
:106590005208F0E70020EFE72DE9F74F5825DDE935
:1065A0000CBA1746002288461E4611460323009562
:1065B0000446DDF83890FFF7D7FF42460146102326
:1065C00020460095FFF7D0FF3A46014610232046AB
:1065D0000095FFF7C9FF3246014602232046009589
:1065E000FFF7C2FF5A460146082320460095FFF7F1
:1065F000BBFF524601460C2320460095FFF7B4FF2F
:106600004A4601461B2320460095FFF7ADFF0423B1
:106610000146002220460C9503B0BDE8F04FFFF77D
:10662000A3BFA0F10400EAF759BE70B586B00446D6
:1066300011220D4601A800210BF01AFA0023204672
:10664000009311226B4601A9EBF792F8044638B982
:10665000009E082E13D96B68083EB34203D219245A
:10666000204606B070BD3246286803A90BF0DAF95F
:106670006B689E4201D9EFF7F9F96E60F0E7686048
:10668000EEE7A0F10400FFF7D0BFA0F10400EAF7A5
:10669000A9BEA0F10C00EAF7E1BE08B531B9036864
:1066A0001146D3F884309847D82800D12D2008BD52
:1066B000A0F11000FFF7F1BF08B531B9036811462A
:1066C000D3F880309847D82800D12D2008BDA0F1FC
:1066D0001000FFF7F1BF0122028042808280002279
:1066E000C2807047A1F11001FFF7F5BF002070478D
:1066F0000020704738B5049DBAB9B3B9012903D059
:1067000002290ED02F2038BD0368D3F884302946E3
:106710009847D82809D00028F5D16A68059B1A60E7
:10672000F1E70368D3F88030F1E72D20EBE7A0F123
:106730001000FFF7DFBFA0F10C00EAF7DBBE00237B
:1067400013B50C46D1E90012019301AB06F059FCD8
:1067500030B9019B6268934201D9EFF787F9636012
:1067600002B010BD00207047A0F10400EAF716BF88
:10677000A0F10400EAF728BFA0F10400EAF73CBF4B
:10678000A0F10400EAF74EBFA0F10400EAF762BFEF
:10679000A0F10400EAF776BFA0F10400EAF78ABF8F
:1067A000A0F10400EAF79EBFA0F10400EAF7B0BF31
:1067B000A0F10400EAF7C4BFA0F10C00EAF7F0BFB3
:1067C000A0F10C00EAF7F2BFA0F10C00EBF710B853
:1067D0002D2070472D2070472D2070472D207047A9
:1067E00000207047002048607047A0F11000FFF7BC
:1067F000F9BFA0F11000EBF729B8A0F11000EBF7FA
:1068000033B8A0F11000EBF73DB8022307B501A89B
:10681000D1E900120193E9F7C7FE03B05DF804FB6C
:106820001FB5022003900698009003A8E9F7D4FE54
:1068300005B05DF804FBA0F11000EBF729B80020CB
:1068400070470020086070476C2070476C207047CC
:106850006C2070476C207047002070472D207047D7
:106860002D207047A6207047704710B504460421BC
:106870000BF0BFF8204610BD012070470020704784
:1068800000EBC10040884008704708B5FFF7F8FFEB
:10689000084408BD08B50346FFF7F2FFB0FA80F2DE
:1068A0001846BDE80840C2F11F02EBF7D7B82DE942
:1068B000F843B1FA81F3C3F11F0800EB8809D9F856
:1068C000106005460A46A6B94FF0FF34C3F1200315
:1068D0009C40EB681C401CD094FAA4F6B6FA86F6ED
:1068E000331D55F8234028462146EBF733F932464D
:1068F0000BE03446032721462846FFF7C1FF8242BA
:106900000AD82846EBF726F9424621462846EBF7F7
:10691000A5F82046BDE8F88305EBC404E488013FF0
:10692000C9F81040D0D0B442E5D1CDE738B504461F
:10693000FFF7A6FF0D46034611462046FFF7A0FFCE
:106940001A1892B2530004EBC50520466B80FFF77E
:106950009CFF24F8302038BD70B50B460546FFF784
:106960008FFF511A89B205EBC3049B1A03444E00F2
:1069700066809CB2600005EBC203588025F8321097
:1069800028461146FFF781FF25F8304070BD70B5ED
:1069900009B9002070BD056801F007030B33CC086E
:1069A00004EBD304AB6828469C4228BF1C46214612
:1069B000FFF77DFF06460028EBD001462846FFF78B
:1069C0005FFFA04207D928463219FFF7C5FF1146DD
:1069D0002846EBF77BF805EBC602104653880430D7
:1069E00043F001035380D5E71146FFF7D0BF0020E5
:1069F00070477047EBF762BAEBF760BA0FB407B5B0
:106A000004A951F8040B0191FFF7F6FF03B05DF8FC
:106A100004EB04B07047002383F31188BFF36F8F3A
:106A20000423184602DF70470FB407B504A951F8D4
:106A3000040B0191FFF7DEFF03B05DF804EB04B037
:106A4000704770470B6803F580330B60008A1A0C9F
:106A5000B0EB134F04BFA3EB02430B6070472DE96B
:106A6000F0430646884617461C46C36A89B01D682F
:106A70006D4205F020051CB9204609B0BDE8F08341
:106A8000AC42A14628BFA9466A464B46414630461D
:106A9000EBF7D0FA0028F0D16B46484502D1241A12
:106AA0008044E8E713F8012BBA4201D10130F4E742
:106AB0000120E2E738B5C26803680D0C090C0446F2
:106AC00002FB0131806A2D0400F0E6FB50B9E26A56
:106AD00029462046E3685279FFF7C1FF002818BF16
:106AE0006FF0050038BD014610B507220446FF20AF
:106AF000EFF7C4FBE07110BD2DE9F04F0746536876
:106B0000D06893B003445069C34203D1002013B04E
:106B1000BDE8F08FFC683B68080C04FB00330024E0
:106B2000A146D7F82CB013FA81F504AB92E8030024
:106B3000DBF8008083E80300D2E9020106AB83E8BA
:106B40000300D2E9040108AB83E80300C8F10003A5
:106B5000019312AB03EBC90A5AF8346C4FEAC9012E
:106B6000AEB909F10109B9F1030FF2D1002CCDD072
:106B70000AAE9BF80510A8EB040230190AF078FF62
:106B8000434632462946B86AEBF77EFABFE7B4B906
:106B9000019B334013D05AF8382C2946B86ACDE906
:106BA0000223EBF771FA0028B1D1DDE902231A4480
:106BB000F61A4AF8382C4AF8346C1D44C9E7A8EB99
:106BC0000402B24228BF3246A2B101F148030DEBE4
:106BD000030A5AF8381C0AAB1819CDE902120AF058
:106BE00021FFDDE902121144B61A4AF8381C4AF8AE
:106BF000346C14444445ACD123462946B86A0AAAE9
:106C0000EBF742FA002882D125440446A1E7F8B503
:106C10000D4606460722FF204C888F88EFF72EFB93
:106C2000EB79834205D13C44B4428CBF0020012063
:106C3000F8BD0020FCE70368012B81BFC91801F1F2
:106C4000FF315B4219400846704738B50D460A4689
:106C500081680446FFF750FFEB68696802461944F3
:106C60006B69E06A1944FFF7E6FFA3680344A36079
:106C7000104638BD70B50D4686B0044646681822E9
:106C8000002168460AF0F4FE029508256A4631465E
:106C900020460395FFF730FF29460246E06AFFF7DA
:106CA000CAFF63681B1A1046636006B070BD4FF6DA
:106CB000FF7313B500220446ADF800308DF806309E
:106CC00083686846ADF80420ADF80230FFF70BFF8B
:106CD00069462046FFF7CEFF02B010BD70B50646EC
:106CE0000C46C06A0821FFF7A6FF0546F06821465A
:106CF000401B80B2FFF78BFF80B1A08878B94FF6B8
:106D0000FF7322889A4209D16288F3689B1AB3FB09
:106D1000F5F205FB1230B0FA80F0400970BD00209A
:106D2000FCE7F7B504460D46C06A0821FFF783FF6C
:106D30000823074629682046EBF77CF90646002819
:106D400036D12B683B442B60E26899B2D21B91424A
:106D50002ED11A0C09BF228AA3F5803102F1FF322D
:106D600003EB0241204608236A462960EBF762F9EB
:106D7000E8B9E36A5A796B4613F8011B8A420CD1D1
:106D800001300828F8D1636805E02B68BDF80220BF
:106D90006FF30F0313442B600AE069462046FFF7A8
:106DA0009DFF0028F1D129462046EBF7BBF90646A6
:106DB000304603B0F0BD2DE9F04F0446A1B02422C7
:106DC0000D4617A800210AF053FE0821E06AFFF7DC
:106DD00032FF8146636820466FF30F0306A90693CE
:106DE000FFF730FE069BE66801931E44A6EB0906FA
:106DF00008233146204609AA0796EBF71BF900281D
:106E0000C0F21681E36A09AA5979002312F8010B2E
:106E1000814240F0FC800133082BF7D1A3686268FF
:106E20004B449A4280F0EC8020460199FFF742FEE5
:106E3000FEE0BDF826306FF30F061E44079620468D
:106E40000BAA07A9DDF81CA0FFF76BFF002840F094
:106E5000EF800BA91FFA8AF0FFF7D9FE48BB039B0E
:106E60009A45ECD11022002113A80AF001FE1F9EC2
:106E700017AB1193129695B1D4F82C800821404697
:106E8000FFF7D9FE2F890246F1194046FFF7D3FEDE
:106E9000A168636802440A44934280F09280002E05
:106EA000BCD0204611A9FFF7D0FE002840F0C080DA
:106EB000B4E76668089620460DAA08A9FFF731FFD7
:106EC000002840F0B580BDF83420BDF82C309A423F
:106ED00045D0089B62689A423FD15645BFD1BDF864
:106EE0003060002EBBD03DB12A88BDF82C309A42CC
:106EF00002D12B89B342B2D9BDF82E804FEA1A4392
:106F00001B049844E36A1F9A1B681644591E5B428F
:106F100003F020030493A36801EA060013440090E1
:106F200026EA0106ADF82E3006BB009B5BB11F9A26
:106F300017A99B1A20460A444146EBF77BF8002824
:106F400076D1009B1F930BA8FFF7CDFD20460BA920
:106F5000FFF790FE002882D06AE01E46ABE70DA93D
:106F6000B0B2FFF754FE0028B3D0B6E7049B1F9FD2
:106F7000B34228BF334617AAA3EB070B029341463F
:106F80005B4620463A44EBF755F8002850D11F9B4A
:106F900001465B44182211A805930AF069FD17AB5E
:106FA0001393059B204611A91493FFF74EFE00286A
:106FB0003ED11F9BD844FF1A029B3744FE1A1F90F4
:106FC000B2E731446B68ADF83E10204611A9CDE917
:106FD0001337FFF73AFE58BB2B880FA8ADF83C30AB
:106FE0002B89ADF84030FF238DF84230FFF77BFD51
:106FF00020460FA9FFF73EFED0B90123AB720DE783
:107000002046FFF754FE00283FF40EAF10E0A6EB39
:107010000903204609A90393FFF760FE00287FF4C7
:1070200008AF204607A9EBF77DF800283FF407AF2B
:1070300021B0BDE8F08F00231A46EBF76DBA13B507
:1070400000240094EBF748FB02B010BD0FB407B565
:1070500004A951F8040B0191FFF7CEFC03B05DF8D1
:1070600004EB04B0704730B54C680368A34201D20A
:10707000012030BD8A682244934201D30020F8E702
:10708000D1E90452954203D36FF00B038B61F5E70E
:10709000CA681B1B42F835304368086902EBC0021E
:1070A00053600B6901330B61E2E737B50C46C0B2A0
:1070B00001A91546EBF772FB002807DB019828B100
:1070C0002A462146EBF790FB03B030BD6FF0150068
:1070D000FAE700221146EBF7A1BB034610B50846BC
:1070E0000AB10021116053B1D0B1411E11F8010F56
:1070F00080B113F8014BA04201D13D28F6D1002008
:107100000EE0013313600AE03D2808D0B0FA80F0A9
:10711000400905E018782F28F6D1002AF1D1012086
:1071200010BD0830704710B5134614460A468188D2
:107130000068FFF784FFA042A8BF204610BD2DE9DC
:10714000F04F97B004469A468946019200297CD0B8
:10715000DAB1BAFA8AF67609258F04F1080B0135FF
:10716000ADB2A8466F1EBFB2B7F5004F3BD04A2361
:107170003946584603AAFFF762FF002807DA10F1E4
:10718000020F08BFB8463D46ECE70126E4E7492870
:10719000F9D800F158030DEB0300002303A900F810
:1071A0004C3C4846E8F7FEFF0028ECD106BBB84649
:1071B000B8F5404F4CD0238F04F10805434538D330
:1071C00008F5804153462846019A89B2EBF7A4F9A5
:1071D00000280ADB46B14846E8F7EEFF4A46034678
:1071E000414628461EE016B3002017B0BDE8F08FD8
:1071F00039465846FFF71FFF0028F6DB05F57F519B
:107200003F31584689B2FFF716FF0028EDDB238F88
:10721000BB42E9D12246013B22F8383F4FF40041FE
:1072200002235846EBF778F900EAE070DDE7012623
:10723000BEE7224602234FF40041284622F8388F49
:10724000EBF76AF90028BBDACFE76FF01500CCE75F
:107250006FF00B00C9E773B5C36B04460363C3B19A
:1072600000F108063046EAF78FFF054670B90223A1
:107270004FF4004130460DF10602FFF7E0FE002812
:10728000B4BF4FF40043BDF806302387284602B050
:1072900070BD6FF01205F9E72DE9F04187680446EB
:1072A000FB680D4616469847BB682BB13246294607
:1072B0002046BDE8F04118476FF05700BDE8F08167
:1072C00070B5054614460E460BF00FFD2B685C406A
:1072D00034405C402C60BDE870400BF001BD08B547
:1072E0000BF0AEF8BDE808400021ECF7B5B8002976
:1072F000CCBF01210021ECF7AFB802214FF4207080
:10730000ECF760BC00F000B800207047ECF778BEE6
:107310007047704770B5054614460E460BF0E5FC05
:107320002B685C4034405C402C60BDE870400BF042
:10733000D7BC3023584300F1A04000F57030036CF7
:107340005940114059400164704730B5002204464D
:1073500000F0FC05A31803F00303581921FA00F309
:10736000DB0704D50132042AF4D14FF0FF3030BDE1
:1073700003782BB94078053818BF4FF0FF307047BD
:10738000012B09D14378012B19D0032B08BF04200E
:1073900018BF4FF0FF307047022B07D1437883B1FD
:1073A000052B10D0072B08BF0820F1E7032B0CD1C9
:1073B0004378022B0CD0052B08BF0A20E8E70320F6
:1073C000704706207047072070474FF0FF30704726
:1073D0000920704708B10BF0C7BC212070474368F3
:1073E00082B013B9416002B0704743680193019BBA
:1073F0005B68012B019B01D15960F4E75B68F5E7FD
:10740000EDF7FABE0AF034BB0AF00CBB0146006887
:10741000EDF7A8BA08B5EDF719FBBDE80840EDF7A0
:10742000EBBF0B4601461846FFF728BA00210120A2
:10743000EDF798BA436F83F30B887047EDF782BF7F
:1074400061B662B680F31188BFF36F8F704772B672
:10745000002383F31188BFF36F8FBFF34F8F30BFCB
:1074600062B6BFF36F8F704740E800F313F4803FBC
:10747000D8B208BF6FF01500704730B50C684B6884
:1074800085B00A894D890094013B24F01F042344F0
:1074900002F01F0242EA451223F01F0369468DF8ED
:1074A00008200393EEF784F805B030BD08B5EEF779
:1074B000BDFA002008BD7047C16A8968EEF7B4BB09
:1074C0000020704708461146EEF7B8BA0CB40346E0
:1074D00007B504AA084652F8041BDB6801929847D6
:1074E00003B05DF804EB02B07047F8F7CBB8F8F7DB
:1074F000D1B9EEF7FBBC0022EEF774BE01380128CB
:107500008CBF00200120704738B50346144608465A
:1075100001B10AB9002038BD1A8F012A0CD0022A05
:107520000CD11825226803F13801AA4228BF2A4647
:107530000AF078FA2560EDE70825F3E76FF085009B
:10754000E9E7F9F7F7B9F8B50446EEF7B9FE0646EC
:1075500004F18007002200233846F8F7D3FB0546E4
:1075600040B93846F8F71EFB04F19C00BDE8F8402E
:10757000FFF7E7BF032E05D1FFF7E5FF2846F1F738
:10758000E5FFE7E701F0FBFDE4E72DE9F04F824678
:1075900016460F4689B021B142BBB0464FF0FF34CA
:1075A00003E0002AF9D08846346803F00203009310
:1075B0000AF180052846F8F749FC4FF000090590CC
:1075C000CDF80490ACB9B8F1000F05D03460B8F133
:1075D000000F01D0009B2BB12846F8F737FC059B24
:1075E000834264D1019809B0BDE8F08F4FF00108E3
:1075F000DAE72846F8F72AFC0028E4D04845E2D02C
:10760000B9F1000F08BF8146069001F05EFFA0426D
:10761000024628BF2246019B029013440193A4EB2B
:10762000020BB8F1000F18D02AB30099069B19B1CC
:10763000D96804911969039118463968079206932D
:1076400001F0D6FE3968079A009B11443960ABB14E
:10765000049A069BDA60039A1A61BBF1000F24D0EA
:10766000002200232846F8F74DFB01462846F8F78C
:10767000F3FA5C46BDE7009B002BF1D1029B9C42D4
:1076800001D25C469EE7002200232846F8F73AFB29
:1076900090F837309B0742BFDAF8783043F00103A7
:1076A000CAF8783001F06BFDEBE75C468BE700220F
:1076B00000232846F8F726FB01462846F8F7CCFABF
:1076C00085E770B5836F0446DB070D46049E04D53D
:1076D000BDE87040084601F052BDD0F8A40028B1C2
:1076E0004FF0FF324FF0FF33F7F7CCFF002E05DAF3
:1076F000A36F764243F00403E667A36704F18006B4
:10770000E5B93046F8F7DAFB88B9A36F43F0010317
:10771000A3673046F8F746FA04F19C00FFF711FF23
:10772000D4F8A400A8B1BDE87040F8F7B3B890F859
:10773000373043F0020380F83730EDE795F8373003
:10774000294623F00203304685F83730F8F784FAEB
:10775000E2E770BD002910B504460EDA836F494296
:1077600043F00403C16783678030F8F71BFA04F124
:107770009C00BDE81040FFF7E4BE10BDEEF7C2BFAD
:10778000EEF7ECBFEFF71EB8EFF744B8EFF7BAB873
:10779000EFF7E4B8002307B5CDE90033EFF7DEF8E3
:1077A00003B05DF804FB2DE9F0474FF0FF331546B9
:1077B0004FF0FF328CB0CDE90A230A236A06044653
:1077C0000E46099303D4836F13F0020339D00022CD
:1077D0000023CDE90A23002706A805F0C0F9DDE95A
:1077E0000A23DDE9068906A805F0B9F9DDE90623D3
:1077F000CDE904230DF1240ADDE90A233146CDE960
:107800000023204600232A46029701F0C2FA0028EE
:107810001FDADDE90A230146CDE9002320464B4665
:107820004246CDF808A0EEF7D1FD431C11D0DDE9AA
:10783000042306A805F0B8F9DDE90623CDE90A23FB
:10784000DAE70AAA0521F2F73DFC4FF4A022002353
:10785000C1E70CB0BDE8F087FFF7A5BF10B5D0F8C1
:10786000A42004460B469AB1D0F880200AB100202B
:1078700010BDD0F8A410D3E900239C30F9F7A4F888
:107880000028F5DBA36F5B07F1D5E06F4042EFE71F
:107890006FF01500ECE7EFF7EBB8EFF789BB0023CB
:1078A00007B5CDE90033EFF783FB03B05DF804FBC8
:1078B000EFF7B8BBEFF706BCEFF7B6BCEFF79CBD30
:1078C000EFF7E8BD08B5EEF7EFFC01F0F3FEF3F7D4
:1078D00035F902F0DFFAF3F713F9F4F7AFFDF2F739
:1078E0002FFEF1F7E1F9F1F7B1FA002008BD10B56C
:1078F000044690F84100F2F71BFE2146C0B2F2F7B1
:107900000BFE20B12046BDE8104001F038BC10BD90
:1079100010B58368044693B190F838309B0713D5AF
:1079200094F83830204643F0020384F8383001F0F0
:10793000E8FC94F83730C3F3C203032B0DD920467B
:10794000BDE8104001F01BBC01468069F0F7ACFEB9
:107950000128E5D00028F2D110BDA368DB681B78B0
:1079600003F0F003602BEAD12046F3F7B7F9F1E713
:1079700038B505460C4619B310B38B681BB3DA68EB
:107980000AB31B8AFBB10021EFF7CEFDF0B194F8EA
:107990003730204643F0010384F8373001F0B1FC62
:1079A000E5612B680BB9EFF7AFFDA5611B7C2046A5
:1079B00084F8243084F82C30FFF799FF002038BD7C
:1079C0006FF01500FBE76FF03C00F8E76FF0720016
:1079D000F5E700230B60436813B9C0E90011704755
:1079E000196041607047002203680BB91846704760
:1079F0008B4210D10B6842B942680360914200D1BA
:107A00004360002301200B60704713604368994274
:107A100008BF4260F5E71A461B68E6E710B4846DBC
:107A200024B1234642685DF8044B18475DF8044BC7
:107A30007047802AF8B507460E46144617D8D50871
:107A40002A460AF02AF890B9644214F0070410D0CC
:107A5000735D785DC4F108025840FF239340DB4317
:107A6000DBB2A3401840B0FA80F04009F8BD002016
:107A7000FCE70120FAE7102208B50AF00EF8B0FA88
:107A800080F0400908BD10B50446EFF771FE28B13B
:107A9000C3681BB12046BDE810401847002010BD48
:107AA00010B5044648B10021EFF7A4FE28B12046E6
:107AB000BDE810400821EFF79DBE002010BDF7F78C
:107AC000E1BDF7F7E7BE2DE9F04F89B089461E46C4
:107AD00001900692FFF7E4FF0446002800F0918031
:107AE0000198EFF7E1FE019B5B68002B00F0AE8090
:107AF00000244FF0FF3EA246A3462746129A1D1DC2
:107B000002F0010200940294079203EB871292F8AC
:107B10003D2092075ED535F8042C022A5AD1A8469A
:107B200048F2FE0138F804298A4253D095F925C05D
:107B30000CF1FF32D2B2012A4CD809F1FF32049283
:107B40006A1E05920022049810F8011FCDE9031067
:107B5000059810F8011F05900398884255D1083206
:107B6000D2B2802AEFD106998A4228BF0A46BCF1D8
:107B7000020F02D1BEF1010F2CD03178914205D90C
:107B8000BCF1010F26D1BEF1020F23D103EB871107
:107B900091F83D1048070BD53F2A09D899F80010F5
:107BA000FF2917D199F8011001F00F01032911D114
:107BB000079991BB03EB871191F83D103270C1F327
:107BC000C001002908BF9246009A08BF42462C46D1
:107BD0000092E6460137062F05F1400595D1129B2C
:107BE00099071FD5009B4BB11D46043521462846F9
:107BF000FFF741FF10B92C4686F800A00198EFF777
:107C0000B5FE204609B0BDE8F08F03984840B0FAB1
:107C100080F118391144CAB2A5E7AB462C46327040
:107C20000292D6E7129BDA070CD5BBF1000FE5D024
:107C300021465846FFF71FFF0028DFD1029B5C4614
:107C40003370DBE7129BDB05D8D5CBE71C46D5E7C5
:107C5000D0E8EF3F0133C0E8E23F002AF8D1704797
:107C600008B504F07AFF4FF47A72A0FB020302FB1E
:107C70000133C00B40EA434008BD2DE9F04F0C46EC
:107C80008BB0804617460193EFF70EFE022C02D10F
:107C9000D8F804500DB9002557E040F2FF230293B5
:107CA0000024ADF80C40ADF80E40ADF810404FF494
:107CB0008073FF22797BF87B8DF81510B97BADF8C6
:107CC000123041EA00218DF81420ADF816104FF063
:107CD000FF39A246A3462E1D05EB841191F83D10F5
:107CE000890724D540F2FF210691ADF81CB0ADF80C
:107CF0001EB0ADF820B0717BF07B8DF82510B17B04
:107D0000ADF8223041EA00218DF82420ADF826108C
:107D100006A902A8FFF7AFFE394682443046FFF7B6
:107D2000AAFE4FF48073002818BFA146FF22013439
:107D3000062C06F14006CFD1B9F1FF3FABD0019B35
:107D40000BB1C3F800A005EB89154046EFF70EFE16
:107D500028460BB0BDE8F08FF0F764B82DE9F84382
:107D600005468846EFF7A0FD6C6894B10026271DF4
:107D700004EB861999F83D309B0710D537F8043C81
:107D8000022B0CD1802239464046FFF752FE30B11B
:107D90004C462846EFF7EAFD2046BDE8F883013659
:107DA000062E07F14007E3D10024F2E7FFF7D6BF24
:107DB0002DE9F84F0F460646002843D0002943D04E
:107DC000EFF772FDD6F80490B9F1000F06D1002547
:107DD0003046EFF7CBFD2846BDE8F88F4FF000089E
:107DE00009F5C27A09EB481303F5CC7B93F89C3173
:107DF0004FEA4814DB071DD539465046FFF73BFED6
:107E00000546B8B104F5CA734B44D3E8AF2F002A36
:107E1000DEDDD3E8EF2F013AC3E8E12F0029F8D1E6
:107E2000002AD4DCD4D19BF8043062F300038BF831
:107E30000430CDE708F10108B8F10E0F0AF1200A6D
:107E4000D0D1C4E70546C6E70D46C4E77FB5436811
:107E50000190EBB140F2FF23ADF808300023ADF8FC
:107E60000A30ADF80C30ADF80E30ADF81030ADF88A
:107E70001230ADF814304FF48073ADF8163001A90C
:107E800002A8F0F74FF818B9019802A902F083FD93
:107E900007B05DF804FB30B585B00D46044601908F
:107EA00078B1002945D00B78FF2B42D1EFF7FCFCCD
:107EB000204603A9EFF78AFE30B100240198EFF7BE
:107EC00055FD204605B030BD284601A9F0F72AF837
:107ED000044618B11430FFF7BBFEEFE7039901EB3E
:107EE000441090F89C316201DB0703D501340E2C5D
:107EF000F5D1E2E790F89C3101EB441423F0030341
:107F000043F0010380F89C310223A4F8803101235F
:107F1000C0F8943102F5C2730B4405F1100055F816
:107F2000044B854243F8044BF9D102F5C0728C181A
:107F3000C4E70024C5E7EFF7F5BF38B50C460546A2
:107F400058B151B1EFF7B0FC237F284623F002036C
:107F50002377BDE83840EFF709BD38BD38B50C468A
:107F6000054658B151B1EFF79FFC237F284643F0F7
:107F700002032377BDE83840EFF7F8BC38BD70B591
:107F800005460E46EFF790FC6C68E4B1002248F21B
:107F9000FE01231D04EB821090F83D0080070CD5F4
:107FA000701C03D093F92500B04206D133F8040CBD
:107FB000022802D1188888420AD00132062A03F129
:107FC0004003E7D100242846EFF7D0FC204670BDDF
:107FD0001C46F8E72DE9F043074687B00D46914669
:107FE0009846EFF761FC384601A9EFF7EFFD06462A
:107FF000002877D17C6834B394F865339B0709D5A2
:10800000284604F55471FFF736FD18B194F864332F
:108010004B450ED094F88D339E0714D5284604F5B1
:108020005E71FFF728FD70B194F88C334B450AD18F
:10803000282606F5507634443846EFF797FC20465C
:1080400007B0BDE8F083019C002CF5D094F86533AF
:108050009807C3F3400604D594F88D33990741D4AB
:108060000126282202FB064292F865130DF1080C46
:1080700041F0020182F8649382F86513C2F86073DC
:1080800005F110092A466546734203F0280303F5FB
:1080900050732344E646106851680832AEE8030086
:1080A0004A45F446F6D103F1100C2A4603CACCF82F
:1080B000041006A98A42CCF8000015460CF1080C01
:1080C000F3D1282202FB064608F10102D2F1000892
:1080D00048EB020896F865231C4668F3000286F810
:1080E0006523A9E70024A7E72DE9F0410F460546DF
:1080F00018B9EFF72FFD054670B32846EFF7D4FB0C
:108100006E682EB396F865339A07C3F340040AD518
:10811000394696F8642306F55470FFF78AFC044646
:1081200008B106F5507496F88D339B070FD596F875
:108130008C833946424606F55E70FFF77AFC30B113
:108140001CB194F82430434501D206F55A742646F2
:108150002846EFF70BFC35462846BDE8F081F8B518
:1081600005460E461746EFF79FFB6C68F4B194F88E
:1081700065339A0706D53A46314604F55470FFF741
:1081800058FCC0B994F88D33C3F340029B0714D553
:108190003A46314604F55E70FFF74BFC78B1012397
:1081A0005B4203F0280303F550731C442846EFF7A5
:1081B000DDFB2046F8BD0023F2E71446F6E704464F
:1081C000F4E713B5044610B9002002B010BD48F220
:1081D000FE0302889A42F7D00378FF2B04D143783C
:1081E00003F00F03022BEFD02146002001F009FF1E
:1081F00008B14068E9E76A46214601AB02F0BFFFDB
:108200000028E1D0009808B14068DEE72146EFF78A
:10821000B5FF0028D8D08069D7E738B504460D46A9
:10822000FFF71EFD2584E061BDE83840EFF756BB3F
:10823000EFF7B2BB38B50546EFF736FB002128460D
:10824000EFF7C4FC044640B96B680BB193F8A64342
:108250002846EFF78BFBE0B238BD0024F8E738B5CD
:108260000546EFF721FB00212846EFF7AFFC044657
:1082700040B96B680BB193F8A5432846EFF776FB3E
:10828000E0B238BD0024F8E738B504460D46EFF7F4
:108290000BFB00212046EFF799FC18B963680BB17E
:1082A00083F8A5532046BDE83840EFF75FBB4FF495
:1082B0008072EFF7DBBFF7B506460D46FFF781FF8B
:1082C000314607460190FFF7F2FF044647B1F0F749
:1082D0000DFE844204D131460020FFF7E8FF04463A
:1082E000F0F704FE844203D0204601A9FFF734FDD5
:1082F00005B12C60019820B903B0BDE8F040EFF75C
:1083000029BC03B0F0BD0021FFF7D5BF37B5D0F8C9
:108310009033C3B1012B19D003EB43046408B4EBD1
:10832000530F4FEA53050BD9641B04210DEB0100D9
:10833000FFF7E1F8019BB3FBF4F204FB12331D4499
:10834000284603B030BD47F23055F9E71D46F7E740
:1083500037B50C460546E0B1B1B1EFF7A5FA6B6849
:1083600073B122460221284601ABF0F717F8002826
:108370000DDD019A92F83D3023F0100382F83D3074
:1083800000242846EFF7F2FA204603B030BD01245E
:10839000F7E70446F8E737B50C460190EFF784FAA3
:1083A000204601A9EFF73EFD019D18B12146284660
:1083B000FFF7CEFF2846EFF7D9FA03B030BD2DE91D
:1083C000F84307460E469046994600250C1D06EBDD
:1083D000851393F83D309B0711D534F8043C022BEC
:1083E0000DD194F82430012B09D14A46214640464C
:1083F000FFF71FFB18B121463846FFF7A9FF0135EB
:10840000062D04F14004E2D1BDE8F8832DE9F041E6
:1084100006460F469046EFF747FA7468002C3ED0A8
:1084200094F865339A0709D5394604F55470FFF777
:1084300022FB18B194F8643343452DD094F88D3362
:10844000C3F340059B0721D5394604F55E70FFF75D
:1084500012FB0546D0B194F88C3343451FD101255A
:10846000282000F550702044EFF742FE282303FB3C
:10847000054595F865333A4623F0020385F86533E0
:10848000214643463046FFF79AFF01253046EFF775
:108490006DFA2846BDE8F08100252846E1E7002571
:1084A000F4E710B50C468B684BB994F8410001F025
:1084B00010F92146A069BDE81040F0F737B95B68B4
:1084C000F2E72DE9F0410C464E69092105461746B1
:1084D0009846EFF78FF960B96FF072071EB1394611
:1084E0003046FFF79BFA94F82D30002B3FD1022045
:1084F0002DE004212846EFF77DF90028ECD1012179
:108500002846EFF777F978B994F8253063B9A06970
:10851000EFF744F94278811C062A05D884F8252013
:1085200004F1260009F07EFA9EB1B6F8B41001F00D
:10853000C003C02B0DD1C1F3C2010139012908D8F4
:1085400028463A4643462146FFF7ABFF0020BDE8E8
:10855000F08194F83730C3F3C203022BF0D12046E8
:10856000F3F78AFB022809D16FF00407B6E73A4611
:10857000284604F12C01F0F7B3F8B8E70028E6D15B
:10858000DEE72DE9F04F05468BB00F469146984641
:10859000EFF78AF969462846EFF718FB06460028E8
:1085A00040F0E0806C6804F1040A04EB861B9BF841
:1085B0003D309B0717D551463846FFF75CFA90B11E
:1085C0009BF83D305C46DE0609D40BF11400FFF742
:1085D0003FFB9BF83D3043F010038BF83D302846BD
:1085E000EFF7C4F955E00136062E0AF1400ADCD156
:1085F0000026DDF800B00BEB861393F83D20B101A7
:108600009007C2F3400A48D50136062EF3D14FF049
:10861000000A54462846EFF7A9F9002C39D0BAF1E0
:10862000000F36D06B6883B32846FFF72CFAC307D8
:1086300006462AD52846FFF709FC16F0020624D183
:108640006B6801950BB340F2FF230693ADF81C60F5
:10865000ADF81E60ADF820604FF48073ADF82230A5
:10866000FF238DF82430637CE27C8DF82530A37CD9
:1086700043EA0223ADF8263001A906A8EFF752FC21
:1086800018B9019806A902F086F921462846F0F7A4
:10869000E7F820460BB0BDE8F08F93F83D201C466C
:1086A00022F01A0242F0120283F83D2002222BF837
:1086B000012001225A613A4683F828900DF1080EF4
:1086C00007F11009F446106851680832ACE803005D
:1086D0004A45E646F6D10DF1080E03F1040C0DF102
:1086E0001809724603CA4A45CCF80000CCF80410B9
:1086F00096460CF1080CF4D1B601B8F1000F15D074
:108700000BEB060191F83D20184622F0010281F89A
:108710003D204146EFF7DAFB2846FFF7B4F90207A0
:108720000DD501235E4486F8293073E70BEB060272
:1087300092F83D3043F0010382F83D30ECE73B68AE
:108740003BB97B682BB9BB681BB9FB68B3F1807F71
:10875000E7D00B212846EFF74DF80028E1D14FF084
:10876000010A57E700243AE7F0B504468BB006AE9D
:10877000EFF79AF810220021304609F079F92046E7
:10878000EFF792F8204605A9EFF720FA054658B111
:1087900000262046EFF7EAF86068F0B920460BB0F3
:1087A000BDE8F040EFF7E2B8059B002BF0D0204683
:1087B000EEF7F4FF2B46CDE901602A462946204614
:1087C000009501F00DFB0028E2DB31462B4601222B
:1087D0002046FFF7D6FE0646DBE700221546114687
:1087E000031D00EB811797F83D70BF0715D533F8CF
:1087F000047C022F11D11F1FBE420ED01F683FB94B
:108800005F682FB99F681FB9DF68B7F1807F04D018
:1088100003F12C07DD628AB13D460131062903F1DF
:108820004003DED12046EFF7A1F82DB1294651F8DB
:10883000305905B1303D21B90BB0F0BD3A463D4647
:10884000EBE72046F0F70CF82DB12B6B03B1303B72
:1088500029461D46EFE72B46FAE70020704738B55A
:108860000546426011B9C0E9021138BD4FF47A7370
:10887000A1FB03416FF0004200232046E7F778FC9C
:10888000C0EBC073E31A08BF6FF00043E86009BF94
:1088900000F1FF30AB60AB60E860E6E700226FF00C
:1088A000004C10B5D0E90234E4FB0C324068091AE0
:1088B000581A62EBE171012871F1000305DB4FF4F6
:1088C0007A720023E7F754FC10BD0020FCE770B576
:1088D000C4680346456804BB8268681A10440028CF
:1088E0001ADCECB101F100409A6801302E1A401BED
:1088F00082429CBF02F1004202F1FF32596004F152
:10890000FF31D9608DBF92199219A11E9A609CBF48
:108910009A60D96031B9986870BD6FF00042DCE7A9
:108920002046F9E76FF00040F6E710B50C0901F0BA
:108930000F0103B944B1092C85BFA2F10A03E41861
:108940003034E4B200F8014B0023092985BF0A3A0C
:1089500089183031C9B2017000F8013F10BD11F023
:10896000010C08BF40BA4FF000032DE9F04108BFE9
:1089700080B2BCF1000F07D032B111F8014B013ABF
:108980002402241820465B418C0708D5012A06D909
:1089900031F8024B023A2418204643F100030D46F9
:1089A00016464FF0000E0F2E05F1100534D86FF06B
:1089B0000F0514096C432244091B0E461546032D6E
:1089C00040D86FF00307960822F0030507FB062244
:1089D000012A05EB010406D9695A023A091808462A
:1089E00043F100030234012A07D12278E10748BF8E
:1089F00012021218104643F10003020C42EA03422D
:108A0000190C52EA134380B224D1BCF1000F01D1FA
:108A100040BA80B2BDE8F08155E90447E41955F841
:108A2000087C4EEB0E08E41955F8047C48F1000868
:108A3000E41948F1000724182046A6F1100643EB7C
:108A40000703B0E756F8044B043D2418204643F1D1
:108A50000003B4E7801841F10003CEE72DE9F74F9A
:108A600090F837300446C3F3C203022B0D46164676
:108A700040F095804FF0000A836823BBD4E9039847
:108A8000638F2046009394F836B000F03AFC94F8D7
:108A9000372094F8361002F0010742F00102204618
:108AA00084F83720203900F08DFC0028009B0EDA76
:108AB00094F83730C4E9039867F3000384F837303B
:108AC00003B0BDE8F08F1A8A5B689244D5E7E81AD4
:108AD000A0EB0B0050442169202280B2FFF73FFF3A
:108AE000618F05462031204600F06CFC0028DFDB5A
:108AF000D4F80CA0BAF1000F3AD02369002B37D07C
:108B0000DAF80C20BAF810B09B1AABEB030B4FF05D
:108B1000FF339B455A4628BF1A4628462169CDE9AE
:108B20000023FFF71CFFDDE900239B1A05461FD039
:108B3000DAF804A0C4F80CA0BAF1000F18D0BAF803
:108B40001020AAB1DAF80C201BF0010F22611DD011
:108B5000117801320D44ADB2A942226188BF0135BE
:108B6000BAF810B088BFADB2013B0BF1FF3BD0D1DA
:108B70007DB16DBAADB294F83730C4E9039867F3AC
:108B8000000384F837303EB9002099E7BAF810B0F6
:108B9000BFE74FF6FF75EEE7ED433580F4E76FF082
:108BA00015008DE7022307B500916946ADF8043042
:108BB000F0F7A0F903B05DF804FB0268034642B980
:108BC000406840B99A683AB9D868B0FA80F040096C
:108BD00070470020704710467047EEF749BFF6F720
:108BE00051BDF6F757BEF0B506460F46052587B0CE
:108BF00002210DF11600FEF77EFCBDF81640013D86
:108C00004FF0000144F400440FD0CDE9011164BAE3
:108C10000097A4B22346304696F8B220F0F766FBE0
:108C20001130E5D0204607B0F0BD2C46FAE790F8A9
:108C3000AA0070470120704700F10803D3E8EF0F46
:108C40000130C3E8E20F002AF8D1704738B5044676
:108C500000F10803D3E8EF0F421EC3E8E12F00291B
:108C6000F8D1012801D0013838BD04F10C0528469F
:108C70004FF0FF324FF0FF33FFF7B1FF206D18B117
:108C8000F1F7CAFD00232365B4F8B430284623F079
:108C90000603A4F8B430FFF7A4FFB4F8B430002002
:108CA00023F00103A4F8B430DEE770B586B00446C3
:108CB000F0F748FA05462046F0F7B8F9014650BBF0
:108CC000022D2AD116220DF1020008F0D1FEADF8D6
:108CD0000050F0F70BF9034601AD00F110062A46EB
:108CE00018685968083303C2B3421546F7D12046C5
:108CF000F0F7FCF903280CD069462046FFF773FF14
:108D0000ADF80200182269462046F0F753FC06B081
:108D100070BD0020F4E70020F9E76FF01500F6E7DA
:108D20002DE9F041044600F10C08404686B0164695
:108D30001F464FF0FF324FF0FF330D46FFF74FFF56
:108D40002046F0F7FFF9B4F8B420022814BF00233E
:108D50001823D2051AD5628FC2B1DDE90C010022B9
:108D600005920E9ACDE90201CDE900372046049222
:108D700004F1380332462946F0F7F8FC0446404631
:108D8000FFF72FFF204606B0BDE8F0816FF07804B2
:108D9000F5E7F0B500F10C0787B004461E463846EB
:108DA0004FF0FF324FF0FF330D46FFF718FF01235E
:108DB00005930E9B29460493DDE90C23CDE902239C
:108DC000002320461A4600930196F0F7CFFC044694
:108DD0003846FFF706FF204607B0F0BD2DE9F04109
:108DE00000F10C0886B0044616461F4640464FF078
:108DF000FF324FF0FF330D46FFF7F1FE01230593DD
:108E0000109B29460493DDE90E23CDE902230D9B37
:108E1000324601930C9B204600933B46F0F7A6FC9C
:108E200004464046FFF7DDFE204606B0BDE8F0816F
:108E300010B500F10C044FF0FF324FF0FF33204625
:108E4000FFF7CDFE2046FFF7CCFE6FF07A0010BD95
:108E500070B50D4616460446E8B1E1B1DAB1F0F757
:108E600045F902281AD1228C022A1AD133682A80A5
:108E7000182B28BF1823628C043525F8022C04F126
:108E80002402343452F8041BA24245F8041BF9D1E1
:108E90000020336070BD6FF01500FBE76FF06C00D1
:108EA000F8E76FF06900F5E703688268C0889B1AED
:108EB000C01A80B2704738B50546C3685C68EC607C
:108EC0000CB92C6138BD31B104F10C00FFF7ECFF97
:108ED00018B96468F3E7208AFAE7E468F1E738B57F
:108EE000C568044685B169B105F10C00FFF7DCFFE8
:108EF0002369EA689B1A834206D12046BDE83840C0
:108F0000FFF7D9BF288AF3E738BD2DE9F84390F879
:108F100037300F4613F0010904461146D0F80C8093
:108F20001AD1CAB108F10C00FFF7BEFF0546266949
:108F3000D8F80C30F31A3B44AB4211D1B9F1000F11
:108F400005D008F10C00FFF7AFFFA84208D8204673
:108F5000BDE8F843FFF7AFBF0021B8F81050E6E7CF
:108F60003E442661BDE8F88390F8373091F8372009
:108F7000C3F3C20363F3C50281F8372043694B6131
:108F800090F8363081F8363090F8402091F8403033
:108F900062F3050381F8403090F8403091F84020AA
:108FA0009B0963F3871281F8402090F8413091F8D3
:108FB000372081F84130C369CB6190F83730DB0945
:108FC00063F3C71281F8372090F83730D2B2C3F379
:108FD000400363F3410281F8372090F83730D2B272
:108FE000C3F3800363F3820281F8372090F83830AE
:108FF00091F83820C3F3800363F3820281F83820AC
:1090000090F8383080F8383091F83820C3F34003B6
:1090100063F3410281F83820838E8B8683684BB1DD
:109020008B683BB1436A4B62836A8B62C36ACB62D3
:10903000036B0B6390F83730C3F3C203022B0FD1DD
:1090400090F8393081F83930438F4B8790F83E30B3
:1090500081F83E30838F8B8790F83F3081F83F3026
:1090600070470346002003B970471A8A5B681044B2
:10907000F9E72DE9F74F019390F837309DF830A0CC
:1090800003F0010305460E4614460093BAF1000FA3
:109090000AD083F00109CB46E968002954D034B9DD
:1090A000204603B0BDE8F08FD146D346F4E7BBF1CC
:1090B000000F0DD001F10C00FFF7F6FE2B69CA6816
:1090C0009A1A871A06D149462846FFF7F4FEE3E7C5
:1090D000088AF3E7A742B84628BFA04656B1019ACE
:1090E00042B3BAF1000F23D0184633464246194620
:1090F00008F098FCBBF1000F04D0E86841460C3042
:10910000ECF7B2FEA7421BD8009B33B1E868018A96
:109110000C30FFF7C9FE814212D349462846FFF7BB
:10912000CAFE019B0BB106B14644A4EB0804B3E7A9
:109130003046DBE742461846316808F099FCD9E72B
:109140002B6943442B61ECE7002C14BF6FF06800DF
:109150000020A6E710B580B100F12003D3E8AF2FBF
:109160005AB1511CD3E8EF4F944204D1C3E8EC1F2D
:10917000BCF1000FF6D1F1D110BD0020FCE710B515
:109180000446D8B100F12002D2E8AF3FB3B1591E76
:10919000D2E8EF0F984204D1C2E8EC1FBCF1000FF7
:1091A000F6D1F1D1012B09DCA06808B1F1F76EF816
:1091B00021466068BDE81040F6F7C4B910BD2DE93E
:1091C000FF4D4FF00008DDE90CAB45465B46064617
:1091D000174602A852460C4603F0C1FCDDE9022303
:1091E000CDE90023002200233046FEF765F968B977
:1091F0005AEA0B032FD0DDE9002302A803F0D4FCC8
:10920000DDE902233046FEF757F920B375B9B8F10E
:10921000000F08D17FB90546438A9C423CBFA3B2E8
:109220004382E41A13E0C8F80400F5E78542C8F861
:109230000400F1D1EEE7438A3C449C4205D2054646
:109240004482284604B0BDE8F08D0546E41A002C9F
:10925000F7D08046C6E715B12846F1F717F8002584
:10926000EFE738B538B1856800212C4624B9284687
:10927000FFF7F7FE081A38BD04F10C00FFF714FEE3
:1092800064680144F2E738B50546C8B190F8373054
:1092900013F0380FC3F3C20406D0022C0CBF2824ED
:1092A000002411290DD10834A868FFF7DAFEA04286
:1092B00038BF241A284628BF0024FFF7D2FF001B1E
:1092C00038BD012901D03A29EED10434ECE7F8B5D4
:1092D000044680680027054600B9F8BD038A466841
:1092E0003BB9A368834207D1A6604760F0F7CEFF81
:1092F000284605463046EFE76B68834208BF6E603C
:10930000F3E78368C36003B1DB680361704738B576
:109310000D46F0F7FFFF044610B12946F0F786FF2F
:10932000204638BD10B582680C4622B98160BDE880
:109330001040FFF7E6BF1046ECF73CFD2146BDE8C4
:109340001040ECF74FBD2DE9F04F87B003921F4658
:10935000DDE912650022002382468B46FFF7D7FF26
:109360000446C0B956EA050327D032462B4604A866
:1093700003F0F5FBDDE9048932462B465946504699
:10938000FFF7C5FF0446C0B142464B4604A803F0B0
:109390000BFCDDE9046594F83730204667F3C5031C
:1093A00084F837309DF84020CDE900650399F1F746
:1093B00061F818B12046FFF7E2FE0024204607B00E
:1093C000BDE8F08F012307B5009300230A46194634
:1093D000FFF74FFE03B05DF804FB1FB501230391B7
:1093E000009303A90023FFF744FE05B05DF804FBDA
:1093F000002307B500930123FFF73BFE03B05DF8A0
:1094000004FB042213B50C460DEB0201FFF7F0FF3D
:10941000019B1BBA236002B010BD2DE9F84306463C
:109420000F461446F3689BB1FB688BB194B10121E0
:109430003046FFF754FD00213846FFF750FDD6F8BF
:109440000C90B9F1000F07D16FF06800BDE8F88308
:10945000002CF9D12046F9E7FB68002BF4D0B3F8D3
:1094600010803969DB6809F10C00CB1AA8EB0308FE
:10947000FFF71AFD0546D9F80C303069A045A0EB7E
:109480000303A5EB030501D9A5421CD8454528BF18
:109490004546002DD8D02A4608F0C4FA96F8373051
:1094A000DB0704D4F06829460C30ECF7DDFC012220
:1094B00029463046FFF729FD002229463846FFF7A6
:1094C00024FD641BAEE72546E5E770B1C3685BB1D8
:1094D000006950B1D9681A8A401A101A5B6803B93A
:1094E00070471A8A1044F9E71846704783682BB909
:1094F000002914BF6FF01500002070471A8A8A42B5
:109500002ABF1982891A00215B68F0E710B5C2688A
:1095100003467AB1006938B1996800238A4204D1C0
:10952000D268801A034498B210BD0C8A496823445B
:109530009BB2F3E71046F7E72DE9F04385B0044608
:109540000D4690461F46FFF7E1FF8146A068FFF7F2
:1095500088FD002394F83760A1690246CDE90287AF
:1095600028460093FFF7EFFE06F001060546F0B12E
:10957000D4E9038794F83730204643F0010384F898
:109580003730FFF7BEFEA068FFF76BFD21460246AD
:109590002846FFF742FF78B12846FFF7F0FD94F820
:1095A0003730C4E9038766F3000384F837300025B9
:1095B000284605B0BDE8F08395F83730294643F0DA
:1095C0000103204685F83730FFF7CEFC2846494690
:1095D000FFF797FEFFF7F6FE0028DDD195F837304C
:1095E00066F3000385F8373094F83730C4E9038711
:1095F00066F3000384F83730DAE74168FFF79CBF71
:1096000070B5054690F8376006F0010686F0010156
:10961000FFF765FCEC6864B1296961B126B1208A65
:10962000E368C91A401A70BD04F10C00FFF73CFC56
:10963000F6E72046F7E70846F5E773B50369044601
:1096400099420E4615460AD1FFF7DAFFA84206D323
:109650002946204602B0BDE87040FFF7B3BE0123A3
:109660002A46314620460093FFF703FD02B070BD45
:10967000F8B504464E680D46FFF7C2FF864203D890
:1096800023692B60286810E094F83730DB07F9D5A0
:10969000296849B1D4E9037620466A68FFF7A8FE35
:1096A000C4E903760028EDD00020F8BDD1E900120E
:1096B000FFF7C3BF704710B504464FF0FF324FF0BD
:1096C000FF332046F6F71EFB0028F6D0FEF720F900
:1096D000F3E70020704770470268034642B94068CC
:1096E00040B99A683AB9D868B0FA80F04009704732
:1096F0000020704710467047102208B508F0CDF9D9
:10970000B0FA80F0400908BD70B50446154621B393
:109710000B88022B2BD10B4600F11C0201F1180023
:1097200053F8046B834242F8046BF9D1081DFFF72C
:10973000D3FF28B994F8443043F0400384F8443010
:1097400094F8443043F0040365B143F010036DBA5C
:1097500084F84430E583002070BD90F8443003F075
:10976000BB03F1E723F0100384F84430F3E76FF014
:109770001500F1E770B50446154619B30B88022BA6
:109780002AD10B46021D01F1180053F8046B8342E5
:1097900042F8046BF9D1081DFFF79EFF28B994F831
:1097A000443043F0200384F8443094F8443043F0CC
:1097B000020365B143F008036DBA84F84430E580D4
:1097C000002070BD90F8443003F0DD03F1E723F092
:1097D000080384F84430F3E76FF01500F1E77FB534
:1097E0000423002602A90446CDE90263FFF740FFE7
:1097F0000546D0B18670C6703A2120460DF10602AA
:10980000ADF80660FFF72AF900280CDBBDF806303A
:1098100020466B8094F8383002A943F0040384F8A2
:109820003830FFF743FF04B070BD6FF06800FAE70F
:10983000F7B5042300250F46694604461646CDE9D0
:109840000053FFF715FF48B1077046708570C5706B
:1098500069462046FFF72AFF03B0F0BD6FF06800AD
:10986000FAE72DE9F04F0D46D1E9039816688BB061
:109870008F6906F1080302AA06F1180C144618684D
:109880005968083303C463452246F7D106AA9246B5
:1098900006F1280C144618685968083303C4634558
:1098A0002246F7D16A8FB388C2F57F425BBAFC3299
:1098B00012FA83F31FFA83FB1BB2032B03DC022093
:1098C0000BB0BDE8F08F4FF4004200235946CDE9BC
:1098D000002338463A230222F0F70CFE0446002803
:1098E000EDD0337EFF2B50D102A93846FEF7DFFCC6
:1098F0000368014633B9436823B9836813B9C36861
:10990000002B44D00023C4F82E30638684F82C301A
:1099100084F82D30C4F82630638584F8243084F828
:10992000253095F8402094F84030204662F3050336
:1099300084F8403095F8403094F840209B0963F358
:10994000871284F8402002AA00F09CF90246F0B980
:1099500081212046FFF76CFFC8B95A4629462046A8
:10996000FFF75BFD98B92046FFF7CBFC3A21204674
:1099700000F0EDF9002200232046EDF7EFFD00286E
:1099800005DB0120C5E903989AE75146BAE720466E
:10999000FFF7F5FB93E72DE9F04F91B005460393F0
:1099A0000024282389469246CDE90643D0F818B012
:1099B000FFF7A7FC284606A9FFF75AFE80460028B5
:1099C00000F0FD8083793A2B1CD1042328460799A7
:1099D0000C940D93FFF7F6FC061EC0F2E7802846B4
:1099E0000CA9FFF745FE002800F0EC8090F900205C
:1099F0000378A24280F2E680892B00F0E3802846BB
:109A0000FFF77FFC08F1080308AA08F118061446BE
:109A100018685968083303C4B3422246F7D10CAA28
:109A200008F12806144618685968083303C4B3427D
:109A30002246F7D1DDE9083213430A9A13430B9A01
:109A4000134300F0BF809DF82030FF2B00F0BA8058
:109A50009DF83030FF2B0AD1B9F1020F07D0B9F1D0
:109A6000040F40F0AF80BAF1020F40F0AB8098F8DD
:109A70000630112B67D0062B67D00021AB68002B76
:109A80005DD1022295F82530584603FB02114FF4B0
:109A9000004200230431CDE900233A230222F0F7EB
:109AA00029FD0446002800F0908095F8252005F156
:109AB0002601FFF7C2FD071E3CDBA36895F82D20A9
:109AC000D96804F12E0007F0ADFF204695F82D204F
:109AD00005F12E01FFF7B1FD071E2BDBA06895F8FD
:109AE0002D100C30ECF7DCF9A66895F8252056F817
:109AF0000C1F04F1260007F095FF95F8251030465D
:109B0000ECF7CEF995F82D300CA984F8253095F8AE
:109B1000253084F82D3098F81830FF2B03D15846A3
:109B2000FEF7C5FB0146204608AA00F0ABF870B16D
:109B30006FF004072046FFF722FB3E4636E01A8A04
:109B40005B6811449BE730219BE73C2199E749463C
:109B500052462046FFF76CFE01460028E8D1B9F1D5
:109B6000040F27D1039B4A461BBA204605A905933B
:109B7000FFF763FD07462046FFF773FB0246002F01
:109B8000D8D129462046FFF748FC06460028D1D107
:109B90002046FFF7B6FB3A21204600F0D8F8002215
:109BA00000232046EDF7DAFC0028C3DB304611B075
:109BB000BDE8F08F04222046FFF70FFCDAE76FF0D4
:109BC0000406F3E76FF01506F0E76FF00B06EDE71C
:109BD000F0B50423002585B00F4602A90446CDE95F
:109BE0000253FFF745FD064660B13A2120460DF1CC
:109BF0000602ADF80650FEF731FFA84202DBBDF8C1
:109C0000065015B1022005B0F0BD20460399FFF7BC
:109C1000D9FB0028F6DB324639462046FEF7C2FF64
:109C20000228EFD02046FFF7AAFA2846EBE7037890
:109C3000013BDBB2037013B9C36803B11847704727
:109C400070B5054600240689A64201DC00200AE022
:109C500021462868F0F782FF03782BB900F1100342
:109C600083600123037070BD0134EDE70378FF2B9F
:109C700006D1407800F00F00431A5842584170470F
:109C8000002070472DE9F34128234FF000080E46CD
:109C9000694605461746CDE90083FFF7E9FC04460F
:109CA000002851D095F8403080F80280C3F30502B7
:109CB000C3F3811343EA8203C3F3031242F0600249
:109CC0001B010270437080F8038080F8048080F8E4
:109CD000058080F8068095F83930C3713BB93A7831
:109CE0006B69FF2A28D113B393F8B830E3713A4671
:109CF00004F1180307F1100152F8040B8A4243F8EB
:109D0000040BF9D1083406F1100356F8042B9E42D7
:109D100044F8042BF9D1282385F83630002369460E
:109D200028466B87FFF7C2FC02B0BDE8F081A86946
:109D3000FEF780FAE071DAE713B193F8B730D5E7B0
:109D4000A869FEF78CFAF5E76FF06800ECE773B5E9
:109D500028230025CDE9005390F837300E4643F014
:109D60000103694680F837300446FFF781FC18B9D3
:109D70006FF0680002B070BD2B46A268E2B9283BC4
:109D80005BBA838094F83F306946FF2B08BF3346A7
:109D900083712046FFF78AFC0028EBDB94F83F3004
:109DA000FF2B0DD148F2DD63112EA3860FD10021C8
:109DB000204600F06CFEDDE7118A52680B44DDE7B7
:109DC0002046618FFFF7FEFA0028EBD0D0E73A2E4D
:109DD00004D100212046FFF702FDCBE70020C9E7B0
:109DE00030B585B00D460A9C08B9EDF7B3FEEEF725
:109DF00025FD55BB48F2FE03009301956378062BC1
:109E000028D0082B43D0022B10D12378012B0DD161
:109E100000230293FF238DF80B30FE23ADF80C30A6
:109E2000A3788DF80E30E3788DF80F306C46099AE0
:109E3000234603CB516004A98B4210601C4602F1FB
:109E40000802F5D1002005B030BD2B6800936B6887
:109E50000193D3E7237962888DF80A30FF238DF8C8
:109E60000B30FE238DF80C30B4F80530ADF8082027
:109E7000ADF80D30E3798DF80F302378032B02BF56
:109E80009DF8083083F002038DF80830CEE76FF0BC
:109E90001500D8E708B5F2F7ADF8BDE80840F2F7CD
:109EA0008DB90268034642B9406840B99A683AB928
:109EB000D868B0FA80F0400970470020704710461B
:109EC0007047704701F1100351F8042B994240F894
:109ED000042BF9D1704708B502F03FFE4FF47A72B7
:109EE000A0FB020302FB0131C00B40EA4140C90B59
:109EF00008BD10B5044602F0DAFD421E63EB030311
:109F00002046BDE81040EDF729BB062370B553701D
:109F1000154690F825200C469A4228BF1A46A91CDF
:109F20006A700646FFF764FA68B96B78E100023997
:109F3000C91A11F0FF0108D03046FFF743FAB0FA12
:109F400080F0400970BD0020FCE70120FAE738B539
:109F5000044608460D46F1F7F5F9A56120B10378EE
:109F600084F8243084F82C3038BD28B1062A03D870
:109F70004270023007F056BD704770470022002340
:109F800010B50446C0E91023236803B910BD4FF093
:109F9000FF324FF0FF332046F5F7B4FEFFF7EFF83E
:109FA000F2E738B504468068FFF7E8FF002100209B
:109FB0000025A368C3E90C01A36820469D63FFF751
:109FC00036FE29462046BDE83840F0F737BE70B56A
:109FD00005460E46F1F768FA31462846F1F72EFAA3
:109FE000044618B9F1F76AFA204670BD3146284692
:109FF000F2F7E0F92046FFF7D4FFF1F75FFA01200E
:10A00000F3E738B504460D46F1F74EFA29462046E7
:10A01000F1F714FA0446F1F751FA204638BD2DE95C
:10A02000F043904699460022142385B0CDE90223DF
:10A0300007460D46F1F79CF940F6CD42002300F1AA
:10A040001401CDE9002306463A2302223846F0F7F0
:10A0500051FA044600284DD0FF234246294680F895
:10A060003930FFF70FFE024640B16FF06805204619
:10A07000FFF785F8284605B0BDE8F0838821204623
:10A08000FFF7D6FB80460028EFD1204602A9FFF754
:10A09000EFFA05460028E8D013224146013007F0C8
:10A0A000E7FC28469DF83030494600F8043BFFF7AE
:10A0B00009FF204602A9FFF7F9FA05460028D4D186
:10A0C0003846F1F73FF90223014632462046F1F7C0
:10A0D00081F90028C9D02046FFF713F93A2120461C
:10A0E000FFF735FE2046FFF704FF0028C2DA6FF0C5
:10A0F0001505BCE76FF00B05BCE72DE9F04F1E46D8
:10A100000025142395B0CDE9045303AB0693022335
:10A110000C460793D2F800908B684BB90B21A069CD
:10A12000F1F73EF9804638B1022015B0BDE8F08F56
:10A130001A8A5B681544F0E72046D4E903B304A902
:10A140000193FFF795FA07460028EDD0011D0CA8F2
:10A15000FFF7B8FEADB209F1180110A8FFF7B2FE83
:10A16000412DE1D999F80730FF2BDDD19DF8303032
:10A17000FF2BD9D03B785B0603D59DF84030FF2BF1
:10A18000D2D07678002ECFD120460599FFF71AF964
:10A190000028C9DB14232C3D84F83E30ADB22046A4
:10A1A00006A9FFF765FA28B143781BB194F83E1071
:10A1B000A94213D3A0690CA9FDF7F8FD30B390F9BB
:10A1C0002930002BB0D148F2FE03BDF830209A426E
:10A1D000AAD0A0690CA9FEF7DEF8A5E70278022A4A
:10A1E00006D1628F94F8366006320A441644B6B23D
:10A1F00001EBC303DBB28B4284F83E3094D9204696
:10A200000799FFF7DFF80028C9DA8DE70121CDE9CA
:10A210000800A069F1F7C4F88146F1F745F9A06993
:10A220000CA9F1F70BF90546002874D0002E5DD17A
:10A230006B78FF2B77D06878F0F738FD82460028DE
:10A2400069D056B14278811C0DF1220007F025FC3F
:10A25000B0F1000818BF4FF00108AA6892F8482032
:10A26000002A77D116B9B9F1000F54D0B8F1000F18
:10A2700009D05046F1F704F950469AF801200DF143
:10A280002201FFF772FE3B78580640F190800121D1
:10A290002846F0F7CBFF002300200021AA6882F8AF
:10A2A0004C30AA68C2E90C01AA6893632946A069E8
:10A2B000F1F792F9AA683B7892F84D10DB0963F345
:10A2C000000182F84D10AB681B6823B3A8684FF0FB
:10A2D000FF324FF0FF33F5F715FD0646FFF709FE95
:10A2E000002869DAA868FFF749FE14E094F82530E1
:10A2F00020468DF82130FFF704F831462046FFF75D
:10A3000061F840B920469DF821200DF12201FFF7A8
:10A310006FF800288CD0F1F7D1F8019B0120C4F828
:10A320000CB0236101E716B9B9F1000FF3D09DF825
:10A3300021200DF122010AA8FFF717FE2846A16986
:10A340000AAAF0F721FC00283FF475AF2846FFF772
:10A3500028FEE0E73978890609D4B8F1000F13D058
:10A36000012AD8D102212846F0F760FFD3E7B8F1DF
:10A37000000F09D05046F1F783F850469AF80120B3
:10A380000DF12201FFF7F1FD3B785B060CD50121B1
:10A390002846F0F74BFF002000210022AB68C3E9FC
:10A3A0000C01AB689A6381E7B8F1000F82D00221FB
:10A3B0002846F0F73BFF7DE73046FEF7E0FE82E7F8
:10A3C0002DE9F7431C46064688461546F1F76CF81A
:10A3D0002246414630469DF82830F1F775F804468C
:10A3E000A0B315B32A463146F0F7CEFB78301CD126
:10A3F000A36893F84830052B28D06078F0F756FC16
:10A4000005F10209074649466A78023007F045FB24
:10A41000B8B13846F1F734F8494638466A78FFF75C
:10A42000A4FD02212046F0F701FFA36893F848300D
:10A4300063B91A4619463046CDE90083F1F7EAF8C8
:10A4400004E0A36893F84830002BEAD0F1F736F81F
:10A45000204603B0BDE8F0832DE9F047994600257A
:10A4600014239AB0CDE9045303AB069302230C46A0
:10A470000793D2F800A08B6863B9D4E903870B2156
:10A48000A0698DF82130F0F78BFF38B102201AB0A7
:10A49000BDE8F0871A8A5B681544EDE7204604A9F9
:10A4A000FFF7E6F80028F1D0011D0AF108060AA816
:10A4B000FFF708FD31460EA8FFF704FDADB20AF123
:10A4C000180112A8FFF7FEFC3F2DDFD99AF80730DC
:10A4D000FF2BDBD19DF82830FF2BD7D099F8013026
:10A4E000002BD3D120460599FEF76CFF0028CDDB69
:10A4F00014232C3D84F83E30ADB2204606A9FFF768
:10A50000B7F8814628B143781BB194F83E30AB428E
:10A510002DD3A0690AA9FDF749FC814618B3051D92
:10A520000EA8FFF7BEFC0146002800F0898040F22B
:10A53000FF23129A9A4216D1139BA3B91499B1F131
:10A54000807F10D19DF85410FF290CD199F9291062
:10A5500091BB48F2FE03B9F804209A4203D0294681
:10A56000A069FDF718FF0120C4E903878FE72046A3
:10A570000799FEF727FF002888DB99F80030012BA8
:10A580000BD094F83E2099F8013002EBC303DBB204
:10A59000934284F83E30B0D878E70EA8FFF781FCEC
:10A5A00000287FF473AF204699F8011008AAFFF73E
:10A5B000ACFC0028E5D169E7ADF84820ADF84A3099
:10A5C000ADF84C30ADF84E30ADF85030ADF85230FB
:10A5D000ADF854304FF48073ADF85630A06912A92D
:10A5E000FDF765FE03460DF1580C00F1100E6246B2
:10A5F00018685968083303C273459446F7D1334647
:10A600000DF1580C624603CA59601AA98A421860B3
:10A61000944603F10803F5D14FF0200A0DF14809E3
:10A620000EAE9DF821306BBBCDF800A02B464A46FC
:10A630003146A069FFF7F3FC00287FF427AF92E7CB
:10A640000EA8FDF789FB00288DD140F2FF23129A56
:10A650009A4209D1139B3BB9149BB3F1807F03D17C
:10A660009DF85430FF2B07D0A06912A9FDF79EFB7F
:10A6700000283FF478AF051D4FF0600A0DF138094E
:10A680000AAECEE700230093A06908AA0EA9FFF73F
:10A6900097FE0028C8D1F9E6012307B501930023EE
:10A6A000043100911A461946F0F7B4FF03B05DF883
:10A6B00004FB40F2FF23F0B587B00746ADF8083041
:10A6C0000026ADF80A60ADF80C60ADF80E60ADF88C
:10A6D0001060ADF81260ADF814604FF40073ADF87F
:10A6E000163002A9FDF7E3FD0546FFF7DAFB18B9BE
:10A6F0003846F0F73DFE064640F6CD420023311DB8
:10A70000CDE9002338463A230222C9B2EFF7F2FE20
:10A71000044600283AD0FF2302AA294680F839309F
:10A72000FFF7B0FA024638B16FF068052046FEF731
:10A7300026FD284607B0F0BD85212046FFF778F8B2
:10A7400001460028F0D104222046FEF746FE0546C9
:10A750000028E9D176B92046FEF7D3FD3A212046FC
:10A76000FFF7F5FA2046FFF7C4FB0028E1DA6FF0A7
:10A770001505DBE73846F0F7E5FD012301463246D3
:10A780002046F0F727FE0028E5D1CDE76FF00B0556
:10A79000CFE7FFF78EBF07B549BAADF80610022222
:10A7A0000DF10601FEF749FF03B05DF804FB70B53B
:10A7B00088B003AB019314230C4601A90546164645
:10A7C0000293FEF755FF18B96FF0680008B070BD2E
:10A7D0000023214643708370C3700670031D04F18B
:10A7E000100251F8040B914243F8040BF9D12846AA
:10A7F00001A9FEF75BFF0028E8D0E5E770B5054644
:10A80000FEF77FFD3A212846FFF7A1FA02F04FF943
:10A810000026421E46F1FF332846ECF79FFE041E39
:10A8200004DA2846FEF7ABFC204670BD3446FBE751
:10A8300040F2FF2370B586B004460D46ADF80830EF
:10A840000023ADF80A30ADF80C30ADF80E30ADF89D
:10A850001030ADF81230ADF814304FF4B053ADF8FD
:10A860001630012602A980F839608069FDF71FFDC6
:10A8700002AA01462046FFF705FA18B16FF06800FA
:10A8800006B070BD3A23324620460DF107018DF81F
:10A890000730FEF7D2FE0028F0D18DF807003246CF
:10A8A00020460DF10701FEF7C8FE0028E6D140F270
:10A8B00002512046FFF76FFF01460028DED12046F7
:10A8C000FFF769FF01460028D8D12046FFF763FF54
:10A8D00002460028D2D108238F2120466387FEF745
:10A8E000A7FF01460028C9D12046FFF754FF0028E2
:10A8F000C4D129462046FFF74EFF0028BED184F878
:10A900003F00BDE773B50023164640F267620C4670
:10A91000CDE9002330213A230222EFF7EBFD054673
:10A92000C8B10121FFF784FF28B16FF06804284601
:10A93000FEF725FC0CE0324621462846FFF737FF9C
:10A940000028F2D12846FFF759FF04460028EED12F
:10A95000204602B070BD6FF00B04F9E738B504462D
:10A960000D46F1F76FFB60B92046FDF776FF50B159
:10A9700029462046FDF7F2FA012229462046EDF746
:10A98000FBF8002038BD04222046A918FFF7BAFFC3
:10A990000028EDD0F6E7F8B504460F46FDF77BFA40
:10A9A000064628B3037F9B0720D42046F1F74AFBD5
:10A9B000E0B92046FDF751FF78B904223946204618
:10A9C000FFF7A0FF054640B110F1730F03D03946E1
:10A9D0002046FDF7EDF92846F8BD31462046FDF743
:10A9E000BDFA012231462046EDF7C6F80025F2E710
:10A9F0006FF00B05EFE770B50E4688B0019001A926
:10AA00003046FDF798FA044608B30FCC03AD0FC5E6
:10AA10002368314601982B60FDF7CAF960B10198AF
:10AA2000F1F710FB40B90198FDF717FF38B100228C
:10AA3000019803A9EDF7A0F8002008B070BD03222B
:10AA400031460198FFF75EFF0028F0D0F5E76FF080
:10AA50000100F2E77FB508230E460DEB0301044623
:10AA60001546CDF808D00393FEF702FE60B100232F
:10AA700006804580037143718371C37102A920462A
:10AA8000FEF714FE04B070BD6FF06800FAE730B551
:10AA900087B002AB0493082304A904460593FEF78C
:10AAA000E7FD054668B30022A36833BB608F94F8C6
:10AAB0003610AB710144521A52BAAA8011212046B5
:10AAC000EB710DF10602ADF80630FDF7C7FF002867
:10AAD00011DB4FF6FF72BDF806302046002B08BF91
:10AAE0001346EB8094F8383004A943F0040384F84B
:10AAF0003830FEF7DBFD07B030BD198A5B680A44C9
:10AB0000D3E76FF06800F6E7002373B505460E46FD
:10AB1000ADF80630FEF7ACFD044640B3314628469A
:10AB2000FEF7C4FD18BB95F83730C3F3C203022B00
:10AB30001DD1AB68698FDB689B885BBA9BB2994279
:10AB400015D8A2885B1A52BA92B2072A9BB20ED9C4
:10AB500093420CD3E38853B1112128460DF106022C
:10AB6000FDF77CFF002802DBBDF8063003B10024AE
:10AB7000204602B070BD0388013B9BB2012B94BFFD
:10AB800004300020704711B9142206F071BF01F1A2
:10AB9000140351F8042B994240F8042BF9D1704763
:10ABA000F4F770BDF4F776BE0022036803B970476E
:10ABB0008B420FD10B683AB942680360914200D1D1
:10ABC000436000230B60704713604368994208BFDD
:10ABD0004260F6E71A461B68E8E738B5836D05461C
:10ABE00099420C462BD34421C26D01FB02339C4297
:10ABF00025D294F841301A0721D5036E1BB15B684A
:10AC00000BB12046984794F841305B070BD404F110
:10AC1000080105F11C00FFF7C7FFEB691BB905F13F
:10AC20002800F5F71FFE214605F11400FFF7BCFFD1
:10AC300044220021204606F01BFF002038BD6FF0A3
:10AC40000100FBE72DE9F8430746A0F1280801F0D1
:10AC500084FF4FF47A72A0FB020302FB0133C00BA6
:10AC600040EA43464FF0FF324FF0FF334046FFF7D4
:10AC700097FF57F80C4C25461CB155F8084904B10C
:10AC8000083C4FF0FF39C5B9B9F1FF3F10D040F291
:10AC9000E73029464FF400444FF47A720023E9FB71
:10ACA0000401E5F765FA02460B463846F5F7D4FD90
:10ACB0004046BDE8F843FFF775BF314605F108008F
:10ACC000FDF705FE50B929464046FFF786FF4CB117
:10ACD000A36803B1083B25461C46D4E7814528BF3D
:10ACE0008146F4E72346F6E710B502880B889342C5
:10ACF00017D1A3B1012B10D0022B12D11022FFF7D4
:10AD00003AFF04460846FFF736FF0146204606F0A4
:10AD1000C4FEB0FA80F0400910BD0422EFE7012024
:10AD2000FAE70020F8E72DE9F041531C04460E46EF
:10AD3000174691F8413001F1080500F11C0809D1CE
:10AD400043F0040381F8413040462946BDE8F04114
:10AD5000FFF72ABF23F0040381F8413001F0FDFE24
:10AD60004FF47A73A0FB030203FB0122C00B40EAFD
:10AD7000424239462846FDF772FD29464046FFF714
:10AD800013FF0023B360236A4BB9C4E9075504F1EC
:10AD900028000022BDE8F0410023F5F75DBD1D60ED
:10ADA0002562F4E738B505460C464FF0FF334FF007
:10ADB000FF32FFF7F5FEAB6D9C420ED34421EA6DE6
:10ADC00001FB02339C4208D294F84140C4F3C00412
:10ADD0002846FFF7E7FE204638BD0024F8E72DE9B6
:10ADE000F04F00270446BA463D4687B04FF0FF3388
:10ADF00001924FF0FF328B46FFF7D2FEE36D0293D4
:10AE0000029BBB4212D155B1294604F11400FFF751
:10AE1000CBFE63692B60A369656103B9A561204618
:10AE2000FFF7C0FE284607B0BDE8F08F4423A66DAB
:10AE300003FB076696F841301B073AD5BBF1000FBC
:10AE400002D073685B4534D196F84080D04530D34A
:10AE5000019B1A88338B9A422BD10198FFF78BFE06
:10AE600006F11803814620B31846FFF784FE014619
:10AE7000F8B1B8F1070F4FEAD80208F0070309D973
:10AE800003904846CDE9042306F007FEDDE90312EE
:10AE9000059B70B97BB119F802008A5CC3F1080305
:10AEA0005040FF2202FA03F31840002804BFC246B4
:10AEB00035460137A4E7C2463546FAE72DE9F04F9B
:10AEC00014468DB04FF0FF321F464FF0FF3305465A
:10AED00089469DF86060FFF763FE214602A8FFF7F0
:10AEE00052FE169907A8FFF74EFEBDF80830012B59
:10AEF0000BD0022B69D003B937B32846FFF752FEB7
:10AF0000002420460DB0BDE8F08F0422042A0CBFB7
:10AF1000202380239F42F0D807F0070102A8FC08F5
:10AF2000FFF729FE49B1A24207D9FF23C1F1080169
:10AF30008B40015D0B4003550134944204D2002143
:10AF4000121B204406F094FDEB6D44220093002375
:10AF500000998B423BD100234421EA6D9A4240F094
:10AF60008C80AC69002CC8D021462846FFF735FEFE
:10AF700006F0030644220021204646F0080606F0AB
:10AF800077FD02A904F11800C4F8049084F8407019
:10AF900084F84160FFF7F7FD07A904F12C00FFF7E3
:10AFA000F2FD21462846179AFFF7BDFE6B69236024
:10AFB000AB696C6103B9AC612B6E002B44D01B688C
:10AFC000002B41D0204698473EE010229EE702FB2E
:10AFD00003FAD5F858B00BEB0A0494F8418018F046
:10AFE000080F12D0B9F1000F02D0616889450CD169
:10AFF00094F84010B94208D102A904F11800019355
:10B00000FFF772FE4422019B08B90133A0E707A9AC
:10B0100004F12C00FFF768FED0B194F841302146CE
:10B0200066F3010384F841302846179AFFF77BFE48
:10B03000214605F11400FFF7B7FD6B694BF80A30A4
:10B04000AB696C6103B9AC612846FFF7ABFD58E70B
:10B05000022E3FF452AF032E3FF64FAF08F1010826
:10B06000731C08F0030803F0030398453FF645AF4F
:10B0700021462846FFF7B1FD6DE7AC6D01FB0344A7
:10B0800094F8410000077FF573AF013366E738B5E8
:10B0900004460D464FF0FF324FF0FF33FFF780FDBF
:10B0A00029462046FFF799FD05462046FFF77AFD21
:10B0B000284638BD2DE9F047002691464FF0FF3372
:10B0C0004FF0FF32044688463746FFF769FD4FF0E0
:10B0D000440AE36DB34209D82046FFF763FD002F11
:10B0E00014BF38466FF00100BDE8F087A56D0AFB7C
:10B0F000065595F841301B0711D5B8F1000F02D065
:10B100006B6843450BD1494605F12C00FFF7ECFD78
:10B1100028B129462046FFF760FD00B90137013606
:10B12000D7E7012070470023F0B585B004460360DF
:10B130006D460B466A4601F110072E46186859689D
:10B14000083303C6BB423546F7D10FCA251D85E833
:10B150000F0002232046238005B0F0BD704761B187
:10B160004B78062B09D80B78023000F8023C4A785D
:10B17000023100F8012C06F055BC70477047F8B555
:10B1800007460C4616461D46FEF73BFF20B100233E
:10B1900033602C6001200BE021463846F1F7A0F81F
:10B1A000306030B1F1F716F92860003818BF01207F
:10B1B000F8BD2146ECF70EFF08B10020F8E7214664
:10B1C000ECF7DCFF0028F8D008302860E2E72DE932
:10B1D000F041044618B96FF01500BDE8F081002970
:10B1E000F9D08669002EF6D00020FEF70AFF05464A
:10B1F00030B93046FFF795FF18B16FF00100ECE76A
:10B200004668E3693BB394F8373023F0040384F8CD
:10B2100037306DBB002E54D1A6613046FFF781FF59
:10B2200048B1A16904F1240019B1096800294AD084
:10B230001031FFF794FF25B1294604F12C00FFF7E8
:10B240008EFF01F034FC421E63EB03032046BDE891
:10B25000F041ECF783B994F83770C7F3800745B92C
:10B26000002FD7D02046F1F7C5F80028D2D0B4E798
:10B2700000273046FFF755FF08B3A069FFF751FFDD
:10B2800018B1E069FFF74DFF08B90025E8E76878D5
:10B29000FF2802D16FF002009FE7EFF707FD054698
:10B2A0000028F7D094F82530002B94D04278811CE8
:10B2B00004F1260006F0F1FB0028D1D18BE705460A
:10B2C000CEE733680BB9F0F7FBFFA6611B7C84F86F
:10B2D000243084F82C30A0E72DE9F043C3B00DF101
:10B2E00004080E4614461D4642466B4602A94A9F74
:10B2F000F1F702F93860C0B9009B13F0010006D0E5
:10B300006FF0840301203B6043B0BDE8F083D8F8C0
:10B310000020B242F8D1AB42F6D1214602A806F095
:10B32000BCFBB0FA80F04009EEE70020ECE7F0B596
:10B330001E466FF0404315464A1E85B09A420A9F4A
:10B3400003D36FF0860005B0F0BD21F04044072F15
:10B3500044EA807416D8B5F5807FF2D803AB009329
:10B3600032463B4629462046FFF7B6FF08B1039810
:10B37000E9E73B4632462946204605B0BDE8F040A5
:10B38000F1F78EB86FF08500DDE76FF0404330B520
:10B3900014464A1E9A42C1B00ED201EA0305221D8C
:10B3A000694604F1080345EA8070F1F7A5F808B989
:10B3B0006368236041B030BD6FF08600FAE72DE985
:10B3C000F0418AB0109E0446354605F8013B0890CE
:10B3D00028460F4690468DF82430F1F71DFAB0B993
:10B3E00007AB05934FF488730D36CDE9028308ABA4
:10B3F00000932A46052321464FF480700496019756
:10B40000F1F7B8F918B9079B119A0D3313600AB018
:10B41000BDE8F08130B50C29144689B01CD912F86A
:10B42000015B0D398DF81C500D9D069005950C9D06
:10B430000191CDE9033504F10D03029306AB0146FA
:10B4400000934FF400700523F1F794F910B92278B6
:10B450000E9B1A6009B030BD6FF09700FAE738B55F
:10B46000049C1546226818468A4228BF0A4661682D
:10B47000A847A060002038BD30B514460D4685B001
:10B480006946F1F7FDF92A4621466846E7F7C6F90D
:10B4900010F10C0F09D030B110F11C0F14BF6FF078
:10B4A00091006FF08D0005B030BD6FF08D00FAE7B0
:10B4B0001FB56946F1F7E4F96846FBF70AFE002874
:10B4C00018BF6FF0910005B05DF804FB084608B5A1
:10B4D00007F0A1FB002814BF6FF08500002008BD15
:10B4E00008B50B461146187907F08DFB002814BFEC
:10B4F0006FF08500002008BD08B5FBF703FF0020B2
:10B5000008BD10B50C46F1F7EFF9022808D0204627
:10B5100007F07EFB002814BF6FF08500002010BDEF
:10B520006FF07700FBE72DE9F0414E68446807694A
:10B53000487806F00208002856D03878944648B972
:10B54000834202D01CF0010F35D102EB000C02EB5C
:10B55000030E3AE00020834202D01CF0030F04D116
:10B5600002EB000C02EB030E09E01CF8015BE6683D
:10B5700001303562EFE75CF8045BE668B561AEEB7D
:10B580000C05032DF7D81D1A25F003052844104497
:10B59000A0EB020C6345E5681FD8B8F1000F21D07D
:10B5A0006B6A00207A6853400A780C2A18BF9BB255
:10B5B0000B61BDE8F0811CF8015BE6680130356283
:10B5C000BEE73CF8025BE668F561AEEB0C05012DC9
:10B5D000F7D81D1A25F00105D8E710F801CBC5F8FA
:10B5E00020C0D5E7AB6ADCE76FF01500E1E738B5BE
:10B5F0004B78456863B100244C7000690830F4F75B
:10B60000B3FC01222046EB6803F500535A6038BDB5
:10B610006FF01500FBE730B58BB068460C46154659
:10B6200007F0A2FB78B921462A466846E9F7BCF83C
:10B630000028684614BF6FF004040024FBF7CAFE1C
:10B6400020460BB030BD6FF00404F9E708B5E9F708
:10B650006DF8002814BF6FF00400002008BD2DE92C
:10B66000F3411C460023904682682360A3600D4688
:10B670005369694601AA9847019B5A1E019223B952
:10B680006FF0150002B0BDE8F0810098A26847682D
:10B690002168676085B9A8EB02030668B34228BF3A
:10B6A000334603FB07111A442160A26002689A42E4
:10B6B00006D808300090DFE76B1AB3FBF7F3ECE72E
:10B6C0000020DFE713460022FFF7C9BF2DE9F0474E
:10B6D0000024836886B0884691465B6902AA01A966
:10B6E0009847A2462546029BAB4202D806B0BDE869
:10B6F000F0870026019F07EBC5077B6804933A6833
:10B700000AEB0603B24202D89A460135EBE74946F6
:10B710000394059303A8C0470028E7D0049B013693
:10B720001C44ECE7436808330B6001231360704747
:10B73000406870474FF4C01200230020C1E9002385
:10B740007047B1F5C01F104608B51A460AD2C1F5B8
:10B75000C0139A4206D81AB101F1006106F062F9ED
:10B76000002008BD6FF01500FBE730224368002081
:10B770001B79534303F1A04303F570335B6C0B60FB
:10B78000704710B50C464368114618792246FBF7FE
:10B79000D0FD002010BD43689A681B79126942F8F9
:10B7A00023000020704708B5002202211A20E9F783
:10B7B0004DFD002202211920E9F748FD1A20E9F782
:10B7C0001BFDBDE808401920E9F716BD134613B567
:10B7D00042680C4610799A038DF804008DF8051024
:10B7E0001DD59A0719D513F0040F0CBF06210821A7
:10B7F00013F400221FD15B0309D43023434303F128
:10B80000A04303F570331A6CE24002F0010201A874
:10B81000E8F766FE002002B010BD0421E8E713F44B
:10B8200080320AD013F0100109D113F0200208D0A1
:10B830000A460221EBE70122E9E71146E7E7012288
:10B84000F7E70121E3E737B50C460546E7F74AFA83
:10B85000082C28BF082400BA09BACDE900102246F6
:10B860006946284606F0DEF8204603B030BD10B524
:10B870000C4607F0BCF904F10802D2E8AF3F21689A
:10B88000C41AB4FBF1F404FB0133D2E8EF1FC2E8A1
:10B89000E03F0028F9D1F6F7A1FC01462046BDE8BB
:10B8A0001040F6F7FDBB08B5E8F740FF002814BFCD
:10B8B0006FF09200002008BDFFF7F5BF38B50A46CB
:10B8C0000C460021054606F0D3F838BD09B1FFF754
:10B8D000F5BF704710B508B9212010BD0029FBD075
:10B8E000036813F0704205D1C3F30E030B60B3B1CC
:10B8F0000020F2E703F05044B4F1004F05D0B2F15C
:10B90000304F02D0B2F1404FE6D18268D20404D564
:10B91000C369002BE0D01B68E8E7DBB2E6E74368C9
:10B92000002BD9D00B60E3E737B50C46054610B9BC
:10B93000212003B030BD0029FAD0002301A90193D2
:10B94000FFF7C8FF0028F3D1296811F0704102D138
:10B95000019B2360EDE7AA68B1F1204FC2F3803369
:10B96000C2F34035C2F3003217D00ED8B1F1004F08
:10B97000DED152B2002A18BF062203EB450308BFEE
:10B9800000221344019A5343E3E7B1F1304F02D050
:10B99000B1F1404FCCD12B44F4E752B2002A18BF8A
:10B9A00005222B44EBE72DE9F7430D4690461F4651
:10B9B0000646E8B1E1B10468D1F800904C451BD0CF
:10B9C00004F03043B3F1004F12D184EA0903B3F11C
:10B9D000805F3CD2002301A90193FFF77BFF38B9B8
:10B9E000019AC2F30E02144349EA02039C422ED08C
:10B9F000212003B0BDE8F08314F0704427D4B4F1E3
:10BA0000805F29D00023694630460093FFF762FF2C
:10BA10000028EDD1019001A92846FFF75BFF00281F
:10BA2000E6D1DDE900239A42E3D0E1E70023B8F153
:10BA3000000F06D043F48053B268A9684A401A4206
:10BA4000D6D1002FDED0AB689B04DBD4D0E7002F2B
:10BA5000ECD14FF4C043EAE7002BF4D1B8F1000F6A
:10BA6000D0D04FF4C043E7E7F7B50C4605460028B1
:10BA700000F0BF80002900F0BC8000230B60036849
:10BA800003F070430B60C268032A00F2B280012AFF
:10BA90006AD812B143F000632360AA68900166D4AB
:10BAA00002F08072EB6813B9002A40F0A28023688C
:10BAB00023F0407313432360EA68022A08D12A69FD
:10BAC000032A00F2968023F47F0343EA02432360B3
:10BAD000EB68032B04D12B69F62B40F28A80A3700C
:10BAE000AB68190442BF236843F400432360EB684A
:10BAF000032B1FBF23682A6862F30E0323602A68A2
:10BB0000AB6802F07042B2F1805F03F4805703F437
:10BB1000806634D213F4F84F6BD10023284601A974
:10BB20000193FFF7D7FE002863D12B6813F0704113
:10BB30004ED12368019A62F30E03236097B1EA693C
:10BB4000002A56D0B1F1004F55D1117F19B116B16D
:10BB500043F400732360537F23B11EB1236843F481
:10BB60008073236003B0F0BD43F0806394E702F07C
:10BB70004072B2F1407F18BF4FF0007292E75A0452
:10BB800003F400511DD4002933D0226842F400523E
:10BB900022601B0542BF236843F4006323601FB18A
:10BBA000236843F4805323602B6803F07043B3F1A0
:10BBB000404FB2D0002EB0D0236843F4806323609E
:10BBC000ABE7226842F4804222600029E1D0DCE742
:10BBD00003F05043B3F1004F05D0B1F1304F02D024
:10BBE000B1F1404F05D1019B5A1E236862F3070350
:10BBF000A3E72120B6E70F20B4E773B50C4605464E
:10BC000008B921201BE00029FBD001234B60C66846
:10BC10009E4218D8002301A90193FFF785FE002852
:10BC2000EFD1019B06B11C336A699A4209D32A6994
:10BC3000002AE6D0226043F000530020A36002B047
:10BC400070BD1D20FBE7023E012EDAD80023F4E789
:10BC50002DE9F0410D46044698B018B9212018B0DE
:10BC6000BDE8F0810029F9D04FF000730360002394
:10BC700015A94360036283602846FFF7F5FE00289C
:10BC8000EDD12046159907F079F8AB68DB043CD577
:10BC90002B68002B50DA4FF00108EE6969463768CF
:10BCA000CDF804807368204600930297FBF797FB5A
:10BCB000B368204603A9CDF8108003930597FBF7DE
:10BCC0008EFBF368204606A9CDF81C8006930897E2
:10BCD000FBF785FB3369204609A9CDF82880099335
:10BCE0000B97FBF77CFB736920460CA9CDF83480D9
:10BCF0000C930E97FBF773FBB36920460FA9CDF8A1
:10BD000040800F931197FBF76AFB284612A9F2F7C0
:10BD100007F80028A2D12046FBF761FB284615A9A9
:10BD2000FFF76BFF00289AD1204615A907F04FF8BE
:10BD3000204606F0A1FE92E70F2090E770B50E4670
:10BD4000154604468AB010B921200AB070BD0029FA
:10BD5000FAD0002AF8D00023012229463046FFF706
:10BD600022FE0028F0D1F368002BEDD1EA68013AF9
:10BD7000012AE9D84FF08072636028462260A360F0
:10BD8000236207A9FFF770FE0028DED1204607993D
:10BD900006F0F4FF304601A9FFF72FFF0028D4D1A9
:10BDA000204601A9FBF71BFB284604A9F1F7B8FFC1
:10BDB0000028C9D12046FBF712FB284607A9FFF748
:10BDC0001CFF0028C1D1204607A907F000F8204633
:10BDD00006F052FEB9E7F0B58FB0DDE91947DDE9AD
:10BDE0001B56A54222D94FF0000C2D1BCDE906743D
:10BDF0000A9505943D19189CCDF834C00494179CFD
:10BE00000DF1340C0394169CCDE908650294159C41
:10BE1000CDF82CC00194149C0094F2F7BFF918B926
:10BE200033680D9A134433600FB0F0BD6FF0890092
:10BE3000FAE72DE9F04790B08946DDE91C87924684
:10BE40001C46064600284ED0038803F4E042B2F5B3
:10BE5000005F3FD103F4E062B2F5806F3AD184F025
:10BE6000AA6383F4807333F47E1306D084F0AA634C
:10BE700083F4007333F47E1338D1C4F30545BD4217
:10BE800031D8B8F1000F2ED0102D2CD80CAB7F1B61
:10BE90002A46184608EB070105F0C4FD1B9B209AB3
:10BEA00003931A9B0A9202931F9A199B099201937A
:10BEB0001E9A189BCDE90752CDE9057000935246B2
:10BEC000234649463046CDF81080F2F747FA10B0C5
:10BED000BDE8F08742F20402934207D184F00523C3
:10BEE00083F48013C6E76FF08600F0E7B8F1000F27
:10BEF000F9D00025CAE7CA0448BF41F480618B0429
:10BF000048BF41F400618160704720F0FF03B3F542
:10BF1000824F06D14138C0B2012894BF00200120D1
:10BF200070470020704710B50024436814601B0A56
:10BF300004D0012B09D06FF0850010BD0088FFF7F9
:10BF4000E4FF084410600020F7E72C311160FAE7A5
:10BF500038B50A460C460021054605F089FD38BD76
:10BF600010B54068029C000A04D0012808D06FF088
:10BF70008B0010BD93420CD8C4E904120020F8E7EE
:10BF800003F12C00904204D810311C33216163610D
:10BF9000F4E76FF08C00ECE7F0B50B46C16804469F
:10BFA00001298DB002D000200DB0F0BD2B2A02D89F
:10BFB0006FF08900F8E713F003071A460DD001ADC2
:10BFC00003F1280C2E4610685168083203C66245FA
:10BFD0003546F7D1106801AA306001211180002197
:10BFE00051802168516061689160A168D160002F23
:10BFF000D9D001AA0BAD144603CCAC4218605960ED
:10C00000224603F10803F6D120682C21186001A80C
:10C01000FFF79EFFC7E72DE9F0470F4690469A4687
:10C02000054694B090B189B182B14288D31D072BE7
:10C030004FEAD3095CD0038803F4E043B3F5805F93
:10C0400002D0B3F5005F04D1530705D06FF086042A
:10C0500024E0B3F5804F4BD002AE202200213046C1
:10C0600005F006FD324649462846F2F74BFB0446EA
:10C07000A0B94B464246394628460096FFF770FF66
:10C08000044658B9282201460DEB020005F0F0FCE9
:10C090000AA806F069FE28B16FF09204204614B099
:10C0A000BDE8F08731460AA8FFF7D2FD58B148280D
:10C0B00014BF6FF092046FF085040AA8FBF78AF9A9
:10C0C0000028EBD0E8E76B681B0A012B06D052462C
:10C0D00049462846FFF727FF0446EEE74246394621
:10C0E0003046FFF759FF0028F1D06FF08904E4E7EC
:10C0F0006FF08504D2E72DE9F0439DB00D46DDE9F0
:10C10000248916461F460446002868D0002966D0B8
:10C11000002A64D0002B62D0B8F1000F5FD0B9F1D3
:10C12000000F5CD02022002102A805F0A1FC2046CF
:10C130003246294602ABF2F753FB0446F8B90AAD82
:10C1400002AE0FCE0FC596E80F0085E80F000C9ADF
:10C150007B1C22F080720E9322F4804208F10203CD
:10C1600023F0030342F4005201A90AA80D940F938F
:10C170000C920194FFF7D8FB28B16FF0920420468F
:10C180001DB0BDE8F083019B01334345019329D8DD
:10C190002822214612A805F06BFC12A806F0E4FD47
:10C1A0000028EAD10AAA02A912A8F1F7D3FD0128B2
:10C1B00012D058B1482814BF6FF092046FF0850474
:10C1C00012A8FBF707F90028D9D0D6E704233B7063
:10C1D000019BC9F80030F3E76FF08B04F0E76FF0D4
:10C1E0008604CCE76FF08904C9E7FFF714BFFFF7B7
:10C1F00082BF2DE9F04F9FB01546DDE928AB0F4611
:10C20000994606462A9A002800F0A280002B00F0EA
:10C210009F80BAF1000F00F09B80002900F0988009
:10C22000002D00F09580BBF1000F00F09180002AF6
:10C2300000F08E800023CBF80030B0F80080EB00D7
:10C2400008F44F41B1F5824F136002D0B1F5884F29
:10C2500061D15FFA88F012280DD128F0FF00B0F507
:10C26000824F02BF083B5B081360B3F5047F04BF35
:10C2700040F2092313600023B1F5824F03934AD1A2
:10C280002A463946304603ABF2F78AF904460028BD
:10C290003DD1039C40460734E408FFF736FE08B161
:10C2A000013D01370DF11008202200214046039482
:10C2B00005F0DEFB214642463046F2F723FA0446FB
:10C2C00028BBC6460DF1300CBEE80F00ACE80F00ED
:10C2D0009EE80F008CE80F00EB1C214623F00303BF
:10C2E000282214A8CDE90F47119305F0C1FB2B4676
:10C2F000524649463046CDF80080FFF731FE0446ED
:10C3000028B914A806F030FD38B16FF09204204629
:10C310001FB0BDE8F08F2C46C4E742460CA914A814
:10C32000FFF70CFD88B9524649464046FFF734FEF8
:10C3300088B95A4629463046FFF7F5FD044614A849
:10C34000FBF748F80028E2D0DFE76FF09204F6E749
:10C350006FF08604DBE76FF08904D8E710B4048837
:10C3600004F4E044B4F5805F06D0B4F5005F03D078
:10C370005DF8044BFFF74FBE6FF085005DF8044B8E
:10C38000704710B4048804F4E044B4F5804F03D03F
:10C390005DF8044BFFF7AFBE6FF085005DF8044B0E
:10C3A0007047F8B51E4603880F4603F44F43B3F5B4
:10C3B000824F154610D1089BF2F7F2F8044648B9AF
:10C3C000069B9D420BD82A463946304605F02AFB8B
:10C3D000079B1D602046F8BD6FF08504FAE76FF0FB
:10C3E0008904F7E72DE9F04FC1B00C46DDE94A8931
:10C3F000DDE94CA793461E460546002800F09A80CA
:10C40000002900F09780002A00F09480B8F1000F16
:10C4100000F09080B9F1000F00F08C80BAF1000FAD
:10C4200008D1002F40F086806FF09404204641B080
:10C43000BDE8F08F002FF7D02822002114A805F0C6
:10C4400017FB2022002104A805F012FB21465A46C2
:10C45000284604ABF2F7C4F904460028E6D16A88FE
:10C460000732D208B7EB420FDED1024631462846EA
:10C47000F2F7CAFB04460028D8D188260DF1780BC4
:10C4800032460021584605F0F3FA2B8823F0FF03CB
:10C49000B3F5E24F2CD10CAD0DF1100CBCE80F0040
:10C4A0000FC59CE80F0085E80F000E9B14A823F031
:10C4B000407323F4804343F400530E9300231196FA
:10C4C000CDE90F3B06F050FC70BB0CAA04A914A8E0
:10C4D000F1F740FC054614A8FAF77CFF284323D166
:10C4E00004AD0CAE0FCE0FC596E80F0085E80F0027
:10C4F00014A806F039FC0246B0B90123CDE902A721
:10C50000CDE9008904A914A8F1F73CFD38B12C2825
:10C510000DD0012814BF6FF092046FF08B0414A8A3
:10C52000FAF758FF002881D06FF092047EE76FF091
:10C530009404F4E76FF0860478E72DE9F04F97B0A4
:10C540000D46DDE9219ADDE923B816461F4604466B
:10C5500028B96FF08605284617B0BDE8F08F00298E
:10C56000F7D0002AF5D0209B002BF2D0B9F1000FB4
:10C57000EFD0BAF1000FECD0BBF1000FE9D0B8F169
:10C58000000FE6D0282200210CA805F071FA202225
:10C59000002104A805F06CFA29463246204604AB77
:10C5A000F2F71EF905460028D5D1238823F0FF03B2
:10C5B000B3F5E24FCDD1012239462046F2F724FBF4
:10C5C00005460028C7D163880733DB08BBEB430F60
:10C5D00003FA02F421D30CA806F0C6FB98B9209BFD
:10C5E0002A460093CDE902A40123CDF8049004A9C2
:10C5F0000CA8F1F71FFC48B9C8F800400CA8FAF7DE
:10C60000E9FE0028A7D06FF09205A4E7012814BF27
:10C610006FF092056FF08B05F0E76FF089059AE7F0
:10C620002DE9F04F97B00E46DDE922AB17461D46C7
:10C630000446DDF8909000286CD000296AD0002ACA
:10C6400068D0209B13B9219B002B63D1BAF1000F56
:10C6500060D0BBF1000F5DD0B9F1000F5AD0238834
:10C6600023F0FF03B3F5E24F54D1012229462046BF
:10C67000F2F7CAFA804600283CD12846F2F794FA2D
:10C680000546002849D0414628220CA805F0F0F9BB
:10C690004146202204A805F0EBF93A4631462046EF
:10C6A00004ABF2F79DF8804620BB62880732D208BF
:10C6B000BBEB420F4FEA420632D30CA806F054FB04
:10C6C000B0B9219B2A460193209BCDE902A6009395
:10C6D00004A943460CA8F1F7ADFB78B9628807328C
:10C6E000D2085200C9F800200CA8FAF773FE08B16E
:10C6F0006FF09208404617B0BDE8F08F012806D0D1
:10C70000482814BF6FF092086FF08508ECE76FF0CF
:10C710008B08E9E76FF08608ECE76FF08508E9E73A
:10C720006FF08908E6E7FFF77BBFFFF706BFFFF76B
:10C7300059BEFFF775BFFFF700BFFFF753BEFFF706
:10C740004ABBFFF776BBF0B5044617461E460D46BA
:10C750008DB0D1B1C8B12022002104A805F088F91C
:10C760003A462946204604ABF2F73AF858B9169BE8
:10C7700031460293159B04A80193149B0093DDE9B5
:10C780001223F2F76FF90DB0F0BD6FF08600FAE7F3
:10C79000FFF721BBFFF74DBB2DE9F04104461546DD
:10C7A0001F460E468CB081B178B14FF020080021B1
:10C7B000424604A805F05CF92388CDE90865B3F585
:10C7C000885F27D0B3F5105F04D06FF086000CB0FF
:10C7D000BDE8F0816388C02B17D0B3F5807F16D0F9
:10C7E000802B1BD11023CDE90433059B9D42ECD354
:10C7F000169B39460293159B04A80193149B009342
:10C80000DDE91223F2F72EF9E1E71823EBE7CDE992
:10C810000488EAE76388DB080593E6E76FF08500A4
:10C82000D5E738B514460846002221461D46F2F7E2
:10C8300061FA08B92C6038BD6FF08300FBE703692B
:10C84000C26893429CBF81685B18013B981A70478D
:10C850002DE9F0410546D0E902844068A8EB0406C2
:10C86000964220440F46144406D905F0DBF8BFF386
:10C870005F8FEC60BDE8F0813246A4EB080405F060
:10C88000D1F822466868B919EFE72DE9F843064662
:10C89000894617464FF00008C5683369B4689D4261
:10C8A00028BF1B19641BBC4228BF3C46013B5B1BD5
:10C8B0009C4228BF1C46706849462246284405F021
:10C8C000B1F8B3682544AB4208BF0025A044A14499
:10C8D0003F1BBFF35F8FF560002FDED14046BDE800
:10C8E000F88310B50B46EFF311844FF0200181F36C
:10C8F00011881946F2F77EFA84F3118810BD08B545
:10C90000F2F70EFB002008BD40B1C368587810F064
:10C9100001001EBF1878B0FA80F040097047EFF3AD
:10C920001183302383F31288BFF36F8FFEE710B4B7
:10C9300000F10C04C0E90344002444615DF8044B99
:10C94000E5F738BA10B582696AB1C36842EA0301F3
:10C95000890708D14169A2FB011424B95B182CBFD7
:10C960000121002102D36FF0150005E001619B1A3F
:10C9700042698A4201D8002010BD026901311A6063
:10C98000826903619B1AF3E790F90E308B4201D064
:10C99000F4F732BE0020704703460020C3E900339D
:10C9A000C3E902001861704710B5044630B102684F
:10C9B000930703D0446809B1F5F7C6FF204610BDC0
:10C9C0000023C0E90033836000F10C03C0E90333A6
:10C9D00000F11403C0E9053370475AB18A4209D304
:10C9E00000F11003C0E90212C0E90000C0E90433FD
:10C9F000002070476FF015007047012302688B40DC
:10CA000022EA0303036022FA01F000F001007047FC
:10CA100010B5A0B150F8F44F844210D07CB120463C
:10CA2000F3F7B6FB04F11800F5F756FA0023C4F843
:10CA30009C3063612046BDE81040F4F7FFB910BD9B
:10CA400070B5C3680446C3F340069B0716D48568D7
:10CA500002210C30FFF7D1FF80B1D5F8EC206AB18C
:10CA600094421DD122689EB9D5F8F030C5F8EC206B
:10CA70009C4201D1C5F8F02000232360E36813F045
:10CA80001F001EBF43F00203E36040F0020070BDD0
:10CA90003260D5F8F020944208BFC5F8F060EBE7AB
:10CAA00016461268DBE7C0E9000000207047EFF38C
:10CAB0000580003818BF012070476FF0570070479D
:10CAC00000207047F5F77CBED0E9003213605A6051
:10CAD0000023C0E90033704710B5037C044613F00F
:10CAE000280F0CD183680BB1F4F73CF9237C204666
:10CAF00023F004032374BDE81040F4F79FB910BD80
:10CB000008B5F4F76BFFBDE80840F4F787BF08B538
:10CB10000246F5F7F3F86FF00041B8B18A4213D23C
:10CB2000D0E90230B0F1FF3F08BFB3F1FF3F03D0BF
:10CB30008B4270F1000003DB6FF00040801A08BDEB
:10CB40009A4201D2981AFAE70020F8E78A42F3D312
:10CB5000F5E708B5F5F762FB08BDF5F75FBBB3F184
:10CB6000FF3F08BFB2F1FF3F70B506461D461446B1
:10CB700014D01A4316D0002B08DBF5F74FFB04192D
:10CB800041EB0501C6E90041304670BD6FF001037D
:10CB90001C1B4FF0FF3363EB0501F3E74FF0FF344D
:10CBA0002146EFE70024FBE7B3F1FF3F08BFB2F1F6
:10CBB000FF3FF8B5074616461C4610D054EA02035C
:10CBC00011D0F5F72BFBB0420A46A14103460AD229
:10CBD000F31A64EB0204C7E900343846F8BD4FF09D
:10CBE000FF331C46F7E70023FBE730B5D0E90034FC
:10CBF000984208D03CB1A568DDB112F9622C15F954
:10CC0000625CAA4207DDC1E90004216041600FE0D7
:10CC1000A342F8D01B68002BF5D09D684DB115F9E3
:10CC2000625C9542F4DD5A68C1E9003211605960D6
:10CC300030BD00239B7BFFDE2DE9F8438468054669
:10CC40000E46D4B16378012B22D114F8603C9A07C8
:10CC500011D5A4F170073846F4F77AFC082E14BFFA
:10CC600000236FF00303E36214F8603CDB0602D19B
:10CC70003846F4F741F9002323700023AB60EB68DA
:10CC8000C3F38632164366F39433EB60BDE8F88352
:10CC9000022BF0D12378002BEDD054F8048CB8F19E
:10CCA000000FE8D04FF00009274604F1140007F800
:10CCB0001499F5F711F939464046C4F82C90F3F76A
:10CCC00079FCD8E710B5C3691A7A52B1D0E90242AB
:10CCD000944206D0D3E90020521840F10000C3E985
:10CCE000002010BD0CB407B504AB53F8042B01931E
:10CCF000F5F784FE03B05DF804EB02B07047002046
:10CD000070472B28034612D02F2812D0A0F13002F2
:10CD1000092A02D80433D8B270474138C0B2192862
:10CD20000AD9A3F16102192A05D8473BF3E73E204F
:10CD300070473F207047FF2070472DE9F84F0C46A1
:10CD400093469A4600F10408961CB51E2CB118F8BB
:10CD5000047C384604F094FE18B9A5EB0B0080B2B1
:10CD600003E0012C03D14FF6FF70BDE8F88F384681
:10CD7000D047814618F8030CD047B9F1FF0F07469A
:10CD8000F1D0FF28EFD04FEA890949EA1019022CA7
:10CD900006F1FF3506F8029CDFD018F8020C3D289A
:10CDA000DBD0D047FF280546DDD03F0147EA90079A
:10CDB000032C06F8017C11D018F8010C3D280DD089
:10CDC000D047043CFF28A4B208F1040806F103068A
:10CDD000C9D040EA851006F8030CB6E73546BCE733
:10CDE0002DE9F84F06460C4615469B4600274FF6A0
:10CDF000FC794FF6FF7A4C45A04628BFC8465B46F3
:10CE00002A4630461FFA88F1FFF797FF504506D0B3
:10CE1000B4EB0804074404D046440544EBE74FF064
:10CE2000FF373846BDE8F88F2DE9F047054610B9C1
:10CE30000020BDE8F087002AFAD011F00100F7D1F8
:10CE4000B1EB430FF4D80446089E05F1020C06F03E
:10CE500001068C42EDD200234FEA540E67190CEB09
:10CE6000040817F8019B1B01A9F1300ABAF1090F58
:10CE7000DBB20AD8303B4B4403F0FF034745F0D107
:10CE800002F80E3001300234E3E7A9F1410ABAF1A9
:10CE9000050F04D8373B59FA83F3DBB2EEE7002ED7
:10CEA000C6D1A9F1610ABAF1050FC1D8573BF2E723
:10CEB000F0B5059C20B909B93AB933B12F201CE06F
:10CEC0000AB9002BFAD10029F8DBC4F3400606EBBF
:10CED0004106B34204F0020529D314F0010F14BF38
:10CEE00041266126002401380A3E571C8C4205D198
:10CEF00015B1002302F814300020F0BD90F801C0F5
:10CF00004FEA1C13BCF19F0F86BF9B19DBB2303375
:10CF100002F8143010F8013F03F00F03092B86BF0D
:10CF20009B19DBB2303307F814300134DEE71920E7
:10CF3000E3E713B500240094FFF776FF02B010BDBD
:10CF400008B538B131B103F0C8FF00280CBF00208C
:10CF5000AC2008BD2F20FCE7F6F76EBFF8B50646FB
:10CF60000D4617461846069C0EB133789BB92168CA
:10CF700011B16268AA4204D21923C4E90235012022
:10CF8000F8BDB8470028D4BF9F23002320EAE070F3
:10CF9000A360E060F3E70020F2E713B504220C463B
:10CFA00001AB6946F5F782FD28B9019B042B12BF3E
:10CFB0002F20009B236002B010BD08B5E5F72EFCC2
:10CFC000002814BF9F20002008BD08B5E5F72AFD02
:10CFD000002814BF9F20002008BDFFF7DEBF38B532
:10CFE0000D461C4602B1013A23462946F5F75EFD7F
:10CFF00020B92268531EE95C09B1A85438BD2360EA
:10D00000FCE7F5F753BD07B5042201910DEB0201D2
:10D01000FFF7D3FF03B05DF804FBFFF7CEBF08B501
:10D02000FFF79BFD4FF47A72A0FB020302FB013372
:10D03000C00B40EA434008BD70471022002104F0B5
:10D0400017BD10B5044660B1043003F018F904F1BF
:10D050000C0003F014F92046BDE810401021F6F74B
:10D06000EBBE10BD017270470160704738B50D46C8
:10D07000041D204603F003F929462046BDE8384048
:10D08000F5F7DEBE70B500231446E4091D4603F132
:10D090000103FAD10468091B994212D302F07F01FF
:10D0A00061550224D2099C42016803D919440160E8
:10D0B000002070BD1D1B62F07F064E55D209013461
:10D0C000F1E76FF08900F4E703463038C2B2092A6D
:10D0D0000FD9A3F16102052A02D8A3F157007047C6
:10D0E000A3F14102052A02D8A3F1370070474FF09F
:10D0F000FF30704710B504460078FFF7E5FF0146A2
:10D100006078FFF7E1FF4A1C04D0431C0CBF0146C6
:10D1100040EA0111084610BD2DE9F0410446002007
:10D1200086B001918E180290B14246D1431E7E2BEB
:10D130007FD800EB800801214046F6F767FE0546E0
:10D14000A060002878D00590324601A903A8F5F721
:10D1500053FE002867D1039F022F64D8019BB3427E
:10D1600061D218782E285ED1013304A80193F5F717
:10D1700043FE002857D1022F02D0049B272B52D800
:10D18000019BB34204D21A782E2A4CD10133019369
:10D1900028235F43049BFA1845D2A844414605A8BA
:10D1A000FFF770FF054618B36FF08905A068F6F722
:10D1B00033FE0023C4E9013331E011F8013B2E2B8B
:10D1C00008BF0130B0E7324601A902A8F5F714FE06
:10D1D00048BB019BB34204D21A782E2A23D10133D3
:10D1E00001934146029A05A8FFF74CFF0028DBD1C6
:10D1F000019BB342E7D3A368059E0121F61A30468E
:10D20000F6F704FE074688B13246A16804F00AFC2E
:10D21000A068F6F701FE0623C4E9016723602846EB
:10D2200006B0BDE8F0816FF06705BFE76FF08C05D1
:10D23000BCE76FF06705F2E76FF08C05EFE72DE9CB
:10D24000F34706460F4690464FF00009B8F1000F2D
:10D2500014D14A463946304603F035F8041E09DB3E
:10D2600030223946304603F052F800284BDBA14407
:10D2700000EB0904204602B0BDE8F087D8F8103072
:10D28000D8E901A5009339463046D8F81430D8F8CB
:10D290000C2003F0F2F8041EECDB2A465346394614
:10D2A000304603F09DF8051E2BDB25442A463946FF
:10D2B000304603F008F8B0F1000A20DB302239468E
:10D2C000304603F024F8041ED4DBAA44A24452469C
:10D2D0003946304602F0F7FF051E12DB312239468F
:10D2E000304603F014F8041EC4DB05EB0A032344A4
:10D2F000002B1C46BEDBD8F818809944A6E754469C
:10D30000B8E72C46B6E70446B4E72DE9F74F0646E2
:10D3100000680F468842904699460D9C05D26FF0F2
:10D320008905284603B0BDE8F08F431AA342F6D31F
:10D33000001B22460C99306004F074FB3368DA1B42
:10D34000002AECDD4FF0000B5A1E013432603946E2
:10D350002246304603F801BC02F0B5FF051EE0DBB3
:10D3600003223946304602F0D2FFB0F1000A12DB48
:10D370009DF838304246033B18BF01233946CDE9BA
:10D3800000B330464B4603F03CF8002805DB2C4444
:10D3900054440519C5E75546C3E70546C1E72DE9DD
:10D3A000F84F0746884616464FF000091EB94C460E
:10D3B0002046BDE8F88FD6E9043241463846013BA5
:10D3C000013202F0F3FF041EF2DB326941463846B7
:10D3D000013A02F078FFB0F1000A48DB042241462E
:10D3E000384602F094FF051E3DDB7369A2441B78AA
:10D3F00055443BB101224146384603F025F8041E4E
:10D40000D6DB25444146D6E90132384602F0CEFF4C
:10D41000B0F1000B29DB41463846726802F053FF39
:10D42000B0F1000A23DB06224146384602F06FFFC6
:10D43000041EBDDB5D44554425442A46414638461A
:10D4400002F041FFB0F1000A11DB302241463846BC
:10D4500002F05DFF041EABDBAA4414EB0A04A7D460
:10D46000B669A144A2E72C46A2E75C46A0E7544671
:10D470009EE7013201310140C043104008430138AA
:10D4800000B2704700220123C0E90023704710B5A5
:10D49000044648B1006818B1E188890002F05BFEDB
:10D4A00000220123C4E9002310BD42F21073994207
:10D4B00070B504460D4602D96FF08C0070BDC3886C
:10D4C0008B4201D30020F9E704212846F6F79EFCA1
:10D4D00006460028F0D0216841B1E288920004F0AD
:10D4E000A1FAE1882068890002F035FEE580266017
:10D4F000E8E7F8B50E46C98805461446FFF7D5FF9C
:10D500000746A8B963421C43E4172046B5F9042036
:10D51000B6F90410FFF7ADFF2346E443A880F28874
:10D520003168286800F07DFDF388EA889A4201D8C6
:10D530003846F8BD296851F82320224041F82320BD
:10D540000133F2E738B504460D4619B9FFF79FFFDE
:10D55000002038BDC2888A4207D1002100689200AD
:10D5600004F086FA0123A380F2E7FFF790FF294633
:10D570002046BDE83840FFF798BF42F21073994249
:10D5800070B50A46054602D96FF08C0070BDC3889D
:10D590008B4207D8BDE87040FFF787BF296851F874
:10D5A000231011B9013B002BF8D15C1C944238BF09
:10D5B000144604212046F6F729FC06460028E3D04D
:10D5C000296839B1A20004F02DFAE9882868890099
:10D5D00002F0C1FD0020EC802E60D7E7884270B5D4
:10D5E00005460E4609D0C98849B9C2882AB1012327
:10D5F00092008380006804F03BFA002070BD4C1E4E
:10D6000074B9EA88B6F904300134A242AB800ED274
:10D6100021462846FFF749FF88B16FF08C00EDE7FF
:10D62000336853F82430002BEBD1013CE8E728683D
:10D63000121B0021920000EB840004F019FA3168FB
:10D640002868A20004F0EEF9D7E770B50C46012176
:10D650000546FFF72AFF064688B9EA880146920088
:10D66000286804F005FA84EAE472A2EBE472E40F9D
:10D67000C4EBC4342B68640001341A60AC803046BB
:10D6800070BDC388B1EB431F3FBF03684A0953F81D
:10D69000220001F01F013ABFC84000F00100002045
:10D6A0007047C188006800F067BC08B5FFF7F9FF54
:10D6B0000730C00808BD70B50E4612F0030118BF50
:10D6C000012101EB920105461446FFF73BFF38B9F3
:10D6D00023463246E9882868BDE8704000F0D1BC96
:10D6E0006FF08C0070BD13460A46C188006800F0D8
:10D6F000EDBC38B504460D46FFF7D3FFE388284458
:10D70000B0EB431F06D820682A46E18800F048FDA8
:10D71000002038BD10F01F0118BF012101EB50118E
:10D720002046FFF7C2FE0028EDD06FF08C00F0E736
:10D7300008B50A46C18811B1006800F0F9FC002064
:10D7400008BD10B5C38823B9CA885AB9ABB1012046
:10D7500017E0026802EB830252F8042C002AF3D18E
:10D76000013BF0E70C6804EB820454F8044C0CB95C
:10D77000013AEAE79A42EAD30FD8013B5A1C01D199
:10D78000002010BD026852F823400A6852F8232096
:10D790009442DCD803F1FF33F0D24FF0FF30F0E7D2
:10D7A00030B5C38823B9CA885AB9002B3DD136E0B9
:10D7B000026802EB830252F8042C002AF3D1013BE9
:10D7C000F0E70C6804EB820555F8045C4DBB013AA8
:10D7D000EAE7B1F9045003D2B1F90400404226E06F
:10D7E000B0F90420002A03DD002D0CDA01201EE030
:10D7F000002D08DD3AB14FF0FF3018E003F1FF33A0
:10D800000BD2504213E0013B016851F8235054F809
:10D8100023108D42F2D9104609E0591CF4D10020A2
:10D8200005E0002BD8D09342D3D9B0F9040030BD25
:10D830001FB581EAE173A3EBE17301930123C90FE3
:10D84000C1EBC13149000131ADF80C10ADF80E301B
:10D8500002A901AB0293FFF7A3FF05B05DF804FB3B
:10D8600090422DE9F04106460F46144602D0884208
:10D8700006D127460123B380FC884CB9002005E07F
:10D88000FFF7ACFE0028F4D06FF08C00BDE8F0810B
:10D890003B684FEA840803EB840353F8043C0BB95C
:10D8A000013CEAE721463046FFF7FFFD0028EBD1B7
:10D8B000356823463A682946284600F0A7FC074603
:10D8C00005EB0803002FD9D0F288651CA24208D8C6
:10D8D00029463046FFF7E9FD0028D5D1336803EB30
:10D8E00084031A682C46D2192CBF01270027003F59
:10D8F00018BF012743F8042BE4E72DE9F041054662
:10D900000E469046D4886CBBF1882846FFF7CDFDC3
:10D910000746002842D1F288A2420BD9AE4209D074
:10D9200028683168121B920001EB840100EB84002F
:10D9300004F078F8EA88F088824207D92B68121A36
:10D940000021920003EB800004F092F8D8F8002048
:10D9500023463168286800F08BFC024698B9012301
:10D96000AB800DE0D8F8003003EB840353F8043C9F
:10D970000BB9013CC7E7F188A142C6D26FF0090795
:10D980003846BDE8F0812968EB8801EB8401084640
:10D990001B1B00F09FFE0028E1D0EFE76FF08C0723
:10D9A000EEE72DE9F843B1F90440B2F804C00546AA
:10D9B0001CFB04FC67467B430E4691461DD5114671
:10D9C0003046FFF7BEFEB0F1FF3F80460CD04A461E
:10D9D00031462846FFF791FF68B9B8F1000F08BF3C
:10D9E00001240020AC8006E032462846FFF785FF80
:10D9F00008B96442AC80BDE8F883FFF731FF002826
:10DA0000EFD06FF08C00F6E70123FFF7CABF4FF0AD
:10DA1000FF33FFF7C6BF1FB582EAE273A3EBE273E1
:10DA200001930123D20FC2EBC23252000132ADF892
:10DA30000C20ADF80E3002AA01AB0293FFF7E4FF11
:10DA400005B05DF804FB1FB582EAE273A3EBE27355
:10DA500001930123D20FC2EBC23252000132ADF862
:10DA60000C20ADF80E3002AA01AB0293FFF7CFFFF6
:10DA700005B05DF804FB2DE9F047012314460022B0
:10DA800086B0884206460D46CDE90223CDE904233F
:10DA900010D102A8FFF7A2FD58B16FF08C0904A8BD
:10DAA000FFF7F5FC02A8FFF7F2FC484606B0BDE818
:10DAB000F08702ADA64206D1314604A8FFF78EFDDD
:10DAC0000028EAD104ACEF884FBBB7FA87FAB4F864
:10DAD00006804FEA5A1AB8F1000F29D108EB070166
:10DAE0003046FFF7E2FCB8F1000F08BF4AF0010A28
:10DAF00001460028D1D13046FFF7A7FD8146002816
:10DB0000CBD1CDF800803A4623682968306800F010
:10DB1000E0FBBAF1000F15D00123B380BFE72B68FB
:10DB200003EB870353F8043C002BCED1013FCBE736
:10DB3000236803EB880353F8043C002BCED108F193
:10DB4000FF38C8E7AB88A28813FB02F39BB2E4E777
:10DB50002DE9F34104460F461546CE8836B13B68A1
:10DB600003EB860353F8043C3BB145B90021204642
:10DB700002B0BDE8F041FFF768BD013EEEE7204688
:10DB8000711CFFF792FC28B16FF08C08404602B080
:10DB9000BDE8F08139462046FFF720FD8046002889
:10DBA000F2D1013D009533463A68E1882068F5F7E7
:10DBB00099FCEBE770B504460D4610460021164669
:10DBC000FFF736FE002824DB2A4633462146002094
:10DBD000F5F790FA054638B1284670BD3246214621
:10DBE0002046FFF711FF90B900212046FFF720FEE5
:10DBF0000028F3DB31462046FFF7D2FD0028EBDB9F
:10DC0000324621462046FFF702FF0028F2D00546A3
:10DC1000E2E76FF00905DFE72DE9F04F8BB006462C
:10DC2000DDE914578B462846002191460793FFF7FC
:10DC3000FFFD002805DC6FF0860420460BB0BDE830
:10DC4000F08F2B681B68D907F5D500214846FFF7F0
:10DC5000EFFD0028EFDB4846FFF723FDB0F5005F3E
:10DC6000E9D82846FFF71DFDB0F5005FE3D8B9F805
:10DC7000061031B9012130460BB0BDE8F04FFFF777
:10DC8000E4BCE88800F0FAFC04210690F6F7BEF840
:10DC90008046002800F0988000220123CDE9082367
:10DCA00017B13B68002B68D10DF1200A2946504678
:10DCB00000F059FC0446002866D11FB19AE8030021
:10DCC00087E8030059463046FFF788FC002859D101
:10DCD000012329463046B380FFF762FD002867DA4A
:10DCE0003046E988FFF7E1FB044600284AD128685E
:10DCF00000F010FB089BCDF80880CDE900033168E7
:10DD0000EB882A688246084600F004FDEB883168FB
:10DD1000D9F80000B9F806C00593DDE9073EB3F174
:10DD20002A3F2A68059BCDE9000CCDE902E80846A8
:10DD300047D100F0BEFCCDE900A83168EB88084669
:10DD40002A6800F0F3FCBBF904A0BAF1FF3F1BD135
:10DD5000D9F800301B68DB0716D5F188306800F071
:10DD6000CDFC01225146FFF784FB3246B0802946A4
:10DD70003046FFF749FE044606E03846E988FFF7DB
:10DD800094FB78B16FF08C04069B4046990002F03A
:10DD9000E2F91FB13B68002B7FF44FAF08A8FFF7F3
:10DDA00076FB4AE70AAB97E8030003E9030089E73B
:10DDB0002A4631463046FFF7FDFE044600288FD044
:10DDC000E2E700F066FCB6E76FF08C0435E713B5C8
:10DDD000049CCDE900340023FFF71EFF02B010BD04
:10DDE0002DE9F04700260D1E88B007463146104643
:10DDF0000CBF4FF004094FF0050990461C460596EC
:10DE0000FFF716FDB04213DB21464046FFF7C8FC82
:10DE1000B0420DDC31462046FFF733FC01280146B5
:10DE200006D1002D79D02046FFF702FD002850D101
:10DE30006FF086066DE0002D3ED1E08849468000F7
:10DE4000F5F7E4FF8146002859D0002D3BD0296822
:10DE5000D8F80020002A38D10DF1140CB8F806309B
:10DE6000E088834233D2002A08BF0123CDE90109AB
:10DE7000226800923868624600F068FC0123BB808B
:10DE800005B1AB80FA88E3889A4207D93868D21A7C
:10DE90000021920000EB830003F0EAFD9DB3EA88C5
:10DEA000E3889A422FD92868D21A0021920000EB09
:10DEB000830003F0DDFD26E02846E188FFF7F5FA50
:10DEC0000028BAD01BE02946C2E79446C6E70346BD
:10DED000CCE7A045ACD0A542AAD0BC42A8D00DF159
:10DEE000180A002F08BF5746002201233846E18850
:10DEF000CDE90623FFF7D9FA064600289BD04FF05C
:10DF000000096FF08C065046FFF7C1FA4846F5F756
:10DF100083FF304608B0BDE8F087A045DEE7F7B5DF
:10DF20000E1E044615461F4614DB1046FFF780FC04
:10DF300000280FDD2046E988FFF704FB68B9089B3D
:10DF40003146CDE90073E3882A68206800F054FB6D
:10DF500003B0F0BD6FF08600FAE76FF08C00F7E7D2
:10DF600043421843C017704790EA0103401A984390
:10DF700019400843C01770470139002901DA002011
:10DF8000704750F82130002BF6D0B3FA83F00131FE
:10DF9000C0EB4110704739B101F18041013900EB0C
:10DFA00081018142034600D270471B680A681BBA90
:10DFB00012BA40F8042B41F80439F2E770B50E4666
:10DFC00001463068FFF7D0FF0024C1430125954288
:10DFD00002D344EA010070BD56F82500FFF7C0FFE8
:10DFE00001350443F3E72DE9F843002405460E46C6
:10DFF00027462346013A02D23846BDE8F88356F850
:10E00000229055F8228048464146FFF7ADFF494629
:10E0100004434046FFF7A8FF20EA04031F430443DC
:10E02000E8E78842F0B503D000250438AA4200D1C1
:10E03000F0BD1E4650F8047F51F825403440F643A9
:10E040003E40264306600135F0E78842F0B504D033
:10E05000002704380439BA4200D1F0BD1E4650F8FA
:10E06000044F51F8045F3540F64326402E430660C6
:10E070001D460E682C40ED43354025430D600137A9
:10E08000E9E72DE9F0411C4613F0030318BF012313
:10E0900003EB94038B4206460D46904613D879B1A4
:10E0A0008F003A46002103F0E3FC2CB1381B2246D6
:10E0B0004146304403F0B6FC29463046FFF76BFF7B
:10E0C0000020BDE8F0816FF08900FAE7B3EB810F23
:10E0D00070B504464FEA8105104619D95A1B8618B7
:10E0E000002103F0C5FC30462B460021C2188B42AC
:10E0F00010D1002070BD22F00301615802F0030628
:10E10000F600F140C9B281B90132AA42F3D3ECE77B
:10E110001A46FAE721F00300205801F00305ED004C
:10E12000E84002F8010D0131E1E76FF08900E1E715
:10E1300053098B42F0B402F01F0401D805D13CB35F
:10E14000F0BC8A00002103F093BC1F2A22D834B10E
:10E15000002200EB8101C4F1200681420FD1F0BC06
:10E16000704752F8047B45F8047FB242F9D100228F
:10E17000CB1A8B42EBD240F823200133F9E751F858
:10E18000045D25FA04F313430B6005FA06F2E4E795
:10E190001F2AE4D900EB8302051F00EB8106E4E7A8
:10E1A0001F2AF0B54FEA521402F01F0512D96FF082
:10E1B00003060B4606FB04069C4203F1FF3212D312
:10E1C000631A8C4288BF002300220B4400EB8303B8
:10E1D00083420ED135B1002200EB8400C5F1200747
:10E1E0008C4209D3F0BD56F8223040F82230134655
:10E1F000E2E743F8042DEBE70668013406FA05F37D
:10E20000134340F8043B26FA07F2E9E7F0B500248F
:10E21000844620469C4200D1F0BD51F8245052F86B
:10E2200024702E182CBF01250025BF194CF824702E
:10E2300045F100000134EDE7F8B504461846FFF754
:10E240008FFE002784463846231F974200D1F8BD31
:10E2500053F8046F51F8274036182CBF01250025CC
:10E260000CEA0404A41945F100001C600137ECE736
:10E270002DE9F74F00259246804689462C462A46CE
:10E280004FF0010B9D4203D1204603B0BDE8F08F53
:10E2900059F82560214630460193FFF765FE59463F
:10E2A00007463940FF4317400F435AF82510361BE5
:10E2B000304600915C46FFF757FE0440C0431040D3
:10E2C00020430099019B761A48F82560C41901354E
:10E2D000D8E72DE9F347DDF8289015464A440F4664
:10E2E0009200002106469846002403F0C1FB05F188
:10E2F000010A4C4502D102B0BDE8F08758F824303D
:10E3000006EB840000933A462B465146F5F7EAF8AF
:10E310000134EEE70068831C5B0003F0080303444C
:10E3200003FB00F2C2F10202534303FB00F2C2F10D
:10E330000202534358430238584370472DE9F04FC7
:10E3400087B0139D00242E460493109B91460293A0
:10E35000DDE911834FEAC80283468A462846002138
:10E360000432059303F084FB08F102030393444550
:10E3700016D105EB840523462946029A584655F8DE
:10E380002470FFF775FF7840FFF7EAFD2A46002367
:10E390005946A600109607B0BDE8F04F02F0D8B875
:10E3A0005AF82430D9F800203768304602FB03774A
:10E3B000059A0399574300934A46049BF5F792F850
:10E3C000DDE90221304643460097F5F78BF8043625
:10E3D0000134CCE72DE9F04F8DB01D46189B8346E4
:10E3E000B3F12A3F8A46179F1A9E059240F08D800E
:10E3F00039461698FFF7C0FD012838BF01204709AC
:10E4000000F01F047B01502B34BF01230323012B99
:10E410000A930CBF022308230B930A9B059805FA65
:10E4200003F306EB8303069303EB85030793FFF7E0
:10E4300071FF4FEA8508424600210890304603F0FC
:10E4400017FB01233360079B31460393089B30463B
:10E45000CDE90153059B199A009306EB08092B4659
:10E46000FFF76CFF51464246484603F0DBFA0223B1
:10E47000494609930B9B099A934248D1424631463B
:10E48000584603F0CFFA4FF00009CA46079B5A4698
:10E490000393089B5946CDE90153059B58460093C9
:10E4A0002B46FFF74BFF002C47D11F24013F169B43
:10E4B0000AF1010A53F82730E34003F0010343EA6D
:10E4C00049090A9B534503D0002CDFD1002FDDD131
:10E4D000189BB3F12A3F32D1424609FB08610698E6
:10E4E00003F0A0FA079B59460393089B5846CDE9D1
:10E4F0000153059B069A00932B46FFF71FFF002C44
:10E50000C1D1BFB90DB0BDE8F08F00247AE7079BF9
:10E5100001EB080A0393089B4A46CDE90153059B8A
:10E52000504600932B46FFF709FF099B51460133E4
:10E5300009939FE7A146A246A8E7013CB7E7314609
:10E540004FF0000A50464B465840FFF709FD2A4657
:10E55000C3430698FFF765FD099B0AF1010A53457D
:10E560004144EFD1BEE738B50D4601210446FFF71F
:10E570006CF888B9E98820468901FFF7BAF858B9DC
:10E580002A4621462046FFF715FB28B92046E98890
:10E59000BDE83840FEF7F1BF38BD2DE9F04712F075
:10E5A000030418BF012404EB92048C4206468846FB
:10E5B00017461D464FEA840AC2EB840919D84A4619
:10E5C000002103F055FAA8EB04020021920006EBAB
:10E5D0000A0003F04DFA3A46089806EB0901A847ED
:10E5E000054618B921463046FFF7D5FC2846BDE858
:10E5F000F0876FF08605F9E72DE9F04F85B01F46EB
:10E600000646039190464FF0FF33002339461046EB
:10E61000FFF7B2FCC41D282C34BF4FF0FA0A4FF0AC
:10E620001E0A4FEAD40B24F00704241A0F9B5A4603
:10E630000093394630460E9BFFF7AFFF0546B0B951
:10E64000224639463046FFF773FDBAF1010A12D06F
:10E650003A4631460398FFF7B1FC414681463046C1
:10E66000FFF7C1FC2A4609EA00039A42DED0284699
:10E6700005B0BDE8F08F6FF00D05F8E749015029AE
:10E6800034BF012203220123934003335843013056
:10E69000704710B586B00B9C04940A9C0394002428
:10E6A0000294099C0194089C0094FFF793FE06B025
:10E6B00010BD10B586B00B9C04940A9C03944FF0D7
:10E6C0002A340294099C0194089C0094FFF782FE6E
:10E6D00006B010BD70B50646002410469C4200D11D
:10E6E00070BD51F82420151A34BF01220022101EDB
:10E6F00046F8245018BF01200134EFE7034600EB31
:10E70000810100208B4201D1FFF72ABC53F8042B72
:10E710001043F7E71FB5089C00920394069C079AE4
:10E72000CDE90134FFF70AFE04B010BD30B51C4638
:10E73000012387B00B9D009203950A9D05AACDE9A0
:10E7400001450593FFF7FAFD07B030BD2DE9F04F05
:10E750000F4689B0DDE913499A4609EB840301931A
:10E7600009EBC40380461146A600029303EB84051F
:10E77000002F3AD005EB060BA24528BFA2464FEA70
:10E780008A031A464846039303F04CF9039BA4EB13
:10E790000A0209EB03000021920003F069F9129BC1
:10E7A000984504D032461946404603F03BF967B11C
:10E7B00032460021384603F05BF9324600215846C4
:10E7C00003F056F90123CBF80030A2444FEA4A1374
:10E7D0000793331FEB18069300230393039A079BB9
:10E7E000934204D809B0BDE8F08FBB46C4E7D9F81E
:10E7F0000000414600F00100FFF7B2FB0246D8F8E6
:10E80000000000F00100FFF7ABFB22EA000302EA80
:10E81000000A04934A4623460198FFF729FDDDE9E3
:10E820000110324603F0FEF853464946224602984C
:10E83000FFF7F7FB3246284603F0F4F8224641463C
:10E840002846049BFFF7EDFB534628460199FFF746
:10E85000E8FB012221462846FFF76AFC324602996E
:10E86000484603F0DFF832462946404603F0DAF81E
:10E87000224649464046FFF7B6FB2246034605902E
:10E8800041464846FFF7E1FB002F48D023465A4651
:10E8900039460198FFF7ECFC22460346129901988D
:10E8A000FFF7CAFCDDE90110324603F0BBF853461E
:10E8B000594622460298FFF7B4FB3246284603F039
:10E8C000B1F8224639462846049BFFF7AAFB534677
:10E8D00028460199FFF7A5FB2B68129903F0010365
:10E8E0002846FFF7A9FC8246012221462846FFF769
:10E8F0001FFC069B069A1B68029943EACA731360C1
:10E900005846324603F08EF832462946384603F020
:10E9100089F8224639465846059BFFF796FB039B2C
:10E9200001335AE738B500EBC104A04200D138BD2D
:10E9300000F10805FEF7A6FD2846F6E738B500EB1E
:10E94000C104A04200D138BD00F10805FEF79FFDCB
:10E950002846F6E770B50C460646114620461A468C
:10E96000FFF789F80546A8B9B36C33B921462046AC
:10E97000321DBDE87040FFF71DB9B4F90430002B1B
:10E980000ADB2046FEF78DFEF36BB0EB430F0AD98E
:10E990006FF08605284670BD01462046FEF748FF09
:10E9A0000028EED0F4E72046B36C984705460028CF
:10E9B000F0D10436B4F90430002B04DA00212046EB
:10E9C000FEF736FF68B931462046FEF7E9FE00281B
:10E9D000E0DB324621462046FEF78FFF0028F2D0CA
:10E9E00006E0324621462046FFF70EF80028E1D027
:10E9F0000546CFE72DE9F34101F1100506460F4624
:10EA000028460021FEF714FF0446A0B36846FEF72F
:10EA100039FD2A4669460020331DFFF7E1F9044617
:10EA200030BB07F108086B46424641463046FFF7C7
:10EA300091FF0446E0B96B466A4669463046FFF7E7
:10EA400089FF0446A0B96B463A4639463046FFF77F
:10EA500081FF044660B96B46424641463046FFF7A7
:10EA600079FF044620B901212846FEF7EEFD044651
:10EA70006846FEF70CFD204602B0BDE8F0812DE9A6
:10EA8000F04F012A80460E46914685B005D80968A8
:10EA900005B0BDE8F04FFFF7ADBF08211046F5F710
:10EAA000B5F90746002800F0AA8002A8FEF7EAFCA4
:10EAB00049463846FFF736FF316838461031FEF7D1
:10EAC0008DFD0446002846D1B24607F108014FEA01
:10EAD000C90507EBC90B5AF8043F40461033A1F1B2
:10EAE00008020191FFF736FF0446A0BB01990831E7
:10EAF0005945F0D1A5F108023A44114608F1040342
:10EB0000FFF76EF9044630BB103D09F1FF3A06EB02
:10EB100089063D44BAF1000F2BD005F1080B2B46B6
:10EB20005A46404602A9FFF715FF044698B956F821
:10EB3000043C5A46294640461033FFF70BFF044673
:10EB400048B956F8042C40460832114602ABFFF78C
:10EB500001FF044690B102A8FEF799FC38464946E9
:10EB6000FFF7ECFE3846F5F757F9204605B0BDE84B
:10EB7000F08F394602A8FEF731FDE0E702AB1A46F6
:10EB800019464046FFF7E6FE04460028E3D156F852
:10EB9000042C4046114602ABFFF7DCFE0446002879
:10EBA000D9D156F8042C40460832114602ABFFF783
:10EBB000D1FE04460028CED1B8F80A1056F8040C4D
:10EBC000FEF7DBFC04460028C5D156F8040CB8F863
:10EBD0000A100830FEF7D1FC04460028BBD156F8D5
:10EBE000040D01211030FEF730FD04460028B2D19B
:10EBF000083DBAF1000FAED00AF1FF3A8AE76FF094
:10EC00008C04B2E7F7B50D4604460835684616464B
:10EC1000FEF738FC00212846FEF70AFE211D0746B4
:10EC20002A466846FEF7F3FE044648B9002F0CBF9B
:10EC3000002206F0010269462846FEF75AFC044607
:10EC40006846FEF724FC204603B0F0BD2DE9F74FDF
:10EC500006460C461F4615464FF0000B9DF83080C7
:10EC600001F1080AC8F345095FFA8BF2A2EB090328
:10EC70005A425A41294620460192FEF73AFCD8B939
:10EC80005046019A05F10801FEF733FCA0B90BF1DB
:10EC9000010BBB4505F11805E6D1214630464FEA88
:10ECA000D812FFF7AFFF38B9012104F1100003B00B
:10ECB000BDE8F04FFEF7C9BC03B0BDE8F08F70B5FA
:10ECC0000C460646114620461A46FEF7A0FE0546AB
:10ECD00048B90436B4F90430002B04DA0021204688
:10ECE000FEF7A6FD08B9284670BD324621462046EB
:10ECF000FEF78AFE0028EDD00546F4E770B50C4615
:10ED00000546114620461A46FEF77EFE064630B9F5
:10ED1000043529462046FEF743FD002801DA304637
:10ED200070BD2A4621462046FEF7E7FD0028F0D0B8
:10ED30000646F4E738B50C46051D29462046FEF781
:10ED40002FFD002801DA002006E02A462146204651
:10ED5000FEF7D3FD0028F0D038BD10B50446FEF70D
:10ED600096FB04F10800FEF792FB04F11000BDE8E9
:10ED70001040FEF78CBB38B50C46054601212046F5
:10ED8000FEF7B7FC28B921462846BDE83840FFF712
:10ED9000D1BF38BD2DE9F041134605460C46164655
:10EDA000FFF7D8FD40BBEB6843BB0322214620465A
:10EDB000FEF749FE00BB2F1DB4F90430002B04DA26
:10EDC00000212046FEF734FD78B93346224621461D
:10EDD0002846FFF7BFFD78B922462146284605F1AF
:10EDE0001403BDE8F041FFF789BF3A4621462046AB
:10EDF000FEF70AFE0028DFD0BDE8F081224621465A
:10EE0000284605F10C03FFF779FF0028DDD0F3E772
:10EE10002DE9F84F1E4603F10805C36804468A46EB
:10EE20009046002B40F0C08002F110031A4629469C
:10EE3000FFF790FD002840F0EF8006F110072B4609
:10EE4000424639462046FFF759FF002840F0E4804B
:10EE500006F118092B46424649462046FFF72FFF88
:10EE6000002840F0D9804B463A4629462046FFF715
:10EE700071FD002840F0D080032229463046FEF77D
:10EE800067FE002840F0C88031462046FFF752FF59
:10EE9000002840F0C18008F1080B06F110075B461E
:10EEA0005A4639462046FFF755FD002840F0B48009
:10EEB00039462046FFF75FFF002840F0AD803B4613
:10EEC000424629462046FFF745FD002840F0A48031
:10EED00029462046FFF74FFF002840F09D8006F1AD
:10EEE00018093B463A4649462046FFF733FD0028BD
:10EEF00040F0928049462046FFF73DFF002840F051
:10EF00008B803346324639462046FFF723FD0028E2
:10EF100040F082802B463A4639462046FFF7CFFE26
:10EF2000002879D12B463A4639462046FFF7C7FEDE
:10EF3000002871D13B462A4629462046FFF7BFFEEE
:10EF4000002869D133462A4629462046FFF702FDAC
:10EF5000002861D14B462A4629462046FFF7AFFEDE
:10EF6000002859D15A464946204608F11003FFF7B8
:10EF7000F1FC002850D149462046FFF7FCFE00284E
:10EF80004AD139465046FEF729FB002844D129468C
:10EF90000AF10800FEF722FBF0BB49460AF1100017
:10EFA000BDE8F84FFEF71ABB13462946FFF7D2FC1F
:10EFB00090BB032229463046FEF7CAFD60BB3146AE
:10EFC0002046FFF7B7FE38BB04F10C070146384670
:10EFD000FEF72EFC00283FF45EAF08F110031A463E
:10EFE00029462046FFF7B6FCB0B906F110092B46BA
:10EFF0002A4649462046FFF7ADFC68B93B464A46DB
:10F0000029462046FFF7A6FC30B92B46324631464A
:10F010002046FFF773FE3BE7BDE8F88F0346C06963
:10F0200020B15B6A002B14BF01200220704710B58D
:10F030000446FEF727FA04F10800FEF723FA04F16C
:10F040001000BDE81040FEF71DBA38B50025044693
:10F0500000F8045BFEF716FA04F10C00FEF712FA52
:10F0600004F11400FEF70EFA04F11C00FFF7DFFFB5
:10F0700004F13400FEF706FAC4E90F55C4E911554E
:10F08000C4E91355C4E91555E56538BD10B5044606
:10F09000FFF7DBFF04F16000FEF7F4F904F168000C
:10F0A000BDE81040FFF7C3BF08B1FFF756BE704779
:10F0B00070B5044660B3436C012B11D00C30FEF7E1
:10F0C000E6F904F11400FEF7E2F904F11C00FFF781
:10F0D000EBFF04F13400FEF7DAF9201DFEF7D7F953
:10F0E000A36D4BB1E36D3BB100251826D4E916039F
:10F0F000AB4207D8F4F790FE2046BDE8704060218F
:10F10000F4F79ABE06FB0500FFF7CEFF0135EDE7E9
:10F1100070BD10B5044658B1FFF7CAFF04F1600096
:10F12000FEF7B5F904F16800BDE81040FFF7BCBF79
:10F1300010BD38B504460D46FEF750FA70B905F11A
:10F14000080104F10800FEF749FA38B905F1100189
:10F1500004F11000BDE83840FEF740BA38BD10B5E4
:10F1600001210446FEF771FA60B9012104F108009B
:10F17000FEF76BFA30B9014604F11000BDE810400B
:10F18000FEF763BA10BD2DE9F14F9A461B6904469C
:10F190000E4691460A9D23B96FF0860001B0BDE886
:10F1A000F08F02F1100700213846FEF741FB30B91D
:10F1B0005146304601B0BDE8F04FFFF7BABF0AF143
:10F1C000100800214046FEF733FB08B94946F0E736
:10F1D00001214046FEF72CFB0028DDD13B463A4694
:10F1E00029462046FFF7B6FB0028D7D105F10808CD
:10F1F0003B462A4641462046FFF7ACFB0028CDD1CE
:10F2000053462A4629462046FFF7A4FB0028C5D1CD
:10F210004246414620460AF10803FFF79BFB0028BF
:10F22000BCD14B462A4629462046FFF748FD002818
:10F23000B4D109F1080B5B46424641462046FFF730
:10F240003EFD0028AAD100212846FEF7F1FA01462A
:10F2500090B94046FEF7ECFA40B92B464A46314693
:10F26000204601B0BDE8F04FFFF7D2BD304601B0F7
:10F27000BDE8F04FFFF773BF2B463A46204606F134
:10F280001001FFF767FB002888D105F110072B4616
:10F290002A4639462046FFF75DFB00287FF47EAF03
:10F2A00005F1180A2B463A4651462046FFF752FB15
:10F2B00000287FF473AF4B463A4639462046FFF7A5
:10F2C00049FB00287FF46AAF39462846FEF786F9E5
:10F2D00000287FF463AF29462046FFF74CFD002845
:10F2E0007FF45CAF4346424631462046FFF732FB8F
:10F2F00000287FF453AF2B46324631462046FFF7B5
:10F30000DEFC00287FF44AAF5346324631462046A1
:10F31000FFF7D5FC00287FF441AF33463A46394623
:10F320002046FFF7CCFC00287FF438AF43463A462E
:10F3300039462046FFF70EFB00287FF42FAF5B46CF
:10F34000524651462046FFF705FB00287FF426AFC2
:10F3500053463A46204606F1080101B0BDE8F04F99
:10F36000FFF7ADBC002108B51030FEF761FAB0FA26
:10F3700080F0400908BD2DE9F047012A8246DDE909
:10F3800008490E4690461F4645D80430FEF78DF9D1
:10F3900005465046FFF742FE012882463ED1002135
:10F3A00006F11000FEF744FA50B9B9F1000F03D18D
:10F3B0006FF08900BDE8F0872070C7F800A0F9E77A
:10F3C000B8F1000F17D16B0001334B453B60EFD80C
:10F3D000214604232A46304601F8013BFEF783F913
:10F3E0000028E7D12A46691C214406F10800BDE83F
:10F3F000F047FEF778B96B1C4B453B60D8D800212D
:10F4000006F10800FEF73DF92146023001F8010B34
:10F410002A463046EBE76FF08600CBE76FF08500B9
:10F42000C8E72DE9F04F87B00D4690461E46039081
:10F430002BB96FF08604204607B0BDE8F08F039B20
:10F440001F1D3846FEF731F981460398FFF7E6FDA8
:10F450000128824641D198F800303BB9012EE8D10D
:10F46000284607B0BDE8F04FFFF779BE09F1010B60
:10F47000B345DED84A46284608F10101FEF71BF9DC
:10F4800004460028D7D1514605F11000FEF7DDF8FB
:10F4900004460028CFD198F800A0BAF1040F0ED18D
:10F4A0004FEA49020132B242C3D14A4608EB0B018E
:10F4B00005F1080007B0BDE8F04FFEF7FCB8AAF16F
:10F4C0000202012AB5D8B345B3D101463846FEF74A
:10F4D000D8F8012805F1080602D06FF08504AAE7E4
:10F4E00001213846FEF7CDF801288046F5D104A861
:10F4F000FDF7C8FF2A4631460398FFF74BFC044648
:10F5000018BB4246394604A8FEF785FA0446E0B91E
:10F51000022104A8FEF70CF90446B0B900903B465E
:10F520003146304604AAFEF752FC044668B901464B
:10F530003046FEF7A6F80AF0010A824505D03246A9
:10F5400039463046FEF763FA044604A8FDF79FFFEC
:10F5500071E72DE9F04FBDB00291114605461C46FA
:10F560000692F4F78BF88046002840F0128121467D
:10F570002846F4F72BF88046002840F00A812846F8
:10F58000FFF74CFD0128834640F0338205F124014A
:10F5900004F10800FEF704F940B9204605F11C010A
:10F5A000FEF7FEF8B0FA80F84FEA58182F6CB7F55E
:10F5B000C07F34BF04230523B8F1000F00F0A18001
:10F5C000AA6D002A00F09D80EA6D002A40F0998023
:10F5D00001339F4205939CBF02230593013B079390
:10F5E0000123079A013F934004939DF81030039341
:10F5F000059B1F44B7FBF3F7B8F1000F03D0AE6DC6
:10F60000002E40F09F8018210498F4F7FFFB064677
:10F61000002800F0EB814FF000094FF0180A0AFBB8
:10F620000960FFF704FD09F10109039A5FFA89F304
:10F630009A42F4D81C22002113A802F019FA0421DE
:10F640001BA8FFF76FF921463046FFF772FD04460D
:10F6500000286CD181464FF0180A079B7B43089322
:10F66000089B99454FD113AB1946089300220123FB
:10F67000182404FB03605B0041F8040B0398DBB221
:10F68000984202F10102F4D8284613A9FFF7F7F9CE
:10F69000044600284BD11823DA4603FB0B63D146FE
:10F6A0000AF1FF3AB9F1000F40F086804FEA4B03B0
:10F6B0005FFA83FB039B5B45EDD81823079906F19E
:10F6C00018028B403344089941F8042B18329A42AF
:10F6D0000891F8D1049B28465A1E13A9FFF7CFF9C9
:10F6E000044620BB06F1100A5046FDF7D0FE09F192
:10F6F0000109039A5FFA89F39A420AF1180AF3D8CA
:10F7000015E0042365E7B9FBF7F3012202FA03F1E0
:10F7100007FB1393C9B20AFB0162002B3DD01146CF
:10F7200028461BABFFF774FB0446002841D0042198
:10F730001BA8FFF703F9ACB9B8F1000F02D0049B86
:10F74000AE65EB6513A8FDF79DFE05F134080DA825
:10F75000FDF798FE00214046FDF793FF01283CD0BD
:10F760006FF08604AB6DB3420ED06EB10025182742
:10F7700007FB0560FFF798FC0135039AEBB29A424C
:10F78000F6D83046F4F748FB14B10298FFF78CFC2A
:10F79000A04640463DB0BDE8F08F490810460AFB40
:10F7A00001610992FFF7C5FC099A04460028B6D00A
:10F7B000BDE709F1010953E7182202FB0AF11BAA70
:10F7C00000922846721819440993FFF7DCFC099B44
:10F7D000044600283FF463AFA9E700210698FDF72F
:10F7E00050FF0699B0FA80F913A8FDF7F7FE4FEA2B
:10F7F00059190446F8B94146069A0DA8FEF707F9CB
:10F800000446C0B94A460DA913A8FDF772FE044686
:10F8100088B901467A1C1BA80DF16C0802F028F982
:10F82000C346A246574540F0848000224FF0010CA9
:10F83000E24580F097800DA80DF14C08FDF727FEFA
:10F840004046FDF724FE002C8CD10DA8FFF7EFFBFE
:10F8500004214046FFF766F807F1F0036B4413F804
:10F86000843C324600932846039B0299FFF7EEF949
:10F870000446002844D1469B002B00F095800BA83D
:10F88000FDF700FE479B022100932A1D469B0BA813
:10F89000FEF745FB834658BB029B284603F1100246
:10F8A00011460BABFFF756F8834608BB029B284670
:10F8B00003F1080A524651460BABFFF74BF883465B
:10F8C000B0B90BAB1A4619462846FFF743F88346F2
:10F8D00070B9029A284611460BABFFF73BF88346F6
:10F8E00030B95246514628460BABFFF733F88346F2
:10F8F0000BA8FDF7CCFD1BF10E0F50D16FF0930458
:10F900000DA8FFF72AFA04214046FFF717F8002C4C
:10F910007FF428AF4A4628460299FFF773F9044658
:10F9200000287FF41FAF28460299FFF763F80446CA
:10F9300018E75146002313A806930491FDF7A1FE92
:10F94000069B9BF80020984002438BF80020059A04
:10F95000049901339A423944EDD10AF1010A0BF1BD
:10F96000010B5FE798F8010098F800B080EA020107
:10F97000CB4303F0010E43F300030BEA03031040F3
:10F9800001EA0302594008F8011F18F8013C02433C
:10F9900043EACE1308F8013C0CF1010C48E7BBF137
:10F9A000000F01D05C46ABE70DF16C0A002FA7D029
:10F9B000029A434611462846013FFFF729FA98B9B3
:10F9C00017F80A30324600932846039B0DA9FFF72B
:10F9D0003DF948B9029A28461146CDF800800DAB92
:10F9E000FFF7D1FB0028E1D0044689E76FF08C04D3
:10F9F000B8E66FF08608CCE610B4019C1CB15DF847
:10FA0000044BFFF7A6BD6FF086005DF8044B70470E
:10FA10001FB500240294079C0194069C0094FFF7F4
:10FA2000EBFF04B010BD2DE9F0410D46014628461C
:10FA300017469846F3F740FE0446B0B92846FFF74C
:10FA4000EDFA012805F1600612D1424639463046EA
:10FA5000FDF731FE044628B931462846F3F70EFE7D
:10FA6000044610B13046FDF712FD2046BDE8F08196
:10FA70006FF08504F6E770B5066C0D460736B3EBFC
:10FA8000D60F114604464FEAD60204D200236FF087
:10FA900089002B6070BD2A60B0F866304BB1FFF76B
:10FAA000BDFA012808D104F16000BDE87040FDF7FF
:10FAB0001ABE6FF08600EDE76FF09600EAE72DE9D9
:10FAC000F04711210446FDF7F0FC002840F0B58115
:10FAD00025682B682A6AD5F82C9099182CBF012329
:10FAE00000236A6AD5F83080521843F1000391452B
:10FAF00088BF013BA2EB090EF04588BF013BD5F85A
:10FB000034C0AEEB0806B44588BF013BAF6BA6EB33
:10FB10000C018F4288BF013BC91B29602568DEB2FA
:10FB2000002B696880F28B815A4291424FF0FF327C
:10FB300028BF002219446B6AD5F830905B18A96A77
:10FB400042F10002C9182CBF4FF0010A4FF0000A21
:10FB50005AFA82F2894588BF013AD5F83480A1EB80
:10FB6000090EF04588BF013AD5F838C0AEEB08065B
:10FB7000B44588BF013AEF6BA6EB0C039F4288BFE8
:10FB8000013ADB1B6B602568D6B252B2002AA96825
:10FB900080F25A81534299424FF0FF3328BF00232D
:10FBA0001144AA6AD5F834E0521843F10001EB6A17
:10FBB000D5F838C09B182CBF4FF001084FF0000853
:10FBC00058FA81F19E4588BF0139A3EB0E06B44572
:10FBD00088BF0139EF6BA6EB0C02974288BF013951
:10FBE000D21BAA602268CEB249B20029D56880F241
:10FBF00030814B429D424FF0FF3328BF00230D441C
:10FC0000D16AD2F83CE04D1943F100034919156B54
:10FC100043F10003691843F100036D18516B43F180
:10FC2000000349192CBF4FF001084FF0000858FAA3
:10FC300083F38E4588BF013BD2F820C0A1EB0E06AE
:10FC4000B44588BF013B576AA6EB0C05AF4288BF9D
:10FC5000013BED1BD5602168DEB25BB2002B0D6964
:10FC600080F2FC805A4295424FF0FF3228BF0022BA
:10FC70001D440B6B4F6A5D1942F100025B194D6B1D
:10FC800042F10002EB1842F10002ED188B6B42F1D9
:10FC900000025B192CBF4FF0010C4FF0000C5CFA16
:10FCA00082F29F4288BF013A8E6ADD1BAE4288BF56
:10FCB000013AAD1B0D612568D3B252B2002A6969C1
:10FCC00080F2D180534299424FF0FF3328BF002386
:10FCD00011446E6BEF6A721843F10001AB6BB618FA
:10FCE00041F10001EA6B9E1941F100019B1941F1BC
:10FCF0000001D2182CBF4FF0010C4FF0000CAE6A7F
:10FD00005CFA81F1964288BF0139931B9F4288BFFC
:10FD10000139DB1B6B612268CEB249B200299569BB
:10FD200080F2A6804B429D424FF0FF3328BF002354
:10FD30000D44916BD66B4D1943F100034D1943F1FE
:10FD40000003751943F100037619556B43F1000365
:10FD5000891943F100036D182CBF4FF0010C4FF0CF
:10FD6000000C176A5CFA83F3AF4288BF013B566A06
:10FD7000E91B8E4288BF013B891B91612168DDB27E
:10FD80005BB2002BCA6978DA5D42AA424FF0FF35B8
:10FD900028BF00251A44CB6BD1F828A09A1845F14A
:10FDA00000059A1845F100059B180A6A45F10005FF
:10FDB000D2182CBF0123002353FA85F3924588BF44
:10FDC000013BD1F82C90A2EB0A08C14588BF013B4A
:10FDD000D1F830E0A8EB090CE64588BF013B4F6B3A
:10FDE000ACEB0E06B74288BF013BF61BCE61226822
:10FDF0005BB223EAE371116200250822E188013237
:10FE000091423FD8002B18DA00222568A958C9432F
:10FE1000A9500432242AF8D100222568A9580131BA
:10FE2000A95021688D5815B90432242AF5D14FF60E
:10FE3000FF72A2800A6AD21A0A62BDE8F0878919A5
:10FE40002CBF0122002276E689192CBF0123002352
:10FE5000A7E6AD192CBF01230023D1E6AD192CBFB5
:10FE60000122002205E7C9182CBF0123002330E737
:10FE7000AD192CBF012300235BE752192CBF0125CC
:10FE8000002588E7216841F82250B7E700B14078A3
:10FE9000704738B50025044605608560858041229D
:10FEA00029460C3001F0E4FDC4E9145584F858509B
:10FEB00038BD08B5036D5BB900F1500300F10C01CA
:10FEC0004122806800F023FEBDE80840F4F7FABC48
:10FED000002008BD034608461BB11B680BB19B6898
:10FEE000184700207047808870471FB5002403948E
:10FEF000089C0294079C0194069C0094F3F774FC00
:10FF000004B010BD10B1006800B10078704703382C
:10FF100001288CBF002001207047013801288CBFC8
:10FF2000002001207047002370B5064692B01046AD
:10FF30000C4615460093FFF7E5FF062809D16B46EE
:10FF40004122A86801A900F0E2FD48B16FF08600E7
:10FF500013E02A6D05F10C0101A8009201F062FD89
:10FF60003068A0420BD3009A041B944207D3801A36
:10FF7000306001A901F056FD009812B070BD6FF01D
:10FF80008900FAE737B504460D461046694601AACE
:10FF9000F3F772FF28B9DDE900232946204600F077
:10FFA0001FFA03B030BD10B586B00446FFF7AAFFB4
:10FFB00006281AD100211822684601F059FD694629
:10FFC000A06800F04EFD90B9BDF80040684601F011
:10FFD0004AF804F44F43B3F5824F0AD044F20103C8
:10FFE00024F44050C31A5842584106B010BD0020B6
:10FFF000FBE70420F9E710B586B00446FFF782FF5F
:020000040802F0
:10000000062821D100211822684601F031FD6946F9
:10001000A06800F026FD18B10024204606B010BDEF
:10002000BDF8003003F44F42B2F5824F02D0B2F572
:10003000884F00D1D8B2BDF8021001F011FC04467F
:10004000684601F010F8E8E7616D94F8580006B0D2
:10005000BDE8104001F004BC2DE9F04F002787B047
:1000600083460E46CDE904772AB96FF0890420460D
:1000700007B0BDE8F08F0A440392024603A8F3F7E5
:1000800007FD041EF3DB039B9A1B002AEDDD5A1EBD
:10009000651C039231462A4603F8017C03A800F050
:1000A00012F9B0F1000952DB0322314603A800F037
:1000B0002EF9B0F100084CDB5846FFF774FF82467A
:1000C0005846FFF770FF042836D15846FFF793FFD4
:1000D000072801D0092827D104AA05A900F058FA59
:1000E00004460028C3D10746049B3BB3DDE9043234
:1000F000CDE90074314603A800F083F9041EB6DB95
:100100004D44454425442A46314603A800F0DBF817
:10011000041EACDB3022314603A800F0F8F80028BA
:1001200013DB25444419A2E70246314603A8FFF732
:1001300029FF041E9BDB27460124D5E7504604AA6D
:1001400005A9F3F785FE0028D0D004468FE74C467A
:100150008DE744468BE710B5044608B1F3F76CFE13
:100160002046BDE81040F3F757BE70B504680D1B7C
:10017000002D02DC6FF05F0070BD94F90060237801
:10018000002E0ADB631C0360237813600368C91A1E
:1001900013688B42EED80020EEE703F07F035C1E6D
:1001A000032C0ED89D42E5DD002414600468013B59
:1001B000013404605E1C1568E8D0247844EA052404
:1001C000F3E76FF06300D7E770B404680E1B002EEE
:1001D00007DD26789E4208D10134046070BCFFF729
:1001E000C4BF6FF05F0070BC70476FF06100FAE74A
:1001F0002DE9F04F85B00092984603AA30230546BA
:100200000E469DF838A09DF83CB0FFF7DDFF044690
:1002100000BB2B68039A1A44964219D06FF065040C
:1002200018E05A1C2A6093F80090009B09EA030327
:10023000434521D13146284603AAFFF796FFC8B9A6
:1002400009EA0A025A45039B08D02A6813442B6026
:100250009E42E6D8204605B0BDE8F08F109A002AED
:10026000F3D0DDE9107049462A680193B847019B35
:100270000028EAD00446EDE76FF06104EAE738B5FC
:1002800005462C6804B938BDA3692B60A068F3F754
:10029000C3FD6069F3F7C0FD2046F3F7BDFDF0E74D
:1002A00070B50E46154604460CB9204670BD63680D
:1002B000AB4206D12A463146A06801F0EEFB002889
:1002C000F3D0A469F0E77F2A034610B51AD9144683
:1002D0000120240A00F10100FBD11C68641A844249
:1002E00012DB19684C1E1C6001F8012C120AF8D1AF
:1002F000012806D01A68511E196000F17F0302F828
:10030000013C10BD0120E8E76FF08900F9E70368C0
:10031000591A0029C1BF03F1FF310160012003F820
:10032000012CD8BF6FF0890070472DE9F0410646D7
:100330000F4615469846FFF7C6FF041E03DA6FF016
:100340008900BDE8F081424639463046FFF7DFFFBD
:10035000002805F10105F2DB6019F2E7F0B414465C
:1003600000250668721A002A1CDD771E076006F851
:10037000014C2412002C05F1010211DC046894F9EF
:100380000060002E08DA621A002A0BDD621E02608D
:10039000002204F8012CAA1CDBB2F0BCFFF7C5BF99
:1003A0001546DEE76FF08900F0BC704770B50D466A
:1003B000064600681146A8421C460AD3451B9D42CA
:1003C00007D3C01A306013B11A4601F02BFB204648
:1003D00070BD6FF08900FBE705230022FFF7A5BF82
:1003E00070B504460D46FFF7E1FF021E06DB294605
:1003F0002046BDE870400623FFF797BF6FF08900E5
:1004000070BD2DE9F0419846DDE9066304460D46CE
:100410001746ABB126B9FFF7DFFF002812DB06460F
:1004200043463A4629462046FFF7DAFF002809DB13
:10043000821929462046BDE8F0413023FFF775BFF9
:100440001E46EDE7BDE8F08130B40468651A002D62
:100450000CDD003A18BF01220123651E52420560DF
:1004600004F8012C30BC1A46FFF75FBF6FF089001B
:1004700030BC70470223FFF771BF70B516461A46AD
:10048000049B04460D46FFF791FF021E06DB29463A
:100490002046F3B2BDE87040FFF747BF6FF0890018
:1004A00070BD2DE9F84307460068894690461E4610
:1004B000089DFFF7F5FE044688BB20210120F3F7D5
:1004C000A5FC044650B1C0F8048041460120F3F772
:1004D0009DFCA06030B92046F3F79EFC0024204626
:1004E000BDE8F8834246494601F09CFA25614DB1CA
:1004F00029460120F3F78AFC606118B9A068F3F778
:100500008BFCE8E73B68A3613C60002EE7D0002D40
:10051000E5D02A463146606901F084FADFE72DB95B
:100520004069F3F779FCC4E90455D8E70369AB42A5
:100530000BD029460120F3F769FC07460028CDD0EF
:100540006069F3F769FCC4E90457002EC7D0E0E7FF
:10055000F0B5DDF814C005460024ED43002B08BFBC
:100560000B4604F1040EF44502D2644508D3F0BDF5
:1005700016591F5906402F403E430E517446F0E76E
:10058000165D1F5D06402F403E430E550134ECE7DB
:100590006FF0850070472DE9F04F0F4600210546AA
:1005A00087B00846009390469B46134605AA109EC6
:1005B00001F098F92846DFF7FFFD04463846DFF7DB
:1005C000FBFD059902290A4638BF02224B1C023A5C
:1005D00003EB921323441844119B984207D96FF000
:1005E0008908129B1860404607B0BDE8F08F39B10A
:1005F0000120F3F70BFC044618B96FF08C08F2E702
:100600000C46434620460599CDF800B005AA01F0F6
:1006100069F9804618B12046F3F7FEFBE3E7284668
:10062000DFF7CAFD29460246304601F0FBF92846AD
:10063000DFF7C2FDA1464FF00A0A3518DDF814B005
:10064000BBF1000F18D13846DFF7B6FD3946024638
:10065000284601F0E7F93846DFF7AEFD02462B18D1
:10066000581C129B05F802B0821B1A60119B594658
:100670009A1A01F0FDF9CEE75A46402A28BF4022D7
:1006800049462846039201F0CDF9039AABEB0200EC
:1006900015440590914405F801ABCFE700F4E04024
:1006A000B0F5805F04D0A0F5005358425841704720
:1006B0000120704738B5037904460D464BB963698C
:1006C00000202B60237E012B0AD028606FF096005B
:1006D00005E0D0E9081200F01DFD0028EFD038BD7C
:1006E00002232376FBE73AB1002918BF002321211A
:1006F000D21A184401F0BCB970472DE9F341D0F883
:1007000004804769044640460E4600F0D4FC054686
:1007100060BB5FFA88F31BB93FB16FF0860525E037
:100720006FF04043013F9F42F7D2A06820F47F4022
:1007300020F003000028F0D14FF6F87362889A4247
:1007400018D8277907B901A83146F3F70BFF0546FA
:1007500060B90FCCD6F800C066460FC694E8030017
:1007600086E8030017B9019BCCF81430284602B084
:10077000BDE8F0816FF08505F8E740F67E7300F67E
:10078000FF729A4209D9434213F07F0306D0402BEF
:10079000C3F1000045D16FF09300704710F1960F40
:1007A0003FDA10F5725F36D021DC10F5785F53D058
:1007B00017DC10F5A14F2ED039DB10F5994F02D080
:1007C00010F57C5F33D16FF08600704740F255130F
:1007D000C34013F0010F0CBF6FF083006FF0860071
:1007E000704710F5765FEED010F5745FEAE710F50C
:1007F0006E5F03D005DC10F5705F18D16FF08400D8
:10080000704710F5685F06D008DC10F56C5FDAD031
:1008100010F56A5F0BD16FF08500704710F5665FC9
:10082000F8E710F13F0F05DA68300828CED96FF0ED
:100830008300704710F13D0FADD00E300E28F6D872
:10084000012340F2151283401342BCD10E2814BF7D
:100850006FF08300002070476FF09100704741F205
:10086000052398421AD8B0F5905F09D241F20103EE
:1008700098420CD0B0F5885F09D06FF085007047C2
:100880002923A0F5905080B2C340DB07F5D511F0C5
:10089000070F14BF6FF0860000207047B0F5105F9F
:1008A000EBD121F04003802B06D0B1F5807F14BF3F
:1008B0006FF08600002070470020704770B5046A12
:1008C00005460E463CB90120F3F7A0FA286228B18C
:1008D00020466E6270BD6FF08A00FBE76FF08C00FF
:1008E000F8E7F8B50F46114606461546FFF7E6FF4E
:1008F000044620B92A463946306A01F093F820466A
:10090000F8BD2DE9F0470446DDE9099A88461F46FF
:10091000164605880AB32846FFF7C0FE80B1D1000D
:10092000CAF800102088FFF79AFF044628B941460C
:10093000384601F077F8C9F800602046BDE8F08736
:100940006B040AD505F44F45B5F5824F05D13B46FA
:100950002046BDE8F04700F0F8BE6FF08504ECE7F4
:100960002DE9F04F456885B02D0A0446DDE90E9A61
:100970000E4617469846DDF840B006D0012D1AD035
:100980006FF0860005B0BDE8F08FCDE901ABCDF882
:100990000090FBF706FD10F1860FF3D143463A466F
:1009A00031462046CDE90FABCDF8389005B0BDE813
:1009B000F04FFFF7A6BF05B0BDE8F04FFBF719BC3D
:1009C00010B50446006A10B1616AFFF7C4FB00204D
:1009D000C4E9080010BD38B50446FFF7F1FF237ED7
:1009E000012B0FD0023B012B0FD8E369012B14BF61
:1009F0006FF09605002528220021204601F038F8E6
:100A0000284638BDE369002BF1E76FF09605F2E761
:100A100008B1FFF7E0BF704713B50446C0B101A9A4
:100A2000F3F7E0FD044698B9019B1A7E022A12D121
:100A300003221A761A79FF2A10D01AB1586900F0E9
:100A40004DFB0446019800F01FFB002818BF044628
:100A5000204602B010BD6FF09604F3E76FF08404F7
:100A6000F0E773B5054608460C4600F0FCFA002393
:100A700028461A4601A9F3F7A5FB50B9019E354651
:100A80000FCD0FC495E8030084E80300304600F062
:100A900010FB02B070BD2DE9F0411446DDE90656A9
:100AA000028802F4E047B7F5804F22F4405C44F23C
:100AB000010718D1BC4507D002F44F47B7F5824F64
:100AC00002D0B7F5844F10D1AC421AD8224618464E
:100AD00000F0A8FF00212A1B204400F0C9FF0020DD
:100AE0003460BDE8F081BC450ED002F44F42B2F54F
:100AF000824F09D12246CDE90656BDE8F04100F00B
:100B000058BE6FF08900ECE76FF08500E9E7F0B5BB
:100B10000F461E46154685B0FAB1002303A91A46B2
:100B20003360F3F74FFB044688B9039803885B04EE
:100B300010D5CDE900563B46D0E9081200F01BFD68
:100B40000446039800F0B5FA002C08BF044620467E
:100B500005B0F0BD6FF08604F3E76FF08904F6E7A7
:100B60002DE9F0411F46002388B005468846164609
:100B7000059307923B60002A5FD0B2F1005F5FD21D
:100B800005A9FFF7BAFD0446A0B9059B5A6AAAB1A8
:100B9000059B41465A882846069206AA029203F10E
:100BA000240201925A6A00921B6A3246FFF7D8FE6D
:100BB0000446E8B10598FFF72BFF34E06B681B0A89
:100BC00007D107990598FFF779FE04460028DFD082
:100BD000F0E7012B03D007926FF08604EAE728467E
:100BE00007A9079600F05BFC04460028E9D0E1E77E
:100BF0000599069B4A88D2B94B804FF6F873069A3E
:100C00009A4217D82B88059813B102889A42E3D1EB
:100C10006B8813B142889A42DED13946FFF74AFD0C
:100C200004460028C6D1204608B0BDE8F0819A42AB
:100C3000D2D1E2E76FF08504BCE76FF08604F2E7FB
:100C40006FF08504EFE730B40025039C256000F0C9
:100C5000FE44B4F1007F02D130BCEEF707B86FF06C
:100C6000860030BC70472DE9F04F456889B02D0AE9
:100C70000446DDE91278DDE9149A1E46CDE9061234
:100C8000DDF858B006D0012D1CD06FF0860009B0F9
:100C9000BDE8F08FCDE903ABCDE901890097FBF703
:100CA0004AFD10F1860FF2D1DDE9061233462046E7
:100CB000CDE915ABCDE91389129709B0BDE8F04F26
:100CC000F3F7EABA09B0BDE8F04FFBF72EBD2DE906
:100CD000F04F8B46994600238BB0DDF85C800546CB
:100CE000DDE915A711465846C8F800301646F3F757
:100CF000F5F9044600285AD1002F6BD0BBF1000F44
:100D000033460CBF4FF480524FF48062284609A945
:100D1000F3F758FA044600283CD1099D2B8803F4C8
:100D2000E043B3F5E04F52D1D5E90812BBF1000F13
:100D300041D06B681B0A0DD0012B1FD0149B284695
:100D4000CDE90093CDE903783346CDF808A0F3F759
:100D5000C9FA1EE0149B2846CDE90093CDE903783B
:100D60003346CDF808A0CDE90612FBF7E2FC10F1FE
:100D7000860F04460ED1DDE90612DFE7149B2846F4
:100D8000CDE90093CDE903783346CDF808A0FBF711
:100D9000CAFC044621463A465046D8F80030FFF7D0
:100DA000A2FC099800F085F9002C08BF04462046F3
:100DB0000BB0BDE8F08F149B2846CDE90093CDE938
:100DC00003783346CDF808A0FFF74DFFE1E76FF059
:100DD0008604DFE76FF08904E9E71FB5089C0394F8
:100DE000079C0294069CCDE9003413460A46012173
:100DF000FFF76DFF04B010BD1FB5089C0394079C5E
:100E00000294069CCDE9003413460A460021FFF700
:100E10005EFF04B010BD2DE9F04F456887B02D0A84
:100E20000446DDE91089DDE912AB16461F4605913F
:100E300006D0012D1AD06FF0860007B0BDE8F08F04
:100E4000CDE902ABCDE90089FBF777FC10F1860F05
:100E5000F3D13B46324620460599CDE912ABCDE9A8
:100E6000108907B0BDE8F04FF3F786BA07B0BDE8C8
:100E7000F04FFBF75CBC2DE9F041804686B00020C6
:100E80000D4616461F46F3F729F90446D8B92B46F6
:100E90004FF40052404605A9F3F794F9044690B97F
:100EA0000D9B059803930C9B0096CDE901732B468F
:100EB000D0E90812FFF7AFFF0446059800F0F9F8F3
:100EC000002C08BF0446204606B0BDE8F081036848
:100ED0001943B1FA81F040097047F3F757B908B5E3
:100EE0000088DDE90221FFF7D9FB20B1BDE8084009
:100EF0001046F3F74BB96FF0850008BD2DE9F04FB0
:100F00009846002387B09146109A04931360438853
:100F100005460F46002B00F09580038803F4E0435C
:100F2000B3F5804F00F08E8041463846FFF7CFFF83
:100F3000002800F08780284604A9FFF7DEFB04465E
:100F400000284ED1049B5B6A7BB16B68049E1B0A30
:100F5000D6F820A056F824BF47D0012B6BD06FF0F5
:100F600086040498FFF72CFD3BE06B681B0A31D127
:100F70002A8869881046FFF791FBB8B11046FFF741
:100F80006EFC044668BB47F201039A421BD1490834
:100F90000131C90801EBC1013B310591DDE90401D3
:100FA000FFF78CFC04460028CFD01AE002F44F4330
:100FB000B3F5824F04D102F4E043B3F5E04F44D0DF
:100FC0006FF085040DE044F201039A4241D1C90853
:100FD0001031E2E7284605A900F061FA044600282E
:100FE000DCD00498FFF714FD21E02B885B040BD4C0
:100FF00043464A4639462846CDE901B6CDF800A019
:10100000FFF76DFF044609E033465A46514628462D
:10101000FBF7A4F910F1860F0446E9D0002CA0D10B
:1010200010990498FFF746FB04460028D9D12046C2
:1010300007B0BDE8F08F33465A4651462846FBF7C5
:10104000D4F8DFE76FF08604F1E747F201039A4234
:101050009DD0073122F0FF02C908B2F5824F04BFCC
:101060004900013199E71822002100F001BD037EFB
:10107000022B06D1C3695A1C03D00133C36100207F
:1010800070476FF096007047034668B1017E8A1E74
:10109000012A0BD80329C26903D1012A01D1FFF724
:1010A0009ABC1AB1013ADA61002070476FF09600DD
:1010B0007047FFF7E9BFC0B2FF280CBF6FF0860092
:1010C000002070471FB5014601AA0220FAF75DF91A
:1010D0008C3018BF012005B05DF804FB1FB5014638
:1010E000044601AA0220FAF750F98C3002D1002000
:1010F00004B010BD21460220EBF792FA10B16FF058
:101100009800F5E72146022001AAFAF73EF98C3053
:10111000EDD0F4E72DE9F04107461446884686B045
:1011200000293FD0002A3DD0B2F5005F3DD202F148
:10113000240631460120F2F769FE0546C0B3034696
:101140003A4621464046F3F717FB7F693846FFF7DA
:10115000B9FF012820D000233246009339462B46A0
:101160000220FAF7E4F8D0B93946022003AAFAF7C8
:101170000CF9044620B9049B9E4205D06FF09804F8
:1011800039460220EBF74CFA31462846FEF7E3FFDA
:10119000204606B0BDE8F0816FF08A04F4E76FF0F6
:1011A0009804F1E76FF08604F2E76FF08D04EFE743
:1011B0006FF08C04ECE7FEF7CEBF2DE9F0474669EF
:1011C00086B005468A4691463146022003AAFAF7C0
:1011D000DCF8044618BBDDF8108001204146F2F728
:1011E00015FE0746002837D03146022003AA029494
:1011F000FAF7CBF8044670B902AB0246CDE90073AA
:10120000314643460220EBF79FF9029B044698457E
:1012100009D06FF0980441463846FEF79CFF2046FF
:1012200006B0BDE8F0870028F5D14B46524641464E
:1012300038460095F3F7BEFA04460028EBD1DAF8F9
:10124000001031B1D9F80030002B08BF6FF09104C5
:10125000E1E76FF09104DEE76FF08C04DFE773B530
:101260000C46164602783AB19A1BA2420BDA6FF08E
:101270008905284602B070BD013C00F10100F1D1A2
:101280006FF06705F5E71B1B2246014618460193E0
:1012900000F0C8FB90F90020002A08DA821B002A1F
:1012A000E5DD421E01920022013400F8012C2246A5
:1012B000314601A8FFF707F8051EDADB02223146A6
:1012C00001A8FFF724F8002802DB25440544D0E7F5
:1012D0000546CEE72DE9F341074690461E460090AD
:1012E00001440223684601AAFEF76EFF18B9019D6A
:1012F00025B96FF0670002B0BDE8F081009B93F95B
:1013000000101A780029F4DB3AB95A1C013D00920A
:10131000019525B15B78002BEBD0AE42E9D3009C60
:10132000761B21462A4608EB06002C4400F07AFB87
:10133000E01BE0E7084608B51146FFF7CEFD0028A0
:1013400018BF6FF0930008BDF0B51D4693B0189C10
:10135000C31D2C440F46DE080194002840D0B2EB98
:10136000460F3DD1B3F5847F3DD2324602A800F04E
:1013700059FB3246B9190AA800F054FB23462A4605
:1013800031460AA8FFF76BFF041E26DB019B2A46A5
:101390001B1B314602A80193FFF761FF2746041E7D
:1013A0001BDB019B27441B1B3A46294601A80193DE
:1013B000FEF789FF041E10DB3022294601A8FEF744
:1013C000A6FF002812DB3C4404442246284601992B
:1013D00000F035FB199B1C600024204613B0F0BDC3
:1013E0006FF06704F9E76FF08904F6E70446F4E765
:1013F0002DE9F047C51D92B00E4691469A460091E0
:10140000ED0800283ED01A9B6F00B3EB450F3CD38C
:10141000402F3AD83023684601AA4944FEF7D4FE4B
:10142000044658BB0DF1080801463A46404600F014
:101430001FFBDDE9000142462B46FFF74BFF021E72
:1014400026DB009801991044891A2B4608EB050207
:1014500000900191FFF73EFF051E1BDB009B019AE8
:101460002B4400939B1B521B4B45019214D13A46CF
:101470004146504600F0D6FA1B9B1F60204612B032
:10148000BDE8F0876FF06704F8E76FF08904F5E7CF
:101490001446F3E72C46F1E76FF06504EEE730B54C
:1014A00045680488438800202D0A0A68086004D033
:1014B000012D28D06FF0860030BD47F20102944222
:1014C00008D15B080133DB0803EBC3033B330B603C
:1014D0000020F1E744F20102944202D1DB0810330C
:1014E000F5E724F0FF040733B4F5824F4FEAD30346
:1014F00006D15A00531C002AE9D16FF08500DBE7C2
:10150000002BE4D1F9E747F20105AC4203F10700F3
:1015100017D15B080133DB0803EBC30303F13B0284
:10152000033210F0180F22F0030201D1072805D171
:1015300024F0FF04B4F5824F08BF04322C320A6055
:10154000C6E744F20105AC4203D1DB0803F1100207
:10155000E6E724F0FF05B5F5824F4FEAD00306D148
:101560005B005D1C002B18BF2A46013AD8E7002B10
:1015700018BF1A46D4E72DE9F34745680446DDE96C
:101580000A9A2D0A0E461746984606D0012D16D007
:101590006FF0860002B0BDE8F087CDE9009AFAF757
:1015A000F0FE10F1860FF5D143463A46314620460B
:1015B000CDE90A9A02B0BDE8F047FFF76CBA02B075
:1015C000BDE8F047FAF713BE10B45468240A012CA2
:1015D00003D15DF8044BECF761BF6FF08B005DF851
:1015E000044B70472DE9F04700F4E04ABAF5804F0C
:1015F00006460C4691469846089F17D100F44F4383
:10160000B3F5824F02D0B3F5884F02D1F3B2412B2C
:101610000CD018F0010F06D04FEA580344B1E21D78
:10162000B3EBD20F05D06FF0860665E04346F5E7D1
:10163000DC0080210120F2F7E9FB0546002800F0DC
:101640008180FDF723FD06F44F43B3F5824F02D0AE
:10165000B3F5884F07D1F0B2302858D00DD81228F2
:1016600015D017285BD06FF086042846FDF751FD92
:101670002846F2F7D1FB26463EE04128F3D1B4F5E7
:10168000807F51D0B4F5E07F0ED0FF2C0BE040F20C
:1016900009239C4208D035D8B4F5807F04D02ED8D9
:1016A00024F02003C02BDED1214600F0D9F80146FA
:1016B000002842D02846F1F7FFFFFFF75EF8064604
:1016C00000283DD1BAF5804F30D105F1680A434674
:1016D0004A4651462846FDF7A4FEFFF74EF8044659
:1016E0000028C2D151462846F1F770FFFFF745F8B0
:1016F00004460028B9D13D603046BDE8F087B4F516
:10170000C07FD0E7B4F5047FADD11C46CCE724F010
:101710008003B3F5807FC7D0B4F5007FC3E7C02C4A
:10172000C2D0B4F5807FBEE7FF24BDE743464A46FA
:1017300029462878FEF777F9D8E76FF0850494E713
:10174000044692E76FF08C06D6E77FB51E4600236D
:10175000039303AB0093054613460A46418800886D
:10176000FFF740FF0446C0B92888039900F44F43AF
:10177000B3F5824F02D0B3F5884F18D1C0B24128DB
:1017800015D1086C01300A9B32461860099B009302
:101790002888089BF3F752F80446039D2846FDF776
:1017A000B8FC2846F2F738FB204604B070BD086C40
:1017B000E9E77FB51E460023039303AB009305467C
:1017C00013460A4641880088FFF70CFF0446D0B94B
:1017D000288800F44F43B3F5824F02D0B3F5884F09
:1017E00014D1C0B240F48240039D099B3246294681
:1017F0000093089BF3F722F804462846FDF789FC7E
:101800002846F2F709FB204604B070BD4FF4824031
:10181000EAE710F1860F10D010F1850F0ADA20F0F8
:10182000020313F1930F07D010F1970F18BF6FF059
:10183000830070470028F9E71846704730B4002449
:10184000944201D130BC184731F92450854201D06F
:101850000134F5E701EB8401B1F9020030BC7047B7
:10186000122804D1A1F580735842584170470020D6
:101870007047D2B2891A101A090A41EA102123EAE4
:101880000100C0B2704738B500F141030546024679
:101890001921DBB20020FFF7ECFF05F147032A46D0
:1018A00004463321DBB21A20FFF7E3FF2B1F2A4641
:1018B0003D210443DBB23420FFF7DBFF3E21E4B2DD
:1018C0002A462B2304430846FFF7D3FF3F21E4B207
:1018D0002F232A4604430846FFF7CBFFE4B22043F8
:1018E000C0B238BD2DE9F74F0C9F0546164617B913
:1018F0001760002012E00324B7FBF4F404EB440863
:10190000474518BF0134B4F1804F0AD2A400013416
:101910008C4200D840B96FF08900346003B0BDE854
:10192000F08F4FF0FF34F6E781460024444503F181
:10193000030209F1040A2ED3BC424A4626D293F888
:1019400000800134BC424FEA98002CBF4FF0000BDE
:1019500093F801B0FFF797FF89F800004FEA0810ED
:1019600000F0300000EB1B10FFF78DFFBC4289F840
:1019700001003CD24FEA8B0000F03C00FFF783FFF0
:101980003D23524689F8020089F803300023551B95
:1019900035601370ADE712F8033C12F8029C98080A
:1019A00012F801BC01920093FFF76DFF009B0AF84B
:1019B000040C180100F0300000EB1910FFF763FF72
:1019C0000AF8030C4FEA890000F03C0000EB9B1082
:1019D000FFF759FF0AF8020C0BF03F00FFF753FF27
:1019E000019AD14613460AF8010C03349EE73D20C4
:1019F000C6E700F015B800F013B8012838BF012081
:101A000010B504462046E4F771F800B110BDF2F7B6
:101A100085FF08B9E4F72AF88047F3E7FFF7EDBF41
:101A2000E4F77EB80A44431E914200D1704710B5D6
:101A300011F8014B914203F8014FF9D110BD8842D2
:101A400010B501EB020402D98442234607D8431E95
:101A5000A14207D011F8012B03F8012FF8E7024447
:101A6000824200D110BD13F8011D02F8011DF7E7F5
:101A700002440346934200D1704703F8011BF9E783
:101A800021385D288CBF002001207047044608B52E
:101A9000F4F7D2F82046E3F7C1FF0139024410B54C
:101AA000904201D1002005E0037811F8014FA342D4
:101AB00001D0181B10BD0130F2E7C9B20346184629
:101AC00013F8012B12B18A42F9D17047002918BFCF
:101AD0000020704710B56AB10139841810F8012B45
:101AE00011F8013F9A4203D1A04201D0002AF5D15A
:101AF000D01A10BD1046FCE70246014410B58A42D8
:101B0000134603D01C780132002CF8D1181A10BDEE
:101B10002DE9F843C3F137090746884603F01F054E
:101B20005FFA89F91646384641462A460023DEF711
:101B30001FFB4346D4B23A4688460746092C84BF69
:101B40004C44E4B2AA424FF0000204F13004934145
:101B500006F8014BE7D23046BDE8F8832DE9F04F97
:101B6000051889B0904641EB0104029304AB284666
:101B700021460093D2E9002300F0A7F806AB074600
:101B800089462846214600930025D8E9022300F023
:101B90009CF8DDE90423841851EB0306069B28BF5B
:101BA0000125D8E90012ED18079B43F100037918CD
:101BB00049EB0202B94272EB0902D8E9022134BFB3
:101BC00001200020A21846EB01018018029A41F181
:101BD0000001A042A2F1410A71EB0602CDF800A07B
:101BE00034BF012200225219CDE9065343F100030C
:101BF00000F082F8129BC3E90001D8E90221DDE977
:101C00000653039114990129D8E900E027D1A21ABB
:101C10000399CDF800A066EB0101774579EB000050
:101C200034BF01200020101A61F10001844276EBDC
:101C3000010234BF01220022AA1A63F1000300F05E
:101C40005BF8139BC3E90001DDE90623204631461A
:101C5000CDF800A000F050F809B0BDE8F08F17EB08
:101C6000070B49EB090C14EB040846EB0601BB45D6
:101C70007CEB090934BF0127002718EB070741F166
:101C80000008F3457CEB000C34BF01200020381A1B
:101C900068F10001801A039A61EB02016D195B4142
:101CA000A74278EB060234BF01220022AD1843F1AF
:101CB0000003874278EB010834BF01220022AA1AF0
:101CC000029DA5F140050095B7E7F0B500240D464B
:101CD00006469446A0FB02012246059FE5FB0C1236
:101CE000A446E5FB0324E3FB061C12EB0C0244F1C3
:101CF0000004C7E90024F0BDF0B5059CC4F140071D
:101D0000C4F12006A4F12005E04002FA06F6BB402B
:101D100022FA05F5BA403343C4F120062B4301FAF9
:101D200006F6A4F12005304321FA05F5E1402843E9
:101D300019431043F0BD2DE9F0410446CE0FC1F325
:101D40000A55C1F3130140F2FF70167154EA0107FE
:101D50006BD1002D71D12C462946002B156060DB1C
:101D60000C2B60DCC3F10D050120AD0005F1FF3C3B
:101D7000A5F12107C5F1210600FA07F720FA06F6BA
:101D800000FA0CF03743061847EB0708D6F1000EAF
:101D900068EB480C013E48F1FF38264008EA01088C
:101DA000B04277EB080810DBC5F12008B5F120063A
:101DB00024FA05F501FA08F858BF41FA06F645EA93
:101DC000080558BF3543ED0703D52018044641EBFD
:101DD000070104EA0E0401EA0C019DF81860184698
:101DE0000D250532C6F1270604F00F03240944EA45
:101DF0000174091163B9A8420DDA013DF4D21AE069
:101E00001DB90125A5F2FF35A7E741F48011F9E7D7
:101E1000092BC8BF9B193033A8425355B8BF284679
:101E2000EBE70023D9E70D23D7E78542E8D146F059
:101E3000080600201671BDE8F0818542E5D146F024
:101E40000406F6E7D1E9043293421EBF5A1C0A6128
:101E500018707047000000005FF800F0F5090020DE
:081E60005FF800F051090020B9
:081E680060E3FD7F01000000B2
:101E7000E96000080000000039610008000000006F
:101E80007161000800000000AD6100080000000062
:101E900000000000101F0208FFC801080000000039
:101EA000E5F3000800000000000000002C1F0208FD
:101EB000000000009C1F020800000000801F0208B4
:101EC00000000000641F020800000000481F020814
:101ED00000000000B81F02080DD00008000000003C
:101EE000895A0008000000006DED000800000000A5
:101EF00000000000D41F020800000000F01F0208CC
:101F0000C578010800000000A11E000800000000C4
:101F10002D5502082C360208BC220208A011002010
:101F200000000000F9B40108000000006B5702082F
:101F3000B436020800000000B0110020302F00204D
:101F400021CD000800000000335702085436020873
:101F500098220208A8110020002F002097B701083E
:101F600000000000415702086C360208982202085F
:101F7000AA1100200C2F002097B7010800000000D4
:101F80004F5702088436020898220208AC1100203C
:101F9000182F002097B70108000000005D570208C5
:101FA0009C36020898220208AE110020242F00203F
:101FB00097B70108000000009255020800000000D9
:101FC00078220208A4110020000000004DB601088C
:101FD0000000000076550208303602086C22020824
:101FE000A2110020E02E002039C9000800000000E6
:101FF000155602084036020880220208A611002069
:0C20000018110020C9CA000800000000F0
:10200C00000000002D740108000000002D74010870
:10201C00000000002D740108000000002D74010860
:10202C00000000002D740108000000002D74010850
:10203C00000000002D740108000000002D74010840
:10204C00000000002D740108000000002D74010830
:10205C00000000002D740108000000002D74010820
:10206C00000000002D740108000000002D74010810
:10207C00000000002D740108000000002D74010800
:10208C00000000002D740108000000002D740108F0
:10209C00000000002D740108000000002D740108E0
:1020AC00000000002D740108000000002D740108D0
:1020BC00000000002D740108000000002D740108C0
:1020CC00000000002D7401082C1F020801CF00082D
:1020DC002C1F020801CF0008000000002D7401081D
:1020EC00000000002D740108000000002D74010890
:1020FC00000000002D740108000000002D74010880
:10210C00000000002D740108000000002D7401086F
:10211C00000000002D740108000000002D7401085F
:10212C00000000002D740108000000002D7401084F
:10213C00000000002D740108000000002D7401083F
:10214C00000000002D740108000000002D7401082F
:10215C00000000002D740108000000002D7401081F
:10216C00000000002D740108000000002D7401080F
:10217C00000000002D740108000000002D740108FF
:10218C00000000002D740108000000002D740108EF
:10219C00000000002D740108000000002D740108DF
:1021AC00000000002D740108000000002D740108CF
:1021BC00000000002D740108000000002D740108BF
:1021CC00000000002D740108000000002D740108AF
:1021DC00000000002D740108000000002D7401089F
:1021EC00000000002D740108000000002D7401088F
:1021FC00000000002D740108000000002D7401087F
:10220C00000000002D740108000000002D7401086E
:10221C00000000002D740108000000002F2B0208A4
:10222C00000000002D740108000000002D7401084E
:10223C00000000002D740108000000002D7401083E
:10224C00000000002D740108000000002D7401082E
:08225C00000000002D740108D0
:0422640025F4000855
:04226800D52901086B
:10226C00A9C9000827B50108EFB5010817B6010880
:10227C000000000043B70108FDCA00086DCB000840
:10228C0031B7010835B7010825B70108CDB70108EA
:10229C006BB7010883B70108F9CB00080DCC000817
:1022AC0021CC000881CD00089DCC00080000000066
:1022BC0003B50108CDB4010800000000E1B4010829
:0C22CC00E9C8000800000000000000004D
:0822D80021080008310D000887
:1022E0000000000000000000FD74010845630008C4
:1022F0002E46020803000000C64302080300000047
:10230000CC5B0208040000008E55020803000000A8
:10231000A0460208030000002F5602080300000038
:10232000A350020803000000274602080300000033
:102330007957020803000000E24E02080300000083
:102340003C50020803000000705002080300000027
:10235000F458020803000000824302080300000052
:10236000E450020803000000EE50020803000000E1
:10237000D35102080300000044510208030000008A
:102380005151020803000000C5510208030000007B
:10239000FA5002080300000078540208030000000D
:1023A000974602080300000085550208030000005C
:1023B000855702080300000074440208030000006F
:1023C0004A5B020803000000DB5102080300000022
:1023D000014B1868704700BF700B00200A4B1B6F41
:1023E00003F00703013B032B03D8DFE803F00A03E4
:1023F0000608FEE7054B18687047054BFBE70548E4
:1024000070470548704700BF00800050700B0020E7
:10241000780B002080D54302002D310108B5FFF76D
:10242000DDFF054B1B6FC3F303330133B0FBF3F048
:10243000024B186008BD00BF008000506C0B0020EC
:102440000048704700B4C40400487047002D3101B3
:10245000014B1868704700BF780B00200048704798
:1024600080D543024FF400221B4B5A664FF0B44212
:102470009368C3F304430C2B0AD8DFE803F00B077F
:1024800009092709191B1D1F21232500134870471F
:1024900000207047936803F04073B3F1807F17D03A
:1024A000B3F1007F16D0002B0D4818BF00207047F5
:1024B0000C4870470C4870470C4870470C487047F0
:1024C0000C4870470C4870470C4870470C487047E0
:1024D0000C4870470C48704700900050404B4C002F
:1024E00000093D00405DC6000024F400C0EA21015F
:1024F000002D310180BA8C010048E801005A6202C7
:102500008096980080841E0040420F00014B18689E
:10251000704700BF740B0020034B5A68D20702D5E6
:10252000DA69002AF9D1704700800A5030B9044BAB
:102530005A68D20702D59A6D002AF9D1704700BFB8
:1025400000800A5008B9014B5964704700900A5046
:1025500008B9014B5964704700A00A5008B9014BF3
:102560001964704700A00A5010B9024B186C7047EC
:102570000020704700800A5010B5FFF7D7FF40B920
:1025800011B9054BD86C10BD0129FCD1024B186D57
:10259000F9E70020F7E700BF00800A5038B514467D
:1025A000FFF7C4FF10B911B9034BDC6438BD012932
:1025B00004BF014B1C65F9E700800A5008B5FFF71E
:1025C000ABFF014B986908BD00800A5007B5044B6A
:1025D00001A9187900F017FB019803B05DF804FB1E
:1025E000AC330208F8B5044600F07FFB0746FFF75E
:1025F00093FF154B9D6900F08DFA06460020FFF70A
:10260000B3FF830704D4731B032B01D8AE420FD151
:102610000021631B022B98BFEC1C0846B4F1FF3F5E
:102620002CBF2246621EFFF7B9FF022000F076FAA7
:10263000384600F055FB054B1A7822B10121044AB7
:10264000916400221A70F8BD00800A505C110020CD
:1026500000900A50830700F0010106D50123044AC7
:1026600041F002011370034A93640020FFF770BF2A
:102670005C11002000A00A50830742BF0222014BD8
:102680001A64704700900A5030B50E4A41611368D1
:1026900083B9106083600CE0491B41619D681C4652
:1026A0002B461DB15D698D42F6D92CB1A0608360C7
:1026B00023B930BD0024F5E7106083605A69521ACF
:1026C0005A61F6E7EC2000200D490B68A0B100220A
:1026D000A3B1834203D1836822B90B6003E01A4699
:1026E0009B68F5E7936083680BB9002070475A69CF
:1026F00041690A445A61F8E7222070470220704776
:10270000EC20002010B5FFF759FF0A4C0A4B19685E
:102710002368C31A09B9206010BD002BFBD04A6999
:102720009A423ABF9B1A0022D21A4A6128BF00235C
:102730008968EFE7E8200020EC20002038B5154D2F
:102740002B682BB35B69A3B1134A022014681C44A5
:1027500000F0E4F92046FFF745FF00230F492A68FF
:102760000B7022B1D08880070AD501230B7000209E
:1027700038BD022000F0D2F90220FFF77DFFECE720
:102780009268002AF3D050690344012BEAD9EEE79E
:102790002220EDE7EC200020E820002088330020F4
:1027A00070B50D469DF81410164601710499BDF8D8
:1027B0001820016000210446C0E903368160C28010
:1027C00006BBFFF7FBFE2844A0613DB9E3686561E5
:1027D00013B1204621689847C6B1354600F085FA06
:1027E0000646FFF78FFF29462046FFF74DFF084BAF
:1027F0001B689C4201D1FFF7A1FF3046BDE8704045
:1028000000F06EBAFFF7DAFE3044DDE770BD00BFBE
:10281000EC200020F8B50546D0B100F066FA064677
:10282000FFF770FF0B4B28461F68FFF74DFF04466C
:1028300020B1304600F054FA2046F8BDAF42F8D13E
:10284000FFF77CFF2228F4D10220FFF703FFF0E717
:102850002224F1E7EC20002038B50C460546A8B14B
:10286000A1B100230B7000F049FA0121084B1B684D
:1028700033B900F03EFA002038BDAB4204D12170DC
:102880002278002AF9D0F4E79B68F1E72220F3E7E9
:10289000EC200020014B1868704700BFF02000209A
:1028A000C2072DE9F843044607D5464A13680133A9
:1028B0001360FFF727FFFFF741FFA3077FD500F065
:1028C0001DFA4FF0000805464646FFF71BFF3E4F36
:1028D0003C680CB16369A3B100223C4B012E1A7015
:1028E00003D118F0020F18BF1E70FFF727FF222830
:1028F00002D10220FFF7AEFE2846BDE8F84300F003
:10290000F8B923465A693AB91A792179914288BFB0
:102910001C469B68002BF5D1284600F0EAF9256992
:10292000002D38D0FFF74AFEA269A0EB02084FEA5B
:10293000E873A84573F100032EDB23691344A361F8
:1029400001232269CAB1C3B9A38BB5EB080533B122
:10295000E28B13449BB2B3F57A7F28D2E38300F075
:10296000CDF9804629462046FFF78EFEA3692269ED
:1029700040461344A36100F0BCF9E36813B120465C
:1029800021689847B4F8068000F0B8F9013605468A
:10299000FFF7B8FE9CE7A84600F0B0F98146204654
:1029A000FFF792FE484600F0A4F90023C9E7A3F51B
:1029B0007A73E383A369013D013BA361CFE7BDE8DF
:1029C000F88300BFF4200020EC2000208733002093
:1029D000C0B1026812F4E07FC2F382130DD0012B64
:1029E00010D1094B59B103F58053012102F03F0288
:1029F00001FA02F200201A607047044BF2E703F577
:102A00000053F2E70E207047688000506480005049
:102A10000122437801789A4030235943014B5A50A0
:102A2000704700BF40D0035008B54FF0FF3200237D
:102A30000848ECF727FE002809DB4FF48062064BBC
:102A40009A66BFF34F8FBFF36F8F002008BD012040
:102A5000FCE700BF10210020009000504FF480627E
:102A600008B5034B9A660348ECF714FFC00F08BD86
:102A700000A000501021002038B5054600283CD0A9
:102A8000FFF7D2FF044640BB284600F080F995F8D6
:102A9000243043B94FF098435A6CD202FCD55C6D98
:102AA00004F4702420E04FF09842936D43F0020349
:102AB0009365E1F733FE38B94FF0FF324FF0FF3343
:102AC0000F48EDF7A7FAC40F4FF09842936D23F02B
:102AD000020393651CB1FFF7C1FF012038BD4FF41D
:102AE000A022084B1C681A60FFF7B8FF002CF5D035
:102AF0002046BDE8384000F007B92120EEE700BFCE
:102B0000F82000207C0B00204FF4004070474FF469
:102B10007A70704700210846FFF72EBD00F00101D2
:102B2000830748BF41F002010020FFF70BBD38B515
:102B300000F0E4F804460020FFF716FD830700F0DC
:102B4000010548BF45F0020500F003010020FFF732
:102B500005FD2846FFF7A4FE2046BDE8384000F0FA
:102B6000C8B82DE9FF410E46174698460546A0B164
:102B70000024C461FFF74EFEBDF82C3028460293B6
:102B80009DF828302246CDE9008331463B46FFF7C9
:102B900007FE204604B0BDE8F0812220FAE72DE9C7
:102BA000F0419846002386B00E46174605468DF83C
:102BB0001730C0B1C3610DF11701FFF74DFE9DF84D
:102BC000174094B9BDF83430284602939DF8303050
:102BD0002246CDE9008331463B46FFF7E1FD204622
:102BE00006B0BDE8F0812220FAE70320F8E738B507
:102BF00000F084F80546FFF7E1FC0446284600F0A3
:102C000078F8204638BD09B100F008B82220704796
:102C10000121FFF7DDBE0021FFF7DABE70B50646E1
:102C20000D4600F06BF80446202E56D8DFE806F07B
:102C3000111A551F222555282B552E55313455373D
:102C40003A3D554055435552555555465549554CB5
:102C50004F00FFF7C3FB00262860204600F049F82C
:102C6000304670BD4FF4C070E0F722FCF3E74FF43C
:102C70002070F9E74FF44070F6E74FF46070F3E727
:102C80004FF40070F0E74FF48060EDE74FF44060E0
:102C9000EAE74FF4C060E7E74FF4F060E4E74FF491
:102CA000B060E1E74FF4D060DEE74FF41060DBE79F
:102CB0004FF4E060D8E74FF4A060D5E74FF4286008
:102CC000D2E74FF48070CFE74FF42060CCE74FF4A9
:102CD0004860C9E74FF40860C6E700202126BBE73B
:102CE00010B962B6BFF36F8F7047EFF3108072B602
:102CF000704780F31188BFF36F8F7047EFF3118037
:102D0000302383F311887047B0F5802F24D010D87A
:102D1000B0F5003F22D006D828B3B0F5803F14BFED
:102D2000012048207047B0F5403F14BF01202C20FF
:102D30007047B0F5302F13D008D8B0F5E02F11D080
:102D4000B0F5202F14BF012010207047B0F57F0F81
:102D500014BF0120062070474B2070472A2070477F
:102D6000112070472120704708B528B12822002182
:102D7000FEF77EFE002008BD2120FCE7036A042B3D
:102D80009FBF00EB83020133D16003627047036A87
:102D900010B5052B15D84FF09842116CC902FCD51F
:102DA00004339B00136503684FF098441360436835
:102DB0001360034653F8081F11600022016A914214
:102DC00000D810BD53F8041F01322160F6E7836874
:102DD00082B013B9816002B0704783680193019B90
:102DE0005B68012B019B01D15960F4E75B68F5E753
:102DF00001260000040000000000000000010000A7
:102E0000000000000B0000000C00000003000000A8
:102E10000000202000000000020000003C3C3C00BC
:102E2000000000000000000000000000040004009A
:102E30002D002D0000112233445566778899AABBD6
:102E4000CCDDEEFF010310010109030000505341E6
:102E5000004B455900000000010000000000000088
:102E60000500000000000000190000000000000044
:102E70007D00000000000000710200000000000062
:102E8000350C000000000000093D000000000000BB
:102E90002D31010000000000E1F5050000000000F8
:102EA00065CD1D0000000000F90295000000000043
:102EB000DD0EE90200000000514A8D0E0000000006
:102EC0009573C24800000000E941CC6B010000008E
:102ED0008D49FD1A07000000C16FF2862300000033
:102EE000C52EBCA2B1000000D9E9AC2D78030000CA
:102EF0003D9160E45811000031D6E275BC560000E7
:102F0000F52E6E4DAEB10100C9EA26836778080040
:102F1000ED95C28F055A2A00A1EDCCCE1BC2D3007D
:102F200025A4000A8BCA2204000000000000000053
:102F30000000000000000010000000000000000081
:102F4000B9340332B7F4AD1410DB1AB30892540E3F
:102F50000D307D951447BA1A66088F4D26ADC66DA3
:102F6000F598BF85E2B74511CA96853D92BD1DEB28
:102F7000FCA11860DCEF52163C92AE220BB8C1B433
:102F8000839D2D5B0562DA1C304C7E8F4E8BB25BCD
:102F900016F4529F8B56A512FBD4827643ED8AF02D
:102FA0008FE7F9311565191850F19BD94A13EEB422
:102FB000284CF0A686C1251F035FC270CB9E491620
:102FC000E642889C44EB2014B0650836AD6EA585BA
:102FD00085F0CA14E2FD031A0B899979D5B13D0930
:102FE000D8DA973A35EBCF10AC363F5E73BB38CFAB
:102FF0003E6752FA44AFBA1501000000000000001D
:103000000000000000000020345065C05FC9A652D7
:10301000BB13CBAEC440C21806C8DF7100D5A87C74
:10302000F56F0FDA58FC27136E4756357D2420655F
:1030300002C7E768E48CA41DE9E60268D7CD3961D0
:103040007977FCC2405BEF16798CDE43FFA751F91C
:1030500091F3B278F5BDBE11E857E9D6E8BEE87B3A
:10306000B054AC8F848D751BEA23A499E9F9D38BF6
:10307000B7A3714061DA3E15CEE33ECB73F9480841
:103080008C97B427D51B7010A2BFEFB9EB85321512
:103090004DB44DB49BBB6F1996B6076CF8E7EEAD17
:1030A00036D9B4F59135AE13222218AF4E6A684D69
:1030B00091DAAA3D4F40741E9FBD9EE006A1C098C4
:1030C00057C2A7FDA40E90170E7D497173E3208FA0
:1030D000B220D87605143B12853D7434811343B079
:1030E000AD297A5F27F4351C0000000000000000C5
:1030F000E36001087B6201081D0B0008000000006E
:1031000000000000DB600108436201083908000884
:10311000D760010869090008B9080008AD0900086E
:10312000E56001080000000000000000DD6001080B
:1031300051620108D3600108D760010869090008DD
:10314000B9080008C10A0008336101080000000046
:1031500000000000DF6001085F62010837620108BB
:10316000D760010869090008B90800083D0A00088D
:10317000336101080000000000000000E160010868
:103180006D620108D3600108D76001086909000871
:10319000B9080008290A000833610108000000008E
:1031A000000000006964010807650108CF63010899
:1031B000F76301087B640108196401086D0D0008BC
:1031C0002D6501086564010865640108D90D0008D2
:1031D000BD0F00089D150008C9150008F915000865
:1031E000251600085516000885160008B5160008B3
:1031F000E51600081117000841170008DD12000845
:103200002B660108E5130008AD170008F117000848
:10321000D96701085D140008F5140008E567010886
:103220004D18000869180008851800089118000852
:103230009B660108B9660108D7660108ED660108BA
:10324000F5660108D9670108516801084968010855
:10325000A1170008D1670108FCFFFFFF0000000074
:10326000776401081565010879670108716701082D
:103270008967010881670108A1670108996701084A
:1032800091670108696701082366010883660108E0
:10329000A9670108B16701088B660108B5630108D9
:1032A000B9630108BD630108C1630108C96301086E
:1032B0005D0D0008F4FFFFFF0000000073640108CB
:1032C0001B650108C1670108B9670108C9670108E2
:1032D0009366010837670108DD670108D5670108B3
:1032E000F0FFFFFF000000006F6401082165010886
:1032F000F3670108EB67010803680108B16601087C
:10330000FB670108CF660108E5660108F166010860
:103310002F67010837680108ECFFFFFF000000007D
:103320006B640108276501085D6801084D680108A4
:1033300055680108000000000000000069680108ED
:103340006B680108451A0008C9190008616801087E
:103350006168010861680108616801086568010821
:1033600065680108151A0008E1190008020000004C
:10337000000000000000000000800C00F01F0208A8
:103380000100000000800C0000400000F01F020857
:10339000512A0008000000000000000000000000AA
:1033A0003F710108000000002371010800800A50ED
:1033B00013000000B83302081E00000016000000D1
:1033C00011000000A0BB0D00C07A1000001F408259
:1033D00040420F00C07A100020D613003A1F41A2CD
:1033E0000000000020D61300905817003A1F42A298
:1033F000000000009058170040771B003A9F43B62A
:103400000000000040771B0070CE2000001F4081AC
:1034100080841E0070CE200040AC27003A1F41A1DE
:103420000000000040AC2700108A2E003A1F42A185
:1034300000000000108A2E0080EE36003A9F43B54F
:103440000000000080EE3600E09C4100001F40803C
:1034500000093D00E09C410080584F003A1F41A008
:103460000000000080584F0020145D003A1F42A069
:103470000000000020145D00C0047700009F43B4EA
:10348000C0CF6A00C0047700408995003A9F44B4D9
:103490000000000040899500C00DB4003A9F45B47B
:1034A00000000000C00DB40000BADB00009F66B44D
:1034B000405DC60000BADB0080730601009F67B460
:1034C0000024F4008073060120992C01009F68A855
:1034D000C0EA210120992C01C0286B013A9F89B8CC
:1034E00000000000C0286B0160EDB501009F8AB8A4
:1034F00080BA8C0160EDB50180011302009FABB86A
:103500000048E8018001130280138D02009FCCA8BF
:1035100080D5430280138D02805A1303009FEDACC7
:10352000006CDC02805A130320289B03009FEEBC32
:10353000007E560320289B03C0C95304009FEFBCA4
:103540000090D003C0C9530400B4C404009FF0CC61
:1035500000B4C404C0080020C0010000060001003F
:10356000020000006835020800000008934F0208BE
:1035700002000000E0FF1708000000209B4F020837
:1035800021000000E0FF0320800B0020DD5B00082D
:1035900000000000B7740108C1740108C574010877
:1035A00000000000D55E00089F78010895770108AB
:1035B0007D77010825650008817701088577010876
:1035C000897701088D7701089778010891770108BC
:1035D0009B780108B5780108B97801085978010885
:1035E000B1780108BD780108C17801080000000029
:1035F0000000000000000000000000008C35020800
:103600000C3602088000000000000000700B012052
:103610008C350208203602088000000000000000FF
:10362000301501205DB101087DB101080080005016
:10363000101F020803000000030000000080085073
:103640000400000000FF0000C00000000020000097
:10365000000000003F000000030000002C1F0208D3
:10366000020000000000000000000000FF03000056
:10367000020000002C1F02080300000000000000F0
:10368000000000003F000000010000002C1F0208A5
:10369000020000000000000000000000FF03000026
:1036A000000000002C1F02080100000000000000C4
:1036B00000000000A7B70108101F02081A00000050
:1036C0000300000000000000000000008458020811
:1036D00092580208A6580208B5580208C1580208B4
:1036E000701E0208701E0208D81E0208E01E0208A2
:1036F000081F0208101F0208A35B02080001000057
:10370000881300002E5C020802000000315C0208F1
:103710000C0000008B5E02080A000000315C020809
:103720000C000000BA5C020801000000355C0208D1
:1037300013000000A85E02080B000000355C0208C0
:1037400013000000395C0208010000003B5C020825
:103750000C000000EC5E0208100000003B5C020858
:103760000C0000003F5C020801000000415C020800
:103770000C000000C25E020808000000415C020864
:103780000C000000455C020801000000475C0208D4
:1037900016000000515C020802000000545C0208A0
:1037A0000C000000105F020816000000545C0208C4
:1037B0000C000000585C0208020000005B5C02087C
:1037C0000C0000005F5C0208130000005B5C020854
:1037D0000C000000735C02080C000000475C02084B
:1037E00016000000455F02080C000000805C020823
:1037F00013000000665F02080D000000845C0208F0
:1038000013000000895F02080A000000885C0208BB
:1038100013000000306002080B0000008C5C0208FE
:10382000130000001E60020805000000905C020802
:103830000C000000A65F020807000000945C02086C
:103840000C000000985C020802000000945C020872
:103850000C000000BC5F0208090000009B5C02082D
:103860000C0000009F5C0208020000009B5C020844
:103870000C000000D75F020808000000A25C0208EC
:103880000C0000005F60020809000000A65C02084E
:103890000C000000EF5F020813000000AA5C0208A1
:1038A0000C000000906002080F000000AE5C0208EF
:1038B00016000000B95C020802000000AE5C0208BD
:1038C00016000000000000000000000000000000E2
:1038D00005000000BC5C020808000000C55C02088E
:1038E000D75C020808030000E95C02080800000039
:1038F000F25C0208045D02080903000000000000F9
:1039000000000000000000000000000000000000B7
:10391000703E020801000800503E02080100080045
:10392000303F020801000100303E0208010008009B
:10393000103E020801000800000000000100000025
:10394000F03D020801000800D03D02080100080017
:103950000000000001000000B03D02080100080066
:10396000903D020801000800000000000100000076
:10397000703D020801000800503D020801000800E7
:103980000000000001000000303D020801000800B6
:10399000103D0208010008000000000001000000C6
:1039A000F03C020801000800D03C020801000800B9
:1039B0000000000001000000B03C02080100080007
:1039C000903C020801000800000000000100000017
:1039D000703C020801000800503C02080100080089
:1039E0000000000001000000303C02080100080057
:1039F000103C020801000800000000000100000067
:103A0000F03B020801000800D03B0208010008005A
:103A10000000000001000000B03B020801000800A7
:103A2000903B0208010008000000000001000000B7
:103A3000703B020801000800503B0208010008002A
:103A40000000000001000000303B020801000800F7
:103A5000103B020801000800000000000100000007
:103A6000F03A020801000800D03A020801000800FC
:103A70000000000001000000B03A02080100080048
:103A8000903A020801000800000000000100000058
:103A9000393770EF1FA1F0DB6A105BCEC49B6F104B
:103AA000501111244F4C7961173A72BCFE72584381
:103AB0002765695B66A2752E9C16005AB030251AE0
:103AC00042FB864280C1C4765B1D838E94015F8277
:103AD00024C639165DA31E6DBA073726362AFE6046
:103AE00051BCF3D0DE50FC97802E0610154DFAF72E
:103AF00056B2AAFD8815DF524C35273144CDC06837
:103B000053F891A57194842A92CBD093E988DAE492
:103B100044918BD8D0D7E7E21FF948626FA8935D34
:103B2000EA3A9902D50B3DE31ED30031E60C9F44DF
:103B30001D4C64C755023FE3D80290BBC3EC304034
:103B40009F6F64F4166948A4FA449C950C7D675EE7
:103B5000F47FBA585A846F5FADA6367EDCF7E16712
:103B6000044DAAEE57763AD34E7E261822239FFFA5
:103B70008D45E64B3F4F1E1F47655E5922CC725F55
:103B8000F1931A271E34C55B63F2A5585C152EC647
:103B90007FE51C4F6024F72AEDD8E2917F89499296
:103BA00097A72E8D6AB339811389B59AB88D429C37
:103BB000DD3830DB702C0AA27C5C9DE9D5460B5FBA
:103BC000830B604B377DB9C95E24F33D797F6C1858
:103BD00061F99B3296415838F95A2AB8960EB24C80
:103BE000C1782CC708991924B75928E98454E616D6
:103BF000C9D23AE803C56D5DBE35D0AE1D7A9FCA05
:103C0000331ED2CBAC882755F0B99CE031DD9986C4
:103C1000A1CAA8B3BF29998ED1F205C1CF5D914841
:103C20009F0149DB82DF5F3AE10690ADE338A4C42F
:103C3000C8CFEF3F831A88E80B29B5B9E0C9A3AE16
:103C400088461E77CD7EB310B621D0D4A31608EED9
:103C5000289EB1F16E4CADB3B7E3C258C0FB3443FC
:103C6000259CDF350741BD19B66E10EC0EECBBD6B6
:103C7000F1B3BB5169A21193654F0F8DBD260FE8BB
:103C8000B9CBEC6B34C33D9DE45D1E10D544E254CA
:103C90005B9B830A814FADAC0FFF42416EA9A2A08E
:103CA0002FA14F1F8982AA3EF3B80F6B8F8CD66865
:103CB000995D165F7BBCBBCE61EE4E8AC151CC5084
:103CC0001F0D4D1B53231DB3DA2A38665284E1952C
:103CD000FC952973A1673E02E33054358E0ADD67F7
:103CE00003D7A197613BF80CF2333C58553423A31A
:103CF00083F6E8F887F7FC6D90BE7F3F7A2BD713E9
:103D0000CF32F22D946D42FDAD9AE35F42BB84ED5C
:103D1000D498E7FAA57D8B539135D200D11B9F1B18
:103D20003F69089A72F0A911B3FE0E14DA7C0ED323
:103D3000EECFB87EF792968D3D018C0D23F2E30510
:103D4000592EE384527A3476E5A1B01590E2533CC3
:103D5000F2D055DF000AF54A6ABF56812D20EBB537
:103D600011C12852ABE3D1402434794557A5120341
:103D70002A37B9C0AA59C68B3F58D9ED589965F76B
:103D8000887D268C4AF9059F9D739AC9E746DC0019
:103D9000F085F49E4CDC3989636DC457D8035D22ED
:103DA000707F2D526FC9DA4F9D64FAB4FEA4C4D758
:103DB000BF6A5D5235D7BFAE5AA2BE96F4F802C3B1
:103DC000A4204954EAB382DB2EDBEA02D1751C62DF
:103DD00096D5DAAD9249F09FF973439EAFA7D1F320
:103DE000674107DF78953EA1223DD1E63CA5E22060
:103DF0007D7DEF86FFE337DDDB868B08277CD7F6FA
:103E000091544C254F9AFE285EFDF06D370369D61C
:103E10004069F2400BA398CEAFA848020D1C126275
:103E20009BAF098380AA58A7C612BE709476E3E4BC
:103E300070C8BA04B74BD2F7ABC6233AA0093A59B7
:103E40001D9D4CF95823CCDF02ED7B29870FFA3CEE
:103E5000F551BF376840B6CBCE5E316B5733CE2BB2
:103E6000169E0F7C4AEBE78E9B7F1AFEE242E34FE1
:103E700096C298D84539A1F4A033EB2D817D037704
:103E8000F240A463E5E6BCF847422CE1F2D1176B9F
:103E9000512563FCC2CAB9F3849E17A7ADFAE6BCEC
:103EA000FFFFFFFFFFFFFFFF00000000FFFFFFFF1E
:103EB000F551BF376840B6CBCE5E316B5733CE2B52
:103EC000169E0F7C4AEBE78E9B7F1AFEE242E34F81
:103ED00096C298D84539A1F4A033EB2D817D0377A4
:103EE000F240A463E5E6BCF847422CE1F2D1176B3F
:103EF0004B60D2273E3CCE3BF6B053CCB0061D659E
:103F0000BC86987655BDEBB3E7933AAAD835C65A26
:103F1000FFFFFFFFFFFFFFFFFFFFFFFF00000000AD
:103F2000000000000000000001000000FFFFFFFF94
:103F30000100000006000000DE6002081BFF01080F
:103F400000000000A138010806000000DE60020841
:103F50000FFF01080D3A0108A9380108711A02087B
:103F6000F4600208080000000100000000000000EA
:103F70000000000000000000FD60020809000000D1
:103F800001000000076102080700000004000000B3
:103F90000F6102080500000005000000000000009D
:103FA0000000000000000000000000000000000011
:103FB00000000000000000000000000000000040C1
:103FC000955969595555545515555556040515417A
:103FD0001054554045515544404550445055554561
:103FE00000400040400444966555565545404554B0
:103FF0005141154055915555555540510501000009
:104000005445545445550504001004101404400050
:1040100000000140555515415404000044000100C2
:1040200000000040410000445044455054005555A4
:104030005455655100400040010000010005010099
:10404000115451515455550500154150000004407C
:104050001001040500000000000000007BFF79FF54
:1040600079FF79FF78FF7AFF76FF76FF6CFF6CFFB0
:104070006BFF6BFF5374617274696E67204D6174DE
:104080007465722050726F766973696F6E696E67BE
:10409000004661696C656420746F20696E6974699B
:1040A000616C697A652070726F766973696F6E6989
:1040B0006E67206D616E616765720025303458004F
:1040C00023304330342530325825303258253032B1
:1040D0005825303258004D617474657220446576FD
:1040E00069636500434E3D25732C20312E332E36F7
:1040F0002E312E342E312E33373234342E322E31AF
:104100003D25732C20312E332E362E312E342E3178
:104110002E33373234342E322E323D257300303078
:1041200030303030303000252E3473252E32732558
:104130002E327300496E76616C6964206D616E7514
:10414000666163747572696E6720646174653A2094
:1041500025730055314242533055795543424C5AEC
:10416000586B675532467364413D3D00755746773D
:10417000717567444E476945636B2F706F374B48C5
:1041800077774D7777715A674E313058757942613C
:104190006A504775797A5545562F69726565346C52
:1041A0004F72616F354775776E6C513635434A7A79
:1041B00062655542343973333145482B4E456B6740
:1041C000304A5649354D474351474D4D542F535270
:1041D00050464E524F446D3377482F4D42696568C3
:1041E00075466336464A2F4E4836526D7A773D3DC6
:1041F0000076616C7565203C3D206B4D61784469AB
:10420000736372696D696E61746F7256616C756506
:104210000044414320505341206B6579206964205C
:104220002575206D697373696E67007073615F73C4
:1042300069676E5F6D657373616765206661696C40
:1042400065643A2025640025633A20686561702022
:10425000636F7272757074696F6E2028667265651F
:10426000206C697374206C696E6B616765290A0044
:1042700025633A206865617020636F72727570748F
:10428000696F6E202866726565206368756E6B20A5
:104290006C696E6B616765290A0025633A20686561
:1042A000617020636F7272757074696F6E20286E12
:1042B0006F7420696E207573653F29206174202515
:1042C000700A0025633A206865617020636F72721E
:1042D000757074696F6E2028627566666572206FEE
:1042E000766572666C6F773F292061742025700AAD
:1042F0000025633A206865617020636F7272757083
:1043000074696F6E20286C656674206E65696768D5
:10431000626F723F292061742025700A0025633A7C
:10432000206865617020636F7272757074696F6E5A
:104330002028646F75626C6520667265653F292070
:1043400061742025700A00574553545F544F504400
:1043500049522F7A65706879722F6C69622F68658F
:1043600061702F686561702E63004153534552544C
:10437000494F4E204641494C20402025733A256440
:104380000A006F735F68656170002A2A2A20426FF5
:104390006F74696E67205A6570687972204F532078
:1043A0006275696C642076342E342E302D313430B1
:1043B00034362D67346637383538373130666136F4
:1043C000202A2A2A0A0063627072696E74665F701E
:1043D00061636B616765004661696C656420746F39
:1043E000207265626F6F743A207370696E6E696EC9
:1043F0006720656E646C6573736C792E2E2E0A00CF
:1044000025633A202A2A2A2A2A20534D552046413C
:10441000554C54202A2A2A2A2A0A0025633A204287
:104420007573204D616E61676572204661756C74AD
:104430000A0025633A20534D552E424D50554653A0
:104440003D25640A0025633A2050657269706865ED
:1044500072616C20416363657373204661756C748F
:104460000A0025633A20534D552E50505546533D72
:1044700025640A00736F6300574553545F544F50CF
:104480004449522F7A65706879722F696E636C7532
:1044900064652F7A65706879722F647269766572C7
:1044A000732F666C6173682E680025633A204E5640
:1044B00053206E6F7420696E697469616C697A65E6
:1044C000640A0025633A20436F756C64206E6F7434
:1044D000206F627461696E20666C61736820706120
:1044E00072616D65746572730A0025633A20556EBA
:1044F000737570706F72746564207772697465206B
:10450000626C6F636B2073697A650A0025633A20D9
:10451000536563746F722073697A65202575207402
:104520006F6F206C617267652C206D6178696D75A5
:104530006D20697320257A750A0025633A20556E2F
:1045400061626C6520746F206765742070616765B7
:1045500020696E666F0A0025633A20496E76616CA9
:10456000696420736563746F722073697A650A00E9
:1045700025633A20436F6E66696775726174696F6F
:104580006E206572726F72202D20736563746F7276
:1045900020636F756E740A0025633A2025642053EA
:1045A0006563746F7273206F66202564206279746E
:1045B00065730A0025633A20616C6C6F6320777223
:1045C000613A2025642C2025780A0025633A20646E
:1045D000617461207772613A2025642C2025780A65
:1045E0000025633A204E6F20474320446F6E6520BC
:1045F0006D61726B657220666F756E643A207265CC
:104600007374617274696E672067630A0025633A88
:1046100020474320446F6E65206D61726B65722088
:10462000666F756E640A0066735F6E76730053542E
:104630005245414D5F464C41534800574553545FE6
:10464000544F504449522F7A65706879722F7375B0
:10465000627379732F73657474696E67732F7372E5
:10466000632F73657474696E67732E630025633AF4
:10467000207365742D76616C7565206661696C7553
:1046800072652E206B65793A202573206572726FF2
:1046900072282564290A0073657474696E67730053
:1046A000666C61736800574553545F544F504449DA
:1046B000522F7A65706879722F696E636C756465C4
:1046C0002F7A65706879722F6B65726E656C2E68D3
:1046D0000025633A2072302F61313A20203078254E
:1046E000303878202072312F61323A2020307825FE
:1046F000303878202072322F61333A2020307825EC
:104700003038780A0025633A2072332F61343A201A
:1047100020307825303878207231322F69703A2075
:1047200020307825303878207231342F6C723A205E
:10473000203078253038780A0025633A20207870B8
:1047400073723A20203078253038780A0025633A91
:10475000204E6F204558435F52455455524E2061BC
:104760007661696C61626C653B20617373756D691C
:104770006E6720657874656E6465642046502073AA
:104780007461636B206672616D650A0025633A206F
:10479000735B2532645D3A202030782530387820EC
:1047A00020735B2532645D3A2020307825303878DC
:1047B0002020735B2532645D3A2020307825303824
:1047C000782020735B2532645D3A202030782530D4
:1047D00038780A0025633A2066707363723A2020A5
:1047E0003078253038780A0025633A204661756CA8
:1047F00074696E6720696E737472756374696F6E25
:10480000206164647265737320287231352F706380
:10481000293A203078253038780A0025633A205527
:104820006E68616E646C6564204952516E3A202551
:10483000640A0025633A202A2A2A2A2A205345435B
:10484000555245204641554C54202A2A2A2A2A0AE4
:104850000025633A2020204E6F6E2D5365637572DC
:1048600065206661756C7420657363616C61746545
:104870006420746F205365637572654661756C744E
:104880000A0025633A2020205265706F7274696EA9
:1048900067207265636F7665726564204E6F6E2D5A
:1048A00053656375726520657863657074696F6EB2
:1048B000206672616D650A0025633A2020204368F6
:1048C00065636B204E6F6E2D536563757265206650
:1048D00061756C7420766563746F722F68616E64A5
:1048E0006C65722073657475700A0025633A202028
:1048F000204D697373696E67206F722064697361FC
:10490000626C65642068616E646C65722063616EC0
:1049100020636175736520746869732065736361D2
:104920006C6174696F6E0A0025633A20202041642F
:1049300064726573733A20307825780A0025633AEB
:10494000202020496E76616C696420656E747279EE
:1049500020706F696E740A0025633A202020496E2A
:1049600076616C696420696E746567726974792018
:104970007369676E61747572650A0025633A202059
:1049800020496E76616C696420657863657074692E
:104990006F6E2072657475726E0A0025633A20206E
:1049A000204174747269627574696F6E20756E69E6
:1049B000742076696F6C6174696F6E0A0025633AC2
:1049C000202020496E76616C6964207472616E7378
:1049D0006974696F6E0A0025633A2020204C617A61
:1049E0007920737461746520707265736572766185
:1049F00074696F6E0A0025633A2020204C617A7931
:104A0000207374617465206572726F720A00256389
:104A10003A202A2A2A2A2A2055534147452046412E
:104A2000554C54202A2A2A2A2A0A0025633A202093
:104A3000204469766973696F6E206279207A6572A5
:104A40006F0A0025633A202020556E616C69676EFD
:104A50006564206D656D6F72792061636365737342
:104A60000A0025633A202020537461636B206F761F
:104A70006572666C6F772028636F6E74657874203A
:104A800061726561206E6F742076616C6964290AB9
:104A90000025633A2020204E6F20636F70726F6391
:104AA0006573736F7220696E737472756374696F66
:104AB0006E730A0025633A202020496C6C6567619B
:104AC0006C206C6F6164206F66204558435F5245CF
:104AD0005455524E20696E746F2050430A0025636E
:104AE0003A202020496C6C6567616C2075736520E5
:104AF0006F662074686520455053520A0025633A5A
:104B0000202020417474656D707420746F20657866
:104B1000656375746520756E646566696E6564208D
:104B2000696E737472756374696F6E0A0025633AF7
:104B3000202A2A2A2A2A20425553204641554C54DD
:104B4000202A2A2A2A2A0A0025633A202020537480
:104B500061636B696E67206572726F720A0025630C
:104B60003A202020556E737461636B696E6720650F
:104B700072726F720A0025633A20202050726563BA
:104B80006973652064617461206275732065727257
:104B90006F720A0025633A2020204246415220418C
:104BA0006464726573733A20307825780A0025634F
:104BB0003A202020496D70726563697365206461D5
:104BC000746120627573206572726F720A002563CA
:104BD0003A202020496E737472756374696F6E2079
:104BE000627573206572726F720A0025633A202025
:104BF00020466C6F6174696E672D706F696E7420EA
:104C00006C617A7920737461746520707265736564
:104C100072766174696F6E206572726F720A002518
:104C2000633A202A2A2A2A2A204D505520464155E7
:104C30004C54202A2A2A2A2A0A0025633A202020B6
:104C4000537461636B696E67206572726F7220289E
:104C5000636F6E746578742061726561206D696739
:104C60006874206265206E6F742076616C696429B7
:104C70000A0025633A202020446174612041636367
:104C80006573732056696F6C6174696F6E0A0025D5
:104C9000633A2020204D4D464152204164647265A4
:104CA00073733A20307825780A0025633A20202053
:104CB000496E737472756374696F6E2041636365C6
:104CC00073732056696F6C6174696F6E0A00574583
:104CD00053545F544F504449522F7A65706879722B
:104CE0002F617263682F61726D2F636F72652F631E
:104CF0006F727465785F6D2F6661756C742E6300DA
:104D00005265736572766564204578636570746971
:104D10006F6E20280053707572696F757320696E0D
:104D20007465727275707420284952512000256391
:104D30003A2020205320696E737472756374696F12
:104D40006E20616464726573733A20203078257830
:104D50000A0025633A2020204D697373696E67202D
:104D6000536563757265206164646974696F6E610F
:104D70006C20636F6E7465787420696E74656772F9
:104D8000697479207369676E61747572650A0025AC
:104D9000633A2045534620636F756C64206E6F74D0
:104DA000206265207265747269657665642073752A
:104DB000636365737366756C6C792E205368616CE0
:104DC0006C206E65766572206F636375722E0A00C3
:104DD00025633A202A2A2A2A2A204841524420467A
:104DE00041554C54202A2A2A2A2A0A0025633A20AF
:104DF0002020427573206661756C74206F6E20767A
:104E00006563746F72207461626C652072656164A1
:104E10000A0025633A202020446562756720657684
:104E2000656E740A0025633A2020204661756C7413
:104E300020657363616C6174696F6E2028736565AA
:104E40002062656C6F77290A0025633A204152433E
:104E5000485F45584345505420776974682072650F
:104E600061736F6E2025780A0A0025633A202A2A8A
:104E70002A2A2A204465627567206D6F6E69746FF7
:104E80007220657863657074696F6E202A2A2A2AF9
:104E90002A0A0025633A202A2A2A2A2A2025732052
:104EA000256429202A2A2A2A2A0A00574553545FB2
:104EB000544F504449522F7A65706879722F61724D
:104EC00063682F61726D2F636F72652F636F7274E9
:104ED00065785F6D2F6972715F6D616E6167652EB8
:104EE00063006D70750025633A204661696C6564E6
:104EF00020746F20616C6C6F63617465206E6577E0
:104F0000204D505520726567696F6E2025750A0A1D
:104F10000025633A20506172746974696F6E2025B0
:104F2000753A20636F686572656E636520636865B6
:104F3000636B206661696C65642E0A0025633A2004
:104F4000496E76616C696420756E6465726C79690E
:104F50006E6720726567696F6E20696E6465782080
:104F600025750A00574553545F544F504449522FFA
:104F70007A65706879722F617263682F61726D2F24
:104F8000636F72652F6D70752F61726D5F6D7075D7
:104F90002E6300464C4153485F30005352414D5FF1
:104FA0003000657869740061626F727428290A00A4
:104FB000574553545F544F504449522F7A65706897
:104FC00079722F6C69622F6C6962632F636F6D6DEC
:104FD0006F6E2F736F757263652F7374646C696283
:104FE0002F6D616C6C6F632E6300574553545F5493
:104FF0004F504449522F7A65706879722F6C6962FC
:105000002F6E65745F6275662F6275662E6300573A
:105010004553545F544F504449522F7A6570687914
:10502000722F696E636C7564652F7A65706879722A
:105030002F7370696E6C6F636B2E68006E65745FA2
:1050400062756600574553545F544F504449522F80
:105050007A65706879722F6C69622F6E65745F6211
:1050600075662F6275665F73696D706C652E63007F
:105070006E65745F6275665F73696D706C6500253F
:10508000633A204661696C656420746F20676574BB
:10509000206465766963652049442E2028257A645A
:1050A000290A00667300574553545F544F504449D2
:1050B000522F7A65706879722F7375627379732FC6
:1050C000706F72746162696C6974792F706F736943
:1050D000782F6F7074696F6E732F62617272696579
:1050E000722E6300706F7369785F656E7600706F03
:1050F0007369785F74696D65720070746872656158
:10510000645F72776C6F636B00574553545F544F05
:10511000504449522F7A65706879722F73756273A3
:1051200079732F706F72746162696C6974792F7012
:105130006F7369782F6F7074696F6E732F636F6E02
:10514000642E6300707468726561645F636F6E647F
:1051500000707468726561645F6B657900574553D0
:10516000545F544F504449522F7A65706879722FBA
:105170007375627379732F706F72746162696C6991
:1051800074792F706F7369782F6F7074696F6E7395
:105190002F6D757465782E6300574553545F544FD7
:1051A000504449522F7A65706879722F696E636C2A
:1051B0007564652F7A65706879722F7379732F73B0
:1051C000656D2E6800707468726561645F6D7574DA
:1051D00065780070746872656164007873695F73E4
:1051E000696E676C655F70726F63657373005745B6
:1051F00053545F544F504449522F7A657068797206
:105200002F696E636C7564652F7A65706879722F8B
:10521000647269766572732F656E74726F70792E21
:1052200068007A657068797200574553545F544F2F
:10523000504449522F7A65706879722F696E636C99
:105240007564652F7A65706879722F6E65742F6E3C
:1052500065745F636F6E746578742E68005745538C
:10526000545F544F504449522F7A65706879722FB9
:105270007375627379732F6E65742F6C69622F7307
:105280006F636B6574732F736F636B6574735F69A2
:105290006E65742E6300574553545F544F50444914
:1052A000522F7A65706879722F696E636C756465C8
:1052B0002F7A65706879722F6E65742F6E65745FD2
:1052C00069662E6800574553545F544F5044495205
:1052D0002F7A65706879722F7375627379732F6E88
:1052E00065742F69702F6E65745F636F72652E63CE
:1052F00000574553545F544F504449522F7A6570BC
:105300006879722F7375627379732F6E65742F6964
:10531000702F6E65745F69662E63006E6574256418
:10532000004E45545F4F4B004E45545F434F4E5423
:10533000494E5545004E45545F44524F50003C7510
:105340006E6B6E6F776E3E00574553545F544F50EF
:105350004449522F7A65706879722F737562737938
:10536000732F6E65742F69702F6E65745F636F6E37
:10537000746578742E6300574553545F544F5044FE
:1053800049522F7A65706879722F737562737973D9
:105390002F6E65742F69702F6E65745F706B742E3D
:1053A0006300574553545F544F504449522F7A6518
:1053B000706879722F7375627379732F6E65742FAD
:1053C00069702F6E62722E6300574553545F544FBD
:1053D000504449522F7A65706879722F73756273E1
:1053E00079732F6E65742F69702F697076365F6ED2
:1053F00062722E6300574553545F544F50444952D4
:105400002F7A65706879722F7375627379732F6E56
:1054100065742F69702F697076365F6D6C642E63CA
:1054200000574553545F544F504449522F7A65708A
:105430006879722F7375627379732F6E65742F6933
:10544000702F726F7574652E6300574553545F5407
:105450004F504449522F7A65706879722F73756284
:105460007379732F6E65742F69702F726F75746501
:105470005F697076362E63007365637572655F735E
:10548000746F726167650025633A204661696C65D7
:105490006420746F2025732064617461202573205B
:1054A00073746F726167652E20282564290A00666F
:1054B000726F6D00726574726965766500666F72F1
:1054C000007472616E73666F726D00746F00777234
:1054D0006974650072656D6F7665006974732F2558
:1054E000782F256C7800574553545F544F504449EA
:1054F000522F7A65706879722F647269766572735B
:105500002F636C6F636B5F636F6E74726F6C2F636E
:105510006C6F636B5F636F6E74726F6C5F73696CDB
:105520006162735F7365726965732E6300636C6F8C
:10553000636B40353030303830303000574553548D
:105540005F544F504449522F7A65706879722F69C1
:105550006E636C7564652F7A65706879722F6472FA
:1055600069766572732F636C6F636B5F636F6E74C4
:10557000726F6C2E6800677063726340353030382C
:10558000383030300073696C6162735F67706372CA
:10559000630073656D61696C626F784035633030AC
:1055A000303030300025633A2044657669636520E9
:1055B000257320696E697469616C697A65640A0093
:1055C00025633A206F6666736574203078256C78A1
:1055D0003A206E6F74206F6E2061207061676520C5
:1055E000626F756E646172790A0025633A2073698F
:1055F0007A6520257A753A206E6F74206D756C740B
:1056000069706C65206F662061207061676520732A
:10561000697A650A00666C6173682D636F6E7472D7
:105620006F6C6C657240353030333030303000662E
:105630006C6173685F73696C6162730057455354A2
:105640005F544F504449522F7A65706879722F69C0
:105650006E636C7564652F7A65706879722F6472F9
:1056600069766572732F6770696F2F6770696F5FF6
:105670007574696C732E680025633A204C657665F5
:105680006C20696E74657272757074206E6F742010
:10569000737570706F72746564206F6E2070696EC0
:1056A0002025750A0025633A2050696E2025752053
:1056B0006973206E6F7420454D342077616B65757A
:1056C000702063617061626C650A0025633A204551
:1056D0004D342077616B65757020696E74657272E8
:1056E000757074206F6E2070696E2025752063615F
:1056F0006E206F6E6C792074726967676572206FB7
:105700006E206F6E6520656467650A0025633A2028
:105710004E6F20617661696C61626C6520696E74A0
:1057200065727275707420666F722070696E2025C4
:10573000750A006770696F4035303033633063300D
:10574000006770696F40353030336330393000673F
:1057500070696F40353030336330363000677069C0
:105760006F403530303363303330006770696F40DD
:105770003530303363303030006770696F5F736984
:105780006C6162730073696C6162735F736C6565F1
:105790007074696D65725F74696D657200546572CD
:1057A0006D696E616C00574553545F544F504449C6
:1057B000522F7A65706879722F6B65726E656C2FE7
:1057C0006465766963652E630025633A2048616CE1
:1057D00074696E672073797374656D0A00556E6B1A
:1057E0006E6F776E206572726F7200756E6B6E6F82
:1057F000776E0025633A203E3E3E205A4550485978
:105800005220464154414C204552524F522025646B
:105810003A202573206F6E204350552025640A00DE
:1058200025633A204661756C7420647572696E67F1
:1058300020696E746572727570742068616E646C34
:10584000696E670A0025633A2043757272656E744B
:10585000207468726561643A2025702028257329B8
:105860000A00574553545F544F504449522F7A65AC
:10587000706879722F6B65726E656C2F66617461EA
:105880006C2E630043505520657863657074696FB2
:105890006E00556E68616E646C656420696E746537
:1058A000727275707400537461636B206F766572E9
:1058B000666C6F77004B65726E656C206F6F7073EE
:1058C000004B65726E656C2070616E6963005745B0
:1058D00053545F544F504449522F7A65706879721F
:1058E0002F6B65726E656C2F696E69742E63006D27
:1058F00061696E006F7300574553545F544F5044B5
:1059000049522F7A65706879722F6B65726E656C7B
:105910002F6B686561702E6300574553545F544F79
:10592000504449522F7A65706879722F6B65726E98
:10593000656C2F6D656D5F736C61622E63005745FA
:1059400053545F544F504449522F7A6570687972AE
:105950002F6B65726E656C2F696E636C7564652F55
:105960006B73636865642E6800574553545F544FEA
:10597000504449522F7A65706879722F6B65726E48
:10598000656C2F69646C652E6300574553545F54F2
:105990004F504449522F7A65706879722F6B657247
:1059A0006E656C2F6D757465782E63005745535482
:1059B0005F544F504449522F7A65706879722F6B4B
:1059C00065726E656C2F73656D2E63005745535479
:1059D0005F544F504449522F7A65706879722F6B2B
:1059E00065726E656C2F776F726B2E63005745532F
:1059F000545F544F504449522F7A65706879722F22
:105A00006B65726E656C2F7468726561642E6300DD
:105A1000574553545F544F504449522F7A6570682C
:105A200079722F6B65726E656C2F696E636C75642D
:105A3000652F72756E5F712E6800574553545F5421
:105A40004F504449522F7A65706879722F6B657296
:105A50006E656C2F696E636C7564652F6B7468720C
:105A60006561642E6800574553545F544F50444954
:105A7000522F7A65706879722F6B65726E656C2F24
:105A800073636865642E6300574553545F544F50E9
:105A90004449522F7A65706879722F6B65726E6512
:105AA0006C2F736C6565702E6300574553545F54BB
:105AB0004F504449522F7A65706879722F6B657226
:105AC0006E656C2F7363686564756C65722E630018
:105AD000574553545F544F504449522F7A6570686C
:105AE00079722F6B65726E656C2F74696D65736C5E
:105AF0006963696E672E6300574553545F544F5076
:105B00004449522F7A65706879722F6B65726E65A1
:105B10006C2F7370696E6C6F636B5F76616C696418
:105B20006174652E6300574553545F544F50444988
:105B3000522F7A65706879722F6B65726E656C2F63
:105B400074696D656F75742E63007379735F636C30
:105B50006F636B5F68775F6379636C65730057454C
:105B600053545F544F504449522F7A65706879728C
:105B70002F6B65726E656C2F706F6C6C2E630057A7
:105B80004553545F544F504449522F7A6570687999
:105B9000722F6B65726E656C2F6D656D706F6F6CBB
:105BA0002E6300737973776F726B710025733A25DA
:105BB000642066616C73653A202578005B25735D0F
:105BC0000025633A2025752025730A0063686970F3
:105BD000002A864886F70D01090E002D2D2D2D2D4A
:105BE000454E44204345525449464943415445207B
:105BF000524551554553542D2D2D2D2D0A002D2D37
:105C00002D2D2D424547494E204345525449464982
:105C10004341544520524551554553542D2D2D2D6A
:105C20002D0A00202C3D2B3C3E233B225C00434EA2
:105C30000055040300550406004F0055040A004CAB
:105C4000005504070052002A864886F70D01090115
:105C5000004F550055040B005354005504080073C1
:105C6000746174654F7250726F76696E63654E61D0
:105C70006D6500656D61696C416464726573730084
:105C800055040500550410005504110055042E005C
:105C900055040C0055040400534E0055042A0047D7
:105CA0004E0055042B005504410055042C00099268
:105CB000268993F22C640119004443002A8648CEB9
:105CC0003D0403010065636473612D776974682D79
:105CD000534841323234004543445341207769747C
:105CE0006820534841323234002A8648CE3D0403AE
:105CF000020065636473612D776974682D534841B0
:105D00003235360045434453412077697468205347
:105D1000484132353600551D130069642D63652DE9
:105D20006261736963436F6E73747261696E7473D9
:105D300000426173696320436F6E73747261696EB0
:105D4000747300551D0F0069642D63652D6B6579B3
:105D5000557361676500551D250069642D63652DC8
:105D60006578744B6579557361676500457874652E
:105D70006E646564204B65792055736167650055D5
:105D80001D110069642D63652D7375626A65637406
:105D9000416C744E616D65005375626A6563742071
:105DA000416C74204E616D65006086480186F84242
:105DB00001010069642D6E657473636170652D6304
:105DC00065727474797065004E6574736361706593
:105DD00020436572746966696361746520547970E3
:105DE0006500551D200069642D63652D636572741F
:105DF00069666963617465506F6C69636965730096
:105E0000436572746966696361746520506F6C697B
:105E10006369657300551D0E0069642D63652D73FC
:105E200075626A6563744B65794964656E74696609
:105E3000696572005375626A656374204B657920E9
:105E40004964656E74696669657200551D23006951
:105E5000642D63652D617574686F726974794B6523
:105E6000794964656E746966696572004175746824
:105E70006F72697479204B6579204964656E746925
:105E8000666965720069642D61742D636F6D6D6F55
:105E90006E4E616D6500436F6D6D6F6E204E616D6E
:105EA000650069642D61742D636F756E7472794E2F
:105EB000616D6500436F756E7472790069642D6160
:105EC000742D6C6F63616C697479004C6F63616CE5
:105ED0006974790069642D61742D7374617465004F
:105EE00053746174650069642D61742D6F7267610C
:105EF0006E697A6174696F6E4E616D65004F72678D
:105F0000616E697A6174696F6E0069642D61742DC8
:105F10006F7267616E697A6174696F6E616C556EDC
:105F200069744E616D65004F726720556E6974002B
:105F3000452D6D61696C20616464726573730069DD
:105F4000642D61742D73657269616C4E756D626547
:105F5000720053657269616C206E756D62657200C6
:105F600069642D61742D706F7374616C4164647227
:105F700065737300506F7374616C20616464726543
:105F800073730069642D61742D706F7374616C4359
:105F90006F646500506F7374616C20636F6465009B
:105FA00069642D61742D7375724E616D6500537552
:105FB000726E616D650069642D61742D6769766527
:105FC0006E4E616D6500476976656E206E616D6528
:105FD0000069642D61742D696E697469616C730068
:105FE000496E697469616C730069642D61742D6711
:105FF000656E65726174696F6E5175616C69666911
:1060000065720047656E65726174696F6E207175A7
:10601000616C69666965720069642D61742D7469CB
:10602000746C65005469746C650069642D61742D2D
:10603000646E5175616C6966696572004469737458
:10604000696E67756973686564204E616D6520715E
:1060500075616C69666965720069642D61742D7083
:10606000736575646F6E796D0050736575646F6EDE
:10607000796D000992268993F22C6401010069640C
:106080002D75696400557365722049640069642D3B
:10609000646F6D61696E436F6D706F6E656E7400D5
:1060A000446F6D61696E20636F6D706F6E656E74A5
:1060B0000055042D0069642D61742D756E6971752C
:1060C000654964656E74696669657200556E6971CB
:1060D0007565204964656E746966696572004F7004
:1060E000617175650045434453410045435F444831
:1060F000004543002A8648CE3D030107002A864812
:1061000086F70D010101002A8648CE3D0201002BD1
:106110008104010C00696E66006E616E00286E7568
:106120006C6C29000102046D742D736C2D66637410
:106130002F70726F766973696F6E2D766572006D60
:10614000742D736C2D6663742F70726F766973692A
:106150006F6E2D726571006D742D736C2D66637496
:106160002F73657475702D7061796C6F6164006D4B
:10617000742D736C2D6663742F686172647761721D
:10618000652D7665722D737472006D742D736C2D90
:106190006663742F706172742D6E756D6265720026
:1061A0006D742D736C2D6663742F70726F647563DC
:1061B000742D75726C006D742D736C2D6663742F65
:1061C00070726F647563742D6C6162656C006D74C0
:1061D0002D736C2D6663742F70726F647563742DEC
:1061E0006E616D65006D742D736C2D6663742F7612
:1061F000656E646F722D6E616D65006D742D736CCC
:106200002D6663742F70726F647563742D696400FA
:106210006D742D736C2D6663742F76656E646F726A
:106220002D69640000070E091C1B1215383F36311A
:1062300024232A2D0000000000000000141C203040
:1062400040141C203040FFFFFFFF00000000FFFF54
:10625000FFFFFFFFFFFFBCE6FAADA7179E84F3B96F
:10626000CAC2FC63255100000000000054545220B3
:1062700052454747455300002D000000494E00009D
:10628000424C45004D4C0000534D0000454D000070
:10629000544C560041534E004352000043544C00AE
:1062A000414C00005343000042445800444D470015
:1062B0004443000044440000454348004650000069
:1062C0004E500000534400005350000053575500F7
:1062D00046530000545300004842000043534C0012
:1062E00045564C0053505400544F4F005A434C00F5
:1062F00053480000444C000053504C005356520089
:1063000044495300494D0000545354004F53530027
:1063100041544D0043534D0049434400465300004F
:106320005041460043414D004A4600006D742F63C2
:1063300066672F756E697175652D6964006D742DC2
:106340006663742F636572742D6465636C6172613A
:1063500074696F6E006D742D6663742F7665726953
:1063600066696572006D742D6663742F73616C7459
:10637000006D742D6663742F697465726174696F42
:106380006E2D636F756E74006D742D6663742F646B
:1063900069736372696D696E61746F72006D742DDB
:1063A0006663742F6D66672D64617465006D742D6E
:1063B0006663742F68617264776172652D766572A9
:1063C000006D742D6663742F6465766963652D6353
:1063D000612D6365727473006D742D6663742F6430
:1063E00065766963652D63657274006D742D6663EF
:1063F000742F73657269616C2D6E756D00092008CC
:106400001C10141400001C2030401C2000001C2014
:046410003040000018
:106414000000000000000000000000000000000078
:106424000000000000000000F0B5114A114C124EAB
:1064340000F00105E3695F0713D40DB9334213D1AA
:1064440003EA00078F4207D10B4A1A40002A14BFFF
:106454006FF001000020F0BD013AEBD16FF00200B3
:10646400F9E74FF0FF30F6E76FF00100F3E700BF04
:1064740080969800000003500200010070B50B4B99
:10648400D96911F480310DD101244FF48072084E82
:10649400084DF46020462C641A61FFF7C5FF34648C
:1064A400EC6070BD6FF00100FBE700BF000003501B
:1064B40000100350002003504FF4803238B50E4BC7
:1064C4000E4C9A66E56941F6713315400122E36387
:1064D4000B4B0021DA600223606121202361FFF766
:1064E400A3FF10B92120FFF79FFF0122054BDA60BB
:1064F4000DB10023E36338BD009000500000035049
:10650400001003500020035070B5134C6061E36920
:106514005B071ED40E4656F8043B8D18A361AE42A9
:106524000BD10423002121202361FFF77DFF58B9FB
:10653400BDE870402120FFF777BF08210846FFF728
:1065440073FF10B10423236170BD56F8043BA361AB
:10655400E5E74FF0FF30F7E7000003502DE9F8437B
:1065640016464FF48032184B89469A6603F51C335D
:10657400DA69074602F4803841F67132DA6301229F
:1065840003F58053114DDA6066B930460122104B91
:10659400DA60B8F1000F03D00022A3F50053DA63E8
:1065A400BDE8F88307F500542C40E41BB44228BF2F
:1065B4003446494622463846FFF7A6FF0028E5D16F
:1065C4002744A144361BDFE70090005000E0FFFFA2
:1065D4000020035000000000000000000000000044
:0865E4000000000000000000AF
:1065EC0000000000EDBD00080000000000010000EC
:1065FC00000000000000000000000000000000008F
:10660C00000000000000000000000000000000007E
:10661C0000000000E5BE00080000000000010000C2
:10662C00000000000000000000000000000000005E
:10663C00000000000000000000000000000000004E
:10664C00A43102086032020800000000BC320208CB
:10665C00E8320208203302080000000000000000AD
:10666C00000000000000000000000000000000001E
:10667C00000200000000000000000000000000000C
:10668C0000000000000000000000000000000000FE
:10669C0000000000000000000000000000000000EE
:1066AC0000000000000000000000000000000000DE
:1066BC00000000003C33020800000000F03002082B
:1066CC0001000000EF69010870330208C0EA2101E3
:1066DC00C0EA210100800000C01753020000050031
:1066EC0000000000AD740108000000000000000074
:1066FC00900B0020900B0020000000000000000018
:10670C0000000000000000009835020801000000A5
:10671C00B00B0020B00B00200000000000000000B7
:10672C0000000000C40B0020C40B0020000000007F
:10673C000000000000000000983502080100000075
:10674C00E00B0020E00B0020000000000000000027
:10675C0000000000F40B0020F40B002000000000EF
:10676C000000000000000000983502080100000045
:10677C00100C0020100C0020000000000000000095
:10678C0000000000240C0020240C0020000000005D
:10679C0000000000000000000000000000000000ED
:1067AC0000000000000000000000000000000000DD
:1067BC0000000000000000000000000000000000CD
:1067CC0000000000000000000000000000000000BD
:1067DC0000000000000000000000000000000000AD
:1067EC00000000000000000000000000000000009D
:1067FC00000000000000000000000000000000008D
:10680C00000000000000000000000000000000007C
:10681C00000000000000000000000000000000006C
:10682C00000000000000000000000000000000005C
:10683C00000000000000000000000000000000004C
:10684C00000000000000000000000000000000003C
:10685C00000000000000000000000000000000002C
:10686C00000000000000000000000000000000001C
:10687C00000000000000000000000000000000000C
:10688C0000000000000000000000000000000000FC
:10689C0000000000000000000000000000000000EC
:1068AC0000000000000000000000000000000000DC
:1068BC0000000000000000000000000000000000CC
:1068CC0000000000000000000000000000000000BC
:1068DC0000000000000000000000000000000000AC
:1068EC00000000000000000000000000000000009C
:1068FC00000000000000000000000000000000008C
:10690C00000000000000000000000000000000007B
:10691C0000000000B40D0020B40D0020BC0D0020C0
:10692C00BC0D0020C40D0020C40D0020D80D00208B
:10693C007B9F01080800000000FF580000000000C9
:10694C0000000000C39E01080000000000000000D1
:10695C00000000000000000000000000000000002B
:10696C00000000000000000000000000000000001B
:10697C00000000000000000000000000000000000B
:10698C0000000000000000000000000000000000FB
:10699C0000000000000000000000000000000000EB
:1069AC0000FF58000000000000000000C39E01081A
:1069BC0000000000000000000000000000000000CB
:1069CC0000000000000000000000000000000000BB
:1069DC0000000000000000000000000000000000AB
:1069EC00000000000000000000000000000000009B
:1069FC00000000000000000000000000000000008B
:106A0C00000000000000000000FF58000000000023
:106A1C0000000000C39E0108000000000000000000
:106A2C00000000000000000000000000000000005A
:106A3C00000000000000000000000000000000004A
:106A4C00000000000000000000000000000000003A
:106A5C00000000000000000000000000000000002A
:106A6C00000000000000000000000000000000001A
:106A7C0000FF58000000000000000000C39E010849
:106A8C0000000000000000000000000000000000FA
:106A9C0000000000000000000000000000000000EA
:106AAC0000000000000000000000000000000000DA
:106ABC0000000000000000000000000000000000CA
:106ACC0000000000000000000000000000000000BA
:106ADC00000000000000000000FF58000000000053
:106AEC0000000000C39E0108000000000000000030
:106AFC00000000000000000000000000000000008A
:106B0C000000000000000000000000000000000079
:106B1C000000000000000000000000000000000069
:106B2C000000000000000000000000000000000059
:106B3C000000000000000000000000000000000049
:106B4C0000FF58000000000000000000C39E010878
:106B5C000000000000000000000000000000000029
:106B6C000000000000000000000000000000000019
:106B7C000000000000000000000000000000000009
:106B8C0000000000000000000000000000000000F9
:106B9C0000000000000000000000000000000000E9
:106BAC00000000000000000000FF58000000000082
:106BBC0000000000C39E010800000000000000005F
:106BCC0000000000000000000000000000000000B9
:106BDC0000000000000000000000000000000000A9
:106BEC000000000000000000000000000000000099
:106BFC000000000000000000000000000000000089
:106C0C000000000000000000000000000000000078
:106C1C0000FF58000000000000000000C39E0108A7
:106C2C000000000000000000000000000000000058
:106C3C000000000000000000000000000000000048
:106C4C000000000000000000000000000000000038
:106C5C000000000000000000000000000000000028
:106C6C000000000000000000000000000000000018
:106C7C000000000000000000181100201811002076
:106C8C000100000001000000281100202811002044
:106C9C00900200003411002034110020FFFFFFFF90
:106CAC000080000044110020441100208D1A0208BD
:106CBC00215B00083D5B0008FFFFFFFF01287A65A0
:106CCC0070687972000000000000000000000000F5
:106CDC0000000000000000000000000000000000A8
:106CEC000000000000000000000000000000000098
:0E6CFC0000000000000000000000000000008A
:106D0A000000000000000000000000000000000079
:066D1A0000000000000073
:106D2000B4110020B4110020000000001021012047
:106D30000000000008000000440000000000000007
:106D4000D4110020D411002000000000F01E01200A
:106D500000000000080000004400000000000000E7
:106D60000000000020A300204C6000000000000094
:086D700000000000000000001B
:106D78000C1200200C12002000000000000000008F
:106D88000000000020120020201200200000000057
:106D9800000000000000000034120020341200201F
:106DA8000000000000000000000000004812002061
:106DB8004812002000000000000000000000000051
:106DC8005C1200205C12002000000000000000009F
:106DD8000000000070120020701200200000000067
:106DE800000000000000000084120020841200202F
:0C6DF8000000000000000000000000008F
:106E0400981200209812002001000000FFFFFFFFED
:086E1400A8120020A8120020C2
:106E1C00000000000000000000000000BC12002078
:106E2C00BC120020C4120020C4120020000000007C
:106E3C0010001000040000000000000010360208D2
:106E4C00301D0120000000000000000000000000C8
:106E5C00F0120020F0120020F8120020F81200208E
:106E6C0000000000100010000400000000000000F2
:086E7C00FC350208701301202F
:046E840015E015E020
:040000050800516D31
:00000001FF
